"Status","Start Time","Stop Time","Duration in ms","Parent Suite","Suite","Sub Suite","Test Class","Test Method","Name","Description"
"passed","Sat Sep 13 00:44:09 UTC 2025","Sat Sep 13 00:44:09 UTC 2025","463","tests.account","test_delete_cover_url","","","","test_add_cover_unauthorized",""
"passed","Sat Sep 13 01:09:08 UTC 2025","Sat Sep 13 01:09:08 UTC 2025","151","tests.cart","test_user_locale","","","","test_update_user_locale_valid_payload_1[partner-payload6]","
    Позитивный тест: Обновление языка/склада/локали авторизованным пользователем."
"skipped","Sat Sep 13 01:27:31 UTC 2025","Sat Sep 13 01:27:31 UTC 2025","0","tests.stock","test_create_stock","","","","test_create_stock_with_empty_string_log_if_not_200[address.longitude]",""
"skipped","Sat Sep 13 01:23:31 UTC 2025","Sat Sep 13 01:23:31 UTC 2025","0","tests.orders","test_group_order_change_country","","","","test_change_country_not_found_or_forbidden[authorize_partner-100-403]","Негативные тесты: изменение несуществующего заказа или без прав"
"passed","Sat Sep 13 00:56:14 UTC 2025","Sat Sep 13 00:56:15 UTC 2025","638","tests.admin_panel.promo","test_72_create_promotion","","","","test_create_promotion_invalid_data[payload6-400]","Негативные тесты: невалидные данные"
"skipped","Sat Sep 13 00:44:10 UTC 2025","Sat Sep 13 00:44:10 UTC 2025","0","tests.account","test_history","","","","test_get_history_positive[client-payload1]","Позитивные тесты на получение истории аккаунта"
"passed","Sat Sep 13 00:51:31 UTC 2025","Sat Sep 13 00:51:32 UTC 2025","1739","tests.admin_panel.items","test_update_item","","","","test_update_item_forbidden[client]","Негативный тест: попытка обновления item не-админом."
"skipped","Sat Sep 13 01:38:28 UTC 2025","Sat Sep 13 01:38:28 UTC 2025","0","tests.tickets","test_04_create_ticket","","","","test_create_ticket_invalid_attachment[client]","Негативный тест: попытка загрузки вложения с некорректными данными"
"passed","Sat Sep 13 01:27:58 UTC 2025","Sat Sep 13 01:27:58 UTC 2025","168","tests.stock","test_get_stock_by_id","","","","test_get_stock_by_id[admin]","Запрос склада по ID"
"passed","Sat Sep 13 01:12:59 UTC 2025","Sat Sep 13 01:13:04 UTC 2025","5379","tests.catalog","test_get_admin_product_translation","","","","test_get_admin_product_translation_success","Проверка успешного получения одного перевода продукта."
"passed","Sat Sep 13 00:59:41 UTC 2025","Sat Sep 13 00:59:41 UTC 2025","658","tests.admin_panel.sliders","test_52_create_slider","","","","test_create_slider_invalid_payload[payload11-422]","Негативный тест: попытка создать слайдер с невалидным payload."
"skipped","Sat Sep 13 01:39:52 UTC 2025","Sat Sep 13 01:39:55 UTC 2025","2859","tests.tickets","test_10_send_message_to_ticket","","","","test_send_message_role_permissions[authorize_partner-authorize_client-403]","Проверка доступа к отправке сообщений в тикеты в зависимости от роли"
"skipped","Sat Sep 13 01:38:57 UTC 2025","Sat Sep 13 01:38:58 UTC 2025","1268","tests.tickets","test_06_close_ticket","","","","test_close_tickets_negative[admin-ticket_ids1-400]","Негативные тесты: закрытие с некорректными данными"
"passed","Sat Sep 13 01:35:43 UTC 2025","Sat Sep 13 01:35:44 UTC 2025","1178","tests.tickets","test_04_create_ticket","","","","test_create_ticket_success[partner-attachments2-QuestionsAboutTheHousingAndCarProgram]","Позитивный тест: создание тикета с разными темами и вложениями для клиента, партнера и админа"
"passed","Sat Sep 13 00:57:40 UTC 2025","Sat Sep 13 00:57:40 UTC 2025","460","tests.admin_panel.promo","test_75_delete_promotion_by_id","","","","test_delete_promotion_unauthorized","Негативный тест: попытка удаления акции без авторизации."
"skipped","Sat Sep 13 00:44:10 UTC 2025","Sat Sep 13 00:44:10 UTC 2025","0","tests.account","test_pass_change","","","","test_change_password_positive[partner-payload0]","Позитивные тесты на изменение пароля"
"passed","Sat Sep 13 01:25:46 UTC 2025","Sat Sep 13 01:25:46 UTC 2025","175","tests.statistic","test_team_go","","","","test_get_team_go_statistic_positive[payload3-partner]","Позитивный тест: получение статистики по команде с валидным телом запроса"
"skipped","Sat Sep 13 01:24:57 UTC 2025","Sat Sep 13 01:24:57 UTC 2025","164","tests.statistic","test_team_activations","","","","test_get_team_activation_statistic_negative[payload1-client]","Негативный тест: ошибка при получении статистики активации команды с невалидным телом запроса"
"skipped","Sat Sep 13 01:27:31 UTC 2025","Sat Sep 13 01:27:31 UTC 2025","0","tests.stock","test_create_stock","","","","test_create_stock_with_empty_string_log_if_not_200[address.street]",""
"skipped","Sat Sep 13 00:44:55 UTC 2025","Sat Sep 13 00:44:55 UTC 2025","0","tests.admin_panel","test_accrue_presidential_pool","","","","test_accrue_presidential_pool_for_partner",""
"passed","Sat Sep 13 01:27:11 UTC 2025","Sat Sep 13 01:27:11 UTC 2025","153","tests.statistic","test_team_registrations","","","","test_get_team_registration_statistic_negative[payload4-admin]","Негативный тест: ошибка при получении статистики регистрации команды с невалидным телом запроса"
"passed","Sat Sep 13 01:36:25 UTC 2025","Sat Sep 13 01:36:26 UTC 2025","598","tests.tickets","test_04_create_ticket","","","","test_create_ticket_success[admin-attachments0-QuestionsAboutProducts]","Позитивный тест: создание тикета с разными темами и вложениями для клиента, партнера и админа"
"passed","Sat Sep 13 01:26:26 UTC 2025","Sat Sep 13 01:26:26 UTC 2025","165","tests.statistic","test_team_registrations","","","","test_get_team_registration_statistic_positive[payload0-client]","Позитивный тест: получение статистики по регистрации команды с валидным телом запроса"
"passed","Sat Sep 13 01:28:45 UTC 2025","Sat Sep 13 01:28:45 UTC 2025","183","tests.tickets","test_01_get_tickets","","","","test_get_tickets_success[filter0-sort0-search0-pagination0-admin]","Позитивный тест: получение списка тикетов с разными комбинациями параметров"
"passed","Sat Sep 13 00:50:38 UTC 2025","Sat Sep 13 00:50:38 UTC 2025","465","tests.admin_panel.items","test_delete_item_translation","","","","test_delete_item_translation_unauthorized","Негативный тест: удаление перевода без авторизации."
"skipped","Sat Sep 13 00:52:12 UTC 2025","Sat Sep 13 00:52:12 UTC 2025","0","tests.admin_panel.products","test_01_create_product_group","","","","test_create_product_group_with_duplicate_items","Негативный тест: попытка создать продукт группы с одинаковыми items."
"passed","Sat Sep 13 01:00:21 UTC 2025","Sat Sep 13 01:00:22 UTC 2025","682","tests.admin_panel.sliders","test_54_update_slider","","","","test_update_slider_invalid_id[9999999]","Негативный тест: несуществующий или некорректный ID."
"skipped","Sat Sep 13 01:23:17 UTC 2025","Sat Sep 13 01:23:17 UTC 2025","146","tests.orders","test_group_order_change_country","","","","test_change_country_invalid_data[invalid_payload0-partner]","Негативные тесты: передача некорректных данных"
"passed","Sat Sep 13 00:53:57 UTC 2025","Sat Sep 13 00:53:58 UTC 2025","626","tests.admin_panel.products","test_41_get_product_brand_by_id","","","","test_get_product_brand_invalid_id[-1]","Негативный тест: получение бренда по невалидному ID"
"passed","Sat Sep 13 00:53:14 UTC 2025","Sat Sep 13 00:53:15 UTC 2025","1093","tests.admin_panel.products","test_39_get_product_brands","","","","test_get_product_brands_after_adding","Интеграционный тест: добавление бренда и проверка его наличия в списке по ID."
"passed","Sat Sep 13 01:34:15 UTC 2025","Sat Sep 13 01:34:17 UTC 2025","1202","tests.tickets","test_04_create_ticket","","","","test_create_ticket_success[client-attachments2-QuestionsAboutTheRewardSystemMarketingPlan]","Позитивный тест: создание тикета с разными темами и вложениями для клиента, партнера и админа"
"passed","Sat Sep 13 01:35:04 UTC 2025","Sat Sep 13 01:35:05 UTC 2025","1346","tests.tickets","test_04_create_ticket","","","","test_create_ticket_success[partner-attachments1-QuestionsAboutTheHousingAndCarProgram]","Позитивный тест: создание тикета с разными темами и вложениями для клиента, партнера и админа"
"skipped","Sat Sep 13 01:23:49 UTC 2025","Sat Sep 13 01:23:49 UTC 2025","169","tests.register","test_01_register_form","","","","test_register_form_negative[partner-payload0-400]",""
"passed","Sat Sep 13 01:10:25 UTC 2025","Sat Sep 13 01:10:26 UTC 2025","870","tests.catalog","test_create_admin_product","","","","test_create_product_invalid_payload[payload3-400]",""
"passed","Sat Sep 13 01:28:46 UTC 2025","Sat Sep 13 01:28:47 UTC 2025","180","tests.tickets","test_01_get_tickets","","","","test_get_tickets_success[filter0-sort0-search0-pagination1-client]","Позитивный тест: получение списка тикетов с разными комбинациями параметров"
"passed","Sat Sep 13 01:05:02 UTC 2025","Sat Sep 13 01:05:05 UTC 2025","2415","tests.admin_panel.slides","test_61_upload_slides_images","","","","test_upload_slide_images_file_too_large[5.3-fields_to_send5-400]","Негативный тест: загрузка слишком большого изображения."
"passed","Sat Sep 13 01:32:17 UTC 2025","Sat Sep 13 01:32:17 UTC 2025","159","tests.tickets","test_01_get_tickets","","","","test_get_tickets_invalid_filter[invalid_filter1-400-partner]","Негативный тест: передаем некорректные параметры фильтрации"
"skipped","Sat Sep 13 01:23:44 UTC 2025","Sat Sep 13 01:23:44 UTC 2025","163","tests.register","test_01_register_form","","","","test_register_form_negative[client-payload1-400]",""
"passed","Sat Sep 13 01:10:29 UTC 2025","Sat Sep 13 01:10:29 UTC 2025","875","tests.catalog","test_create_admin_product","","","","test_create_product_invalid_payload[payload5-422]",""
"passed","Sat Sep 13 01:14:10 UTC 2025","Sat Sep 13 01:14:15 UTC 2025","4990","tests.catalog","test_update_admin_product","","","","test_update_admin_product_forbidden[client]",""
"passed","Sat Sep 13 01:31:01 UTC 2025","Sat Sep 13 01:31:02 UTC 2025","182","tests.tickets","test_01_get_tickets","","","","test_get_tickets_success[filter2-sort0-search1-pagination0-admin]","Позитивный тест: получение списка тикетов с разными комбинациями параметров"
"passed","Sat Sep 13 01:07:45 UTC 2025","Sat Sep 13 01:07:45 UTC 2025","333","tests.cart","test_get_delivery_cost","","","","test_get_delivery_cost_success_partial_payload[partner-payload0-400]","Позитивный тест: успешное получение ТК при неполном наборе (город без региона, без ID и т.п.)"
"passed","Sat Sep 13 01:30:19 UTC 2025","Sat Sep 13 01:30:20 UTC 2025","190","tests.tickets","test_01_get_tickets","","","","test_get_tickets_success[filter1-sort1-search0-pagination0-admin]","Позитивный тест: получение списка тикетов с разными комбинациями параметров"
"passed","Sat Sep 13 01:30:51 UTC 2025","Sat Sep 13 01:30:51 UTC 2025","184","tests.tickets","test_01_get_tickets","","","","test_get_tickets_success[filter2-sort0-search0-pagination0-admin]","Позитивный тест: получение списка тикетов с разными комбинациями параметров"
"skipped","Sat Sep 13 00:44:55 UTC 2025","Sat Sep 13 00:44:55 UTC 2025","0","tests.admin_panel","test_accrue_gold_pro_gift","","","","test_accrue_gold_pro_gift_invalid_payload[payload0-400]",""
"passed","Sat Sep 13 01:21:47 UTC 2025","Sat Sep 13 01:21:49 UTC 2025","1719","tests.one_c","test_create_1c_stock","","","","test_post_boxes_processing_remove_unmentioned",""
"passed","Sat Sep 13 00:44:42 UTC 2025","Sat Sep 13 00:44:42 UTC 2025","158","tests.admin_panel","test_accrue_auto_bonus","","","","test_accrue_auto_bonus_forbidden[client]",""
"passed","Sat Sep 13 00:59:15 UTC 2025","Sat Sep 13 00:59:16 UTC 2025","878","tests.admin_panel.sliders","test_52_create_slider","","","","test_create_slider_success","Позитивный тест: успешное создание слайдера (все поля)."
"passed","Sat Sep 13 01:26:34 UTC 2025","Sat Sep 13 01:26:35 UTC 2025","165","tests.statistic","test_team_registrations","","","","test_get_team_registration_statistic_positive[payload1-admin]","Позитивный тест: получение статистики по регистрации команды с валидным телом запроса"
"passed","Sat Sep 13 00:47:05 UTC 2025","Sat Sep 13 00:47:06 UTC 2025","705","tests.admin_panel.categories","test_56_v2_create_category","","","","test_v2_create_category_invalid_payload[payload4-422]","Негативный тест: создание категории с невалидным телом запроса."
"passed","Sat Sep 13 01:28:50 UTC 2025","Sat Sep 13 01:28:50 UTC 2025","178","tests.tickets","test_01_get_tickets","","","","test_get_tickets_success[filter0-sort0-search0-pagination1-admin]","Позитивный тест: получение списка тикетов с разными комбинациями параметров"
"passed","Sat Sep 13 01:31:49 UTC 2025","Sat Sep 13 01:31:49 UTC 2025","188","tests.tickets","test_01_get_tickets","","","","test_get_tickets_success[filter2-sort1-search2-pagination1-admin]","Позитивный тест: получение списка тикетов с разными комбинациями параметров"
"passed","Sat Sep 13 00:45:37 UTC 2025","Sat Sep 13 00:45:38 UTC 2025","686","tests.admin_panel.categories","test_47_get_categories_by_id","","","","test_get_category_not_found","Негативный тест: категория не найдена (несуществующий ID)."
"skipped","Sat Sep 13 00:52:12 UTC 2025","Sat Sep 13 00:52:12 UTC 2025","0","tests.admin_panel.products","test_01_delete_product_group","","","","test_delete_product_group_forbidden[partner]","Негативный тест: попытка удаления продукт группы не-админом."
"passed","Sat Sep 13 01:29:09 UTC 2025","Sat Sep 13 01:29:09 UTC 2025","181","tests.tickets","test_01_get_tickets","","","","test_get_tickets_success[filter0-sort0-search2-pagination1-partner]","Позитивный тест: получение списка тикетов с разными комбинациями параметров"
"passed","Sat Sep 13 01:03:37 UTC 2025","Sat Sep 13 01:03:38 UTC 2025","1026","tests.admin_panel.slides","test_59_update_slide","","","","test_update_slide_invalid_payload[payload11-400]","Негативный тест: обновление слайда с невалидным или неполным телом запроса."
"failed","Sat Sep 13 00:46:26 UTC 2025","Sat Sep 13 00:46:28 UTC 2025","1627","tests.admin_panel.categories","test_50_upload_category_images","","","","test_upload_category_images_invalid_format[valid.webp-image/webp-204]","Негативный тест: загрузка изображений в неверном формате (например, .txt)."
"passed","Sat Sep 13 01:08:46 UTC 2025","Sat Sep 13 01:08:48 UTC 2025","2122","tests.cart","test_user_locale","","","","test_update_user_locale_valid_payload_1[client-payload5]","
    Позитивный тест: Обновление языка/склада/локали авторизованным пользователем."
"passed","Sat Sep 13 00:59:32 UTC 2025","Sat Sep 13 00:59:33 UTC 2025","704","tests.admin_panel.sliders","test_52_create_slider","","","","test_create_slider_invalid_payload[payload6-400]","Негативный тест: попытка создать слайдер с невалидным payload."
"passed","Sat Sep 13 00:53:27 UTC 2025","Sat Sep 13 00:53:27 UTC 2025","682","tests.admin_panel.products","test_40_create_product_brand","","","","test_create_product_brand_invalid_payload[payload2-expected_codes2]","Негативные кейсы: невалидные поля при создании бренда."
"passed","Sat Sep 13 01:27:28 UTC 2025","Sat Sep 13 01:27:28 UTC 2025","445","tests.stock","test_create_stock","","","","test_create_stock_unauthorized",""
"passed","Sat Sep 13 01:21:57 UTC 2025","Sat Sep 13 01:21:59 UTC 2025","1883","tests.one_c","test_create_1c_stock","","","","test_flags_is_enabled_can_group_order_roundtrip",""
"skipped","Sat Sep 13 00:44:10 UTC 2025","Sat Sep 13 00:44:10 UTC 2025","0","tests.account","test_token","","","","test_add_token_positive[partner-payload0]","Позитивные тесты на добавление токена"
"passed","Sat Sep 13 01:05:45 UTC 2025","Sat Sep 13 01:05:46 UTC 2025","1255","tests.admin_panel.slides","test_62_slides_get_upload_urls","","","","test_get_upload_urls_invalid_files[data1-400]","Негативный тест: пустой список файлов, отсутствие 'filenames' в теле запроса."
"passed","Sat Sep 13 00:58:28 UTC 2025","Sat Sep 13 00:58:29 UTC 2025","1130","tests.admin_panel.promo","test_77_create_promotion_item","","","","test_create_promotion_item_invalid_payload[payload4-422]",""
"passed","Sat Sep 13 00:45:30 UTC 2025","Sat Sep 13 00:45:31 UTC 2025","688","tests.admin_panel.categories","test_47_get_categories_by_id","","","","test_get_categories_invalid_id[0]","Негативный тест: получение категории по невалидному ID."
"skipped","Sat Sep 13 00:43:01 UTC 2025","Sat Sep 13 00:43:01 UTC 2025","0","tests.account","test_0_marathon","","","","test_create_product_brand_invalid_payload[params3-400-admin]",""
"passed","Sat Sep 13 01:02:28 UTC 2025","Sat Sep 13 01:02:29 UTC 2025","663","tests.admin_panel.slides","test_57_create_slide","","","","test_create_slide_title_color_validation[#FFFFF-400]","Валидация поля title_color при создании слайда."
"passed","Sat Sep 13 01:30:28 UTC 2025","Sat Sep 13 01:30:28 UTC 2025","182","tests.tickets","test_01_get_tickets","","","","test_get_tickets_success[filter1-sort1-search1-pagination0-partner]","Позитивный тест: получение списка тикетов с разными комбинациями параметров"
"passed","Sat Sep 13 00:48:23 UTC 2025","Sat Sep 13 00:48:24 UTC 2025","1584","tests.admin_panel.categories","test_80_create_category_translation","","","","test_create_category_translation_success[ka]","Позитивный тест: создание/обновление перевода категории для разных языков."
"passed","Sat Sep 13 00:46:01 UTC 2025","Sat Sep 13 00:46:01 UTC 2025","152","tests.admin_panel.categories","test_50_upload_category_images","","","","test_upload_category_images_forbidden[client]","Негативный тест: неадмин не может загрузить изображения категории."
"passed","Sat Sep 13 01:04:21 UTC 2025","Sat Sep 13 01:04:21 UTC 2025","157","tests.admin_panel.slides","test_61_upload_slides_images","","","","test_upload_slide_images_forbidden[client]","Негативный тест: неадмин не может загрузить изображения слайда."
"passed","Sat Sep 13 00:45:19 UTC 2025","Sat Sep 13 00:45:20 UTC 2025","1080","tests.admin_panel.categories","test_47_get_categories_by_id","","","","test_get_categories_by_id_success","Позитивный тест: успешное получение категории по ID админом."
"passed","Sat Sep 13 01:25:35 UTC 2025","Sat Sep 13 01:25:35 UTC 2025","167","tests.statistic","test_team_go","","","","test_get_team_go_statistic_positive[payload1-partner]","Позитивный тест: получение статистики по команде с валидным телом запроса"
"passed","Sat Sep 13 01:30:37 UTC 2025","Sat Sep 13 01:30:37 UTC 2025","185","tests.tickets","test_01_get_tickets","","","","test_get_tickets_success[filter1-sort1-search2-pagination0-client]","Позитивный тест: получение списка тикетов с разными комбинациями параметров"
"passed","Sat Sep 13 01:13:59 UTC 2025","Sat Sep 13 01:14:04 UTC 2025","5768","tests.catalog","test_update_admin_product","","","","test_update_admin_product_duplicate_slug",""
"passed","Sat Sep 13 00:50:18 UTC 2025","Sat Sep 13 00:50:19 UTC 2025","706","tests.admin_panel.items","test_create_item_translation","","","","test_create_item_translation_invalid_payload[payload1-code1]","Негативный тест: создание перевода с невалидным payload."
"skipped","Sat Sep 13 01:38:59 UTC 2025","Sat Sep 13 01:39:01 UTC 2025","1280","tests.tickets","test_06_close_ticket","","","","test_close_tickets_negative[admin-None-400]","Негативные тесты: закрытие с некорректными данными"
"passed","Sat Sep 13 01:26:50 UTC 2025","Sat Sep 13 01:26:50 UTC 2025","160","tests.statistic","test_team_registrations","","","","test_get_team_registration_statistic_negative[payload0-admin]","Негативный тест: ошибка при получении статистики регистрации команды с невалидным телом запроса"
"passed","Sat Sep 13 00:56:52 UTC 2025","Sat Sep 13 00:56:52 UTC 2025","460","tests.admin_panel.promo","test_73_get_promotion_by_id","","","","test_get_promotions_unauthorized","Негативный тест: без авторизации."
"passed","Sat Sep 13 01:08:42 UTC 2025","Sat Sep 13 01:08:45 UTC 2025","2300","tests.cart","test_user_locale","","","","test_update_user_locale_valid_payload_1[client-payload4]","
    Позитивный тест: Обновление языка/склада/локали авторизованным пользователем."
"skipped","Sat Sep 13 00:43:01 UTC 2025","Sat Sep 13 00:43:01 UTC 2025","0","tests.account","test_0_marathon","","","","test_create_product_brand_invalid_payload[params1-400-admin]",""
"passed","Sat Sep 13 00:57:11 UTC 2025","Sat Sep 13 00:57:12 UTC 2025","1040","tests.admin_panel.promo","test_74_update_promotion","","","","test_update_promotion_invalid_payload[payload0-400]","Негативный тест: обновление акции с невалидным или неполным телом запроса."
"passed","Sat Sep 13 01:31:26 UTC 2025","Sat Sep 13 01:31:26 UTC 2025","173","tests.tickets","test_01_get_tickets","","","","test_get_tickets_success[filter2-sort1-search0-pagination1-partner]","Позитивный тест: получение списка тикетов с разными комбинациями параметров"
"passed","Sat Sep 13 01:33:26 UTC 2025","Sat Sep 13 01:33:27 UTC 2025","1353","tests.tickets","test_04_create_ticket","","","","test_create_ticket_success[client-attachments1-QuestionsAboutInternationalDelivery]","Позитивный тест: создание тикета с разными темами и вложениями для клиента, партнера и админа"
"passed","Sat Sep 13 00:52:23 UTC 2025","Sat Sep 13 00:52:25 UTC 2025","2683","tests.admin_panel.products","test_01_recommended_products_sort","","","","test_sort_recommendations_no_rights[partner]","Пользователь без прав пытается отсортировать рекомендации"
"skipped","Sat Sep 13 00:44:10 UTC 2025","Sat Sep 13 00:44:10 UTC 2025","0","tests.account","test_token_revoke","","","","test_revoke_token_positive[partner-payload0]","Позитивные тесты на удаление токена"
"skipped","Sat Sep 13 00:44:10 UTC 2025","Sat Sep 13 00:44:10 UTC 2025","0","tests.account","test_history_personal_volumes_admin","","","","test_get_personal_volumes_history_admin_positive[partner-payload0]","Позитивные тесты на получение истории начисления личных объемов для админа"
"skipped","Sat Sep 13 00:44:10 UTC 2025","Sat Sep 13 00:44:10 UTC 2025","0","tests.account","test_history_group_volumes_admin","","","","test_get_group_volumes_history_admin_positive[admin-payload0]","Позитивные тесты на получение истории начисления групповых объемов для админа"
"passed","Sat Sep 13 01:40:14 UTC 2025","Sat Sep 13 01:40:15 UTC 2025","947","tests.tickets","test_11_update_message","","","","test_update_message_validation[partner-update_payload1-403]","Негативные тесты: невалидные поля при редактировании сообщения"
"passed","Sat Sep 13 01:32:22 UTC 2025","Sat Sep 13 01:32:22 UTC 2025","159","tests.tickets","test_01_get_tickets","","","","test_get_tickets_invalid_filter[invalid_filter3-400-client]","Негативный тест: передаем некорректные параметры фильтрации"
"passed","Sat Sep 13 00:57:13 UTC 2025","Sat Sep 13 00:57:14 UTC 2025","1031","tests.admin_panel.promo","test_74_update_promotion","","","","test_update_promotion_invalid_payload[payload1-400]","Негативный тест: обновление акции с невалидным или неполным телом запроса."
"passed","Sat Sep 13 01:37:49 UTC 2025","Sat Sep 13 01:37:50 UTC 2025","1200","tests.tickets","test_04_create_ticket","","","","test_create_ticket_success[admin-attachments2-ReceivingDefectiveProductsOrShortage]","Позитивный тест: создание тикета с разными темами и вложениями для клиента, партнера и админа"
"passed","Sat Sep 13 01:37:38 UTC 2025","Sat Sep 13 01:37:39 UTC 2025","1163","tests.tickets","test_04_create_ticket","","","","test_create_ticket_success[admin-attachments2-QuestionsAboutTheMarriageContract]","Позитивный тест: создание тикета с разными темами и вложениями для клиента, партнера и админа"
"passed","Sat Sep 13 01:01:03 UTC 2025","Sat Sep 13 01:01:04 UTC 2025","688","tests.admin_panel.sliders","test_55_delete_sliders","","","","test_delete_slider_invalid_id[9999999]","Негативный тест: удаление несуществующего или некорректного слайдера."
"passed","Sat Sep 13 01:02:35 UTC 2025","Sat Sep 13 01:02:35 UTC 2025","684","tests.admin_panel.slides","test_57_create_slide","","","","test_create_slide_title_color_validation[#1234567-400]","Валидация поля title_color при создании слайда."
"passed","Sat Sep 13 01:31:59 UTC 2025","Sat Sep 13 01:31:59 UTC 2025","159","tests.tickets","test_01_get_tickets","","","","test_get_tickets_invalid_pagination[invalid_pagination1-partner]","Негативный тест: передаем некорректные значения в pagination"
"skipped","Sat Sep 13 01:27:31 UTC 2025","Sat Sep 13 01:27:31 UTC 2025","0","tests.stock","test_create_stock","","","","test_create_stock_with_empty_string_log_if_not_200[address.entrance]",""
"passed","Sat Sep 13 00:49:47 UTC 2025","Sat Sep 13 00:49:49 UTC 2025","2485","tests.admin_panel.items","test_create_item_translation","","","","test_create_item_translation_success[kk]",""
"skipped","Sat Sep 13 00:43:01 UTC 2025","Sat Sep 13 00:43:01 UTC 2025","0","tests.account","test_0_marathon","","","","test_create_product_brand_invalid_payload[params2-400-admin]",""
"passed","Sat Sep 13 00:45:29 UTC 2025","Sat Sep 13 00:45:29 UTC 2025","629","tests.admin_panel.categories","test_47_get_categories_by_id","","","","test_get_categories_invalid_id[-1]","Негативный тест: получение категории по невалидному ID."
"passed","Sat Sep 13 01:32:44 UTC 2025","Sat Sep 13 01:32:45 UTC 2025","663","tests.tickets","test_02_get_ticket_by_id","","","","test_get_ticket_not_found[99999999]","Негативный тест: тикет с указанным ID не найден."
"skipped","Sat Sep 13 00:44:10 UTC 2025","Sat Sep 13 00:44:10 UTC 2025","0","tests.account","test_family_agreement_create_three","","","","test_create_family_agreement_three_positive[client-payload1]","Позитивные тесты на создание семейного соглашения при аннулировании второго партнера"
"skipped","Sat Sep 13 00:44:10 UTC 2025","Sat Sep 13 00:44:10 UTC 2025","0","tests.account","test_list_csv","","","","test_get_account_list_csv_positive[partner-payload1]","Позитивные тесты на выгрузку структуры партнеров в CSV"
"passed","Sat Sep 13 01:01:13 UTC 2025","Sat Sep 13 01:01:14 UTC 2025","665","tests.admin_panel.slides","test_0_slides_sort","","","","test_slides_sort_invalid_id[0]","Негативный тест: невалидный path parameter."
"passed","Sat Sep 13 01:40:04 UTC 2025","Sat Sep 13 01:40:05 UTC 2025","445","tests.tickets","test_10_send_message_to_ticket","","","","test_send_message_unauthorized","Проверка отправки сообщений без авторизации"
"skipped","Sat Sep 13 00:44:10 UTC 2025","Sat Sep 13 00:44:10 UTC 2025","0","tests.account","test_pass_change","","","","test_change_password_positive[partner-payload1]","Позитивные тесты на изменение пароля"
"passed","Sat Sep 13 00:42:57 UTC 2025","Sat Sep 13 00:42:57 UTC 2025","158","tests.account","test_0_grades_rating","","","","test_get_grades_rating_positive[client]","Позитивные тесты на получение рейтинга квалификаций"
"passed","Sat Sep 13 01:03:01 UTC 2025","Sat Sep 13 01:03:02 UTC 2025","460","tests.admin_panel.slides","test_59_update_slide","","","","test_update_slide_unauthorized","Негативный тест: попытка обновления слайда без авторизации."
"passed","Sat Sep 13 00:50:40 UTC 2025","Sat Sep 13 00:50:43 UTC 2025","2687","tests.admin_panel.items","test_delete_item_translation","","","","test_delete_item_translation_forbidden[client]","Негативный тест: удаление перевода не-админом запрещено."
"passed","Sat Sep 13 01:23:09 UTC 2025","Sat Sep 13 01:23:09 UTC 2025","158","tests.orders","test_create_order_by_delivery_address","","","","test_create_order_invalid_data[invalid_payload1-client]","Негативные тесты: создание заказа с некорректными данными"
"passed","Sat Sep 13 01:17:18 UTC 2025","Sat Sep 13 01:17:19 UTC 2025","165","tests.delivery","test_01_save_delivery_address","","","","test_save_delivery_address_negative[partner-payload9-500]","Негативные тесты на сохранение адреса доставки"
"passed","Sat Sep 13 00:54:34 UTC 2025","Sat Sep 13 00:54:35 UTC 2025","999","tests.admin_panel.products","test_42_update_product_brand","","","","test_update_product_brand_invalid_payload[payload5-422]","Негативный тест: обновление бренда с невалидным или неполным телом запроса."
"skipped","Sat Sep 13 01:27:36 UTC 2025","Sat Sep 13 01:27:37 UTC 2025","640","tests.stock","test_delete_stock","","","","test_delete_stock_invalid_id[abc]",""
"skipped","Sat Sep 13 00:44:10 UTC 2025","Sat Sep 13 00:44:10 UTC 2025","1","tests.account","test_family_agreement_create_three","","","","test_create_family_agreement_three_positive[partner-payload1]","Позитивные тесты на создание семейного соглашения при аннулировании второго партнера"
"passed","Sat Sep 13 01:39:44 UTC 2025","Sat Sep 13 01:39:47 UTC 2025","2799","tests.tickets","test_10_send_message_to_ticket","","","","test_send_message_role_permissions[authorize_client-authorize_admin-200]","Проверка доступа к отправке сообщений в тикеты в зависимости от роли"
"passed","Sat Sep 13 00:46:24 UTC 2025","Sat Sep 13 00:46:25 UTC 2025","1197","tests.admin_panel.categories","test_50_upload_category_images","","","","test_upload_category_images_invalid_format[valid.jpg-image/jpeg-204]","Негативный тест: загрузка изображений в неверном формате (например, .txt)."
"passed","Sat Sep 13 00:54:09 UTC 2025","Sat Sep 13 00:54:10 UTC 2025","1072","tests.admin_panel.products","test_42_update_product_brand","","","","test_update_product_brand_success","Позитивный тест: успешное обновление бренда (все поля)."
"passed","Sat Sep 13 01:37:54 UTC 2025","Sat Sep 13 01:37:56 UTC 2025","1217","tests.tickets","test_04_create_ticket","","","","test_create_ticket_success[admin-attachments2-ReceivingProductsShortage]","Позитивный тест: создание тикета с разными темами и вложениями для клиента, партнера и админа"
"passed","Sat Sep 13 01:31:28 UTC 2025","Sat Sep 13 01:31:28 UTC 2025","178","tests.tickets","test_01_get_tickets","","","","test_get_tickets_success[filter2-sort1-search0-pagination1-admin]","Позитивный тест: получение списка тикетов с разными комбинациями параметров"
"passed","Sat Sep 13 00:54:38 UTC 2025","Sat Sep 13 00:54:39 UTC 2025","1037","tests.admin_panel.products","test_42_update_product_brand","","","","test_update_product_brand_invalid_payload[payload7-422]","Негативный тест: обновление бренда с невалидным или неполным телом запроса."
"passed","Sat Sep 13 01:01:12 UTC 2025","Sat Sep 13 01:01:12 UTC 2025","634","tests.admin_panel.slides","test_0_slides_sort","","","","test_slides_sort_invalid_id[-1]","Негативный тест: невалидный path parameter."
"skipped","Sat Sep 13 00:44:10 UTC 2025","Sat Sep 13 00:44:10 UTC 2025","0","tests.account","test_list_csv","","","","test_get_account_list_csv_positive[client-payload1]","Позитивные тесты на выгрузку структуры партнеров в CSV"
"passed","Sat Sep 13 00:49:06 UTC 2025","Sat Sep 13 00:49:06 UTC 2025","673","tests.admin_panel.categories","test_81_delete_category_translation","","","","test_delete_category_translation_invalid_id[abc]","Негативный тест: удаление перевода с невалидным ID категории."
"passed","Sat Sep 13 01:18:59 UTC 2025","Sat Sep 13 01:18:59 UTC 2025","158","tests.delivery","test_03_delete_delivery_address","","","","test_delete_delivery_address_invalid_id[abc-partner]","Негатив: удаление адреса с некорректным ID"
"passed","Sat Sep 13 00:57:23 UTC 2025","Sat Sep 13 00:57:24 UTC 2025","1032","tests.admin_panel.promo","test_74_update_promotion","","","","test_update_promotion_invalid_payload[payload6-400]","Негативный тест: обновление акции с невалидным или неполным телом запроса."
"passed","Sat Sep 13 00:42:51 UTC 2025","Sat Sep 13 00:42:51 UTC 2025","154","tests.account","test_0_funds_transfer_withdrawal_info","","","","test_get_withdrawal_info_positive[client-403]","Позитивные тесты на получение информации о выводе средств"
"passed","Sat Sep 13 01:32:08 UTC 2025","Sat Sep 13 01:32:08 UTC 2025","158","tests.tickets","test_01_get_tickets","","","","test_get_tickets_invalid_search[invalid_search2-400-client]","Негативный тест: передаем некорректные параметры поиска"
"passed","Sat Sep 13 00:44:44 UTC 2025","Sat Sep 13 00:44:44 UTC 2025","160","tests.admin_panel","test_accrue_auto_bonus","","","","test_accrue_auto_bonus_forbidden[partner]",""
"skipped","Sat Sep 13 00:44:10 UTC 2025","Sat Sep 13 00:44:10 UTC 2025","0","tests.account","test_family_agreement_create_one","","","","test_create_family_agreement_one_positive[client-payload0]","Позитивные тесты на создание семейного соглашения при отсутствующем втором партнере"
"passed","Sat Sep 13 01:24:33 UTC 2025","Sat Sep 13 01:24:33 UTC 2025","166","tests.statistic","test_team_activations","","","","test_get_team_activation_statistic_positive[payload0-partner]","Позитивный тест: получение статистики по активации команды с валидным телом запроса"
"passed","Sat Sep 13 00:48:47 UTC 2025","Sat Sep 13 00:48:49 UTC 2025","2288","tests.admin_panel.categories","test_80_create_category_translation","","","","test_category_translation_update_duplicate_lang_code","Позитивный тест: обновление перевода при повторной отправке с тем же lang_code."
"skipped","Sat Sep 13 00:44:40 UTC 2025","Sat Sep 13 00:44:40 UTC 2025","742","tests.admin_panel","test_accrue_auto_bonus","","","","test_accrue_auto_bonus_for_client",""
"skipped","Sat Sep 13 01:38:55 UTC 2025","Sat Sep 13 01:38:56 UTC 2025","1226","tests.tickets","test_06_close_ticket","","","","test_close_tickets_negative[admin-ticket_ids0-400]","Негативные тесты: закрытие с некорректными данными"
"passed","Sat Sep 13 01:40:06 UTC 2025","Sat Sep 13 01:40:07 UTC 2025","960","tests.tickets","test_11_update_message","","","","test_update_message_validation[client-update_payload0-403]","Негативные тесты: невалидные поля при редактировании сообщения"
"passed","Sat Sep 13 01:09:18 UTC 2025","Sat Sep 13 01:09:18 UTC 2025","157","tests.cart","test_user_locale","","","","test_update_user_locale_invalid_payload[client-payload3-400]","Негативный тест: обновление локали с невалидным payload."
"skipped","Sat Sep 13 00:44:40 UTC 2025","Sat Sep 13 00:44:40 UTC 2025","0","tests.account","test_update_default_stock","","","","test_update_default_stock_positive[client-payload0]","Позитивные тесты на изменение дефолтного склада"
"passed","Sat Sep 13 01:26:38 UTC 2025","Sat Sep 13 01:26:38 UTC 2025","172","tests.statistic","test_team_registrations","","","","test_get_team_registration_statistic_positive[payload2-partner]","Позитивный тест: получение статистики по регистрации команды с валидным телом запроса"
"skipped","Sat Sep 13 01:27:31 UTC 2025","Sat Sep 13 01:27:31 UTC 2025","0","tests.stock","test_create_stock","","","","test_create_stock_with_empty_string_log_if_not_200[postcode]",""
"passed","Sat Sep 13 00:54:32 UTC 2025","Sat Sep 13 00:54:33 UTC 2025","1046","tests.admin_panel.products","test_42_update_product_brand","","","","test_update_product_brand_invalid_payload[payload4-expected_code4]","Негативный тест: обновление бренда с невалидным или неполным телом запроса."
"skipped","Sat Sep 13 00:44:10 UTC 2025","Sat Sep 13 00:44:10 UTC 2025","0","tests.account","test_token_revoke","","","","test_revoke_token_positive[client-payload1]","Позитивные тесты на удаление токена"
"passed","Sat Sep 13 01:11:50 UTC 2025","Sat Sep 13 01:11:55 UTC 2025","4869","tests.catalog","test_create_admin_product_translation","","","","test_create_admin_product_translation_forbidden[client]","Проверка запрета на создание перевода продукта не-админом."
"passed","Sat Sep 13 01:34:29 UTC 2025","Sat Sep 13 01:34:31 UTC 2025","1177","tests.tickets","test_04_create_ticket","","","","test_create_ticket_success[client-attachments2-ReceivingProductsShortage]","Позитивный тест: создание тикета с разными темами и вложениями для клиента, партнера и админа"
"skipped","Sat Sep 13 01:04:16 UTC 2025","Sat Sep 13 01:04:18 UTC 2025","2349","tests.admin_panel.slides","test_61_upload_slides_images","","","","test_upload_slide_images_success","Позитивный тест: успешная загрузка изображений слайда через multipart/form-data."
"passed","Sat Sep 13 01:29:37 UTC 2025","Sat Sep 13 01:29:37 UTC 2025","190","tests.tickets","test_01_get_tickets","","","","test_get_tickets_success[filter0-sort1-search2-pagination0-admin]","Позитивный тест: получение списка тикетов с разными комбинациями параметров"
"skipped","Sat Sep 13 00:44:10 UTC 2025","Sat Sep 13 00:44:10 UTC 2025","0","tests.account","test_get_languages","","","","test_get_languages_success[client--400]","Возвращает список языков, доступных для перевода"
"passed","Sat Sep 13 00:47:19 UTC 2025","Sat Sep 13 00:47:20 UTC 2025","1063","tests.admin_panel.categories","test_57_v2_update_category","","","","test_v2_update_category_forbidden[client]","Негативный тест: попытка обновления категории не-админом."
"passed","Sat Sep 13 01:08:04 UTC 2025","Sat Sep 13 01:08:04 UTC 2025","158","tests.cart","test_get_delivery_cost","","","","test_get_delivery_cost_invalid_payload[client-payload2]","Негативный тест: некорректные входные данные"
"passed","Sat Sep 13 00:56:31 UTC 2025","Sat Sep 13 00:56:32 UTC 2025","1087","tests.admin_panel.promo","test_72_create_promotion","","","","test_create_duplicate_promotion_should_fail","Негативный тест: попытка создать акцию с тем же уникальным полем name."
"skipped","Sat Sep 13 01:27:31 UTC 2025","Sat Sep 13 01:27:31 UTC 2025","0","tests.stock","test_create_stock","","","","test_create_stock_with_empty_string_log_if_not_200[address.country]",""
"passed","Sat Sep 13 01:21:39 UTC 2025","Sat Sep 13 01:21:41 UTC 2025","1438","tests.one_c","test_create_1c_stock","","","","test_post_create_full_payload_all_fields",""
"skipped","Sat Sep 13 00:46:44 UTC 2025","Sat Sep 13 00:46:46 UTC 2025","2052","tests.admin_panel.categories","test_50_upload_category_images","","","","test_upload_category_images_file_too_large[4.7-fields_to_send6-204]","Негативный тест: загрузка слишком большого изображения."
"passed","Sat Sep 13 00:58:11 UTC 2025","Sat Sep 13 00:58:12 UTC 2025","1361","tests.admin_panel.promo","test_77_create_promotion_item","","","","test_create_promotion_item_success","Позитивный тест: создание/обновление элемента акции"
"skipped","Sat Sep 13 01:27:31 UTC 2025","Sat Sep 13 01:27:31 UTC 2025","0","tests.stock","test_create_stock","","","","test_create_stock_with_empty_string_log_if_not_200[address.name]",""
"passed","Sat Sep 13 01:25:20 UTC 2025","Sat Sep 13 01:25:20 UTC 2025","160","tests.statistic","test_team_activations","","","","test_get_team_activation_statistic_negative[payload5-partner]","Негативный тест: ошибка при получении статистики активации команды с невалидным телом запроса"
"passed","Sat Sep 13 00:53:12 UTC 2025","Sat Sep 13 00:53:12 UTC 2025","152","tests.admin_panel.products","test_39_get_product_brands","","","","test_get_product_brands_forbidden[partner]","Негативный тест: получение списка брендов не админом."
"skipped","Sat Sep 13 00:44:10 UTC 2025","Sat Sep 13 00:44:10 UTC 2025","0","tests.account","test_history_personal_volumes","","","","test_get_personal_volumes_history_positive[admin-payload1]","Позитивные тесты на получение истории начисления личных объемов"
"passed","Sat Sep 13 01:32:30 UTC 2025","Sat Sep 13 01:32:30 UTC 2025","830","tests.tickets","test_02_get_ticket_by_id","","","","test_get_ticket_success[partner]","Позитивный тест: успешное получение тикета по ID для клиента, партнера и администратора."
"passed","Sat Sep 13 01:23:11 UTC 2025","Sat Sep 13 01:23:11 UTC 2025","151","tests.orders","test_create_order_by_delivery_address","","","","test_create_order_invalid_data[invalid_payload1-partner]","Негативные тесты: создание заказа с некорректными данными"
"passed","Sat Sep 13 00:42:23 UTC 2025","Sat Sep 13 00:42:24 UTC 2025","704","tests.PROJECT_FUND.initiatives","test_get_report_by_id","","","","test_get_report_by_invalid_id[9999999-https://dev.ewahelps.com/api]","Негативный тест: невалидный или несуществующий path-параметр"
"skipped","Sat Sep 13 01:27:31 UTC 2025","Sat Sep 13 01:27:31 UTC 2025","0","tests.stock","test_create_stock","","","","test_create_stock_with_empty_string_log_if_not_200[city.name]",""
"passed","Sat Sep 13 01:22:41 UTC 2025","Sat Sep 13 01:22:42 UTC 2025","459","tests.one_c","test_create_1c_stock","","","","test_post_bad_request_or_unprocessable[<lambda>13]",""
"skipped","Sat Sep 13 01:09:12 UTC 2025","Sat Sep 13 01:09:12 UTC 2025","0","tests.cart","test_user_locale","","","","test_update_user_locale_valid_payload[payload5]","
    Позитивный тест: Обновление языка/склада/локали НЕавторизованным пользователем с указанной корзиной в cookie.
    "
"skipped","Sat Sep 13 01:23:56 UTC 2025","Sat Sep 13 01:23:56 UTC 2025","172","tests.register","test_01_register_form","","","","test_register_form_negative[admin-payload0-400]",""
"skipped","Sat Sep 13 00:44:10 UTC 2025","Sat Sep 13 00:44:10 UTC 2025","0","tests.account","test_token","","","","test_add_token_positive[partner-payload1]","Позитивные тесты на добавление токена"
"skipped","Sat Sep 13 00:43:01 UTC 2025","Sat Sep 13 00:43:01 UTC 2025","0","tests.account","test_0_marathon","","","","test_get_marathon_is_purchased[partner-200]","Позитивный кейс — проверяет приобретал ли аккаунт марафонский набор (все поля)"
"passed","Sat Sep 13 00:51:38 UTC 2025","Sat Sep 13 00:51:39 UTC 2025","671","tests.admin_panel.items","test_update_item","","","","test_update_item_invalid_id[-1]","Негативный тест: несуществующий или некорректный ID."
"failed","Sat Sep 13 01:17:55 UTC 2025","Sat Sep 13 01:17:57 UTC 2025","2421","tests.delivery","test_02_get_delivery_address","","","","test_get_delivery_addresses_permissions[partner]","Проверка получения адресов"
"passed","Sat Sep 13 01:16:09 UTC 2025","Sat Sep 13 01:16:10 UTC 2025","1071","tests.delivery","test_01_save_delivery_address","","","","test_save_delivery_address_positive[client-payload1]","Позитивные тесты на сохранение адреса доставки"
"passed","Sat Sep 13 00:46:06 UTC 2025","Sat Sep 13 00:46:07 UTC 2025","1744","tests.admin_panel.categories","test_50_upload_category_images","","","","test_upload_only_single_image_field_should_not_fill_others[icon-test_png.png-image/png-icon]","Проверка: загрузка только одного из полей (icon, image, image_site) не должна заполнять другие."
"skipped","Sat Sep 13 01:23:03 UTC 2025","Sat Sep 13 01:23:03 UTC 2025","0","tests.orders","test_create_order_by_delivery_address","","","","test_create_order_permissions[authorize_partner-authorize_partner-200]","Тест: проверка прав доступа при создании заказа по сохраненному адресу"
"passed","Sat Sep 13 00:50:46 UTC 2025","Sat Sep 13 00:50:48 UTC 2025","2691","tests.admin_panel.items","test_delete_item_translation","","","","test_delete_item_translation_forbidden[partner]","Негативный тест: удаление перевода не-админом запрещено."
"skipped","Sat Sep 13 01:25:01 UTC 2025","Sat Sep 13 01:25:01 UTC 2025","166","tests.statistic","test_team_activations","","","","test_get_team_activation_statistic_negative[payload1-admin]","Негативный тест: ошибка при получении статистики активации команды с невалидным телом запроса"
"passed","Sat Sep 13 01:32:46 UTC 2025","Sat Sep 13 01:32:47 UTC 2025","462","tests.tickets","test_02_get_ticket_by_id","","","","test_get_ticket_unauthorized","Негативный тест: запрос без авторизации."
"passed","Sat Sep 13 01:03:31 UTC 2025","Sat Sep 13 01:03:32 UTC 2025","1100","tests.admin_panel.slides","test_59_update_slide","","","","test_update_slide_invalid_payload[payload8-422]","Негативный тест: обновление слайда с невалидным или неполным телом запроса."
"passed","Sat Sep 13 00:54:58 UTC 2025","Sat Sep 13 00:54:59 UTC 2025","628","tests.admin_panel.products","test_43_delete_product_brand","","","","test_delete_product_brand_invalid_id[abc]","Негативный тест: удаление несуществующего или некорректного бренда."
"passed","Sat Sep 13 01:10:40 UTC 2025","Sat Sep 13 01:10:45 UTC 2025","5522","tests.catalog","test_create_admin_product_translation","","","","test_create_admin_product_translation_success[ru]","Создание и обновление перевода продукта на разных языках."
"passed","Sat Sep 13 01:18:11 UTC 2025","Sat Sep 13 01:18:11 UTC 2025","152","tests.delivery","test_02_get_delivery_address","","","","test_get_delivery_addresses_invalid_pagination[invalid_pagination1-partner]","Негатив: некорректные параметры пагинации"
"passed","Sat Sep 13 00:45:51 UTC 2025","Sat Sep 13 00:45:51 UTC 2025","641","tests.admin_panel.categories","test_49_delete_category","","","","test_delete_category_invalid_id[0]","Негативный тест: удаление несуществующей или некорректной категории."
"skipped","Sat Sep 13 00:44:10 UTC 2025","Sat Sep 13 00:44:10 UTC 2025","0","tests.account","test_update","","","","test_update_account_positive[partner-payload1]","Позитивные тесты на обновление данных аккаунта"
"passed","Sat Sep 13 01:22:54 UTC 2025","Sat Sep 13 01:22:55 UTC 2025","442","tests.one_c","test_get_1с_stock","","","","test_get_stock_forbidden[params2]",""
"passed","Sat Sep 13 01:28:59 UTC 2025","Sat Sep 13 01:28:59 UTC 2025","174","tests.tickets","test_01_get_tickets","","","","test_get_tickets_success[filter0-sort0-search1-pagination1-partner]","Позитивный тест: получение списка тикетов с разными комбинациями параметров"
"passed","Sat Sep 13 01:14:06 UTC 2025","Sat Sep 13 01:14:07 UTC 2025","462","tests.catalog","test_update_admin_product","","","","test_update_admin_product_unauthorized",""
"passed","Sat Sep 13 01:08:31 UTC 2025","Sat Sep 13 01:08:33 UTC 2025","2345","tests.cart","test_user_locale","","","","test_update_user_locale_valid_payload_1[client-payload1]","
    Позитивный тест: Обновление языка/склада/локали авторизованным пользователем."
"skipped","Sat Sep 13 01:10:38 UTC 2025","Sat Sep 13 01:10:38 UTC 2025","0","tests.catalog","test_create_admin_product","","","","test_create_product_duplicate_slug[kk]",""
"passed","Sat Sep 13 00:53:08 UTC 2025","Sat Sep 13 00:53:08 UTC 2025","705","tests.admin_panel.products","test_39_get_product_brands","","","","test_get_product_brands_success","Позитивный тест: успешное получение списка брендов админом."
"skipped","Sat Sep 13 00:46:34 UTC 2025","Sat Sep 13 00:46:35 UTC 2025","1634","tests.admin_panel.categories","test_50_upload_category_images","","","","test_upload_category_images_file_too_large[4.7-fields_to_send2-204]","Негативный тест: загрузка слишком большого изображения."
"passed","Sat Sep 13 01:29:04 UTC 2025","Sat Sep 13 01:29:04 UTC 2025","180","tests.tickets","test_01_get_tickets","","","","test_get_tickets_success[filter0-sort0-search2-pagination0-partner]","Позитивный тест: получение списка тикетов с разными комбинациями параметров"
"passed","Sat Sep 13 00:44:26 UTC 2025","Sat Sep 13 00:44:29 UTC 2025","3218","tests.account","test_update_avatar","","","","test_update_avatar_positive[partner-payload1]","Позитивные тесты на обновление аватара"
"passed","Sat Sep 13 01:36:16 UTC 2025","Sat Sep 13 01:36:17 UTC 2025","615","tests.tickets","test_04_create_ticket","","","","test_create_ticket_success[admin-attachments0-QuestionsAboutPaymentsToIP]","Позитивный тест: создание тикета с разными темами и вложениями для клиента, партнера и админа"
"passed","Sat Sep 13 01:30:05 UTC 2025","Sat Sep 13 01:30:06 UTC 2025","189","tests.tickets","test_01_get_tickets","","","","test_get_tickets_success[filter1-sort0-search2-pagination0-client]","Позитивный тест: получение списка тикетов с разными комбинациями параметров"
"skipped","Sat Sep 13 01:39:30 UTC 2025","Sat Sep 13 01:39:30 UTC 2025","654","tests.tickets","test_09_get_ticket_messages","","","","test_get_ticket_messages_invalid_id_format[0]","Негативный тест: запрос с некорректным ID (строка, спецсимволы, пустое значение)"
"skipped","Sat Sep 13 00:44:10 UTC 2025","Sat Sep 13 00:44:10 UTC 2025","0","tests.account","test_history_group_volumes","","","","test_get_group_volumes_history_positive[admin-payload0]","Позитивные тесты на получение истории начисления групповых объемов"
"passed","Sat Sep 13 01:34:24 UTC 2025","Sat Sep 13 01:34:25 UTC 2025","1211","tests.tickets","test_04_create_ticket","","","","test_create_ticket_success[client-attachments2-ReceivingDefectiveProductsOrShortage]","Позитивный тест: создание тикета с разными темами и вложениями для клиента, партнера и админа"
"passed","Sat Sep 13 00:51:19 UTC 2025","Sat Sep 13 00:51:20 UTC 2025","686","tests.admin_panel.items","test_get_item_translation","","","","test_get_item_translation_not_found",""
"passed","Sat Sep 13 01:03:33 UTC 2025","Sat Sep 13 01:03:34 UTC 2025","1070","tests.admin_panel.slides","test_59_update_slide","","","","test_update_slide_invalid_payload[payload9-400]","Негативный тест: обновление слайда с невалидным или неполным телом запроса."
"passed","Sat Sep 13 00:57:25 UTC 2025","Sat Sep 13 00:57:26 UTC 2025","1032","tests.admin_panel.promo","test_74_update_promotion","","","","test_update_promotion_invalid_payload[payload7-400]","Негативный тест: обновление акции с невалидным или неполным телом запроса."
"passed","Sat Sep 13 01:00:28 UTC 2025","Sat Sep 13 01:00:30 UTC 2025","1022","tests.admin_panel.sliders","test_54_update_slider","","","","test_update_slider_invalid_payload[payload2-expected_code2]","Негативный тест: обновление слайдера с невалидным или неполным телом запроса."
"passed","Sat Sep 13 01:28:22 UTC 2025","Sat Sep 13 01:28:22 UTC 2025","462","tests.stock","test_update_stock","","","","test_update_stock_unauthorized",""
"skipped","Sat Sep 13 00:44:10 UTC 2025","Sat Sep 13 00:44:10 UTC 2025","0","tests.account","test_family_agreement_create_one","","","","test_create_family_agreement_one_positive[partner-payload1]","Позитивные тесты на создание семейного соглашения при отсутствующем втором партнере"
"passed","Sat Sep 13 01:02:02 UTC 2025","Sat Sep 13 01:02:03 UTC 2025","680","tests.admin_panel.slides","test_57_create_slide","","","","test_create_slide_invalid_payload[payload10-422]","Негативные тесты: некорректные и неполные payload'ы."
"passed","Sat Sep 13 01:27:31 UTC 2025","Sat Sep 13 01:27:32 UTC 2025","685","tests.stock","test_delete_stock","","","","test_delete_stock_invalid_id[-1]",""
"passed","Sat Sep 13 00:50:55 UTC 2025","Sat Sep 13 00:50:55 UTC 2025","674","tests.admin_panel.items","test_delete_item_translation","","","","test_delete_item_translation_invalid_id[abc]","Негативный тест: удаление перевода с невалидным или несуществующим ID item."
"passed","Sat Sep 13 01:09:31 UTC 2025","Sat Sep 13 01:09:31 UTC 2025","159","tests.cart","test_user_locale","","","","test_update_user_locale_invalid_payload[partner-payload3-400]","Негативный тест: обновление локали с невалидным payload."
"passed","Sat Sep 13 01:01:25 UTC 2025","Sat Sep 13 01:01:25 UTC 2025","472","tests.admin_panel.slides","test_0_slides_sort","","","","test_slides_sort_unauthorized","Негативный тест: без авторизации."
"skipped","Sat Sep 13 00:44:10 UTC 2025","Sat Sep 13 00:44:10 UTC 2025","0","tests.account","test_update","","","","test_update_account_positive[client-payload1]","Позитивные тесты на обновление данных аккаунта"
"passed","Sat Sep 13 01:04:14 UTC 2025","Sat Sep 13 01:04:15 UTC 2025","630","tests.admin_panel.slides","test_60_delete_slides","","","","test_delete_slide_invalid_id[abc]","Негативный тест: удаление несуществующего или некорректного слайда."
"skipped","Sat Sep 13 00:44:10 UTC 2025","Sat Sep 13 00:44:10 UTC 2025","0","tests.account","test_token","","","","test_add_token_positive[admin-payload1]","Позитивные тесты на добавление токена"
"skipped","Sat Sep 13 01:26:00 UTC 2025","Sat Sep 13 01:26:00 UTC 2025","160","tests.statistic","test_team_go","","","","test_get_team_go_statistic_negative[payload2-client]","Негативный тест: ошибка при получении статистики по команде с невалидным телом запроса"
"passed","Sat Sep 13 01:26:07 UTC 2025","Sat Sep 13 01:26:07 UTC 2025","160","tests.statistic","test_team_go","","","","test_get_team_go_statistic_negative[payload3-partner]","Негативный тест: ошибка при получении статистики по команде с невалидным телом запроса"
"passed","Sat Sep 13 01:05:30 UTC 2025","Sat Sep 13 01:05:32 UTC 2025","1983","tests.admin_panel.slides","test_61_upload_slides_images","","","","test_upload_only_single_slide_image_field[preview-test_png.png-image/png-preview]","Проверка: загрузка только одного изображения не должна заполнять другие поля."
"passed","Sat Sep 13 01:34:57 UTC 2025","Sat Sep 13 01:34:57 UTC 2025","644","tests.tickets","test_04_create_ticket","","","","test_create_ticket_success[partner-attachments0-ReceivingDefectiveProducts]","Позитивный тест: создание тикета с разными темами и вложениями для клиента, партнера и админа"
"passed","Sat Sep 13 01:14:53 UTC 2025","Sat Sep 13 01:14:58 UTC 2025","4934","tests.catalog","test_update_admin_product","","","","test_update_admin_product_invalid_payload[update_payload2-400]",""
"passed","Sat Sep 13 01:23:59 UTC 2025","Sat Sep 13 01:23:59 UTC 2025","143","tests.register","test_01_register_form","","","","test_register_form_negative[admin-payload2-400]",""
"passed","Sat Sep 13 01:31:56 UTC 2025","Sat Sep 13 01:31:56 UTC 2025","182","tests.tickets","test_01_get_tickets","","","","test_get_tickets_invalid_pagination[invalid_pagination0-partner]","Негативный тест: передаем некорректные значения в pagination"
"passed","Sat Sep 13 00:44:46 UTC 2025","Sat Sep 13 00:44:47 UTC 2025","645","tests.admin_panel","test_accrue_auto_bonus","","","","test_accrue_auto_bonus_invalid_payload[payload0-400]",""
"skipped","Sat Sep 13 01:39:35 UTC 2025","Sat Sep 13 01:39:35 UTC 2025","632","tests.tickets","test_09_get_ticket_messages","","","","test_get_ticket_messages_invalid_id_format[1.5]","Негативный тест: запрос с некорректным ID (строка, спецсимволы, пустое значение)"
"passed","Sat Sep 13 01:18:25 UTC 2025","Sat Sep 13 01:18:29 UTC 2025","3583","tests.delivery","test_02_get_delivery_address","","","","test_get_delivery_addresses_pagination[client]","Корректная работа пагинации"
"passed","Sat Sep 13 01:11:26 UTC 2025","Sat Sep 13 01:11:32 UTC 2025","5491","tests.catalog","test_create_admin_product_translation","","","","test_create_admin_product_translation_success[kk]","Создание и обновление перевода продукта на разных языках."
"passed","Sat Sep 13 01:31:19 UTC 2025","Sat Sep 13 01:31:19 UTC 2025","181","tests.tickets","test_01_get_tickets","","","","test_get_tickets_success[filter2-sort1-search0-pagination0-client]","Позитивный тест: получение списка тикетов с разными комбинациями параметров"
"passed","Sat Sep 13 01:06:56 UTC 2025","Sat Sep 13 01:06:56 UTC 2025","178","tests.auth","test_05_logout","","","","test_logout_success[client]","Тест разлогинивания с валидным токеном (клиент, партнёр, админ)"
"skipped","Sat Sep 13 00:44:55 UTC 2025","Sat Sep 13 00:44:55 UTC 2025","0","tests.admin_panel","test_accrue_presidential_pool","","","","test_accrue_presidential_pool_forbidden[client]",""
"passed","Sat Sep 13 01:34:45 UTC 2025","Sat Sep 13 01:34:46 UTC 2025","611","tests.tickets","test_04_create_ticket","","","","test_create_ticket_success[partner-attachments0-QuestionsAboutTheMarriageContract]","Позитивный тест: создание тикета с разными темами и вложениями для клиента, партнера и админа"
"skipped","Sat Sep 13 01:09:12 UTC 2025","Sat Sep 13 01:09:12 UTC 2025","0","tests.cart","test_user_locale","","","","test_update_user_locale_valid_payload[payload1]","
    Позитивный тест: Обновление языка/склада/локали НЕавторизованным пользователем с указанной корзиной в cookie.
    "
"passed","Sat Sep 13 00:44:31 UTC 2025","Sat Sep 13 00:44:34 UTC 2025","3326","tests.account","test_update_avatar","","","","test_update_avatar_positive[admin-payload0]","Позитивные тесты на обновление аватара"
"passed","Sat Sep 13 01:20:50 UTC 2025","Sat Sep 13 01:21:05 UTC 2025","14693","tests.integration","test_order_pickup_ru","","","","test_order_pickup_ru[Boxberry]",""
"passed","Sat Sep 13 01:28:04 UTC 2025","Sat Sep 13 01:28:04 UTC 2025","142","tests.stock","test_get_stock_by_id","","","","test_get_stock_by_invalid_id[1.5-admin]","Невалидные значения ID склада"
"passed","Sat Sep 13 01:09:01 UTC 2025","Sat Sep 13 01:09:02 UTC 2025","432","tests.cart","test_user_locale","","","","test_update_user_locale_valid_payload_1[partner-payload3]","
    Позитивный тест: Обновление языка/склада/локали авторизованным пользователем."
"skipped","Sat Sep 13 01:27:51 UTC 2025","Sat Sep 13 01:27:51 UTC 2025","276","tests.stock","test_get_group_orders","","","","test_get_group_orders_invalid_country_id[1.5-admin]","Проверка получения складов по невалидному country_id"
"skipped","Sat Sep 13 01:39:56 UTC 2025","Sat Sep 13 01:39:59 UTC 2025","2838","tests.tickets","test_10_send_message_to_ticket","","","","test_send_message_role_permissions[authorize_client-authorize_partner-403]","Проверка доступа к отправке сообщений в тикеты в зависимости от роли"
"passed","Sat Sep 13 00:45:12 UTC 2025","Sat Sep 13 00:45:13 UTC 2025","158","tests.admin_panel.categories","test_45_get_categories","","","","test_get_categories_forbidden[partner]","Негативный тест: получение списка категорий не админом."
"passed","Sat Sep 13 01:22:30 UTC 2025","Sat Sep 13 01:22:30 UTC 2025","443","tests.one_c","test_create_1c_stock","","","","test_post_bad_request_or_unprocessable[<lambda>5]",""
"skipped","Sat Sep 13 00:44:10 UTC 2025","Sat Sep 13 00:44:10 UTC 2025","0","tests.account","test_family_agreement_create_one","","","","test_create_family_agreement_one_positive[client-payload1]","Позитивные тесты на создание семейного соглашения при отсутствующем втором партнере"
"passed","Sat Sep 13 01:09:34 UTC 2025","Sat Sep 13 01:09:34 UTC 2025","268","tests.cart","test_user_locale","","","","test_update_user_locale_invalid_payload[partner-payload5-400]","Негативный тест: обновление локали с невалидным payload."
"passed","Sat Sep 13 01:15:17 UTC 2025","Sat Sep 13 01:15:22 UTC 2025","4973","tests.catalog","test_update_admin_product","","","","test_update_admin_product_invalid_payload[update_payload5-422]",""
"passed","Sat Sep 13 00:56:21 UTC 2025","Sat Sep 13 00:56:21 UTC 2025","641","tests.admin_panel.promo","test_72_create_promotion","","","","test_create_promotion_invalid_data[payload10-422]","Негативные тесты: невалидные данные"
"passed","Sat Sep 13 01:01:30 UTC 2025","Sat Sep 13 01:01:30 UTC 2025","836","tests.admin_panel.slides","test_56_get_slides","","","","test_get_slides_success","Позитивный тест: успешное получение списка слайдов админом"
"skipped","Sat Sep 13 01:27:47 UTC 2025","Sat Sep 13 01:27:47 UTC 2025","175","tests.stock","test_get_group_orders","","","","test_get_group_orders_invalid_country_id[-1-admin]","Проверка получения складов по невалидному country_id"
"passed","Sat Sep 13 01:06:58 UTC 2025","Sat Sep 13 01:06:58 UTC 2025","176","tests.auth","test_05_logout","","","","test_logout_success[partner]","Тест разлогинивания с валидным токеном (клиент, партнёр, админ)"
"passed","Sat Sep 13 01:22:27 UTC 2025","Sat Sep 13 01:22:27 UTC 2025","459","tests.one_c","test_create_1c_stock","","","","test_post_bad_request_or_unprocessable[<lambda>3]",""
"passed","Sat Sep 13 00:56:19 UTC 2025","Sat Sep 13 00:56:20 UTC 2025","666","tests.admin_panel.promo","test_72_create_promotion","","","","test_create_promotion_invalid_data[payload9-422]","Негативные тесты: невалидные данные"
"passed","Sat Sep 13 01:37:59 UTC 2025","Sat Sep 13 01:37:59 UTC 2025","605","tests.tickets","test_04_create_ticket","","","","test_create_ticket_invalid_request_type[client--200]","Негативный тест: попытка создания тикета с неверным типом request_type"
"passed","Sat Sep 13 01:28:10 UTC 2025","Sat Sep 13 01:28:10 UTC 2025","321","tests.stock","test_get_stocks","","","","test_get_stocks[partner]","Запрос всех складов"
"passed","Sat Sep 13 01:37:01 UTC 2025","Sat Sep 13 01:37:03 UTC 2025","1366","tests.tickets","test_04_create_ticket","","","","test_create_ticket_success[admin-attachments1-QuestionsAboutTheMarriageContract]","Позитивный тест: создание тикета с разными темами и вложениями для клиента, партнера и админа"
"passed","Sat Sep 13 01:31:45 UTC 2025","Sat Sep 13 01:31:45 UTC 2025","176","tests.tickets","test_01_get_tickets","","","","test_get_tickets_success[filter2-sort1-search2-pagination1-client]","Позитивный тест: получение списка тикетов с разными комбинациями параметров"
"passed","Sat Sep 13 01:33:08 UTC 2025","Sat Sep 13 01:33:09 UTC 2025","603","tests.tickets","test_04_create_ticket","","","","test_create_ticket_success[client-attachments0-ChangePersonalData]","Позитивный тест: создание тикета с разными темами и вложениями для клиента, партнера и админа"
"passed","Sat Sep 13 00:45:35 UTC 2025","Sat Sep 13 00:45:36 UTC 2025","626","tests.admin_panel.categories","test_47_get_categories_by_id","","","","test_get_categories_invalid_id[1.5]","Негативный тест: получение категории по невалидному ID."
"passed","Sat Sep 13 01:17:20 UTC 2025","Sat Sep 13 01:17:20 UTC 2025","153","tests.delivery","test_01_save_delivery_address","","","","test_save_delivery_address_negative[admin-payload0-400]","Негативные тесты на сохранение адреса доставки"
"passed","Sat Sep 13 01:36:29 UTC 2025","Sat Sep 13 01:36:30 UTC 2025","608","tests.tickets","test_04_create_ticket","","","","test_create_ticket_success[admin-attachments0-QuestionsAboutTheMarriageContract]","Позитивный тест: создание тикета с разными темами и вложениями для клиента, партнера и админа"
"skipped","Sat Sep 13 00:52:12 UTC 2025","Sat Sep 13 00:52:12 UTC 2025","0","tests.admin_panel.products","test_01_delete_product_group","","","","test_delete_product_group_invalid_id[0]","Негативный тест: удаление несуществующей или некорректной продукт группы."
"passed","Sat Sep 13 00:48:37 UTC 2025","Sat Sep 13 00:48:37 UTC 2025","669","tests.admin_panel.categories","test_80_create_category_translation","","","","test_create_category_translation_invalid_payload[payload1-400]","Негативный тест: создание перевода с невалидным payload."
"skipped","Sat Sep 13 01:28:22 UTC 2025","Sat Sep 13 01:28:22 UTC 2025","0","tests.stock","test_update_stock","","","","test_update_stock_invalid_id[0]",""
"passed","Sat Sep 13 01:01:00 UTC 2025","Sat Sep 13 01:01:01 UTC 2025","657","tests.admin_panel.sliders","test_55_delete_sliders","","","","test_delete_slider_invalid_id[-1]","Негативный тест: удаление несуществующего или некорректного слайдера."
"passed","Sat Sep 13 00:42:41 UTC 2025","Sat Sep 13 00:42:41 UTC 2025","179","tests.account","test_0_bonus_tokens","","","","test_get_bonus_tokens_positive[client]","Позитивные тесты на получение списка токенов"
"passed","Sat Sep 13 01:34:39 UTC 2025","Sat Sep 13 01:34:39 UTC 2025","600","tests.tickets","test_04_create_ticket","","","","test_create_ticket_success[partner-attachments0-QuestionsAboutInternationalDelivery]","Позитивный тест: создание тикета с разными темами и вложениями для клиента, партнера и админа"
"skipped","Sat Sep 13 01:27:31 UTC 2025","Sat Sep 13 01:27:31 UTC 2025","0","tests.stock","test_create_stock","","","","test_create_stock_with_empty_string_log_if_not_200[timezone]",""
"skipped","Sat Sep 13 00:43:01 UTC 2025","Sat Sep 13 00:43:01 UTC 2025","0","tests.account","test_0_marathon","","","","test_get_marathon_is_purchased_negative[client-400]","Негативный кейс — проверяет приобретал ли аккаунт марафонский набор (все поля)"
"passed","Sat Sep 13 00:49:31 UTC 2025","Sat Sep 13 00:49:32 UTC 2025","867","tests.admin_panel.items","test_create_item","","","","test_create_item_invalid_payload[payload7-expected_code7]","
    Негативный тест: создание варианта с невалидным телом запроса.
    Если сервер внезапно вернул успех — удаляем созданный item из БД.
    "
"passed","Sat Sep 13 00:52:56 UTC 2025","Sat Sep 13 00:52:58 UTC 2025","1771","tests.admin_panel.products","test_03_recommended_products_delete","","","","test_remove_empty_recommendation_list","Удаление с пустым списком рекомендаций."
"passed","Sat Sep 13 00:54:01 UTC 2025","Sat Sep 13 00:54:01 UTC 2025","628","tests.admin_panel.products","test_41_get_product_brand_by_id","","","","test_get_product_brand_invalid_id[None]","Негативный тест: получение бренда по невалидному ID"
"skipped","Sat Sep 13 00:44:10 UTC 2025","Sat Sep 13 00:44:10 UTC 2025","0","tests.account","test_pass_change","","","","test_change_password_positive[client-payload1]","Позитивные тесты на изменение пароля"
"passed","Sat Sep 13 01:06:26 UTC 2025","Sat Sep 13 01:06:26 UTC 2025","146","tests.auth","test_02_login","","","","test_admin_login[admin---400]",""
"passed","Sat Sep 13 01:31:43 UTC 2025","Sat Sep 13 01:31:44 UTC 2025","182","tests.tickets","test_01_get_tickets","","","","test_get_tickets_success[filter2-sort1-search2-pagination0-admin]","Позитивный тест: получение списка тикетов с разными комбинациями параметров"
"passed","Sat Sep 13 01:31:17 UTC 2025","Sat Sep 13 01:31:17 UTC 2025","183","tests.tickets","test_01_get_tickets","","","","test_get_tickets_success[filter2-sort0-search2-pagination1-admin]","Позитивный тест: получение списка тикетов с разными комбинациями параметров"
"skipped","Sat Sep 13 00:44:10 UTC 2025","Sat Sep 13 00:44:10 UTC 2025","0","tests.account","test_history_group_volumes_admin","","","","test_get_group_volumes_history_admin_positive[partner-payload1]","Позитивные тесты на получение истории начисления групповых объемов для админа"
"skipped","Sat Sep 13 00:44:10 UTC 2025","Sat Sep 13 00:44:10 UTC 2025","0","tests.account","test_family_agreement_create_three","","","","test_create_family_agreement_three_positive[partner-payload0]","Позитивные тесты на создание семейного соглашения при аннулировании второго партнера"
"passed","Sat Sep 13 01:08:13 UTC 2025","Sat Sep 13 01:08:13 UTC 2025","157","tests.cart","test_get_delivery_cost","","","","test_get_delivery_cost_invalid_payload[partner-payload0]","Негативный тест: некорректные входные данные"
"passed","Sat Sep 13 01:04:50 UTC 2025","Sat Sep 13 01:04:53 UTC 2025","3683","tests.admin_panel.slides","test_61_upload_slides_images","","","","test_upload_slide_images_file_too_large[4.7-fields_to_send2-204]","Негативный тест: загрузка слишком большого изображения."
"passed","Sat Sep 13 01:12:10 UTC 2025","Sat Sep 13 01:12:11 UTC 2025","670","tests.catalog","test_create_admin_product_translation","","","","test_create_admin_product_translation_invalid_payload[payload3-400]","Негативные проверки на создание перевода с некорректным payload."
"passed","Sat Sep 13 01:08:08 UTC 2025","Sat Sep 13 01:08:08 UTC 2025","159","tests.cart","test_get_delivery_cost","","","","test_get_delivery_cost_invalid_payload[client-payload4]","Негативный тест: некорректные входные данные"
"passed","Sat Sep 13 00:55:00 UTC 2025","Sat Sep 13 00:55:01 UTC 2025","1577","tests.admin_panel.products","test_44_upload_product_brand_images","","","","test_upload_product_brand_images_success","Позитивный тест: успешная загрузка изображений бренда через multipart/form-data."
"passed","Sat Sep 13 01:31:50 UTC 2025","Sat Sep 13 01:31:51 UTC 2025","158","tests.tickets","test_01_get_tickets","","","","test_get_tickets_no_pagination[client]","Негативный тест: запрос без обязательного параметра pagination"
"passed","Sat Sep 13 01:17:27 UTC 2025","Sat Sep 13 01:17:27 UTC 2025","158","tests.delivery","test_01_save_delivery_address","","","","test_save_delivery_address_negative[admin-payload4-400]","Негативные тесты на сохранение адреса доставки"
"passed","Sat Sep 13 01:16:59 UTC 2025","Sat Sep 13 01:16:59 UTC 2025","167","tests.delivery","test_01_save_delivery_address","","","","test_save_delivery_address_negative[client-payload8-500]","Негативные тесты на сохранение адреса доставки"
"skipped","Sat Sep 13 01:27:31 UTC 2025","Sat Sep 13 01:27:31 UTC 2025","0","tests.stock","test_create_stock","","","","test_create_stock_with_empty_string_log_if_not_200[city.region_id]",""
"passed","Sat Sep 13 01:01:22 UTC 2025","Sat Sep 13 01:01:24 UTC 2025","1972","tests.admin_panel.slides","test_0_slides_sort","","","","test_slides_sort_invalid_payload","Негативный тест: невалидный payload."
"passed","Sat Sep 13 00:43:50 UTC 2025","Sat Sep 13 00:43:51 UTC 2025","674","tests.account","test_add_cover_url","","","","test_add_cover_invalid_payload[payload0]",""
"passed","Sat Sep 13 01:10:21 UTC 2025","Sat Sep 13 01:10:22 UTC 2025","911","tests.catalog","test_create_admin_product","","","","test_create_product_invalid_payload[payload1-400]",""
"passed","Sat Sep 13 01:40:28 UTC 2025","Sat Sep 13 01:40:30 UTC 2025","1676","tests.tickets","test_12_delete_message","","","","test_delete_ticket_message_admin_other_client[client]","Негативный тест: админ пытается удалить сообщение клиента/партнёра"
"passed","Sat Sep 13 01:34:21 UTC 2025","Sat Sep 13 01:34:22 UTC 2025","1206","tests.tickets","test_04_create_ticket","","","","test_create_ticket_success[client-attachments2-ChangePersonalData]","Позитивный тест: создание тикета с разными темами и вложениями для клиента, партнера и админа"
"passed","Sat Sep 13 01:17:13 UTC 2025","Sat Sep 13 01:17:13 UTC 2025","154","tests.delivery","test_01_save_delivery_address","","","","test_save_delivery_address_negative[partner-payload6-400]","Негативные тесты на сохранение адреса доставки"
"skipped","Sat Sep 13 00:44:10 UTC 2025","Sat Sep 13 00:44:10 UTC 2025","0","tests.account","test_history_group_volumes","","","","test_get_group_volumes_history_positive[partner-payload0]","Позитивные тесты на получение истории начисления групповых объемов"
"passed","Sat Sep 13 01:12:07 UTC 2025","Sat Sep 13 01:12:07 UTC 2025","642","tests.catalog","test_create_admin_product_translation","","","","test_create_admin_product_translation_invalid_payload[payload1-400]","Негативные проверки на создание перевода с некорректным payload."
"passed","Sat Sep 13 01:25:21 UTC 2025","Sat Sep 13 01:25:22 UTC 2025","156","tests.statistic","test_team_activations","","","","test_get_team_activation_statistic_negative[payload5-admin]","Негативный тест: ошибка при получении статистики активации команды с невалидным телом запроса"
"passed","Sat Sep 13 01:17:08 UTC 2025","Sat Sep 13 01:17:08 UTC 2025","159","tests.delivery","test_01_save_delivery_address","","","","test_save_delivery_address_negative[partner-payload3-400]","Негативные тесты на сохранение адреса доставки"
"skipped","Sat Sep 13 00:41:59 UTC 2025","Sat Sep 13 00:41:59 UTC 2025","0","tests.PROJECT_EDUCATION.test_system","04_finish_test","","","","test_finish_test_invalid_id[999999]","Негативный тест: запуск теста с невалидным ID"
"skipped","Sat Sep 13 00:41:59 UTC 2025","Sat Sep 13 00:41:59 UTC 2025","0","tests.PROJECT_EDUCATION.test_system","01_start_test","","","","test_start_test_session","Позитивный тест: успешный запуск теста"
"passed","Sat Sep 13 00:44:06 UTC 2025","Sat Sep 13 00:44:08 UTC 2025","1532","tests.account","test_delete_cover_url","","","","test_delete_cover_full_payload[admin]",""
"passed","Sat Sep 13 01:32:41 UTC 2025","Sat Sep 13 01:32:42 UTC 2025","658","tests.tickets","test_02_get_ticket_by_id","","","","test_get_ticket_invalid_id[]","Негативный тест: передан некорректный ID."
"skipped","Sat Sep 13 00:44:10 UTC 2025","Sat Sep 13 00:44:10 UTC 2025","0","tests.account","test_get_default_stock","","","","test_get_default_stock_positive[admin]","Позитивные тесты на получение дефолтного склада"
"skipped","Sat Sep 13 00:44:10 UTC 2025","Sat Sep 13 00:44:10 UTC 2025","0","tests.account","test_history_personal_volumes_admin","","","","test_get_personal_volumes_history_admin_positive[partner-payload1]","Позитивные тесты на получение истории начисления личных объемов для админа"
"passed","Sat Sep 13 01:01:18 UTC 2025","Sat Sep 13 01:01:19 UTC 2025","637","tests.admin_panel.slides","test_0_slides_sort","","","","test_slides_sort_invalid_id[1.5]","Негативный тест: невалидный path parameter."
"passed","Sat Sep 13 00:42:46 UTC 2025","Sat Sep 13 00:42:46 UTC 2025","167","tests.account","test_0_family_agreement_get","","","","test_get_family_agreement_positive[payload0-client]","Позитивные тесты на получение данных о семейном соглашении"
"passed","Sat Sep 13 01:16:52 UTC 2025","Sat Sep 13 01:16:52 UTC 2025","158","tests.delivery","test_01_save_delivery_address","","","","test_save_delivery_address_negative[client-payload4-400]","Негативные тесты на сохранение адреса доставки"
"passed","Sat Sep 13 00:59:42 UTC 2025","Sat Sep 13 00:59:43 UTC 2025","677","tests.admin_panel.sliders","test_52_create_slider","","","","test_create_slider_invalid_payload[payload12-422]","Негативный тест: попытка создать слайдер с невалидным payload."
"passed","Sat Sep 13 00:47:04 UTC 2025","Sat Sep 13 00:47:04 UTC 2025","645","tests.admin_panel.categories","test_56_v2_create_category","","","","test_v2_create_category_invalid_payload[payload3-400]","Негативный тест: создание категории с невалидным телом запроса."
"passed","Sat Sep 13 00:59:55 UTC 2025","Sat Sep 13 00:59:56 UTC 2025","661","tests.admin_panel.sliders","test_53_get_sliders_by_id","","","","test_get_sliders_invalid_id[-1]","Негативный тест: получение слайдера по невалидному ID"
"passed","Sat Sep 13 00:50:04 UTC 2025","Sat Sep 13 00:50:07 UTC 2025","2471","tests.admin_panel.items","test_create_item_translation","","","","test_create_item_translation_success[de]",""
"passed","Sat Sep 13 00:48:15 UTC 2025","Sat Sep 13 00:48:17 UTC 2025","1583","tests.admin_panel.categories","test_80_create_category_translation","","","","test_create_category_translation_success[kk]","Позитивный тест: создание/обновление перевода категории для разных языков."
"passed","Sat Sep 13 01:29:34 UTC 2025","Sat Sep 13 01:29:34 UTC 2025","177","tests.tickets","test_01_get_tickets","","","","test_get_tickets_success[filter0-sort1-search2-pagination0-client]","Позитивный тест: получение списка тикетов с разными комбинациями параметров"
"skipped","Sat Sep 13 01:27:31 UTC 2025","Sat Sep 13 01:27:31 UTC 2025","0","tests.stock","test_create_stock","","","","test_create_stock_with_empty_string_log_if_not_200[address.station]",""
"passed","Sat Sep 13 00:49:54 UTC 2025","Sat Sep 13 00:49:56 UTC 2025","2499","tests.admin_panel.items","test_create_item_translation","","","","test_create_item_translation_success[uz]",""
"passed","Sat Sep 13 01:34:27 UTC 2025","Sat Sep 13 01:34:28 UTC 2025","1222","tests.tickets","test_04_create_ticket","","","","test_create_ticket_success[client-attachments2-ReceivingDefectiveProducts]","Позитивный тест: создание тикета с разными темами и вложениями для клиента, партнера и админа"
"skipped","Sat Sep 13 00:44:10 UTC 2025","Sat Sep 13 00:44:10 UTC 2025","0","tests.account","test_family_agreement_update_status","","","","test_update_family_agreement_status_positive[client-payload1]","Позитивные тесты на изменение статуса семейного соглашения"
"passed","Sat Sep 13 01:26:19 UTC 2025","Sat Sep 13 01:26:19 UTC 2025","161","tests.statistic","test_team_go","","","","test_get_team_go_statistic_negative[payload5-admin]","Негативный тест: ошибка при получении статистики по команде с невалидным телом запроса"
"skipped","Sat Sep 13 01:26:59 UTC 2025","Sat Sep 13 01:26:59 UTC 2025","166","tests.statistic","test_team_registrations","","","","test_get_team_registration_statistic_negative[payload2-partner]","Негативный тест: ошибка при получении статистики регистрации команды с невалидным телом запроса"
"passed","Sat Sep 13 01:26:28 UTC 2025","Sat Sep 13 01:26:28 UTC 2025","167","tests.statistic","test_team_registrations","","","","test_get_team_registration_statistic_positive[payload0-partner]","Позитивный тест: получение статистики по регистрации команды с валидным телом запроса"
"passed","Sat Sep 13 01:06:45 UTC 2025","Sat Sep 13 01:06:45 UTC 2025","451","tests.auth","test_03_token_auth","","","","test_auth_by_invalid_token","Тест авторизации с невалидным токеном"
"skipped","Sat Sep 13 00:43:01 UTC 2025","Sat Sep 13 00:43:01 UTC 2025","0","tests.account","test_0_marathon","","","","test_get_marathon_is_purchased[admin-200]","Позитивный кейс — проверяет приобретал ли аккаунт марафонский набор (все поля)"
"passed","Sat Sep 13 01:34:01 UTC 2025","Sat Sep 13 01:34:03 UTC 2025","1222","tests.tickets","test_04_create_ticket","","","","test_create_ticket_success[client-attachments2-QuestionsAboutOrders]","Позитивный тест: создание тикета с разными темами и вложениями для клиента, партнера и админа"
"passed","Sat Sep 13 01:32:10 UTC 2025","Sat Sep 13 01:32:10 UTC 2025","151","tests.tickets","test_01_get_tickets","","","","test_get_tickets_invalid_search[invalid_search2-400-partner]","Негативный тест: передаем некорректные параметры поиска"
"passed","Sat Sep 13 00:52:28 UTC 2025","Sat Sep 13 00:52:30 UTC 2025","2266","tests.admin_panel.products","test_02_recommended_products_add","","","","test_add_recommendation_success","Успешное добавление рекомендованного товара"
"passed","Sat Sep 13 00:54:04 UTC 2025","Sat Sep 13 00:54:05 UTC 2025","628","tests.admin_panel.products","test_41_get_product_brand_by_id","","","","test_get_product_brand_invalid_id[1.5]","Негативный тест: получение бренда по невалидному ID"
"skipped","Sat Sep 13 00:44:10 UTC 2025","Sat Sep 13 00:44:10 UTC 2025","0","tests.account","test_token_revoke","","","","test_revoke_token_positive[partner-payload1]","Позитивные тесты на удаление токена"
"passed","Sat Sep 13 00:43:55 UTC 2025","Sat Sep 13 00:43:57 UTC 2025","1106","tests.account","test_add_cover_url","","","","test_add_cover_invalid_payload[payload3]",""
"skipped","Sat Sep 13 00:44:55 UTC 2025","Sat Sep 13 00:44:55 UTC 2025","0","tests.admin_panel","test_accrue_presidential_pool","","","","test_accrue_presidential_pool_invalid_payload[payload0-400]",""
"passed","Sat Sep 13 00:55:58 UTC 2025","Sat Sep 13 00:55:59 UTC 2025","439","tests.admin_panel.promo","test_71_get_promotions","","","","test_get_promotions_list_unauthorized","Негативный тест: получение списка акций без авторизации."
"passed","Sat Sep 13 01:21:55 UTC 2025","Sat Sep 13 01:21:56 UTC 2025","1492","tests.one_c","test_create_1c_stock","","","","test_post_work_hours_closed_day_structure",""
"passed","Sat Sep 13 01:40:31 UTC 2025","Sat Sep 13 01:40:33 UTC 2025","1727","tests.tickets","test_12_delete_message","","","","test_delete_ticket_message_admin_other_client[partner]","Негативный тест: админ пытается удалить сообщение клиента/партнёра"
"passed","Sat Sep 13 01:36:14 UTC 2025","Sat Sep 13 01:36:15 UTC 2025","1274","tests.tickets","test_04_create_ticket","","","","test_create_ticket_success[partner-attachments2-ReceivingProductsShortage]","Позитивный тест: создание тикета с разными темами и вложениями для клиента, партнера и админа"
"passed","Sat Sep 13 00:42:17 UTC 2025","Sat Sep 13 00:42:17 UTC 2025","733","tests.PROJECT_FUND.initiatives","test_get_report_by_id","","","","test_get_report_by_invalid_id[abc-https://dev.ewahelps.com/api]","Негативный тест: невалидный или несуществующий path-параметр"
"skipped","Sat Sep 13 00:52:12 UTC 2025","Sat Sep 13 00:52:12 UTC 2025","0","tests.admin_panel.products","test_01_delete_product_group","","","","test_delete_product_group_invalid_id[abc]","Негативный тест: удаление несуществующей или некорректной продукт группы."
"passed","Sat Sep 13 00:55:23 UTC 2025","Sat Sep 13 00:55:24 UTC 2025","1307","tests.admin_panel.products","test_44_upload_product_brand_images","","","","test_upload_product_brand_images_formats[valid.jpg-image/jpeg-204]","Проверка загрузки изображений бренда в разных форматах: негативные и позитивные кейсы."
"passed","Sat Sep 13 01:03:46 UTC 2025","Sat Sep 13 01:03:47 UTC 2025","1025","tests.admin_panel.slides","test_59_update_slide","","","","test_update_slide_invalid_payload[payload15-422]","Негативный тест: обновление слайда с невалидным или неполным телом запроса."
"passed","Sat Sep 13 00:56:17 UTC 2025","Sat Sep 13 00:56:18 UTC 2025","666","tests.admin_panel.promo","test_72_create_promotion","","","","test_create_promotion_invalid_data[payload8-400]","Негативные тесты: невалидные данные"
"passed","Sat Sep 13 00:59:22 UTC 2025","Sat Sep 13 00:59:23 UTC 2025","669","tests.admin_panel.sliders","test_52_create_slider","","","","test_create_slider_invalid_payload[payload0-expected_code0]","Негативный тест: попытка создать слайдер с невалидным payload."
"passed","Sat Sep 13 01:29:11 UTC 2025","Sat Sep 13 01:29:11 UTC 2025","186","tests.tickets","test_01_get_tickets","","","","test_get_tickets_success[filter0-sort0-search2-pagination1-admin]","Позитивный тест: получение списка тикетов с разными комбинациями параметров"
"passed","Sat Sep 13 01:23:40 UTC 2025","Sat Sep 13 01:23:40 UTC 2025","162","tests.register","test_01_register_form","","","","test_register_form_positive[admin-payload0]",""
"passed","Sat Sep 13 01:34:10 UTC 2025","Sat Sep 13 01:34:11 UTC 2025","1193","tests.tickets","test_04_create_ticket","","","","test_create_ticket_success[client-attachments2-QuestionsAboutTheWorkOfTheStructureAndMentors]","Позитивный тест: создание тикета с разными темами и вложениями для клиента, партнера и админа"
"passed","Sat Sep 13 00:49:35 UTC 2025","Sat Sep 13 00:49:36 UTC 2025","857","tests.admin_panel.items","test_create_item","","","","test_create_item_invalid_payload[payload9-expected_code9]","
    Негативный тест: создание варианта с невалидным телом запроса.
    Если сервер внезапно вернул успех — удаляем созданный item из БД.
    "
"passed","Sat Sep 13 00:56:38 UTC 2025","Sat Sep 13 00:56:39 UTC 2025","1020","tests.admin_panel.promo","test_73_get_promotion_by_id","","","","test_get_promotion_by_id_forbidden[partner]","Негативный тест: получение акции по ID не админом."
"passed","Sat Sep 13 00:48:55 UTC 2025","Sat Sep 13 00:48:57 UTC 2025","1615","tests.admin_panel.categories","test_81_delete_category_translation","","","","test_delete_category_translation_forbidden[client]","Негативный тест: удаление перевода не-админом запрещено."
"passed","Sat Sep 13 01:38:07 UTC 2025","Sat Sep 13 01:38:08 UTC 2025","601","tests.tickets","test_04_create_ticket","","","","test_create_ticket_invalid_request_type[partner-None-200]","Негативный тест: попытка создания тикета с неверным типом request_type"
"passed","Sat Sep 13 01:16:54 UTC 2025","Sat Sep 13 01:16:54 UTC 2025","152","tests.delivery","test_01_save_delivery_address","","","","test_save_delivery_address_negative[client-payload5-400]","Негативные тесты на сохранение адреса доставки"
"skipped","Sat Sep 13 01:39:26 UTC 2025","Sat Sep 13 01:39:27 UTC 2025","654","tests.tickets","test_09_get_ticket_messages","","","","test_get_ticket_messages_invalid_id_format[abc]","Негативный тест: запрос с некорректным ID (строка, спецсимволы, пустое значение)"
"skipped","Sat Sep 13 00:44:10 UTC 2025","Sat Sep 13 00:44:10 UTC 2025","0","tests.account","test_get_languages","","","","test_get_languages_success[partner-ios-200]","Возвращает список языков, доступных для перевода"
"passed","Sat Sep 13 00:43:02 UTC 2025","Sat Sep 13 00:43:02 UTC 2025","182","tests.account","test_0_profile","","","","test_get_profile_positive[client]","Позитивные тесты на получение данных пользовательского аккаунта"
"skipped","Sat Sep 13 00:44:55 UTC 2025","Sat Sep 13 00:44:55 UTC 2025","0","tests.admin_panel","test_accrue_gold_pro_gift","","","","test_accrue_gold_pro_gift_invalid_payload[payload2-400]",""
"passed","Sat Sep 13 01:37:30 UTC 2025","Sat Sep 13 01:37:31 UTC 2025","1212","tests.tickets","test_04_create_ticket","","","","test_create_ticket_success[admin-attachments2-QuestionsAboutInternationalDelivery]","Позитивный тест: создание тикета с разными темами и вложениями для клиента, партнера и админа"
"passed","Sat Sep 13 00:59:37 UTC 2025","Sat Sep 13 00:59:38 UTC 2025","671","tests.admin_panel.sliders","test_52_create_slider","","","","test_create_slider_invalid_payload[payload9-400]","Негативный тест: попытка создать слайдер с невалидным payload."
"skipped","Sat Sep 13 00:43:01 UTC 2025","Sat Sep 13 00:43:01 UTC 2025","0","tests.account","test_0_marathon","","","","test_create_product_brand_invalid_payload[params4-400-partner]",""
"passed","Sat Sep 13 01:27:09 UTC 2025","Sat Sep 13 01:27:10 UTC 2025","157","tests.statistic","test_team_registrations","","","","test_get_team_registration_statistic_negative[payload4-partner]","Негативный тест: ошибка при получении статистики регистрации команды с невалидным телом запроса"
"skipped","Sat Sep 13 01:27:28 UTC 2025","Sat Sep 13 01:27:28 UTC 2025","0","tests.stock","test_create_stock","","","","test_create_stock_success",""
"passed","Sat Sep 13 01:30:30 UTC 2025","Sat Sep 13 01:30:30 UTC 2025","184","tests.tickets","test_01_get_tickets","","","","test_get_tickets_success[filter1-sort1-search1-pagination0-admin]","Позитивный тест: получение списка тикетов с разными комбинациями параметров"
"passed","Sat Sep 13 00:50:56 UTC 2025","Sat Sep 13 00:50:59 UTC 2025","2938","tests.admin_panel.items","test_get_item_translation","","","","test_get_item_translation_success",""
"passed","Sat Sep 13 01:36:21 UTC 2025","Sat Sep 13 01:36:21 UTC 2025","616","tests.tickets","test_04_create_ticket","","","","test_create_ticket_success[admin-attachments0-QuestionsAboutOrders]","Позитивный тест: создание тикета с разными темами и вложениями для клиента, партнера и админа"
"passed","Sat Sep 13 01:13:36 UTC 2025","Sat Sep 13 01:13:37 UTC 2025","697","tests.catalog","test_get_admin_product_translation","","","","test_get_admin_product_translation_not_found","Запрос перевода для несуществующего product_id — 404."
"passed","Sat Sep 13 01:40:17 UTC 2025","Sat Sep 13 01:40:17 UTC 2025","159","tests.tickets","test_11_update_message","","","","test_update_nonexistent_message[client]","Негативный тест: попытка редактирования несуществующего сообщения"
"passed","Sat Sep 13 01:28:11 UTC 2025","Sat Sep 13 01:28:12 UTC 2025","322","tests.stock","test_get_stocks","","","","test_get_stocks[admin]","Запрос всех складов"
"passed","Sat Sep 13 00:55:16 UTC 2025","Sat Sep 13 00:55:17 UTC 2025","1244","tests.admin_panel.products","test_44_upload_product_brand_images","","","","test_upload_product_brand_images_formats[invalid.docx-application/vnd.openxmlformats-officedocument.wordprocessingml.document-400]","Проверка загрузки изображений бренда в разных форматах: негативные и позитивные кейсы."
"skipped","Sat Sep 13 01:27:31 UTC 2025","Sat Sep 13 01:27:31 UTC 2025","0","tests.stock","test_create_stock","","","","test_create_stock_with_empty_string_log_if_not_200[address.metro]",""
"passed","Sat Sep 13 01:24:40 UTC 2025","Sat Sep 13 01:24:40 UTC 2025","165","tests.statistic","test_team_activations","","","","test_get_team_activation_statistic_positive[payload1-admin]","Позитивный тест: получение статистики по активации команды с валидным телом запроса"
"passed","Sat Sep 13 01:32:12 UTC 2025","Sat Sep 13 01:32:12 UTC 2025","151","tests.tickets","test_01_get_tickets","","","","test_get_tickets_invalid_filter[invalid_filter0-400-client]","Негативный тест: передаем некорректные параметры фильтрации"
"passed","Sat Sep 13 01:08:20 UTC 2025","Sat Sep 13 01:08:20 UTC 2025","157","tests.cart","test_get_delivery_cost","","","","test_get_delivery_cost_invalid_payload[partner-payload4]","Негативный тест: некорректные входные данные"
"passed","Sat Sep 13 01:09:29 UTC 2025","Sat Sep 13 01:09:29 UTC 2025","151","tests.cart","test_user_locale","","","","test_update_user_locale_invalid_payload[partner-payload2-400]","Негативный тест: обновление локали с невалидным payload."
"passed","Sat Sep 13 00:51:00 UTC 2025","Sat Sep 13 00:51:04 UTC 2025","3242","tests.admin_panel.items","test_get_item_translation","","","","test_get_item_two_translations_success",""
"passed","Sat Sep 13 00:42:25 UTC 2025","Sat Sep 13 00:42:25 UTC 2025","465","tests.PROJECT_FUND.initiatives","test_get_report_by_id","","","","test_get_report_by_invalid_id[None-https://dev.ewahelps.com/api]","Негативный тест: невалидный или несуществующий path-параметр"
"passed","Sat Sep 13 01:28:28 UTC 2025","Sat Sep 13 01:28:29 UTC 2025","508","tests.temporary","test_get_account_exist","","","","test_account_exist[99999-400]",""
"passed","Sat Sep 13 01:24:18 UTC 2025","Sat Sep 13 01:24:19 UTC 2025","760","tests.register","test_03_register_client","","","","test_register_client_negative[payload0-400]","Тест: негативные тесты для регистрации клиента вручную"
"passed","Sat Sep 13 01:02:16 UTC 2025","Sat Sep 13 01:02:16 UTC 2025","681","tests.admin_panel.slides","test_57_create_slide","","","","test_create_slide_invalid_payload[payload18-422]","Негативные тесты: некорректные и неполные payload'ы."
"skipped","Sat Sep 13 00:46:47 UTC 2025","Sat Sep 13 00:46:49 UTC 2025","1548","tests.admin_panel.categories","test_50_upload_category_images","","","","test_upload_category_images_file_too_large[5.3-fields_to_send7-400]","Негативный тест: загрузка слишком большого изображения."
"skipped","Sat Sep 13 00:52:12 UTC 2025","Sat Sep 13 00:52:12 UTC 2025","0","tests.admin_panel.products","test_01_create_product_group","","","","test_create_product_group_invalid_payload[payload1-400]",""
"passed","Sat Sep 13 01:24:50 UTC 2025","Sat Sep 13 01:24:50 UTC 2025","175","tests.statistic","test_team_activations","","","","test_get_team_activation_statistic_positive[payload3-admin]","Позитивный тест: получение статистики по активации команды с валидным телом запроса"
"skipped","Sat Sep 13 00:44:10 UTC 2025","Sat Sep 13 00:44:10 UTC 2025","0","tests.account","test_token","","","","test_add_token_positive[client-payload0]","Позитивные тесты на добавление токена"
"passed","Sat Sep 13 00:45:27 UTC 2025","Sat Sep 13 00:45:28 UTC 2025","675","tests.admin_panel.categories","test_47_get_categories_by_id","","","","test_get_categories_invalid_id[abc]","Негативный тест: получение категории по невалидному ID."
"passed","Sat Sep 13 01:00:31 UTC 2025","Sat Sep 13 01:00:32 UTC 2025","1055","tests.admin_panel.sliders","test_54_update_slider","","","","test_update_slider_invalid_payload[payload3-expected_code3]","Негативный тест: обновление слайдера с невалидным или неполным телом запроса."
"passed","Sat Sep 13 00:43:28 UTC 2025","Sat Sep 13 00:43:29 UTC 2025","164","tests.account","test_0_users_by_lo_rating","","","","test_get_users_by_lo_rating_positive[client]","Позитивные тесты на получение рейтинга продавцов по личному объему"
"passed","Sat Sep 13 01:06:33 UTC 2025","Sat Sep 13 01:06:33 UTC 2025","148","tests.auth","test_02_login","","","","test_client_login[client---400]",""
"passed","Sat Sep 13 01:22:15 UTC 2025","Sat Sep 13 01:22:17 UTC 2025","2075","tests.one_c","test_create_1c_stock","","","","test_office_flag_roundtrip_get_only","
    Поведение поля is_office_entry_enabled:
    - при True сервер (GET) обязан вернуть поле и значение True;
    - при False сервер может либо не вернуть поле (omitempty), либо вернуть явный False.
    "
"passed","Sat Sep 13 01:24:45 UTC 2025","Sat Sep 13 01:24:45 UTC 2025","176","tests.statistic","test_team_activations","","","","test_get_team_activation_statistic_positive[payload2-admin]","Позитивный тест: получение статистики по активации команды с валидным телом запроса"
"passed","Sat Sep 13 00:43:18 UTC 2025","Sat Sep 13 00:43:18 UTC 2025","192","tests.account","test_0_top_partners_game_0824","","","","test_get_top_partners_game_0824_positive[client]","Позитивные тесты на получение топ-партнеров в игре 08/24"
"passed","Sat Sep 13 01:09:09 UTC 2025","Sat Sep 13 01:09:09 UTC 2025","157","tests.cart","test_user_locale","","","","test_update_user_locale_valid_payload_1[partner-payload7]","
    Позитивный тест: Обновление языка/склада/локали авторизованным пользователем."
"skipped","Sat Sep 13 00:44:10 UTC 2025","Sat Sep 13 00:44:10 UTC 2025","0","tests.account","test_history_group_volumes","","","","test_get_group_volumes_history_positive[client-payload0]","Позитивные тесты на получение истории начисления групповых объемов"
"passed","Sat Sep 13 01:26:22 UTC 2025","Sat Sep 13 01:26:22 UTC 2025","153","tests.statistic","test_team_go","","","","test_get_team_go_statistic_negative[payload6-partner]","Негативный тест: ошибка при получении статистики по команде с невалидным телом запроса"
"passed","Sat Sep 13 01:26:47 UTC 2025","Sat Sep 13 01:26:47 UTC 2025","156","tests.statistic","test_team_registrations","","","","test_get_team_registration_statistic_negative[payload0-client]","Негативный тест: ошибка при получении статистики регистрации команды с невалидным телом запроса"
"skipped","Sat Sep 13 00:44:10 UTC 2025","Sat Sep 13 00:44:10 UTC 2025","0","tests.account","test_family_agreement_update_status","","","","test_update_family_agreement_status_positive[admin-payload1]","Позитивные тесты на изменение статуса семейного соглашения"
"passed","Sat Sep 13 00:47:43 UTC 2025","Sat Sep 13 00:47:44 UTC 2025","999","tests.admin_panel.categories","test_57_v2_update_category","","","","test_v2_update_category_invalid_payload[payload6-422]","Негативный тест: обновление категории с невалидным или неполным телом запроса."
"passed","Sat Sep 13 01:00:09 UTC 2025","Sat Sep 13 01:00:10 UTC 2025","1476","tests.admin_panel.sliders","test_54_update_slider","","","","test_update_slider_unique_name_should_fail_if_not_unique","Негативный тест: попытка обновить unique_name слайдера на уже существующий."
"passed","Sat Sep 13 00:46:08 UTC 2025","Sat Sep 13 00:46:10 UTC 2025","1436","tests.admin_panel.categories","test_50_upload_category_images","","","","test_upload_only_single_image_field_should_not_fill_others[image-test_jpg.jpg-image/jpeg-image]","Проверка: загрузка только одного из полей (icon, image, image_site) не должна заполнять другие."
"skipped","Sat Sep 13 00:44:10 UTC 2025","Sat Sep 13 00:44:10 UTC 2025","0","tests.account","test_history_group_volumes_admin","","","","test_get_group_volumes_history_admin_positive[admin-payload1]","Позитивные тесты на получение истории начисления групповых объемов для админа"
"passed","Sat Sep 13 01:01:44 UTC 2025","Sat Sep 13 01:01:44 UTC 2025","465","tests.admin_panel.slides","test_57_create_slide","","","","test_create_slide_unauthorized","Негативный тест: создание слайда без авторизации."
"passed","Sat Sep 13 01:10:36 UTC 2025","Sat Sep 13 01:10:37 UTC 2025","903","tests.catalog","test_create_admin_product","","","","test_create_product_invalid_payload[payload9-422]",""
"passed","Sat Sep 13 00:45:16 UTC 2025","Sat Sep 13 00:45:18 UTC 2025","1134","tests.admin_panel.categories","test_45_get_categories","","","","test_get_categories_after_adding","Интеграционный тест: добавление категории и проверка её наличия в списке по ID."
"passed","Sat Sep 13 01:25:41 UTC 2025","Sat Sep 13 01:25:41 UTC 2025","171","tests.statistic","test_team_go","","","","test_get_team_go_statistic_positive[payload2-partner]","Позитивный тест: получение статистики по команде с валидным телом запроса"
"skipped","Sat Sep 13 01:23:35 UTC 2025","Sat Sep 13 01:23:35 UTC 2025","0","tests.orders","test_orders_v2_pay","","","","test_orders_v2_pay_invalid_data[invalid_payload1-400]","Негативный тест: отправка некорректных данных"
"passed","Sat Sep 13 01:05:33 UTC 2025","Sat Sep 13 01:05:34 UTC 2025","1550","tests.admin_panel.slides","test_61_upload_slides_images","","","","test_upload_only_single_slide_image_field[desktop_image-test_jpg.jpg-image/jpeg-desktop_image]","Проверка: загрузка только одного изображения не должна заполнять другие поля."
"passed","Sat Sep 13 01:15:57 UTC 2025","Sat Sep 13 01:16:03 UTC 2025","6682","tests.catalog","test_update_admin_product","","","","test_update_admin_product_full_payload_2",""
"passed","Sat Sep 13 01:36:59 UTC 2025","Sat Sep 13 01:37:00 UTC 2025","1308","tests.tickets","test_04_create_ticket","","","","test_create_ticket_success[admin-attachments1-QuestionsAboutTheWorkOfTheStructureAndMentors]","Позитивный тест: создание тикета с разными темами и вложениями для клиента, партнера и админа"
"passed","Sat Sep 13 00:53:35 UTC 2025","Sat Sep 13 00:53:36 UTC 2025","670","tests.admin_panel.products","test_40_create_product_brand","","","","test_create_product_brand_invalid_payload[payload7-expected_codes7]","Негативные кейсы: невалидные поля при создании бренда."
"passed","Sat Sep 13 01:21:42 UTC 2025","Sat Sep 13 01:21:43 UTC 2025","1847","tests.one_c","test_create_1c_stock","","","","test_post_update_persists_and_get_reflects",""
"passed","Sat Sep 13 00:59:25 UTC 2025","Sat Sep 13 00:59:26 UTC 2025","693","tests.admin_panel.sliders","test_52_create_slider","","","","test_create_slider_invalid_payload[payload2-expected_code2]","Негативный тест: попытка создать слайдер с невалидным payload."
"passed","Sat Sep 13 01:23:06 UTC 2025","Sat Sep 13 01:23:06 UTC 2025","158","tests.orders","test_create_order_by_delivery_address","","","","test_create_order_invalid_data[invalid_payload0-partner]","Негативные тесты: создание заказа с некорректными данными"
"passed","Sat Sep 13 00:53:43 UTC 2025","Sat Sep 13 00:53:44 UTC 2025","639","tests.admin_panel.products","test_40_create_product_brand","","","","test_create_product_brand_invalid_payload[payload12-expected_codes12]","Негативные кейсы: невалидные поля при создании бренда."
"passed","Sat Sep 13 01:22:33 UTC 2025","Sat Sep 13 01:22:33 UTC 2025","463","tests.one_c","test_create_1c_stock","","","","test_post_bad_request_or_unprocessable[<lambda>7]",""
"passed","Sat Sep 13 00:46:59 UTC 2025","Sat Sep 13 00:46:59 UTC 2025","680","tests.admin_panel.categories","test_56_v2_create_category","","","","test_v2_create_category_invalid_payload[payload0-expected_code0]","Негативный тест: создание категории с невалидным телом запроса."
"passed","Sat Sep 13 01:00:49 UTC 2025","Sat Sep 13 01:00:50 UTC 2025","1045","tests.admin_panel.sliders","test_54_update_slider","","","","test_update_slider_invalid_payload[payload12-422]","Негативный тест: обновление слайдера с невалидным или неполным телом запроса."
"passed","Sat Sep 13 01:28:03 UTC 2025","Sat Sep 13 01:28:03 UTC 2025","156","tests.stock","test_get_stock_by_id","","","","test_get_stock_by_invalid_id[0-admin]","Невалидные значения ID склада"
"passed","Sat Sep 13 01:03:25 UTC 2025","Sat Sep 13 01:03:26 UTC 2025","1094","tests.admin_panel.slides","test_59_update_slide","","","","test_update_slide_invalid_payload[payload5-expected_code5]","Негативный тест: обновление слайда с невалидным или неполным телом запроса."
"skipped","Sat Sep 13 01:19:26 UTC 2025","Sat Sep 13 01:19:26 UTC 2025","0","tests.integration","test_auth_01_full_auth_cycle","","","","test_full_auth_flow[authorize_partner]","Сценарный тест: полный цикл авторизации и выхода"
"skipped","Sat Sep 13 00:44:10 UTC 2025","Sat Sep 13 00:44:10 UTC 2025","0","tests.account","test_family_agreement_create_three","","","","test_create_family_agreement_three_positive[client-payload0]","Позитивные тесты на создание семейного соглашения при аннулировании второго партнера"
"skipped","Sat Sep 13 00:44:55 UTC 2025","Sat Sep 13 00:44:55 UTC 2025","0","tests.admin_panel","test_accrue_gold_pro_gift","","","","test_accrue_gold_pro_gift_forbidden[partner]",""
"passed","Sat Sep 13 01:27:52 UTC 2025","Sat Sep 13 01:27:53 UTC 2025","166","tests.stock","test_get_group_orders","","","","test_get_group_orders_country_id_not_found[admin]","Проверка получения складов по несуществующему country_id"
"passed","Sat Sep 13 00:59:27 UTC 2025","Sat Sep 13 00:59:28 UTC 2025","638","tests.admin_panel.sliders","test_52_create_slider","","","","test_create_slider_invalid_payload[payload3-expected_code3]","Негативный тест: попытка создать слайдер с невалидным payload."
"passed","Sat Sep 13 00:42:12 UTC 2025","Sat Sep 13 00:42:12 UTC 2025","460","tests.PROJECT_FUND.initiatives","test_get_initiative_by_id","","","","test_get_initiative_by_invalid_id[1.5-https://dev.ewahelps.com/api]",""
"passed","Sat Sep 13 01:22:36 UTC 2025","Sat Sep 13 01:22:36 UTC 2025","442","tests.one_c","test_create_1c_stock","","","","test_post_bad_request_or_unprocessable[<lambda>9]",""
"passed","Sat Sep 13 01:00:26 UTC 2025","Sat Sep 13 01:00:27 UTC 2025","987","tests.admin_panel.sliders","test_54_update_slider","","","","test_update_slider_invalid_payload[payload1-expected_code1]","Негативный тест: обновление слайдера с невалидным или неполным телом запроса."
"passed","Sat Sep 13 01:23:02 UTC 2025","Sat Sep 13 01:23:02 UTC 2025","452","tests.one_c","test_get_1с_stock","","","","test_get_stock_bad_request[params4]",""
"skipped","Sat Sep 13 01:19:09 UTC 2025","Sat Sep 13 01:19:10 UTC 2025","945","tests.fund","test_get_top_donors","","","","test_get_top_donors_success[all-https://dev.ewahelps.com/api]",""
"passed","Sat Sep 13 01:31:31 UTC 2025","Sat Sep 13 01:31:31 UTC 2025","179","tests.tickets","test_01_get_tickets","","","","test_get_tickets_success[filter2-sort1-search1-pagination0-partner]","Позитивный тест: получение списка тикетов с разными комбинациями параметров"
"skipped","Sat Sep 13 01:27:31 UTC 2025","Sat Sep 13 01:27:31 UTC 2025","0","tests.stock","test_create_stock","","","","test_create_stock_with_empty_string_log_if_not_200[id]",""
"passed","Sat Sep 13 01:07:18 UTC 2025","Sat Sep 13 01:07:18 UTC 2025","373","tests.cart","test_get_delivery_cost","","","","test_get_delivery_cost_success_full_payload[partner]","Позитивный тест: успешное получение ТК при полном наборе параметров"
"skipped","Sat Sep 13 00:44:41 UTC 2025","Sat Sep 13 00:44:41 UTC 2025","0","tests.admin_panel","test_accrue_auto_bonus","","","","test_accrue_auto_bonus_for_partner",""
"passed","Sat Sep 13 00:52:59 UTC 2025","Sat Sep 13 00:53:02 UTC 2025","2186","tests.admin_panel.products","test_03_recommended_products_delete","","","","test_remove_recommendation_db_no_rights[client]","Пользователь без прав пытается удалить рекомендации."
"skipped","Sat Sep 13 00:44:10 UTC 2025","Sat Sep 13 00:44:10 UTC 2025","0","tests.account","test_history_group_volumes_admin","","","","test_get_group_volumes_history_admin_positive[client-payload0]","Позитивные тесты на получение истории начисления групповых объемов для админа"
"passed","Sat Sep 13 00:47:17 UTC 2025","Sat Sep 13 00:47:18 UTC 2025","460","tests.admin_panel.categories","test_57_v2_update_category","","","","test_v2_update_category_unauthorized","Негативный тест: попытка обновления категории без авторизации."
"skipped","Sat Sep 13 01:25:02 UTC 2025","Sat Sep 13 01:25:03 UTC 2025","159","tests.statistic","test_team_activations","","","","test_get_team_activation_statistic_negative[payload2-client]","Негативный тест: ошибка при получении статистики активации команды с невалидным телом запроса"
"skipped","Sat Sep 13 00:44:10 UTC 2025","Sat Sep 13 00:44:10 UTC 2025","0","tests.account","test_history_admin","","","","test_get_admin_history_positive[client-payload0]","Позитивные тесты на получение истории бонусов для админа"
"passed","Sat Sep 13 01:22:56 UTC 2025","Sat Sep 13 01:22:56 UTC 2025","465","tests.one_c","test_get_1с_stock","","","","test_get_stock_bad_request[params0]",""
"passed","Sat Sep 13 00:50:23 UTC 2025","Sat Sep 13 00:50:24 UTC 2025","649","tests.admin_panel.items","test_create_item_translation","","","","test_create_item_translation_invalid_payload[payload4-code4]","Негативный тест: создание перевода с невалидным payload."
"passed","Sat Sep 13 01:26:15 UTC 2025","Sat Sep 13 01:26:16 UTC 2025","159","tests.statistic","test_team_go","","","","test_get_team_go_statistic_negative[payload5-client]","Негативный тест: ошибка при получении статистики по команде с невалидным телом запроса"
"passed","Sat Sep 13 01:02:45 UTC 2025","Sat Sep 13 01:02:46 UTC 2025","641","tests.admin_panel.slides","test_58_get_slides_by_id","","","","test_get_slides_invalid_id[abc]","Негативный тест: невалидный ID в path-параметре."
"passed","Sat Sep 13 01:02:04 UTC 2025","Sat Sep 13 01:02:04 UTC 2025","641","tests.admin_panel.slides","test_57_create_slide","","","","test_create_slide_invalid_payload[payload11-400]","Негативные тесты: некорректные и неполные payload'ы."
"passed","Sat Sep 13 00:53:06 UTC 2025","Sat Sep 13 00:53:07 UTC 2025","464","tests.admin_panel.products","test_03_recommended_products_delete","","","","test_remove_recommendation_unauthorized","Неавторизованный пользователь пытается удалить рекомендации."
"skipped","Sat Sep 13 00:44:10 UTC 2025","Sat Sep 13 00:44:10 UTC 2025","0","tests.account","test_history","","","","test_get_history_positive[admin-payload1]","Позитивные тесты на получение истории аккаунта"
"passed","Sat Sep 13 01:35:51 UTC 2025","Sat Sep 13 01:35:52 UTC 2025","1189","tests.tickets","test_04_create_ticket","","","","test_create_ticket_success[partner-attachments2-QuestionsAboutProducts]","Позитивный тест: создание тикета с разными темами и вложениями для клиента, партнера и админа"
"passed","Sat Sep 13 01:28:39 UTC 2025","Sat Sep 13 01:28:40 UTC 2025","829","tests.temporary","test_last_cleanup_orphan_boxes","","","","test_cleanup_orphan_boxes_is_idempotent","
    Проверяем:
      1) сколько сирот есть сейчас,
      2) cleanup удаляет ровно их количество,
      3) повторный запуск не удаляет ничего.
    "
"passed","Sat Sep 13 01:12:50 UTC 2025","Sat Sep 13 01:12:51 UTC 2025","698","tests.catalog","test_delete_admin_product_translation","","","","test_delete_admin_product_translation_invalid_id[-1]","Удаление перевода по невалидному product_id — должно вернуть 400 или 404."
"passed","Sat Sep 13 00:56:48 UTC 2025","Sat Sep 13 00:56:49 UTC 2025","662","tests.admin_panel.promo","test_73_get_promotion_by_id","","","","test_get_promotion_invalid_id[1.5]","Негативный тест: получение акции по невалидному ID."
"skipped","Sat Sep 13 01:38:20 UTC 2025","Sat Sep 13 01:38:20 UTC 2025","0","tests.tickets","test_04_create_ticket","","","","test_create_ticket_invalid_title[partner-None]","Негативный тест: создание тикета без заголовка"
"passed","Sat Sep 13 00:47:24 UTC 2025","Sat Sep 13 00:47:25 UTC 2025","659","tests.admin_panel.categories","test_57_v2_update_category","","","","test_v2_update_category_invalid_id[-1]","Негативный тест: несуществующий или некорректный ID."
"passed","Sat Sep 13 01:03:35 UTC 2025","Sat Sep 13 01:03:36 UTC 2025","1153","tests.admin_panel.slides","test_59_update_slide","","","","test_update_slide_invalid_payload[payload10-422]","Негативный тест: обновление слайда с невалидным или неполным телом запроса."
"passed","Sat Sep 13 01:08:57 UTC 2025","Sat Sep 13 01:08:58 UTC 2025","468","tests.cart","test_user_locale","","","","test_update_user_locale_valid_payload_1[partner-payload1]","
    Позитивный тест: Обновление языка/склада/локали авторизованным пользователем."
"skipped","Sat Sep 13 01:28:13 UTC 2025","Sat Sep 13 01:28:14 UTC 2025","336","tests.stock","test_get_stocks","","","","test_get_stocks_invalid_country_id[abc-admin]","Проверка получения складов по невалидному country_id"
"passed","Sat Sep 13 01:06:22 UTC 2025","Sat Sep 13 01:06:23 UTC 2025","154","tests.auth","test_02_login","","","","test_admin_login[admin-Admin--401]",""
"passed","Sat Sep 13 01:04:37 UTC 2025","Sat Sep 13 01:04:38 UTC 2025","1426","tests.admin_panel.slides","test_61_upload_slides_images","","","","test_upload_slide_images_invalid_format[valid.jpg-image/jpeg-204]","Негативный и позитивный тест: загрузка изображений в разных форматах."
"passed","Sat Sep 13 01:40:12 UTC 2025","Sat Sep 13 01:40:13 UTC 2025","983","tests.tickets","test_11_update_message","","","","test_update_message_validation[partner-update_payload0-403]","Негативные тесты: невалидные поля при редактировании сообщения"
"passed","Sat Sep 13 00:45:11 UTC 2025","Sat Sep 13 00:45:11 UTC 2025","159","tests.admin_panel.categories","test_45_get_categories","","","","test_get_categories_forbidden[client]","Негативный тест: получение списка категорий не админом."
"passed","Sat Sep 13 00:46:56 UTC 2025","Sat Sep 13 00:46:56 UTC 2025","157","tests.admin_panel.categories","test_56_v2_create_category","","","","test_v2_create_category_forbidden[partner]","Негативный тест: создание категории не-админом запрещено."
"skipped","Sat Sep 13 00:43:01 UTC 2025","Sat Sep 13 00:43:01 UTC 2025","0","tests.account","test_0_marathon","","","","test_create_product_brand_invalid_payload[params2-400-client]",""
"passed","Sat Sep 13 00:54:30 UTC 2025","Sat Sep 13 00:54:31 UTC 2025","1049","tests.admin_panel.products","test_42_update_product_brand","","","","test_update_product_brand_invalid_payload[payload3-expected_code3]","Негативный тест: обновление бренда с невалидным или неполным телом запроса."
"passed","Sat Sep 13 00:57:15 UTC 2025","Sat Sep 13 00:57:16 UTC 2025","1019","tests.admin_panel.promo","test_74_update_promotion","","","","test_update_promotion_invalid_payload[payload2-400]","Негативный тест: обновление акции с невалидным или неполным телом запроса."
"passed","Sat Sep 13 01:03:44 UTC 2025","Sat Sep 13 01:03:45 UTC 2025","1133","tests.admin_panel.slides","test_59_update_slide","","","","test_update_slide_invalid_payload[payload14-expected_code14]","Негативный тест: обновление слайда с невалидным или неполным телом запроса."
"skipped","Sat Sep 13 01:27:31 UTC 2025","Sat Sep 13 01:27:31 UTC 2025","0","tests.stock","test_create_stock","","","","test_create_stock_with_empty_string_log_if_not_200[name]",""
"skipped","Sat Sep 13 00:44:10 UTC 2025","Sat Sep 13 00:44:10 UTC 2025","0","tests.account","test_history_personal_volumes","","","","test_get_personal_volumes_history_positive[client-payload0]","Позитивные тесты на получение истории начисления личных объемов"
"passed","Sat Sep 13 01:22:21 UTC 2025","Sat Sep 13 01:22:21 UTC 2025","440","tests.one_c","test_create_1c_stock","","","","test_post_forbidden[True-]",""
"passed","Sat Sep 13 01:04:09 UTC 2025","Sat Sep 13 01:04:10 UTC 2025","660","tests.admin_panel.slides","test_60_delete_slides","","","","test_delete_slide_invalid_id[-1]","Негативный тест: удаление несуществующего или некорректного слайда."
"passed","Sat Sep 13 01:00:02 UTC 2025","Sat Sep 13 01:00:02 UTC 2025","694","tests.admin_panel.sliders","test_53_get_sliders_by_id","","","","test_get_sliders_invalid_id[1.5]","Негативный тест: получение слайдера по невалидному ID"
"passed","Sat Sep 13 01:05:51 UTC 2025","Sat Sep 13 01:05:51 UTC 2025","159","tests.admin_panel.slides","test_62_slides_get_upload_urls","","","","test_get_upload_urls_forbidden[partner]","Негативный тест: неадмин не может получить ссылки на загрузку видео файлов."
"passed","Sat Sep 13 01:01:59 UTC 2025","Sat Sep 13 01:01:59 UTC 2025","671","tests.admin_panel.slides","test_57_create_slide","","","","test_create_slide_invalid_payload[payload8-422]","Негативные тесты: некорректные и неполные payload'ы."
"passed","Sat Sep 13 01:40:34 UTC 2025","Sat Sep 13 01:40:35 UTC 2025","667","tests.tickets","test_12_delete_message","","","","test_delete_ticket_message_negative[None-400]","Негативные тесты: удаление с некорректными данными"
"passed","Sat Sep 13 00:58:44 UTC 2025","Sat Sep 13 00:58:45 UTC 2025","677","tests.admin_panel.promo","test_77_create_promotion_item","","","","test_create_promotion_item_invalid_ids[1-xyz-404]",""
"passed","Sat Sep 13 01:29:32 UTC 2025","Sat Sep 13 01:29:32 UTC 2025","178","tests.tickets","test_01_get_tickets","","","","test_get_tickets_success[filter0-sort1-search1-pagination1-admin]","Позитивный тест: получение списка тикетов с разными комбинациями параметров"
"passed","Sat Sep 13 01:24:34 UTC 2025","Sat Sep 13 01:24:35 UTC 2025","159","tests.statistic","test_team_activations","","","","test_get_team_activation_statistic_positive[payload0-admin]","Позитивный тест: получение статистики по активации команды с валидным телом запроса"
"passed","Sat Sep 13 01:03:06 UTC 2025","Sat Sep 13 01:03:07 UTC 2025","1043","tests.admin_panel.slides","test_59_update_slide","","","","test_update_slide_forbidden[partner]","Негативный тест: попытка обновления слайда не-админом."
"skipped","Sat Sep 13 00:46:42 UTC 2025","Sat Sep 13 00:46:43 UTC 2025","1398","tests.admin_panel.categories","test_50_upload_category_images","","","","test_upload_category_images_file_too_large[5.3-fields_to_send5-400]","Негативный тест: загрузка слишком большого изображения."
"passed","Sat Sep 13 01:25:49 UTC 2025","Sat Sep 13 01:25:49 UTC 2025","154","tests.statistic","test_team_go","","","","test_get_team_go_statistic_negative[payload0-client]","Негативный тест: ошибка при получении статистики по команде с невалидным телом запроса"
"skipped","Sat Sep 13 01:27:31 UTC 2025","Sat Sep 13 01:27:31 UTC 2025","0","tests.stock","test_create_stock","","","","test_create_stock_with_empty_string_log_if_not_200[address.latitude]",""
"passed","Sat Sep 13 01:04:54 UTC 2025","Sat Sep 13 01:04:57 UTC 2025","2295","tests.admin_panel.slides","test_61_upload_slides_images","","","","test_upload_slide_images_file_too_large[5.3-fields_to_send3-400]","Негативный тест: загрузка слишком большого изображения."
"skipped","Sat Sep 13 01:27:31 UTC 2025","Sat Sep 13 01:27:31 UTC 2025","0","tests.stock","test_create_stock","","","","test_create_stock_with_empty_string_log_if_not_200[address.house_number]",""
"skipped","Sat Sep 13 00:44:10 UTC 2025","Sat Sep 13 00:44:10 UTC 2025","0","tests.account","test_update","","","","test_update_account_positive[client-payload0]","Позитивные тесты на обновление данных аккаунта"
"passed","Sat Sep 13 00:53:40 UTC 2025","Sat Sep 13 00:53:41 UTC 2025","665","tests.admin_panel.products","test_40_create_product_brand","","","","test_create_product_brand_invalid_payload[payload10-expected_codes10]","Негативные кейсы: невалидные поля при создании бренда."
"skipped","Sat Sep 13 01:27:31 UTC 2025","Sat Sep 13 01:27:31 UTC 2025","0","tests.stock","test_create_stock","","","","test_create_stock_with_empty_string_log_if_not_200[is_pickup_only]",""
"passed","Sat Sep 13 01:26:12 UTC 2025","Sat Sep 13 01:26:12 UTC 2025","156","tests.statistic","test_team_go","","","","test_get_team_go_statistic_negative[payload4-partner]","Негативный тест: ошибка при получении статистики по команде с невалидным телом запроса"
"skipped","Sat Sep 13 00:44:55 UTC 2025","Sat Sep 13 00:44:55 UTC 2025","0","tests.admin_panel","test_accrue_gold_pro_gift","","","","test_accrue_gold_pro_gift_for_partner",""
"passed","Sat Sep 13 01:07:04 UTC 2025","Sat Sep 13 01:07:05 UTC 2025","688","tests.auth","test_06_full_logout","","","","test_full_logout_success[client]","Тест полного разлогина всех сессий клиента, партнера и админа."
"skipped","Sat Sep 13 01:38:41 UTC 2025","Sat Sep 13 01:38:42 UTC 2025","1387","tests.tickets","test_06_close_ticket","","","","test_close_tickets_negative[client-ticket_ids0-400]","Негативные тесты: закрытие с некорректными данными"
"skipped","Sat Sep 13 01:26:57 UTC 2025","Sat Sep 13 01:26:57 UTC 2025","160","tests.statistic","test_team_registrations","","","","test_get_team_registration_statistic_negative[payload2-client]","Негативный тест: ошибка при получении статистики регистрации команды с невалидным телом запроса"
"skipped","Sat Sep 13 01:27:31 UTC 2025","Sat Sep 13 01:27:31 UTC 2025","0","tests.stock","test_create_stock","","","","test_create_stock_with_empty_string_log_if_not_200[address.building]",""
"passed","Sat Sep 13 00:57:21 UTC 2025","Sat Sep 13 00:57:22 UTC 2025","1082","tests.admin_panel.promo","test_74_update_promotion","","","","test_update_promotion_invalid_payload[payload5-400]","Негативный тест: обновление акции с невалидным или неполным телом запроса."
"skipped","Sat Sep 13 00:44:10 UTC 2025","Sat Sep 13 00:44:10 UTC 2025","0","tests.account","test_history_admin","","","","test_get_admin_history_positive[client-payload1]","Позитивные тесты на получение истории бонусов для админа"
"skipped","Sat Sep 13 01:23:58 UTC 2025","Sat Sep 13 01:23:58 UTC 2025","164","tests.register","test_01_register_form","","","","test_register_form_negative[admin-payload1-400]",""
"passed","Sat Sep 13 01:31:36 UTC 2025","Sat Sep 13 01:31:37 UTC 2025","172","tests.tickets","test_01_get_tickets","","","","test_get_tickets_success[filter2-sort1-search1-pagination1-partner]","Позитивный тест: получение списка тикетов с разными комбинациями параметров"
"passed","Sat Sep 13 01:30:23 UTC 2025","Sat Sep 13 01:30:23 UTC 2025","179","tests.tickets","test_01_get_tickets","","","","test_get_tickets_success[filter1-sort1-search0-pagination1-partner]","Позитивный тест: получение списка тикетов с разными комбинациями параметров"
"passed","Sat Sep 13 00:42:32 UTC 2025","Sat Sep 13 00:42:33 UTC 2025","483","tests.PROJECT_FUND.initiatives","test_get_reports","","","","test_get_reports_with_query_params[query3-https://dev.ewahelps.com/api]","Позитивный тест: получение списка отчетов с query-параметрами"
"passed","Sat Sep 13 00:51:58 UTC 2025","Sat Sep 13 00:52:00 UTC 2025","1500","tests.admin_panel.items","test_update_item","","","","test_update_item_invalid_payload[payload3-400]","Негативный тест: обновление item с невалидным или неполным телом запроса."
"skipped","Sat Sep 13 00:44:10 UTC 2025","Sat Sep 13 00:44:10 UTC 2025","0","tests.account","test_history_group_volumes","","","","test_get_group_volumes_history_positive[client-payload1]","Позитивные тесты на получение истории начисления групповых объемов"
"passed","Sat Sep 13 01:40:39 UTC 2025","Sat Sep 13 01:40:40 UTC 2025","462","tests.tickets","test_12_delete_message","","","","test_delete_ticket_message_without_auth","Негативный тест: удаление сообщения без авторизации"
"passed","Sat Sep 13 00:59:35 UTC 2025","Sat Sep 13 00:59:36 UTC 2025","711","tests.admin_panel.sliders","test_52_create_slider","","","","test_create_slider_invalid_payload[payload8-422]","Негативный тест: попытка создать слайдер с невалидным payload."
"passed","Sat Sep 13 00:55:27 UTC 2025","Sat Sep 13 00:55:31 UTC 2025","3579","tests.admin_panel.products","test_44_upload_product_brand_images","","","","test_upload_product_brand_images_various_fields[4.7-fields_to_send0-204]","Негативный тест. Загрузка слишком большого изображения."
"passed","Sat Sep 13 00:55:35 UTC 2025","Sat Sep 13 00:55:39 UTC 2025","3892","tests.admin_panel.products","test_44_upload_product_brand_images","","","","test_upload_product_brand_images_various_fields[4.7-fields_to_send2-204]","Негативный тест. Загрузка слишком большого изображения."
"skipped","Sat Sep 13 01:27:31 UTC 2025","Sat Sep 13 01:27:31 UTC 2025","0","tests.stock","test_create_stock","","","","test_create_stock_with_empty_string_log_if_not_200[address.email]",""
"passed","Sat Sep 13 00:58:58 UTC 2025","Sat Sep 13 00:58:59 UTC 2025","663","tests.admin_panel.promo","test_78_delete_promotion_item","","","","test_delete_promotion_item_invalid_id[abc-abc]","Негативный тест: удаление элемента акции с невалидным ID продукта."
"skipped","Sat Sep 13 01:26:54 UTC 2025","Sat Sep 13 01:26:54 UTC 2025","166","tests.statistic","test_team_registrations","","","","test_get_team_registration_statistic_negative[payload1-partner]","Негативный тест: ошибка при получении статистики регистрации команды с невалидным телом запроса"
"passed","Sat Sep 13 00:43:58 UTC 2025","Sat Sep 13 00:43:58 UTC 2025","684","tests.account","test_add_cover_url","","","","test_add_cover_invalid_payload[payload4]",""
"passed","Sat Sep 13 01:27:21 UTC 2025","Sat Sep 13 01:27:22 UTC 2025","160","tests.statistic","test_team_registrations","","","","test_get_team_registration_statistic_negative[payload6-admin]","Негативный тест: ошибка при получении статистики регистрации команды с невалидным телом запроса"
"passed","Sat Sep 13 01:06:13 UTC 2025","Sat Sep 13 01:06:13 UTC 2025","460","tests.auth","test_01_check_version","","","","test_check_version[Frontend-2.9.9-200]","Тест проверяет API /check_version для разных платформ и версий."
"passed","Sat Sep 13 01:09:25 UTC 2025","Sat Sep 13 01:09:25 UTC 2025","152","tests.cart","test_user_locale","","","","test_update_user_locale_invalid_payload[partner-payload0-400]","Негативный тест: обновление локали с невалидным payload."
"passed","Sat Sep 13 01:29:30 UTC 2025","Sat Sep 13 01:29:31 UTC 2025","180","tests.tickets","test_01_get_tickets","","","","test_get_tickets_success[filter0-sort1-search1-pagination1-partner]","Позитивный тест: получение списка тикетов с разными комбинациями параметров"
"passed","Sat Sep 13 01:34:04 UTC 2025","Sat Sep 13 01:34:05 UTC 2025","1212","tests.tickets","test_04_create_ticket","","","","test_create_ticket_success[client-attachments2-QuestionsAboutInternationalDelivery]","Позитивный тест: создание тикета с разными темами и вложениями для клиента, партнера и админа"
"skipped","Sat Sep 13 00:52:12 UTC 2025","Sat Sep 13 00:52:12 UTC 2025","0","tests.admin_panel.products","test_01_create_product_group","","","","test_create_duplicate_product_group_should_fail","Негативный тест: попытка создать идентичные продукт группы"
"passed","Sat Sep 13 01:38:05 UTC 2025","Sat Sep 13 01:38:06 UTC 2025","616","tests.tickets","test_04_create_ticket","","","","test_create_ticket_invalid_request_type[partner--200]","Негативный тест: попытка создания тикета с неверным типом request_type"
"passed","Sat Sep 13 00:48:35 UTC 2025","Sat Sep 13 00:48:36 UTC 2025","684","tests.admin_panel.categories","test_80_create_category_translation","","","","test_create_category_translation_invalid_payload[payload0-400]","Негативный тест: создание перевода с невалидным payload."
"passed","Sat Sep 13 01:06:05 UTC 2025","Sat Sep 13 01:06:06 UTC 2025","461","tests.auth","test_01_check_version","","","","test_check_version[Android-1.0.0-200]","Тест проверяет API /check_version для разных платформ и версий."
"passed","Sat Sep 13 00:52:35 UTC 2025","Sat Sep 13 00:52:36 UTC 2025","1787","tests.admin_panel.products","test_02_recommended_products_add","","","","test_add_same_product_as_recommended","Попытка добавить товар в рекомендации к самому себе"
"passed","Sat Sep 13 01:12:04 UTC 2025","Sat Sep 13 01:12:04 UTC 2025","440","tests.catalog","test_create_admin_product_translation","","","","test_create_admin_product_translation_unauthorized","Проверка запрета для неавторизованного пользователя."
"skipped","Sat Sep 13 00:52:12 UTC 2025","Sat Sep 13 00:52:12 UTC 2025","0","tests.admin_panel.products","test_01_create_product_group","","","","test_create_product_group_success_2","Позитивный тест: успешное создание продукт группы (только обязательное поле)."
"passed","Sat Sep 13 01:38:11 UTC 2025","Sat Sep 13 01:38:12 UTC 2025","606","tests.tickets","test_04_create_ticket","","","","test_create_ticket_invalid_request_type[admin--200]","Негативный тест: попытка создания тикета с неверным типом request_type"
"passed","Sat Sep 13 00:57:52 UTC 2025","Sat Sep 13 00:57:52 UTC 2025","643","tests.admin_panel.promo","test_75_delete_promotion_by_id","","","","test_delete_promotion_invalid_id[abc]","Негативный тест: удаление несуществующей или некорректной акции."
"skipped","Sat Sep 13 00:42:38 UTC 2025","Sat Sep 13 00:42:39 UTC 2025","476","tests.PROJECT_FUND.initiatives","test_get_reports","","","","test_get_reports_invalid_query_params[query3-https://dev.ewahelps.com/api]","Негативный тест: запрос с некорректными query-параметрами"
"skipped","Sat Sep 13 01:27:01 UTC 2025","Sat Sep 13 01:27:01 UTC 2025","166","tests.statistic","test_team_registrations","","","","test_get_team_registration_statistic_negative[payload2-admin]","Негативный тест: ошибка при получении статистики регистрации команды с невалидным телом запроса"
"passed","Sat Sep 13 01:33:04 UTC 2025","Sat Sep 13 01:33:04 UTC 2025","627","tests.tickets","test_04_create_ticket","","","","test_create_ticket_success[client-attachments0-QuestionsAboutTheRewardSystemMarketingPlan]","Позитивный тест: создание тикета с разными темами и вложениями для клиента, партнера и админа"
"skipped","Sat Sep 13 01:23:35 UTC 2025","Sat Sep 13 01:23:35 UTC 2025","0","tests.orders","test_orders_v2_pay","","","","test_orders_v2_pay_invalid_data[invalid_payload3-400]","Негативный тест: отправка некорректных данных"
"passed","Sat Sep 13 00:54:22 UTC 2025","Sat Sep 13 00:54:23 UTC 2025","626","tests.admin_panel.products","test_42_update_product_brand","","","","test_update_product_brand_invalid_id[abc]","Негативный тест: несуществующий или некорректный ID."
"skipped","Sat Sep 13 01:23:29 UTC 2025","Sat Sep 13 01:23:29 UTC 2025","141","tests.orders","test_group_order_change_country","","","","test_change_country_invalid_data[invalid_payload2-admin]","Негативные тесты: передача некорректных данных"
"passed","Sat Sep 13 00:56:07 UTC 2025","Sat Sep 13 00:56:08 UTC 2025","639","tests.admin_panel.promo","test_72_create_promotion","","","","test_create_promotion_invalid_data[payload2-400]","Негативные тесты: невалидные данные"
"passed","Sat Sep 13 01:33:10 UTC 2025","Sat Sep 13 01:33:11 UTC 2025","595","tests.tickets","test_04_create_ticket","","","","test_create_ticket_success[client-attachments0-ReceivingDefectiveProductsOrShortage]","Позитивный тест: создание тикета с разными темами и вложениями для клиента, партнера и админа"
"passed","Sat Sep 13 01:03:10 UTC 2025","Sat Sep 13 01:03:10 UTC 2025","665","tests.admin_panel.slides","test_59_update_slide","","","","test_update_slide_invalid_id[0]","Негативный тест: несуществующий или некорректный ID."
"passed","Sat Sep 13 00:58:22 UTC 2025","Sat Sep 13 00:58:23 UTC 2025","1022","tests.admin_panel.promo","test_77_create_promotion_item","","","","test_create_promotion_item_invalid_payload[payload1-400]",""
"passed","Sat Sep 13 00:53:38 UTC 2025","Sat Sep 13 00:53:39 UTC 2025","671","tests.admin_panel.products","test_40_create_product_brand","","","","test_create_product_brand_invalid_payload[payload9-expected_codes9]","Негативные кейсы: невалидные поля при создании бренда."
"passed","Sat Sep 13 01:11:42 UTC 2025","Sat Sep 13 01:11:47 UTC 2025","5170","tests.catalog","test_create_admin_product_translation","","","","test_create_admin_product_translation_minimal_payload","Создание перевода продукта с минимальными полями."
"skipped","Sat Sep 13 01:38:27 UTC 2025","Sat Sep 13 01:38:27 UTC 2025","0","tests.tickets","test_04_create_ticket","","","","test_create_ticket_invalid_message[partner-None]","Негативный тест: создание тикета без сообщения"
"passed","Sat Sep 13 01:32:59 UTC 2025","Sat Sep 13 01:33:00 UTC 2025","628","tests.tickets","test_04_create_ticket","","","","test_create_ticket_success[client-attachments0-QuestionsAboutTheWorkOfTheStructureAndMentors]","Позитивный тест: создание тикета с разными темами и вложениями для клиента, партнера и админа"
"passed","Sat Sep 13 00:48:28 UTC 2025","Sat Sep 13 00:48:30 UTC 2025","1239","tests.admin_panel.categories","test_80_create_category_translation","","","","test_create_category_translation_forbidden[client]","Негативный тест: создание перевода не-админом запрещено."
"passed","Sat Sep 13 01:29:58 UTC 2025","Sat Sep 13 01:29:58 UTC 2025","185","tests.tickets","test_01_get_tickets","","","","test_get_tickets_success[filter1-sort0-search1-pagination0-admin]","Позитивный тест: получение списка тикетов с разными комбинациями параметров"
"passed","Sat Sep 13 00:56:26 UTC 2025","Sat Sep 13 00:56:26 UTC 2025","465","tests.admin_panel.promo","test_72_create_promotion","","","","test_create_promotion_unauthorized","Негативный тест: создание акции без авторизации."
"passed","Sat Sep 13 01:37:16 UTC 2025","Sat Sep 13 01:37:17 UTC 2025","1316","tests.tickets","test_04_create_ticket","","","","test_create_ticket_success[admin-attachments1-ReceivingDefectiveProducts]","Позитивный тест: создание тикета с разными темами и вложениями для клиента, партнера и админа"
"passed","Sat Sep 13 01:17:35 UTC 2025","Sat Sep 13 01:17:35 UTC 2025","165","tests.delivery","test_01_save_delivery_address","","","","test_save_delivery_address_negative[admin-payload9-500]","Негативные тесты на сохранение адреса доставки"
"passed","Sat Sep 13 01:06:29 UTC 2025","Sat Sep 13 01:06:30 UTC 2025","162","tests.auth","test_02_login","","","","test_client_login[client-invalid_email@example.com-123123-401]",""
"passed","Sat Sep 13 00:59:11 UTC 2025","Sat Sep 13 00:59:11 UTC 2025","151","tests.admin_panel.sliders","test_51_get_sliders","","","","test_get_sliders_forbidden[partner]","Негативный тест: получение списка слайдеров не админом"
"passed","Sat Sep 13 01:14:45 UTC 2025","Sat Sep 13 01:14:50 UTC 2025","4949","tests.catalog","test_update_admin_product","","","","test_update_admin_product_invalid_payload[update_payload1-400]",""
"skipped","Sat Sep 13 01:23:54 UTC 2025","Sat Sep 13 01:23:54 UTC 2025","166","tests.register","test_01_register_form","","","","test_register_form_negative[partner-payload3-400]",""
"passed","Sat Sep 13 00:59:07 UTC 2025","Sat Sep 13 00:59:07 UTC 2025","680","tests.admin_panel.sliders","test_51_get_sliders","","","","test_get_sliders_success","Позитивный тест: успешное получение списка слайдеров админом"
"skipped","Sat Sep 13 00:44:10 UTC 2025","Sat Sep 13 00:44:10 UTC 2025","0","tests.account","test_history","","","","test_get_history_positive[admin-payload0]","Позитивные тесты на получение истории аккаунта"
"passed","Sat Sep 13 01:33:15 UTC 2025","Sat Sep 13 01:33:15 UTC 2025","652","tests.tickets","test_04_create_ticket","","","","test_create_ticket_success[client-attachments0-ReceivingProductsShortage]","Позитивный тест: создание тикета с разными темами и вложениями для клиента, партнера и админа"
"skipped","Sat Sep 13 00:44:10 UTC 2025","Sat Sep 13 00:44:10 UTC 2025","0","tests.account","test_funds_transfer_send","","","","test_send_funds_transfer_positive[admin-payload1]","Позитивные тесты на перевод/вывод средств по visibleId"
"passed","Sat Sep 13 01:33:23 UTC 2025","Sat Sep 13 01:33:24 UTC 2025","1375","tests.tickets","test_04_create_ticket","","","","test_create_ticket_success[client-attachments1-QuestionsAboutOrders]","Позитивный тест: создание тикета с разными темами и вложениями для клиента, партнера и админа"
"skipped","Sat Sep 13 01:09:12 UTC 2025","Sat Sep 13 01:09:12 UTC 2025","0","tests.cart","test_user_locale","","","","test_update_user_locale_valid_payload[payload8]","
    Позитивный тест: Обновление языка/склада/локали НЕавторизованным пользователем с указанной корзиной в cookie.
    "
"passed","Sat Sep 13 01:18:48 UTC 2025","Sat Sep 13 01:18:52 UTC 2025","3915","tests.delivery","test_03_delete_delivery_address","","","","test_delete_delivery_address_permissions[authorize_client-authorize_partner-True]","Права доступа при удалении адресов"
"passed","Sat Sep 13 00:52:18 UTC 2025","Sat Sep 13 00:52:21 UTC 2025","2659","tests.admin_panel.products","test_01_recommended_products_sort","","","","test_sort_recommendations_no_rights[client]","Пользователь без прав пытается отсортировать рекомендации"
"passed","Sat Sep 13 01:05:23 UTC 2025","Sat Sep 13 01:05:26 UTC 2025","3138","tests.admin_panel.slides","test_61_upload_slides_images","","","","test_upload_slide_images_file_too_large[5.3-fields_to_send9-expected_status9]","Негативный тест: загрузка слишком большого изображения."
"passed","Sat Sep 13 00:58:03 UTC 2025","Sat Sep 13 00:58:03 UTC 2025","663","tests.admin_panel.promo","test_76_get_promotion_items","","","","test_get_promotion_item_invalid_id[-1--1]","Негативный тест: получение элемента с невалидным ID."
"passed","Sat Sep 13 01:32:50 UTC 2025","Sat Sep 13 01:32:51 UTC 2025","600","tests.tickets","test_04_create_ticket","","","","test_create_ticket_success[client-attachments0-QuestionsAboutTheHousingAndCarProgram]","Позитивный тест: создание тикета с разными темами и вложениями для клиента, партнера и админа"
"passed","Sat Sep 13 01:31:58 UTC 2025","Sat Sep 13 01:31:58 UTC 2025","158","tests.tickets","test_01_get_tickets","","","","test_get_tickets_invalid_pagination[invalid_pagination1-client]","Негативный тест: передаем некорректные значения в pagination"
"passed","Sat Sep 13 01:07:37 UTC 2025","Sat Sep 13 01:07:38 UTC 2025","322","tests.cart","test_get_delivery_cost","","","","test_get_delivery_cost_success_partial_payload[client-payload5-400]","Позитивный тест: успешное получение ТК при неполном наборе (город без региона, без ID и т.п.)"
"passed","Sat Sep 13 00:55:32 UTC 2025","Sat Sep 13 00:55:34 UTC 2025","2297","tests.admin_panel.products","test_44_upload_product_brand_images","","","","test_upload_product_brand_images_various_fields[5.3-fields_to_send1-400]","Негативный тест. Загрузка слишком большого изображения."
"skipped","Sat Sep 13 00:44:10 UTC 2025","Sat Sep 13 00:44:10 UTC 2025","0","tests.account","test_family_agreement_create_one","","","","test_create_family_agreement_one_positive[admin-payload1]","Позитивные тесты на создание семейного соглашения при отсутствующем втором партнере"
"passed","Sat Sep 13 01:00:16 UTC 2025","Sat Sep 13 01:00:17 UTC 2025","1036","tests.admin_panel.sliders","test_54_update_slider","","","","test_update_slider_forbidden[partner]","Негативный тест: попытка обновления слайдера не-админом."
"passed","Sat Sep 13 01:04:28 UTC 2025","Sat Sep 13 01:04:29 UTC 2025","1171","tests.admin_panel.slides","test_61_upload_slides_images","","","","test_upload_slide_images_invalid_format[invalid.pdf-application/pdf-400]","Негативный и позитивный тест: загрузка изображений в разных форматах."
"passed","Sat Sep 13 00:50:01 UTC 2025","Sat Sep 13 00:50:03 UTC 2025","2531","tests.admin_panel.items","test_create_item_translation","","","","test_create_item_translation_success[ka]",""
"passed","Sat Sep 13 01:25:47 UTC 2025","Sat Sep 13 01:25:48 UTC 2025","180","tests.statistic","test_team_go","","","","test_get_team_go_statistic_positive[payload3-admin]","Позитивный тест: получение статистики по команде с валидным телом запроса"
"skipped","Sat Sep 13 00:43:01 UTC 2025","Sat Sep 13 00:43:01 UTC 2025","0","tests.account","test_0_marathon","","","","test_create_product_brand_invalid_payload[params1-400-client]",""
"passed","Sat Sep 13 00:55:18 UTC 2025","Sat Sep 13 00:55:19 UTC 2025","1216","tests.admin_panel.products","test_44_upload_product_brand_images","","","","test_upload_product_brand_images_formats[invalid.exe-application/octet-stream-400]","Проверка загрузки изображений бренда в разных форматах: негативные и позитивные кейсы."
"passed","Sat Sep 13 01:24:20 UTC 2025","Sat Sep 13 01:24:21 UTC 2025","760","tests.register","test_03_register_client","","","","test_register_client_negative[payload1-400]","Тест: негативные тесты для регистрации клиента вручную"
"passed","Sat Sep 13 01:36:05 UTC 2025","Sat Sep 13 01:36:06 UTC 2025","1226","tests.tickets","test_04_create_ticket","","","","test_create_ticket_success[partner-attachments2-ChangePersonalData]","Позитивный тест: создание тикета с разными темами и вложениями для клиента, партнера и админа"
"skipped","Sat Sep 13 00:44:10 UTC 2025","Sat Sep 13 00:44:10 UTC 2025","0","tests.account","test_history_group_volumes","","","","test_get_group_volumes_history_positive[admin-payload1]","Позитивные тесты на получение истории начисления групповых объемов"
"passed","Sat Sep 13 00:51:46 UTC 2025","Sat Sep 13 00:51:46 UTC 2025","676","tests.admin_panel.items","test_update_item","","","","test_update_item_invalid_id[abc]","Негативный тест: несуществующий или некорректный ID."
"passed","Sat Sep 13 01:04:42 UTC 2025","Sat Sep 13 01:04:45 UTC 2025","3733","tests.admin_panel.slides","test_61_upload_slides_images","","","","test_upload_slide_images_file_too_large[4.7-fields_to_send0-204]","Негативный тест: загрузка слишком большого изображения."
"passed","Sat Sep 13 01:06:00 UTC 2025","Sat Sep 13 01:06:01 UTC 2025","487","tests.admin_panel.slides","test_62_slides_update_video_url","","","","test_update_video_url_unauthorized","Негативный тест: попытка обновления ссылки без авторизации"
"passed","Sat Sep 13 01:33:56 UTC 2025","Sat Sep 13 01:33:57 UTC 2025","1173","tests.tickets","test_04_create_ticket","","","","test_create_ticket_success[client-attachments2-QuestionsAboutPaymentsToIP]","Позитивный тест: создание тикета с разными темами и вложениями для клиента, партнера и админа"
"passed","Sat Sep 13 01:07:57 UTC 2025","Sat Sep 13 01:07:57 UTC 2025","338","tests.cart","test_get_delivery_cost","","","","test_get_delivery_cost_success_partial_payload[partner-payload6-400]","Позитивный тест: успешное получение ТК при неполном наборе (город без региона, без ID и т.п.)"
"skipped","Sat Sep 13 01:27:31 UTC 2025","Sat Sep 13 01:27:31 UTC 2025","0","tests.stock","test_create_stock","","","","test_create_stock_with_empty_string_log_if_not_200[address.comment]",""
"skipped","Sat Sep 13 01:27:31 UTC 2025","Sat Sep 13 01:27:31 UTC 2025","0","tests.stock","test_delete_stock","","","","test_delete_stock_success",""
"passed","Sat Sep 13 01:22:06 UTC 2025","Sat Sep 13 01:22:06 UTC 2025","477","tests.one_c","test_create_1c_stock","","","","test_country_id_city_id_conflict_validation","
    ТЗ: при конфликте address.country_id с country городa (по city_id) должен быть 400/422.
    "
"skipped","Sat Sep 13 01:38:50 UTC 2025","Sat Sep 13 01:38:51 UTC 2025","1352","tests.tickets","test_06_close_ticket","","","","test_close_tickets_negative[partner-ticket_ids1-400]","Негативные тесты: закрытие с некорректными данными"
"passed","Sat Sep 13 01:28:34 UTC 2025","Sat Sep 13 01:28:35 UTC 2025","467","tests.temporary","test_get_account_exist","","","","test_account_exist[None-400]",""
"passed","Sat Sep 13 01:22:25 UTC 2025","Sat Sep 13 01:22:26 UTC 2025","488","tests.one_c","test_create_1c_stock","","","","test_post_bad_request_or_unprocessable[<lambda>2]",""
"passed","Sat Sep 13 01:06:14 UTC 2025","Sat Sep 13 01:06:15 UTC 2025","440","tests.auth","test_01_check_version","","","","test_check_version[unknown-1.0.0-400]","Тест проверяет API /check_version для разных платформ и версий."
"passed","Sat Sep 13 00:49:13 UTC 2025","Sat Sep 13 00:49:13 UTC 2025","360","tests.admin_panel.items","test_create_item","","","","test_create_item_forbidden[client]","Негативный тест: создание варианта не-админом запрещено."
"passed","Sat Sep 13 01:17:04 UTC 2025","Sat Sep 13 01:17:04 UTC 2025","153","tests.delivery","test_01_save_delivery_address","","","","test_save_delivery_address_negative[partner-payload1-400]","Негативные тесты на сохранение адреса доставки"
"skipped","Sat Sep 13 00:44:55 UTC 2025","Sat Sep 13 00:44:55 UTC 2025","0","tests.admin_panel","test_accrue_gold_pro_gift","","","","test_accrue_gold_pro_gift_invalid_payload[payload3-400]",""
"failed","Sat Sep 13 01:17:48 UTC 2025","Sat Sep 13 01:17:50 UTC 2025","1431","tests.delivery","test_01_save_delivery_address","","","","test_create_two_identical_addresses[partner]","Невозможность создать два полностью одинаковых адреса"
"passed","Sat Sep 13 01:30:46 UTC 2025","Sat Sep 13 01:30:46 UTC 2025","191","tests.tickets","test_01_get_tickets","","","","test_get_tickets_success[filter1-sort1-search2-pagination1-admin]","Позитивный тест: получение списка тикетов с разными комбинациями параметров"
"passed","Sat Sep 13 01:32:25 UTC 2025","Sat Sep 13 01:32:26 UTC 2025","470","tests.tickets","test_01_get_tickets","","","","test_get_tickets_unauthorized","Негативный тест: запрос без авторизации"
"passed","Sat Sep 13 00:53:32 UTC 2025","Sat Sep 13 00:53:32 UTC 2025","670","tests.admin_panel.products","test_40_create_product_brand","","","","test_create_product_brand_invalid_payload[payload5-expected_codes5]","Негативные кейсы: невалидные поля при создании бренда."
"skipped","Sat Sep 13 00:44:10 UTC 2025","Sat Sep 13 00:44:10 UTC 2025","0","tests.account","test_funds_transfer_send","","","","test_send_funds_transfer_positive[admin-payload0]","Позитивные тесты на перевод/вывод средств по visibleId"
"passed","Sat Sep 13 00:48:33 UTC 2025","Sat Sep 13 00:48:34 UTC 2025","440","tests.admin_panel.categories","test_80_create_category_translation","","","","test_create_category_translation_unauthorized","Негативный тест: создание перевода без авторизации."
"passed","Sat Sep 13 01:03:50 UTC 2025","Sat Sep 13 01:03:51 UTC 2025","1039","tests.admin_panel.slides","test_59_update_slide","","","","test_update_slide_invalid_payload[payload17-422]","Негативный тест: обновление слайда с невалидным или неполным телом запроса."
"passed","Sat Sep 13 01:02:36 UTC 2025","Sat Sep 13 01:02:37 UTC 2025","669","tests.admin_panel.slides","test_57_create_slide","","","","test_create_slide_title_color_validation[ -400]","Валидация поля title_color при создании слайда."
"passed","Sat Sep 13 00:54:17 UTC 2025","Sat Sep 13 00:54:18 UTC 2025","661","tests.admin_panel.products","test_42_update_product_brand","","","","test_update_product_brand_invalid_id[-1]","Негативный тест: несуществующий или некорректный ID."
"passed","Sat Sep 13 01:19:04 UTC 2025","Sat Sep 13 01:19:04 UTC 2025","159","tests.delivery","test_03_delete_delivery_address","","","","test_delete_delivery_address_invalid_id[None-partner]","Негатив: удаление адреса с некорректным ID"
"passed","Sat Sep 13 01:30:49 UTC 2025","Sat Sep 13 01:30:49 UTC 2025","185","tests.tickets","test_01_get_tickets","","","","test_get_tickets_success[filter2-sort0-search0-pagination0-partner]","Позитивный тест: получение списка тикетов с разными комбинациями параметров"
"skipped","Sat Sep 13 00:43:01 UTC 2025","Sat Sep 13 00:43:01 UTC 2025","0","tests.account","test_0_marathon","","","","test_create_product_brand_invalid_payload[params0-400-admin]",""
"skipped","Sat Sep 13 00:44:10 UTC 2025","Sat Sep 13 00:44:10 UTC 2025","0","tests.account","test_history_group_volumes_admin","","","","test_get_group_volumes_history_admin_positive[client-payload1]","Позитивные тесты на получение истории начисления групповых объемов для админа"
"passed","Sat Sep 13 01:02:33 UTC 2025","Sat Sep 13 01:02:34 UTC 2025","723","tests.admin_panel.slides","test_57_create_slide","","","","test_create_slide_title_color_validation[#12345G-400]","Валидация поля title_color при создании слайда."
"skipped","Sat Sep 13 01:23:32 UTC 2025","Sat Sep 13 01:23:33 UTC 2025","444","tests.orders","test_group_order_change_country","","","","test_change_country_without_auth","Негативный тест: изменение страны без авторизации"
"passed","Sat Sep 13 00:43:27 UTC 2025","Sat Sep 13 00:43:27 UTC 2025","158","tests.account","test_0_top_partners_top_recruiters","","","","test_get_top_partners_top_recruiters_positive[admin]","Позитивные тесты на получение топ-партнеров по количеству активных партнеров"
"skipped","Sat Sep 13 01:38:48 UTC 2025","Sat Sep 13 01:38:49 UTC 2025","1366","tests.tickets","test_06_close_ticket","","","","test_close_tickets_negative[partner-ticket_ids0-400]","Негативные тесты: закрытие с некорректными данными"
"passed","Sat Sep 13 01:06:36 UTC 2025","Sat Sep 13 01:06:37 UTC 2025","154","tests.auth","test_02_login","","","","test_partner_login[partner-0709--401]",""
"passed","Sat Sep 13 00:50:20 UTC 2025","Sat Sep 13 00:50:21 UTC 2025","703","tests.admin_panel.items","test_create_item_translation","","","","test_create_item_translation_invalid_payload[payload2-code2]","Негативный тест: создание перевода с невалидным payload."
"passed","Sat Sep 13 00:43:25 UTC 2025","Sat Sep 13 00:43:25 UTC 2025","159","tests.account","test_0_top_partners_top_recruiters","","","","test_get_top_partners_top_recruiters_positive[partner]","Позитивные тесты на получение топ-партнеров по количеству активных партнеров"
"passed","Sat Sep 13 01:31:10 UTC 2025","Sat Sep 13 01:31:10 UTC 2025","173","tests.tickets","test_01_get_tickets","","","","test_get_tickets_success[filter2-sort0-search2-pagination0-partner]","Позитивный тест: получение списка тикетов с разными комбинациями параметров"
"passed","Sat Sep 13 01:24:23 UTC 2025","Sat Sep 13 01:24:24 UTC 2025","748","tests.register","test_03_register_client","","","","test_register_client_negative[payload3-400]","Тест: негативные тесты для регистрации клиента вручную"
"passed","Sat Sep 13 00:58:08 UTC 2025","Sat Sep 13 00:58:08 UTC 2025","671","tests.admin_panel.promo","test_76_get_promotion_items","","","","test_get_promotion_item_not_found","Негативный тест: получение элемента для несуществующей акции."
"passed","Sat Sep 13 01:26:08 UTC 2025","Sat Sep 13 01:26:09 UTC 2025","158","tests.statistic","test_team_go","","","","test_get_team_go_statistic_negative[payload3-admin]","Негативный тест: ошибка при получении статистики по команде с невалидным телом запроса"
"passed","Sat Sep 13 00:46:15 UTC 2025","Sat Sep 13 00:46:16 UTC 2025","1044","tests.admin_panel.categories","test_50_upload_category_images","","","","test_upload_category_images_invalid_format[invalid.pdf-application/pdf-400]","Негативный тест: загрузка изображений в неверном формате (например, .txt)."
"passed","Sat Sep 13 01:17:22 UTC 2025","Sat Sep 13 01:17:22 UTC 2025","153","tests.delivery","test_01_save_delivery_address","","","","test_save_delivery_address_negative[admin-payload1-400]","Негативные тесты на сохранение адреса доставки"
"passed","Sat Sep 13 01:08:11 UTC 2025","Sat Sep 13 01:08:11 UTC 2025","158","tests.cart","test_get_delivery_cost","","","","test_get_delivery_cost_invalid_payload[client-payload6]","Негативный тест: некорректные входные данные"
"passed","Sat Sep 13 00:58:01 UTC 2025","Sat Sep 13 00:58:02 UTC 2025","672","tests.admin_panel.promo","test_76_get_promotion_items","","","","test_get_promotion_item_invalid_id[abc-abc]","Негативный тест: получение элемента с невалидным ID."
"passed","Sat Sep 13 00:58:34 UTC 2025","Sat Sep 13 00:58:35 UTC 2025","628","tests.admin_panel.promo","test_77_create_promotion_item","","","","test_create_promotion_item_invalid_ids[None-None-404]",""
"skipped","Sat Sep 13 01:23:21 UTC 2025","Sat Sep 13 01:23:21 UTC 2025","148","tests.orders","test_group_order_change_country","","","","test_change_country_invalid_data[invalid_payload1-client]","Негативные тесты: передача некорректных данных"
"passed","Sat Sep 13 01:28:30 UTC 2025","Sat Sep 13 01:28:30 UTC 2025","438","tests.temporary","test_get_account_exist","","","","test_account_exist[abc-400]",""
"skipped","Sat Sep 13 00:44:10 UTC 2025","Sat Sep 13 00:44:10 UTC 2025","0","tests.account","test_get_languages","","","","test_get_languages_success[partner-123-400]","Возвращает список языков, доступных для перевода"
"skipped","Sat Sep 13 00:43:59 UTC 2025","Sat Sep 13 00:43:59 UTC 2025","0","tests.account","test_delete_avatar","","","","test_delete_avatar_positive[admin]","Позитивные тесты на удаление аватара"
"passed","Sat Sep 13 00:47:22 UTC 2025","Sat Sep 13 00:47:23 UTC 2025","1054","tests.admin_panel.categories","test_57_v2_update_category","","","","test_v2_update_category_forbidden[partner]","Негативный тест: попытка обновления категории не-админом."
"passed","Sat Sep 13 01:07:30 UTC 2025","Sat Sep 13 01:07:30 UTC 2025","324","tests.cart","test_get_delivery_cost","","","","test_get_delivery_cost_success_partial_payload[client-payload2-400]","Позитивный тест: успешное получение ТК при неполном наборе (город без региона, без ID и т.п.)"
"passed","Sat Sep 13 01:19:00 UTC 2025","Sat Sep 13 01:19:01 UTC 2025","163","tests.delivery","test_03_delete_delivery_address","","","","test_delete_delivery_address_invalid_id[abc-admin]","Негатив: удаление адреса с некорректным ID"
"passed","Sat Sep 13 00:44:11 UTC 2025","Sat Sep 13 00:44:15 UTC 2025","3507","tests.account","test_update_avatar","","","","test_update_avatar_positive[client-payload0]","Позитивные тесты на обновление аватара"
"passed","Sat Sep 13 01:05:06 UTC 2025","Sat Sep 13 01:05:09 UTC 2025","3510","tests.admin_panel.slides","test_61_upload_slides_images","","","","test_upload_slide_images_file_too_large[4.7-fields_to_send6-204]","Негативный тест: загрузка слишком большого изображения."
"passed","Sat Sep 13 00:43:16 UTC 2025","Sat Sep 13 00:43:16 UTC 2025","163","tests.account","test_0_top_partners_client_service_v2","","","","test_get_top_partners_client_service_v2_positive[admin]","Позитивные тесты на получение топ-партнеров по сумме ЛО клиентов"
"passed","Sat Sep 13 01:10:55 UTC 2025","Sat Sep 13 01:11:00 UTC 2025","5498","tests.catalog","test_create_admin_product_translation","","","","test_create_admin_product_translation_success[de]","Создание и обновление перевода продукта на разных языках."
"passed","Sat Sep 13 01:04:46 UTC 2025","Sat Sep 13 01:04:49 UTC 2025","2285","tests.admin_panel.slides","test_61_upload_slides_images","","","","test_upload_slide_images_file_too_large[5.3-fields_to_send1-400]","Негативный тест: загрузка слишком большого изображения."
"passed","Sat Sep 13 01:32:57 UTC 2025","Sat Sep 13 01:32:58 UTC 2025","642","tests.tickets","test_04_create_ticket","","","","test_create_ticket_success[client-attachments0-QuestionsAboutProducts]","Позитивный тест: создание тикета с разными темами и вложениями для клиента, партнера и админа"
"passed","Sat Sep 13 00:45:24 UTC 2025","Sat Sep 13 00:45:26 UTC 2025","1523","tests.admin_panel.categories","test_47_get_categories_by_id","","","","test_get_categories_by_id_forbidden[partner]","Негативный тест: получение категории по ID не-админом."
"skipped","Sat Sep 13 01:23:24 UTC 2025","Sat Sep 13 01:23:24 UTC 2025","147","tests.orders","test_group_order_change_country","","","","test_change_country_invalid_data[invalid_payload1-admin]","Негативные тесты: передача некорректных данных"
"passed","Sat Sep 13 00:52:41 UTC 2025","Sat Sep 13 00:52:43 UTC 2025","2422","tests.admin_panel.products","test_02_recommended_products_add","","","","test_add_recommendation_no_rights[client]","Пользователь без прав пытается добавить рекомендации"
"passed","Sat Sep 13 01:02:50 UTC 2025","Sat Sep 13 01:02:51 UTC 2025","663","tests.admin_panel.slides","test_58_get_slides_by_id","","","","test_get_slides_invalid_id[None]","Негативный тест: невалидный ID в path-параметре."
"passed","Sat Sep 13 01:37:10 UTC 2025","Sat Sep 13 01:37:11 UTC 2025","1341","tests.tickets","test_04_create_ticket","","","","test_create_ticket_success[admin-attachments1-ChangePersonalData]","Позитивный тест: создание тикета с разными темами и вложениями для клиента, партнера и админа"
"passed","Sat Sep 13 01:25:53 UTC 2025","Sat Sep 13 01:25:53 UTC 2025","159","tests.statistic","test_team_go","","","","test_get_team_go_statistic_negative[payload0-admin]","Негативный тест: ошибка при получении статистики по команде с невалидным телом запроса"
"skipped","Sat Sep 13 01:27:49 UTC 2025","Sat Sep 13 01:27:49 UTC 2025","275","tests.stock","test_get_group_orders","","","","test_get_group_orders_invalid_country_id[0-admin]","Проверка получения складов по невалидному country_id"
"passed","Sat Sep 13 00:51:35 UTC 2025","Sat Sep 13 00:51:36 UTC 2025","1703","tests.admin_panel.items","test_update_item","","","","test_update_item_forbidden[partner]","Негативный тест: попытка обновления item не-админом."
"passed","Sat Sep 13 01:30:32 UTC 2025","Sat Sep 13 01:30:32 UTC 2025","183","tests.tickets","test_01_get_tickets","","","","test_get_tickets_success[filter1-sort1-search1-pagination1-client]","Позитивный тест: получение списка тикетов с разными комбинациями параметров"
"passed","Sat Sep 13 01:01:17 UTC 2025","Sat Sep 13 01:01:17 UTC 2025","688","tests.admin_panel.slides","test_0_slides_sort","","","","test_slides_sort_invalid_id[]","Негативный тест: невалидный path parameter."
"passed","Sat Sep 13 01:35:16 UTC 2025","Sat Sep 13 01:35:17 UTC 2025","1395","tests.tickets","test_04_create_ticket","","","","test_create_ticket_success[partner-attachments1-QuestionsAboutTheWorkOfTheStructureAndMentors]","Позитивный тест: создание тикета с разными темами и вложениями для клиента, партнера и админа"
"passed","Sat Sep 13 01:03:21 UTC 2025","Sat Sep 13 01:03:22 UTC 2025","1056","tests.admin_panel.slides","test_59_update_slide","","","","test_update_slide_invalid_payload[payload3-expected_code3]","Негативный тест: обновление слайда с невалидным или неполным телом запроса."
"passed","Sat Sep 13 01:09:58 UTC 2025","Sat Sep 13 01:10:02 UTC 2025","4070","tests.catalog","test_create_admin_product","","","","test_create_admin_product_minimal_payload_variants[slug+categories+category_ids]",""
"passed","Sat Sep 13 01:29:53 UTC 2025","Sat Sep 13 01:29:53 UTC 2025","185","tests.tickets","test_01_get_tickets","","","","test_get_tickets_success[filter1-sort0-search0-pagination1-admin]","Позитивный тест: получение списка тикетов с разными комбинациями параметров"
"passed","Sat Sep 13 01:07:53 UTC 2025","Sat Sep 13 01:07:53 UTC 2025","336","tests.cart","test_get_delivery_cost","","","","test_get_delivery_cost_success_partial_payload[partner-payload4-400]","Позитивный тест: успешное получение ТК при неполном наборе (город без региона, без ID и т.п.)"
"passed","Sat Sep 13 00:42:44 UTC 2025","Sat Sep 13 00:42:44 UTC 2025","169","tests.account","test_0_bonus_tokens","","","","test_get_bonus_tokens_positive[admin]","Позитивные тесты на получение списка токенов"
"passed","Sat Sep 13 01:39:19 UTC 2025","Sat Sep 13 01:39:20 UTC 2025","1030","tests.tickets","test_09_get_ticket_messages","","","","test_get_ticket_messages_positive[partner]","Позитивный тест: успешное получение списка сообщений тикета"
"passed","Sat Sep 13 00:57:38 UTC 2025","Sat Sep 13 00:57:39 UTC 2025","1144","tests.admin_panel.promo","test_75_delete_promotion_by_id","","","","test_delete_promotion_success","Позитивный тест: успешное удаление акции."
"passed","Sat Sep 13 01:31:05 UTC 2025","Sat Sep 13 01:31:05 UTC 2025","178","tests.tickets","test_01_get_tickets","","","","test_get_tickets_success[filter2-sort0-search1-pagination1-partner]","Позитивный тест: получение списка тикетов с разными комбинациями параметров"
"skipped","Sat Sep 13 00:44:55 UTC 2025","Sat Sep 13 00:44:56 UTC 2025","669","tests.admin_panel","test_delete_user","","","","test_delete_user[authorize_partner-authorize_admin]","Удаление клиента/ партнера админом"
"passed","Sat Sep 13 01:33:32 UTC 2025","Sat Sep 13 01:33:33 UTC 2025","1384","tests.tickets","test_04_create_ticket","","","","test_create_ticket_success[client-attachments1-QuestionsAboutTheWorkOfTheStructureAndMentors]","Позитивный тест: создание тикета с разными темами и вложениями для клиента, партнера и админа"
"passed","Sat Sep 13 00:55:02 UTC 2025","Sat Sep 13 00:55:03 UTC 2025","463","tests.admin_panel.products","test_44_upload_product_brand_images","","","","test_upload_product_brand_images_unauthorized","Негативный тест: загрузка изображений без авторизации."
"passed","Sat Sep 13 01:26:45 UTC 2025","Sat Sep 13 01:26:45 UTC 2025","180","tests.statistic","test_team_registrations","","","","test_get_team_registration_statistic_positive[payload3-admin]","Позитивный тест: получение статистики по регистрации команды с валидным телом запроса"
"skipped","Sat Sep 13 00:43:01 UTC 2025","Sat Sep 13 00:43:01 UTC 2025","0","tests.account","test_0_marathon","","","","test_create_product_brand_invalid_payload[params3-400-partner]",""
"skipped","Sat Sep 13 00:44:10 UTC 2025","Sat Sep 13 00:44:10 UTC 2025","0","tests.account","test_history_personal_volumes","","","","test_get_personal_volumes_history_positive[partner-payload1]","Позитивные тесты на получение истории начисления личных объемов"
"passed","Sat Sep 13 01:01:50 UTC 2025","Sat Sep 13 01:01:51 UTC 2025","638","tests.admin_panel.slides","test_57_create_slide","","","","test_create_slide_invalid_payload[payload3-expected_code3]","Негативные тесты: некорректные и неполные payload'ы."
"passed","Sat Sep 13 01:26:33 UTC 2025","Sat Sep 13 01:26:33 UTC 2025","166","tests.statistic","test_team_registrations","","","","test_get_team_registration_statistic_positive[payload1-partner]","Позитивный тест: получение статистики по регистрации команды с валидным телом запроса"
"passed","Sat Sep 13 01:32:24 UTC 2025","Sat Sep 13 01:32:24 UTC 2025","158","tests.tickets","test_01_get_tickets","","","","test_get_tickets_invalid_filter[invalid_filter3-400-partner]","Негативный тест: передаем некорректные параметры фильтрации"
"passed","Sat Sep 13 00:57:09 UTC 2025","Sat Sep 13 00:57:10 UTC 2025","667","tests.admin_panel.promo","test_74_update_promotion","","","","test_update_promotion_invalid_id[abc]","Негативный тест: несуществующий или некорректный ID."
"skipped","Sat Sep 13 01:39:12 UTC 2025","Sat Sep 13 01:39:12 UTC 2025","674","tests.tickets","test_07_delete_ticket","","","","test_delete_tickets_negative[ticket_ids1-400]","Негативные тесты: удаление с некорректными данными"
"passed","Sat Sep 13 01:23:00 UTC 2025","Sat Sep 13 01:23:01 UTC 2025","472","tests.one_c","test_get_1с_stock","","","","test_get_stock_bad_request[params3]",""
"skipped","Sat Sep 13 00:44:10 UTC 2025","Sat Sep 13 00:44:10 UTC 2025","0","tests.account","test_history","","","","test_get_history_positive[partner-payload0]","Позитивные тесты на получение истории аккаунта"
"passed","Sat Sep 13 00:58:26 UTC 2025","Sat Sep 13 00:58:27 UTC 2025","1013","tests.admin_panel.promo","test_77_create_promotion_item","","","","test_create_promotion_item_invalid_payload[payload3-422]",""
"passed","Sat Sep 13 01:29:29 UTC 2025","Sat Sep 13 01:29:29 UTC 2025","182","tests.tickets","test_01_get_tickets","","","","test_get_tickets_success[filter0-sort1-search1-pagination1-client]","Позитивный тест: получение списка тикетов с разными комбинациями параметров"
"passed","Sat Sep 13 00:47:11 UTC 2025","Sat Sep 13 00:47:12 UTC 2025","1028","tests.admin_panel.categories","test_56_v2_create_category","","","","test_v2_create_category_slug_should_fail_if_not_unique","Негативный тест: попытка создать категорию с уже существующим slug."
"passed","Sat Sep 13 01:17:10 UTC 2025","Sat Sep 13 01:17:10 UTC 2025","158","tests.delivery","test_01_save_delivery_address","","","","test_save_delivery_address_negative[partner-payload4-400]","Негативные тесты на сохранение адреса доставки"
"skipped","Sat Sep 13 01:23:47 UTC 2025","Sat Sep 13 01:23:47 UTC 2025","159","tests.register","test_01_register_form","","","","test_register_form_negative[client-payload3-400]",""
"failed","Sat Sep 13 01:18:37 UTC 2025","Sat Sep 13 01:18:40 UTC 2025","2130","tests.delivery","test_03_delete_delivery_address","","","","test_delete_delivery_address_permissions[authorize_partner-authorize_partner-False]","Права доступа при удалении адресов"
"passed","Sat Sep 13 01:18:18 UTC 2025","Sat Sep 13 01:18:18 UTC 2025","159","tests.delivery","test_02_get_delivery_address","","","","test_get_delivery_addresses_invalid_pagination[invalid_pagination2-admin]","Негатив: некорректные параметры пагинации"
"passed","Sat Sep 13 01:30:39 UTC 2025","Sat Sep 13 01:30:39 UTC 2025","184","tests.tickets","test_01_get_tickets","","","","test_get_tickets_success[filter1-sort1-search2-pagination0-partner]","Позитивный тест: получение списка тикетов с разными комбинациями параметров"
"passed","Sat Sep 13 00:52:45 UTC 2025","Sat Sep 13 00:52:47 UTC 2025","2405","tests.admin_panel.products","test_02_recommended_products_add","","","","test_add_recommendation_no_rights[partner]","Пользователь без прав пытается добавить рекомендации"
"passed","Sat Sep 13 01:06:38 UTC 2025","Sat Sep 13 01:06:38 UTC 2025","148","tests.auth","test_02_login","","","","test_partner_login[partner---400]",""
"passed","Sat Sep 13 01:17:30 UTC 2025","Sat Sep 13 01:17:30 UTC 2025","154","tests.delivery","test_01_save_delivery_address","","","","test_save_delivery_address_negative[admin-payload6-400]","Негативные тесты на сохранение адреса доставки"
"skipped","Sat Sep 13 01:27:31 UTC 2025","Sat Sep 13 01:27:31 UTC 2025","0","tests.stock","test_create_stock","","","","test_create_stock_with_empty_string_log_if_not_200[city.longitude]",""
"skipped","Sat Sep 13 01:24:59 UTC 2025","Sat Sep 13 01:24:59 UTC 2025","167","tests.statistic","test_team_activations","","","","test_get_team_activation_statistic_negative[payload1-partner]","Негативный тест: ошибка при получении статистики активации команды с невалидным телом запроса"
"passed","Sat Sep 13 01:25:34 UTC 2025","Sat Sep 13 01:25:34 UTC 2025","160","tests.statistic","test_team_go","","","","test_get_team_go_statistic_positive[payload1-client]","Позитивный тест: получение статистики по команде с валидным телом запроса"
"passed","Sat Sep 13 00:53:03 UTC 2025","Sat Sep 13 00:53:05 UTC 2025","2067","tests.admin_panel.products","test_03_recommended_products_delete","","","","test_remove_recommendation_db_no_rights[partner]","Пользователь без прав пытается удалить рекомендации."
"passed","Sat Sep 13 00:46:13 UTC 2025","Sat Sep 13 00:46:14 UTC 2025","1055","tests.admin_panel.categories","test_50_upload_category_images","","","","test_upload_category_images_invalid_format[invalid.txt-text/plain-400]","Негативный тест: загрузка изображений в неверном формате (например, .txt)."
"passed","Sat Sep 13 00:42:18 UTC 2025","Sat Sep 13 00:42:19 UTC 2025","742","tests.PROJECT_FUND.initiatives","test_get_report_by_id","","","","test_get_report_by_invalid_id[-1-https://dev.ewahelps.com/api]","Негативный тест: невалидный или несуществующий path-параметр"
"passed","Sat Sep 13 01:39:16 UTC 2025","Sat Sep 13 01:39:17 UTC 2025","1021","tests.tickets","test_09_get_ticket_messages","","","","test_get_ticket_messages_positive[client]","Позитивный тест: успешное получение списка сообщений тикета"
"passed","Sat Sep 13 00:59:09 UTC 2025","Sat Sep 13 00:59:09 UTC 2025","158","tests.admin_panel.sliders","test_51_get_sliders","","","","test_get_sliders_forbidden[client]","Негативный тест: получение списка слайдеров не админом"
"passed","Sat Sep 13 00:49:43 UTC 2025","Sat Sep 13 00:49:46 UTC 2025","2441","tests.admin_panel.items","test_create_item_translation","","","","test_create_item_translation_success[en]",""
"passed","Sat Sep 13 00:54:26 UTC 2025","Sat Sep 13 00:54:27 UTC 2025","1042","tests.admin_panel.products","test_42_update_product_brand","","","","test_update_product_brand_invalid_payload[payload1-expected_code1]","Негативный тест: обновление бренда с невалидным или неполным телом запроса."
"passed","Sat Sep 13 01:15:33 UTC 2025","Sat Sep 13 01:15:38 UTC 2025","4957","tests.catalog","test_update_admin_product","","","","test_update_admin_product_invalid_payload[update_payload7-422]",""
"passed","Sat Sep 13 01:18:57 UTC 2025","Sat Sep 13 01:18:57 UTC 2025","156","tests.delivery","test_03_delete_delivery_address","","","","test_delete_delivery_address_invalid_id[abc-client]","Негатив: удаление адреса с некорректным ID"
"passed","Sat Sep 13 00:49:20 UTC 2025","Sat Sep 13 00:49:21 UTC 2025","848","tests.admin_panel.items","test_create_item","","","","test_create_item_invalid_payload[payload1-expected_code1]","
    Негативный тест: создание варианта с невалидным телом запроса.
    Если сервер внезапно вернул успех — удаляем созданный item из БД.
    "
"passed","Sat Sep 13 01:30:02 UTC 2025","Sat Sep 13 01:30:02 UTC 2025","181","tests.tickets","test_01_get_tickets","","","","test_get_tickets_success[filter1-sort0-search1-pagination1-partner]","Позитивный тест: получение списка тикетов с разными комбинациями параметров"
"passed","Sat Sep 13 01:12:08 UTC 2025","Sat Sep 13 01:12:09 UTC 2025","664","tests.catalog","test_create_admin_product_translation","","","","test_create_admin_product_translation_invalid_payload[payload2-400]","Негативные проверки на создание перевода с некорректным payload."
"passed","Sat Sep 13 01:02:09 UTC 2025","Sat Sep 13 01:02:10 UTC 2025","665","tests.admin_panel.slides","test_57_create_slide","","","","test_create_slide_invalid_payload[payload14-expected_code14]","Негативные тесты: некорректные и неполные payload'ы."
"passed","Sat Sep 13 01:25:16 UTC 2025","Sat Sep 13 01:25:16 UTC 2025","153","tests.statistic","test_team_activations","","","","test_get_team_activation_statistic_negative[payload4-admin]","Негативный тест: ошибка при получении статистики активации команды с невалидным телом запроса"
"passed","Sat Sep 13 01:03:03 UTC 2025","Sat Sep 13 01:03:04 UTC 2025","1060","tests.admin_panel.slides","test_59_update_slide","","","","test_update_slide_forbidden[client]","Негативный тест: попытка обновления слайда не-админом."
"passed","Sat Sep 13 00:49:50 UTC 2025","Sat Sep 13 00:49:53 UTC 2025","2558","tests.admin_panel.items","test_create_item_translation","","","","test_create_item_translation_success[mn]",""
"passed","Sat Sep 13 01:07:01 UTC 2025","Sat Sep 13 01:07:01 UTC 2025","444","tests.auth","test_05_logout","","","","test_logout_without_token","Тест разлогинивания без токена"
"passed","Sat Sep 13 01:09:46 UTC 2025","Sat Sep 13 01:09:50 UTC 2025","4016","tests.catalog","test_create_admin_product","","","","test_create_admin_product_minimal_payload_variants[slug+categories]",""
"passed","Sat Sep 13 01:36:40 UTC 2025","Sat Sep 13 01:36:41 UTC 2025","603","tests.tickets","test_04_create_ticket","","","","test_create_ticket_success[admin-attachments0-ReceivingDefectiveProducts]","Позитивный тест: создание тикета с разными темами и вложениями для клиента, партнера и админа"
"passed","Sat Sep 13 00:59:49 UTC 2025","Sat Sep 13 00:59:50 UTC 2025","983","tests.admin_panel.sliders","test_53_get_sliders_by_id","","","","test_get_sliders_by_id_forbidden[client]","Негативный тест: получение слайдера по ID не-админом запрещено"
"skipped","Sat Sep 13 00:45:07 UTC 2025","Sat Sep 13 00:45:07 UTC 2025","643","tests.admin_panel","test_report_accruals","","","","test_report_accruals_invalid_payload[payload2-400]",""
"passed","Sat Sep 13 01:28:01 UTC 2025","Sat Sep 13 01:28:01 UTC 2025","142","tests.stock","test_get_stock_by_id","","","","test_get_stock_by_invalid_id[-1-admin]","Невалидные значения ID склада"
"passed","Sat Sep 13 00:59:29 UTC 2025","Sat Sep 13 00:59:29 UTC 2025","670","tests.admin_panel.sliders","test_52_create_slider","","","","test_create_slider_invalid_payload[payload4-expected_code4]","Негативный тест: попытка создать слайдер с невалидным payload."
"passed","Sat Sep 13 00:57:00 UTC 2025","Sat Sep 13 00:57:01 UTC 2025","1052","tests.admin_panel.promo","test_74_update_promotion","","","","test_update_promotion_forbidden[client]","Негативный тест: попытка обновления акции не-админом."
"passed","Sat Sep 13 01:03:39 UTC 2025","Sat Sep 13 01:03:41 UTC 2025","1039","tests.admin_panel.slides","test_59_update_slide","","","","test_update_slide_invalid_payload[payload12-400]","Негативный тест: обновление слайда с невалидным или неполным телом запроса."
"skipped","Sat Sep 13 01:24:02 UTC 2025","Sat Sep 13 01:24:02 UTC 2025","0","tests.register","test_02_register_partner","","","","test_register_partner_positive[partner-200]","Тест: позитивные тесты для регистрации партнера вручную"
"passed","Sat Sep 13 01:27:18 UTC 2025","Sat Sep 13 01:27:18 UTC 2025","157","tests.statistic","test_team_registrations","","","","test_get_team_registration_statistic_negative[payload6-client]","Негативный тест: ошибка при получении статистики регистрации команды с невалидным телом запроса"
"passed","Sat Sep 13 00:55:14 UTC 2025","Sat Sep 13 00:55:15 UTC 2025","1161","tests.admin_panel.products","test_44_upload_product_brand_images","","","","test_upload_product_brand_images_formats[invalid.pdf-application/pdf-400]","Проверка загрузки изображений бренда в разных форматах: негативные и позитивные кейсы."
"passed","Sat Sep 13 00:57:08 UTC 2025","Sat Sep 13 00:57:08 UTC 2025","675","tests.admin_panel.promo","test_74_update_promotion","","","","test_update_promotion_invalid_id[9999999]","Негативный тест: несуществующий или некорректный ID."
"passed","Sat Sep 13 01:24:49 UTC 2025","Sat Sep 13 01:24:49 UTC 2025","172","tests.statistic","test_team_activations","","","","test_get_team_activation_statistic_positive[payload3-partner]","Позитивный тест: получение статистики по активации команды с валидным телом запроса"
"skipped","Sat Sep 13 01:26:01 UTC 2025","Sat Sep 13 01:26:02 UTC 2025","166","tests.statistic","test_team_go","","","","test_get_team_go_statistic_negative[payload2-partner]","Негативный тест: ошибка при получении статистики по команде с невалидным телом запроса"
"passed","Sat Sep 13 01:02:21 UTC 2025","Sat Sep 13 01:02:21 UTC 2025","663","tests.admin_panel.slides","test_57_create_slide","","","","test_create_slide_invalid_payload[payload21-422]","Негативные тесты: некорректные и неполные payload'ы."
"skipped","Sat Sep 13 00:44:55 UTC 2025","Sat Sep 13 00:44:55 UTC 2025","0","tests.admin_panel","test_accrue_presidential_pool","","","","test_accrue_presidential_pool_unauthorized",""
"passed","Sat Sep 13 01:36:02 UTC 2025","Sat Sep 13 01:36:04 UTC 2025","1230","tests.tickets","test_04_create_ticket","","","","test_create_ticket_success[partner-attachments2-OtherQuestions]","Позитивный тест: создание тикета с разными темами и вложениями для клиента, партнера и админа"
"passed","Sat Sep 13 01:19:50 UTC 2025","Sat Sep 13 01:20:05 UTC 2025","14551","tests.integration","test_order_courier_ru","","","","test_order_courier_ru[Boxberry]",""
"passed","Sat Sep 13 01:36:27 UTC 2025","Sat Sep 13 01:36:28 UTC 2025","680","tests.tickets","test_04_create_ticket","","","","test_create_ticket_success[admin-attachments0-QuestionsAboutTheWorkOfTheStructureAndMentors]","Позитивный тест: создание тикета с разными темами и вложениями для клиента, партнера и админа"
"passed","Sat Sep 13 01:04:39 UTC 2025","Sat Sep 13 01:04:41 UTC 2025","1416","tests.admin_panel.slides","test_61_upload_slides_images","","","","test_upload_slide_images_invalid_format[valid.webp-image/webp-204]","Негативный и позитивный тест: загрузка изображений в разных форматах."
"passed","Sat Sep 13 01:28:55 UTC 2025","Sat Sep 13 01:28:55 UTC 2025","189","tests.tickets","test_01_get_tickets","","","","test_get_tickets_success[filter0-sort0-search1-pagination0-admin]","Позитивный тест: получение списка тикетов с разными комбинациями параметров"
"passed","Sat Sep 13 01:26:31 UTC 2025","Sat Sep 13 01:26:31 UTC 2025","161","tests.statistic","test_team_registrations","","","","test_get_team_registration_statistic_positive[payload1-client]","Позитивный тест: получение статистики по регистрации команды с валидным телом запроса"
"passed","Sat Sep 13 01:30:18 UTC 2025","Sat Sep 13 01:30:18 UTC 2025","172","tests.tickets","test_01_get_tickets","","","","test_get_tickets_success[filter1-sort1-search0-pagination0-partner]","Позитивный тест: получение списка тикетов с разными комбинациями параметров"
"passed","Sat Sep 13 01:03:11 UTC 2025","Sat Sep 13 01:03:12 UTC 2025","683","tests.admin_panel.slides","test_59_update_slide","","","","test_update_slide_invalid_id[9999999]","Негативный тест: несуществующий или некорректный ID."
"passed","Sat Sep 13 00:42:08 UTC 2025","Sat Sep 13 00:42:09 UTC 2025","744","tests.PROJECT_FUND.initiatives","test_get_initiative_by_id","","","","test_get_initiative_by_invalid_id[None-https://dev.ewahelps.com/api]",""
"passed","Sat Sep 13 01:22:50 UTC 2025","Sat Sep 13 01:22:51 UTC 2025","498","tests.one_c","test_get_1с_stock","","","","test_get_stock_success[540001]",""
"skipped","Sat Sep 13 01:06:50 UTC 2025","Sat Sep 13 01:06:50 UTC 2025","1","tests.auth","test_04_refresh","","","","test_refresh_token_success[partner]","Тест успешного обновления токена через refresh-токен."
"passed","Sat Sep 13 00:51:48 UTC 2025","Sat Sep 13 00:51:50 UTC 2025","1474","tests.admin_panel.items","test_update_item","","","","test_update_item_invalid_payload[payload0-expected_code0]","Негативный тест: обновление item с невалидным или неполным телом запроса."
"skipped","Sat Sep 13 00:44:10 UTC 2025","Sat Sep 13 00:44:10 UTC 2025","0","tests.account","test_funds_transfer_send","","","","test_send_funds_transfer_positive[client-payload1]","Позитивные тесты на перевод/вывод средств по visibleId"
"passed","Sat Sep 13 01:31:03 UTC 2025","Sat Sep 13 01:31:03 UTC 2025","184","tests.tickets","test_01_get_tickets","","","","test_get_tickets_success[filter2-sort0-search1-pagination1-client]","Позитивный тест: получение списка тикетов с разными комбинациями параметров"
"skipped","Sat Sep 13 01:19:20 UTC 2025","Sat Sep 13 01:19:20 UTC 2025","605","tests.fund","test_get_top_donors","","","","test_get_top_donors_invalid_params[invalid_param1-https://dev.ewahelps.com/api]","Негатив: неверные параметры должны дать 400 (при рабочем маршруте)."
"passed","Sat Sep 13 00:55:20 UTC 2025","Sat Sep 13 00:55:22 UTC 2025","1390","tests.admin_panel.products","test_44_upload_product_brand_images","","","","test_upload_product_brand_images_formats[valid.png-image/png-204]","Проверка загрузки изображений бренда в разных форматах: негативные и позитивные кейсы."
"passed","Sat Sep 13 01:01:39 UTC 2025","Sat Sep 13 01:01:40 UTC 2025","896","tests.admin_panel.slides","test_57_create_slide","","","","test_create_slide_success","Позитивный тест: успешное создание слайда (все поля)."
"failed","Sat Sep 13 01:18:30 UTC 2025","Sat Sep 13 01:18:32 UTC 2025","1426","tests.delivery","test_02_get_delivery_address","","","","test_get_delivery_addresses_pagination[partner]","Корректная работа пагинации"
"skipped","Sat Sep 13 01:27:31 UTC 2025","Sat Sep 13 01:27:31 UTC 2025","0","tests.stock","test_create_stock","","","","test_create_stock_with_empty_string_log_if_not_200[self_pickup_available]",""
"passed","Sat Sep 13 01:11:10 UTC 2025","Sat Sep 13 01:11:16 UTC 2025","5697","tests.catalog","test_create_admin_product_translation","","","","test_create_admin_product_translation_success[uz]","Создание и обновление перевода продукта на разных языках."
"skipped","Sat Sep 13 00:44:10 UTC 2025","Sat Sep 13 00:44:10 UTC 2025","0","tests.account","test_get_languages","","","","test_get_languages_success[partner-web-200]","Возвращает список языков, доступных для перевода"
"passed","Sat Sep 13 01:26:05 UTC 2025","Sat Sep 13 01:26:05 UTC 2025","153","tests.statistic","test_team_go","","","","test_get_team_go_statistic_negative[payload3-client]","Негативный тест: ошибка при получении статистики по команде с невалидным телом запроса"
"skipped","Sat Sep 13 00:44:10 UTC 2025","Sat Sep 13 00:44:10 UTC 2025","0","tests.account","test_token_revoke","","","","test_revoke_token_positive[admin-payload0]","Позитивные тесты на удаление токена"
"passed","Sat Sep 13 00:57:04 UTC 2025","Sat Sep 13 00:57:05 UTC 2025","664","tests.admin_panel.promo","test_74_update_promotion","","","","test_update_promotion_invalid_id[-1]","Негативный тест: несуществующий или некорректный ID."
"passed","Sat Sep 13 01:02:24 UTC 2025","Sat Sep 13 01:02:25 UTC 2025","897","tests.admin_panel.slides","test_57_create_slide","","","","test_create_slide_title_color_validation[#ABCDEF-201]","Валидация поля title_color при создании слайда."
"skipped","Sat Sep 13 01:38:23 UTC 2025","Sat Sep 13 01:38:23 UTC 2025","0","tests.tickets","test_04_create_ticket","","","","test_create_ticket_invalid_message[client-None]","Негативный тест: создание тикета без сообщения"
"passed","Sat Sep 13 00:43:00 UTC 2025","Sat Sep 13 00:43:00 UTC 2025","155","tests.account","test_0_grades_rating","","","","test_get_grades_rating_positive[admin]","Позитивные тесты на получение рейтинга квалификаций"
"skipped","Sat Sep 13 00:44:10 UTC 2025","Sat Sep 13 00:44:10 UTC 2025","0","tests.account","test_update","","","","test_update_account_positive[partner-payload0]","Позитивные тесты на обновление данных аккаунта"
"passed","Sat Sep 13 01:08:52 UTC 2025","Sat Sep 13 01:08:52 UTC 2025","159","tests.cart","test_user_locale","","","","test_update_user_locale_valid_payload_1[client-payload7]","
    Позитивный тест: Обновление языка/склада/локали авторизованным пользователем."
"skipped","Sat Sep 13 01:10:38 UTC 2025","Sat Sep 13 01:10:38 UTC 2025","0","tests.catalog","test_create_admin_product","","","","test_create_product_duplicate_slug[de]",""
"skipped","Sat Sep 13 00:44:10 UTC 2025","Sat Sep 13 00:44:10 UTC 2025","0","tests.account","test_history_admin","","","","test_get_admin_history_positive[admin-payload0]","Позитивные тесты на получение истории бонусов для админа"
"passed","Sat Sep 13 01:18:04 UTC 2025","Sat Sep 13 01:18:04 UTC 2025","152","tests.delivery","test_02_get_delivery_address","","","","test_get_delivery_addresses_invalid_pagination[invalid_pagination0-client]","Негатив: некорректные параметры пагинации"
"skipped","Sat Sep 13 01:39:23 UTC 2025","Sat Sep 13 01:39:24 UTC 2025","682","tests.tickets","test_09_get_ticket_messages","","","","test_get_ticket_messages_invalid_id","Негативный тест: запрос с несуществующим ID тикета"
"passed","Sat Sep 13 01:25:42 UTC 2025","Sat Sep 13 01:25:42 UTC 2025","170","tests.statistic","test_team_go","","","","test_get_team_go_statistic_positive[payload2-admin]","Позитивный тест: получение статистики по команде с валидным телом запроса"
"passed","Sat Sep 13 00:53:59 UTC 2025","Sat Sep 13 00:54:00 UTC 2025","667","tests.admin_panel.products","test_41_get_product_brand_by_id","","","","test_get_product_brand_invalid_id[0]","Негативный тест: получение бренда по невалидному ID"
"passed","Sat Sep 13 00:51:28 UTC 2025","Sat Sep 13 00:51:28 UTC 2025","464","tests.admin_panel.items","test_update_item","","","","test_update_item_unauthorized","Негативный тест: попытка обновления item без авторизации."
"passed","Sat Sep 13 01:31:00 UTC 2025","Sat Sep 13 01:31:00 UTC 2025","173","tests.tickets","test_01_get_tickets","","","","test_get_tickets_success[filter2-sort0-search1-pagination0-partner]","Позитивный тест: получение списка тикетов с разными комбинациями параметров"
"passed","Sat Sep 13 01:35:31 UTC 2025","Sat Sep 13 01:35:32 UTC 2025","1388","tests.tickets","test_04_create_ticket","","","","test_create_ticket_success[partner-attachments1-ReceivingDefectiveProductsOrShortage]","Позитивный тест: создание тикета с разными темами и вложениями для клиента, партнера и админа"
"passed","Sat Sep 13 00:49:40 UTC 2025","Sat Sep 13 00:49:42 UTC 2025","2514","tests.admin_panel.items","test_create_item_translation","","","","test_create_item_translation_success[ru]",""
"skipped","Sat Sep 13 00:43:01 UTC 2025","Sat Sep 13 00:43:01 UTC 2025","0","tests.account","test_0_marathon","","","","test_create_product_brand_invalid_payload[params6-400-client]",""
"passed","Sat Sep 13 01:24:03 UTC 2025","Sat Sep 13 01:24:04 UTC 2025","764","tests.register","test_02_register_partner","","","","test_register_partner_negative[payload0-400]","Тест: негативные тесты для регистрации партнера вручную"
"passed","Sat Sep 13 01:35:59 UTC 2025","Sat Sep 13 01:36:01 UTC 2025","1219","tests.tickets","test_04_create_ticket","","","","test_create_ticket_success[partner-attachments2-QuestionsAboutTheRewardSystemMarketingPlan]","Позитивный тест: создание тикета с разными темами и вложениями для клиента, партнера и админа"
"passed","Sat Sep 13 01:18:06 UTC 2025","Sat Sep 13 01:18:06 UTC 2025","154","tests.delivery","test_02_get_delivery_address","","","","test_get_delivery_addresses_invalid_pagination[invalid_pagination0-partner]","Негатив: некорректные параметры пагинации"
"skipped","Sat Sep 13 00:44:10 UTC 2025","Sat Sep 13 00:44:10 UTC 2025","0","tests.account","test_token","","","","test_add_token_positive[client-payload1]","Позитивные тесты на добавление токена"
"skipped","Sat Sep 13 01:27:45 UTC 2025","Sat Sep 13 01:27:46 UTC 2025","278","tests.stock","test_get_group_orders","","","","test_get_group_orders_invalid_country_id[abc-admin]","Проверка получения складов по невалидному country_id"
"passed","Sat Sep 13 01:10:15 UTC 2025","Sat Sep 13 01:10:16 UTC 2025","647","tests.catalog","test_create_admin_product","","","","test_create_admin_product_forbidden_for_non_admin[partner]",""
"passed","Sat Sep 13 01:06:42 UTC 2025","Sat Sep 13 01:06:42 UTC 2025","256","tests.auth","test_03_token_auth","","","","test_auth_by_valid_token[partner]","Тест успешной авторизации по валидному токену"
"passed","Sat Sep 13 01:04:26 UTC 2025","Sat Sep 13 01:04:27 UTC 2025","1225","tests.admin_panel.slides","test_61_upload_slides_images","","","","test_upload_slide_images_invalid_format[invalid.txt-text/plain-400]","Негативный и позитивный тест: загрузка изображений в разных форматах."
"skipped","Sat Sep 13 01:28:19 UTC 2025","Sat Sep 13 01:28:19 UTC 2025","319","tests.stock","test_get_stocks","","","","test_get_stocks_invalid_country_id[1.5-admin]","Проверка получения складов по невалидному country_id"
"skipped","Sat Sep 13 00:44:40 UTC 2025","Sat Sep 13 00:44:40 UTC 2025","0","tests.account","test_update_default_stock","","","","test_update_default_stock_positive[admin-payload0]","Позитивные тесты на изменение дефолтного склада"
"passed","Sat Sep 13 01:38:13 UTC 2025","Sat Sep 13 01:38:14 UTC 2025","599","tests.tickets","test_04_create_ticket","","","","test_create_ticket_invalid_request_type[admin-None-200]","Негативный тест: попытка создания тикета с неверным типом request_type"
"passed","Sat Sep 13 00:46:54 UTC 2025","Sat Sep 13 00:46:54 UTC 2025","162","tests.admin_panel.categories","test_56_v2_create_category","","","","test_v2_create_category_forbidden[client]","Негативный тест: создание категории не-админом запрещено."
"passed","Sat Sep 13 01:32:06 UTC 2025","Sat Sep 13 01:32:06 UTC 2025","158","tests.tickets","test_01_get_tickets","","","","test_get_tickets_invalid_search[invalid_search1-400-partner]","Негативный тест: передаем некорректные параметры поиска"
"passed","Sat Sep 13 00:49:18 UTC 2025","Sat Sep 13 00:49:19 UTC 2025","892","tests.admin_panel.items","test_create_item","","","","test_create_item_invalid_payload[payload0-expected_code0]","
    Негативный тест: создание варианта с невалидным телом запроса.
    Если сервер внезапно вернул успех — удаляем созданный item из БД.
    "
"passed","Sat Sep 13 00:52:12 UTC 2025","Sat Sep 13 00:52:14 UTC 2025","2383","tests.admin_panel.products","test_01_recommended_products_sort","","","","test_sort_recommendations_partial","Сортировка по рекомендациям"
"passed","Sat Sep 13 01:37:46 UTC 2025","Sat Sep 13 01:37:47 UTC 2025","1227","tests.tickets","test_04_create_ticket","","","","test_create_ticket_success[admin-attachments2-ChangePersonalData]","Позитивный тест: создание тикета с разными темами и вложениями для клиента, партнера и админа"
"passed","Sat Sep 13 00:51:05 UTC 2025","Sat Sep 13 00:51:08 UTC 2025","2554","tests.admin_panel.items","test_get_item_translation","","","","test_get_item_translation_forbidden[client]","
    Негативный тест: client/partner не может читать переводы item.
    Подготовку (создание item и добавление перевода) делает админ.
    "
"skipped","Sat Sep 13 01:23:27 UTC 2025","Sat Sep 13 01:23:28 UTC 2025","146","tests.orders","test_group_order_change_country","","","","test_change_country_invalid_data[invalid_payload2-partner]","Негативные тесты: передача некорректных данных"
"passed","Sat Sep 13 01:27:38 UTC 2025","Sat Sep 13 01:27:38 UTC 2025","463","tests.stock","test_delete_stock","","","","test_delete_stock_unauthorized",""
"passed","Sat Sep 13 01:27:13 UTC 2025","Sat Sep 13 01:27:13 UTC 2025","159","tests.statistic","test_team_registrations","","","","test_get_team_registration_statistic_negative[payload5-client]","Негативный тест: ошибка при получении статистики регистрации команды с невалидным телом запроса"
"passed","Sat Sep 13 00:51:13 UTC 2025","Sat Sep 13 00:51:13 UTC 2025","637","tests.admin_panel.items","test_get_item_translation","","","","test_get_item_translation_invalid_id[abc]",""
"passed","Sat Sep 13 00:56:40 UTC 2025","Sat Sep 13 00:56:41 UTC 2025","627","tests.admin_panel.promo","test_73_get_promotion_by_id","","","","test_get_promotion_invalid_id[abc]","Негативный тест: получение акции по невалидному ID."
"passed","Sat Sep 13 00:53:53 UTC 2025","Sat Sep 13 00:53:55 UTC 2025","1579","tests.admin_panel.products","test_41_get_product_brand_by_id","","","","test_get_product_brands_by_id_forbidden[partner]","Негативный тест: получение бренда по ID не админом"
"passed","Sat Sep 13 01:23:53 UTC 2025","Sat Sep 13 01:23:53 UTC 2025","148","tests.register","test_01_register_form","","","","test_register_form_negative[partner-payload2-400]",""
"passed","Sat Sep 13 01:16:17 UTC 2025","Sat Sep 13 01:16:18 UTC 2025","1003","tests.delivery","test_01_save_delivery_address","","","","test_save_delivery_address_positive[client-payload4]","Позитивные тесты на сохранение адреса доставки"
"passed","Sat Sep 13 00:43:11 UTC 2025","Sat Sep 13 00:43:11 UTC 2025","159","tests.account","test_0_referral_links","","","","test_get_referral_links_positive[admin-403]","Позитивные тесты на получение реферальных ссылок"
"passed","Sat Sep 13 01:01:32 UTC 2025","Sat Sep 13 01:01:32 UTC 2025","152","tests.admin_panel.slides","test_56_get_slides","","","","test_get_slides_forbidden[client]","Негативный тест: получение списка слайдов не админом."
"passed","Sat Sep 13 01:03:29 UTC 2025","Sat Sep 13 01:03:30 UTC 2025","1062","tests.admin_panel.slides","test_59_update_slide","","","","test_update_slide_invalid_payload[payload7-expected_code7]","Негативный тест: обновление слайда с невалидным или неполным телом запроса."
"passed","Sat Sep 13 00:43:07 UTC 2025","Sat Sep 13 00:43:07 UTC 2025","160","tests.account","test_0_referral_links","","","","test_get_referral_links_positive[client-403]","Позитивные тесты на получение реферальных ссылок"
"passed","Sat Sep 13 01:37:43 UTC 2025","Sat Sep 13 01:37:45 UTC 2025","1216","tests.tickets","test_04_create_ticket","","","","test_create_ticket_success[admin-attachments2-OtherQuestions]","Позитивный тест: создание тикета с разными темами и вложениями для клиента, партнера и админа"
"skipped","Sat Sep 13 00:52:12 UTC 2025","Sat Sep 13 00:52:12 UTC 2025","0","tests.admin_panel.products","test_01_delete_product_group","","","","test_delete_product_group_invalid_id[-1]","Негативный тест: удаление несуществующей или некорректной продукт группы."
"passed","Sat Sep 13 01:09:16 UTC 2025","Sat Sep 13 01:09:16 UTC 2025","152","tests.cart","test_user_locale","","","","test_update_user_locale_invalid_payload[client-payload2-400]","Негативный тест: обновление локали с невалидным payload."
"passed","Sat Sep 13 00:51:55 UTC 2025","Sat Sep 13 00:51:56 UTC 2025","1552","tests.admin_panel.items","test_update_item","","","","test_update_item_invalid_payload[payload2-expected_code2]","Негативный тест: обновление item с невалидным или неполным телом запроса."
"passed","Sat Sep 13 01:01:55 UTC 2025","Sat Sep 13 01:01:56 UTC 2025","670","tests.admin_panel.slides","test_57_create_slide","","","","test_create_slide_invalid_payload[payload6-expected_code6]","Негативные тесты: некорректные и неполные payload'ы."
"passed","Sat Sep 13 01:04:11 UTC 2025","Sat Sep 13 01:04:11 UTC 2025","663","tests.admin_panel.slides","test_60_delete_slides","","","","test_delete_slide_invalid_id[0]","Негативный тест: удаление несуществующего или некорректного слайда."
"passed","Sat Sep 13 01:16:56 UTC 2025","Sat Sep 13 01:16:56 UTC 2025","153","tests.delivery","test_01_save_delivery_address","","","","test_save_delivery_address_negative[client-payload6-400]","Негативные тесты на сохранение адреса доставки"
"passed","Sat Sep 13 01:24:31 UTC 2025","Sat Sep 13 01:24:31 UTC 2025","165","tests.statistic","test_team_activations","","","","test_get_team_activation_statistic_positive[payload0-client]","Позитивный тест: получение статистики по активации команды с валидным телом запроса"
"passed","Sat Sep 13 01:16:57 UTC 2025","Sat Sep 13 01:16:57 UTC 2025","170","tests.delivery","test_01_save_delivery_address","","","","test_save_delivery_address_negative[client-payload7-500]","Негативные тесты на сохранение адреса доставки"
"skipped","Sat Sep 13 00:44:10 UTC 2025","Sat Sep 13 00:44:10 UTC 2025","0","tests.account","test_history","","","","test_get_history_positive[partner-payload1]","Позитивные тесты на получение истории аккаунта"
"skipped","Sat Sep 13 01:23:35 UTC 2025","Sat Sep 13 01:23:35 UTC 2025","0","tests.orders","test_orders_v2_pay","","","","test_orders_v2_pay_success[Card]","Позитивный тест: успешная оплата заказа"
"passed","Sat Sep 13 01:17:33 UTC 2025","Sat Sep 13 01:17:34 UTC 2025","166","tests.delivery","test_01_save_delivery_address","","","","test_save_delivery_address_negative[admin-payload8-500]","Негативные тесты на сохранение адреса доставки"
"passed","Sat Sep 13 01:37:21 UTC 2025","Sat Sep 13 01:37:23 UTC 2025","1231","tests.tickets","test_04_create_ticket","","","","test_create_ticket_success[admin-attachments2-QuestionsAboutPaymentsToIP]","Позитивный тест: создание тикета с разными темами и вложениями для клиента, партнера и админа"
"skipped","Sat Sep 13 01:09:12 UTC 2025","Sat Sep 13 01:09:12 UTC 2025","0","tests.cart","test_user_locale","","","","test_update_user_locale_valid_payload[payload2]","
    Позитивный тест: Обновление языка/склада/локали НЕавторизованным пользователем с указанной корзиной в cookie.
    "
"passed","Sat Sep 13 01:01:45 UTC 2025","Sat Sep 13 01:01:46 UTC 2025","673","tests.admin_panel.slides","test_57_create_slide","","","","test_create_slide_invalid_payload[payload0-expected_code0]","Негативные тесты: некорректные и неполные payload'ы."
"passed","Sat Sep 13 00:47:55 UTC 2025","Sat Sep 13 00:47:56 UTC 2025","1532","tests.admin_panel.categories","test_79_get_category_translation","","","","test_get_category_translation_forbidden[partner]",""
"skipped","Sat Sep 13 01:19:27 UTC 2025","Sat Sep 13 01:19:27 UTC 2025","0","tests.integration","test_auth_01_full_auth_cycle","","","","test_full_auth_flow[authorize_admin]","Сценарный тест: полный цикл авторизации и выхода"
"passed","Sat Sep 13 01:17:59 UTC 2025","Sat Sep 13 01:17:59 UTC 2025","185","tests.delivery","test_02_get_delivery_address","","","","test_get_empty_delivery_addresses[client]","Получение пустого списка"
"passed","Sat Sep 13 01:33:47 UTC 2025","Sat Sep 13 01:33:48 UTC 2025","1335","tests.tickets","test_04_create_ticket","","","","test_create_ticket_success[client-attachments1-ReceivingDefectiveProductsOrShortage]","Позитивный тест: создание тикета с разными темами и вложениями для клиента, партнера и админа"
"passed","Sat Sep 13 00:50:33 UTC 2025","Sat Sep 13 00:50:36 UTC 2025","3210","tests.admin_panel.items","test_delete_item_translation","","","","test_delete_item_translation_success","Позитивный тест: удаление одного из двух переводов варианта товара."
"passed","Sat Sep 13 00:44:35 UTC 2025","Sat Sep 13 00:44:39 UTC 2025","3202","tests.account","test_update_avatar","","","","test_update_avatar_positive[admin-payload1]","Позитивные тесты на обновление аватара"
"passed","Sat Sep 13 01:30:54 UTC 2025","Sat Sep 13 01:30:55 UTC 2025","181","tests.tickets","test_01_get_tickets","","","","test_get_tickets_success[filter2-sort0-search0-pagination1-partner]","Позитивный тест: получение списка тикетов с разными комбинациями параметров"
"passed","Sat Sep 13 01:12:05 UTC 2025","Sat Sep 13 01:12:06 UTC 2025","680","tests.catalog","test_create_admin_product_translation","","","","test_create_admin_product_translation_invalid_payload[payload0-400]","Негативные проверки на создание перевода с некорректным payload."
"passed","Sat Sep 13 01:22:59 UTC 2025","Sat Sep 13 01:22:59 UTC 2025","453","tests.one_c","test_get_1с_stock","","","","test_get_stock_bad_request[params2]",""
"passed","Sat Sep 13 00:42:53 UTC 2025","Sat Sep 13 00:42:53 UTC 2025","230","tests.account","test_0_funds_transfer_withdrawal_info","","","","test_get_withdrawal_info_positive[partner-200]","Позитивные тесты на получение информации о выводе средств"
"passed","Sat Sep 13 01:25:32 UTC 2025","Sat Sep 13 01:25:32 UTC 2025","161","tests.statistic","test_team_go","","","","test_get_team_go_statistic_positive[payload0-admin]","Позитивный тест: получение статистики по команде с валидным телом запроса"
"passed","Sat Sep 13 00:43:36 UTC 2025","Sat Sep 13 00:43:37 UTC 2025","957","tests.account","test_add_cover_url","","","","test_add_cover_full_payload[partner]",""
"passed","Sat Sep 13 01:22:00 UTC 2025","Sat Sep 13 01:22:02 UTC 2025","1762","tests.one_c","test_create_1c_stock","","","","test_timezone_same_name_different_offset_creates_new",""
"passed","Sat Sep 13 00:57:56 UTC 2025","Sat Sep 13 00:57:57 UTC 2025","1165","tests.admin_panel.promo","test_76_get_promotion_items","","","","test_get_promotion_item_forbidden[client]","Негативный тест: получение элемента акции не-админом запрещено."
"passed","Sat Sep 13 01:00:55 UTC 2025","Sat Sep 13 01:00:56 UTC 2025","1063","tests.admin_panel.sliders","test_55_delete_sliders","","","","test_delete_slider_forbidden[client]","Негативный тест: попытка удаления слайдера не-админом."
"passed","Sat Sep 13 01:07:02 UTC 2025","Sat Sep 13 01:07:03 UTC 2025","470","tests.auth","test_05_logout","","","","test_logout_invalid_token","Тест разлогинивания с невалидным токеном"
"passed","Sat Sep 13 01:22:57 UTC 2025","Sat Sep 13 01:22:58 UTC 2025","460","tests.one_c","test_get_1с_stock","","","","test_get_stock_bad_request[params1]",""
"passed","Sat Sep 13 00:52:15 UTC 2025","Sat Sep 13 00:52:17 UTC 2025","1758","tests.admin_panel.products","test_01_recommended_products_sort","","","","test_sort_recommendations_empty_list","Попытка сортировки с пустым списком рекомендаций"
"skipped","Sat Sep 13 01:27:31 UTC 2025","Sat Sep 13 01:27:31 UTC 2025","0","tests.stock","test_create_stock","","","","test_create_stock_with_empty_string_log_if_not_200[timezone.dst_start]",""
"passed","Sat Sep 13 01:01:57 UTC 2025","Sat Sep 13 01:01:58 UTC 2025","646","tests.admin_panel.slides","test_57_create_slide","","","","test_create_slide_invalid_payload[payload7-expected_code7]","Негативные тесты: некорректные и неполные payload'ы."
"passed","Sat Sep 13 01:06:07 UTC 2025","Sat Sep 13 01:06:07 UTC 2025","446","tests.auth","test_01_check_version","","","","test_check_version[Android-0.9.0-200]","Тест проверяет API /check_version для разных платформ и версий."
"passed","Sat Sep 13 01:35:07 UTC 2025","Sat Sep 13 01:35:08 UTC 2025","1313","tests.tickets","test_04_create_ticket","","","","test_create_ticket_success[partner-attachments1-QuestionsAboutOrders]","Позитивный тест: создание тикета с разными темами и вложениями для клиента, партнера и админа"
"passed","Sat Sep 13 01:10:47 UTC 2025","Sat Sep 13 01:10:53 UTC 2025","5574","tests.catalog","test_create_admin_product_translation","","","","test_create_admin_product_translation_success[en]","Создание и обновление перевода продукта на разных языках."
"passed","Sat Sep 13 01:13:33 UTC 2025","Sat Sep 13 01:13:33 UTC 2025","644","tests.catalog","test_get_admin_product_translation","","","","test_get_admin_product_translation_invalid_id[0]","Проверка получения перевода по невалидному product_id."
"passed","Sat Sep 13 00:53:50 UTC 2025","Sat Sep 13 00:53:51 UTC 2025","1536","tests.admin_panel.products","test_41_get_product_brand_by_id","","","","test_get_product_brands_by_id_forbidden[client]","Негативный тест: получение бренда по ID не админом"
"passed","Sat Sep 13 00:45:34 UTC 2025","Sat Sep 13 00:45:34 UTC 2025","668","tests.admin_panel.categories","test_47_get_categories_by_id","","","","test_get_categories_invalid_id[]","Негативный тест: получение категории по невалидному ID."
"skipped","Sat Sep 13 00:44:55 UTC 2025","Sat Sep 13 00:44:55 UTC 2025","0","tests.admin_panel","test_accrue_presidential_pool","","","","test_accrue_presidential_pool_invalid_payload[payload4-400]",""
"passed","Sat Sep 13 00:58:48 UTC 2025","Sat Sep 13 00:58:50 UTC 2025","1362","tests.admin_panel.promo","test_78_delete_promotion_item","","","","test_delete_promotion_item_success","Позитивный тест: удаление элемента акции из двух админом."
"passed","Sat Sep 13 01:07:47 UTC 2025","Sat Sep 13 01:07:47 UTC 2025","372","tests.cart","test_get_delivery_cost","","","","test_get_delivery_cost_success_partial_payload[partner-payload1-200]","Позитивный тест: успешное получение ТК при неполном наборе (город без региона, без ID и т.п.)"
"passed","Sat Sep 13 00:51:52 UTC 2025","Sat Sep 13 00:51:53 UTC 2025","1555","tests.admin_panel.items","test_update_item","","","","test_update_item_invalid_payload[payload1-expected_code1]","Негативный тест: обновление item с невалидным или неполным телом запроса."
"passed","Sat Sep 13 01:39:14 UTC 2025","Sat Sep 13 01:39:14 UTC 2025","650","tests.tickets","test_07_delete_ticket","","","","test_delete_tickets_negative[None-400]","Негативные тесты: удаление с некорректными данными"
"passed","Sat Sep 13 01:34:13 UTC 2025","Sat Sep 13 01:34:14 UTC 2025","1217","tests.tickets","test_04_create_ticket","","","","test_create_ticket_success[client-attachments2-QuestionsAboutTheMarriageContract]","Позитивный тест: создание тикета с разными темами и вложениями для клиента, партнера и админа"
"passed","Sat Sep 13 01:37:27 UTC 2025","Sat Sep 13 01:37:28 UTC 2025","1187","tests.tickets","test_04_create_ticket","","","","test_create_ticket_success[admin-attachments2-QuestionsAboutOrders]","Позитивный тест: создание тикета с разными темами и вложениями для клиента, партнера и админа"
"skipped","Sat Sep 13 01:16:41 UTC 2025","Sat Sep 13 01:16:41 UTC 2025","0","tests.delivery","test_01_save_delivery_address","","","","test_save_delivery_address_positive[partner-payload5]","Позитивные тесты на сохранение адреса доставки"
"passed","Sat Sep 13 01:20:21 UTC 2025","Sat Sep 13 01:20:33 UTC 2025","12273","tests.integration","test_order_international","","","","test_order_international","
    Полный цикл:
      логин -> каталог -> корзина (update + update_multi: qty=2) -> адрес/доставка
      -> оплата TestPay -> check_payment.
    "
"passed","Sat Sep 13 01:40:37 UTC 2025","Sat Sep 13 01:40:38 UTC 2025","664","tests.tickets","test_12_delete_message","","","","test_delete_ticket_message_negative[invalid-500]","Негативные тесты: удаление с некорректными данными"
"passed","Sat Sep 13 01:29:23 UTC 2025","Sat Sep 13 01:29:23 UTC 2025","177","tests.tickets","test_01_get_tickets","","","","test_get_tickets_success[filter0-sort1-search1-pagination0-client]","Позитивный тест: получение списка тикетов с разными комбинациями параметров"
"passed","Sat Sep 13 01:02:14 UTC 2025","Sat Sep 13 01:02:15 UTC 2025","665","tests.admin_panel.slides","test_57_create_slide","","","","test_create_slide_invalid_payload[payload17-422]","Негативные тесты: некорректные и неполные payload'ы."
"passed","Sat Sep 13 01:01:27 UTC 2025","Sat Sep 13 01:01:27 UTC 2025","152","tests.admin_panel.slides","test_0_slides_sort","","","","test_slides_sort_by_id_forbidden[client]","Негативный тест: не админом."
"passed","Sat Sep 13 01:05:55 UTC 2025","Sat Sep 13 01:05:56 UTC 2025","1406","tests.admin_panel.slides","test_62_slides_update_video_url","","","","test_update_video_url_empty","Позитивный тест: передача пустой строки — должен быть сгенерирован мастер-файл"
"passed","Sat Sep 13 01:15:25 UTC 2025","Sat Sep 13 01:15:30 UTC 2025","4977","tests.catalog","test_update_admin_product","","","","test_update_admin_product_invalid_payload[update_payload6-422]",""
"passed","Sat Sep 13 00:59:44 UTC 2025","Sat Sep 13 00:59:45 UTC 2025","1054","tests.admin_panel.sliders","test_52_create_slider","","","","test_create_slider_should_fail_on_duplicate","Негативный тест: дублирование уникальных полей слайдера."
"passed","Sat Sep 13 01:29:41 UTC 2025","Sat Sep 13 01:29:41 UTC 2025","172","tests.tickets","test_01_get_tickets","","","","test_get_tickets_success[filter0-sort1-search2-pagination1-partner]","Позитивный тест: получение списка тикетов с разными комбинациями параметров"
"skipped","Sat Sep 13 00:44:10 UTC 2025","Sat Sep 13 00:44:10 UTC 2025","0","tests.account","test_history_admin","","","","test_get_admin_history_positive[partner-payload1]","Позитивные тесты на получение истории бонусов для админа"
"skipped","Sat Sep 13 00:44:55 UTC 2025","Sat Sep 13 00:44:55 UTC 2025","0","tests.admin_panel","test_accrue_presidential_pool","","","","test_accrue_presidential_pool_invalid_payload[payload2-400]",""
"passed","Sat Sep 13 01:16:45 UTC 2025","Sat Sep 13 01:16:45 UTC 2025","156","tests.delivery","test_01_save_delivery_address","","","","test_save_delivery_address_negative[client-payload0-400]","Негативные тесты на сохранение адреса доставки"
"passed","Sat Sep 13 01:33:41 UTC 2025","Sat Sep 13 01:33:42 UTC 2025","1402","tests.tickets","test_04_create_ticket","","","","test_create_ticket_success[client-attachments1-OtherQuestions]","Позитивный тест: создание тикета с разными темами и вложениями для клиента, партнера и админа"
"passed","Sat Sep 13 00:43:04 UTC 2025","Sat Sep 13 00:43:04 UTC 2025","168","tests.account","test_0_profile","","","","test_get_profile_positive[partner]","Позитивные тесты на получение данных пользовательского аккаунта"
"passed","Sat Sep 13 01:36:36 UTC 2025","Sat Sep 13 01:36:36 UTC 2025","628","tests.tickets","test_04_create_ticket","","","","test_create_ticket_success[admin-attachments0-ChangePersonalData]","Позитивный тест: создание тикета с разными темами и вложениями для клиента, партнера и админа"
"passed","Sat Sep 13 00:48:31 UTC 2025","Sat Sep 13 00:48:32 UTC 2025","1211","tests.admin_panel.categories","test_80_create_category_translation","","","","test_create_category_translation_forbidden[partner]","Негативный тест: создание перевода не-админом запрещено."
"passed","Sat Sep 13 01:00:06 UTC 2025","Sat Sep 13 01:00:08 UTC 2025","1131","tests.admin_panel.sliders","test_54_update_slider","","","","test_update_slider_success","Позитивный тест: успешное обновление слайдера (все поля)."
"passed","Sat Sep 13 00:49:27 UTC 2025","Sat Sep 13 00:49:28 UTC 2025","885","tests.admin_panel.items","test_create_item","","","","test_create_item_invalid_payload[payload5-expected_code5]","
    Негативный тест: создание варианта с невалидным телом запроса.
    Если сервер внезапно вернул успех — удаляем созданный item из БД.
    "
"passed","Sat Sep 13 00:50:12 UTC 2025","Sat Sep 13 00:50:14 UTC 2025","2014","tests.admin_panel.items","test_create_item_translation","","","","test_create_item_translation_forbidden[partner]","Негативный тест: создание перевода не-админом запрещено."
"skipped","Sat Sep 13 01:27:31 UTC 2025","Sat Sep 13 01:27:31 UTC 2025","0","tests.stock","test_create_stock","","","","test_create_stock_with_empty_string_log_if_not_200[address.floor]",""
"passed","Sat Sep 13 01:01:10 UTC 2025","Sat Sep 13 01:01:11 UTC 2025","655","tests.admin_panel.slides","test_0_slides_sort","","","","test_slides_sort_invalid_id[abc]","Негативный тест: невалидный path parameter."
"skipped","Sat Sep 13 00:44:10 UTC 2025","Sat Sep 13 00:44:10 UTC 2025","0","tests.account","test_token","","","","test_add_token_positive[admin-payload0]","Позитивные тесты на добавление токена"
"passed","Sat Sep 13 01:06:35 UTC 2025","Sat Sep 13 01:06:35 UTC 2025","279","tests.auth","test_02_login","","","","test_partner_login[partner-2877-123123-200]",""
"passed","Sat Sep 13 01:35:22 UTC 2025","Sat Sep 13 01:35:23 UTC 2025","1425","tests.tickets","test_04_create_ticket","","","","test_create_ticket_success[partner-attachments1-QuestionsAboutTheRewardSystemMarketingPlan]","Позитивный тест: создание тикета с разными темами и вложениями для клиента, партнера и админа"
"skipped","Sat Sep 13 00:43:01 UTC 2025","Sat Sep 13 00:43:01 UTC 2025","0","tests.account","test_0_marathon","","","","test_create_product_brand_invalid_payload[params6-400-admin]",""
"passed","Sat Sep 13 01:29:27 UTC 2025","Sat Sep 13 01:29:27 UTC 2025","186","tests.tickets","test_01_get_tickets","","","","test_get_tickets_success[filter0-sort1-search1-pagination0-admin]","Позитивный тест: получение списка тикетов с разными комбинациями параметров"
"passed","Sat Sep 13 01:09:27 UTC 2025","Sat Sep 13 01:09:27 UTC 2025","158","tests.cart","test_user_locale","","","","test_update_user_locale_invalid_payload[partner-payload1-400]","Негативный тест: обновление локали с невалидным payload."
"passed","Sat Sep 13 01:16:19 UTC 2025","Sat Sep 13 01:16:20 UTC 2025","999","tests.delivery","test_01_save_delivery_address","","","","test_save_delivery_address_positive[client-payload5]","Позитивные тесты на сохранение адреса доставки"
"passed","Sat Sep 13 00:42:22 UTC 2025","Sat Sep 13 00:42:22 UTC 2025","462","tests.PROJECT_FUND.initiatives","test_get_report_by_id","","","","test_get_report_by_invalid_id[1.5-https://dev.ewahelps.com/api]","Негативный тест: невалидный или несуществующий path-параметр"
"skipped","Sat Sep 13 01:24:01 UTC 2025","Sat Sep 13 01:24:01 UTC 2025","189","tests.register","test_01_register_form","","","","test_register_form_negative[admin-payload3-400]",""
"passed","Sat Sep 13 01:29:25 UTC 2025","Sat Sep 13 01:29:25 UTC 2025","172","tests.tickets","test_01_get_tickets","","","","test_get_tickets_success[filter0-sort1-search1-pagination0-partner]","Позитивный тест: получение списка тикетов с разными комбинациями параметров"
"skipped","Sat Sep 13 00:44:10 UTC 2025","Sat Sep 13 00:44:10 UTC 2025","0","tests.account","test_funds_transfer_list","","","","test_get_funds_transfer_list_positive[partner-payload0]","Позитивные тесты на получение истории переводов/выводов средств"
"passed","Sat Sep 13 00:54:28 UTC 2025","Sat Sep 13 00:54:29 UTC 2025","1021","tests.admin_panel.products","test_42_update_product_brand","","","","test_update_product_brand_invalid_payload[payload2-expected_code2]","Негативный тест: обновление бренда с невалидным или неполным телом запроса."
"passed","Sat Sep 13 01:17:28 UTC 2025","Sat Sep 13 01:17:28 UTC 2025","152","tests.delivery","test_01_save_delivery_address","","","","test_save_delivery_address_negative[admin-payload5-400]","Негативные тесты на сохранение адреса доставки"
"passed","Sat Sep 13 00:47:45 UTC 2025","Sat Sep 13 00:47:47 UTC 2025","1940","tests.admin_panel.categories","test_79_get_category_translation","","","","test_get_category_translation_success",""
"passed","Sat Sep 13 00:58:36 UTC 2025","Sat Sep 13 00:58:37 UTC 2025","668","tests.admin_panel.promo","test_77_create_promotion_item","","","","test_create_promotion_item_invalid_ids[1-None-404]",""
"skipped","Sat Sep 13 00:41:59 UTC 2025","Sat Sep 13 00:41:59 UTC 2025","0","tests.PROJECT_EDUCATION.test_system","04_finish_test","","","","test_finish_test","Завершение теста и вычисление результатов."
"passed","Sat Sep 13 00:53:37 UTC 2025","Sat Sep 13 00:53:37 UTC 2025","650","tests.admin_panel.products","test_40_create_product_brand","","","","test_create_product_brand_invalid_payload[payload8-expected_codes8]","Негативные кейсы: невалидные поля при создании бренда."
"skipped","Sat Sep 13 01:38:30 UTC 2025","Sat Sep 13 01:38:30 UTC 2025","0","tests.tickets","test_04_create_ticket","","","","test_create_ticket_invalid_attachment[partner]","Негативный тест: попытка загрузки вложения с некорректными данными"
"skipped","Sat Sep 13 00:44:10 UTC 2025","Sat Sep 13 00:44:10 UTC 2025","0","tests.account","test_token_revoke","","","","test_revoke_token_positive[admin-payload1]","Позитивные тесты на удаление токена"
"passed","Sat Sep 13 00:56:09 UTC 2025","Sat Sep 13 00:56:10 UTC 2025","684","tests.admin_panel.promo","test_72_create_promotion","","","","test_create_promotion_invalid_data[payload3-400]","Негативные тесты: невалидные данные"
"failed","Sat Sep 13 01:18:53 UTC 2025","Sat Sep 13 01:18:55 UTC 2025","2093","tests.delivery","test_03_delete_delivery_address","","","","test_delete_delivery_address_permissions[authorize_partner-authorize_client-True]","Права доступа при удалении адресов"
"passed","Sat Sep 13 01:05:52 UTC 2025","Sat Sep 13 01:05:54 UTC 2025","1430","tests.admin_panel.slides","test_62_slides_update_video_url","","","","test_update_video_url_success","Позитивный тест: успешное обновление ссылки на видео мастер-файл"
"skipped","Sat Sep 13 00:44:55 UTC 2025","Sat Sep 13 00:44:55 UTC 2025","0","tests.admin_panel","test_accrue_presidential_pool","","","","test_accrue_presidential_pool_invalid_payload[payload3-400]",""
"passed","Sat Sep 13 00:55:05 UTC 2025","Sat Sep 13 00:55:05 UTC 2025","160","tests.admin_panel.products","test_44_upload_product_brand_images","","","","test_upload_product_brand_images_forbidden[client]","Негативный тест: неадмин не может загрузить изображения."
"passed","Sat Sep 13 00:59:21 UTC 2025","Sat Sep 13 00:59:21 UTC 2025","463","tests.admin_panel.sliders","test_52_create_slider","","","","test_create_slider_unauthorized","Негативный тест: создание слайдера без авторизации."
"skipped","Sat Sep 13 00:44:10 UTC 2025","Sat Sep 13 00:44:10 UTC 2025","0","tests.account","test_history","","","","test_get_history_positive[client-payload0]","Позитивные тесты на получение истории аккаунта"
"skipped","Sat Sep 13 01:39:09 UTC 2025","Sat Sep 13 01:39:10 UTC 2025","676","tests.tickets","test_07_delete_ticket","","","","test_delete_tickets_negative[ticket_ids0-400]","Негативные тесты: удаление с некорректными данными"
"passed","Sat Sep 13 00:43:13 UTC 2025","Sat Sep 13 00:43:13 UTC 2025","157","tests.account","test_0_top_partners_client_service_v2","","","","test_get_top_partners_client_service_v2_positive[client]","Позитивные тесты на получение топ-партнеров по сумме ЛО клиентов"
"passed","Sat Sep 13 01:04:23 UTC 2025","Sat Sep 13 01:04:23 UTC 2025","158","tests.admin_panel.slides","test_61_upload_slides_images","","","","test_upload_slide_images_forbidden[partner]","Негативный тест: неадмин не может загрузить изображения слайда."
"passed","Sat Sep 13 00:49:02 UTC 2025","Sat Sep 13 00:49:03 UTC 2025","685","tests.admin_panel.categories","test_81_delete_category_translation","","","","test_delete_category_translation_invalid_id[0]","Негативный тест: удаление перевода с невалидным ID категории."
"skipped","Sat Sep 13 00:44:10 UTC 2025","Sat Sep 13 00:44:10 UTC 2025","0","tests.account","test_history_personal_volumes_admin","","","","test_get_personal_volumes_history_admin_positive[client-payload0]","Позитивные тесты на получение истории начисления личных объемов для админа"
"skipped","Sat Sep 13 01:26:55 UTC 2025","Sat Sep 13 01:26:56 UTC 2025","160","tests.statistic","test_team_registrations","","","","test_get_team_registration_statistic_negative[payload1-admin]","Негативный тест: ошибка при получении статистики регистрации команды с невалидным телом запроса"
"passed","Sat Sep 13 01:08:50 UTC 2025","Sat Sep 13 01:08:50 UTC 2025","151","tests.cart","test_user_locale","","","","test_update_user_locale_valid_payload_1[client-payload6]","
    Позитивный тест: Обновление языка/склада/локали авторизованным пользователем."
"passed","Sat Sep 13 01:28:43 UTC 2025","Sat Sep 13 01:28:43 UTC 2025","180","tests.tickets","test_01_get_tickets","","","","test_get_tickets_success[filter0-sort0-search0-pagination0-partner]","Позитивный тест: получение списка тикетов с разными комбинациями параметров"
"passed","Sat Sep 13 01:05:10 UTC 2025","Sat Sep 13 01:05:13 UTC 2025","2475","tests.admin_panel.slides","test_61_upload_slides_images","","","","test_upload_slide_images_file_too_large[5.3-fields_to_send7-400]","Негативный тест: загрузка слишком большого изображения."
"passed","Sat Sep 13 01:14:37 UTC 2025","Sat Sep 13 01:14:42 UTC 2025","4993","tests.catalog","test_update_admin_product","","","","test_update_admin_product_invalid_payload[update_payload0-400]",""
"passed","Sat Sep 13 00:56:28 UTC 2025","Sat Sep 13 00:56:28 UTC 2025","152","tests.admin_panel.promo","test_72_create_promotion","","","","test_create_promotion_forbidden[client]","Негативный тест: создание акции не-админом запрещено."
"passed","Sat Sep 13 00:56:50 UTC 2025","Sat Sep 13 00:56:51 UTC 2025","653","tests.admin_panel.promo","test_73_get_promotion_by_id","","","","test_get_promotion_not_found","Негативный тест: акция не найдена."
"passed","Sat Sep 13 00:44:58 UTC 2025","Sat Sep 13 00:44:59 UTC 2025","464","tests.admin_panel","test_report_accruals","","","","test_report_accruals_unauthorized",""
"skipped","Sat Sep 13 01:23:03 UTC 2025","Sat Sep 13 01:23:03 UTC 2025","0","tests.orders","test_create_order_by_delivery_address","","","","test_create_order_permissions[authorize_partner-authorize_client-404]","Тест: проверка прав доступа при создании заказа по сохраненному адресу"
"passed","Sat Sep 13 01:23:07 UTC 2025","Sat Sep 13 01:23:08 UTC 2025","152","tests.orders","test_create_order_by_delivery_address","","","","test_create_order_invalid_data[invalid_payload0-admin]","Негативные тесты: создание заказа с некорректными данными"
"passed","Sat Sep 13 01:23:46 UTC 2025","Sat Sep 13 01:23:46 UTC 2025","147","tests.register","test_01_register_form","","","","test_register_form_negative[client-payload2-400]",""
"passed","Sat Sep 13 01:30:00 UTC 2025","Sat Sep 13 01:30:00 UTC 2025","177","tests.tickets","test_01_get_tickets","","","","test_get_tickets_success[filter1-sort0-search1-pagination1-client]","Позитивный тест: получение списка тикетов с разными комбинациями параметров"
"passed","Sat Sep 13 00:51:41 UTC 2025","Sat Sep 13 00:51:41 UTC 2025","636","tests.admin_panel.items","test_update_item","","","","test_update_item_invalid_id[0]","Негативный тест: несуществующий или некорректный ID."
"passed","Sat Sep 13 01:39:40 UTC 2025","Sat Sep 13 01:39:43 UTC 2025","2856","tests.tickets","test_10_send_message_to_ticket","","","","test_send_message_role_permissions[authorize_partner-authorize_partner-200]","Проверка доступа к отправке сообщений в тикеты в зависимости от роли"
"passed","Sat Sep 13 01:17:17 UTC 2025","Sat Sep 13 01:17:17 UTC 2025","166","tests.delivery","test_01_save_delivery_address","","","","test_save_delivery_address_negative[partner-payload8-500]","Негативные тесты на сохранение адреса доставки"
"skipped","Sat Sep 13 00:43:01 UTC 2025","Sat Sep 13 00:43:01 UTC 2025","0","tests.account","test_0_marathon","","","","test_get_marathon_is_purchased_negative[admin-400]","Негативный кейс — проверяет приобретал ли аккаунт марафонский набор (все поля)"
"passed","Sat Sep 13 01:01:47 UTC 2025","Sat Sep 13 01:01:48 UTC 2025","667","tests.admin_panel.slides","test_57_create_slide","","","","test_create_slide_invalid_payload[payload1-expected_code1]","Негативные тесты: некорректные и неполные payload'ы."
"passed","Sat Sep 13 00:54:15 UTC 2025","Sat Sep 13 00:54:16 UTC 2025","1037","tests.admin_panel.products","test_42_update_product_brand","","","","test_update_product_brand_forbidden[partner]","Негативный тест: попытка обновления бренда не-админом."
"skipped","Sat Sep 13 00:44:10 UTC 2025","Sat Sep 13 00:44:10 UTC 2025","0","tests.account","test_history_group_volumes_admin","","","","test_get_group_volumes_history_admin_positive[partner-payload0]","Позитивные тесты на получение истории начисления групповых объемов для админа"
"passed","Sat Sep 13 01:02:22 UTC 2025","Sat Sep 13 01:02:23 UTC 2025","917","tests.admin_panel.slides","test_57_create_slide","","","","test_create_slide_title_color_validation[#ffffff-201]","Валидация поля title_color при создании слайда."
"passed","Sat Sep 13 01:36:50 UTC 2025","Sat Sep 13 01:36:51 UTC 2025","1335","tests.tickets","test_04_create_ticket","","","","test_create_ticket_success[admin-attachments1-QuestionsAboutOrders]","Позитивный тест: создание тикета с разными темами и вложениями для клиента, партнера и админа"
"skipped","Sat Sep 13 00:43:01 UTC 2025","Sat Sep 13 00:43:01 UTC 2025","0","tests.account","test_0_marathon","","","","test_create_product_brand_invalid_payload[params0-400-partner]",""
"passed","Sat Sep 13 00:51:09 UTC 2025","Sat Sep 13 00:51:12 UTC 2025","2493","tests.admin_panel.items","test_get_item_translation","","","","test_get_item_translation_forbidden[partner]","
    Негативный тест: client/partner не может читать переводы item.
    Подготовку (создание item и добавление перевода) делает админ.
    "
"passed","Sat Sep 13 01:18:13 UTC 2025","Sat Sep 13 01:18:13 UTC 2025","152","tests.delivery","test_02_get_delivery_address","","","","test_get_delivery_addresses_invalid_pagination[invalid_pagination1-admin]","Негатив: некорректные параметры пагинации"
"passed","Sat Sep 13 01:20:06 UTC 2025","Sat Sep 13 01:20:20 UTC 2025","14167","tests.integration","test_order_courier_ru","","","","test_order_courier_ru[DPD]",""
"passed","Sat Sep 13 00:55:40 UTC 2025","Sat Sep 13 00:55:43 UTC 2025","2282","tests.admin_panel.products","test_44_upload_product_brand_images","","","","test_upload_product_brand_images_various_fields[5.3-fields_to_send3-400]","Негативный тест. Загрузка слишком большого изображения."
"passed","Sat Sep 13 01:32:43 UTC 2025","Sat Sep 13 01:32:43 UTC 2025","653","tests.tickets","test_02_get_ticket_by_id","","","","test_get_ticket_invalid_id[1.5]","Негативный тест: передан некорректный ID."
"passed","Sat Sep 13 01:29:57 UTC 2025","Sat Sep 13 01:29:57 UTC 2025","188","tests.tickets","test_01_get_tickets","","","","test_get_tickets_success[filter1-sort0-search1-pagination0-partner]","Позитивный тест: получение списка тикетов с разными комбинациями параметров"
"passed","Sat Sep 13 01:25:27 UTC 2025","Sat Sep 13 01:25:27 UTC 2025","160","tests.statistic","test_team_activations","","","","test_get_team_activation_statistic_negative[payload6-admin]","Негативный тест: ошибка при получении статистики активации команды с невалидным телом запроса"
"passed","Sat Sep 13 00:56:00 UTC 2025","Sat Sep 13 00:56:01 UTC 2025","1138","tests.admin_panel.promo","test_71_get_promotions","","","","test_get_promotions_after_adding","Интеграционный тест: добавление акции и проверка ее наличия в списке по ID."
"passed","Sat Sep 13 01:24:22 UTC 2025","Sat Sep 13 01:24:22 UTC 2025","762","tests.register","test_03_register_client","","","","test_register_client_negative[payload2-400]","Тест: негативные тесты для регистрации клиента вручную"
"passed","Sat Sep 13 00:56:55 UTC 2025","Sat Sep 13 00:56:57 UTC 2025","1474","tests.admin_panel.promo","test_74_update_promotion","","","","test_update_promotion_name_should_fail_if_not_unique","Негативный тест: попытка обновить имя акции на уже существующий."
"passed","Sat Sep 13 00:48:18 UTC 2025","Sat Sep 13 00:48:19 UTC 2025","1537","tests.admin_panel.categories","test_80_create_category_translation","","","","test_create_category_translation_success[uz]","Позитивный тест: создание/обновление перевода категории для разных языков."
"passed","Sat Sep 13 01:04:35 UTC 2025","Sat Sep 13 01:04:36 UTC 2025","1357","tests.admin_panel.slides","test_61_upload_slides_images","","","","test_upload_slide_images_invalid_format[valid.png-image/png-204]","Негативный и позитивный тест: загрузка изображений в разных форматах."
"skipped","Sat Sep 13 00:44:10 UTC 2025","Sat Sep 13 00:44:10 UTC 2025","0","tests.account","test_history_personal_volumes","","","","test_get_personal_volumes_history_positive[client-payload1]","Позитивные тесты на получение истории начисления личных объемов"
"skipped","Sat Sep 13 00:43:01 UTC 2025","Sat Sep 13 00:43:01 UTC 2025","0","tests.account","test_0_marathon","","","","test_create_product_brand_invalid_payload[params4-400-client]",""
"passed","Sat Sep 13 00:50:09 UTC 2025","Sat Sep 13 00:50:11 UTC 2025","2121","tests.admin_panel.items","test_create_item_translation","","","","test_create_item_translation_forbidden[client]","Негативный тест: создание перевода не-админом запрещено."
"passed","Sat Sep 13 00:47:26 UTC 2025","Sat Sep 13 00:47:26 UTC 2025","668","tests.admin_panel.categories","test_57_v2_update_category","","","","test_v2_update_category_invalid_id[0]","Негативный тест: несуществующий или некорректный ID."
"passed","Sat Sep 13 00:54:40 UTC 2025","Sat Sep 13 00:54:41 UTC 2025","1040","tests.admin_panel.products","test_42_update_product_brand","","","","test_update_product_brand_invalid_payload[payload8-422]","Негативный тест: обновление бренда с невалидным или неполным телом запроса."
"passed","Sat Sep 13 00:59:03 UTC 2025","Sat Sep 13 00:59:04 UTC 2025","627","tests.admin_panel.promo","test_78_delete_promotion_item","","","","test_delete_promotion_item_invalid_id[1.5-1.5]","Негативный тест: удаление элемента акции с невалидным ID продукта."
"skipped","Sat Sep 13 00:44:55 UTC 2025","Sat Sep 13 00:44:55 UTC 2025","0","tests.admin_panel","test_accrue_gold_pro_gift","","","","test_accrue_gold_pro_gift_forbidden[client]",""
"passed","Sat Sep 13 01:30:53 UTC 2025","Sat Sep 13 01:30:53 UTC 2025","177","tests.tickets","test_01_get_tickets","","","","test_get_tickets_success[filter2-sort0-search0-pagination1-client]","Позитивный тест: получение списка тикетов с разными комбинациями параметров"
"passed","Sat Sep 13 01:25:25 UTC 2025","Sat Sep 13 01:25:25 UTC 2025","153","tests.statistic","test_team_activations","","","","test_get_team_activation_statistic_negative[payload6-partner]","Негативный тест: ошибка при получении статистики активации команды с невалидным телом запроса"
"passed","Sat Sep 13 00:57:29 UTC 2025","Sat Sep 13 00:57:30 UTC 2025","1031","tests.admin_panel.promo","test_74_update_promotion","","","","test_update_promotion_invalid_payload[payload9-422]","Негативный тест: обновление акции с невалидным или неполным телом запроса."
"passed","Sat Sep 13 01:11:34 UTC 2025","Sat Sep 13 01:11:39 UTC 2025","5495","tests.catalog","test_create_admin_product_translation","","","","test_create_admin_product_translation_success[mn]","Создание и обновление перевода продукта на разных языках."
"passed","Sat Sep 13 00:46:03 UTC 2025","Sat Sep 13 00:46:03 UTC 2025","158","tests.admin_panel.categories","test_50_upload_category_images","","","","test_upload_category_images_forbidden[partner]","Негативный тест: неадмин не может загрузить изображения категории."
"failed","Sat Sep 13 01:17:41 UTC 2025","Sat Sep 13 01:17:43 UTC 2025","2590","tests.delivery","test_01_save_delivery_address","","","","test_create_two_addresses_with_different_delivery[partner]","Создание двух адресов с одинаковыми данными, кроме street в delivery"
"passed","Sat Sep 13 01:24:08 UTC 2025","Sat Sep 13 01:24:08 UTC 2025","748","tests.register","test_02_register_partner","","","","test_register_partner_negative[payload2-400]","Тест: негативные тесты для регистрации партнера вручную"
"passed","Sat Sep 13 00:53:16 UTC 2025","Sat Sep 13 00:53:17 UTC 2025","873","tests.admin_panel.products","test_40_create_product_brand","","","","test_create_product_brand_success","Позитивный тест: успешное создание бренда (все поля)."
"skipped","Sat Sep 13 00:52:12 UTC 2025","Sat Sep 13 00:52:12 UTC 2025","0","tests.admin_panel.products","test_01_delete_product_group","","","","test_delete_product_group_forbidden[client]","Негативный тест: попытка удаления продукт группы не-админом."
"skipped","Sat Sep 13 00:44:53 UTC 2025","Sat Sep 13 00:44:54 UTC 2025","673","tests.admin_panel","test_accrue_auto_bonus","","","","test_accrue_auto_bonus_invalid_payload[payload4-400]",""
"passed","Sat Sep 13 01:32:01 UTC 2025","Sat Sep 13 01:32:01 UTC 2025","152","tests.tickets","test_01_get_tickets","","","","test_get_tickets_invalid_search[invalid_search0-400-client]","Негативный тест: передаем некорректные параметры поиска"
"passed","Sat Sep 13 01:00:41 UTC 2025","Sat Sep 13 01:00:42 UTC 2025","1037","tests.admin_panel.sliders","test_54_update_slider","","","","test_update_slider_invalid_payload[payload8-422]","Негативный тест: обновление слайдера с невалидным или неполным телом запроса."
"passed","Sat Sep 13 01:10:27 UTC 2025","Sat Sep 13 01:10:28 UTC 2025","840","tests.catalog","test_create_admin_product","","","","test_create_product_invalid_payload[payload4-400]",""
"passed","Sat Sep 13 01:08:18 UTC 2025","Sat Sep 13 01:08:18 UTC 2025","151","tests.cart","test_get_delivery_cost","","","","test_get_delivery_cost_invalid_payload[partner-payload3]","Негативный тест: некорректные входные данные"
"passed","Sat Sep 13 00:52:49 UTC 2025","Sat Sep 13 00:52:52 UTC 2025","2516","tests.admin_panel.products","test_03_recommended_products_delete","","","","test_remove_recommendation_success","Успешное удаление рекомендованного товара."
"passed","Sat Sep 13 01:23:04 UTC 2025","Sat Sep 13 01:23:04 UTC 2025","160","tests.orders","test_create_order_by_delivery_address","","","","test_create_order_invalid_data[invalid_payload0-client]","Негативные тесты: создание заказа с некорректными данными"
"skipped","Sat Sep 13 00:44:10 UTC 2025","Sat Sep 13 00:44:10 UTC 2025","0","tests.account","test_history_admin","","","","test_get_admin_history_positive[admin-payload1]","Позитивные тесты на получение истории бонусов для админа"
"passed","Sat Sep 13 01:27:59 UTC 2025","Sat Sep 13 01:27:59 UTC 2025","147","tests.stock","test_get_stock_by_id","","","","test_get_stock_by_invalid_id[abc-admin]","Невалидные значения ID склада"
"passed","Sat Sep 13 00:42:58 UTC 2025","Sat Sep 13 00:42:59 UTC 2025","160","tests.account","test_0_grades_rating","","","","test_get_grades_rating_positive[partner]","Позитивные тесты на получение рейтинга квалификаций"
"passed","Sat Sep 13 01:22:52 UTC 2025","Sat Sep 13 01:22:52 UTC 2025","468","tests.one_c","test_get_1с_stock","","","","test_get_stock_forbidden[params0]",""
"passed","Sat Sep 13 01:32:34 UTC 2025","Sat Sep 13 01:32:35 UTC 2025","656","tests.tickets","test_02_get_ticket_by_id","","","","test_get_ticket_invalid_id[abc]","Негативный тест: передан некорректный ID."
"passed","Sat Sep 13 00:54:13 UTC 2025","Sat Sep 13 00:54:14 UTC 2025","994","tests.admin_panel.products","test_42_update_product_brand","","","","test_update_product_brand_forbidden[client]","Негативный тест: попытка обновления бренда не-админом."
"passed","Sat Sep 13 01:10:23 UTC 2025","Sat Sep 13 01:10:24 UTC 2025","863","tests.catalog","test_create_admin_product","","","","test_create_product_invalid_payload[payload2-400]",""
"passed","Sat Sep 13 01:36:44 UTC 2025","Sat Sep 13 01:36:46 UTC 2025","1337","tests.tickets","test_04_create_ticket","","","","test_create_ticket_success[admin-attachments1-QuestionsAboutPaymentsToIP]","Позитивный тест: создание тикета с разными темами и вложениями для клиента, партнера и админа"
"skipped","Sat Sep 13 01:27:31 UTC 2025","Sat Sep 13 01:27:31 UTC 2025","0","tests.stock","test_create_stock","","","","test_create_stock_with_empty_string_log_if_not_200[address.address_full]",""
"skipped","Sat Sep 13 01:09:12 UTC 2025","Sat Sep 13 01:09:12 UTC 2025","0","tests.cart","test_user_locale","","","","test_update_user_locale_valid_payload[payload0]","
    Позитивный тест: Обновление языка/склада/локали НЕавторизованным пользователем с указанной корзиной в cookie.
    "
"skipped","Sat Sep 13 00:44:10 UTC 2025","Sat Sep 13 00:44:10 UTC 2025","0","tests.account","test_funds_transfer_list","","","","test_get_funds_transfer_list_positive[client-payload1]","Позитивные тесты на получение истории переводов/выводов средств"
"passed","Sat Sep 13 01:28:41 UTC 2025","Sat Sep 13 01:28:41 UTC 2025","186","tests.tickets","test_01_get_tickets","","","","test_get_tickets_success[filter0-sort0-search0-pagination0-client]","Позитивный тест: получение списка тикетов с разными комбинациями параметров"
"passed","Sat Sep 13 00:49:26 UTC 2025","Sat Sep 13 00:49:26 UTC 2025","864","tests.admin_panel.items","test_create_item","","","","test_create_item_invalid_payload[payload4-expected_code4]","
    Негативный тест: создание варианта с невалидным телом запроса.
    Если сервер внезапно вернул успех — удаляем созданный item из БД.
    "
"skipped","Sat Sep 13 00:44:10 UTC 2025","Sat Sep 13 00:44:10 UTC 2025","0","tests.account","test_pass_change","","","","test_change_password_positive[admin-payload0]","Позитивные тесты на изменение пароля"
"passed","Sat Sep 13 01:00:35 UTC 2025","Sat Sep 13 01:00:36 UTC 2025","1010","tests.admin_panel.sliders","test_54_update_slider","","","","test_update_slider_invalid_payload[payload5-400]","Негативный тест: обновление слайдера с невалидным или неполным телом запроса."
"passed","Sat Sep 13 01:19:02 UTC 2025","Sat Sep 13 01:19:02 UTC 2025","153","tests.delivery","test_03_delete_delivery_address","","","","test_delete_delivery_address_invalid_id[None-client]","Негатив: удаление адреса с некорректным ID"
"skipped","Sat Sep 13 00:44:10 UTC 2025","Sat Sep 13 00:44:10 UTC 2025","0","tests.account","test_list_csv","","","","test_get_account_list_csv_positive[partner-payload0]","Позитивные тесты на выгрузку структуры партнеров в CSV"
"passed","Sat Sep 13 01:25:15 UTC 2025","Sat Sep 13 01:25:15 UTC 2025","154","tests.statistic","test_team_activations","","","","test_get_team_activation_statistic_negative[payload4-partner]","Негативный тест: ошибка при получении статистики активации команды с невалидным телом запроса"
"passed","Sat Sep 13 01:29:20 UTC 2025","Sat Sep 13 01:29:20 UTC 2025","180","tests.tickets","test_01_get_tickets","","","","test_get_tickets_success[filter0-sort1-search0-pagination1-partner]","Позитивный тест: получение списка тикетов с разными комбинациями параметров"
"passed","Sat Sep 13 01:06:21 UTC 2025","Sat Sep 13 01:06:21 UTC 2025","160","tests.auth","test_02_login","","","","test_admin_login[admin-Admin-wrong_password-401]",""
"passed","Sat Sep 13 00:49:57 UTC 2025","Sat Sep 13 00:50:00 UTC 2025","2505","tests.admin_panel.items","test_create_item_translation","","","","test_create_item_translation_success[ky]",""
"passed","Sat Sep 13 01:09:03 UTC 2025","Sat Sep 13 01:09:04 UTC 2025","479","tests.cart","test_user_locale","","","","test_update_user_locale_valid_payload_1[partner-payload4]","
    Позитивный тест: Обновление языка/склада/локали авторизованным пользователем."
"skipped","Sat Sep 13 00:43:01 UTC 2025","Sat Sep 13 00:43:01 UTC 2025","0","tests.account","test_0_marathon","","","","test_create_product_brand_invalid_payload[params5-400-client]",""
"passed","Sat Sep 13 00:58:09 UTC 2025","Sat Sep 13 00:58:10 UTC 2025","474","tests.admin_panel.promo","test_76_get_promotion_items","","","","test_get_promotion_item_unauthorized","Негативный тест: без авторизации."
"passed","Sat Sep 13 01:27:15 UTC 2025","Sat Sep 13 01:27:15 UTC 2025","158","tests.statistic","test_team_registrations","","","","test_get_team_registration_statistic_negative[payload5-partner]","Негативный тест: ошибка при получении статистики регистрации команды с невалидным телом запроса"
"skipped","Sat Sep 13 00:44:40 UTC 2025","Sat Sep 13 00:44:40 UTC 2025","0","tests.account","test_update_default_stock","","","","test_update_default_stock_positive[partner-payload0]","Позитивные тесты на изменение дефолтного склада"
"passed","Sat Sep 13 01:18:23 UTC 2025","Sat Sep 13 01:18:23 UTC 2025","154","tests.delivery","test_02_get_delivery_address","","","","test_get_delivery_addresses_invalid_pagination[invalid_pagination3-admin]","Негатив: некорректные параметры пагинации"
"passed","Sat Sep 13 01:29:51 UTC 2025","Sat Sep 13 01:29:51 UTC 2025","172","tests.tickets","test_01_get_tickets","","","","test_get_tickets_success[filter1-sort0-search0-pagination1-partner]","Позитивный тест: получение списка тикетов с разными комбинациями параметров"
"passed","Sat Sep 13 00:54:21 UTC 2025","Sat Sep 13 00:54:21 UTC 2025","675","tests.admin_panel.products","test_42_update_product_brand","","","","test_update_product_brand_invalid_id[9999999]","Негативный тест: несуществующий или некорректный ID."
"passed","Sat Sep 13 00:45:42 UTC 2025","Sat Sep 13 00:45:43 UTC 2025","441","tests.admin_panel.categories","test_49_delete_category","","","","test_delete_category_unauthorized","Негативный тест: попытка удаления категории без авторизации."
"passed","Sat Sep 13 00:50:27 UTC 2025","Sat Sep 13 00:50:28 UTC 2025","663","tests.admin_panel.items","test_create_item_translation","","","","test_create_item_translation_invalid_payload[payload6-code6]","Негативный тест: создание перевода с невалидным payload."
"passed","Sat Sep 13 00:54:19 UTC 2025","Sat Sep 13 00:54:20 UTC 2025","646","tests.admin_panel.products","test_42_update_product_brand","","","","test_update_product_brand_invalid_id[0]","Негативный тест: несуществующий или некорректный ID."
"skipped","Sat Sep 13 01:19:21 UTC 2025","Sat Sep 13 01:19:22 UTC 2025","607","tests.fund","test_get_top_donors","","","","test_get_top_donors_invalid_params[invalid_param2-https://dev.ewahelps.com/api]","Негатив: неверные параметры должны дать 400 (при рабочем маршруте)."
"passed","Sat Sep 13 00:45:44 UTC 2025","Sat Sep 13 00:45:45 UTC 2025","1032","tests.admin_panel.categories","test_49_delete_category","","","","test_delete_category_forbidden[client]","Негативный тест: попытка удаления категории не-админом."
"passed","Sat Sep 13 01:03:27 UTC 2025","Sat Sep 13 01:03:28 UTC 2025","1056","tests.admin_panel.slides","test_59_update_slide","","","","test_update_slide_invalid_payload[payload6-expected_code6]","Негативный тест: обновление слайда с невалидным или неполным телом запроса."
"passed","Sat Sep 13 01:36:11 UTC 2025","Sat Sep 13 01:36:12 UTC 2025","1215","tests.tickets","test_04_create_ticket","","","","test_create_ticket_success[partner-attachments2-ReceivingDefectiveProducts]","Позитивный тест: создание тикета с разными темами и вложениями для клиента, партнера и админа"
"skipped","Sat Sep 13 01:27:31 UTC 2025","Sat Sep 13 01:27:31 UTC 2025","0","tests.stock","test_create_stock","","","","test_create_stock_with_empty_string_log_if_not_200[city.latitude]",""
"passed","Sat Sep 13 00:59:02 UTC 2025","Sat Sep 13 00:59:02 UTC 2025","680","tests.admin_panel.promo","test_78_delete_promotion_item","","","","test_delete_promotion_item_invalid_id[0-0]","Негативный тест: удаление элемента акции с невалидным ID продукта."
"passed","Sat Sep 13 01:32:53 UTC 2025","Sat Sep 13 01:32:53 UTC 2025","624","tests.tickets","test_04_create_ticket","","","","test_create_ticket_success[client-attachments0-QuestionsAboutOrders]","Позитивный тест: создание тикета с разными темами и вложениями для клиента, партнера и админа"
"skipped","Sat Sep 13 01:25:58 UTC 2025","Sat Sep 13 01:25:58 UTC 2025","159","tests.statistic","test_team_go","","","","test_get_team_go_statistic_negative[payload1-admin]","Негативный тест: ошибка при получении статистики по команде с невалидным телом запроса"
"skipped","Sat Sep 13 01:19:25 UTC 2025","Sat Sep 13 01:19:25 UTC 2025","0","tests.integration","test_auth_01_full_auth_cycle","","","","test_full_auth_flow[authorize_client]","Сценарный тест: полный цикл авторизации и выхода"
"passed","Sat Sep 13 00:58:51 UTC 2025","Sat Sep 13 00:58:51 UTC 2025","466","tests.admin_panel.promo","test_78_delete_promotion_item","","","","test_delete_promotion_item_unauthorized","Негативный тест: удаление элемента акции без авторизации."
"skipped","Sat Sep 13 01:24:02 UTC 2025","Sat Sep 13 01:24:02 UTC 2025","0","tests.register","test_02_register_partner","","","","test_register_partner_positive[admin-403]","Тест: позитивные тесты для регистрации партнера вручную"
"passed","Sat Sep 13 01:27:54 UTC 2025","Sat Sep 13 01:27:54 UTC 2025","161","tests.stock","test_get_stock_by_id","","","","test_get_stock_by_id[client]","Запрос склада по ID"
"passed","Sat Sep 13 00:45:08 UTC 2025","Sat Sep 13 00:45:09 UTC 2025","693","tests.admin_panel.categories","test_45_get_categories","","","","test_get_categories_success","Позитивный тест: успешное получение списка категорий админом."
"passed","Sat Sep 13 00:48:40 UTC 2025","Sat Sep 13 00:48:41 UTC 2025","668","tests.admin_panel.categories","test_80_create_category_translation","","","","test_create_category_translation_invalid_payload[payload3-400]","Негативный тест: создание перевода с невалидным payload."
"skipped","Sat Sep 13 01:23:34 UTC 2025","Sat Sep 13 01:23:34 UTC 2025","0","tests.orders","test_group_order_change_country","","","","test_change_country_updates_sub_orders","Интеграционный тест: проверка обновления страны у всех привязанных заказов"
"passed","Sat Sep 13 00:56:06 UTC 2025","Sat Sep 13 00:56:06 UTC 2025","667","tests.admin_panel.promo","test_72_create_promotion","","","","test_create_promotion_invalid_data[payload1-400]","Негативные тесты: невалидные данные"
"skipped","Sat Sep 13 01:40:06 UTC 2025","Sat Sep 13 01:40:06 UTC 2025","0","tests.tickets","test_11_update_message","","","","test_update_message_role_permissions[authorize_client-200]","Проверка прав на редактирование сообщения в тикете"
"passed","Sat Sep 13 01:03:08 UTC 2025","Sat Sep 13 01:03:09 UTC 2025","637","tests.admin_panel.slides","test_59_update_slide","","","","test_update_slide_invalid_id[-1]","Негативный тест: несуществующий или некорректный ID."
"passed","Sat Sep 13 00:54:07 UTC 2025","Sat Sep 13 00:54:08 UTC 2025","462","tests.admin_panel.products","test_41_get_product_brand_by_id","","","","test_get_product_brand_unauthorized","Негативный тест: без авторизации"
"passed","Sat Sep 13 01:14:28 UTC 2025","Sat Sep 13 01:14:29 UTC 2025","670","tests.catalog","test_update_admin_product","","","","test_update_admin_product_invalid_id[0]",""
"skipped","Sat Sep 13 01:23:15 UTC 2025","Sat Sep 13 01:23:15 UTC 2025","140","tests.orders","test_group_order_change_country","","","","test_change_country_invalid_data[invalid_payload0-client]","Негативные тесты: передача некорректных данных"
"passed","Sat Sep 13 00:56:12 UTC 2025","Sat Sep 13 00:56:13 UTC 2025","665","tests.admin_panel.promo","test_72_create_promotion","","","","test_create_promotion_invalid_data[payload5-400]","Негативные тесты: невалидные данные"
"passed","Sat Sep 13 01:30:11 UTC 2025","Sat Sep 13 01:30:11 UTC 2025","185","tests.tickets","test_01_get_tickets","","","","test_get_tickets_success[filter1-sort0-search2-pagination1-client]","Позитивный тест: получение списка тикетов с разными комбинациями параметров"
"passed","Sat Sep 13 01:30:56 UTC 2025","Sat Sep 13 01:30:56 UTC 2025","187","tests.tickets","test_01_get_tickets","","","","test_get_tickets_success[filter2-sort0-search0-pagination1-admin]","Позитивный тест: получение списка тикетов с разными комбинациями параметров"
"skipped","Sat Sep 13 01:23:26 UTC 2025","Sat Sep 13 01:23:26 UTC 2025","140","tests.orders","test_group_order_change_country","","","","test_change_country_invalid_data[invalid_payload2-client]","Негативные тесты: передача некорректных данных"
"passed","Sat Sep 13 01:02:41 UTC 2025","Sat Sep 13 01:02:42 UTC 2025","1007","tests.admin_panel.slides","test_58_get_slides_by_id","","","","test_get_slides_by_id_forbidden[client]","Негативный тест: попытка получения слайда по ID не-админом."
"passed","Sat Sep 13 01:37:19 UTC 2025","Sat Sep 13 01:37:20 UTC 2025","1339","tests.tickets","test_04_create_ticket","","","","test_create_ticket_success[admin-attachments1-ReceivingProductsShortage]","Позитивный тест: создание тикета с разными темами и вложениями для клиента, партнера и админа"
"skipped","Sat Sep 13 01:27:31 UTC 2025","Sat Sep 13 01:27:31 UTC 2025","0","tests.stock","test_create_stock","","","","test_create_stock_with_empty_string_log_if_not_200[address]",""
"passed","Sat Sep 13 00:56:47 UTC 2025","Sat Sep 13 00:56:47 UTC 2025","695","tests.admin_panel.promo","test_73_get_promotion_by_id","","","","test_get_promotion_invalid_id[]","Негативный тест: получение акции по невалидному ID."
"skipped","Sat Sep 13 00:44:10 UTC 2025","Sat Sep 13 00:44:10 UTC 2025","0","tests.account","test_update","","","","test_update_account_positive[admin-payload0]","Позитивные тесты на обновление данных аккаунта"
"passed","Sat Sep 13 01:11:03 UTC 2025","Sat Sep 13 01:11:08 UTC 2025","5583","tests.catalog","test_create_admin_product_translation","","","","test_create_admin_product_translation_success[ka]","Создание и обновление перевода продукта на разных языках."
"passed","Sat Sep 13 01:08:25 UTC 2025","Sat Sep 13 01:08:25 UTC 2025","469","tests.cart","test_get_delivery_cost","","","","test_get_delivery_cost_unauthorized","Негативный тест: запрос без авторизации"
"passed","Sat Sep 13 01:29:13 UTC 2025","Sat Sep 13 01:29:13 UTC 2025","187","tests.tickets","test_01_get_tickets","","","","test_get_tickets_success[filter0-sort1-search0-pagination0-client]","Позитивный тест: получение списка тикетов с разными комбинациями параметров"
"passed","Sat Sep 13 01:00:05 UTC 2025","Sat Sep 13 01:00:05 UTC 2025","460","tests.admin_panel.sliders","test_53_get_sliders_by_id","","","","test_get_sliders_unauthorized","Негативный тест: получение слайдера без авторизации"
"skipped","Sat Sep 13 01:19:23 UTC 2025","Sat Sep 13 01:19:24 UTC 2025","579","tests.fund","test_get_top_donors","","","","test_get_top_donors_invalid_params[invalid_param3-https://dev.ewahelps.com/api]","Негатив: неверные параметры должны дать 400 (при рабочем маршруте)."
"passed","Sat Sep 13 01:29:44 UTC 2025","Sat Sep 13 01:29:44 UTC 2025","189","tests.tickets","test_01_get_tickets","","","","test_get_tickets_success[filter1-sort0-search0-pagination0-client]","Позитивный тест: получение списка тикетов с разными комбинациями параметров"
"passed","Sat Sep 13 00:42:29 UTC 2025","Sat Sep 13 00:42:30 UTC 2025","478","tests.PROJECT_FUND.initiatives","test_get_reports","","","","test_get_reports_with_query_params[query1-https://dev.ewahelps.com/api]","Позитивный тест: получение списка отчетов с query-параметрами"
"passed","Sat Sep 13 01:29:07 UTC 2025","Sat Sep 13 01:29:08 UTC 2025","176","tests.tickets","test_01_get_tickets","","","","test_get_tickets_success[filter0-sort0-search2-pagination1-client]","Позитивный тест: получение списка тикетов с разными комбинациями параметров"
"skipped","Sat Sep 13 01:27:31 UTC 2025","Sat Sep 13 01:27:31 UTC 2025","0","tests.stock","test_create_stock","","","","test_create_stock_with_empty_string_log_if_not_200[city.region]",""
"passed","Sat Sep 13 01:15:49 UTC 2025","Sat Sep 13 01:15:54 UTC 2025","4996","tests.catalog","test_update_admin_product","","","","test_update_admin_product_invalid_payload[update_payload9-422]",""
"passed","Sat Sep 13 01:35:19 UTC 2025","Sat Sep 13 01:35:20 UTC 2025","1384","tests.tickets","test_04_create_ticket","","","","test_create_ticket_success[partner-attachments1-QuestionsAboutTheMarriageContract]","Позитивный тест: создание тикета с разными темами и вложениями для клиента, партнера и админа"
"skipped","Sat Sep 13 01:23:51 UTC 2025","Sat Sep 13 01:23:51 UTC 2025","165","tests.register","test_01_register_form","","","","test_register_form_negative[partner-payload1-400]",""
"passed","Sat Sep 13 00:49:04 UTC 2025","Sat Sep 13 00:49:05 UTC 2025","685","tests.admin_panel.categories","test_81_delete_category_translation","","","","test_delete_category_translation_invalid_id[9999999]","Негативный тест: удаление перевода с невалидным ID категории."
"passed","Sat Sep 13 01:21:37 UTC 2025","Sat Sep 13 01:21:38 UTC 2025","1481","tests.one_c","test_create_1c_stock","","","","test_post_create_minimal_required_fields",""
"passed","Sat Sep 13 00:42:49 UTC 2025","Sat Sep 13 00:42:50 UTC 2025","190","tests.account","test_0_family_agreement_get","","","","test_get_family_agreement_positive[payload0-admin]","Позитивные тесты на получение данных о семейном соглашении"
"skipped","Sat Sep 13 00:43:01 UTC 2025","Sat Sep 13 00:43:01 UTC 2025","0","tests.account","test_0_marathon","","","","test_create_product_brand_invalid_payload[params3-400-client]",""
"passed","Sat Sep 13 01:27:08 UTC 2025","Sat Sep 13 01:27:08 UTC 2025","160","tests.statistic","test_team_registrations","","","","test_get_team_registration_statistic_negative[payload4-client]","Негативный тест: ошибка при получении статистики регистрации команды с невалидным телом запроса"
"passed","Sat Sep 13 01:27:42 UTC 2025","Sat Sep 13 01:27:42 UTC 2025","277","tests.stock","test_get_group_orders","","","","test_get_group_orders[partner]","Запрос всех складов для групповых заказов"
"passed","Sat Sep 13 01:01:52 UTC 2025","Sat Sep 13 01:01:53 UTC 2025","676","tests.admin_panel.slides","test_57_create_slide","","","","test_create_slide_invalid_payload[payload4-expected_code4]","Негативные тесты: некорректные и неполные payload'ы."
"skipped","Sat Sep 13 00:44:55 UTC 2025","Sat Sep 13 00:44:55 UTC 2025","0","tests.admin_panel","test_accrue_gold_pro_gift","","","","test_accrue_gold_pro_gift_unauthorized",""
"passed","Sat Sep 13 00:55:57 UTC 2025","Sat Sep 13 00:55:57 UTC 2025","159","tests.admin_panel.promo","test_71_get_promotions","","","","test_get_promotions_list_forbidden[partner]","Негативный тест: получение списка акций не админом."
"passed","Sat Sep 13 01:31:35 UTC 2025","Sat Sep 13 01:31:35 UTC 2025","177","tests.tickets","test_01_get_tickets","","","","test_get_tickets_success[filter2-sort1-search1-pagination1-client]","Позитивный тест: получение списка тикетов с разными комбинациями параметров"
"passed","Sat Sep 13 01:30:26 UTC 2025","Sat Sep 13 01:30:27 UTC 2025","178","tests.tickets","test_01_get_tickets","","","","test_get_tickets_success[filter1-sort1-search1-pagination0-client]","Позитивный тест: получение списка тикетов с разными комбинациями параметров"
"passed","Sat Sep 13 01:36:47 UTC 2025","Sat Sep 13 01:36:48 UTC 2025","1356","tests.tickets","test_04_create_ticket","","","","test_create_ticket_success[admin-attachments1-QuestionsAboutTheHousingAndCarProgram]","Позитивный тест: создание тикета с разными темами и вложениями для клиента, партнера и админа"
"passed","Sat Sep 13 00:57:31 UTC 2025","Sat Sep 13 00:57:32 UTC 2025","1026","tests.admin_panel.promo","test_74_update_promotion","","","","test_update_promotion_invalid_payload[payload10-422]","Негативный тест: обновление акции с невалидным или неполным телом запроса."
"skipped","Sat Sep 13 00:53:08 UTC 2025","Sat Sep 13 00:53:08 UTC 2025","0","tests.admin_panel.products","test_0_create_product","","","","test_create_product",""
"passed","Sat Sep 13 01:36:42 UTC 2025","Sat Sep 13 01:36:43 UTC 2025","593","tests.tickets","test_04_create_ticket","","","","test_create_ticket_success[admin-attachments0-ReceivingProductsShortage]","Позитивный тест: создание тикета с разными темами и вложениями для клиента, партнера и админа"
"passed","Sat Sep 13 01:08:22 UTC 2025","Sat Sep 13 01:08:22 UTC 2025","160","tests.cart","test_get_delivery_cost","","","","test_get_delivery_cost_invalid_payload[partner-payload5]","Негативный тест: некорректные входные данные"
"passed","Sat Sep 13 01:38:01 UTC 2025","Sat Sep 13 01:38:02 UTC 2025","616","tests.tickets","test_04_create_ticket","","","","test_create_ticket_invalid_request_type[client-None-200]","Негативный тест: попытка создания тикета с неверным типом request_type"
"passed","Sat Sep 13 00:42:48 UTC 2025","Sat Sep 13 00:42:48 UTC 2025","164","tests.account","test_0_family_agreement_get","","","","test_get_family_agreement_positive[payload0-partner]","Позитивные тесты на получение данных о семейном соглашении"
"passed","Sat Sep 13 00:56:04 UTC 2025","Sat Sep 13 00:56:05 UTC 2025","671","tests.admin_panel.promo","test_72_create_promotion","","","","test_create_promotion_invalid_data[payload0-400]","Негативные тесты: невалидные данные"
"passed","Sat Sep 13 00:59:51 UTC 2025","Sat Sep 13 00:59:52 UTC 2025","1031","tests.admin_panel.sliders","test_53_get_sliders_by_id","","","","test_get_sliders_by_id_forbidden[partner]","Негативный тест: получение слайдера по ID не-админом запрещено"
"passed","Sat Sep 13 01:27:27 UTC 2025","Sat Sep 13 01:27:27 UTC 2025","156","tests.statistic","test_team_registrations","","","","test_get_team_registration_statistic_negative[payload7-admin]","Негативный тест: ошибка при получении статистики регистрации команды с невалидным телом запроса"
"skipped","Sat Sep 13 01:23:35 UTC 2025","Sat Sep 13 01:23:35 UTC 2025","0","tests.orders","test_orders_v2_pay","","","","test_orders_v2_pay_invalid_data[invalid_payload4-500]","Негативный тест: отправка некорректных данных"
"passed","Sat Sep 13 01:31:29 UTC 2025","Sat Sep 13 01:31:30 UTC 2025","184","tests.tickets","test_01_get_tickets","","","","test_get_tickets_success[filter2-sort1-search1-pagination0-client]","Позитивный тест: получение списка тикетов с разными комбинациями параметров"
"passed","Sat Sep 13 00:52:02 UTC 2025","Sat Sep 13 00:52:03 UTC 2025","1614","tests.admin_panel.items","test_update_item","","","","test_update_item_invalid_payload[payload4-422]","Негативный тест: обновление item с невалидным или неполным телом запроса."
"passed","Sat Sep 13 01:18:41 UTC 2025","Sat Sep 13 01:18:44 UTC 2025","3751","tests.delivery","test_03_delete_delivery_address","","","","test_delete_delivery_address_permissions[authorize_client-authorize_admin-True]","Права доступа при удалении адресов"
"passed","Sat Sep 13 00:57:50 UTC 2025","Sat Sep 13 00:57:51 UTC 2025","685","tests.admin_panel.promo","test_75_delete_promotion_by_id","","","","test_delete_promotion_invalid_id[9999999]","Негативный тест: удаление несуществующей или некорректной акции."
"skipped","Sat Sep 13 01:27:31 UTC 2025","Sat Sep 13 01:27:31 UTC 2025","0","tests.stock","test_create_stock","","","","test_create_stock_with_empty_string_log_if_not_200[city]",""
"passed","Sat Sep 13 01:06:16 UTC 2025","Sat Sep 13 01:06:16 UTC 2025","469","tests.auth","test_01_check_version","","","","test_check_version[Android--400]","Тест проверяет API /check_version для разных платформ и версий."
"passed","Sat Sep 13 01:31:24 UTC 2025","Sat Sep 13 01:31:24 UTC 2025","183","tests.tickets","test_01_get_tickets","","","","test_get_tickets_success[filter2-sort1-search0-pagination1-client]","Позитивный тест: получение списка тикетов с разными комбинациями параметров"
"passed","Sat Sep 13 01:36:31 UTC 2025","Sat Sep 13 01:36:32 UTC 2025","629","tests.tickets","test_04_create_ticket","","","","test_create_ticket_success[admin-attachments0-QuestionsAboutTheRewardSystemMarketingPlan]","Позитивный тест: создание тикета с разными темами и вложениями для клиента, партнера и админа"
"skipped","Sat Sep 13 00:52:12 UTC 2025","Sat Sep 13 00:52:12 UTC 2025","0","tests.admin_panel.products","test_01_create_product_group","","","","test_create_product_group_invalid_payload[payload3-422]",""
"passed","Sat Sep 13 01:38:33 UTC 2025","Sat Sep 13 01:38:34 UTC 2025","963","tests.tickets","test_06_close_ticket","","","","test_close_ticket_success[client]","Позитивный тест: закрытие тикета для клиента, партнера и админа."
"passed","Sat Sep 13 00:56:33 UTC 2025","Sat Sep 13 00:56:34 UTC 2025","1019","tests.admin_panel.promo","test_73_get_promotion_by_id","","","","test_get_promotion_by_id","Позитивный тест: получение акции по ID"
"passed","Sat Sep 13 01:15:09 UTC 2025","Sat Sep 13 01:15:14 UTC 2025","4962","tests.catalog","test_update_admin_product","","","","test_update_admin_product_invalid_payload[update_payload4-400]",""
"passed","Sat Sep 13 01:38:36 UTC 2025","Sat Sep 13 01:38:36 UTC 2025","930","tests.tickets","test_06_close_ticket","","","","test_close_ticket_success[partner]","Позитивный тест: закрытие тикета для клиента, партнера и админа."
"passed","Sat Sep 13 01:12:13 UTC 2025","Sat Sep 13 01:12:14 UTC 2025","669","tests.catalog","test_create_admin_product_translation","","","","test_create_admin_product_translation_invalid_payload[payload5-422]","Негативные проверки на создание перевода с некорректным payload."
"passed","Sat Sep 13 01:32:38 UTC 2025","Sat Sep 13 01:32:38 UTC 2025","650","tests.tickets","test_02_get_ticket_by_id","","","","test_get_ticket_invalid_id[0]","Негативный тест: передан некорректный ID."
"passed","Sat Sep 13 01:00:19 UTC 2025","Sat Sep 13 01:00:20 UTC 2025","643","tests.admin_panel.sliders","test_54_update_slider","","","","test_update_slider_invalid_id[0]","Негативный тест: несуществующий или некорректный ID."
"passed","Sat Sep 13 01:27:23 UTC 2025","Sat Sep 13 01:27:23 UTC 2025","157","tests.statistic","test_team_registrations","","","","test_get_team_registration_statistic_negative[payload7-client]","Негативный тест: ошибка при получении статистики регистрации команды с невалидным телом запроса"
"passed","Sat Sep 13 00:58:53 UTC 2025","Sat Sep 13 00:58:54 UTC 2025","1394","tests.admin_panel.promo","test_78_delete_promotion_item","","","","test_delete_promotion_item_forbidden[client]","Негативный тест: удаление элемента акции не-админом запрещено."
"passed","Sat Sep 13 01:12:36 UTC 2025","Sat Sep 13 01:12:41 UTC 2025","5083","tests.catalog","test_delete_admin_product_translation","","","","test_delete_admin_product_translation_forbidden[client]","Удаление перевода не-админом — должно вернуть 403."
"passed","Sat Sep 13 01:10:30 UTC 2025","Sat Sep 13 01:10:31 UTC 2025","876","tests.catalog","test_create_admin_product","","","","test_create_product_invalid_payload[payload6-422]",""
"skipped","Sat Sep 13 00:43:59 UTC 2025","Sat Sep 13 00:43:59 UTC 2025","0","tests.account","test_delete_avatar","","","","test_delete_avatar_positive[client]","Позитивные тесты на удаление аватара"
"passed","Sat Sep 13 00:47:15 UTC 2025","Sat Sep 13 00:47:16 UTC 2025","1439","tests.admin_panel.categories","test_57_v2_update_category","","","","test_v2_update_category_slug_should_fail_if_not_unique","Негативный тест: попытка обновить slug категории на уже существующий."
"passed","Sat Sep 13 00:43:05 UTC 2025","Sat Sep 13 00:43:06 UTC 2025","169","tests.account","test_0_profile","","","","test_get_profile_positive[admin]","Позитивные тесты на получение данных пользовательского аккаунта"
"passed","Sat Sep 13 00:42:03 UTC 2025","Sat Sep 13 00:42:04 UTC 2025","753","tests.PROJECT_FUND.initiatives","test_get_initiative_by_id","","","","test_get_initiative_by_invalid_id[abc-https://dev.ewahelps.com/api]",""
"passed","Sat Sep 13 01:02:59 UTC 2025","Sat Sep 13 01:03:00 UTC 2025","726","tests.admin_panel.slides","test_59_update_slide","","","","test_update_slide_success","Позитивный тест: успешное обновление слайда (все поля)."
"passed","Sat Sep 13 01:08:17 UTC 2025","Sat Sep 13 01:08:17 UTC 2025","159","tests.cart","test_get_delivery_cost","","","","test_get_delivery_cost_invalid_payload[partner-payload2]","Негативный тест: некорректные входные данные"
"passed","Sat Sep 13 00:48:42 UTC 2025","Sat Sep 13 00:48:42 UTC 2025","637","tests.admin_panel.categories","test_80_create_category_translation","","","","test_create_category_translation_invalid_payload[payload4-400]","Негативный тест: создание перевода с невалидным payload."
"passed","Sat Sep 13 01:34:50 UTC 2025","Sat Sep 13 01:34:51 UTC 2025","605","tests.tickets","test_04_create_ticket","","","","test_create_ticket_success[partner-attachments0-OtherQuestions]","Позитивный тест: создание тикета с разными темами и вложениями для клиента, партнера и админа"
"passed","Sat Sep 13 01:26:48 UTC 2025","Sat Sep 13 01:26:49 UTC 2025","153","tests.statistic","test_team_registrations","","","","test_get_team_registration_statistic_negative[payload0-partner]","Негативный тест: ошибка при получении статистики регистрации команды с невалидным телом запроса"
"passed","Sat Sep 13 00:59:12 UTC 2025","Sat Sep 13 00:59:12 UTC 2025","481","tests.admin_panel.sliders","test_51_get_sliders","","","","test_get_sliders_unauthorized","Негативный тест: получение списка слайдеров без авторизации"
"passed","Sat Sep 13 01:29:16 UTC 2025","Sat Sep 13 01:29:16 UTC 2025","181","tests.tickets","test_01_get_tickets","","","","test_get_tickets_success[filter0-sort1-search0-pagination0-admin]","Позитивный тест: получение списка тикетов с разными комбинациями параметров"
"skipped","Sat Sep 13 01:23:30 UTC 2025","Sat Sep 13 01:23:30 UTC 2025","0","tests.orders","test_group_order_change_country","","","","test_change_country_not_found_or_forbidden[authorize_client-99999999-403]","Негативные тесты: изменение несуществующего заказа или без прав"
"passed","Sat Sep 13 01:24:27 UTC 2025","Sat Sep 13 01:24:28 UTC 2025","179","tests.statistic","test_0_dashboard","","","","test_get_dashboard_statistic[partner]","Позитивный тест: получение статистики для дашборда ""прирост или убыль в числовом виде"
"passed","Sat Sep 13 00:57:27 UTC 2025","Sat Sep 13 00:57:28 UTC 2025","1033","tests.admin_panel.promo","test_74_update_promotion","","","","test_update_promotion_invalid_payload[payload8-400]","Негативный тест: обновление акции с невалидным или неполным телом запроса."
"passed","Sat Sep 13 01:35:45 UTC 2025","Sat Sep 13 01:35:47 UTC 2025","1218","tests.tickets","test_04_create_ticket","","","","test_create_ticket_success[partner-attachments2-QuestionsAboutOrders]","Позитивный тест: создание тикета с разными темами и вложениями для клиента, партнера и админа"
"skipped","Sat Sep 13 00:52:12 UTC 2025","Sat Sep 13 00:52:12 UTC 2025","0","tests.admin_panel.products","test_01_create_product_group","","","","test_create_product_group_success","Позитивный тест: успешное создание продукт группы (все поля)."
"passed","Sat Sep 13 01:01:43 UTC 2025","Sat Sep 13 01:01:43 UTC 2025","151","tests.admin_panel.slides","test_57_create_slide","","","","test_create_slide_forbidden[partner]","Негативный тест: создание слайда не-админом запрещено."
"passed","Sat Sep 13 01:06:44 UTC 2025","Sat Sep 13 01:06:44 UTC 2025","176","tests.auth","test_03_token_auth","","","","test_auth_by_valid_token[admin]","Тест успешной авторизации по валидному токену"
"skipped","Sat Sep 13 00:44:10 UTC 2025","Sat Sep 13 00:44:10 UTC 2025","0","tests.account","test_list_csv","","","","test_get_account_list_csv_positive[admin-payload0]","Позитивные тесты на выгрузку структуры партнеров в CSV"
"passed","Sat Sep 13 00:46:50 UTC 2025","Sat Sep 13 00:46:53 UTC 2025","3045","tests.admin_panel.categories","test_56_v2_create_category","","","","test_v2_create_category_success","Позитивный тест: успешное создание категории (все поля)."
"passed","Sat Sep 13 01:32:15 UTC 2025","Sat Sep 13 01:32:15 UTC 2025","158","tests.tickets","test_01_get_tickets","","","","test_get_tickets_invalid_filter[invalid_filter1-400-client]","Негативный тест: передаем некорректные параметры фильтрации"
"passed","Sat Sep 13 01:02:47 UTC 2025","Sat Sep 13 01:02:48 UTC 2025","674","tests.admin_panel.slides","test_58_get_slides_by_id","","","","test_get_slides_invalid_id[-1]","Негативный тест: невалидный ID в path-параметре."
"skipped","Sat Sep 13 01:38:52 UTC 2025","Sat Sep 13 01:38:54 UTC 2025","1369","tests.tickets","test_06_close_ticket","","","","test_close_tickets_negative[partner-None-400]","Негативные тесты: закрытие с некорректными данными"
"passed","Sat Sep 13 01:29:39 UTC 2025","Sat Sep 13 01:29:39 UTC 2025","184","tests.tickets","test_01_get_tickets","","","","test_get_tickets_success[filter0-sort1-search2-pagination1-client]","Позитивный тест: получение списка тикетов с разными комбинациями параметров"
"passed","Sat Sep 13 00:51:18 UTC 2025","Sat Sep 13 00:51:18 UTC 2025","670","tests.admin_panel.items","test_get_item_translation","","","","test_get_item_translation_invalid_id[1.5]",""
"skipped","Sat Sep 13 00:44:10 UTC 2025","Sat Sep 13 00:44:10 UTC 2025","0","tests.account","test_family_agreement_update_status","","","","test_update_family_agreement_status_positive[client-payload0]","Позитивные тесты на изменение статуса семейного соглашения"
"passed","Sat Sep 13 00:46:57 UTC 2025","Sat Sep 13 00:46:58 UTC 2025","447","tests.admin_panel.categories","test_56_v2_create_category","","","","test_v2_create_category_unauthorized","Негативный тест: создание категории без авторизации."
"skipped","Sat Sep 13 00:44:10 UTC 2025","Sat Sep 13 00:44:10 UTC 2025","0","tests.account","test_get_languages","","","","test_get_languages_success[client-123-400]","Возвращает список языков, доступных для перевода"
"passed","Sat Sep 13 00:47:00 UTC 2025","Sat Sep 13 00:47:01 UTC 2025","691","tests.admin_panel.categories","test_56_v2_create_category","","","","test_v2_create_category_invalid_payload[payload1-expected_code1]","Негативный тест: создание категории с невалидным телом запроса."
"passed","Sat Sep 13 01:05:57 UTC 2025","Sat Sep 13 01:05:58 UTC 2025","655","tests.admin_panel.slides","test_62_slides_update_video_url","","","","test_update_video_url_invalid[https://bucket.yandex.ru/other_video.m3u8]","Негативный тест: передача некорректной ссылки без предварительной загрузки"
"passed","Sat Sep 13 00:48:25 UTC 2025","Sat Sep 13 00:48:27 UTC 2025","1537","tests.admin_panel.categories","test_80_create_category_translation","","","","test_create_category_translation_success[mn]","Позитивный тест: создание/обновление перевода категории для разных языков."
"passed","Sat Sep 13 01:12:44 UTC 2025","Sat Sep 13 01:12:49 UTC 2025","5119","tests.catalog","test_delete_admin_product_translation","","","","test_delete_admin_product_translation_forbidden[partner]","Удаление перевода не-админом — должно вернуть 403."
"passed","Sat Sep 13 01:13:31 UTC 2025","Sat Sep 13 01:13:32 UTC 2025","666","tests.catalog","test_get_admin_product_translation","","","","test_get_admin_product_translation_invalid_id[-1]","Проверка получения перевода по невалидному product_id."
"passed","Sat Sep 13 01:17:03 UTC 2025","Sat Sep 13 01:17:03 UTC 2025","152","tests.delivery","test_01_save_delivery_address","","","","test_save_delivery_address_negative[partner-payload0-400]","Негативные тесты на сохранение адреса доставки"
"passed","Sat Sep 13 01:30:09 UTC 2025","Sat Sep 13 01:30:09 UTC 2025","186","tests.tickets","test_01_get_tickets","","","","test_get_tickets_success[filter1-sort0-search2-pagination0-admin]","Позитивный тест: получение списка тикетов с разными комбинациями параметров"
"passed","Sat Sep 13 00:55:44 UTC 2025","Sat Sep 13 00:55:49 UTC 2025","5117","tests.admin_panel.products","test_44_upload_product_brand_images","","","","test_upload_product_brand_images_various_fields[4.7-fields_to_send4-204]","Негативный тест. Загрузка слишком большого изображения."
"passed","Sat Sep 13 00:44:45 UTC 2025","Sat Sep 13 00:44:45 UTC 2025","464","tests.admin_panel","test_accrue_auto_bonus","","","","test_accrue_auto_bonus_unauthorized",""
"passed","Sat Sep 13 01:18:20 UTC 2025","Sat Sep 13 01:18:20 UTC 2025","152","tests.delivery","test_02_get_delivery_address","","","","test_get_delivery_addresses_invalid_pagination[invalid_pagination3-client]","Негатив: некорректные параметры пагинации"
"passed","Sat Sep 13 00:45:47 UTC 2025","Sat Sep 13 00:45:48 UTC 2025","1058","tests.admin_panel.categories","test_49_delete_category","","","","test_delete_category_forbidden[partner]","Негативный тест: попытка удаления категории не-админом."
"passed","Sat Sep 13 01:12:54 UTC 2025","Sat Sep 13 01:12:55 UTC 2025","682","tests.catalog","test_delete_admin_product_translation","","","","test_delete_admin_product_translation_invalid_id[9999999]","Удаление перевода по невалидному product_id — должно вернуть 400 или 404."
"passed","Sat Sep 13 01:09:36 UTC 2025","Sat Sep 13 01:09:36 UTC 2025","303","tests.cart","test_user_locale","","","","test_update_user_locale_invalid_payload[partner-payload6-400]","Негативный тест: обновление локали с невалидным payload."
"skipped","Sat Sep 13 00:43:59 UTC 2025","Sat Sep 13 00:43:59 UTC 2025","0","tests.account","test_delete","","","","test_delete_account_positive[client]","Позитивные тесты на удаление аккаунта"
"passed","Sat Sep 13 00:50:22 UTC 2025","Sat Sep 13 00:50:22 UTC 2025","669","tests.admin_panel.items","test_create_item_translation","","","","test_create_item_translation_invalid_payload[payload3-code3]","Негативный тест: создание перевода с невалидным payload."
"skipped","Sat Sep 13 00:43:59 UTC 2025","Sat Sep 13 00:43:59 UTC 2025","0","tests.account","test_delete","","","","test_delete_account_positive[partner]","Позитивные тесты на удаление аккаунта"
"passed","Sat Sep 13 00:53:30 UTC 2025","Sat Sep 13 00:53:31 UTC 2025","690","tests.admin_panel.products","test_40_create_product_brand","","","","test_create_product_brand_invalid_payload[payload4-expected_codes4]","Негативные кейсы: невалидные поля при создании бренда."
"passed","Sat Sep 13 01:35:40 UTC 2025","Sat Sep 13 01:35:41 UTC 2025","1200","tests.tickets","test_04_create_ticket","","","","test_create_ticket_success[partner-attachments2-QuestionsAboutPaymentsToIP]","Позитивный тест: создание тикета с разными темами и вложениями для клиента, партнера и админа"
"passed","Sat Sep 13 00:55:07 UTC 2025","Sat Sep 13 00:55:08 UTC 2025","654","tests.admin_panel.products","test_44_upload_product_brand_images","","","","test_upload_product_brand_images_invalid_id","Негативный тест: несуществующий ID бренда."
"skipped","Sat Sep 13 01:28:15 UTC 2025","Sat Sep 13 01:28:15 UTC 2025","173","tests.stock","test_get_stocks","","","","test_get_stocks_invalid_country_id[-1-admin]","Проверка получения складов по невалидному country_id"
"passed","Sat Sep 13 01:28:37 UTC 2025","Sat Sep 13 01:28:38 UTC 2025","434","tests.temporary","test_get_account_exist","","","","test_account_exist[1.5-400]",""
"passed","Sat Sep 13 00:54:36 UTC 2025","Sat Sep 13 00:54:37 UTC 2025","1028","tests.admin_panel.products","test_42_update_product_brand","","","","test_update_product_brand_invalid_payload[payload6-422]","Негативный тест: обновление бренда с невалидным или неполным телом запроса."
"passed","Sat Sep 13 00:47:13 UTC 2025","Sat Sep 13 00:47:14 UTC 2025","1079","tests.admin_panel.categories","test_57_v2_update_category","","","","test_v2_update_category_success","Позитивный тест: успешное обновление категории (все поля)."
"skipped","Sat Sep 13 01:27:31 UTC 2025","Sat Sep 13 01:27:31 UTC 2025","0","tests.stock","test_create_stock","","","","test_create_stock_with_empty_string_log_if_not_200[timezone.display_name]",""
"passed","Sat Sep 13 01:00:33 UTC 2025","Sat Sep 13 01:00:34 UTC 2025","1079","tests.admin_panel.sliders","test_54_update_slider","","","","test_update_slider_invalid_payload[payload4-expected_code4]","Негативный тест: обновление слайдера с невалидным или неполным телом запроса."
"passed","Sat Sep 13 01:01:02 UTC 2025","Sat Sep 13 01:01:02 UTC 2025","677","tests.admin_panel.sliders","test_55_delete_sliders","","","","test_delete_slider_invalid_id[0]","Негативный тест: удаление несуществующего или некорректного слайдера."
"skipped","Sat Sep 13 00:44:50 UTC 2025","Sat Sep 13 00:44:50 UTC 2025","640","tests.admin_panel","test_accrue_auto_bonus","","","","test_accrue_auto_bonus_invalid_payload[payload2-400]",""
"passed","Sat Sep 13 01:27:33 UTC 2025","Sat Sep 13 01:27:33 UTC 2025","682","tests.stock","test_delete_stock","","","","test_delete_stock_invalid_id[0]",""
"skipped","Sat Sep 13 00:42:37 UTC 2025","Sat Sep 13 00:42:37 UTC 2025","467","tests.PROJECT_FUND.initiatives","test_get_reports","","","","test_get_reports_invalid_query_params[query2-https://dev.ewahelps.com/api]","Негативный тест: запрос с некорректными query-параметрами"
"passed","Sat Sep 13 01:16:06 UTC 2025","Sat Sep 13 01:16:07 UTC 2025","1052","tests.delivery","test_01_save_delivery_address","","","","test_save_delivery_address_positive[client-payload0]","Позитивные тесты на сохранение адреса доставки"
"passed","Sat Sep 13 01:12:18 UTC 2025","Sat Sep 13 01:12:23 UTC 2025","5488","tests.catalog","test_create_admin_product_translation","","","","test_product_translation_update_duplicate_lang_code","Проверка перезаписи перевода по одному и тому же lang_code."
"passed","Sat Sep 13 01:26:14 UTC 2025","Sat Sep 13 01:26:14 UTC 2025","153","tests.statistic","test_team_go","","","","test_get_team_go_statistic_negative[payload4-admin]","Негативный тест: ошибка при получении статистики по команде с невалидным телом запроса"
"skipped","Sat Sep 13 00:41:59 UTC 2025","Sat Sep 13 00:41:59 UTC 2025","0","tests.PROJECT_EDUCATION.test_system","01_start_test","","","","test_start_test_unauthorized","Негативный тест: запуск теста без авторизации"
"passed","Sat Sep 13 01:17:15 UTC 2025","Sat Sep 13 01:17:15 UTC 2025","166","tests.delivery","test_01_save_delivery_address","","","","test_save_delivery_address_negative[partner-payload7-500]","Негативные тесты на сохранение адреса доставки"
"skipped","Sat Sep 13 00:44:10 UTC 2025","Sat Sep 13 00:44:10 UTC 2025","0","tests.account","test_family_agreement_update_status","","","","test_update_family_agreement_status_positive[partner-payload1]","Позитивные тесты на изменение статуса семейного соглашения"
"passed","Sat Sep 13 01:26:36 UTC 2025","Sat Sep 13 01:26:36 UTC 2025","180","tests.statistic","test_team_registrations","","","","test_get_team_registration_statistic_positive[payload2-client]","Позитивный тест: получение статистики по регистрации команды с валидным телом запроса"
"passed","Sat Sep 13 01:02:26 UTC 2025","Sat Sep 13 01:02:27 UTC 2025","896","tests.admin_panel.slides","test_57_create_slide","","","","test_create_slide_title_color_validation[#12FaBc-201]","Валидация поля title_color при создании слайда."
"passed","Sat Sep 13 01:05:35 UTC 2025","Sat Sep 13 01:05:37 UTC 2025","1933","tests.admin_panel.slides","test_61_upload_slides_images","","","","test_upload_only_single_slide_image_field[desktop_preview-test_png.png-image/png-desktop_preview]","Проверка: загрузка только одного изображения не должна заполнять другие поля."
"passed","Sat Sep 13 01:00:23 UTC 2025","Sat Sep 13 01:00:23 UTC 2025","629","tests.admin_panel.sliders","test_54_update_slider","","","","test_update_slider_invalid_id[abc]","Негативный тест: несуществующий или некорректный ID."
"skipped","Sat Sep 13 00:44:57 UTC 2025","Sat Sep 13 00:44:57 UTC 2025","672","tests.admin_panel","test_report_accruals","","","","test_report_accruals_full_payload",""
"skipped","Sat Sep 13 01:23:19 UTC 2025","Sat Sep 13 01:23:19 UTC 2025","147","tests.orders","test_group_order_change_country","","","","test_change_country_invalid_data[invalid_payload0-admin]","Негативные тесты: передача некорректных данных"
"passed","Sat Sep 13 00:42:31 UTC 2025","Sat Sep 13 00:42:31 UTC 2025","463","tests.PROJECT_FUND.initiatives","test_get_reports","","","","test_get_reports_with_query_params[query2-https://dev.ewahelps.com/api]","Позитивный тест: получение списка отчетов с query-параметрами"
"passed","Sat Sep 13 01:22:53 UTC 2025","Sat Sep 13 01:22:53 UTC 2025","466","tests.one_c","test_get_1с_stock","","","","test_get_stock_forbidden[params1]",""
"passed","Sat Sep 13 01:28:08 UTC 2025","Sat Sep 13 01:28:08 UTC 2025","339","tests.stock","test_get_stocks","","","","test_get_stocks[client]","Запрос всех складов"
"passed","Sat Sep 13 01:33:50 UTC 2025","Sat Sep 13 01:33:51 UTC 2025","1436","tests.tickets","test_04_create_ticket","","","","test_create_ticket_success[client-attachments1-ReceivingDefectiveProducts]","Позитивный тест: создание тикета с разными темами и вложениями для клиента, партнера и админа"
"passed","Sat Sep 13 01:13:29 UTC 2025","Sat Sep 13 01:13:30 UTC 2025","695","tests.catalog","test_get_admin_product_translation","","","","test_get_admin_product_translation_invalid_id[abc]","Проверка получения перевода по невалидному product_id."
"passed","Sat Sep 13 01:06:54 UTC 2025","Sat Sep 13 01:06:54 UTC 2025","468","tests.auth","test_04_refresh","","","","test_refresh_token_without_token","Тест обновления токена без передачи refresh-токена."
"passed","Sat Sep 13 01:04:19 UTC 2025","Sat Sep 13 01:04:19 UTC 2025","457","tests.admin_panel.slides","test_61_upload_slides_images","","","","test_upload_slide_images_unauthorized","Негативный тест: загрузка изображений слайда без авторизации."
"skipped","Sat Sep 13 00:44:55 UTC 2025","Sat Sep 13 00:44:55 UTC 2025","0","tests.admin_panel","test_accrue_gold_pro_gift","","","","test_accrue_gold_pro_gift_invalid_payload[payload4-400]",""
"passed","Sat Sep 13 01:22:44 UTC 2025","Sat Sep 13 01:22:45 UTC 2025","440","tests.one_c","test_create_1c_stock","","","","test_post_address_city_id_mismatch_explicit",""
"passed","Sat Sep 13 00:59:30 UTC 2025","Sat Sep 13 00:59:31 UTC 2025","675","tests.admin_panel.sliders","test_52_create_slider","","","","test_create_slider_invalid_payload[payload5-400]","Негативный тест: попытка создать слайдер с невалидным payload."
"skipped","Sat Sep 13 00:44:10 UTC 2025","Sat Sep 13 00:44:10 UTC 2025","0","tests.account","test_get_languages","","","","test_get_languages_success[partner--400]","Возвращает список языков, доступных для перевода"
"skipped","Sat Sep 13 01:39:31 UTC 2025","Sat Sep 13 01:39:32 UTC 2025","693","tests.tickets","test_09_get_ticket_messages","","","","test_get_ticket_messages_invalid_id_format[None]","Негативный тест: запрос с некорректным ID (строка, спецсимволы, пустое значение)"
"passed","Sat Sep 13 01:07:41 UTC 2025","Sat Sep 13 01:07:43 UTC 2025","2193","tests.cart","test_get_delivery_cost","","","","test_get_delivery_cost_success_partial_payload[client-payload7-200]","Позитивный тест: успешное получение ТК при неполном наборе (город без региона, без ID и т.п.)"
"passed","Sat Sep 13 01:01:34 UTC 2025","Sat Sep 13 01:01:34 UTC 2025","157","tests.admin_panel.slides","test_56_get_slides","","","","test_get_slides_forbidden[partner]","Негативный тест: получение списка слайдов не админом."
"passed","Sat Sep 13 00:58:20 UTC 2025","Sat Sep 13 00:58:21 UTC 2025","1026","tests.admin_panel.promo","test_77_create_promotion_item","","","","test_create_promotion_item_invalid_payload[payload0-400]",""
"passed","Sat Sep 13 01:12:52 UTC 2025","Sat Sep 13 01:12:53 UTC 2025","757","tests.catalog","test_delete_admin_product_translation","","","","test_delete_admin_product_translation_invalid_id[0]","Удаление перевода по невалидному product_id — должно вернуть 400 или 404."
"passed","Sat Sep 13 01:00:53 UTC 2025","Sat Sep 13 01:00:54 UTC 2025","459","tests.admin_panel.sliders","test_55_delete_sliders","","","","test_delete_slider_unauthorized","Негативный тест: попытка удаления слайдера без авторизации."
"passed","Sat Sep 13 01:02:54 UTC 2025","Sat Sep 13 01:02:54 UTC 2025","657","tests.admin_panel.slides","test_58_get_slides_by_id","","","","test_get_slides_invalid_id[1.5]","Негативный тест: невалидный ID в path-параметре."
"passed","Sat Sep 13 01:28:53 UTC 2025","Sat Sep 13 01:28:54 UTC 2025","174","tests.tickets","test_01_get_tickets","","","","test_get_tickets_success[filter0-sort0-search1-pagination0-partner]","Позитивный тест: получение списка тикетов с разными комбинациями параметров"
"passed","Sat Sep 13 01:40:23 UTC 2025","Sat Sep 13 01:40:24 UTC 2025","942","tests.tickets","test_12_delete_message","","","","test_delete_ticket_message_not_admin[client]","Негативный тест: клиент/партнёр пытается удалить своё сообщение"
"passed","Sat Sep 13 00:57:33 UTC 2025","Sat Sep 13 00:57:34 UTC 2025","1065","tests.admin_panel.promo","test_74_update_promotion","","","","test_update_promotion_invalid_payload[payload11-422]","Негативный тест: обновление акции с невалидным или неполным телом запроса."
"passed","Sat Sep 13 01:24:36 UTC 2025","Sat Sep 13 01:24:36 UTC 2025","166","tests.statistic","test_team_activations","","","","test_get_team_activation_statistic_positive[payload1-client]","Позитивный тест: получение статистики по активации команды с валидным телом запроса"
"passed","Sat Sep 13 00:48:10 UTC 2025","Sat Sep 13 00:48:11 UTC 2025","1620","tests.admin_panel.categories","test_80_create_category_translation","","","","test_create_category_translation_success[en]","Позитивный тест: создание/обновление перевода категории для разных языков."
"passed","Sat Sep 13 01:01:15 UTC 2025","Sat Sep 13 01:01:16 UTC 2025","666","tests.admin_panel.slides","test_0_slides_sort","","","","test_slides_sort_invalid_id[None]","Негативный тест: невалидный path parameter."
"passed","Sat Sep 13 00:55:50 UTC 2025","Sat Sep 13 00:55:52 UTC 2025","2584","tests.admin_panel.products","test_44_upload_product_brand_images","","","","test_upload_product_brand_images_various_fields[5.3-fields_to_send5-400]","Негативный тест. Загрузка слишком большого изображения."
"passed","Sat Sep 13 00:58:16 UTC 2025","Sat Sep 13 00:58:17 UTC 2025","1026","tests.admin_panel.promo","test_77_create_promotion_item","","","","test_create_promotion_item_forbidden[partner]","Негативный тест: создание элемента акции не-админом запрещено."
"passed","Sat Sep 13 00:54:11 UTC 2025","Sat Sep 13 00:54:11 UTC 2025","441","tests.admin_panel.products","test_42_update_product_brand","","","","test_update_product_brand_unauthorized","Негативный тест: попытка обновления бренда без авторизации."
"passed","Sat Sep 13 01:33:06 UTC 2025","Sat Sep 13 01:33:07 UTC 2025","656","tests.tickets","test_04_create_ticket","","","","test_create_ticket_success[client-attachments0-OtherQuestions]","Позитивный тест: создание тикета с разными темами и вложениями для клиента, партнера и админа"
"passed","Sat Sep 13 00:47:48 UTC 2025","Sat Sep 13 00:47:50 UTC 2025","2121","tests.admin_panel.categories","test_79_get_category_translation","","","","test_get_category_two_translations_success",""
"failed","Sat Sep 13 01:16:27 UTC 2025","Sat Sep 13 01:16:29 UTC 2025","1557","tests.delivery","test_01_save_delivery_address","","","","test_save_delivery_address_positive[partner-payload1]","Позитивные тесты на сохранение адреса доставки"
"passed","Sat Sep 13 01:27:56 UTC 2025","Sat Sep 13 01:27:56 UTC 2025","161","tests.stock","test_get_stock_by_id","","","","test_get_stock_by_id[partner]","Запрос склада по ID"
"passed","Sat Sep 13 01:34:34 UTC 2025","Sat Sep 13 01:34:35 UTC 2025","606","tests.tickets","test_04_create_ticket","","","","test_create_ticket_success[partner-attachments0-QuestionsAboutTheHousingAndCarProgram]","Позитивный тест: создание тикета с разными темами и вложениями для клиента, партнера и админа"
"passed","Sat Sep 13 01:28:23 UTC 2025","Sat Sep 13 01:28:24 UTC 2025","416","tests.temporary","test_cleanup_products","","","","test_cleanup_test_products","
    Удаляет тестовые продукты из БД (например, с rgba_big_circle как 'rgba%'),
    включая связи: переводы, категории.
    "
"passed","Sat Sep 13 01:23:13 UTC 2025","Sat Sep 13 01:23:13 UTC 2025","159","tests.orders","test_create_order_by_delivery_address","","","","test_create_order_invalid_data[invalid_payload1-admin]","Негативные тесты: создание заказа с некорректными данными"
"passed","Sat Sep 13 01:07:26 UTC 2025","Sat Sep 13 01:07:28 UTC 2025","2110","tests.cart","test_get_delivery_cost","","","","test_get_delivery_cost_success_partial_payload[client-payload1-200]","Позитивный тест: успешное получение ТК при неполном наборе (город без региона, без ID и т.п.)"
"passed","Sat Sep 13 00:43:47 UTC 2025","Sat Sep 13 00:43:48 UTC 2025","1021","tests.account","test_add_cover_url","","","","test_add_cover_min_payload[admin]",""
"passed","Sat Sep 13 01:24:17 UTC 2025","Sat Sep 13 01:24:17 UTC 2025","153","tests.register","test_03_register_client","","","","test_register_client_positive[admin-403]","Тест: позитивные тесты для регистрации клиента вручную"
"passed","Sat Sep 13 00:49:37 UTC 2025","Sat Sep 13 00:49:39 UTC 2025","1966","tests.admin_panel.items","test_create_item","","","","test_create_item_unique_article","
    Проверка уникальности article: второй item с тем же article создать нельзя.
    "
"skipped","Sat Sep 13 00:44:10 UTC 2025","Sat Sep 13 00:44:10 UTC 2025","0","tests.account","test_pass_change","","","","test_change_password_positive[admin-payload1]","Позитивные тесты на изменение пароля"
"skipped","Sat Sep 13 00:44:40 UTC 2025","Sat Sep 13 00:44:40 UTC 2025","0","tests.account","test_update_default_stock","","","","test_update_default_stock_positive[admin-payload1]","Позитивные тесты на изменение дефолтного склада"
"passed","Sat Sep 13 01:07:09 UTC 2025","Sat Sep 13 01:07:09 UTC 2025","643","tests.auth","test_06_full_logout","","","","test_full_logout_success[admin]","Тест полного разлогина всех сессий клиента, партнера и админа."
"passed","Sat Sep 13 01:02:12 UTC 2025","Sat Sep 13 01:02:13 UTC 2025","672","tests.admin_panel.slides","test_57_create_slide","","","","test_create_slide_invalid_payload[payload16-422]","Негативные тесты: некорректные и неполные payload'ы."
"passed","Sat Sep 13 01:17:01 UTC 2025","Sat Sep 13 01:17:01 UTC 2025","165","tests.delivery","test_01_save_delivery_address","","","","test_save_delivery_address_negative[client-payload9-500]","Негативные тесты на сохранение адреса доставки"
"passed","Sat Sep 13 00:53:23 UTC 2025","Sat Sep 13 00:53:24 UTC 2025","687","tests.admin_panel.products","test_40_create_product_brand","","","","test_create_product_brand_invalid_payload[payload0-expected_codes0]","Негативные кейсы: невалидные поля при создании бренда."
"passed","Sat Sep 13 01:00:03 UTC 2025","Sat Sep 13 01:00:04 UTC 2025","668","tests.admin_panel.sliders","test_53_get_sliders_by_id","","","","test_get_slider_not_found","Негативный тест: слайдер не найден"
"passed","Sat Sep 13 00:43:14 UTC 2025","Sat Sep 13 00:43:14 UTC 2025","159","tests.account","test_0_top_partners_client_service_v2","","","","test_get_top_partners_client_service_v2_positive[partner]","Позитивные тесты на получение топ-партнеров по сумме ЛО клиентов"
"skipped","Sat Sep 13 00:43:01 UTC 2025","Sat Sep 13 00:43:01 UTC 2025","0","tests.account","test_0_marathon","","","","test_create_product_brand_invalid_payload[params5-400-admin]",""
"passed","Sat Sep 13 00:57:59 UTC 2025","Sat Sep 13 00:58:00 UTC 2025","1233","tests.admin_panel.promo","test_76_get_promotion_items","","","","test_get_promotion_item_forbidden[partner]","Негативный тест: получение элемента акции не-админом запрещено."
"skipped","Sat Sep 13 01:19:16 UTC 2025","Sat Sep 13 01:19:17 UTC 2025","870","tests.fund","test_get_top_donors","","","","test_get_top_donors_success[page,size-https://dev.ewahelps.com/api]",""
"passed","Sat Sep 13 01:29:46 UTC 2025","Sat Sep 13 01:29:46 UTC 2025","179","tests.tickets","test_01_get_tickets","","","","test_get_tickets_success[filter1-sort0-search0-pagination0-partner]","Позитивный тест: получение списка тикетов с разными комбинациями параметров"
"passed","Sat Sep 13 01:16:14 UTC 2025","Sat Sep 13 01:16:15 UTC 2025","1005","tests.delivery","test_01_save_delivery_address","","","","test_save_delivery_address_positive[client-payload3]","Позитивные тесты на сохранение адреса доставки"
"passed","Sat Sep 13 00:59:58 UTC 2025","Sat Sep 13 00:59:59 UTC 2025","668","tests.admin_panel.sliders","test_53_get_sliders_by_id","","","","test_get_sliders_invalid_id[None]","Негативный тест: получение слайдера по невалидному ID"
"skipped","Sat Sep 13 01:38:25 UTC 2025","Sat Sep 13 01:38:25 UTC 2025","0","tests.tickets","test_04_create_ticket","","","","test_create_ticket_invalid_message[partner-]","Негативный тест: создание тикета без сообщения"
"passed","Sat Sep 13 01:34:59 UTC 2025","Sat Sep 13 01:34:59 UTC 2025","609","tests.tickets","test_04_create_ticket","","","","test_create_ticket_success[partner-attachments0-ReceivingProductsShortage]","Позитивный тест: создание тикета с разными темами и вложениями для клиента, партнера и админа"
"passed","Sat Sep 13 00:53:21 UTC 2025","Sat Sep 13 00:53:21 UTC 2025","152","tests.admin_panel.products","test_40_create_product_brand","","","","test_create_product_brand_forbidden[partner]","Негативный тест: создание бренда не-админом запрещено."
"passed","Sat Sep 13 01:40:20 UTC 2025","Sat Sep 13 01:40:21 UTC 2025","1688","tests.tickets","test_12_delete_message","","","","test_delete_ticket_message_admin","Позитивный тест: админ удаляет своё сообщение в тикете"
"skipped","Sat Sep 13 01:25:06 UTC 2025","Sat Sep 13 01:25:06 UTC 2025","166","tests.statistic","test_team_activations","","","","test_get_team_activation_statistic_negative[payload2-admin]","Негативный тест: ошибка при получении статистики активации команды с невалидным телом запроса"
"passed","Sat Sep 13 00:45:54 UTC 2025","Sat Sep 13 00:45:55 UTC 2025","629","tests.admin_panel.categories","test_49_delete_category","","","","test_delete_category_invalid_id[abc]","Негативный тест: удаление несуществующей или некорректной категории."
"passed","Sat Sep 13 01:22:37 UTC 2025","Sat Sep 13 01:22:37 UTC 2025","441","tests.one_c","test_create_1c_stock","","","","test_post_bad_request_or_unprocessable[<lambda>10]",""
"passed","Sat Sep 13 00:53:22 UTC 2025","Sat Sep 13 00:53:22 UTC 2025","440","tests.admin_panel.products","test_40_create_product_brand","","","","test_create_product_brand_unauthorized","Негативный тест: создание бренда без авторизации."
"passed","Sat Sep 13 01:32:48 UTC 2025","Sat Sep 13 01:32:49 UTC 2025","601","tests.tickets","test_04_create_ticket","","","","test_create_ticket_success[client-attachments0-QuestionsAboutPaymentsToIP]","Позитивный тест: создание тикета с разными темами и вложениями для клиента, партнера и админа"
"skipped","Sat Sep 13 00:52:12 UTC 2025","Sat Sep 13 00:52:12 UTC 2025","0","tests.admin_panel.products","test_01_create_product_group","","","","test_create_product_group_forbidden[client]","Негативный тест: создание продукт группы не-админом запрещено."
"skipped","Sat Sep 13 01:40:06 UTC 2025","Sat Sep 13 01:40:06 UTC 2025","0","tests.tickets","test_11_update_message","","","","test_update_message_role_permissions[authorize_partner-200]","Проверка прав на редактирование сообщения в тикете"
"skipped","Sat Sep 13 01:09:12 UTC 2025","Sat Sep 13 01:09:12 UTC 2025","0","tests.cart","test_user_locale","","","","test_update_user_locale_valid_payload[payload6]","
    Позитивный тест: Обновление языка/склада/локали НЕавторизованным пользователем с указанной корзиной в cookie.
    "
"passed","Sat Sep 13 01:24:54 UTC 2025","Sat Sep 13 01:24:54 UTC 2025","159","tests.statistic","test_team_activations","","","","test_get_team_activation_statistic_negative[payload0-partner]","Негативный тест: ошибка при получении статистики активации команды с невалидным телом запроса"
"passed","Sat Sep 13 00:58:06 UTC 2025","Sat Sep 13 00:58:07 UTC 2025","657","tests.admin_panel.promo","test_76_get_promotion_items","","","","test_get_promotion_item_invalid_id[1.5-1.5]","Негативный тест: получение элемента с невалидным ID."
"passed","Sat Sep 13 00:47:41 UTC 2025","Sat Sep 13 00:47:42 UTC 2025","1027","tests.admin_panel.categories","test_57_v2_update_category","","","","test_v2_update_category_invalid_payload[payload5-422]","Негативный тест: обновление категории с невалидным или неполным телом запроса."
"passed","Sat Sep 13 01:35:57 UTC 2025","Sat Sep 13 01:35:58 UTC 2025","1203","tests.tickets","test_04_create_ticket","","","","test_create_ticket_success[partner-attachments2-QuestionsAboutTheMarriageContract]","Позитивный тест: создание тикета с разными темами и вложениями для клиента, партнера и админа"
"passed","Sat Sep 13 01:33:59 UTC 2025","Sat Sep 13 01:34:00 UTC 2025","1226","tests.tickets","test_04_create_ticket","","","","test_create_ticket_success[client-attachments2-QuestionsAboutTheHousingAndCarProgram]","Позитивный тест: создание тикета с разными темами и вложениями для клиента, партнера и админа"
"passed","Sat Sep 13 01:03:19 UTC 2025","Sat Sep 13 01:03:20 UTC 2025","1045","tests.admin_panel.slides","test_59_update_slide","","","","test_update_slide_invalid_payload[payload2-expected_code2]","Негативный тест: обновление слайда с невалидным или неполным телом запроса."
"skipped","Sat Sep 13 01:28:22 UTC 2025","Sat Sep 13 01:28:22 UTC 2025","0","tests.stock","test_update_stock","","","","test_update_stock_invalid_id[9999999]",""
"passed","Sat Sep 13 01:32:39 UTC 2025","Sat Sep 13 01:32:40 UTC 2025","648","tests.tickets","test_02_get_ticket_by_id","","","","test_get_ticket_invalid_id[None]","Негативный тест: передан некорректный ID."
"passed","Sat Sep 13 01:25:44 UTC 2025","Sat Sep 13 01:25:44 UTC 2025","175","tests.statistic","test_team_go","","","","test_get_team_go_statistic_positive[payload3-client]","Позитивный тест: получение статистики по команде с валидным телом запроса"
"passed","Sat Sep 13 01:22:10 UTC 2025","Sat Sep 13 01:22:11 UTC 2025","1635","tests.one_c","test_create_1c_stock","","","","test_name_not_overwritten_by_city",""
"passed","Sat Sep 13 01:01:20 UTC 2025","Sat Sep 13 01:01:21 UTC 2025","678","tests.admin_panel.slides","test_0_slides_sort","","","","test_slides_sort_invalid_id[999999]","Негативный тест: невалидный path parameter."
"skipped","Sat Sep 13 01:23:03 UTC 2025","Sat Sep 13 01:23:03 UTC 2025","0","tests.orders","test_create_order_by_delivery_address","","","","test_create_order_permissions[authorize_client-authorize_partner-404]","Тест: проверка прав доступа при создании заказа по сохраненному адресу"
"skipped","Sat Sep 13 00:44:51 UTC 2025","Sat Sep 13 00:44:52 UTC 2025","685","tests.admin_panel","test_accrue_auto_bonus","","","","test_accrue_auto_bonus_invalid_payload[payload3-400]",""
"passed","Sat Sep 13 01:23:35 UTC 2025","Sat Sep 13 01:23:35 UTC 2025","463","tests.orders","test_orders_v2_pay","","","","test_orders_v2_pay_unauthorized","Негативный тест: запрос без авторизации"
"passed","Sat Sep 13 01:08:03 UTC 2025","Sat Sep 13 01:08:03 UTC 2025","157","tests.cart","test_get_delivery_cost","","","","test_get_delivery_cost_invalid_payload[client-payload1]","Негативный тест: некорректные входные данные"
"passed","Sat Sep 13 00:54:53 UTC 2025","Sat Sep 13 00:54:54 UTC 2025","673","tests.admin_panel.products","test_43_delete_product_brand","","","","test_delete_product_brand_invalid_id[-1]","Негативный тест: удаление несуществующего или некорректного бренда."
"skipped","Sat Sep 13 01:27:31 UTC 2025","Sat Sep 13 01:27:31 UTC 2025","0","tests.stock","test_create_stock","","","","test_create_stock_with_empty_string_log_if_not_200[address.description]",""
"passed","Sat Sep 13 01:28:21 UTC 2025","Sat Sep 13 01:28:21 UTC 2025","166","tests.stock","test_get_stocks","","","","test_get_stocks_country_id_not_found[admin]","Проверка получения складов по несуществующему country_id"
"passed","Sat Sep 13 01:33:13 UTC 2025","Sat Sep 13 01:33:13 UTC 2025","615","tests.tickets","test_04_create_ticket","","","","test_create_ticket_success[client-attachments0-ReceivingDefectiveProducts]","Позитивный тест: создание тикета с разными темами и вложениями для клиента, партнера и админа"
"passed","Sat Sep 13 00:43:39 UTC 2025","Sat Sep 13 00:43:40 UTC 2025","1082","tests.account","test_add_cover_url","","","","test_add_cover_full_payload[admin]",""
"passed","Sat Sep 13 01:25:13 UTC 2025","Sat Sep 13 01:25:13 UTC 2025","157","tests.statistic","test_team_activations","","","","test_get_team_activation_statistic_negative[payload4-client]","Негативный тест: ошибка при получении статистики активации команды с невалидным телом запроса"
"passed","Sat Sep 13 00:47:27 UTC 2025","Sat Sep 13 00:47:28 UTC 2025","671","tests.admin_panel.categories","test_57_v2_update_category","","","","test_v2_update_category_invalid_id[9999999]","Негативный тест: несуществующий или некорректный ID."
"passed","Sat Sep 13 01:06:27 UTC 2025","Sat Sep 13 01:06:28 UTC 2025","277","tests.auth","test_02_login","","","","test_client_login[client-2876-123123-200]",""
"skipped","Sat Sep 13 00:44:10 UTC 2025","Sat Sep 13 00:44:10 UTC 2025","0","tests.account","test_history_group_volumes","","","","test_get_group_volumes_history_positive[partner-payload1]","Позитивные тесты на получение истории начисления групповых объемов"
"passed","Sat Sep 13 00:52:37 UTC 2025","Sat Sep 13 00:52:39 UTC 2025","1668","tests.admin_panel.products","test_02_recommended_products_add","","","","test_add_empty_recommendation_list","Попытка добавить пустой список рекомендованных товаров"
"passed","Sat Sep 13 01:22:24 UTC 2025","Sat Sep 13 01:22:24 UTC 2025","462","tests.one_c","test_create_1c_stock","","","","test_post_bad_request_or_unprocessable[<lambda>1]",""
"passed","Sat Sep 13 01:17:32 UTC 2025","Sat Sep 13 01:17:32 UTC 2025","166","tests.delivery","test_01_save_delivery_address","","","","test_save_delivery_address_negative[admin-payload7-500]","Негативные тесты на сохранение адреса доставки"
"skipped","Sat Sep 13 00:46:39 UTC 2025","Sat Sep 13 00:46:41 UTC 2025","1497","tests.admin_panel.categories","test_50_upload_category_images","","","","test_upload_category_images_file_too_large[4.7-fields_to_send4-204]","Негативный тест: загрузка слишком большого изображения."
"passed","Sat Sep 13 00:45:32 UTC 2025","Sat Sep 13 00:45:33 UTC 2025","676","tests.admin_panel.categories","test_47_get_categories_by_id","","","","test_get_categories_invalid_id[None]","Негативный тест: получение категории по невалидному ID."
"passed","Sat Sep 13 01:14:33 UTC 2025","Sat Sep 13 01:14:34 UTC 2025","642","tests.catalog","test_update_admin_product","","","","test_update_admin_product_invalid_id[abc]",""
"passed","Sat Sep 13 00:55:53 UTC 2025","Sat Sep 13 00:55:54 UTC 2025","689","tests.admin_panel.promo","test_71_get_promotions","","","","test_get_promotions_list_default","Позитивный кейс — Получение списка всех промоакций"
"passed","Sat Sep 13 01:24:10 UTC 2025","Sat Sep 13 01:24:11 UTC 2025","737","tests.register","test_02_register_partner","","","","test_register_partner_negative[payload3-400]","Тест: негативные тесты для регистрации партнера вручную"
"passed","Sat Sep 13 00:59:57 UTC 2025","Sat Sep 13 00:59:57 UTC 2025","665","tests.admin_panel.sliders","test_53_get_sliders_by_id","","","","test_get_sliders_invalid_id[0]","Негативный тест: получение слайдера по невалидному ID"
"passed","Sat Sep 13 01:27:44 UTC 2025","Sat Sep 13 01:27:44 UTC 2025","269","tests.stock","test_get_group_orders","","","","test_get_group_orders[admin]","Запрос всех складов для групповых заказов"
"passed","Sat Sep 13 01:37:35 UTC 2025","Sat Sep 13 01:37:36 UTC 2025","1225","tests.tickets","test_04_create_ticket","","","","test_create_ticket_success[admin-attachments2-QuestionsAboutTheWorkOfTheStructureAndMentors]","Позитивный тест: создание тикета с разными темами и вложениями для клиента, партнера и админа"
"skipped","Sat Sep 13 00:44:10 UTC 2025","Sat Sep 13 00:44:10 UTC 2025","0","tests.account","test_history_personal_volumes","","","","test_get_personal_volumes_history_positive[partner-payload0]","Позитивные тесты на получение истории начисления личных объемов"
"passed","Sat Sep 13 01:17:45 UTC 2025","Sat Sep 13 01:17:47 UTC 2025","1304","tests.delivery","test_01_save_delivery_address","","","","test_create_two_identical_addresses[client]","Невозможность создать два полностью одинаковых адреса"
"passed","Sat Sep 13 00:48:01 UTC 2025","Sat Sep 13 00:48:01 UTC 2025","685","tests.admin_panel.categories","test_79_get_category_translation","","","","test_get_category_translation_invalid_id[0]",""
"passed","Sat Sep 13 01:14:26 UTC 2025","Sat Sep 13 01:14:27 UTC 2025","659","tests.catalog","test_update_admin_product","","","","test_update_admin_product_invalid_id[-1]",""
"passed","Sat Sep 13 01:03:52 UTC 2025","Sat Sep 13 01:03:53 UTC 2025","1085","tests.admin_panel.slides","test_59_update_slide","","","","test_update_slide_invalid_payload[payload18-422]","Негативный тест: обновление слайда с невалидным или неполным телом запроса."
"passed","Sat Sep 13 00:52:53 UTC 2025","Sat Sep 13 00:52:55 UTC 2025","2018","tests.admin_panel.products","test_03_recommended_products_delete","","","","test_remove_nonexistent_recommendation","Удаление несуществующей рекомендации не вызывает ошибку."
"passed","Sat Sep 13 01:40:09 UTC 2025","Sat Sep 13 01:40:10 UTC 2025","995","tests.tickets","test_11_update_message","","","","test_update_message_validation[client-update_payload1-403]","Негативные тесты: невалидные поля при редактировании сообщения"
"passed","Sat Sep 13 01:28:52 UTC 2025","Sat Sep 13 01:28:52 UTC 2025","187","tests.tickets","test_01_get_tickets","","","","test_get_tickets_success[filter0-sort0-search1-pagination0-client]","Позитивный тест: получение списка тикетов с разными комбинациями параметров"
"skipped","Sat Sep 13 01:25:04 UTC 2025","Sat Sep 13 01:25:04 UTC 2025","159","tests.statistic","test_team_activations","","","","test_get_team_activation_statistic_negative[payload2-partner]","Негативный тест: ошибка при получении статистики активации команды с невалидным телом запроса"
"passed","Sat Sep 13 00:43:54 UTC 2025","Sat Sep 13 00:43:54 UTC 2025","676","tests.account","test_add_cover_url","","","","test_add_cover_invalid_payload[payload2]",""
"skipped","Sat Sep 13 00:52:12 UTC 2025","Sat Sep 13 00:52:12 UTC 2025","0","tests.admin_panel.products","test_01_create_product_group","","","","test_create_product_group_forbidden[partner]","Негативный тест: создание продукт группы не-админом запрещено."
"skipped","Sat Sep 13 01:27:31 UTC 2025","Sat Sep 13 01:27:31 UTC 2025","0","tests.stock","test_create_stock","","","","test_create_stock_with_empty_string_log_if_not_200[is_closed]",""
"passed","Sat Sep 13 01:02:38 UTC 2025","Sat Sep 13 01:02:39 UTC 2025","1065","tests.admin_panel.slides","test_58_get_slides_by_id","","","","test_get_slides_by_id_success","Позитивный тест: успешное получение слайда по ID админом."
"passed","Sat Sep 13 00:49:07 UTC 2025","Sat Sep 13 00:49:09 UTC 2025","1491","tests.admin_panel.items","test_create_item","","","","test_create_item_success","Позитивный тест: успешное создание варианта товара (все поля)."
"passed","Sat Sep 13 01:28:57 UTC 2025","Sat Sep 13 01:28:57 UTC 2025","188","tests.tickets","test_01_get_tickets","","","","test_get_tickets_success[filter0-sort0-search1-pagination1-client]","Позитивный тест: получение списка тикетов с разными комбинациями параметров"
"passed","Sat Sep 13 01:18:02 UTC 2025","Sat Sep 13 01:18:03 UTC 2025","167","tests.delivery","test_02_get_delivery_address","","","","test_get_empty_delivery_addresses[admin]","Получение пустого списка"
"passed","Sat Sep 13 00:44:16 UTC 2025","Sat Sep 13 00:44:19 UTC 2025","3255","tests.account","test_update_avatar","","","","test_update_avatar_positive[client-payload1]","Позитивные тесты на обновление аватара"
"skipped","Sat Sep 13 01:40:06 UTC 2025","Sat Sep 13 01:40:06 UTC 2025","0","tests.tickets","test_11_update_message","","","","test_update_message_role_permissions[authorize_admin-200]","Проверка прав на редактирование сообщения в тикете"
"skipped","Sat Sep 13 01:25:56 UTC 2025","Sat Sep 13 01:25:56 UTC 2025","167","tests.statistic","test_team_go","","","","test_get_team_go_statistic_negative[payload1-partner]","Негативный тест: ошибка при получении статистики по команде с невалидным телом запроса"
"skipped","Sat Sep 13 01:28:27 UTC 2025","Sat Sep 13 01:28:27 UTC 2025","0","tests.temporary","test_create_structure","","","","test_create_structure[case_name0-active_count0-active_lo0-passive_count0-passive_lo0]","
    Тест создания структуры
    "
"passed","Sat Sep 13 00:43:09 UTC 2025","Sat Sep 13 00:43:09 UTC 2025","362","tests.account","test_0_referral_links","","","","test_get_referral_links_positive[partner-200]","Позитивные тесты на получение реферальных ссылок"
"passed","Sat Sep 13 00:47:09 UTC 2025","Sat Sep 13 00:47:10 UTC 2025","670","tests.admin_panel.categories","test_56_v2_create_category","","","","test_v2_create_category_invalid_payload[payload6-422]","Негативный тест: создание категории с невалидным телом запроса."
"passed","Sat Sep 13 01:30:21 UTC 2025","Sat Sep 13 01:30:21 UTC 2025","183","tests.tickets","test_01_get_tickets","","","","test_get_tickets_success[filter1-sort1-search0-pagination1-client]","Позитивный тест: получение списка тикетов с разными комбинациями параметров"
"passed","Sat Sep 13 00:43:30 UTC 2025","Sat Sep 13 00:43:30 UTC 2025","156","tests.account","test_0_users_by_lo_rating","","","","test_get_users_by_lo_rating_positive[partner]","Позитивные тесты на получение рейтинга продавцов по личному объему"
"skipped","Sat Sep 13 01:10:38 UTC 2025","Sat Sep 13 01:10:38 UTC 2025","0","tests.catalog","test_create_admin_product","","","","test_create_product_duplicate_slug[uz]",""
"skipped","Sat Sep 13 00:44:55 UTC 2025","Sat Sep 13 00:44:55 UTC 2025","0","tests.admin_panel","test_accrue_presidential_pool","","","","test_accrue_presidential_pool_for_client",""
"skipped","Sat Sep 13 00:44:10 UTC 2025","Sat Sep 13 00:44:10 UTC 2025","0","tests.account","test_list_csv","","","","test_get_account_list_csv_positive[admin-payload1]","Позитивные тесты на выгрузку структуры партнеров в CSV"
"passed","Sat Sep 13 01:04:24 UTC 2025","Sat Sep 13 01:04:25 UTC 2025","656","tests.admin_panel.slides","test_61_upload_slides_images","","","","test_upload_slide_images_invalid_id","Негативный тест: несуществующий ID слайда."
"skipped","Sat Sep 13 00:45:56 UTC 2025","Sat Sep 13 00:45:58 UTC 2025","2161","tests.admin_panel.categories","test_50_upload_category_images","","","","test_upload_category_images_success","Позитивный тест: успешная загрузка изображений категории через multipart/form-data."
"passed","Sat Sep 13 01:08:53 UTC 2025","Sat Sep 13 01:08:54 UTC 2025","158","tests.cart","test_user_locale","","","","test_update_user_locale_valid_payload_1[client-payload8]","
    Позитивный тест: Обновление языка/склада/локали авторизованным пользователем."
"passed","Sat Sep 13 01:24:05 UTC 2025","Sat Sep 13 01:24:06 UTC 2025","771","tests.register","test_02_register_partner","","","","test_register_partner_negative[payload1-400]","Тест: негативные тесты для регистрации партнера вручную"
"passed","Sat Sep 13 01:00:00 UTC 2025","Sat Sep 13 01:00:01 UTC 2025","668","tests.admin_panel.sliders","test_53_get_sliders_by_id","","","","test_get_sliders_invalid_id[]","Негативный тест: получение слайдера по невалидному ID"
"skipped","Sat Sep 13 00:44:10 UTC 2025","Sat Sep 13 00:44:10 UTC 2025","0","tests.account","test_pass_recovery","","","","test_pass_recovery_positive[payload0]","Позитивные тесты на восстановление пароля"
"passed","Sat Sep 13 01:06:40 UTC 2025","Sat Sep 13 01:06:40 UTC 2025","247","tests.auth","test_03_token_auth","","","","test_auth_by_valid_token[client]","Тест успешной авторизации по валидному токену"
"passed","Sat Sep 13 01:30:04 UTC 2025","Sat Sep 13 01:30:04 UTC 2025","185","tests.tickets","test_01_get_tickets","","","","test_get_tickets_success[filter1-sort0-search1-pagination1-admin]","Позитивный тест: получение списка тикетов с разными комбинациями параметров"
"passed","Sat Sep 13 00:53:28 UTC 2025","Sat Sep 13 00:53:29 UTC 2025","640","tests.admin_panel.products","test_40_create_product_brand","","","","test_create_product_brand_invalid_payload[payload3-expected_codes3]","Негативные кейсы: невалидные поля при создании бренда."
"passed","Sat Sep 13 01:29:00 UTC 2025","Sat Sep 13 01:29:01 UTC 2025","186","tests.tickets","test_01_get_tickets","","","","test_get_tickets_success[filter0-sort0-search1-pagination1-admin]","Позитивный тест: получение списка тикетов с разными комбинациями параметров"
"passed","Sat Sep 13 01:05:49 UTC 2025","Sat Sep 13 01:05:49 UTC 2025","152","tests.admin_panel.slides","test_62_slides_get_upload_urls","","","","test_get_upload_urls_forbidden[client]","Негативный тест: неадмин не может получить ссылки на загрузку видео файлов."
"passed","Sat Sep 13 01:17:51 UTC 2025","Sat Sep 13 01:17:53 UTC 2025","1624","tests.delivery","test_02_get_delivery_address","","","","test_get_delivery_addresses_permissions[client]","Проверка получения адресов"
"passed","Sat Sep 13 00:58:41 UTC 2025","Sat Sep 13 00:58:42 UTC 2025","656","tests.admin_panel.promo","test_77_create_promotion_item","","","","test_create_promotion_item_invalid_ids[1-999999-404]",""
"passed","Sat Sep 13 01:26:43 UTC 2025","Sat Sep 13 01:26:43 UTC 2025","172","tests.statistic","test_team_registrations","","","","test_get_team_registration_statistic_positive[payload3-partner]","Позитивный тест: получение статистики по регистрации команды с валидным телом запроса"
"passed","Sat Sep 13 01:00:39 UTC 2025","Sat Sep 13 01:00:40 UTC 2025","1022","tests.admin_panel.sliders","test_54_update_slider","","","","test_update_slider_invalid_payload[payload7-422]","Негативный тест: обновление слайдера с невалидным или неполным телом запроса."
"passed","Sat Sep 13 01:02:00 UTC 2025","Sat Sep 13 01:02:01 UTC 2025","693","tests.admin_panel.slides","test_57_create_slide","","","","test_create_slide_invalid_payload[payload9-400]","Негативные тесты: некорректные и неполные payload'ы."
"skipped","Sat Sep 13 01:09:12 UTC 2025","Sat Sep 13 01:09:12 UTC 2025","0","tests.cart","test_user_locale","","","","test_update_user_locale_valid_payload[payload4]","
    Позитивный тест: Обновление языка/склада/локали НЕавторизованным пользователем с указанной корзиной в cookie.
    "
"passed","Sat Sep 13 01:08:01 UTC 2025","Sat Sep 13 01:08:01 UTC 2025","152","tests.cart","test_get_delivery_cost","","","","test_get_delivery_cost_invalid_payload[client-payload0]","Негативный тест: некорректные входные данные"
"passed","Sat Sep 13 00:55:06 UTC 2025","Sat Sep 13 00:55:06 UTC 2025","158","tests.admin_panel.products","test_44_upload_product_brand_images","","","","test_upload_product_brand_images_forbidden[partner]","Негативный тест: неадмин не может загрузить изображения."
"passed","Sat Sep 13 00:54:49 UTC 2025","Sat Sep 13 00:54:50 UTC 2025","1008","tests.admin_panel.products","test_43_delete_product_brand","","","","test_delete_product_brand_forbidden[client]","Негативный тест: попытка удаления бренда не-админом."
"passed","Sat Sep 13 01:26:40 UTC 2025","Sat Sep 13 01:26:40 UTC 2025","169","tests.statistic","test_team_registrations","","","","test_get_team_registration_statistic_positive[payload2-admin]","Позитивный тест: получение статистики по регистрации команды с валидным телом запроса"
"skipped","Sat Sep 13 01:27:31 UTC 2025","Sat Sep 13 01:27:31 UTC 2025","0","tests.stock","test_create_stock","","","","test_create_stock_with_empty_string_log_if_not_200[city.country_id]",""
"skipped","Sat Sep 13 00:44:10 UTC 2025","Sat Sep 13 00:44:10 UTC 2025","0","tests.account","test_history_admin","","","","test_get_admin_history_positive[partner-payload0]","Позитивные тесты на получение истории бонусов для админа"
"passed","Sat Sep 13 01:29:02 UTC 2025","Sat Sep 13 01:29:02 UTC 2025","188","tests.tickets","test_01_get_tickets","","","","test_get_tickets_success[filter0-sort0-search2-pagination0-client]","Позитивный тест: получение списка тикетов с разными комбинациями параметров"
"passed","Sat Sep 13 00:59:24 UTC 2025","Sat Sep 13 00:59:24 UTC 2025","639","tests.admin_panel.sliders","test_52_create_slider","","","","test_create_slider_invalid_payload[payload1-expected_code1]","Негативный тест: попытка создать слайдер с невалидным payload."
"passed","Sat Sep 13 01:28:36 UTC 2025","Sat Sep 13 01:28:36 UTC 2025","435","tests.temporary","test_get_account_exist","","","","test_account_exist[-400]",""
"passed","Sat Sep 13 01:22:19 UTC 2025","Sat Sep 13 01:22:20 UTC 2025","461","tests.one_c","test_create_1c_stock","","","","test_post_forbidden[True-invalid]",""
"passed","Sat Sep 13 00:53:47 UTC 2025","Sat Sep 13 00:53:48 UTC 2025","1076","tests.admin_panel.products","test_41_get_product_brand_by_id","","","","test_get_product_brand_by_id_success","Позитивный тест: успешное получение бренда по ID админом"
"skipped","Sat Sep 13 01:27:31 UTC 2025","Sat Sep 13 01:27:31 UTC 2025","0","tests.stock","test_create_stock","","","","test_create_stock_with_empty_string_log_if_not_200[address.city]",""
"passed","Sat Sep 13 01:31:07 UTC 2025","Sat Sep 13 01:31:07 UTC 2025","184","tests.tickets","test_01_get_tickets","","","","test_get_tickets_success[filter2-sort0-search1-pagination1-admin]","Позитивный тест: получение списка тикетов с разными комбинациями параметров"
"skipped","Sat Sep 13 01:27:31 UTC 2025","Sat Sep 13 01:27:31 UTC 2025","0","tests.stock","test_create_stock","","","","test_create_stock_with_empty_string_log_if_not_200[address.postal_code]",""
"passed","Sat Sep 13 00:50:50 UTC 2025","Sat Sep 13 00:50:50 UTC 2025","685","tests.admin_panel.items","test_delete_item_translation","","","","test_delete_item_translation_invalid_id[-1]","Негативный тест: удаление перевода с невалидным или несуществующим ID item."
"skipped","Sat Sep 13 01:40:41 UTC 2025","Sat Sep 13 01:40:42 UTC 2025","1638","tests.tickets","test_12_delete_message","","","","test_delete_ticket_message_after_closure","Негативный тест: попытка удалить сообщение после закрытия тикета"
"passed","Sat Sep 13 01:19:06 UTC 2025","Sat Sep 13 01:19:06 UTC 2025","152","tests.delivery","test_03_delete_delivery_address","","","","test_delete_delivery_address_invalid_id[None-admin]","Негатив: удаление адреса с некорректным ID"
"passed","Sat Sep 13 00:45:14 UTC 2025","Sat Sep 13 00:45:14 UTC 2025","460","tests.admin_panel.categories","test_45_get_categories","","","","test_get_categories_unauthorized","Негативный тест: получение категорий без авторизации."
"skipped","Sat Sep 13 00:46:31 UTC 2025","Sat Sep 13 00:46:33 UTC 2025","1556","tests.admin_panel.categories","test_50_upload_category_images","","","","test_upload_category_images_file_too_large[5.3-fields_to_send1-400]","Негативный тест: загрузка слишком большого изображения."
"passed","Sat Sep 13 01:18:01 UTC 2025","Sat Sep 13 01:18:01 UTC 2025","184","tests.delivery","test_02_get_delivery_address","","","","test_get_empty_delivery_addresses[partner]","Получение пустого списка"
"passed","Sat Sep 13 01:36:53 UTC 2025","Sat Sep 13 01:36:54 UTC 2025","1345","tests.tickets","test_04_create_ticket","","","","test_create_ticket_success[admin-attachments1-QuestionsAboutInternationalDelivery]","Позитивный тест: создание тикета с разными темами и вложениями для клиента, партнера и админа"
"skipped","Sat Sep 13 01:27:31 UTC 2025","Sat Sep 13 01:27:31 UTC 2025","0","tests.stock","test_create_stock","","","","test_create_stock_with_empty_string_log_if_not_200[timezone.id]",""
"passed","Sat Sep 13 00:50:53 UTC 2025","Sat Sep 13 00:50:54 UTC 2025","655","tests.admin_panel.items","test_delete_item_translation","","","","test_delete_item_translation_invalid_id[999999999]","Негативный тест: удаление перевода с невалидным или несуществующим ID item."
"passed","Sat Sep 13 01:10:05 UTC 2025","Sat Sep 13 01:10:09 UTC 2025","3999","tests.catalog","test_create_admin_product","","","","test_create_admin_product_minimal_payload_variants[slug+mixed_named_categories]",""
"skipped","Sat Sep 13 01:10:38 UTC 2025","Sat Sep 13 01:10:38 UTC 2025","0","tests.catalog","test_create_admin_product","","","","test_create_product_duplicate_slug[mn]",""
"passed","Sat Sep 13 00:48:12 UTC 2025","Sat Sep 13 00:48:14 UTC 2025","1627","tests.admin_panel.categories","test_80_create_category_translation","","","","test_create_category_translation_success[de]","Позитивный тест: создание/обновление перевода категории для разных языков."
"passed","Sat Sep 13 00:57:19 UTC 2025","Sat Sep 13 00:57:20 UTC 2025","1032","tests.admin_panel.promo","test_74_update_promotion","","","","test_update_promotion_invalid_payload[payload4-400]","Негативный тест: обновление акции с невалидным или неполным телом запроса."
"passed","Sat Sep 13 01:39:36 UTC 2025","Sat Sep 13 01:39:39 UTC 2025","3034","tests.tickets","test_10_send_message_to_ticket","","","","test_send_message_role_permissions[authorize_client-authorize_client-200]","Проверка доступа к отправке сообщений в тикеты в зависимости от роли"
"skipped","Sat Sep 13 00:44:10 UTC 2025","Sat Sep 13 00:44:10 UTC 2025","0","tests.account","test_family_agreement_create_one","","","","test_create_family_agreement_one_positive[admin-payload0]","Позитивные тесты на создание семейного соглашения при отсутствующем втором партнере"
"passed","Sat Sep 13 01:29:06 UTC 2025","Sat Sep 13 01:29:06 UTC 2025","185","tests.tickets","test_01_get_tickets","","","","test_get_tickets_success[filter0-sort0-search2-pagination0-admin]","Позитивный тест: получение списка тикетов с разными комбинациями параметров"
"passed","Sat Sep 13 00:48:02 UTC 2025","Sat Sep 13 00:48:03 UTC 2025","666","tests.admin_panel.categories","test_79_get_category_translation","","","","test_get_category_translation_invalid_id[1.5]",""
"skipped","Sat Sep 13 01:06:48 UTC 2025","Sat Sep 13 01:06:48 UTC 2025","0","tests.auth","test_04_refresh","","","","test_refresh_token_success[client]","Тест успешного обновления токена через refresh-токен."
"passed","Sat Sep 13 01:39:02 UTC 2025","Sat Sep 13 01:39:03 UTC 2025","1507","tests.tickets","test_07_delete_ticket","","","","test_delete_ticket_positive","Позитивный тест: успешное удаление тикета"
"passed","Sat Sep 13 01:37:13 UTC 2025","Sat Sep 13 01:37:14 UTC 2025","1387","tests.tickets","test_04_create_ticket","","","","test_create_ticket_success[admin-attachments1-ReceivingDefectiveProductsOrShortage]","Позитивный тест: создание тикета с разными темами и вложениями для клиента, партнера и админа"
"passed","Sat Sep 13 01:31:15 UTC 2025","Sat Sep 13 01:31:16 UTC 2025","182","tests.tickets","test_01_get_tickets","","","","test_get_tickets_success[filter2-sort0-search2-pagination1-partner]","Позитивный тест: получение списка тикетов с разными комбинациями параметров"
"passed","Sat Sep 13 00:57:17 UTC 2025","Sat Sep 13 00:57:18 UTC 2025","1051","tests.admin_panel.promo","test_74_update_promotion","","","","test_update_promotion_invalid_payload[payload3-400]","Негативный тест: обновление акции с невалидным или неполным телом запроса."
"skipped","Sat Sep 13 01:38:15 UTC 2025","Sat Sep 13 01:38:15 UTC 2025","1","tests.tickets","test_04_create_ticket","","","","test_create_ticket_invalid_title[client-]","Негативный тест: создание тикета без заголовка"
"passed","Sat Sep 13 01:30:40 UTC 2025","Sat Sep 13 01:30:41 UTC 2025","188","tests.tickets","test_01_get_tickets","","","","test_get_tickets_success[filter1-sort1-search2-pagination0-admin]","Позитивный тест: получение списка тикетов с разными комбинациями параметров"
"passed","Sat Sep 13 01:33:38 UTC 2025","Sat Sep 13 01:33:39 UTC 2025","1357","tests.tickets","test_04_create_ticket","","","","test_create_ticket_success[client-attachments1-QuestionsAboutTheRewardSystemMarketingPlan]","Позитивный тест: создание тикета с разными темами и вложениями для клиента, партнера и админа"
"skipped","Sat Sep 13 01:27:31 UTC 2025","Sat Sep 13 01:27:31 UTC 2025","0","tests.stock","test_create_stock","","","","test_create_stock_with_empty_string_log_if_not_200[city.id]",""
"passed","Sat Sep 13 00:49:15 UTC 2025","Sat Sep 13 00:49:15 UTC 2025","357","tests.admin_panel.items","test_create_item","","","","test_create_item_forbidden[partner]","Негативный тест: создание варианта не-админом запрещено."
"passed","Sat Sep 13 01:14:31 UTC 2025","Sat Sep 13 01:14:32 UTC 2025","664","tests.catalog","test_update_admin_product","","","","test_update_admin_product_invalid_id[9999999]",""
"passed","Sat Sep 13 01:35:25 UTC 2025","Sat Sep 13 01:35:26 UTC 2025","1367","tests.tickets","test_04_create_ticket","","","","test_create_ticket_success[partner-attachments1-OtherQuestions]","Позитивный тест: создание тикета с разными темами и вложениями для клиента, партнера и админа"
"passed","Sat Sep 13 00:42:14 UTC 2025","Sat Sep 13 00:42:16 UTC 2025","1156","tests.PROJECT_FUND.initiatives","test_get_report_by_id","","","","test_get_report_by_valid_id[https://dev.ewahelps.com/api]","Позитивный тест: получение отчета по существующему ID"
"passed","Sat Sep 13 01:16:48 UTC 2025","Sat Sep 13 01:16:49 UTC 2025","162","tests.delivery","test_01_save_delivery_address","","","","test_save_delivery_address_negative[client-payload2-400]","Негативные тесты на сохранение адреса доставки"
"passed","Sat Sep 13 01:32:32 UTC 2025","Sat Sep 13 01:32:33 UTC 2025","1510","tests.tickets","test_02_get_ticket_by_id","","","","test_get_ticket_success[admin]","Позитивный тест: успешное получение тикета по ID для клиента, партнера и администратора."
"passed","Sat Sep 13 01:34:32 UTC 2025","Sat Sep 13 01:34:33 UTC 2025","624","tests.tickets","test_04_create_ticket","","","","test_create_ticket_success[partner-attachments0-QuestionsAboutPaymentsToIP]","Позитивный тест: создание тикета с разными темами и вложениями для клиента, партнера и админа"
"passed","Sat Sep 13 00:42:10 UTC 2025","Sat Sep 13 00:42:11 UTC 2025","467","tests.PROJECT_FUND.initiatives","test_get_initiative_by_id","","","","test_get_initiative_by_invalid_id[-https://dev.ewahelps.com/api]",""
"passed","Sat Sep 13 01:19:28 UTC 2025","Sat Sep 13 01:19:34 UTC 2025","6525","tests.integration","test_bonus_transfer_round_trip","","","","test_funds_transfer_round_trip_bonus_and_gift",""
"passed","Sat Sep 13 01:18:16 UTC 2025","Sat Sep 13 01:18:17 UTC 2025","159","tests.delivery","test_02_get_delivery_address","","","","test_get_delivery_addresses_invalid_pagination[invalid_pagination2-partner]","Негатив: некорректные параметры пагинации"
"passed","Sat Sep 13 00:54:47 UTC 2025","Sat Sep 13 00:54:47 UTC 2025","462","tests.admin_panel.products","test_43_delete_product_brand","","","","test_delete_product_brand_unauthorized","Негативный тест: попытка удаления бренда без авторизации."
"passed","Sat Sep 13 01:06:11 UTC 2025","Sat Sep 13 01:06:12 UTC 2025","439","tests.auth","test_01_check_version","","","","test_check_version[Frontend-3.0.0-200]","Тест проверяет API /check_version для разных платформ и версий."
"passed","Sat Sep 13 01:36:19 UTC 2025","Sat Sep 13 01:36:19 UTC 2025","616","tests.tickets","test_04_create_ticket","","","","test_create_ticket_success[admin-attachments0-QuestionsAboutTheHousingAndCarProgram]","Позитивный тест: создание тикета с разными темами и вложениями для клиента, партнера и админа"
"skipped","Sat Sep 13 00:43:01 UTC 2025","Sat Sep 13 00:43:01 UTC 2025","0","tests.account","test_0_marathon","","","","test_create_product_brand_invalid_payload[params4-400-admin]",""
"passed","Sat Sep 13 01:09:11 UTC 2025","Sat Sep 13 01:09:11 UTC 2025","152","tests.cart","test_user_locale","","","","test_update_user_locale_valid_payload_1[partner-payload8]","
    Позитивный тест: Обновление языка/склада/локали авторизованным пользователем."
"passed","Sat Sep 13 01:00:43 UTC 2025","Sat Sep 13 01:00:44 UTC 2025","987","tests.admin_panel.sliders","test_54_update_slider","","","","test_update_slider_invalid_payload[payload9-400]","Негативный тест: обновление слайдера с невалидным или неполным телом запроса."
"passed","Sat Sep 13 01:25:37 UTC 2025","Sat Sep 13 01:25:37 UTC 2025","167","tests.statistic","test_team_go","","","","test_get_team_go_statistic_positive[payload1-admin]","Позитивный тест: получение статистики по команде с валидным телом запроса"
"skipped","Sat Sep 13 00:43:01 UTC 2025","Sat Sep 13 00:43:01 UTC 2025","0","tests.account","test_0_marathon","","","","test_create_product_brand_invalid_payload[params5-400-partner]",""
"skipped","Sat Sep 13 00:44:10 UTC 2025","Sat Sep 13 00:44:10 UTC 2025","0","tests.account","test_get_default_stock","","","","test_get_default_stock_positive[client]","Позитивные тесты на получение дефолтного склада"
"passed","Sat Sep 13 00:48:06 UTC 2025","Sat Sep 13 00:48:06 UTC 2025","466","tests.admin_panel.categories","test_79_get_category_translation","","","","test_get_category_translation_unauthorized",""
"passed","Sat Sep 13 01:12:56 UTC 2025","Sat Sep 13 01:12:56 UTC 2025","641","tests.catalog","test_delete_admin_product_translation","","","","test_delete_admin_product_translation_invalid_id[abc]","Удаление перевода по невалидному product_id — должно вернуть 400 или 404."
"passed","Sat Sep 13 01:31:22 UTC 2025","Sat Sep 13 01:31:23 UTC 2025","184","tests.tickets","test_01_get_tickets","","","","test_get_tickets_success[filter2-sort1-search0-pagination0-admin]","Позитивный тест: получение списка тикетов с разными комбинациями параметров"
"passed","Sat Sep 13 01:08:24 UTC 2025","Sat Sep 13 01:08:24 UTC 2025","152","tests.cart","test_get_delivery_cost","","","","test_get_delivery_cost_invalid_payload[partner-payload6]","Негативный тест: некорректные входные данные"
"passed","Sat Sep 13 01:00:47 UTC 2025","Sat Sep 13 01:00:48 UTC 2025","1066","tests.admin_panel.sliders","test_54_update_slider","","","","test_update_slider_invalid_payload[payload11-422]","Негативный тест: обновление слайдера с невалидным или неполным телом запроса."
"passed","Sat Sep 13 00:45:03 UTC 2025","Sat Sep 13 00:45:04 UTC 2025","697","tests.admin_panel","test_report_accruals","","","","test_report_accruals_invalid_payload[payload0-400]",""
"passed","Sat Sep 13 00:56:45 UTC 2025","Sat Sep 13 00:56:46 UTC 2025","658","tests.admin_panel.promo","test_73_get_promotion_by_id","","","","test_get_promotion_invalid_id[None]","Негативный тест: получение акции по невалидному ID."
"passed","Sat Sep 13 00:57:46 UTC 2025","Sat Sep 13 00:57:47 UTC 2025","664","tests.admin_panel.promo","test_75_delete_promotion_by_id","","","","test_delete_promotion_invalid_id[-1]","Негативный тест: удаление несуществующей или некорректной акции."
"passed","Sat Sep 13 01:22:28 UTC 2025","Sat Sep 13 01:22:29 UTC 2025","440","tests.one_c","test_create_1c_stock","","","","test_post_bad_request_or_unprocessable[<lambda>4]",""
"passed","Sat Sep 13 01:00:51 UTC 2025","Sat Sep 13 01:00:52 UTC 2025","1184","tests.admin_panel.sliders","test_55_delete_sliders","","","","test_delete_slider_success","Позитивный тест: успешное удаление слайдера."
"passed","Sat Sep 13 00:43:32 UTC 2025","Sat Sep 13 00:43:32 UTC 2025","159","tests.account","test_0_users_by_lo_rating","","","","test_get_users_by_lo_rating_positive[admin]","Позитивные тесты на получение рейтинга продавцов по личному объему"
"skipped","Sat Sep 13 01:27:31 UTC 2025","Sat Sep 13 01:27:31 UTC 2025","0","tests.stock","test_create_stock","","","","test_create_stock_with_empty_string_log_if_not_200[is_office_entry_enabled]",""
"passed","Sat Sep 13 01:21:50 UTC 2025","Sat Sep 13 01:21:51 UTC 2025","1414","tests.one_c","test_create_1c_stock","","","","test_post_timezone_return_id_and_consistency",""
"passed","Sat Sep 13 01:13:06 UTC 2025","Sat Sep 13 01:13:12 UTC 2025","5587","tests.catalog","test_get_admin_product_translation","","","","test_get_admin_product_two_translations_success","Проверка получения двух переводов продукта (ru, en)."
"passed","Sat Sep 13 01:21:44 UTC 2025","Sat Sep 13 01:21:46 UTC 2025","1715","tests.one_c","test_create_1c_stock","","","","test_post_idempotent_update_same_payload",""
"skipped","Sat Sep 13 00:52:12 UTC 2025","Sat Sep 13 00:52:12 UTC 2025","0","tests.admin_panel.products","test_01_create_product_group","","","","test_create_product_group_unauthorized","Негативный тест: создание продукт группы без авторизации."
"passed","Sat Sep 13 01:08:09 UTC 2025","Sat Sep 13 01:08:10 UTC 2025","155","tests.cart","test_get_delivery_cost","","","","test_get_delivery_cost_invalid_payload[client-payload5]","Негативный тест: некорректные входные данные"
"passed","Sat Sep 13 00:57:02 UTC 2025","Sat Sep 13 00:57:03 UTC 2025","1029","tests.admin_panel.promo","test_74_update_promotion","","","","test_update_promotion_forbidden[partner]","Негативный тест: попытка обновления акции не-админом."
"passed","Sat Sep 13 01:10:34 UTC 2025","Sat Sep 13 01:10:35 UTC 2025","852","tests.catalog","test_create_admin_product","","","","test_create_product_invalid_payload[payload8-422]",""
"passed","Sat Sep 13 00:45:52 UTC 2025","Sat Sep 13 00:45:53 UTC 2025","674","tests.admin_panel.categories","test_49_delete_category","","","","test_delete_category_invalid_id[9999999]","Негативный тест: удаление несуществующей или некорректной категории."
"passed","Sat Sep 13 01:35:48 UTC 2025","Sat Sep 13 01:35:49 UTC 2025","1238","tests.tickets","test_04_create_ticket","","","","test_create_ticket_success[partner-attachments2-QuestionsAboutInternationalDelivery]","Позитивный тест: создание тикета с разными темами и вложениями для клиента, партнера и админа"
"passed","Sat Sep 13 00:57:48 UTC 2025","Sat Sep 13 00:57:49 UTC 2025","675","tests.admin_panel.promo","test_75_delete_promotion_by_id","","","","test_delete_promotion_invalid_id[0]","Негативный тест: удаление несуществующей или некорректной акции."
"passed","Sat Sep 13 01:08:59 UTC 2025","Sat Sep 13 01:09:00 UTC 2025","456","tests.cart","test_user_locale","","","","test_update_user_locale_valid_payload_1[partner-payload2]","
    Позитивный тест: Обновление языка/склада/локали авторизованным пользователем."
"passed","Sat Sep 13 01:01:07 UTC 2025","Sat Sep 13 01:01:09 UTC 2025","2395","tests.admin_panel.slides","test_0_slides_sort","","","","test_slides_sort_success","Позитивный тест: успешная сортировка слайдов в слайдере."
"skipped","Sat Sep 13 00:44:48 UTC 2025","Sat Sep 13 00:44:49 UTC 2025","666","tests.admin_panel","test_accrue_auto_bonus","","","","test_accrue_auto_bonus_invalid_payload[payload1-400]",""
"passed","Sat Sep 13 00:54:55 UTC 2025","Sat Sep 13 00:54:56 UTC 2025","667","tests.admin_panel.products","test_43_delete_product_brand","","","","test_delete_product_brand_invalid_id[0]","Негативный тест: удаление несуществующего или некорректного бренда."
"passed","Sat Sep 13 00:59:39 UTC 2025","Sat Sep 13 00:59:40 UTC 2025","680","tests.admin_panel.sliders","test_52_create_slider","","","","test_create_slider_invalid_payload[payload10-422]","Негативный тест: попытка создать слайдер с невалидным payload."
"passed","Sat Sep 13 01:29:22 UTC 2025","Sat Sep 13 01:29:22 UTC 2025","185","tests.tickets","test_01_get_tickets","","","","test_get_tickets_success[filter0-sort1-search0-pagination1-admin]","Позитивный тест: получение списка тикетов с разными комбинациями параметров"
"passed","Sat Sep 13 01:33:01 UTC 2025","Sat Sep 13 01:33:02 UTC 2025","629","tests.tickets","test_04_create_ticket","","","","test_create_ticket_success[client-attachments0-QuestionsAboutTheMarriageContract]","Позитивный тест: создание тикета с разными темами и вложениями для клиента, партнера и админа"
"skipped","Sat Sep 13 01:28:22 UTC 2025","Sat Sep 13 01:28:22 UTC 2025","0","tests.stock","test_update_stock","","","","test_update_stock_invalid_id[-1]",""
"passed","Sat Sep 13 01:26:29 UTC 2025","Sat Sep 13 01:26:29 UTC 2025","163","tests.statistic","test_team_registrations","","","","test_get_team_registration_statistic_positive[payload0-admin]","Позитивный тест: получение статистики по регистрации команды с валидным телом запроса"
"passed","Sat Sep 13 00:47:02 UTC 2025","Sat Sep 13 00:47:03 UTC 2025","687","tests.admin_panel.categories","test_56_v2_create_category","","","","test_v2_create_category_invalid_payload[payload2-expected_code2]","Негативный тест: создание категории с невалидным телом запроса."
"skipped","Sat Sep 13 00:52:12 UTC 2025","Sat Sep 13 00:52:12 UTC 2025","0","tests.admin_panel.products","test_01_delete_product_group","","","","test_delete_product_group_unauthorized","Негативный тест: попытка удаления продукт группы без авторизации."
"passed","Sat Sep 13 01:24:26 UTC 2025","Sat Sep 13 01:24:26 UTC 2025","175","tests.statistic","test_0_dashboard","","","","test_get_dashboard_statistic[client]","Позитивный тест: получение статистики для дашборда ""прирост или убыль в числовом виде"
"skipped","Sat Sep 13 00:44:10 UTC 2025","Sat Sep 13 00:44:10 UTC 2025","0","tests.account","test_history_personal_volumes","","","","test_get_personal_volumes_history_positive[admin-payload0]","Позитивные тесты на получение истории начисления личных объемов"
"passed","Sat Sep 13 01:28:31 UTC 2025","Sat Sep 13 01:28:32 UTC 2025","460","tests.temporary","test_get_account_exist","","","","test_account_exist[-1-400]",""
"passed","Sat Sep 13 00:56:58 UTC 2025","Sat Sep 13 00:56:58 UTC 2025","466","tests.admin_panel.promo","test_74_update_promotion","","","","test_update_promotion_unauthorized","Негативный тест: попытка обновления акции без авторизации."
"passed","Sat Sep 13 01:35:10 UTC 2025","Sat Sep 13 01:35:11 UTC 2025","1354","tests.tickets","test_04_create_ticket","","","","test_create_ticket_success[partner-attachments1-QuestionsAboutInternationalDelivery]","Позитивный тест: создание тикета с разными темами и вложениями для клиента, партнера и админа"
"passed","Sat Sep 13 01:02:49 UTC 2025","Sat Sep 13 01:02:49 UTC 2025","675","tests.admin_panel.slides","test_58_get_slides_by_id","","","","test_get_slides_invalid_id[0]","Негативный тест: невалидный ID в path-параметре."
"passed","Sat Sep 13 00:43:44 UTC 2025","Sat Sep 13 00:43:45 UTC 2025","1025","tests.account","test_add_cover_url","","","","test_add_cover_min_payload[partner]",""
"skipped","Sat Sep 13 01:27:31 UTC 2025","Sat Sep 13 01:27:31 UTC 2025","0","tests.stock","test_create_stock","","","","test_create_stock_with_empty_string_log_if_not_200[delivery_restrictions]",""
"passed","Sat Sep 13 01:10:19 UTC 2025","Sat Sep 13 01:10:20 UTC 2025","840","tests.catalog","test_create_admin_product","","","","test_create_product_invalid_payload[payload0-400]",""
"passed","Sat Sep 13 00:58:32 UTC 2025","Sat Sep 13 00:58:33 UTC 2025","1020","tests.admin_panel.promo","test_77_create_promotion_item","","","","test_create_promotion_item_invalid_payload[payload6-422]",""
"skipped","Sat Sep 13 01:06:51 UTC 2025","Sat Sep 13 01:06:51 UTC 2025","0","tests.auth","test_04_refresh","","","","test_refresh_token_success[admin]","Тест успешного обновления токена через refresh-токен."
"skipped","Sat Sep 13 00:44:10 UTC 2025","Sat Sep 13 00:44:10 UTC 2025","0","tests.account","test_get_languages","","","","test_get_languages_success[partner-unknown-400]","Возвращает список языков, доступных для перевода"
"passed","Sat Sep 13 01:31:54 UTC 2025","Sat Sep 13 01:31:54 UTC 2025","173","tests.tickets","test_01_get_tickets","","","","test_get_tickets_invalid_pagination[invalid_pagination0-client]","Негативный тест: передаем некорректные значения в pagination"
"passed","Sat Sep 13 01:02:57 UTC 2025","Sat Sep 13 01:02:58 UTC 2025","465","tests.admin_panel.slides","test_58_get_slides_by_id","","","","test_get_slides_unauthorized","Негативный тест: попытка получения слайда без авторизации."
"passed","Sat Sep 13 01:04:32 UTC 2025","Sat Sep 13 01:04:34 UTC 2025","1214","tests.admin_panel.slides","test_61_upload_slides_images","","","","test_upload_slide_images_invalid_format[invalid.exe-application/octet-stream-400]","Негативный и позитивный тест: загрузка изображений в разных форматах."
"passed","Sat Sep 13 01:03:48 UTC 2025","Sat Sep 13 01:03:49 UTC 2025","1038","tests.admin_panel.slides","test_59_update_slide","","","","test_update_slide_invalid_payload[payload16-422]","Негативный тест: обновление слайда с невалидным или неполным телом запроса."
"passed","Sat Sep 13 01:36:34 UTC 2025","Sat Sep 13 01:36:34 UTC 2025","591","tests.tickets","test_04_create_ticket","","","","test_create_ticket_success[admin-attachments0-OtherQuestions]","Позитивный тест: создание тикета с разными темами и вложениями для клиента, партнера и админа"
"passed","Sat Sep 13 01:37:57 UTC 2025","Sat Sep 13 01:37:57 UTC 2025","158","tests.tickets","test_04_create_ticket","","","","test_create_ticket_invalid_request_type[client-invalid_request_type-400]","Негативный тест: попытка создания тикета с неверным типом request_type"
"passed","Sat Sep 13 01:30:14 UTC 2025","Sat Sep 13 01:30:14 UTC 2025","188","tests.tickets","test_01_get_tickets","","","","test_get_tickets_success[filter1-sort0-search2-pagination1-admin]","Позитивный тест: получение списка тикетов с разными комбинациями параметров"
"skipped","Sat Sep 13 01:27:31 UTC 2025","Sat Sep 13 01:27:31 UTC 2025","0","tests.stock","test_create_stock","","","","test_create_stock_with_empty_string_log_if_not_200[delivery_restrictions.stock_id]",""
"passed","Sat Sep 13 01:31:47 UTC 2025","Sat Sep 13 01:31:47 UTC 2025","180","tests.tickets","test_01_get_tickets","","","","test_get_tickets_success[filter2-sort1-search2-pagination1-partner]","Позитивный тест: получение списка тикетов с разными комбинациями параметров"
"passed","Sat Sep 13 01:34:07 UTC 2025","Sat Sep 13 01:34:08 UTC 2025","1167","tests.tickets","test_04_create_ticket","","","","test_create_ticket_success[client-attachments2-QuestionsAboutProducts]","Позитивный тест: создание тикета с разными темами и вложениями для клиента, партнера и админа"
"passed","Sat Sep 13 00:52:05 UTC 2025","Sat Sep 13 00:52:07 UTC 2025","1582","tests.admin_panel.items","test_update_item","","","","test_update_item_invalid_payload[payload5-422]","Негативный тест: обновление item с невалидным или неполным телом запроса."
"passed","Sat Sep 13 01:37:07 UTC 2025","Sat Sep 13 01:37:08 UTC 2025","1326","tests.tickets","test_04_create_ticket","","","","test_create_ticket_success[admin-attachments1-OtherQuestions]","Позитивный тест: создание тикета с разными темами и вложениями для клиента, партнера и админа"
"skipped","Sat Sep 13 01:23:22 UTC 2025","Sat Sep 13 01:23:22 UTC 2025","141","tests.orders","test_group_order_change_country","","","","test_change_country_invalid_data[invalid_payload1-partner]","Негативные тесты: передача некорректных данных"
"passed","Sat Sep 13 01:22:38 UTC 2025","Sat Sep 13 01:22:39 UTC 2025","477","tests.one_c","test_create_1c_stock","","","","test_post_bad_request_or_unprocessable[<lambda>11]",""
"passed","Sat Sep 13 01:12:26 UTC 2025","Sat Sep 13 01:12:32 UTC 2025","5540","tests.catalog","test_delete_admin_product_translation","","","","test_delete_admin_product_translation_success","Удаление одного из переводов продукта (успешный сценарий)."
"passed","Sat Sep 13 01:39:07 UTC 2025","Sat Sep 13 01:39:08 UTC 2025","764","tests.tickets","test_07_delete_ticket","","","","test_delete_ticket_not_admin[partner]","Негативный тест: попытка удаления тикета клиентом, партнёром"
"passed","Sat Sep 13 01:17:23 UTC 2025","Sat Sep 13 01:17:23 UTC 2025","159","tests.delivery","test_01_save_delivery_address","","","","test_save_delivery_address_negative[admin-payload2-400]","Негативные тесты на сохранение адреса доставки"
"passed","Sat Sep 13 01:29:18 UTC 2025","Sat Sep 13 01:29:18 UTC 2025","183","tests.tickets","test_01_get_tickets","","","","test_get_tickets_success[filter0-sort1-search0-pagination1-client]","Позитивный тест: получение списка тикетов с разными комбинациями параметров"
"passed","Sat Sep 13 00:48:50 UTC 2025","Sat Sep 13 00:48:52 UTC 2025","2021","tests.admin_panel.categories","test_81_delete_category_translation","","","","test_delete_category_translation_success","Позитивный тест: удаление одного из двух переводов категории."
"skipped","Sat Sep 13 00:42:35 UTC 2025","Sat Sep 13 00:42:36 UTC 2025","875","tests.PROJECT_FUND.initiatives","test_get_reports","","","","test_get_reports_invalid_query_params[query1-https://dev.ewahelps.com/api]","Негативный тест: запрос с некорректными query-параметрами"
"passed","Sat Sep 13 00:59:46 UTC 2025","Sat Sep 13 00:59:47 UTC 2025","1073","tests.admin_panel.sliders","test_53_get_sliders_by_id","","","","test_get_sliders_by_id_success","Позитивный тест: успешное получение слайдера по ID админом"
"passed","Sat Sep 13 01:34:37 UTC 2025","Sat Sep 13 01:34:37 UTC 2025","607","tests.tickets","test_04_create_ticket","","","","test_create_ticket_success[partner-attachments0-QuestionsAboutOrders]","Позитивный тест: создание тикета с разными темами и вложениями для клиента, партнера и админа"
"passed","Sat Sep 13 01:07:31 UTC 2025","Sat Sep 13 01:07:34 UTC 2025","2337","tests.cart","test_get_delivery_cost","","","","test_get_delivery_cost_success_partial_payload[client-payload3-200]","Позитивный тест: успешное получение ТК при неполном наборе (город без региона, без ID и т.п.)"
"skipped","Sat Sep 13 01:27:31 UTC 2025","Sat Sep 13 01:27:31 UTC 2025","0","tests.stock","test_create_stock","","","","test_create_stock_with_empty_string_log_if_not_200[city.country]",""
"passed","Sat Sep 13 01:11:57 UTC 2025","Sat Sep 13 01:12:02 UTC 2025","4957","tests.catalog","test_create_admin_product_translation","","","","test_create_admin_product_translation_forbidden[partner]","Проверка запрета на создание перевода продукта не-админом."
"passed","Sat Sep 13 01:31:14 UTC 2025","Sat Sep 13 01:31:14 UTC 2025","183","tests.tickets","test_01_get_tickets","","","","test_get_tickets_success[filter2-sort0-search2-pagination1-client]","Позитивный тест: получение списка тикетов с разными комбинациями параметров"
"skipped","Sat Sep 13 00:44:10 UTC 2025","Sat Sep 13 00:44:10 UTC 2025","0","tests.account","test_funds_transfer_send","","","","test_send_funds_transfer_positive[client-payload0]","Позитивные тесты на перевод/вывод средств по visibleId"
"skipped","Sat Sep 13 00:44:10 UTC 2025","Sat Sep 13 00:44:10 UTC 2025","0","tests.account","test_get_default_stock","","","","test_get_default_stock_positive[partner]","Позитивные тесты на получение дефолтного склада"
"passed","Sat Sep 13 01:25:08 UTC 2025","Sat Sep 13 01:25:08 UTC 2025","153","tests.statistic","test_team_activations","","","","test_get_team_activation_statistic_negative[payload3-client]","Негативный тест: ошибка при получении статистики активации команды с невалидным телом запроса"
"passed","Sat Sep 13 01:01:49 UTC 2025","Sat Sep 13 01:01:49 UTC 2025","645","tests.admin_panel.slides","test_57_create_slide","","","","test_create_slide_invalid_payload[payload2-expected_code2]","Негативные тесты: некорректные и неполные payload'ы."
"passed","Sat Sep 13 01:11:18 UTC 2025","Sat Sep 13 01:11:24 UTC 2025","5590","tests.catalog","test_create_admin_product_translation","","","","test_create_admin_product_translation_success[ky]","Создание и обновление перевода продукта на разных языках."
"passed","Sat Sep 13 00:44:00 UTC 2025","Sat Sep 13 00:44:01 UTC 2025","1530","tests.account","test_delete_cover_url","","","","test_delete_cover_full_payload[client]",""
"skipped","Sat Sep 13 01:27:31 UTC 2025","Sat Sep 13 01:27:31 UTC 2025","0","tests.stock","test_create_stock","","","","test_create_stock_with_empty_string_log_if_not_200[address.apartment]",""
"passed","Sat Sep 13 01:28:48 UTC 2025","Sat Sep 13 01:28:48 UTC 2025","180","tests.tickets","test_01_get_tickets","","","","test_get_tickets_success[filter0-sort0-search0-pagination1-partner]","Позитивный тест: получение списка тикетов с разными комбинациями параметров"
"passed","Sat Sep 13 01:00:45 UTC 2025","Sat Sep 13 01:00:46 UTC 2025","1050","tests.admin_panel.sliders","test_54_update_slider","","","","test_update_slider_invalid_payload[payload10-422]","Негативный тест: обновление слайдера с невалидным или неполным телом запроса."
"passed","Sat Sep 13 01:06:59 UTC 2025","Sat Sep 13 01:07:00 UTC 2025","227","tests.auth","test_05_logout","","","","test_logout_success[admin]","Тест разлогинивания с валидным токеном (клиент, партнёр, админ)"
"passed","Sat Sep 13 00:51:23 UTC 2025","Sat Sep 13 00:51:26 UTC 2025","2791","tests.admin_panel.items","test_update_item","","","","test_update_item_article_should_fail_if_not_unique","Негативный тест: попытка обновить article на уже существующий."
"passed","Sat Sep 13 00:47:29 UTC 2025","Sat Sep 13 00:47:30 UTC 2025","642","tests.admin_panel.categories","test_57_v2_update_category","","","","test_v2_update_category_invalid_id[abc]","Негативный тест: несуществующий или некорректный ID."
"skipped","Sat Sep 13 01:28:17 UTC 2025","Sat Sep 13 01:28:17 UTC 2025","334","tests.stock","test_get_stocks","","","","test_get_stocks_invalid_country_id[0-admin]","Проверка получения складов по невалидному country_id"
"passed","Sat Sep 13 01:31:08 UTC 2025","Sat Sep 13 01:31:09 UTC 2025","180","tests.tickets","test_01_get_tickets","","","","test_get_tickets_success[filter2-sort0-search2-pagination0-client]","Позитивный тест: получение списка тикетов с разными комбинациями параметров"
"passed","Sat Sep 13 00:42:20 UTC 2025","Sat Sep 13 00:42:21 UTC 2025","460","tests.PROJECT_FUND.initiatives","test_get_report_by_id","","","","test_get_report_by_invalid_id[0-https://dev.ewahelps.com/api]","Негативный тест: невалидный или несуществующий path-параметр"
"passed","Sat Sep 13 00:51:16 UTC 2025","Sat Sep 13 00:51:17 UTC 2025","702","tests.admin_panel.items","test_get_item_translation","","","","test_get_item_translation_invalid_id[0]",""
"skipped","Sat Sep 13 01:27:31 UTC 2025","Sat Sep 13 01:27:31 UTC 2025","0","tests.stock","test_create_stock","","","","test_create_stock_with_empty_string_log_if_not_200[is_yandex_delivery]",""
"skipped","Sat Sep 13 01:38:45 UTC 2025","Sat Sep 13 01:38:47 UTC 2025","1351","tests.tickets","test_06_close_ticket","","","","test_close_tickets_negative[client-None-400]","Негативные тесты: закрытие с некорректными данными"
"passed","Sat Sep 13 01:00:24 UTC 2025","Sat Sep 13 01:00:25 UTC 2025","1088","tests.admin_panel.sliders","test_54_update_slider","","","","test_update_slider_invalid_payload[payload0-expected_code0]","Негативный тест: обновление слайдера с невалидным или неполным телом запроса."
"skipped","Sat Sep 13 01:19:18 UTC 2025","Sat Sep 13 01:19:19 UTC 2025","611","tests.fund","test_get_top_donors","","","","test_get_top_donors_invalid_params[invalid_param0-https://dev.ewahelps.com/api]","Негатив: неверные параметры должны дать 400 (при рабочем маршруте)."
"passed","Sat Sep 13 00:51:14 UTC 2025","Sat Sep 13 00:51:15 UTC 2025","648","tests.admin_panel.items","test_get_item_translation","","","","test_get_item_translation_invalid_id[-1]",""
"skipped","Sat Sep 13 00:44:10 UTC 2025","Sat Sep 13 00:44:10 UTC 2025","0","tests.account","test_history_personal_volumes_admin","","","","test_get_personal_volumes_history_admin_positive[admin-payload0]","Позитивные тесты на получение истории начисления личных объемов для админа"
"passed","Sat Sep 13 01:06:46 UTC 2025","Sat Sep 13 01:06:47 UTC 2025","465","tests.auth","test_03_token_auth","","","","test_auth_without_token","Тест авторизации без передачи токена"
"passed","Sat Sep 13 00:46:17 UTC 2025","Sat Sep 13 00:46:19 UTC 2025","1067","tests.admin_panel.categories","test_50_upload_category_images","","","","test_upload_category_images_invalid_format[invalid.docx-application/vnd.openxmlformats-officedocument.wordprocessingml.document-400]","Негативный тест: загрузка изображений в неверном формате (например, .txt)."
"passed","Sat Sep 13 01:09:52 UTC 2025","Sat Sep 13 01:09:56 UTC 2025","4025","tests.catalog","test_create_admin_product","","","","test_create_admin_product_minimal_payload_variants[slug+category_ids]",""
"passed","Sat Sep 13 01:33:44 UTC 2025","Sat Sep 13 01:33:45 UTC 2025","1431","tests.tickets","test_04_create_ticket","","","","test_create_ticket_success[client-attachments1-ChangePersonalData]","Позитивный тест: создание тикета с разными темами и вложениями для клиента, партнера и админа"
"skipped","Sat Sep 13 01:27:29 UTC 2025","Sat Sep 13 01:27:30 UTC 2025","677","tests.stock","test_create_stock","","","","test_create_stock_duplicate_id_1c_fails",""
"skipped","Sat Sep 13 01:27:31 UTC 2025","Sat Sep 13 01:27:31 UTC 2025","0","tests.stock","test_create_stock","","","","test_create_stock_with_empty_string_log_if_not_200[address.country_id]",""
"skipped","Sat Sep 13 01:23:42 UTC 2025","Sat Sep 13 01:23:42 UTC 2025","176","tests.register","test_01_register_form","","","","test_register_form_negative[client-payload0-400]",""
"skipped","Sat Sep 13 00:44:55 UTC 2025","Sat Sep 13 00:44:55 UTC 2025","0","tests.admin_panel","test_accrue_presidential_pool","","","","test_accrue_presidential_pool_forbidden[partner]",""
"passed","Sat Sep 13 00:57:06 UTC 2025","Sat Sep 13 00:57:07 UTC 2025","643","tests.admin_panel.promo","test_74_update_promotion","","","","test_update_promotion_invalid_id[0]","Негативный тест: несуществующий или некорректный ID."
"passed","Sat Sep 13 01:32:19 UTC 2025","Sat Sep 13 01:32:19 UTC 2025","153","tests.tickets","test_01_get_tickets","","","","test_get_tickets_invalid_filter[invalid_filter2-400-client]","Негативный тест: передаем некорректные параметры фильтрации"
"passed","Sat Sep 13 01:35:13 UTC 2025","Sat Sep 13 01:35:14 UTC 2025","1349","tests.tickets","test_04_create_ticket","","","","test_create_ticket_success[partner-attachments1-QuestionsAboutProducts]","Позитивный тест: создание тикета с разными темами и вложениями для клиента, партнера и админа"
"passed","Sat Sep 13 01:31:33 UTC 2025","Sat Sep 13 01:31:33 UTC 2025","185","tests.tickets","test_01_get_tickets","","","","test_get_tickets_success[filter2-sort1-search1-pagination0-admin]","Позитивный тест: получение списка тикетов с разными комбинациями параметров"
"passed","Sat Sep 13 01:06:52 UTC 2025","Sat Sep 13 01:06:53 UTC 2025","453","tests.auth","test_04_refresh","","","","test_refresh_token_invalid","Тест обновления токена с недействительным refresh-токеном."
"skipped","Sat Sep 13 01:27:31 UTC 2025","Sat Sep 13 01:27:31 UTC 2025","0","tests.stock","test_create_stock","","","","test_create_stock_with_empty_string_log_if_not_200[address.intercom]",""
"passed","Sat Sep 13 01:04:07 UTC 2025","Sat Sep 13 01:04:08 UTC 2025","1073","tests.admin_panel.slides","test_60_delete_slides","","","","test_delete_slide_forbidden[partner]","Негативный тест: попытка удаления слайда не-админом."
"skipped","Sat Sep 13 01:27:31 UTC 2025","Sat Sep 13 01:27:31 UTC 2025","0","tests.stock","test_create_stock","","","","test_create_stock_with_empty_string_log_if_not_200[timezone.dst_end]",""
"passed","Sat Sep 13 01:06:17 UTC 2025","Sat Sep 13 01:06:17 UTC 2025","458","tests.auth","test_01_check_version","","","","test_check_version[-1.0.0-400]","Тест проверяет API /check_version для разных платформ и версий."
"skipped","Sat Sep 13 00:43:59 UTC 2025","Sat Sep 13 00:43:59 UTC 2025","0","tests.account","test_delete_avatar","","","","test_delete_avatar_positive[partner]","Позитивные тесты на удаление аватара"
"passed","Sat Sep 13 01:33:17 UTC 2025","Sat Sep 13 01:33:18 UTC 2025","1371","tests.tickets","test_04_create_ticket","","","","test_create_ticket_success[client-attachments1-QuestionsAboutPaymentsToIP]","Позитивный тест: создание тикета с разными темами и вложениями для клиента, партнера и админа"
"skipped","Sat Sep 13 01:27:31 UTC 2025","Sat Sep 13 01:27:31 UTC 2025","0","tests.stock","test_create_stock","","","","test_create_stock_with_empty_string_log_if_not_200[timezone.name]",""
"passed","Sat Sep 13 00:58:30 UTC 2025","Sat Sep 13 00:58:31 UTC 2025","1069","tests.admin_panel.promo","test_77_create_promotion_item","","","","test_create_promotion_item_invalid_payload[payload5-422]",""
"passed","Sat Sep 13 01:16:47 UTC 2025","Sat Sep 13 01:16:47 UTC 2025","157","tests.delivery","test_01_save_delivery_address","","","","test_save_delivery_address_negative[client-payload1-400]","Негативные тесты на сохранение адреса доставки"
"passed","Sat Sep 13 01:24:15 UTC 2025","Sat Sep 13 01:24:15 UTC 2025","158","tests.register","test_03_register_client","","","","test_register_client_positive[client-403]","Тест: позитивные тесты для регистрации клиента вручную"
"passed","Sat Sep 13 00:48:07 UTC 2025","Sat Sep 13 00:48:09 UTC 2025","1573","tests.admin_panel.categories","test_80_create_category_translation","","","","test_create_category_translation_success[ru]","Позитивный тест: создание/обновление перевода категории для разных языков."
"passed","Sat Sep 13 01:13:23 UTC 2025","Sat Sep 13 01:13:28 UTC 2025","5168","tests.catalog","test_get_admin_product_translation","","","","test_get_admin_product_translation_forbidden[partner]","Запрет получения переводов для клиента/партнёра."
"passed","Sat Sep 13 00:43:41 UTC 2025","Sat Sep 13 00:43:42 UTC 2025","1022","tests.account","test_add_cover_url","","","","test_add_cover_min_payload[client]",""
"passed","Sat Sep 13 00:53:19 UTC 2025","Sat Sep 13 00:53:19 UTC 2025","157","tests.admin_panel.products","test_40_create_product_brand","","","","test_create_product_brand_forbidden[client]","Негативный тест: создание бренда не-админом запрещено."
"skipped","Sat Sep 13 00:44:10 UTC 2025","Sat Sep 13 00:44:10 UTC 2025","0","tests.account","test_funds_transfer_list","","","","test_get_funds_transfer_list_positive[admin-payload1]","Позитивные тесты на получение истории переводов/выводов средств"
"passed","Sat Sep 13 01:29:55 UTC 2025","Sat Sep 13 01:29:55 UTC 2025","186","tests.tickets","test_01_get_tickets","","","","test_get_tickets_success[filter1-sort0-search1-pagination0-client]","Позитивный тест: получение списка тикетов с разными комбинациями параметров"
"passed","Sat Sep 13 00:47:37 UTC 2025","Sat Sep 13 00:47:38 UTC 2025","1039","tests.admin_panel.categories","test_57_v2_update_category","","","","test_v2_update_category_invalid_payload[payload3-400]","Негативный тест: обновление категории с невалидным или неполным телом запроса."
"passed","Sat Sep 13 00:57:35 UTC 2025","Sat Sep 13 00:57:37 UTC 2025","1092","tests.admin_panel.promo","test_74_update_promotion","","","","test_update_promotion_invalid_payload[payload12-422]","Негативный тест: обновление акции с невалидным или неполным телом запроса."
"passed","Sat Sep 13 01:34:54 UTC 2025","Sat Sep 13 01:34:55 UTC 2025","658","tests.tickets","test_04_create_ticket","","","","test_create_ticket_success[partner-attachments0-ReceivingDefectiveProductsOrShortage]","Позитивный тест: создание тикета с разными темами и вложениями для клиента, партнера и админа"
"passed","Sat Sep 13 00:51:43 UTC 2025","Sat Sep 13 00:51:44 UTC 2025","683","tests.admin_panel.items","test_update_item","","","","test_update_item_invalid_id[9999999]","Негативный тест: несуществующий или некорректный ID."
"passed","Sat Sep 13 01:07:55 UTC 2025","Sat Sep 13 01:07:55 UTC 2025","342","tests.cart","test_get_delivery_cost","","","","test_get_delivery_cost_success_partial_payload[partner-payload5-400]","Позитивный тест: успешное получение ТК при неполном наборе (город без региона, без ID и т.п.)"
"passed","Sat Sep 13 01:07:20 UTC 2025","Sat Sep 13 01:07:20 UTC 2025","488","tests.cart","test_get_delivery_cost","","","","test_get_delivery_cost_success_region_available_false[client]","Позитивный тест: успешное получение ТК отправляя название региона без айдишника (Country.is_region_available = false)"
"passed","Sat Sep 13 01:36:56 UTC 2025","Sat Sep 13 01:36:57 UTC 2025","1336","tests.tickets","test_04_create_ticket","","","","test_create_ticket_success[admin-attachments1-QuestionsAboutProducts]","Позитивный тест: создание тикета с разными темами и вложениями для клиента, партнера и админа"
"skipped","Sat Sep 13 01:27:31 UTC 2025","Sat Sep 13 01:27:31 UTC 2025","0","tests.stock","test_create_stock","","","","test_create_stock_with_empty_string_log_if_not_200[address.region_id]",""
"passed","Sat Sep 13 00:56:43 UTC 2025","Sat Sep 13 00:56:44 UTC 2025","638","tests.admin_panel.promo","test_73_get_promotion_by_id","","","","test_get_promotion_invalid_id[0]","Негативный тест: получение акции по невалидному ID."
"passed","Sat Sep 13 01:07:35 UTC 2025","Sat Sep 13 01:07:36 UTC 2025","315","tests.cart","test_get_delivery_cost","","","","test_get_delivery_cost_success_partial_payload[client-payload4-400]","Позитивный тест: успешное получение ТК при неполном наборе (город без региона, без ID и т.п.)"
"passed","Sat Sep 13 00:42:28 UTC 2025","Sat Sep 13 00:42:28 UTC 2025","476","tests.PROJECT_FUND.initiatives","test_get_reports","","","","test_get_reports_with_query_params[query0-https://dev.ewahelps.com/api]","Позитивный тест: получение списка отчетов с query-параметрами"
"passed","Sat Sep 13 01:02:43 UTC 2025","Sat Sep 13 01:02:44 UTC 2025","1086","tests.admin_panel.slides","test_58_get_slides_by_id","","","","test_get_slides_by_id_forbidden[partner]","Негативный тест: попытка получения слайда по ID не-админом."
"skipped","Sat Sep 13 01:38:22 UTC 2025","Sat Sep 13 01:38:22 UTC 2025","0","tests.tickets","test_04_create_ticket","","","","test_create_ticket_invalid_message[client-]","Негативный тест: создание тикета без сообщения"
"passed","Sat Sep 13 00:50:15 UTC 2025","Sat Sep 13 00:50:16 UTC 2025","441","tests.admin_panel.items","test_create_item_translation","","","","test_create_item_translation_unauthorized","Негативный тест: создание перевода без авторизации."
"skipped","Sat Sep 13 00:44:10 UTC 2025","Sat Sep 13 00:44:10 UTC 2025","0","tests.account","test_funds_transfer_send","","","","test_send_funds_transfer_positive[partner-payload0]","Позитивные тесты на перевод/вывод средств по visibleId"
"passed","Sat Sep 13 01:27:40 UTC 2025","Sat Sep 13 01:27:40 UTC 2025","283","tests.stock","test_get_group_orders","","","","test_get_group_orders[client]","Запрос всех складов для групповых заказов"
"passed","Sat Sep 13 00:53:33 UTC 2025","Sat Sep 13 00:53:34 UTC 2025","672","tests.admin_panel.products","test_40_create_product_brand","","","","test_create_product_brand_invalid_payload[payload6-expected_codes6]","Негативные кейсы: невалидные поля при создании бренда."
"passed","Sat Sep 13 01:06:24 UTC 2025","Sat Sep 13 01:06:24 UTC 2025","148","tests.auth","test_02_login","","","","test_admin_login[admin--123123-400]",""
"passed","Sat Sep 13 00:56:11 UTC 2025","Sat Sep 13 00:56:11 UTC 2025","663","tests.admin_panel.promo","test_72_create_promotion","","","","test_create_promotion_invalid_data[payload4-400]","Негативные тесты: невалидные данные"
"passed","Sat Sep 13 00:48:53 UTC 2025","Sat Sep 13 00:48:53 UTC 2025","440","tests.admin_panel.categories","test_81_delete_category_translation","","","","test_delete_category_translation_unauthorized","Негативный тест: удаление перевода без авторизации."
"passed","Sat Sep 13 01:35:34 UTC 2025","Sat Sep 13 01:35:35 UTC 2025","1418","tests.tickets","test_04_create_ticket","","","","test_create_ticket_success[partner-attachments1-ReceivingDefectiveProducts]","Позитивный тест: создание тикета с разными темами и вложениями для клиента, партнера и админа"
"passed","Sat Sep 13 00:56:16 UTC 2025","Sat Sep 13 00:56:16 UTC 2025","676","tests.admin_panel.promo","test_72_create_promotion","","","","test_create_promotion_invalid_data[payload7-400]","Негативные тесты: невалидные данные"
"passed","Sat Sep 13 01:18:22 UTC 2025","Sat Sep 13 01:18:22 UTC 2025","153","tests.delivery","test_02_get_delivery_address","","","","test_get_delivery_addresses_invalid_pagination[invalid_pagination3-partner]","Негатив: некорректные параметры пагинации"
"passed","Sat Sep 13 01:12:12 UTC 2025","Sat Sep 13 01:12:12 UTC 2025","647","tests.catalog","test_create_admin_product_translation","","","","test_create_admin_product_translation_invalid_payload[payload4-400]","Негативные проверки на создание перевода с некорректным payload."
"passed","Sat Sep 13 01:32:36 UTC 2025","Sat Sep 13 01:32:37 UTC 2025","659","tests.tickets","test_02_get_ticket_by_id","","","","test_get_ticket_invalid_id[-1]","Негативный тест: передан некорректный ID."
"passed","Sat Sep 13 01:04:04 UTC 2025","Sat Sep 13 01:04:05 UTC 2025","1048","tests.admin_panel.slides","test_60_delete_slides","","","","test_delete_slide_forbidden[client]","Негативный тест: попытка удаления слайда не-админом."
"skipped","Sat Sep 13 01:19:12 UTC 2025","Sat Sep 13 01:19:13 UTC 2025","914","tests.fund","test_get_top_donors","","","","test_get_top_donors_success[end-https://dev.ewahelps.com/api]",""
"passed","Sat Sep 13 01:32:20 UTC 2025","Sat Sep 13 01:32:21 UTC 2025","152","tests.tickets","test_01_get_tickets","","","","test_get_tickets_invalid_filter[invalid_filter2-400-partner]","Негативный тест: передаем некорректные параметры фильтрации"
"passed","Sat Sep 13 01:27:20 UTC 2025","Sat Sep 13 01:27:20 UTC 2025","153","tests.statistic","test_team_registrations","","","","test_get_team_registration_statistic_negative[payload6-partner]","Негативный тест: ошибка при получении статистики регистрации команды с невалидным телом запроса"
"passed","Sat Sep 13 01:13:41 UTC 2025","Sat Sep 13 01:13:47 UTC 2025","6493","tests.catalog","test_update_admin_product","","","","test_update_admin_product_full_payload",""
"passed","Sat Sep 13 00:42:26 UTC 2025","Sat Sep 13 00:42:27 UTC 2025","465","tests.PROJECT_FUND.initiatives","test_get_report_by_id","","","","test_get_report_by_invalid_id[-https://dev.ewahelps.com/api]","Негативный тест: невалидный или несуществующий path-параметр"
"passed","Sat Sep 13 01:25:51 UTC 2025","Sat Sep 13 01:25:51 UTC 2025","153","tests.statistic","test_team_go","","","","test_get_team_go_statistic_negative[payload0-partner]","Негативный тест: ошибка при получении статистики по команде с невалидным телом запроса"
"passed","Sat Sep 13 01:02:11 UTC 2025","Sat Sep 13 01:02:11 UTC 2025","639","tests.admin_panel.slides","test_57_create_slide","","","","test_create_slide_invalid_payload[payload15-422]","Негативные тесты: некорректные и неполные payload'ы."
"passed","Sat Sep 13 00:45:39 UTC 2025","Sat Sep 13 00:45:39 UTC 2025","464","tests.admin_panel.categories","test_47_get_categories_by_id","","","","test_get_categories_unauthorized","Негативный тест: получение категории без авторизации."
"passed","Sat Sep 13 01:07:51 UTC 2025","Sat Sep 13 01:07:51 UTC 2025","508","tests.cart","test_get_delivery_cost","","","","test_get_delivery_cost_success_partial_payload[partner-payload3-200]","Позитивный тест: успешное получение ТК при неполном наборе (город без региона, без ID и т.п.)"
"passed","Sat Sep 13 00:48:45 UTC 2025","Sat Sep 13 00:48:46 UTC 2025","695","tests.admin_panel.categories","test_80_create_category_translation","","","","test_create_category_translation_invalid_payload[payload6-422]","Негативный тест: создание перевода с невалидным payload."
"skipped","Sat Sep 13 00:44:10 UTC 2025","Sat Sep 13 00:44:10 UTC 2025","0","tests.account","test_get_languages","","","","test_get_languages_unauthorized","Негативный тест: получение списка языков без авторизации."
"passed","Sat Sep 13 01:00:11 UTC 2025","Sat Sep 13 01:00:12 UTC 2025","440","tests.admin_panel.sliders","test_54_update_slider","","","","test_update_slider_unauthorized","Негативный тест: попытка обновления слайдера без авторизации."
"passed","Sat Sep 13 01:39:05 UTC 2025","Sat Sep 13 01:39:06 UTC 2025","758","tests.tickets","test_07_delete_ticket","","","","test_delete_ticket_not_admin[client]","Негативный тест: попытка удаления тикета клиентом, партнёром"
"passed","Sat Sep 13 01:12:33 UTC 2025","Sat Sep 13 01:12:33 UTC 2025","504","tests.catalog","test_delete_admin_product_translation","","","","test_delete_admin_product_translation_unauthorized","Удаление перевода без авторизации — должно вернуть 401."
"passed","Sat Sep 13 01:24:38 UTC 2025","Sat Sep 13 01:24:38 UTC 2025","165","tests.statistic","test_team_activations","","","","test_get_team_activation_statistic_positive[payload1-partner]","Позитивный тест: получение статистики по активации команды с валидным телом запроса"
"passed","Sat Sep 13 01:08:06 UTC 2025","Sat Sep 13 01:08:06 UTC 2025","151","tests.cart","test_get_delivery_cost","","","","test_get_delivery_cost_invalid_payload[client-payload3]","Негативный тест: некорректные входные данные"
"passed","Sat Sep 13 01:22:43 UTC 2025","Sat Sep 13 01:22:43 UTC 2025","440","tests.one_c","test_create_1c_stock","","","","test_post_bad_request_or_unprocessable[<lambda>14]",""
"passed","Sat Sep 13 00:42:13 UTC 2025","Sat Sep 13 00:42:13 UTC 2025","477","tests.PROJECT_FUND.initiatives","test_get_initiative_by_id","","","","test_get_initiative_by_invalid_id[999999-https://dev.ewahelps.com/api]",""
"skipped","Sat Sep 13 01:19:11 UTC 2025","Sat Sep 13 01:19:11 UTC 2025","866","tests.fund","test_get_top_donors","","","","test_get_top_donors_success[start-https://dev.ewahelps.com/api]",""
"failed","Sat Sep 13 01:16:22 UTC 2025","Sat Sep 13 01:16:24 UTC 2025","2655","tests.delivery","test_01_save_delivery_address","","","","test_save_delivery_address_positive[partner-payload0]","Позитивные тесты на сохранение адреса доставки"
"passed","Sat Sep 13 00:57:53 UTC 2025","Sat Sep 13 00:57:54 UTC 2025","1313","tests.admin_panel.promo","test_76_get_promotion_items","","","","test_get_promotion_item_success","Позитивный тест: получение элемента акции админом."
"passed","Sat Sep 13 01:35:37 UTC 2025","Sat Sep 13 01:35:38 UTC 2025","1345","tests.tickets","test_04_create_ticket","","","","test_create_ticket_success[partner-attachments1-ReceivingProductsShortage]","Позитивный тест: создание тикета с разными темами и вложениями для клиента, партнера и админа"
"passed","Sat Sep 13 00:56:22 UTC 2025","Sat Sep 13 00:56:23 UTC 2025","672","tests.admin_panel.promo","test_72_create_promotion","","","","test_create_promotion_invalid_data[payload11-422]","Негативные тесты: невалидные данные"
"passed","Sat Sep 13 00:55:25 UTC 2025","Sat Sep 13 00:55:26 UTC 2025","1316","tests.admin_panel.products","test_44_upload_product_brand_images","","","","test_upload_product_brand_images_formats[valid.webp-image/webp-204]","Проверка загрузки изображений бренда в разных форматах: негативные и позитивные кейсы."
"passed","Sat Sep 13 01:36:08 UTC 2025","Sat Sep 13 01:36:09 UTC 2025","1213","tests.tickets","test_04_create_ticket","","","","test_create_ticket_success[partner-attachments2-ReceivingDefectiveProductsOrShortage]","Позитивный тест: создание тикета с разными темами и вложениями для клиента, партнера и админа"
"passed","Sat Sep 13 01:09:23 UTC 2025","Sat Sep 13 01:09:24 UTC 2025","300","tests.cart","test_user_locale","","","","test_update_user_locale_invalid_payload[client-payload6-400]","Негативный тест: обновление локали с невалидным payload."
"passed","Sat Sep 13 01:34:48 UTC 2025","Sat Sep 13 01:34:48 UTC 2025","607","tests.tickets","test_04_create_ticket","","","","test_create_ticket_success[partner-attachments0-QuestionsAboutTheRewardSystemMarketingPlan]","Позитивный тест: создание тикета с разными темами и вложениями для клиента, партнера и админа"
"skipped","Sat Sep 13 00:44:10 UTC 2025","Sat Sep 13 00:44:10 UTC 2025","0","tests.account","test_get_languages","","","","test_get_languages_success[client-unknown-400]","Возвращает список языков, доступных для перевода"
"passed","Sat Sep 13 01:31:12 UTC 2025","Sat Sep 13 01:31:12 UTC 2025","191","tests.tickets","test_01_get_tickets","","","","test_get_tickets_success[filter2-sort0-search2-pagination0-admin]","Позитивный тест: получение списка тикетов с разными комбинациями параметров"
"skipped","Sat Sep 13 01:40:00 UTC 2025","Sat Sep 13 01:40:01 UTC 2025","1463","tests.tickets","test_10_send_message_to_ticket","","","","test_send_message_validation[message_payload0-400]","Проверка валидации входных данных при отправке сообщений"
"skipped","Sat Sep 13 01:38:43 UTC 2025","Sat Sep 13 01:38:44 UTC 2025","1354","tests.tickets","test_06_close_ticket","","","","test_close_tickets_negative[client-ticket_ids1-400]","Негативные тесты: закрытие с некорректными данными"
"skipped","Sat Sep 13 01:27:31 UTC 2025","Sat Sep 13 01:27:31 UTC 2025","0","tests.stock","test_create_stock","","","","test_create_stock_with_empty_string_log_if_not_200[id_1c]",""
"passed","Sat Sep 13 00:49:01 UTC 2025","Sat Sep 13 00:49:01 UTC 2025","642","tests.admin_panel.categories","test_81_delete_category_translation","","","","test_delete_category_translation_invalid_id[-1]","Негативный тест: удаление перевода с невалидным ID категории."
"passed","Sat Sep 13 01:19:35 UTC 2025","Sat Sep 13 01:19:49 UTC 2025","14047","tests.integration","test_order_courier_ru","","","","test_order_courier_ru[CDEK]",""
"passed","Sat Sep 13 01:18:33 UTC 2025","Sat Sep 13 01:18:36 UTC 2025","3798","tests.delivery","test_03_delete_delivery_address","","","","test_delete_delivery_address_permissions[authorize_client-authorize_client-False]","Права доступа при удалении адресов"
"passed","Sat Sep 13 01:22:07 UTC 2025","Sat Sep 13 01:22:09 UTC 2025","1648","tests.one_c","test_create_1c_stock","","","","test_work_hours_is_closed_roundtrip",""
"passed","Sat Sep 13 00:49:10 UTC 2025","Sat Sep 13 00:49:12 UTC 2025","1561","tests.admin_panel.items","test_create_item","","","","test_create_item_required_fields_only","Позитивный тест: успешное создание варианта товара (только обязательные поля)."
"passed","Sat Sep 13 01:30:58 UTC 2025","Sat Sep 13 01:30:58 UTC 2025","187","tests.tickets","test_01_get_tickets","","","","test_get_tickets_success[filter2-sort0-search1-pagination0-client]","Позитивный тест: получение списка тикетов с разными комбинациями параметров"
"passed","Sat Sep 13 00:45:00 UTC 2025","Sat Sep 13 00:45:00 UTC 2025","157","tests.admin_panel","test_report_accruals","","","","test_report_accruals_forbidden[client]",""
"passed","Sat Sep 13 00:54:02 UTC 2025","Sat Sep 13 00:54:03 UTC 2025","675","tests.admin_panel.products","test_41_get_product_brand_by_id","","","","test_get_product_brand_invalid_id[]","Негативный тест: получение бренда по невалидному ID"
"skipped","Sat Sep 13 01:27:31 UTC 2025","Sat Sep 13 01:27:31 UTC 2025","0","tests.stock","test_create_stock","","","","test_create_stock_with_empty_string_log_if_not_200[timezone.offset_min]",""
"passed","Sat Sep 13 01:18:09 UTC 2025","Sat Sep 13 01:18:10 UTC 2025","160","tests.delivery","test_02_get_delivery_address","","","","test_get_delivery_addresses_invalid_pagination[invalid_pagination1-client]","Негатив: некорректные параметры пагинации"
"passed","Sat Sep 13 01:31:21 UTC 2025","Sat Sep 13 01:31:21 UTC 2025","181","tests.tickets","test_01_get_tickets","","","","test_get_tickets_success[filter2-sort1-search0-pagination0-partner]","Позитивный тест: получение списка тикетов с разными комбинациями параметров"
"passed","Sat Sep 13 01:22:40 UTC 2025","Sat Sep 13 01:22:40 UTC 2025","481","tests.one_c","test_create_1c_stock","","","","test_post_bad_request_or_unprocessable[<lambda>12]",""
"passed","Sat Sep 13 01:34:18 UTC 2025","Sat Sep 13 01:34:19 UTC 2025","1163","tests.tickets","test_04_create_ticket","","","","test_create_ticket_success[client-attachments2-OtherQuestions]","Позитивный тест: создание тикета с разными темами и вложениями для клиента, партнера и админа"
"passed","Sat Sep 13 00:48:38 UTC 2025","Sat Sep 13 00:48:39 UTC 2025","678","tests.admin_panel.categories","test_80_create_category_translation","","","","test_create_category_translation_invalid_payload[payload2-400]","Негативный тест: создание перевода с невалидным payload."
"passed","Sat Sep 13 01:40:26 UTC 2025","Sat Sep 13 01:40:26 UTC 2025","958","tests.tickets","test_12_delete_message","","","","test_delete_ticket_message_not_admin[partner]","Негативный тест: клиент/партнёр пытается удалить своё сообщение"
"passed","Sat Sep 13 00:56:42 UTC 2025","Sat Sep 13 00:56:42 UTC 2025","656","tests.admin_panel.promo","test_73_get_promotion_by_id","","","","test_get_promotion_invalid_id[-1]","Негативный тест: получение акции по невалидному ID."
"passed","Sat Sep 13 01:04:02 UTC 2025","Sat Sep 13 01:04:03 UTC 2025","439","tests.admin_panel.slides","test_60_delete_slides","","","","test_delete_slide_unauthorized","Негативный тест: попытка удаления слайда без авторизации."
"passed","Sat Sep 13 01:25:11 UTC 2025","Sat Sep 13 01:25:11 UTC 2025","159","tests.statistic","test_team_activations","","","","test_get_team_activation_statistic_negative[payload3-admin]","Негативный тест: ошибка при получении статистики активации команды с невалидным телом запроса"
"skipped","Sat Sep 13 00:43:59 UTC 2025","Sat Sep 13 00:43:59 UTC 2025","0","tests.account","test_delete","","","","test_delete_account_positive[admin]","Позитивные тесты на удаление аккаунта"
"skipped","Sat Sep 13 00:44:10 UTC 2025","Sat Sep 13 00:44:10 UTC 2025","0","tests.account","test_history_personal_volumes_admin","","","","test_get_personal_volumes_history_admin_positive[client-payload1]","Позитивные тесты на получение истории начисления личных объемов для админа"
"passed","Sat Sep 13 01:05:14 UTC 2025","Sat Sep 13 01:05:22 UTC 2025","8113","tests.admin_panel.slides","test_61_upload_slides_images","","","","test_upload_slide_images_file_too_large[4.7-fields_to_send8-204]","Негативный тест: загрузка слишком большого изображения."
"passed","Sat Sep 13 00:54:44 UTC 2025","Sat Sep 13 00:54:46 UTC 2025","1078","tests.admin_panel.products","test_43_delete_product_brand","","","","test_delete_product_brand_success","Позитивный тест: успешное удаление бренда."
"passed","Sat Sep 13 01:13:34 UTC 2025","Sat Sep 13 01:13:35 UTC 2025","642","tests.catalog","test_get_admin_product_translation","","","","test_get_admin_product_translation_invalid_id[1.5]","Проверка получения перевода по невалидному product_id."
"passed","Sat Sep 13 00:49:33 UTC 2025","Sat Sep 13 00:49:34 UTC 2025","892","tests.admin_panel.items","test_create_item","","","","test_create_item_invalid_payload[payload8-expected_code8]","
    Негативный тест: создание варианта с невалидным телом запроса.
    Если сервер внезапно вернул успех — удаляем созданный item из БД.
    "
"passed","Sat Sep 13 01:08:27 UTC 2025","Sat Sep 13 01:08:29 UTC 2025","2289","tests.cart","test_user_locale","","","","test_update_user_locale_valid_payload_1[client-payload0]","
    Позитивный тест: Обновление языка/склада/локали авторизованным пользователем."
"skipped","Sat Sep 13 01:27:31 UTC 2025","Sat Sep 13 01:27:31 UTC 2025","0","tests.stock","test_create_stock","","","","test_create_stock_with_empty_string_log_if_not_200[address.phones]",""
"passed","Sat Sep 13 01:34:41 UTC 2025","Sat Sep 13 01:34:42 UTC 2025","640","tests.tickets","test_04_create_ticket","","","","test_create_ticket_success[partner-attachments0-QuestionsAboutProducts]","Позитивный тест: создание тикета с разными темами и вложениями для клиента, партнера и админа"
"passed","Sat Sep 13 01:31:42 UTC 2025","Sat Sep 13 01:31:42 UTC 2025","181","tests.tickets","test_01_get_tickets","","","","test_get_tickets_success[filter2-sort1-search2-pagination0-partner]","Позитивный тест: получение списка тикетов с разными комбинациями параметров"
"passed","Sat Sep 13 00:50:29 UTC 2025","Sat Sep 13 00:50:32 UTC 2025","3338","tests.admin_panel.items","test_create_item_translation","","","","test_item_translation_update_duplicate_lang_code","Позитивный тест: обновление перевода при повторной отправке с тем же lang_code."
"passed","Sat Sep 13 01:26:10 UTC 2025","Sat Sep 13 01:26:10 UTC 2025","160","tests.statistic","test_team_go","","","","test_get_team_go_statistic_negative[payload4-client]","Негативный тест: ошибка при получении статистики по команде с невалидным телом запроса"
"passed","Sat Sep 13 01:18:08 UTC 2025","Sat Sep 13 01:18:08 UTC 2025","158","tests.delivery","test_02_get_delivery_address","","","","test_get_delivery_addresses_invalid_pagination[invalid_pagination0-admin]","Негатив: некорректные параметры пагинации"
"skipped","Sat Sep 13 00:44:10 UTC 2025","Sat Sep 13 00:44:10 UTC 2025","0","tests.account","test_pass_recovery","","","","test_pass_recovery_positive[payload1]","Позитивные тесты на восстановление пароля"
"passed","Sat Sep 13 01:07:06 UTC 2025","Sat Sep 13 01:07:07 UTC 2025","623","tests.auth","test_06_full_logout","","","","test_full_logout_success[partner]","Тест полного разлогина всех сессий клиента, партнера и админа."
"skipped","Sat Sep 13 00:44:10 UTC 2025","Sat Sep 13 00:44:10 UTC 2025","0","tests.account","test_list_csv","","","","test_get_account_list_csv_positive[client-payload0]","Позитивные тесты на выгрузку структуры партнеров в CSV"
"skipped","Sat Sep 13 00:43:01 UTC 2025","Sat Sep 13 00:43:01 UTC 2025","0","tests.account","test_0_marathon","","","","test_create_product_brand_invalid_payload[params0-400-client]",""
"passed","Sat Sep 13 01:22:18 UTC 2025","Sat Sep 13 01:22:18 UTC 2025","464","tests.one_c","test_create_1c_stock","","","","test_post_forbidden[False-None]",""
"skipped","Sat Sep 13 01:27:31 UTC 2025","Sat Sep 13 01:27:31 UTC 2025","0","tests.stock","test_create_stock","","","","test_create_stock_with_empty_string_log_if_not_200[address.city_id]",""
"skipped","Sat Sep 13 00:44:10 UTC 2025","Sat Sep 13 00:44:10 UTC 2025","0","tests.account","test_history_personal_volumes_admin","","","","test_get_personal_volumes_history_admin_positive[admin-payload1]","Позитивные тесты на получение истории начисления личных объемов для админа"
"skipped","Sat Sep 13 01:28:22 UTC 2025","Sat Sep 13 01:28:22 UTC 2025","0","tests.stock","test_update_stock","","","","test_update_stock_invalid_id[abc]",""
"passed","Sat Sep 13 01:17:06 UTC 2025","Sat Sep 13 01:17:06 UTC 2025","158","tests.delivery","test_01_save_delivery_address","","","","test_save_delivery_address_negative[partner-payload2-400]","Негативные тесты на сохранение адреса доставки"
"skipped","Sat Sep 13 00:44:55 UTC 2025","Sat Sep 13 00:44:55 UTC 2025","0","tests.admin_panel","test_accrue_gold_pro_gift","","","","test_accrue_gold_pro_gift_for_client",""
"passed","Sat Sep 13 01:28:27 UTC 2025","Sat Sep 13 01:28:27 UTC 2025","475","tests.temporary","test_get_account_exist","","","","test_account_exist[1-200]",""
"passed","Sat Sep 13 01:04:12 UTC 2025","Sat Sep 13 01:04:13 UTC 2025","678","tests.admin_panel.slides","test_60_delete_slides","","","","test_delete_slide_invalid_id[9999999]","Негативный тест: удаление несуществующего или некорректного слайда."
"passed","Sat Sep 13 01:01:54 UTC 2025","Sat Sep 13 01:01:54 UTC 2025","674","tests.admin_panel.slides","test_57_create_slide","","","","test_create_slide_invalid_payload[payload5-expected_code5]","Негативные тесты: некорректные и неполные payload'ы."
"passed","Sat Sep 13 01:08:39 UTC 2025","Sat Sep 13 01:08:41 UTC 2025","2092","tests.cart","test_user_locale","","","","test_update_user_locale_valid_payload_1[client-payload3]","
    Позитивный тест: Обновление языка/склада/локали авторизованным пользователем."
"passed","Sat Sep 13 00:48:20 UTC 2025","Sat Sep 13 00:48:22 UTC 2025","1570","tests.admin_panel.categories","test_80_create_category_translation","","","","test_create_category_translation_success[ky]","Позитивный тест: создание/обновление перевода категории для разных языков."
"passed","Sat Sep 13 01:28:06 UTC 2025","Sat Sep 13 01:28:06 UTC 2025","162","tests.stock","test_get_stock_by_id","","","","test_get_stock_by_nonexistent_id[admin]","Запрос склада по несуществующему ID — ожидаем 404"
"passed","Sat Sep 13 01:32:55 UTC 2025","Sat Sep 13 01:32:55 UTC 2025","601","tests.tickets","test_04_create_ticket","","","","test_create_ticket_success[client-attachments0-QuestionsAboutInternationalDelivery]","Позитивный тест: создание тикета с разными темами и вложениями для клиента, партнера и админа"
"passed","Sat Sep 13 00:45:49 UTC 2025","Sat Sep 13 00:45:50 UTC 2025","667","tests.admin_panel.categories","test_49_delete_category","","","","test_delete_category_invalid_id[-1]","Негативный тест: удаление несуществующей или некорректной категории."
"passed","Sat Sep 13 01:23:37 UTC 2025","Sat Sep 13 01:23:37 UTC 2025","168","tests.register","test_01_register_form","","","","test_register_form_positive[client-payload0]",""
"passed","Sat Sep 13 01:24:12 UTC 2025","Sat Sep 13 01:24:14 UTC 2025","1371","tests.register","test_03_register_client","","","","test_register_client_positive[partner-200]","Тест: позитивные тесты для регистрации клиента вручную"
"passed","Sat Sep 13 00:47:39 UTC 2025","Sat Sep 13 00:47:40 UTC 2025","1033","tests.admin_panel.categories","test_57_v2_update_category","","","","test_v2_update_category_invalid_payload[payload4-422]","Негативный тест: обновление категории с невалидным или неполным телом запроса."
"passed","Sat Sep 13 00:42:06 UTC 2025","Sat Sep 13 00:42:07 UTC 2025","906","tests.PROJECT_FUND.initiatives","test_get_initiative_by_id","","","","test_get_initiative_by_invalid_id[0-https://dev.ewahelps.com/api]",""
"passed","Sat Sep 13 01:09:32 UTC 2025","Sat Sep 13 01:09:32 UTC 2025","159","tests.cart","test_user_locale","","","","test_update_user_locale_invalid_payload[partner-payload4-400]","Негативный тест: обновление локали с невалидным payload."
"passed","Sat Sep 13 01:27:34 UTC 2025","Sat Sep 13 01:27:35 UTC 2025","676","tests.stock","test_delete_stock","","","","test_delete_stock_invalid_id[9999999]",""
"passed","Sat Sep 13 00:47:35 UTC 2025","Sat Sep 13 00:47:36 UTC 2025","1008","tests.admin_panel.categories","test_57_v2_update_category","","","","test_v2_update_category_invalid_payload[payload2-expected_code2]","Негативный тест: обновление категории с невалидным или неполным телом запроса."
"passed","Sat Sep 13 01:17:37 UTC 2025","Sat Sep 13 01:17:39 UTC 2025","2146","tests.delivery","test_01_save_delivery_address","","","","test_create_two_addresses_with_different_delivery[client]","Создание двух адресов с одинаковыми данными, кроме street в delivery"
"skipped","Sat Sep 13 01:09:12 UTC 2025","Sat Sep 13 01:09:12 UTC 2025","0","tests.cart","test_user_locale","","","","test_update_user_locale_valid_payload[payload7]","
    Позитивный тест: Обновление языка/склада/локали НЕавторизованным пользователем с указанной корзиной в cookie.
    "
"passed","Sat Sep 13 01:04:30 UTC 2025","Sat Sep 13 01:04:31 UTC 2025","1306","tests.admin_panel.slides","test_61_upload_slides_images","","","","test_upload_slide_images_invalid_format[invalid.docx-application/vnd.openxmlformats-officedocument.wordprocessingml.document-400]","Негативный и позитивный тест: загрузка изображений в разных форматах."
"passed","Sat Sep 13 00:58:56 UTC 2025","Sat Sep 13 00:58:57 UTC 2025","1359","tests.admin_panel.promo","test_78_delete_promotion_item","","","","test_delete_promotion_item_forbidden[partner]","Негативный тест: удаление элемента акции не-админом запрещено."
"passed","Sat Sep 13 01:05:38 UTC 2025","Sat Sep 13 01:05:40 UTC 2025","1251","tests.admin_panel.slides","test_62_slides_get_upload_urls","","","","test_get_upload_urls_success","Позитивный тест: успешное получение временных ссылок на загрузку видео файлов у слайдера типа 'video'."
"passed","Sat Sep 13 01:25:39 UTC 2025","Sat Sep 13 01:25:39 UTC 2025","176","tests.statistic","test_team_go","","","","test_get_team_go_statistic_positive[payload2-client]","Позитивный тест: получение статистики по команде с валидным телом запроса"
"passed","Sat Sep 13 01:22:34 UTC 2025","Sat Sep 13 01:22:35 UTC 2025","460","tests.one_c","test_create_1c_stock","","","","test_post_bad_request_or_unprocessable[<lambda>8]",""
"passed","Sat Sep 13 00:43:34 UTC 2025","Sat Sep 13 00:43:35 UTC 2025","1028","tests.account","test_add_cover_url","","","","test_add_cover_full_payload[client]",""
"passed","Sat Sep 13 01:30:33 UTC 2025","Sat Sep 13 01:30:34 UTC 2025","173","tests.tickets","test_01_get_tickets","","","","test_get_tickets_success[filter1-sort1-search1-pagination1-partner]","Позитивный тест: получение списка тикетов с разными комбинациями параметров"
"passed","Sat Sep 13 00:47:33 UTC 2025","Sat Sep 13 00:47:34 UTC 2025","1058","tests.admin_panel.categories","test_57_v2_update_category","","","","test_v2_update_category_invalid_payload[payload1-expected_code1]","Негативный тест: обновление категории с невалидным или неполным телом запроса."
"skipped","Sat Sep 13 01:27:31 UTC 2025","Sat Sep 13 01:27:31 UTC 2025","0","tests.stock","test_create_stock","","","","test_create_stock_with_empty_string_log_if_not_200[city_id]",""
"passed","Sat Sep 13 00:43:23 UTC 2025","Sat Sep 13 00:43:23 UTC 2025","158","tests.account","test_0_top_partners_top_recruiters","","","","test_get_top_partners_top_recruiters_positive[client]","Позитивные тесты на получение топ-партнеров по количеству активных партнеров"
"skipped","Sat Sep 13 00:41:59 UTC 2025","Sat Sep 13 00:41:59 UTC 2025","0","tests.PROJECT_EDUCATION.test_system","01_start_test","","","","test_start_test_invalid_id[999999]","Негативный тест: запуск теста с невалидным ID"
"skipped","Sat Sep 13 01:10:38 UTC 2025","Sat Sep 13 01:10:38 UTC 2025","0","tests.catalog","test_create_admin_product","","","","test_create_product_duplicate_slug[ky]",""
"passed","Sat Sep 13 01:23:39 UTC 2025","Sat Sep 13 01:23:39 UTC 2025","166","tests.register","test_01_register_form","","","","test_register_form_positive[partner-payload0]",""
"passed","Sat Sep 13 01:03:23 UTC 2025","Sat Sep 13 01:03:24 UTC 2025","1049","tests.admin_panel.slides","test_59_update_slide","","","","test_update_slide_invalid_payload[payload4-expected_code4]","Негативный тест: обновление слайда с невалидным или неполным телом запроса."
"passed","Sat Sep 13 01:30:12 UTC 2025","Sat Sep 13 01:30:13 UTC 2025","180","tests.tickets","test_01_get_tickets","","","","test_get_tickets_success[filter1-sort0-search2-pagination1-partner]","Позитивный тест: получение списка тикетов с разными комбинациями параметров"
"passed","Sat Sep 13 00:52:48 UTC 2025","Sat Sep 13 00:52:48 UTC 2025","460","tests.admin_panel.products","test_02_recommended_products_add","","","","test_add_recommendation_unauthorized","Неавторизованный пользователь"
"passed","Sat Sep 13 00:47:59 UTC 2025","Sat Sep 13 00:48:00 UTC 2025","637","tests.admin_panel.categories","test_79_get_category_translation","","","","test_get_category_translation_invalid_id[-1]",""
"passed","Sat Sep 13 00:56:35 UTC 2025","Sat Sep 13 00:56:36 UTC 2025","1020","tests.admin_panel.promo","test_73_get_promotion_by_id","","","","test_get_promotion_by_id_forbidden[client]","Негативный тест: получение акции по ID не админом."
"passed","Sat Sep 13 01:27:02 UTC 2025","Sat Sep 13 01:27:03 UTC 2025","153","tests.statistic","test_team_registrations","","","","test_get_team_registration_statistic_negative[payload3-client]","Негативный тест: ошибка при получении статистики регистрации команды с невалидным телом запроса"
"passed","Sat Sep 13 00:54:06 UTC 2025","Sat Sep 13 00:54:06 UTC 2025","681","tests.admin_panel.products","test_41_get_product_brand_by_id","","","","test_get_product_brand_not_found","Негативный тест: бренд не найден"
"passed","Sat Sep 13 01:02:30 UTC 2025","Sat Sep 13 01:02:30 UTC 2025","674","tests.admin_panel.slides","test_57_create_slide","","","","test_create_slide_title_color_validation[#GGGGGG-400]","Валидация поля title_color при создании слайда."
"skipped","Sat Sep 13 00:46:36 UTC 2025","Sat Sep 13 00:46:38 UTC 2025","1564","tests.admin_panel.categories","test_50_upload_category_images","","","","test_upload_category_images_file_too_large[5.3-fields_to_send3-400]","Негативный тест: загрузка слишком большого изображения."
"skipped","Sat Sep 13 00:44:10 UTC 2025","Sat Sep 13 00:44:10 UTC 2025","0","tests.account","test_get_languages","","","","test_get_languages_success[client-web-200]","Возвращает список языков, доступных для перевода"
"passed","Sat Sep 13 01:31:52 UTC 2025","Sat Sep 13 01:31:52 UTC 2025","152","tests.tickets","test_01_get_tickets","","","","test_get_tickets_no_pagination[partner]","Негативный тест: запрос без обязательного параметра pagination"
"passed","Sat Sep 13 01:34:52 UTC 2025","Sat Sep 13 01:34:53 UTC 2025","635","tests.tickets","test_04_create_ticket","","","","test_create_ticket_success[partner-attachments0-ChangePersonalData]","Позитивный тест: создание тикета с разными темами и вложениями для клиента, партнера и админа"
"skipped","Sat Sep 13 01:26:52 UTC 2025","Sat Sep 13 01:26:52 UTC 2025","167","tests.statistic","test_team_registrations","","","","test_get_team_registration_statistic_negative[payload1-client]","Негативный тест: ошибка при получении статистики регистрации команды с невалидным телом запроса"
"passed","Sat Sep 13 01:38:38 UTC 2025","Sat Sep 13 01:38:40 UTC 2025","1677","tests.tickets","test_06_close_ticket","","","","test_close_ticket_success[admin]","Позитивный тест: закрытие тикета для клиента, партнера и админа."
"skipped","Sat Sep 13 00:44:40 UTC 2025","Sat Sep 13 00:44:40 UTC 2025","0","tests.account","test_update_default_stock","","","","test_update_default_stock_positive[partner-payload1]","Позитивные тесты на изменение дефолтного склада"
"passed","Sat Sep 13 00:47:57 UTC 2025","Sat Sep 13 00:47:58 UTC 2025","673","tests.admin_panel.categories","test_79_get_category_translation","","","","test_get_category_translation_invalid_id[abc]",""
"passed","Sat Sep 13 00:42:42 UTC 2025","Sat Sep 13 00:42:43 UTC 2025","169","tests.account","test_0_bonus_tokens","","","","test_get_bonus_tokens_positive[partner]","Позитивные тесты на получение списка токенов"
"passed","Sat Sep 13 00:45:59 UTC 2025","Sat Sep 13 00:45:59 UTC 2025","461","tests.admin_panel.categories","test_50_upload_category_images","","","","test_upload_category_images_unauthorized","Негативный тест: загрузка изображений категории без авторизации."
"skipped","Sat Sep 13 00:44:10 UTC 2025","Sat Sep 13 00:44:10 UTC 2025","0","tests.account","test_get_languages","","","","test_get_languages_forbidden[admin]","Негативный тест: получение списка языков админом."
"passed","Sat Sep 13 01:07:22 UTC 2025","Sat Sep 13 01:07:22 UTC 2025","353","tests.cart","test_get_delivery_cost","","","","test_get_delivery_cost_success_region_available_false[partner]","Позитивный тест: успешное получение ТК отправляя название региона без айдишника (Country.is_region_available = false)"
"passed","Sat Sep 13 01:22:46 UTC 2025","Sat Sep 13 01:22:46 UTC 2025","495","tests.one_c","test_create_1c_stock","","","","test_post_boxes_zero_and_large_values",""
"passed","Sat Sep 13 01:05:47 UTC 2025","Sat Sep 13 01:05:48 UTC 2025","459","tests.admin_panel.slides","test_62_slides_get_upload_urls","","","","test_get_upload_urls_unauthorized","Негативный тест: попытка получить ссылки без авторизации."
"passed","Sat Sep 13 01:06:08 UTC 2025","Sat Sep 13 01:06:09 UTC 2025","468","tests.auth","test_01_check_version","","","","test_check_version[Ios-2.0.1-200]","Тест проверяет API /check_version для разных платформ и версий."
"skipped","Sat Sep 13 01:39:33 UTC 2025","Sat Sep 13 01:39:34 UTC 2025","666","tests.tickets","test_09_get_ticket_messages","","","","test_get_ticket_messages_invalid_id_format[]","Негативный тест: запрос с некорректным ID (строка, спецсимволы, пустое значение)"
"passed","Sat Sep 13 00:44:03 UTC 2025","Sat Sep 13 00:44:05 UTC 2025","1639","tests.account","test_delete_cover_url","","","","test_delete_cover_full_payload[partner]",""
"passed","Sat Sep 13 01:06:02 UTC 2025","Sat Sep 13 01:06:03 UTC 2025","158","tests.admin_panel.slides","test_62_slides_update_video_url","","","","test_update_video_url_forbidden[client]","Негативный тест: не-админ не может обновить ссылку на мастер-файл"
"passed","Sat Sep 13 00:59:53 UTC 2025","Sat Sep 13 00:59:54 UTC 2025","674","tests.admin_panel.sliders","test_53_get_sliders_by_id","","","","test_get_sliders_invalid_id[abc]","Негативный тест: получение слайдера по невалидному ID"
"passed","Sat Sep 13 01:39:25 UTC 2025","Sat Sep 13 01:39:25 UTC 2025","464","tests.tickets","test_09_get_ticket_messages","","","","test_get_ticket_messages_no_auth","Негативный тест: запрос без токена (отсутствие авторизации)"
"passed","Sat Sep 13 01:13:15 UTC 2025","Sat Sep 13 01:13:20 UTC 2025","5013","tests.catalog","test_get_admin_product_translation","","","","test_get_admin_product_translation_forbidden[client]","Запрет получения переводов для клиента/партнёра."
"passed","Sat Sep 13 00:49:24 UTC 2025","Sat Sep 13 00:49:25 UTC 2025","864","tests.admin_panel.items","test_create_item","","","","test_create_item_invalid_payload[payload3-expected_code3]","
    Негативный тест: создание варианта с невалидным телом запроса.
    Если сервер внезапно вернул успех — удаляем созданный item из БД.
    "
"passed","Sat Sep 13 01:00:37 UTC 2025","Sat Sep 13 01:00:38 UTC 2025","1038","tests.admin_panel.sliders","test_54_update_slider","","","","test_update_slider_invalid_payload[payload6-400]","Негативный тест: обновление слайдера с невалидным или неполным телом запроса."
"passed","Sat Sep 13 01:37:04 UTC 2025","Sat Sep 13 01:37:06 UTC 2025","1371","tests.tickets","test_04_create_ticket","","","","test_create_ticket_success[admin-attachments1-QuestionsAboutTheRewardSystemMarketingPlan]","Позитивный тест: создание тикета с разными темами и вложениями для клиента, партнера и админа"
"skipped","Sat Sep 13 01:27:31 UTC 2025","Sat Sep 13 01:27:31 UTC 2025","0","tests.stock","test_create_stock","","","","test_create_stock_with_empty_string_log_if_not_200[address.region]",""
"skipped","Sat Sep 13 01:39:28 UTC 2025","Sat Sep 13 01:39:29 UTC 2025","651","tests.tickets","test_09_get_ticket_messages","","","","test_get_ticket_messages_invalid_id_format[-1]","Негативный тест: запрос с некорректным ID (строка, спецсимволы, пустое значение)"
"skipped","Sat Sep 13 01:25:54 UTC 2025","Sat Sep 13 01:25:55 UTC 2025","167","tests.statistic","test_team_go","","","","test_get_team_go_statistic_negative[payload1-client]","Негативный тест: ошибка при получении статистики по команде с невалидным телом запроса"
"passed","Sat Sep 13 00:51:21 UTC 2025","Sat Sep 13 00:51:22 UTC 2025","470","tests.admin_panel.items","test_get_item_translation","","","","test_get_item_translation_unauthorized",""
"passed","Sat Sep 13 01:06:10 UTC 2025","Sat Sep 13 01:06:10 UTC 2025","462","tests.auth","test_01_check_version","","","","test_check_version[Ios-1.5.3-200]","Тест проверяет API /check_version для разных платформ и версий."
"passed","Sat Sep 13 01:07:10 UTC 2025","Sat Sep 13 01:07:11 UTC 2025","462","tests.auth","test_06_full_logout","","","","test_full_logout_without_auth","Тест полного выхода без авторизации."
"skipped","Sat Sep 13 01:24:02 UTC 2025","Sat Sep 13 01:24:02 UTC 2025","0","tests.register","test_02_register_partner","","","","test_register_partner_positive[client-403]","Тест: позитивные тесты для регистрации партнера вручную"
"passed","Sat Sep 13 01:30:07 UTC 2025","Sat Sep 13 01:30:07 UTC 2025","175","tests.tickets","test_01_get_tickets","","","","test_get_tickets_success[filter1-sort0-search2-pagination0-partner]","Позитивный тест: получение списка тикетов с разными комбинациями параметров"
"passed","Sat Sep 13 01:09:13 UTC 2025","Sat Sep 13 01:09:13 UTC 2025","158","tests.cart","test_user_locale","","","","test_update_user_locale_invalid_payload[client-payload0-400]","Негативный тест: обновление локали с невалидным payload."
"passed","Sat Sep 13 01:05:43 UTC 2025","Sat Sep 13 01:05:44 UTC 2025","1248","tests.admin_panel.slides","test_62_slides_get_upload_urls","","","","test_get_upload_urls_invalid_files[data0-400]","Негативный тест: пустой список файлов, отсутствие 'filenames' в теле запроса."
"passed","Sat Sep 13 00:59:05 UTC 2025","Sat Sep 13 00:59:06 UTC 2025","717","tests.admin_panel.promo","test_78_delete_promotion_item","","","","test_delete_promotion_item_invalid_id[999999-999999]","Негативный тест: удаление элемента акции с невалидным ID продукта."
"passed","Sat Sep 13 00:46:11 UTC 2025","Sat Sep 13 00:46:12 UTC 2025","1663","tests.admin_panel.categories","test_50_upload_category_images","","","","test_upload_only_single_image_field_should_not_fill_others[image_site-test_png.png-image/png-image_site]","Проверка: загрузка только одного из полей (icon, image, image_site) не должна заполнять другие."
"passed","Sat Sep 13 01:29:43 UTC 2025","Sat Sep 13 01:29:43 UTC 2025","182","tests.tickets","test_01_get_tickets","","","","test_get_tickets_success[filter0-sort1-search2-pagination1-admin]","Позитивный тест: получение списка тикетов с разными комбинациями параметров"
"passed","Sat Sep 13 01:22:03 UTC 2025","Sat Sep 13 01:22:05 UTC 2025","1686","tests.one_c","test_create_1c_stock","","","","test_timezone_same_name_same_offset_reuses_existing",""
"passed","Sat Sep 13 01:25:28 UTC 2025","Sat Sep 13 01:25:29 UTC 2025","167","tests.statistic","test_team_go","","","","test_get_team_go_statistic_positive[payload0-client]","Позитивный тест: получение статистики по команде с валидным телом запроса"
"passed","Sat Sep 13 01:36:38 UTC 2025","Sat Sep 13 01:36:38 UTC 2025","616","tests.tickets","test_04_create_ticket","","","","test_create_ticket_success[admin-attachments0-ReceivingDefectiveProductsOrShortage]","Позитивный тест: создание тикета с разными темами и вложениями для клиента, партнера и админа"
"passed","Sat Sep 13 00:58:14 UTC 2025","Sat Sep 13 00:58:15 UTC 2025","993","tests.admin_panel.promo","test_77_create_promotion_item","","","","test_create_promotion_item_forbidden[client]","Негативный тест: создание элемента акции не-админом запрещено."
"passed","Sat Sep 13 01:26:41 UTC 2025","Sat Sep 13 01:26:42 UTC 2025","177","tests.statistic","test_team_registrations","","","","test_get_team_registration_statistic_positive[payload3-client]","Позитивный тест: получение статистики по регистрации команды с валидным телом запроса"
"passed","Sat Sep 13 01:03:58 UTC 2025","Sat Sep 13 01:03:59 UTC 2025","1041","tests.admin_panel.slides","test_59_update_slide","","","","test_update_slide_invalid_payload[payload21-422]","Негативный тест: обновление слайда с невалидным или неполным телом запроса."
"skipped","Sat Sep 13 00:43:01 UTC 2025","Sat Sep 13 00:43:01 UTC 2025","0","tests.account","test_0_marathon","","","","test_create_product_brand_invalid_payload[params1-400-partner]",""
"passed","Sat Sep 13 00:54:24 UTC 2025","Sat Sep 13 00:54:25 UTC 2025","1053","tests.admin_panel.products","test_42_update_product_brand","","","","test_update_product_brand_invalid_payload[payload0-expected_code0]","Негативный тест: обновление бренда с невалидным или неполным телом запроса."
"passed","Sat Sep 13 01:30:44 UTC 2025","Sat Sep 13 01:30:44 UTC 2025","173","tests.tickets","test_01_get_tickets","","","","test_get_tickets_success[filter1-sort1-search2-pagination1-partner]","Позитивный тест: получение списка тикетов с разными комбинациями параметров"
"passed","Sat Sep 13 01:02:07 UTC 2025","Sat Sep 13 01:02:08 UTC 2025","692","tests.admin_panel.slides","test_57_create_slide","","","","test_create_slide_invalid_payload[payload13-400]","Негативные тесты: некорректные и неполные payload'ы."
"skipped","Sat Sep 13 00:44:10 UTC 2025","Sat Sep 13 00:44:10 UTC 2025","0","tests.account","test_family_agreement_create_three","","","","test_create_family_agreement_three_positive[admin-payload1]","Позитивные тесты на создание семейного соглашения при аннулировании второго партнера"
"passed","Sat Sep 13 01:28:25 UTC 2025","Sat Sep 13 01:28:26 UTC 2025","1319","tests.temporary","test_compare_api_postgreSQL","","","","test_create_and_get_categories_by_id",""
"passed","Sat Sep 13 01:37:52 UTC 2025","Sat Sep 13 01:37:53 UTC 2025","1264","tests.tickets","test_04_create_ticket","","","","test_create_ticket_success[admin-attachments2-ReceivingDefectiveProducts]","Позитивный тест: создание тикета с разными темами и вложениями для клиента, партнера и админа"
"passed","Sat Sep 13 01:10:32 UTC 2025","Sat Sep 13 01:10:33 UTC 2025","895","tests.catalog","test_create_admin_product","","","","test_create_product_invalid_payload[payload7-422]",""
"passed","Sat Sep 13 01:36:23 UTC 2025","Sat Sep 13 01:36:23 UTC 2025","599","tests.tickets","test_04_create_ticket","","","","test_create_ticket_success[admin-attachments0-QuestionsAboutInternationalDelivery]","Позитивный тест: создание тикета с разными темами и вложениями для клиента, партнера и админа"
"skipped","Sat Sep 13 00:44:10 UTC 2025","Sat Sep 13 00:44:10 UTC 2025","0","tests.account","test_funds_transfer_list","","","","test_get_funds_transfer_list_positive[client-payload0]","Позитивные тесты на получение истории переводов/выводов средств"
"skipped","Sat Sep 13 00:44:10 UTC 2025","Sat Sep 13 00:44:10 UTC 2025","0","tests.account","test_funds_transfer_send","","","","test_send_funds_transfer_positive[partner-payload1]","Позитивные тесты на перевод/вывод средств по visibleId"
"passed","Sat Sep 13 00:59:13 UTC 2025","Sat Sep 13 00:59:14 UTC 2025","1035","tests.admin_panel.sliders","test_51_get_sliders","","","","test_get_sliders_after_adding","Интеграционный тест: добавление слайдера и проверка его наличия в списке"
"passed","Sat Sep 13 01:08:55 UTC 2025","Sat Sep 13 01:08:56 UTC 2025","461","tests.cart","test_user_locale","","","","test_update_user_locale_valid_payload_1[partner-payload0]","
    Позитивный тест: Обновление языка/склада/локали авторизованным пользователем."
"passed","Sat Sep 13 00:59:00 UTC 2025","Sat Sep 13 00:59:01 UTC 2025","660","tests.admin_panel.promo","test_78_delete_promotion_item","","","","test_delete_promotion_item_invalid_id[-1--1]","Негативный тест: удаление элемента акции с невалидным ID продукта."
"passed","Sat Sep 13 00:42:01 UTC 2025","Sat Sep 13 00:42:02 UTC 2025","779","tests.PROJECT_FUND.initiatives","test_get_initiative_by_id","","","","test_get_initiative_by_valid_id[https://dev.ewahelps.com/api]","Позитивный тест: Получение инициативы по идентификатору"
"passed","Sat Sep 13 01:03:56 UTC 2025","Sat Sep 13 01:03:57 UTC 2025","1048","tests.admin_panel.slides","test_59_update_slide","","","","test_update_slide_invalid_payload[payload20-422]","Негативный тест: обновление слайда с невалидным или неполным телом запроса."
"passed","Sat Sep 13 00:58:46 UTC 2025","Sat Sep 13 00:58:47 UTC 2025","1562","tests.admin_panel.promo","test_77_create_promotion_item","","","","test_update_promotion_item_success","Позитивный тест: успешное обновление элемента акции"
"passed","Sat Sep 13 01:10:11 UTC 2025","Sat Sep 13 01:10:12 UTC 2025","649","tests.catalog","test_create_admin_product","","","","test_create_admin_product_forbidden_for_non_admin[client]",""
"passed","Sat Sep 13 00:58:18 UTC 2025","Sat Sep 13 00:58:19 UTC 2025","471","tests.admin_panel.promo","test_77_create_promotion_item","","","","test_create_promotion_item_unauthorized","Негативный тест: создание элемента акции без авторизации."
"passed","Sat Sep 13 01:35:01 UTC 2025","Sat Sep 13 01:35:02 UTC 2025","1362","tests.tickets","test_04_create_ticket","","","","test_create_ticket_success[partner-attachments1-QuestionsAboutPaymentsToIP]","Позитивный тест: создание тикета с разными темами и вложениями для клиента, партнера и админа"
"skipped","Sat Sep 13 00:45:05 UTC 2025","Sat Sep 13 00:45:06 UTC 2025","709","tests.admin_panel","test_report_accruals","","","","test_report_accruals_invalid_payload[payload1-400]",""
"passed","Sat Sep 13 01:16:50 UTC 2025","Sat Sep 13 01:16:50 UTC 2025","160","tests.delivery","test_01_save_delivery_address","","","","test_save_delivery_address_negative[client-payload3-400]","Негативные тесты на сохранение адреса доставки"
"passed","Sat Sep 13 01:24:55 UTC 2025","Sat Sep 13 01:24:56 UTC 2025","158","tests.statistic","test_team_activations","","","","test_get_team_activation_statistic_negative[payload0-admin]","Негативный тест: ошибка при получении статистики активации команды с невалидным телом запроса"
"passed","Sat Sep 13 00:47:07 UTC 2025","Sat Sep 13 00:47:08 UTC 2025","695","tests.admin_panel.categories","test_56_v2_create_category","","","","test_v2_create_category_invalid_payload[payload5-422]","Негативный тест: создание категории с невалидным телом запроса."
"passed","Sat Sep 13 00:49:29 UTC 2025","Sat Sep 13 00:49:30 UTC 2025","877","tests.admin_panel.items","test_create_item","","","","test_create_item_invalid_payload[payload6-expected_code6]","
    Негативный тест: создание варианта с невалидным телом запроса.
    Если сервер внезапно вернул успех — удаляем созданный item из БД.
    "
"passed","Sat Sep 13 01:09:05 UTC 2025","Sat Sep 13 01:09:06 UTC 2025","459","tests.cart","test_user_locale","","","","test_update_user_locale_valid_payload_1[partner-payload5]","
    Позитивный тест: Обновление языка/склада/локали авторизованным пользователем."
"skipped","Sat Sep 13 00:44:10 UTC 2025","Sat Sep 13 00:44:10 UTC 2025","0","tests.account","test_token_revoke","","","","test_revoke_token_positive[client-payload0]","Позитивные тесты на удаление токена"
"passed","Sat Sep 13 01:04:58 UTC 2025","Sat Sep 13 01:05:01 UTC 2025","3708","tests.admin_panel.slides","test_61_upload_slides_images","","","","test_upload_slide_images_file_too_large[4.7-fields_to_send4-204]","Негативный тест: загрузка слишком большого изображения."
"passed","Sat Sep 13 01:32:05 UTC 2025","Sat Sep 13 01:32:05 UTC 2025","160","tests.tickets","test_01_get_tickets","","","","test_get_tickets_invalid_search[invalid_search1-400-client]","Негативный тест: передаем некорректные параметры поиска"
"skipped","Sat Sep 13 01:27:31 UTC 2025","Sat Sep 13 01:27:31 UTC 2025","0","tests.stock","test_create_stock","","","","test_create_stock_with_empty_string_log_if_not_200[user_has_access]",""
"passed","Sat Sep 13 00:54:57 UTC 2025","Sat Sep 13 00:54:57 UTC 2025","682","tests.admin_panel.products","test_43_delete_product_brand","","","","test_delete_product_brand_invalid_id[9999999]","Негативный тест: удаление несуществующего или некорректного бренда."
"passed","Sat Sep 13 01:03:15 UTC 2025","Sat Sep 13 01:03:16 UTC 2025","1056","tests.admin_panel.slides","test_59_update_slide","","","","test_update_slide_invalid_payload[payload0-expected_code0]","Негативный тест: обновление слайда с невалидным или неполным телом запроса."
"passed","Sat Sep 13 01:35:54 UTC 2025","Sat Sep 13 01:35:55 UTC 2025","1156","tests.tickets","test_04_create_ticket","","","","test_create_ticket_success[partner-attachments2-QuestionsAboutTheWorkOfTheStructureAndMentors]","Позитивный тест: создание тикета с разными темами и вложениями для клиента, партнера и админа"
"passed","Sat Sep 13 00:45:21 UTC 2025","Sat Sep 13 00:45:23 UTC 2025","1513","tests.admin_panel.categories","test_47_get_categories_by_id","","","","test_get_categories_by_id_forbidden[client]","Негативный тест: получение категории по ID не-админом."
"passed","Sat Sep 13 00:56:02 UTC 2025","Sat Sep 13 00:56:03 UTC 2025","862","tests.admin_panel.promo","test_72_create_promotion","","","","test_create_promotion_success","Позитивный тест: успешное создание акции (все поля)."
"skipped","Sat Sep 13 01:23:35 UTC 2025","Sat Sep 13 01:23:35 UTC 2025","0","tests.orders","test_orders_v2_pay","","","","test_orders_v2_pay_invalid_data[invalid_payload0-400]","Негативный тест: отправка некорректных данных"
"passed","Sat Sep 13 01:09:20 UTC 2025","Sat Sep 13 01:09:20 UTC 2025","151","tests.cart","test_user_locale","","","","test_update_user_locale_invalid_payload[client-payload4-400]","Негативный тест: обновление локали с невалидным payload."
"skipped","Sat Sep 13 01:40:02 UTC 2025","Sat Sep 13 01:40:03 UTC 2025","1394","tests.tickets","test_10_send_message_to_ticket","","","","test_send_message_validation[message_payload1-400]","Проверка валидации входных данных при отправке сообщений"
"passed","Sat Sep 13 00:53:13 UTC 2025","Sat Sep 13 00:53:13 UTC 2025","442","tests.admin_panel.products","test_39_get_product_brands","","","","test_get_product_brands_unauthorized","Негативный тест: получение брендов без авторизации."
"passed","Sat Sep 13 01:15:41 UTC 2025","Sat Sep 13 01:15:46 UTC 2025","4970","tests.catalog","test_update_admin_product","","","","test_update_admin_product_invalid_payload[update_payload8-422]",""
"passed","Sat Sep 13 01:03:54 UTC 2025","Sat Sep 13 01:03:55 UTC 2025","1002","tests.admin_panel.slides","test_59_update_slide","","","","test_update_slide_invalid_payload[payload19-422]","Негативный тест: обновление слайда с невалидным или неполным телом запроса."
"passed","Sat Sep 13 01:32:13 UTC 2025","Sat Sep 13 01:32:13 UTC 2025","159","tests.tickets","test_01_get_tickets","","","","test_get_tickets_invalid_filter[invalid_filter0-400-partner]","Негативный тест: передаем некорректные параметры фильтрации"
"skipped","Sat Sep 13 00:41:59 UTC 2025","Sat Sep 13 00:41:59 UTC 2025","0","tests.PROJECT_EDUCATION.test_system","04_finish_test","","","","test_finish_test_unauthorized","Негативный тест: запуск теста без авторизации"
"passed","Sat Sep 13 01:40:36 UTC 2025","Sat Sep 13 01:40:36 UTC 2025","668","tests.tickets","test_12_delete_message","","","","test_delete_ticket_message_negative[999999-400]","Негативные тесты: удаление с некорректными данными"
"skipped","Sat Sep 13 00:44:10 UTC 2025","Sat Sep 13 00:44:10 UTC 2025","0","tests.account","test_family_agreement_create_three","","","","test_create_family_agreement_three_positive[admin-payload0]","Позитивные тесты на создание семейного соглашения при аннулировании второго партнера"
"skipped","Sat Sep 13 00:43:01 UTC 2025","Sat Sep 13 00:43:01 UTC 2025","0","tests.account","test_0_marathon","","","","test_create_product_brand_invalid_payload[params2-400-partner]",""
"skipped","Sat Sep 13 01:19:14 UTC 2025","Sat Sep 13 01:19:15 UTC 2025","945","tests.fund","test_get_top_donors","","","","test_get_top_donors_success[start,end-https://dev.ewahelps.com/api]",""
"skipped","Sat Sep 13 01:23:03 UTC 2025","Sat Sep 13 01:23:03 UTC 2025","0","tests.orders","test_create_order_by_delivery_address","","","","test_create_order_permissions[authorize_client-authorize_client-200]","Тест: проверка прав доступа при создании заказа по сохраненному адресу"
"skipped","Sat Sep 13 01:23:14 UTC 2025","Sat Sep 13 01:23:14 UTC 2025","0","tests.orders","test_group_order_change_country","","","","test_change_country_success[authorize_partner-200]","Позитивные тесты: успешное изменение страны в групповом заказе"
"passed","Sat Sep 13 01:38:31 UTC 2025","Sat Sep 13 01:38:31 UTC 2025","461","tests.tickets","test_04_create_ticket","","","","test_create_ticket_unauthorized","Негативный тест: попытка создания тикета без авторизации"
"skipped","Sat Sep 13 00:44:10 UTC 2025","Sat Sep 13 00:44:10 UTC 2025","0","tests.account","test_pass_change","","","","test_change_password_positive[client-payload0]","Позитивные тесты на изменение пароля"
"passed","Sat Sep 13 01:07:49 UTC 2025","Sat Sep 13 01:07:49 UTC 2025","341","tests.cart","test_get_delivery_cost","","","","test_get_delivery_cost_success_partial_payload[partner-payload2-400]","Позитивный тест: успешное получение ТК при неполном наборе (город без региона, без ID и т.п.)"
"passed","Sat Sep 13 01:00:58 UTC 2025","Sat Sep 13 01:00:59 UTC 2025","1019","tests.admin_panel.sliders","test_55_delete_sliders","","","","test_delete_slider_forbidden[partner]","Негативный тест: попытка удаления слайдера не-админом."
"passed","Sat Sep 13 00:50:51 UTC 2025","Sat Sep 13 00:50:52 UTC 2025","684","tests.admin_panel.items","test_delete_item_translation","","","","test_delete_item_translation_invalid_id[0]","Негативный тест: удаление перевода с невалидным или несуществующим ID item."
"skipped","Sat Sep 13 00:44:10 UTC 2025","Sat Sep 13 00:44:10 UTC 2025","0","tests.account","test_family_agreement_create_one","","","","test_create_family_agreement_one_positive[partner-payload0]","Позитивные тесты на создание семейного соглашения при отсутствующем втором партнере"
"passed","Sat Sep 13 01:25:09 UTC 2025","Sat Sep 13 01:25:10 UTC 2025","159","tests.statistic","test_team_activations","","","","test_get_team_activation_statistic_negative[payload3-partner]","Негативный тест: ошибка при получении статистики активации команды с невалидным телом запроса"
"passed","Sat Sep 13 01:09:22 UTC 2025","Sat Sep 13 01:09:22 UTC 2025","267","tests.cart","test_user_locale","","","","test_update_user_locale_invalid_payload[client-payload5-400]","Негативный тест: обновление локали с невалидным payload."
"skipped","Sat Sep 13 01:10:38 UTC 2025","Sat Sep 13 01:10:38 UTC 2025","0","tests.catalog","test_create_admin_product","","","","test_create_product_duplicate_slug[ka]",""
"passed","Sat Sep 13 01:07:12 UTC 2025","Sat Sep 13 01:07:15 UTC 2025","2974","tests.cart","test_get_delivery_cost","","","","test_get_delivery_cost_success_full_payload[client]","Позитивный тест: успешное получение ТК при полном наборе параметров"
"passed","Sat Sep 13 00:54:51 UTC 2025","Sat Sep 13 00:54:52 UTC 2025","1072","tests.admin_panel.products","test_43_delete_product_brand","","","","test_delete_product_brand_forbidden[partner]","Негативный тест: попытка удаления бренда не-админом."
"passed","Sat Sep 13 00:53:25 UTC 2025","Sat Sep 13 00:53:26 UTC 2025","666","tests.admin_panel.products","test_40_create_product_brand","","","","test_create_product_brand_invalid_payload[payload1-expected_codes1]","Негативные кейсы: невалидные поля при создании бренда."
"passed","Sat Sep 13 01:37:41 UTC 2025","Sat Sep 13 01:37:42 UTC 2025","1272","tests.tickets","test_04_create_ticket","","","","test_create_ticket_success[admin-attachments2-QuestionsAboutTheRewardSystemMarketingPlan]","Позитивный тест: создание тикета с разными темами и вложениями для клиента, партнера и админа"
"passed","Sat Sep 13 01:18:15 UTC 2025","Sat Sep 13 01:18:15 UTC 2025","153","tests.delivery","test_02_get_delivery_address","","","","test_get_delivery_addresses_invalid_pagination[invalid_pagination2-client]","Негатив: некорректные параметры пагинации"
"passed","Sat Sep 13 01:09:39 UTC 2025","Sat Sep 13 01:09:44 UTC 2025","4846","tests.catalog","test_create_admin_product","","","","test_create_admin_product_full_payload",""
"passed","Sat Sep 13 01:01:28 UTC 2025","Sat Sep 13 01:01:29 UTC 2025","159","tests.admin_panel.slides","test_0_slides_sort","","","","test_slides_sort_by_id_forbidden[partner]","Негативный тест: не админом."
"passed","Sat Sep 13 00:48:43 UTC 2025","Sat Sep 13 00:48:44 UTC 2025","669","tests.admin_panel.categories","test_80_create_category_translation","","","","test_create_category_translation_invalid_payload[payload5-422]","Негативный тест: создание перевода с невалидным payload."
"passed","Sat Sep 13 00:56:29 UTC 2025","Sat Sep 13 00:56:30 UTC 2025","160","tests.admin_panel.promo","test_72_create_promotion","","","","test_create_promotion_forbidden[partner]","Негативный тест: создание акции не-админом запрещено."
"passed","Sat Sep 13 00:53:10 UTC 2025","Sat Sep 13 00:53:10 UTC 2025","159","tests.admin_panel.products","test_39_get_product_brands","","","","test_get_product_brands_forbidden[client]","Негативный тест: получение списка брендов не админом."
"passed","Sat Sep 13 00:53:45 UTC 2025","Sat Sep 13 00:53:46 UTC 2025","1289","tests.admin_panel.products","test_40_create_product_brand","","","","test_create_duplicate_brand_should_true","Позитивный тест: попытка создать бренд с теми же параметрами (разрешено)."
"skipped","Sat Sep 13 01:10:38 UTC 2025","Sat Sep 13 01:10:38 UTC 2025","0","tests.catalog","test_create_admin_product","","","","test_create_product_duplicate_slug[en]",""
"passed","Sat Sep 13 00:57:44 UTC 2025","Sat Sep 13 00:57:45 UTC 2025","1026","tests.admin_panel.promo","test_75_delete_promotion_by_id","","","","test_delete_promotion_forbidden[partner]","Негативный тест: попытка удаления акции не-админом."
"passed","Sat Sep 13 00:42:55 UTC 2025","Sat Sep 13 00:42:55 UTC 2025","153","tests.account","test_0_funds_transfer_withdrawal_info","","","","test_get_withdrawal_info_positive[admin-403]","Позитивные тесты на получение информации о выводе средств"
"passed","Sat Sep 13 01:37:24 UTC 2025","Sat Sep 13 01:37:25 UTC 2025","1193","tests.tickets","test_04_create_ticket","","","","test_create_ticket_success[admin-attachments2-QuestionsAboutTheHousingAndCarProgram]","Позитивный тест: создание тикета с разными темами и вложениями для клиента, партнера и админа"
"passed","Sat Sep 13 01:14:19 UTC 2025","Sat Sep 13 01:14:24 UTC 2025","4933","tests.catalog","test_update_admin_product","","","","test_update_admin_product_forbidden[partner]",""
"passed","Sat Sep 13 00:45:40 UTC 2025","Sat Sep 13 00:45:41 UTC 2025","1229","tests.admin_panel.categories","test_49_delete_category","","","","test_delete_category_success","Позитивный тест: успешное удаление категории."
"skipped","Sat Sep 13 01:26:03 UTC 2025","Sat Sep 13 01:26:03 UTC 2025","166","tests.statistic","test_team_go","","","","test_get_team_go_statistic_negative[payload2-admin]","Негативный тест: ошибка при получении статистики по команде с невалидным телом запроса"
"passed","Sat Sep 13 00:47:52 UTC 2025","Sat Sep 13 00:47:53 UTC 2025","1582","tests.admin_panel.categories","test_79_get_category_translation","","","","test_get_category_translation_forbidden[client]",""
"passed","Sat Sep 13 01:40:19 UTC 2025","Sat Sep 13 01:40:19 UTC 2025","158","tests.tickets","test_11_update_message","","","","test_update_nonexistent_message[partner]","Негативный тест: попытка редактирования несуществующего сообщения"
"passed","Sat Sep 13 01:20:34 UTC 2025","Sat Sep 13 01:20:49 UTC 2025","14601","tests.integration","test_order_pickup_ru","","","","test_order_pickup_ru[CDEK]",""
"passed","Sat Sep 13 01:00:13 UTC 2025","Sat Sep 13 01:00:14 UTC 2025","998","tests.admin_panel.sliders","test_54_update_slider","","","","test_update_slider_forbidden[client]","Негативный тест: попытка обновления слайдера не-админом."
"failed","Sat Sep 13 01:16:35 UTC 2025","Sat Sep 13 01:16:36 UTC 2025","1487","tests.delivery","test_01_save_delivery_address","","","","test_save_delivery_address_positive[partner-payload3]","Позитивные тесты на сохранение адреса доставки"
"passed","Sat Sep 13 01:01:36 UTC 2025","Sat Sep 13 01:01:38 UTC 2025","1229","tests.admin_panel.slides","test_56_get_slides","","","","test_get_slides_after_adding","Интеграционный тест: добавление слайда и проверка его наличия в списке по ID."
"passed","Sat Sep 13 01:07:39 UTC 2025","Sat Sep 13 01:07:39 UTC 2025","321","tests.cart","test_get_delivery_cost","","","","test_get_delivery_cost_success_partial_payload[client-payload6-400]","Позитивный тест: успешное получение ТК при неполном наборе (город без региона, без ID и т.п.)"
"passed","Sat Sep 13 01:21:06 UTC 2025","Sat Sep 13 01:21:21 UTC 2025","15490","tests.integration","test_order_pickup_ru","","","","test_order_pickup_ru[FivePost]",""
"passed","Sat Sep 13 01:33:53 UTC 2025","Sat Sep 13 01:33:54 UTC 2025","1365","tests.tickets","test_04_create_ticket","","","","test_create_ticket_success[client-attachments1-ReceivingProductsShortage]","Позитивный тест: создание тикета с разными темами и вложениями для клиента, партнера и админа"
"passed","Sat Sep 13 01:27:04 UTC 2025","Sat Sep 13 01:27:04 UTC 2025","159","tests.statistic","test_team_registrations","","","","test_get_team_registration_statistic_negative[payload3-partner]","Негативный тест: ошибка при получении статистики регистрации команды с невалидным телом запроса"
"passed","Sat Sep 13 01:30:25 UTC 2025","Sat Sep 13 01:30:25 UTC 2025","181","tests.tickets","test_01_get_tickets","","","","test_get_tickets_success[filter1-sort1-search0-pagination1-admin]","Позитивный тест: получение списка тикетов с разными комбинациями параметров"
"passed","Sat Sep 13 01:31:38 UTC 2025","Sat Sep 13 01:31:38 UTC 2025","185","tests.tickets","test_01_get_tickets","","","","test_get_tickets_success[filter2-sort1-search1-pagination1-admin]","Позитивный тест: получение списка тикетов с разными комбинациями параметров"
"passed","Sat Sep 13 00:43:52 UTC 2025","Sat Sep 13 00:43:53 UTC 2025","666","tests.account","test_add_cover_url","","","","test_add_cover_invalid_payload[payload1]",""
"passed","Sat Sep 13 00:59:34 UTC 2025","Sat Sep 13 00:59:34 UTC 2025","647","tests.admin_panel.sliders","test_52_create_slider","","","","test_create_slider_invalid_payload[payload7-422]","Негативный тест: попытка создать слайдер с невалидным payload."
"passed","Sat Sep 13 01:22:47 UTC 2025","Sat Sep 13 01:22:49 UTC 2025","1727","tests.one_c","test_create_1c_stock","","","","test_post_id_1c_int32_boundaries",""
"passed","Sat Sep 13 01:30:16 UTC 2025","Sat Sep 13 01:30:16 UTC 2025","183","tests.tickets","test_01_get_tickets","","","","test_get_tickets_success[filter1-sort1-search0-pagination0-client]","Позитивный тест: получение списка тикетов с разными комбинациями параметров"
"passed","Sat Sep 13 01:29:36 UTC 2025","Sat Sep 13 01:29:36 UTC 2025","180","tests.tickets","test_01_get_tickets","","","","test_get_tickets_success[filter0-sort1-search2-pagination0-partner]","Позитивный тест: получение списка тикетов с разными комбинациями параметров"
"passed","Sat Sep 13 01:03:17 UTC 2025","Sat Sep 13 01:03:18 UTC 2025","1080","tests.admin_panel.slides","test_59_update_slide","","","","test_update_slide_invalid_payload[payload1-expected_code1]","Негативный тест: обновление слайда с невалидным или неполным телом запроса."
"passed","Sat Sep 13 01:26:17 UTC 2025","Sat Sep 13 01:26:17 UTC 2025","157","tests.statistic","test_team_go","","","","test_get_team_go_statistic_negative[payload5-partner]","Негативный тест: ошибка при получении статистики по команде с невалидным телом запроса"
"passed","Sat Sep 13 01:02:55 UTC 2025","Sat Sep 13 01:02:56 UTC 2025","710","tests.admin_panel.slides","test_58_get_slides_by_id","","","","test_get_slide_not_found","Негативный тест: слайд с несуществующим ID не найден."
"passed","Sat Sep 13 00:49:16 UTC 2025","Sat Sep 13 00:49:17 UTC 2025","641","tests.admin_panel.items","test_create_item","","","","test_create_item_unauthorized","Негативный тест: создание варианта без авторизации."
"passed","Sat Sep 13 01:08:35 UTC 2025","Sat Sep 13 01:08:37 UTC 2025","2410","tests.cart","test_user_locale","","","","test_update_user_locale_valid_payload_1[client-payload2]","
    Позитивный тест: Обновление языка/склада/локали авторизованным пользователем."
"passed","Sat Sep 13 01:01:05 UTC 2025","Sat Sep 13 01:01:06 UTC 2025","630","tests.admin_panel.sliders","test_55_delete_sliders","","","","test_delete_slider_invalid_id[abc]","Негативный тест: удаление несуществующего или некорректного слайдера."
"passed","Sat Sep 13 01:01:41 UTC 2025","Sat Sep 13 01:01:41 UTC 2025","151","tests.admin_panel.slides","test_57_create_slide","","","","test_create_slide_forbidden[client]","Негативный тест: создание слайда не-админом запрещено."
"passed","Sat Sep 13 00:49:22 UTC 2025","Sat Sep 13 00:49:23 UTC 2025","872","tests.admin_panel.items","test_create_item","","","","test_create_item_invalid_payload[payload2-expected_code2]","
    Негативный тест: создание варианта с невалидным телом запроса.
    Если сервер внезапно вернул успех — удаляем созданный item из БД.
    "
"skipped","Sat Sep 13 00:43:01 UTC 2025","Sat Sep 13 00:43:01 UTC 2025","0","tests.account","test_0_marathon","","","","test_create_product_brand_invalid_payload[params6-400-partner]",""
"passed","Sat Sep 13 00:42:05 UTC 2025","Sat Sep 13 00:42:05 UTC 2025","461","tests.PROJECT_FUND.initiatives","test_get_initiative_by_id","","","","test_get_initiative_by_invalid_id[-1-https://dev.ewahelps.com/api]",""
"passed","Sat Sep 13 01:22:22 UTC 2025","Sat Sep 13 01:22:23 UTC 2025","444","tests.one_c","test_create_1c_stock","","","","test_post_bad_request_or_unprocessable[<lambda>0]",""
"skipped","Sat Sep 13 00:46:29 UTC 2025","Sat Sep 13 00:46:30 UTC 2025","1494","tests.admin_panel.categories","test_50_upload_category_images","","","","test_upload_category_images_file_too_large[4.7-fields_to_send0-204]","Негативный тест: загрузка слишком большого изображения."
"skipped","Sat Sep 13 01:09:12 UTC 2025","Sat Sep 13 01:09:12 UTC 2025","0","tests.cart","test_user_locale","","","","test_update_user_locale_valid_payload[payload3]","
    Позитивный тест: Обновление языка/склада/локали НЕавторизованным пользователем с указанной корзиной в cookie.
    "
"passed","Sat Sep 13 01:02:05 UTC 2025","Sat Sep 13 01:02:06 UTC 2025","727","tests.admin_panel.slides","test_57_create_slide","","","","test_create_slide_invalid_payload[payload12-400]","Негативные тесты: некорректные и неполные payload'ы."
"skipped","Sat Sep 13 01:27:31 UTC 2025","Sat Sep 13 01:27:31 UTC 2025","0","tests.stock","test_create_stock","","","","test_create_stock_with_empty_string_log_if_not_200[is_storage]",""
"passed","Sat Sep 13 01:24:43 UTC 2025","Sat Sep 13 01:24:43 UTC 2025","169","tests.statistic","test_team_activations","","","","test_get_team_activation_statistic_positive[payload2-partner]","Позитивный тест: получение статистики по активации команды с валидным телом запроса"
"passed","Sat Sep 13 01:24:47 UTC 2025","Sat Sep 13 01:24:47 UTC 2025","173","tests.statistic","test_team_activations","","","","test_get_team_activation_statistic_positive[payload3-client]","Позитивный тест: получение статистики по активации команды с валидным телом запроса"
"passed","Sat Sep 13 00:43:20 UTC 2025","Sat Sep 13 00:43:20 UTC 2025","176","tests.account","test_0_top_partners_game_0824","","","","test_get_top_partners_game_0824_positive[partner]","Позитивные тесты на получение топ-партнеров в игре 08/24"
"passed","Sat Sep 13 01:27:16 UTC 2025","Sat Sep 13 01:27:16 UTC 2025","159","tests.statistic","test_team_registrations","","","","test_get_team_registration_statistic_negative[payload5-admin]","Негативный тест: ошибка при получении статистики регистрации команды с невалидным телом запроса"
"skipped","Sat Sep 13 00:43:01 UTC 2025","Sat Sep 13 00:43:01 UTC 2025","0","tests.account","test_0_marathon","","","","test_get_marathon_is_purchased[client-200]","Позитивный кейс — проверяет приобретал ли аккаунт марафонский набор (все поля)"
"passed","Sat Sep 13 01:27:06 UTC 2025","Sat Sep 13 01:27:06 UTC 2025","159","tests.statistic","test_team_registrations","","","","test_get_team_registration_statistic_negative[payload3-admin]","Негативный тест: ошибка при получении статистики регистрации команды с невалидным телом запроса"
"passed","Sat Sep 13 01:25:23 UTC 2025","Sat Sep 13 01:25:23 UTC 2025","154","tests.statistic","test_team_activations","","","","test_get_team_activation_statistic_negative[payload6-client]","Негативный тест: ошибка при получении статистики активации команды с невалидным телом запроса"
"passed","Sat Sep 13 01:02:19 UTC 2025","Sat Sep 13 01:02:20 UTC 2025","675","tests.admin_panel.slides","test_57_create_slide","","","","test_create_slide_invalid_payload[payload20-422]","Негативные тесты: некорректные и неполные payload'ы."
"passed","Sat Sep 13 00:46:22 UTC 2025","Sat Sep 13 00:46:23 UTC 2025","1247","tests.admin_panel.categories","test_50_upload_category_images","","","","test_upload_category_images_invalid_format[valid.png-image/png-204]","Негативный тест: загрузка изображений в неверном формате (например, .txt)."
"skipped","Sat Sep 13 00:44:10 UTC 2025","Sat Sep 13 00:44:10 UTC 2025","0","tests.account","test_update","","","","test_update_account_positive[admin-payload1]","Позитивные тесты на обновление данных аккаунта"
"passed","Sat Sep 13 00:50:25 UTC 2025","Sat Sep 13 00:50:26 UTC 2025","720","tests.admin_panel.items","test_create_item_translation","","","","test_create_item_translation_invalid_payload[payload5-code5]","Негативный тест: создание перевода с невалидным payload."
"passed","Sat Sep 13 01:12:15 UTC 2025","Sat Sep 13 01:12:16 UTC 2025","665","tests.catalog","test_create_admin_product_translation","","","","test_create_admin_product_translation_invalid_payload[payload6-422]","Негативные проверки на создание перевода с некорректным payload."
"passed","Sat Sep 13 01:35:28 UTC 2025","Sat Sep 13 01:35:29 UTC 2025","1423","tests.tickets","test_04_create_ticket","","","","test_create_ticket_success[partner-attachments1-ChangePersonalData]","Позитивный тест: создание тикета с разными темами и вложениями для клиента, партнера и админа"
"skipped","Sat Sep 13 01:27:31 UTC 2025","Sat Sep 13 01:27:31 UTC 2025","0","tests.stock","test_create_stock","","","","test_create_stock_with_empty_string_log_if_not_200[address.old_postal_code]",""
"passed","Sat Sep 13 00:45:02 UTC 2025","Sat Sep 13 00:45:02 UTC 2025","158","tests.admin_panel","test_report_accruals","","","","test_report_accruals_forbidden[partner]",""
"passed","Sat Sep 13 00:46:04 UTC 2025","Sat Sep 13 00:46:05 UTC 2025","663","tests.admin_panel.categories","test_50_upload_category_images","","","","test_upload_category_images_invalid_id","Негативный тест: несуществующий ID категории."
"passed","Sat Sep 13 00:48:04 UTC 2025","Sat Sep 13 00:48:05 UTC 2025","704","tests.admin_panel.categories","test_79_get_category_translation","","","","test_get_category_translation_not_found",""
"passed","Sat Sep 13 01:01:35 UTC 2025","Sat Sep 13 01:01:35 UTC 2025","445","tests.admin_panel.slides","test_56_get_slides","","","","test_get_slides_unauthorized","Негативный тест: получение слайдов без авторизации."
"passed","Sat Sep 13 01:29:48 UTC 2025","Sat Sep 13 01:29:48 UTC 2025","189","tests.tickets","test_01_get_tickets","","","","test_get_tickets_success[filter1-sort0-search0-pagination0-admin]","Позитивный тест: получение списка тикетов с разными комбинациями параметров"
"passed","Sat Sep 13 00:41:59 UTC 2025","Sat Sep 13 00:42:00 UTC 2025","1237","tests.PROJECT_FUND.donation","test_get_donation_last","","","","test_get_donation_last[https://dev.ewahelps.com/api]","Позитивный тест: получение топ-100 пожертвований (страница 0)."
"passed","Sat Sep 13 01:38:09 UTC 2025","Sat Sep 13 01:38:10 UTC 2025","159","tests.tickets","test_04_create_ticket","","","","test_create_ticket_invalid_request_type[admin-invalid_request_type-400]","Негативный тест: попытка создания тикета с неверным типом request_type"
"passed","Sat Sep 13 00:52:31 UTC 2025","Sat Sep 13 00:52:34 UTC 2025","2394","tests.admin_panel.products","test_02_recommended_products_add","","","","test_add_duplicate_recommendation","Повторное добавление того же рекомендованного товара"
"skipped","Sat Sep 13 01:28:22 UTC 2025","Sat Sep 13 01:28:22 UTC 2025","0","tests.stock","test_update_stock","","","","test_update_stock_success",""
"passed","Sat Sep 13 01:22:12 UTC 2025","Sat Sep 13 01:22:14 UTC 2025","1569","tests.one_c","test_create_1c_stock","","","","test_full_address_autobuild_compact_without_parentheses",""
"passed","Sat Sep 13 01:26:24 UTC 2025","Sat Sep 13 01:26:24 UTC 2025","160","tests.statistic","test_team_go","","","","test_get_team_go_statistic_negative[payload6-admin]","Негативный тест: ошибка при получении статистики по команде с невалидным телом запроса"
"passed","Sat Sep 13 01:34:43 UTC 2025","Sat Sep 13 01:34:44 UTC 2025","604","tests.tickets","test_04_create_ticket","","","","test_create_ticket_success[partner-attachments0-QuestionsAboutTheWorkOfTheStructureAndMentors]","Позитивный тест: создание тикета с разными темами и вложениями для клиента, партнера и админа"
"passed","Sat Sep 13 01:27:25 UTC 2025","Sat Sep 13 01:27:25 UTC 2025","161","tests.statistic","test_team_registrations","","","","test_get_team_registration_statistic_negative[payload7-partner]","Негативный тест: ошибка при получении статистики регистрации команды с невалидным телом запроса"
"passed","Sat Sep 13 00:54:42 UTC 2025","Sat Sep 13 00:54:43 UTC 2025","996","tests.admin_panel.products","test_42_update_product_brand","","","","test_update_product_brand_invalid_payload[payload9-422]","Негативный тест: обновление бренда с невалидным или неполным телом запроса."
"passed","Sat Sep 13 01:17:11 UTC 2025","Sat Sep 13 01:17:11 UTC 2025","153","tests.delivery","test_01_save_delivery_address","","","","test_save_delivery_address_negative[partner-payload5-400]","Негативные тесты на сохранение адреса доставки"
"passed","Sat Sep 13 01:39:48 UTC 2025","Sat Sep 13 01:39:51 UTC 2025","2869","tests.tickets","test_10_send_message_to_ticket","","","","test_send_message_role_permissions[authorize_partner-authorize_admin-200]","Проверка доступа к отправке сообщений в тикеты в зависимости от роли"
"skipped","Sat Sep 13 01:38:19 UTC 2025","Sat Sep 13 01:38:19 UTC 2025","0","tests.tickets","test_04_create_ticket","","","","test_create_ticket_invalid_title[partner-]","Негативный тест: создание тикета без заголовка"
"passed","Sat Sep 13 01:39:21 UTC 2025","Sat Sep 13 01:39:22 UTC 2025","952","tests.tickets","test_09_get_ticket_messages","","","","test_get_ticket_messages_positive[admin]","Позитивный тест: успешное получение списка сообщений тикета"
"passed","Sat Sep 13 00:46:20 UTC 2025","Sat Sep 13 00:46:21 UTC 2025","1123","tests.admin_panel.categories","test_50_upload_category_images","","","","test_upload_category_images_invalid_format[invalid.exe-application/octet-stream-400]","Негативный тест: загрузка изображений в неверном формате (например, .txt)."
"passed","Sat Sep 13 01:06:31 UTC 2025","Sat Sep 13 01:06:31 UTC 2025","159","tests.auth","test_02_login","","","","test_client_login[client-1398--401]",""
"passed","Sat Sep 13 01:09:15 UTC 2025","Sat Sep 13 01:09:15 UTC 2025","159","tests.cart","test_user_locale","","","","test_update_user_locale_invalid_payload[client-payload1-400]","Негативный тест: обновление локали с невалидным payload."
"passed","Sat Sep 13 01:15:01 UTC 2025","Sat Sep 13 01:15:06 UTC 2025","5001","tests.catalog","test_update_admin_product","","","","test_update_admin_product_invalid_payload[update_payload3-400]",""
"passed","Sat Sep 13 01:13:38 UTC 2025","Sat Sep 13 01:13:38 UTC 2025","463","tests.catalog","test_get_admin_product_translation","","","","test_get_admin_product_translation_unauthorized","Запрос перевода без авторизации — 401."
"skipped","Sat Sep 13 01:19:07 UTC 2025","Sat Sep 13 01:19:08 UTC 2025","142","tests.for_test","test_get_last_message","","","","test_get_last_message[client]","Ручка для получения последнего сообщения для юзеров в тестовой среде"
"passed","Sat Sep 13 00:58:24 UTC 2025","Sat Sep 13 00:58:25 UTC 2025","982","tests.admin_panel.promo","test_77_create_promotion_item","","","","test_create_promotion_item_invalid_payload[payload2-400]",""
"passed","Sat Sep 13 01:29:15 UTC 2025","Sat Sep 13 01:29:15 UTC 2025","174","tests.tickets","test_01_get_tickets","","","","test_get_tickets_success[filter0-sort1-search0-pagination0-partner]","Позитивный тест: получение списка тикетов с разными комбинациями параметров"
"passed","Sat Sep 13 00:55:56 UTC 2025","Sat Sep 13 00:55:56 UTC 2025","158","tests.admin_panel.promo","test_71_get_promotions","","","","test_get_promotions_list_forbidden[client]","Негативный тест: получение списка акций не админом."
"passed","Sat Sep 13 01:07:59 UTC 2025","Sat Sep 13 01:07:59 UTC 2025","384","tests.cart","test_get_delivery_cost","","","","test_get_delivery_cost_success_partial_payload[partner-payload7-200]","Позитивный тест: успешное получение ТК при неполном наборе (город без региона, без ID и т.п.)"
"passed","Sat Sep 13 01:05:59 UTC 2025","Sat Sep 13 01:05:59 UTC 2025","682","tests.admin_panel.slides","test_62_slides_update_video_url","","","","test_update_video_url_invalid[]","Негативный тест: передача некорректной ссылки без предварительной загрузки"
"skipped","Sat Sep 13 00:44:40 UTC 2025","Sat Sep 13 00:44:40 UTC 2025","0","tests.account","test_update_default_stock","","","","test_update_default_stock_positive[client-payload1]","Позитивные тесты на изменение дефолтного склада"
"passed","Sat Sep 13 01:22:31 UTC 2025","Sat Sep 13 01:22:32 UTC 2025","463","tests.one_c","test_create_1c_stock","","","","test_post_bad_request_or_unprocessable[<lambda>6]",""
"passed","Sat Sep 13 01:32:27 UTC 2025","Sat Sep 13 01:32:28 UTC 2025","790","tests.tickets","test_02_get_ticket_by_id","","","","test_get_ticket_success[client]","Позитивный тест: успешное получение тикета по ID для клиента, партнера и администратора."
"skipped","Sat Sep 13 00:44:10 UTC 2025","Sat Sep 13 00:44:10 UTC 2025","0","tests.account","test_get_languages","","","","test_get_languages_success[client-ios-200]","Возвращает список языков, доступных для перевода"
"passed","Sat Sep 13 00:55:12 UTC 2025","Sat Sep 13 00:55:13 UTC 2025","1237","tests.admin_panel.products","test_44_upload_product_brand_images","","","","test_upload_product_brand_images_formats[invalid.txt-text/plain-400]","Проверка загрузки изображений бренда в разных форматах: негативные и позитивные кейсы."
"passed","Sat Sep 13 01:02:17 UTC 2025","Sat Sep 13 01:02:18 UTC 2025","640","tests.admin_panel.slides","test_57_create_slide","","","","test_create_slide_invalid_payload[payload19-422]","Негативные тесты: некорректные и неполные payload'ы."
"skipped","Sat Sep 13 00:44:10 UTC 2025","Sat Sep 13 00:44:10 UTC 2025","0","tests.account","test_family_agreement_update_status","","","","test_update_family_agreement_status_positive[admin-payload0]","Позитивные тесты на изменение статуса семейного соглашения"
"passed","Sat Sep 13 00:56:24 UTC 2025","Sat Sep 13 00:56:25 UTC 2025","663","tests.admin_panel.promo","test_72_create_promotion","","","","test_create_promotion_invalid_data[payload12-422]","Негативные тесты: невалидные данные"
"passed","Sat Sep 13 01:38:03 UTC 2025","Sat Sep 13 01:38:03 UTC 2025","160","tests.tickets","test_04_create_ticket","","","","test_create_ticket_invalid_request_type[partner-invalid_request_type-400]","Негативный тест: попытка создания тикета с неверным типом request_type"
"skipped","Sat Sep 13 01:23:35 UTC 2025","Sat Sep 13 01:23:35 UTC 2025","0","tests.orders","test_orders_v2_pay","","","","test_orders_v2_pay_invalid_data[invalid_payload2-400]","Негативный тест: отправка некорректных данных"
"passed","Sat Sep 13 01:33:29 UTC 2025","Sat Sep 13 01:33:30 UTC 2025","1330","tests.tickets","test_04_create_ticket","","","","test_create_ticket_success[client-attachments1-QuestionsAboutProducts]","Позитивный тест: создание тикета с разными темами и вложениями для клиента, партнера и админа"
"passed","Sat Sep 13 00:52:26 UTC 2025","Sat Sep 13 00:52:27 UTC 2025","461","tests.admin_panel.products","test_01_recommended_products_sort","","","","test_sort_recommendations_unauthorized","Неавторизованный пользователь пытается отсортировать рекомендации"
"skipped","Sat Sep 13 01:27:31 UTC 2025","Sat Sep 13 01:27:31 UTC 2025","0","tests.stock","test_create_stock","","","","test_create_stock_with_empty_string_log_if_not_200[address.id]",""
"passed","Sat Sep 13 01:29:50 UTC 2025","Sat Sep 13 01:29:50 UTC 2025","177","tests.tickets","test_01_get_tickets","","","","test_get_tickets_success[filter1-sort0-search0-pagination1-client]","Позитивный тест: получение списка тикетов с разными комбинациями параметров"
"passed","Sat Sep 13 00:47:31 UTC 2025","Sat Sep 13 00:47:32 UTC 2025","1082","tests.admin_panel.categories","test_57_v2_update_category","","","","test_v2_update_category_invalid_payload[payload0-expected_code0]","Негативный тест: обновление категории с невалидным или неполным телом запроса."
"skipped","Sat Sep 13 00:44:10 UTC 2025","Sat Sep 13 00:44:10 UTC 2025","0","tests.account","test_funds_transfer_list","","","","test_get_funds_transfer_list_positive[admin-payload0]","Позитивные тесты на получение истории переводов/выводов средств"
"passed","Sat Sep 13 01:30:35 UTC 2025","Sat Sep 13 01:30:35 UTC 2025","177","tests.tickets","test_01_get_tickets","","","","test_get_tickets_success[filter1-sort1-search1-pagination1-admin]","Позитивный тест: получение списка тикетов с разными комбинациями параметров"
"passed","Sat Sep 13 01:32:03 UTC 2025","Sat Sep 13 01:32:03 UTC 2025","152","tests.tickets","test_01_get_tickets","","","","test_get_tickets_invalid_search[invalid_search0-400-partner]","Негативный тест: передаем некорректные параметры поиска"
"passed","Sat Sep 13 00:58:04 UTC 2025","Sat Sep 13 00:58:05 UTC 2025","663","tests.admin_panel.promo","test_76_get_promotion_items","","","","test_get_promotion_item_invalid_id[0-0]","Негативный тест: получение элемента с невалидным ID."
"skipped","Sat Sep 13 00:44:55 UTC 2025","Sat Sep 13 00:44:55 UTC 2025","0","tests.admin_panel","test_accrue_gold_pro_gift","","","","test_accrue_gold_pro_gift_invalid_payload[payload1-400]",""
"passed","Sat Sep 13 00:59:19 UTC 2025","Sat Sep 13 00:59:20 UTC 2025","151","tests.admin_panel.sliders","test_52_create_slider","","","","test_create_slider_forbidden[partner]","Негативный тест: создание слайдера не-админом запрещено."
"skipped","Sat Sep 13 00:43:01 UTC 2025","Sat Sep 13 00:43:01 UTC 2025","0","tests.account","test_0_marathon","","","","test_get_marathon_is_purchased_negative[partner-400]","Негативный кейс — проверяет приобретал ли аккаунт марафонский набор (все поля)"
"passed","Sat Sep 13 01:30:47 UTC 2025","Sat Sep 13 01:30:48 UTC 2025","187","tests.tickets","test_01_get_tickets","","","","test_get_tickets_success[filter2-sort0-search0-pagination0-client]","Позитивный тест: получение списка тикетов с разными комбинациями параметров"
"passed","Sat Sep 13 01:06:19 UTC 2025","Sat Sep 13 01:06:19 UTC 2025","190","tests.auth","test_02_login","","","","test_admin_login[admin-Admin-1c1c1c1c-200]",""
"skipped","Sat Sep 13 00:52:12 UTC 2025","Sat Sep 13 00:52:12 UTC 2025","0","tests.admin_panel.products","test_01_delete_product_group","","","","test_delete_product_group_success","Позитивный тест: успешное удаление продукт группы."
"passed","Sat Sep 13 01:24:42 UTC 2025","Sat Sep 13 01:24:42 UTC 2025","179","tests.statistic","test_team_activations","","","","test_get_team_activation_statistic_positive[payload2-client]","Позитивный тест: получение статистики по активации команды с валидным телом запроса"
"passed","Sat Sep 13 01:28:33 UTC 2025","Sat Sep 13 01:28:33 UTC 2025","459","tests.temporary","test_get_account_exist","","","","test_account_exist[0-400]",""
"skipped","Sat Sep 13 00:44:10 UTC 2025","Sat Sep 13 00:44:10 UTC 2025","0","tests.account","test_funds_transfer_list","","","","test_get_funds_transfer_list_positive[partner-payload1]","Позитивные тесты на получение истории переводов/выводов средств"
"passed","Sat Sep 13 00:43:49 UTC 2025","Sat Sep 13 00:43:49 UTC 2025","863","tests.account","test_add_cover_url","","","","test_add_cover_unauthorized",""
"skipped","Sat Sep 13 01:27:31 UTC 2025","Sat Sep 13 01:27:31 UTC 2025","0","tests.stock","test_create_stock","","","","test_create_stock_with_empty_string_log_if_not_200[boxberry_office_code]",""
"passed","Sat Sep 13 00:55:09 UTC 2025","Sat Sep 13 00:55:11 UTC 2025","1442","tests.admin_panel.products","test_44_upload_product_brand_images","","","","test_upload_only_mobile_image_should_not_fill_other_fields","Проверка: при загрузке только mobile_image другие поля не должны заполняться."
"skipped","Sat Sep 13 01:27:31 UTC 2025","Sat Sep 13 01:27:31 UTC 2025","0","tests.stock","test_create_stock","","","","test_create_stock_with_empty_string_log_if_not_200[timezone.is_dst]",""
"skipped","Sat Sep 13 00:44:55 UTC 2025","Sat Sep 13 00:44:55 UTC 2025","0","tests.admin_panel","test_accrue_presidential_pool","","","","test_accrue_presidential_pool_invalid_payload[payload1-400]",""
"passed","Sat Sep 13 01:13:50 UTC 2025","Sat Sep 13 01:13:56 UTC 2025","5108","tests.catalog","test_update_admin_product","","","","test_update_admin_product_type_not_allowed",""
"passed","Sat Sep 13 01:25:30 UTC 2025","Sat Sep 13 01:25:30 UTC 2025","164","tests.statistic","test_team_go","","","","test_get_team_go_statistic_positive[payload0-partner]","Позитивный тест: получение статистики по команде с валидным телом запроса"
"skipped","Sat Sep 13 01:38:17 UTC 2025","Sat Sep 13 01:38:17 UTC 2025","0","tests.tickets","test_04_create_ticket","","","","test_create_ticket_invalid_title[client-None]","Негативный тест: создание тикета без заголовка"
"passed","Sat Sep 13 01:26:21 UTC 2025","Sat Sep 13 01:26:21 UTC 2025","156","tests.statistic","test_team_go","","","","test_get_team_go_statistic_negative[payload6-client]","Негативный тест: ошибка при получении статистики по команде с невалидным телом запроса"
"passed","Sat Sep 13 01:05:41 UTC 2025","Sat Sep 13 01:05:42 UTC 2025","1052","tests.admin_panel.slides","test_62_slides_get_upload_urls","","","","test_get_upload_urls_slider_not_video","Негативный тест: получение временных ссылок у слайда с типом 'image' вместо 'video'."
"passed","Sat Sep 13 01:07:24 UTC 2025","Sat Sep 13 01:07:24 UTC 2025","324","tests.cart","test_get_delivery_cost","","","","test_get_delivery_cost_success_partial_payload[client-payload0-400]","Позитивный тест: успешное получение ТК при неполном наборе (город без региона, без ID и т.п.)"
"skipped","Sat Sep 13 00:44:10 UTC 2025","Sat Sep 13 00:44:10 UTC 2025","0","tests.account","test_family_agreement_update_status","","","","test_update_family_agreement_status_positive[partner-payload0]","Позитивные тесты на изменение статуса семейного соглашения"
"passed","Sat Sep 13 01:21:52 UTC 2025","Sat Sep 13 01:21:54 UTC 2025","1411","tests.one_c","test_create_1c_stock","","","","test_post_is_storage_false_pickup_point",""
"passed","Sat Sep 13 01:25:18 UTC 2025","Sat Sep 13 01:25:18 UTC 2025","159","tests.statistic","test_team_activations","","","","test_get_team_activation_statistic_negative[payload5-client]","Негативный тест: ошибка при получении статистики активации команды с невалидным телом запроса"
"passed","Sat Sep 13 01:03:42 UTC 2025","Sat Sep 13 01:03:43 UTC 2025","1102","tests.admin_panel.slides","test_59_update_slide","","","","test_update_slide_invalid_payload[payload13-400]","Негативный тест: обновление слайда с невалидным или неполным телом запроса."
"passed","Sat Sep 13 01:08:15 UTC 2025","Sat Sep 13 01:08:15 UTC 2025","152","tests.cart","test_get_delivery_cost","","","","test_get_delivery_cost_invalid_payload[partner-payload1]","Негативный тест: некорректные входные данные"
"passed","Sat Sep 13 00:58:39 UTC 2025","Sat Sep 13 00:58:40 UTC 2025","675","tests.admin_panel.promo","test_77_create_promotion_item","","","","test_create_promotion_item_invalid_ids[999999-1-404]",""
"passed","Sat Sep 13 00:52:08 UTC 2025","Sat Sep 13 00:52:10 UTC 2025","1792","tests.admin_panel.items","test_update_item","","","","test_update_item_required_fields_only","Позитивный тест: успешное обновление варианта товара (только обязательные поля)."
"passed","Sat Sep 13 00:59:18 UTC 2025","Sat Sep 13 00:59:18 UTC 2025","158","tests.admin_panel.sliders","test_52_create_slider","","","","test_create_slider_forbidden[client]","Негативный тест: создание слайдера не-админом запрещено."
"failed","Sat Sep 13 01:16:31 UTC 2025","Sat Sep 13 01:16:33 UTC 2025","2467","tests.delivery","test_01_save_delivery_address","","","","test_save_delivery_address_positive[partner-payload2]","Позитивные тесты на сохранение адреса доставки"
"passed","Sat Sep 13 00:50:17 UTC 2025","Sat Sep 13 00:50:17 UTC 2025","665","tests.admin_panel.items","test_create_item_translation","","","","test_create_item_translation_invalid_payload[payload0-code0]","Негативный тест: создание перевода с невалидным payload."
"passed","Sat Sep 13 01:24:52 UTC 2025","Sat Sep 13 01:24:52 UTC 2025","152","tests.statistic","test_team_activations","","","","test_get_team_activation_statistic_negative[payload0-client]","Негативный тест: ошибка при получении статистики активации команды с невалидным телом запроса"
"passed","Sat Sep 13 00:44:21 UTC 2025","Sat Sep 13 00:44:24 UTC 2025","3281","tests.account","test_update_avatar","","","","test_update_avatar_positive[partner-payload0]","Позитивные тесты на обновление аватара"
"passed","Sat Sep 13 01:33:20 UTC 2025","Sat Sep 13 01:33:21 UTC 2025","1312","tests.tickets","test_04_create_ticket","","","","test_create_ticket_success[client-attachments1-QuestionsAboutTheHousingAndCarProgram]","Позитивный тест: создание тикета с разными темами и вложениями для клиента, партнера и админа"
"skipped","Sat Sep 13 01:27:31 UTC 2025","Sat Sep 13 01:27:31 UTC 2025","0","tests.stock","test_create_stock","","","","test_create_stock_with_empty_string_log_if_not_200[city.post_code]",""
"passed","Sat Sep 13 01:24:29 UTC 2025","Sat Sep 13 01:24:29 UTC 2025","185","tests.statistic","test_0_dashboard","","","","test_get_dashboard_statistic[admin]","Позитивный тест: получение статистики для дашборда ""прирост или убыль в числовом виде"
"skipped","Sat Sep 13 00:42:34 UTC 2025","Sat Sep 13 00:42:34 UTC 2025","481","tests.PROJECT_FUND.initiatives","test_get_reports","","","","test_get_reports_invalid_query_params[query0-https://dev.ewahelps.com/api]","Негативный тест: запрос с некорректными query-параметрами"
"passed","Sat Sep 13 01:30:42 UTC 2025","Sat Sep 13 01:30:42 UTC 2025","177","tests.tickets","test_01_get_tickets","","","","test_get_tickets_success[filter1-sort1-search2-pagination1-client]","Позитивный тест: получение списка тикетов с разными комбинациями параметров"
"passed","Sat Sep 13 00:53:56 UTC 2025","Sat Sep 13 00:53:56 UTC 2025","650","tests.admin_panel.products","test_41_get_product_brand_by_id","","","","test_get_product_brand_invalid_id[abc]","Негативный тест: получение бренда по невалидному ID"
"passed","Sat Sep 13 00:53:42 UTC 2025","Sat Sep 13 00:53:42 UTC 2025","665","tests.admin_panel.products","test_40_create_product_brand","","","","test_create_product_brand_invalid_payload[payload11-expected_codes11]","Негативные кейсы: невалидные поля при создании бренда."
"passed","Sat Sep 13 01:17:25 UTC 2025","Sat Sep 13 01:17:25 UTC 2025","158","tests.delivery","test_01_save_delivery_address","","","","test_save_delivery_address_negative[admin-payload3-400]","Негативные тесты на сохранение адреса доставки"
"failed","Sat Sep 13 01:18:45 UTC 2025","Sat Sep 13 01:18:47 UTC 2025","1894","tests.delivery","test_03_delete_delivery_address","","","","test_delete_delivery_address_permissions[authorize_partner-authorize_admin-True]","Права доступа при удалении адресов"
"passed","Sat Sep 13 00:58:38 UTC 2025","Sat Sep 13 00:58:38 UTC 2025","652","tests.admin_panel.promo","test_77_create_promotion_item","","","","test_create_promotion_item_invalid_ids[None-1-404]",""
"passed","Sat Sep 13 01:31:40 UTC 2025","Sat Sep 13 01:31:40 UTC 2025","183","tests.tickets","test_01_get_tickets","","","","test_get_tickets_success[filter2-sort1-search2-pagination0-client]","Позитивный тест: получение списка тикетов с разными комбинациями параметров"
"passed","Sat Sep 13 01:02:52 UTC 2025","Sat Sep 13 01:02:53 UTC 2025","631","tests.admin_panel.slides","test_58_get_slides_by_id","","","","test_get_slides_invalid_id[]","Негативный тест: невалидный ID в path-параметре."
"passed","Sat Sep 13 00:48:58 UTC 2025","Sat Sep 13 00:49:00 UTC 2025","1582","tests.admin_panel.categories","test_81_delete_category_translation","","","","test_delete_category_translation_forbidden[partner]","Негативный тест: удаление перевода не-админом запрещено."
"passed","Sat Sep 13 00:57:42 UTC 2025","Sat Sep 13 00:57:43 UTC 2025","989","tests.admin_panel.promo","test_75_delete_promotion_by_id","","","","test_delete_promotion_forbidden[client]","Негативный тест: попытка удаления акции не-админом."
"passed","Sat Sep 13 01:06:04 UTC 2025","Sat Sep 13 01:06:04 UTC 2025","151","tests.admin_panel.slides","test_62_slides_update_video_url","","","","test_update_video_url_forbidden[partner]","Негативный тест: не-админ не может обновить ссылку на мастер-файл"
"passed","Sat Sep 13 00:56:53 UTC 2025","Sat Sep 13 00:56:54 UTC 2025","1054","tests.admin_panel.promo","test_74_update_promotion","","","","test_update_promotion_success","Позитивный тест: успешное обновление акции (все поля)."
"passed","Sat Sep 13 01:37:32 UTC 2025","Sat Sep 13 01:37:34 UTC 2025","1205","tests.tickets","test_04_create_ticket","","","","test_create_ticket_success[admin-attachments2-QuestionsAboutProducts]","Позитивный тест: создание тикета с разными темами и вложениями для клиента, партнера и админа"
"passed","Sat Sep 13 01:10:17 UTC 2025","Sat Sep 13 01:10:18 UTC 2025","948","tests.catalog","test_create_admin_product","","","","test_create_product_unauthorized",""
"failed","Sat Sep 13 01:16:39 UTC 2025","Sat Sep 13 01:16:40 UTC 2025","1454","tests.delivery","test_01_save_delivery_address","","","","test_save_delivery_address_positive[partner-payload4]","Позитивные тесты на сохранение адреса доставки"
"skipped","Sat Sep 13 00:52:12 UTC 2025","Sat Sep 13 00:52:12 UTC 2025","0","tests.admin_panel.products","test_01_create_product_group","","","","test_create_product_group_invalid_payload[payload0-400]",""
"passed","Sat Sep 13 00:58:43 UTC 2025","Sat Sep 13 00:58:43 UTC 2025","658","tests.admin_panel.promo","test_77_create_promotion_item","","","","test_create_promotion_item_invalid_ids[abc-1-404]",""
"passed","Sat Sep 13 01:05:27 UTC 2025","Sat Sep 13 01:05:29 UTC 2025","1710","tests.admin_panel.slides","test_61_upload_slides_images","","","","test_upload_only_single_slide_image_field[image-test_jpg.jpg-image/jpeg-image]","Проверка: загрузка только одного изображения не должна заполнять другие поля."
"passed","Sat Sep 13 01:33:35 UTC 2025","Sat Sep 13 01:33:36 UTC 2025","1340","tests.tickets","test_04_create_ticket","","","","test_create_ticket_success[client-attachments1-QuestionsAboutTheMarriageContract]","Позитивный тест: создание тикета с разными темами и вложениями для клиента, партнера и админа"
"passed","Sat Sep 13 01:04:00 UTC 2025","Sat Sep 13 01:04:01 UTC 2025","1083","tests.admin_panel.slides","test_60_delete_slides","","","","test_delete_slide_success","Позитивный тест: успешное удаление слайда."
"passed","Sat Sep 13 01:03:13 UTC 2025","Sat Sep 13 01:03:14 UTC 2025","630","tests.admin_panel.slides","test_59_update_slide","","","","test_update_slide_invalid_id[abc]","Негативный тест: несуществующий или некорректный ID."
"passed","Sat Sep 13 01:00:18 UTC 2025","Sat Sep 13 01:00:18 UTC 2025","651","tests.admin_panel.sliders","test_54_update_slider","","","","test_update_slider_invalid_id[-1]","Негативный тест: несуществующий или некорректный ID."
"passed","Sat Sep 13 01:02:31 UTC 2025","Sat Sep 13 01:02:32 UTC 2025","680","tests.admin_panel.slides","test_57_create_slide","","","","test_create_slide_title_color_validation[123456-400]","Валидация поля title_color при создании слайда."
"skipped","Sat Sep 13 00:52:12 UTC 2025","Sat Sep 13 00:52:12 UTC 2025","0","tests.admin_panel.products","test_01_create_product_group","","","","test_create_product_group_invalid_payload[payload2-400]",""
"passed","Sat Sep 13 00:43:21 UTC 2025","Sat Sep 13 00:43:22 UTC 2025","171","tests.account","test_0_top_partners_game_0824","","","","test_get_top_partners_game_0824_positive[admin]","Позитивные тесты на получение топ-партнеров в игре 08/24"
"passed","Sat Sep 13 01:16:11 UTC 2025","Sat Sep 13 01:16:12 UTC 2025","1018","tests.delivery","test_01_save_delivery_address","","","","test_save_delivery_address_positive[client-payload2]","Позитивные тесты на сохранение адреса доставки"
"passed","Sat Sep 13 01:21:22 UTC 2025","Sat Sep 13 01:21:36 UTC 2025","13672","tests.integration","test_order_selfpickup_ewa","","","","test_order_selfpickup_ewa",""
"skipped","Sat Sep 13 01:27:31 UTC 2025","Sat Sep 13 01:27:31 UTC 2025","0","tests.stock","test_create_stock","","","","test_create_stock_with_empty_string_log_if_not_200[type]",""
