"Status","Start Time","Stop Time","Duration in ms","Parent Suite","Suite","Sub Suite","Test Class","Test Method","Name","Description"
"skipped","Fri Jan 02 00:29:42 UTC 2026","Fri Jan 02 00:29:42 UTC 2026","0","tests.account","test_get_default_stock","","","","test_get_default_stock_positive[client]","Позитивные тесты на получение дефолтного склада"
"passed","Fri Jan 02 00:25:11 UTC 2026","Fri Jan 02 00:25:12 UTC 2026","800","tests.PROJECT_EDUCATION.test_system","test_05_get_info","","","","test_get_info_invalid_id__400_or_404[-1]","Негатив: невалидный id в path"
"skipped","Fri Jan 02 01:50:34 UTC 2026","Fri Jan 02 01:50:34 UTC 2026","0","tests.tickets","test_01_get_tickets","","","","test_get_tickets_success[filter2-sort0-search0-pagination0-client]","Позитивный тест: получение списка тикетов с разными комбинациями параметров"
"passed","Fri Jan 02 00:33:04 UTC 2026","Fri Jan 02 00:33:05 UTC 2026","814","tests.admin_panel","test_05_admin_support_users_token_revoke_all","","","","test_revoke_all_tokens_not_found","
    POST /admin/support-users/{id}/token/revoke-all — 404
    "
"skipped","Fri Jan 02 00:29:59 UTC 2026","Fri Jan 02 00:29:59 UTC 2026","198","tests.account","test_post_downgrade_user","","","","test_downgrade_validation_errors[bad_payload1-admin]","
    Валидация: битый payload → 400/422.
    "
"passed","Fri Jan 02 01:29:25 UTC 2026","Fri Jan 02 01:29:26 UTC 2026","1565","tests.chat_support","test_03_support_chat_ticket_post","","","","test_create_ticket_no_messages_returns_400[client]","
    Негатив: если нет доступных сообщений для тикета, /support-chat/ticket возвращает 400
    "
"passed","Fri Jan 02 01:48:49 UTC 2026","Fri Jan 02 01:48:49 UTC 2026","205","tests.statistic","test_team_registrations","","","","test_get_team_registration_statistic_positive[payload0-partner]","Позитивный тест: получение статистики по регистрации команды с валидным телом запроса"
"passed","Fri Jan 02 00:57:23 UTC 2026","Fri Jan 02 00:57:24 UTC 2026","815","tests.admin_panel.slides","test_57_create_slide","","","","test_create_slide_title_color_validation[ -400]","Валидация поля title_color при создании слайда."
"passed","Fri Jan 02 00:57:38 UTC 2026","Fri Jan 02 00:57:39 UTC 2026","809","tests.admin_panel.slides","test_58_get_slides_by_id","","","","test_get_slides_invalid_id[-1]","Негативный тест: невалидный ID в path-параметре."
"passed","Fri Jan 02 01:47:26 UTC 2026","Fri Jan 02 01:47:27 UTC 2026","193","tests.register","test_03_register_client","","","","test_register_client_positive[admin-403]","Тест: позитивные тесты для регистрации клиента вручную"
"passed","Fri Jan 02 00:57:06 UTC 2026","Fri Jan 02 00:57:07 UTC 2026","1117","tests.admin_panel.slides","test_57_create_slide","","","","test_create_slide_title_color_validation[#12FaBc-201]","Валидация поля title_color при создании слайда."
"passed","Fri Jan 02 01:35:05 UTC 2026","Fri Jan 02 01:35:05 UTC 2026","186","tests.delivery","test_get_cities_v2","","","","test_get_cities_v2_success[params0-admin]","
    Позитив: успешное получение списка городов (обязателен city_name, country_id — опционален).
    "
"skipped","Fri Jan 02 00:29:17 UTC 2026","Fri Jan 02 00:29:17 UTC 2026","0","tests.account","test_family_agreement_update_status","","","","test_update_family_agreement_status_positive[admin-payload1]","Позитивные тесты на изменение статуса семейного соглашения"
"passed","Fri Jan 02 01:10:42 UTC 2026","Fri Jan 02 01:10:45 UTC 2026","2969","tests.cart","test_11_cart_save_delivery_method","","","","test_save_delivery_method_success_with_cart[partner-Kazpost]","
    Позитив: сохранение способа доставки для всех значений с корзиной
    "
"skipped","Fri Jan 02 00:35:17 UTC 2026","Fri Jan 02 00:35:17 UTC 2026","0","tests.admin_panel.categories","test_50_upload_category_images","","","","test_upload_category_images_invalid_format[valid.webp-image/webp-204]","Негативный тест: загрузка изображений в неверном формате (например, .txt)."
"skipped","Fri Jan 02 01:50:34 UTC 2026","Fri Jan 02 01:50:34 UTC 2026","0","tests.tickets","test_01_get_tickets","","","","test_get_tickets_success[filter1-sort1-search0-pagination1-partner]","Позитивный тест: получение списка тикетов с разными комбинациями параметров"
"passed","Fri Jan 02 00:31:27 UTC 2026","Fri Jan 02 00:31:28 UTC 2026","817","tests.admin_panel","test_03_support_delete_user","","","","test_invalid_id_returns_client_error[]","
    Кривой/отсутствующий id в path:
    ожидаем клиентскую ошибку (400/404/405), а не 5xx.
    "
"passed","Fri Jan 02 00:48:54 UTC 2026","Fri Jan 02 00:48:55 UTC 2026","783","tests.admin_panel.promo","test_72_create_promotion","","","","test_create_promotion_invalid_data[payload2-400]","Негативные тесты: невалидные данные"
"passed","Fri Jan 02 01:49:28 UTC 2026","Fri Jan 02 01:49:28 UTC 2026","208","tests.stock","test_get_group_orders","","","","test_get_group_orders[client]","Запрос всех складов для групповых заказов"
"passed","Fri Jan 02 00:37:46 UTC 2026","Fri Jan 02 00:37:46 UTC 2026","797","tests.admin_panel.categories","test_80_create_category_translation","","","","test_create_category_translation_invalid_payload[payload2-400]","Негативный тест: создание перевода с невалидным payload."
"passed","Fri Jan 02 01:23:36 UTC 2026","Fri Jan 02 01:23:37 UTC 2026","983","tests.catalog","test_get_item_by_id","","","","test_get_item_success[admin]","
    Позитивный тест: успешное получение атомарного товара по id
    "
"passed","Fri Jan 02 00:54:03 UTC 2026","Fri Jan 02 00:54:04 UTC 2026","612","tests.admin_panel.sliders","test_53_get_sliders_by_id","","","","test_get_sliders_unauthorized","Негативный тест: получение слайдера без авторизации"
"skipped","Fri Jan 02 01:16:21 UTC 2026","Fri Jan 02 01:16:21 UTC 2026","193","tests.cart","test_16_cart_update_stock","","","","test_update_stock_invalid_payload[partner-payload0]","Негатив: невалидный payload."
"skipped","Fri Jan 02 01:19:54 UTC 2026","Fri Jan 02 01:19:54 UTC 2026","0","tests.catalog","test_create_admin_product","","","","test_create_product_duplicate_slug[uz]",""
"passed","Fri Jan 02 01:59:45 UTC 2026","Fri Jan 02 01:59:46 UTC 2026","771","tests.tickets","test_04_create_ticket","","","","test_create_ticket_invalid_request_type[client--200]","Негативный тест: попытка создания тикета с неверным типом request_type"
"passed","Fri Jan 02 01:32:30 UTC 2026","Fri Jan 02 01:32:30 UTC 2026","188","tests.delivery","test_02_get_delivery_address","","","","test_get_empty_delivery_addresses[client]","Получение пустого списка"
"passed","Fri Jan 02 00:28:56 UTC 2026","Fri Jan 02 00:28:57 UTC 2026","803","tests.account","test_add_cover_url","","","","test_add_cover_invalid_payload[payload0]",""
"skipped","Fri Jan 02 01:49:24 UTC 2026","Fri Jan 02 01:49:24 UTC 2026","0","tests.stock","test_create_stock","","","","test_create_stock_with_empty_string_log_if_not_200[address.name]",""
"passed","Fri Jan 02 00:24:16 UTC 2026","Fri Jan 02 00:24:16 UTC 2026","805","tests.PROJECT_EDUCATION.test_system","test_03_user_answers","","","","test_user_answers_invalid_id__400_or_404[None]",""
"passed","Fri Jan 02 01:34:06 UTC 2026","Fri Jan 02 01:34:06 UTC 2026","203","tests.delivery","test_get_boxberry_offices","","","","test_get_boxberry_offices_invalid_city_id_should_fail[-1-admin]",""
"passed","Fri Jan 02 01:06:01 UTC 2026","Fri Jan 02 01:06:01 UTC 2026","218","tests.cart","test_02_get_delivery_cost","","","","test_get_delivery_cost_success_partial_payload[client-payload2-400]","
    Позитив/граничные: сочетания полей региона/города
    "
"passed","Fri Jan 02 01:59:21 UTC 2026","Fri Jan 02 01:59:22 UTC 2026","1586","tests.tickets","test_04_create_ticket","","","","test_create_ticket_success[admin-attachments2-OtherQuestions]","Позитивный тест: создание тикета с разными темами и вложениями для клиента, партнера и админа"
"passed","Fri Jan 02 01:04:04 UTC 2026","Fri Jan 02 01:04:04 UTC 2026","196","tests.auth","test_02_login","","","","test_partner_login[partner---400]",""
"passed","Fri Jan 02 00:58:25 UTC 2026","Fri Jan 02 00:58:26 UTC 2026","1258","tests.admin_panel.slides","test_59_update_slide","","","","test_update_slide_invalid_payload[payload3-expected_code3]","Негативный тест: обновление слайда с невалидным или неполным телом запроса."
"passed","Fri Jan 02 00:23:55 UTC 2026","Fri Jan 02 00:23:55 UTC 2026","800","tests.PROJECT_EDUCATION.test_system","test_02_get_question","","","","test_get_question_invalid_id__400_or_404[0]",""
"passed","Fri Jan 02 01:01:55 UTC 2026","Fri Jan 02 01:01:56 UTC 2026","198","tests.admin_panel.slides","test_62_slides_get_upload_urls","","","","test_get_upload_urls_forbidden[client]","Негативный тест: неадмин не может получить ссылки на загрузку видео файлов."
"skipped","Fri Jan 02 00:33:21 UTC 2026","Fri Jan 02 00:33:21 UTC 2026","0","tests.admin_panel","test_accrue_gold_pro_gift","","","","test_accrue_gold_pro_gift_invalid_payload[payload3-400]",""
"passed","Fri Jan 02 01:37:56 UTC 2026","Fri Jan 02 01:37:57 UTC 2026","601","tests.delivery","test_get_five_post_offices","","","","test_get_five_post_offices_unauthorized","Негатив: запрос без авторизации."
"passed","Fri Jan 02 01:14:32 UTC 2026","Fri Jan 02 01:14:37 UTC 2026","4627","tests.cart","test_12_cart_estimate_delivery","","","","test_estimate_delivery_success[partner-cdek-payload9]","
    Позитив: корзина с товаром, выбор способа доставки и расчёт стоимости для разных служб
    "
"passed","Fri Jan 02 01:47:12 UTC 2026","Fri Jan 02 01:47:13 UTC 2026","835","tests.register","test_02_register_partner","","","","test_register_partner_negative[payload0-400]","Тест: негативные тесты для регистрации партнера вручную"
"passed","Fri Jan 02 00:42:57 UTC 2026","Fri Jan 02 00:42:57 UTC 2026","198","tests.admin_panel.periods","test_get_period_by_id","","","","test_get_period_by_id__invalid_id_400_404[admin-None]",""
"passed","Fri Jan 02 00:37:04 UTC 2026","Fri Jan 02 00:37:06 UTC 2026","1958","tests.admin_panel.categories","test_80_create_category_translation","","","","test_create_category_translation_success[en]","Позитивный тест: создание/обновление перевода категории для разных языков."
"passed","Fri Jan 02 01:48:54 UTC 2026","Fri Jan 02 01:48:55 UTC 2026","202","tests.statistic","test_team_registrations","","","","test_get_team_registration_statistic_positive[payload1-partner]","Позитивный тест: получение статистики по регистрации команды с валидным телом запроса"
"skipped","Fri Jan 02 01:50:34 UTC 2026","Fri Jan 02 01:50:34 UTC 2026","0","tests.tickets","test_01_get_tickets","","","","test_get_tickets_success[filter1-sort0-search0-pagination0-partner]","Позитивный тест: получение списка тикетов с разными комбинациями параметров"
"skipped","Fri Jan 02 00:26:29 UTC 2026","Fri Jan 02 00:26:30 UTC 2026","815","tests.PROJECT_FUND.initiatives","test_get_reports","","","","test_get_reports_invalid_query_params[query1-https://dev.ewahelps.com/api]","Негативный тест: запрос с некорректными query-параметрами"
"skipped","Fri Jan 02 01:25:22 UTC 2026","Fri Jan 02 01:25:24 UTC 2026","1818","tests.catalog","test_products_list","","","","test_get_products_list_invalid_country_id[0]","
    Негативный: некорректный country_id в query
    "
"passed","Fri Jan 02 00:40:29 UTC 2026","Fri Jan 02 00:40:32 UTC 2026","3053","tests.admin_panel.items","test_delete_item_translation","","","","test_delete_item_translation_forbidden[client]","Негативный тест: удаление перевода не-админом запрещено."
"skipped","Fri Jan 02 01:49:24 UTC 2026","Fri Jan 02 01:49:24 UTC 2026","0","tests.stock","test_create_stock","","","","test_create_stock_with_empty_string_log_if_not_200[address.email]",""
"passed","Fri Jan 02 00:41:00 UTC 2026","Fri Jan 02 00:41:03 UTC 2026","2833","tests.admin_panel.items","test_get_item_translation","","","","test_get_item_translation_forbidden[client]","
    Негативный тест: client/partner не может читать переводы item.
    Подготовку (создание item и добавление перевода) делает админ.
    "
"passed","Fri Jan 02 00:27:00 UTC 2026","Fri Jan 02 00:27:00 UTC 2026","197","tests.account","test_0_referral_links","","","","test_get_referral_links_positive[client-403]","Позитивные тесты на получение реферальных ссылок"
"passed","Fri Jan 02 00:31:10 UTC 2026","Fri Jan 02 00:31:11 UTC 2026","785","tests.admin_panel","test_02_support_users_list","","","","test_invalid_paging_returns_400_for_admin[page=0&page_size=-10]","
    Некорректные значения page/page_size
    "
"passed","Fri Jan 02 00:26:45 UTC 2026","Fri Jan 02 00:26:46 UTC 2026","202","tests.account","test_0_funds_transfer_withdrawal_info","","","","test_get_withdrawal_info_positive[partner-200]","Позитивные тесты на получение информации о выводе средств"
"passed","Fri Jan 02 00:36:30 UTC 2026","Fri Jan 02 00:36:32 UTC 2026","2240","tests.admin_panel.categories","test_79_get_category_translation","","","","test_get_category_translation_success",""
"skipped","Fri Jan 02 00:29:42 UTC 2026","Fri Jan 02 00:29:42 UTC 2026","0","tests.account","test_history_group_volumes_admin","","","","test_get_group_volumes_history_admin_positive[partner-payload0]","Позитивные тесты на получение истории начисления групповых объемов для админа"
"passed","Fri Jan 02 00:49:16 UTC 2026","Fri Jan 02 00:49:16 UTC 2026","188","tests.admin_panel.promo","test_72_create_promotion","","","","test_create_promotion_forbidden[client]","Негативный тест: создание акции не-админом запрещено."
"skipped","Fri Jan 02 00:26:54 UTC 2026","Fri Jan 02 00:26:54 UTC 2026","0","tests.account","test_0_marathon","","","","test_create_product_brand_invalid_payload[params6-400-admin]",""
"skipped","Fri Jan 02 00:30:07 UTC 2026","Fri Jan 02 00:30:07 UTC 2026","0","tests.account","test_token","","","","test_add_token_positive[admin-payload0]","Позитивные тесты на добавление токена"
"passed","Fri Jan 02 00:32:52 UTC 2026","Fri Jan 02 00:32:52 UTC 2026","827","tests.admin_panel","test_05_admin_support_users_token_revoke_all","","","","test_partner_cannot_revoke_support_tokens",""
"skipped","Fri Jan 02 01:49:24 UTC 2026","Fri Jan 02 01:49:24 UTC 2026","0","tests.stock","test_create_stock","","","","test_create_stock_with_empty_string_log_if_not_200[is_closed]",""
"passed","Fri Jan 02 00:35:07 UTC 2026","Fri Jan 02 00:35:07 UTC 2026","879","tests.admin_panel.categories","test_49_delete_category","","","","test_delete_category_invalid_id[0]","Негативный тест: удаление несуществующей или некорректной категории."
"skipped","Fri Jan 02 01:50:34 UTC 2026","Fri Jan 02 01:50:34 UTC 2026","0","tests.tickets","test_01_get_tickets","","","","test_get_tickets_success[filter2-sort0-search1-pagination0-admin]","Позитивный тест: получение списка тикетов с разными комбинациями параметров"
"passed","Fri Jan 02 01:08:13 UTC 2026","Fri Jan 02 01:08:13 UTC 2026","299","tests.cart","test_05_cart_clear","","","","test_clear_cart_success[partner]","Позитив: успешная очистка корзины"
"passed","Fri Jan 02 01:08:47 UTC 2026","Fri Jan 02 01:08:47 UTC 2026","615","tests.cart","test_07_cart_update_multi","","","","test_update_cart_items_multi_unauthorized","Негатив: вызов без авторизации/корзины."
"passed","Fri Jan 02 00:47:29 UTC 2026","Fri Jan 02 00:47:29 UTC 2026","188","tests.admin_panel.products","test_44_upload_product_brand_images","","","","test_upload_product_brand_images_forbidden[partner]","Негативный тест: неадмин не может загрузить изображения."
"passed","Fri Jan 02 00:56:44 UTC 2026","Fri Jan 02 00:56:45 UTC 2026","817","tests.admin_panel.slides","test_57_create_slide","","","","test_create_slide_invalid_payload[payload14-expected_code14]","Негативные тесты: некорректные и неполные payload'ы."
"skipped","Fri Jan 02 00:27:49 UTC 2026","Fri Jan 02 00:27:49 UTC 2026","0","tests.account","test_account_branded_wallet_get","","","","test_get_period_bad_types_400_or_422[period2-client]","
    Негатив: некорректные типы month/year → 400/422
    "
"passed","Fri Jan 02 01:10:17 UTC 2026","Fri Jan 02 01:10:18 UTC 2026","593","tests.cart","test_11_cart_save_delivery_method","","","","test_save_delivery_method_success[client-FakeDelivery]","
    Позитив: сохранение способа доставки для всех значений без корзины
    "
"passed","Fri Jan 02 00:32:41 UTC 2026","Fri Jan 02 00:32:44 UTC 2026","2204","tests.admin_panel","test_05_admin_support_users_token_revoke_all","","","","test_admin_can_revoke_all_support_tokens","
    POST /admin/support-users/{id}/token/revoke-all

    Проверяем по факту:
    - до revoke создаём несколько support-токенов
    - в tokens есть записи для (role=3, id=user_id)
    - после revoke-all их больше нет
    - повторный вызов тоже 204 и в tokens всё ещё 0 записей.
    "
"passed","Fri Jan 02 01:10:08 UTC 2026","Fri Jan 02 01:10:09 UTC 2026","575","tests.cart","test_11_cart_save_delivery_method","","","","test_save_delivery_method_success[client-RuPost]","
    Позитив: сохранение способа доставки для всех значений без корзины
    "
"passed","Fri Jan 02 00:35:59 UTC 2026","Fri Jan 02 00:36:00 UTC 2026","821","tests.admin_panel.categories","test_57_v2_update_category","","","","test_v2_update_category_invalid_id[0]","Негативный тест: несуществующий или некорректный ID."
"skipped","Fri Jan 02 00:29:06 UTC 2026","Fri Jan 02 00:29:06 UTC 2026","0","tests.account","test_delete","","","","test_delete_account_positive[client]","Позитивные тесты на удаление аккаунта"
"passed","Fri Jan 02 00:46:56 UTC 2026","Fri Jan 02 00:46:57 UTC 2026","1261","tests.admin_panel.products","test_42_update_product_brand","","","","test_update_product_brand_invalid_payload[payload8-422]","Негативный тест: обновление бренда с невалидным или неполным телом запроса."
"passed","Fri Jan 02 01:48:25 UTC 2026","Fri Jan 02 01:48:25 UTC 2026","192","tests.statistic","test_team_go","","","","test_get_team_go_statistic_positive[payload2-client]","Позитивный тест: получение статистики по команде с валидным телом запроса"
"skipped","Fri Jan 02 01:12:06 UTC 2026","Fri Jan 02 01:12:06 UTC 2026","198","tests.cart","test_11_cart_save_delivery_method","","","","test_save_delivery_method_invalid_payload[client-payload0]","Негатив: невалидный payload."
"skipped","Fri Jan 02 00:29:17 UTC 2026","Fri Jan 02 00:29:17 UTC 2026","0","tests.account","test_funds_transfer_list","","","","test_get_funds_transfer_list_positive[client-payload1]","Позитивные тесты на получение истории переводов/выводов средств"
"passed","Fri Jan 02 01:22:11 UTC 2026","Fri Jan 02 01:22:12 UTC 2026","613","tests.catalog","test_delete_admin_product_translation","","","","test_delete_admin_product_translation_unauthorized","Удаление перевода без авторизации — должно вернуть 401."
"passed","Fri Jan 02 00:52:34 UTC 2026","Fri Jan 02 00:52:35 UTC 2026","608","tests.admin_panel.promo","test_78_delete_promotion_item","","","","test_delete_promotion_item_unauthorized","Негативный тест: удаление элемента акции без авторизации."
"passed","Fri Jan 02 01:44:26 UTC 2026","Fri Jan 02 01:44:26 UTC 2026","605","tests.one_c","test_get_1с_stock","","","","test_get_stock_bad_request[params0]",""
"skipped","Fri Jan 02 02:00:49 UTC 2026","Fri Jan 02 02:00:50 UTC 2026","1595","tests.tickets","test_06_close_ticket","","","","test_close_tickets_negative[client-None-400]","Негативные тесты: закрытие с некорректными данными"
"skipped","Fri Jan 02 00:30:06 UTC 2026","Fri Jan 02 00:30:06 UTC 2026","199","tests.account","test_post_downgrade_user","","","","test_downgrade_validation_errors[bad_payload5-admin]","
    Валидация: битый payload → 400/422.
    "
"passed","Fri Jan 02 01:47:54 UTC 2026","Fri Jan 02 01:47:54 UTC 2026","203","tests.statistic","test_team_activations","","","","test_get_team_activation_statistic_positive[payload2-partner]","Позитивный тест: получение статистики по активации команды с валидным телом запроса"
"passed","Fri Jan 02 01:23:46 UTC 2026","Fri Jan 02 01:23:47 UTC 2026","589","tests.catalog","test_get_items_list","","","","test_get_items_list_success[partner]","
    Позитивный тест: успешное получение списка атомарных товаров
    "
"passed","Fri Jan 02 01:43:26 UTC 2026","Fri Jan 02 01:43:27 UTC 2026","575","tests.one_c","test_create_1c_stock","","","","test_post_forbidden[True-]",""
"skipped","Fri Jan 02 01:39:07 UTC 2026","Fri Jan 02 01:39:08 UTC 2026","604","tests.delivery","test_get_rupost_offices","","","","test_get_rupost_offices_unauthorized",""
"passed","Fri Jan 02 00:32:57 UTC 2026","Fri Jan 02 00:32:58 UTC 2026","811","tests.admin_panel","test_05_admin_support_users_token_revoke_all","","","","test_invalid_user_id_for_revoke_all_returns_client_error[abc]",""
"skipped","Fri Jan 02 00:26:54 UTC 2026","Fri Jan 02 00:26:54 UTC 2026","0","tests.account","test_0_marathon","","","","test_create_product_brand_invalid_payload[params4-400-admin]",""
"skipped","Fri Jan 02 01:50:34 UTC 2026","Fri Jan 02 01:50:34 UTC 2026","0","tests.tickets","test_01_get_tickets","","","","test_get_tickets_success[filter1-sort0-search1-pagination1-client]","Позитивный тест: получение списка тикетов с разными комбинациями параметров"
"passed","Fri Jan 02 01:43:37 UTC 2026","Fri Jan 02 01:43:38 UTC 2026","606","tests.one_c","test_create_1c_stock","","","","test_post_bad_request_or_unprocessable[<lambda>3]",""
"passed","Fri Jan 02 01:54:03 UTC 2026","Fri Jan 02 01:54:04 UTC 2026","1621","tests.tickets","test_04_create_ticket","","","","test_create_ticket_success[client-attachments2-ChangePersonalData]","Позитивный тест: создание тикета с разными темами и вложениями для клиента, партнера и админа"
"skipped","Fri Jan 02 00:29:42 UTC 2026","Fri Jan 02 00:29:42 UTC 2026","0","tests.account","test_get_languages","","","","test_get_languages_unauthorized","Негативный тест: получение списка языков без авторизации."
"passed","Fri Jan 02 00:41:39 UTC 2026","Fri Jan 02 00:41:41 UTC 2026","2003","tests.admin_panel.items","test_update_item","","","","test_update_item_forbidden[partner]","Негативный тест: попытка обновления item не-админом."
"passed","Fri Jan 02 01:03:29 UTC 2026","Fri Jan 02 01:03:29 UTC 2026","606","tests.auth","test_01_check_version","","","","test_check_version[Android-1.0.0-200]","Тест проверяет API /check_version для разных платформ и версий."
"skipped","Fri Jan 02 00:33:21 UTC 2026","Fri Jan 02 00:33:21 UTC 2026","0","tests.admin_panel","test_accrue_presidential_pool","","","","test_accrue_presidential_pool_for_partner",""
"passed","Fri Jan 02 01:54:38 UTC 2026","Fri Jan 02 01:54:39 UTC 2026","784","tests.tickets","test_04_create_ticket","","","","test_create_ticket_success[partner-attachments0-QuestionsAboutTheWorkOfTheStructureAndMentors]","Позитивный тест: создание тикета с разными темами и вложениями для клиента, партнера и админа"
"skipped","Fri Jan 02 02:00:10 UTC 2026","Fri Jan 02 02:00:10 UTC 2026","1","tests.tickets","test_04_create_ticket","","","","test_create_ticket_invalid_title[client-]","Негативный тест: создание тикета без заголовка"
"passed","Fri Jan 02 00:42:00 UTC 2026","Fri Jan 02 00:42:02 UTC 2026","1861","tests.admin_panel.items","test_update_item","","","","test_update_item_invalid_payload[payload0-expected_code0]","Негативный тест: обновление item с невалидным или неполным телом запроса."
"passed","Fri Jan 02 00:46:12 UTC 2026","Fri Jan 02 00:46:12 UTC 2026","616","tests.admin_panel.products","test_42_update_product_brand","","","","test_update_product_brand_unauthorized","Негативный тест: попытка обновления бренда без авторизации."
"passed","Fri Jan 02 01:24:15 UTC 2026","Fri Jan 02 01:24:16 UTC 2026","832","tests.catalog","test_get_recommended_products","","","","test_get_recommended_products_invalid_id[abc]","
    Негативный тест: передан некорректный ID (тип/значение)
    "
"passed","Fri Jan 02 00:35:29 UTC 2026","Fri Jan 02 00:35:29 UTC 2026","816","tests.admin_panel.categories","test_56_v2_create_category","","","","test_v2_create_category_invalid_payload[payload2-expected_code2]","Негативный тест: создание категории с невалидным телом запроса."
"skipped","Fri Jan 02 01:49:24 UTC 2026","Fri Jan 02 01:49:24 UTC 2026","0","tests.stock","test_create_stock","","","","test_create_stock_with_empty_string_log_if_not_200[address.entrance]",""
"skipped","Fri Jan 02 00:29:42 UTC 2026","Fri Jan 02 00:29:42 UTC 2026","0","tests.account","test_get_default_stock","","","","test_get_default_stock_positive[admin]","Позитивные тесты на получение дефолтного склада"
"skipped","Fri Jan 02 01:46:55 UTC 2026","Fri Jan 02 01:46:56 UTC 2026","198","tests.register","test_01_register_form","","","","test_register_form_negative[client-payload0-400]",""
"passed","Fri Jan 02 01:55:19 UTC 2026","Fri Jan 02 01:55:21 UTC 2026","1791","tests.tickets","test_04_create_ticket","","","","test_create_ticket_success[partner-attachments1-QuestionsAboutInternationalDelivery]","Позитивный тест: создание тикета с разными темами и вложениями для клиента, партнера и админа"
"skipped","Fri Jan 02 00:27:49 UTC 2026","Fri Jan 02 00:27:49 UTC 2026","0","tests.account","test_account_branded_wallet_get","","","","test_get_period_zero_returns_400[partner]","
    Негатив: период по нулям → 400.
    "
"passed","Fri Jan 02 00:38:46 UTC 2026","Fri Jan 02 00:38:47 UTC 2026","1003","tests.admin_panel.items","test_create_item","","","","test_create_item_invalid_payload[payload3-expected_code3]","
    Негативный тест: создание варианта с невалидным телом запроса.
    Если сервер внезапно вернул успех — удаляем созданный item из БД.
    "
"passed","Fri Jan 02 01:48:14 UTC 2026","Fri Jan 02 01:48:14 UTC 2026","194","tests.statistic","test_team_go","","","","test_get_team_go_statistic_positive[payload0-client]","Позитивный тест: получение статистики по команде с валидным телом запроса"
"passed","Fri Jan 02 00:53:27 UTC 2026","Fri Jan 02 00:53:28 UTC 2026","827","tests.admin_panel.sliders","test_52_create_slider","","","","test_create_slider_invalid_payload[payload8-422]","Негативный тест: попытка создать слайдер с невалидным payload."
"passed","Fri Jan 02 01:37:35 UTC 2026","Fri Jan 02 01:37:35 UTC 2026","200","tests.delivery","test_get_fargo_offices","","","","test_get_fargo_offices_success[439930-client]","Позитив: успешное получение списка офисов по city_id."
"passed","Fri Jan 02 00:47:33 UTC 2026","Fri Jan 02 00:47:35 UTC 2026","1713","tests.admin_panel.products","test_44_upload_product_brand_images","","","","test_upload_only_mobile_image_should_not_fill_other_fields","Проверка: при загрузке только mobile_image другие поля не должны заполняться."
"passed","Fri Jan 02 00:36:34 UTC 2026","Fri Jan 02 00:36:37 UTC 2026","2555","tests.admin_panel.categories","test_79_get_category_translation","","","","test_get_category_two_translations_success",""
"passed","Fri Jan 02 01:21:37 UTC 2026","Fri Jan 02 01:21:37 UTC 2026","619","tests.catalog","test_create_admin_product_translation","","","","test_create_admin_product_translation_unauthorized","Проверка запрета для неавторизованного пользователя."
"passed","Fri Jan 02 01:46:46 UTC 2026","Fri Jan 02 01:46:48 UTC 2026","2242","tests.promo_time.new_year_lottery","test_new_year_lottery_info","","","","test_get_new_year_lottery_info_with_history[partner]","
    Для текущего пользователя руками создаём несколько купонов:
      - is_valid = true → попадают в coupons_history и идут в total_coupons_count
      - is_valid = false → игнорируются
    "
"passed","Fri Jan 02 01:39:01 UTC 2026","Fri Jan 02 01:39:01 UTC 2026","236","tests.delivery","test_get_rupost_offices","","","","test_get_rupost_offices_success[439930-admin]",""
"passed","Fri Jan 02 01:07:10 UTC 2026","Fri Jan 02 01:07:13 UTC 2026","2550","tests.cart","test_04_cart_full_data","","","","test_get_cart_full_data_basic_success[partner]","
    Позитив: базовый сценарий получения корзины через /cart/full_data
    "
"passed","Fri Jan 02 00:53:10 UTC 2026","Fri Jan 02 00:53:10 UTC 2026","197","tests.admin_panel.sliders","test_52_create_slider","","","","test_create_slider_forbidden[partner]","Негативный тест: создание слайдера не-админом запрещено."
"passed","Fri Jan 02 00:35:32 UTC 2026","Fri Jan 02 00:35:33 UTC 2026","794","tests.admin_panel.categories","test_56_v2_create_category","","","","test_v2_create_category_invalid_payload[payload4-422]","Негативный тест: создание категории с невалидным телом запроса."
"passed","Fri Jan 02 01:34:55 UTC 2026","Fri Jan 02 01:34:56 UTC 2026","197","tests.delivery","test_get_cdek_offices","","","","test_get_cdek_offices_invalid_city_id_should_fail[bad_city_id7-admin]",""
"passed","Fri Jan 02 00:43:42 UTC 2026","Fri Jan 02 00:43:45 UTC 2026","2237","tests.admin_panel.products","test_01_recommended_products_sort","","","","test_sort_recommendations_empty_list","Попытка сортировки с пустым списком рекомендаций"
"passed","Fri Jan 02 00:29:04 UTC 2026","Fri Jan 02 00:29:05 UTC 2026","828","tests.account","test_add_cover_url","","","","test_add_cover_invalid_payload[payload4]",""
"passed","Fri Jan 02 01:49:26 UTC 2026","Fri Jan 02 01:49:27 UTC 2026","589","tests.stock","test_delete_stock","","","","test_delete_stock_unauthorized",""
"passed","Fri Jan 02 01:23:01 UTC 2026","Fri Jan 02 01:23:07 UTC 2026","5307","tests.catalog","test_get_admin_product_translation","","","","test_get_admin_product_translation_forbidden[client]","Запрет получения переводов для клиента/партнёра."
"passed","Fri Jan 02 01:22:37 UTC 2026","Fri Jan 02 01:22:38 UTC 2026","825","tests.catalog","test_delete_admin_product_translation","","","","test_delete_admin_product_translation_invalid_id[abc]","Удаление перевода по невалидному product_id — должно вернуть 400 или 404."
"passed","Fri Jan 02 01:24:55 UTC 2026","Fri Jan 02 01:24:56 UTC 2026","438","tests.catalog","test_product_get_by_slug","","","","test_get_product_by_slug_success[admin]","
    Позитивный: успешный поиск товара по slug
    "
"passed","Fri Jan 02 00:36:17 UTC 2026","Fri Jan 02 00:36:18 UTC 2026","1187","tests.admin_panel.categories","test_57_v2_update_category","","","","test_v2_update_category_invalid_payload[payload3-400]","Негативный тест: обновление категории с невалидным или неполным телом запроса."
"passed","Fri Jan 02 00:24:04 UTC 2026","Fri Jan 02 00:24:04 UTC 2026","377","tests.PROJECT_EDUCATION.test_system","test_02_get_question","","","","test_get_question_unauthorized__401_or_404","Негатив: без авторизации"
"passed","Fri Jan 02 00:54:49 UTC 2026","Fri Jan 02 00:54:50 UTC 2026","1323","tests.admin_panel.sliders","test_54_update_slider","","","","test_update_slider_invalid_payload[payload6-400]","Негативный тест: обновление слайдера с невалидным или неполным телом запроса."
"passed","Fri Jan 02 01:27:03 UTC 2026","Fri Jan 02 01:27:08 UTC 2026","5276","tests.catalog","test_update_admin_product","","","","test_update_admin_product_invalid_payload[update_payload0-400]",""
"skipped","Fri Jan 02 01:15:34 UTC 2026","Fri Jan 02 01:15:37 UTC 2026","3286","tests.cart","test_13_cart_delete_estimate_delivery","","","","test_drop_estimate_delivery_success[client]","
    - Готовим корзину с товаром и рассчитанной доставкой
    - /cart/drop_estimate_delivery должен очистить доставку
    - Корзина должна существовать, items должны остаться
    "
"passed","Fri Jan 02 01:41:00 UTC 2026","Fri Jan 02 01:41:07 UTC 2026","6791","tests.integration","test_bonus_transfer_round_trip","","","","test_funds_transfer_round_trip_bonus_and_gift","
    Полный цикл:
    - создаём двух партнёров через /admin/create_partner
    - каждому начисляем бонусы/гифты
    - A -> B (bonus, gift)
    - B -> A (bonus, gift)
    - проверяем историю у обоих
    - удаляем пользователей
    "
"passed","Fri Jan 02 01:31:04 UTC 2026","Fri Jan 02 01:31:07 UTC 2026","3167","tests.delivery","test_01_save_delivery_address","","","","test_save_delivery_address_negative[client-payload8-500]","Негативные тесты на сохранение адреса доставки"
"skipped","Fri Jan 02 00:30:24 UTC 2026","Fri Jan 02 00:30:24 UTC 2026","0","tests.account","test_update_default_stock","","","","test_update_default_stock_positive[admin-payload1]","Позитивные тесты на изменение дефолтного склада"
"skipped","Fri Jan 02 01:47:06 UTC 2026","Fri Jan 02 01:47:07 UTC 2026","203","tests.register","test_01_register_form","","","","test_register_form_negative[admin-payload0-400]",""
"skipped","Fri Jan 02 01:49:24 UTC 2026","Fri Jan 02 01:49:24 UTC 2026","0","tests.stock","test_create_stock","","","","test_create_stock_with_empty_string_log_if_not_200[city.region]",""
"skipped","Fri Jan 02 01:49:22 UTC 2026","Fri Jan 02 01:49:23 UTC 2026","776","tests.stock","test_create_stock","","","","test_create_stock_duplicate_id_1c_fails",""
"passed","Fri Jan 02 00:34:06 UTC 2026","Fri Jan 02 00:34:07 UTC 2026","602","tests.admin_panel","test_report_accruals","","","","test_report_accruals_unauthorized",""
"passed","Fri Jan 02 01:30:13 UTC 2026","Fri Jan 02 01:30:16 UTC 2026","3204","tests.delivery","test_01_save_delivery_address","","","","test_save_delivery_address_positive[partner-payload2]","Позитивные тесты на сохранение адреса доставки"
"passed","Fri Jan 02 01:17:55 UTC 2026","Fri Jan 02 01:17:57 UTC 2026","1854","tests.cart","test_23_cart_calculate_delivery_flag","","","","test_update_cart_item_invalid_calculate_delivery_flag[123-client]",""
"passed","Fri Jan 02 00:45:36 UTC 2026","Fri Jan 02 00:45:37 UTC 2026","844","tests.admin_panel.products","test_40_create_product_brand","","","","test_create_product_brand_invalid_payload[payload12-expected_codes12]","Негативные кейсы: невалидные поля при создании бренда."
"passed","Fri Jan 02 00:34:39 UTC 2026","Fri Jan 02 00:34:40 UTC 2026","815","tests.admin_panel.categories","test_47_get_categories_by_id","","","","test_get_categories_invalid_id[-1]","Негативный тест: получение категории по невалидному ID."
"skipped","Fri Jan 02 00:27:49 UTC 2026","Fri Jan 02 00:27:49 UTC 2026","0","tests.account","test_account_branded_wallet_get","","","","test_get_period_bad_types_400_or_422[period1-client]","
    Негатив: некорректные типы month/year → 400/422
    "
"passed","Fri Jan 02 00:39:45 UTC 2026","Fri Jan 02 00:39:48 UTC 2026","2809","tests.admin_panel.items","test_create_item_translation","","","","test_create_item_translation_success[de]",""
"passed","Fri Jan 02 01:02:15 UTC 2026","Fri Jan 02 01:02:16 UTC 2026","397","tests.admin_panel.users","test_delete_admin_users_exclusive_preorder_permissions","","","","test_delete_exclusive_preorder_permissions_requires_admin[client]","
    клиент/партнёр не могут удалять permission → 403
    "
"passed","Fri Jan 02 00:25:02 UTC 2026","Fri Jan 02 00:25:03 UTC 2026","821","tests.PROJECT_EDUCATION.test_system","test_04_finish_test","","","","test_finish_test_invalid_id__400_or_404[1.5]",""
"passed","Fri Jan 02 00:51:58 UTC 2026","Fri Jan 02 00:51:59 UTC 2026","1236","tests.admin_panel.promo","test_77_create_promotion_item","","","","test_create_promotion_item_invalid_payload[payload2-400]",""
"passed","Fri Jan 02 00:25:13 UTC 2026","Fri Jan 02 00:25:14 UTC 2026","813","tests.PROJECT_EDUCATION.test_system","test_05_get_info","","","","test_get_info_invalid_id__400_or_404[0]","Негатив: невалидный id в path"
"passed","Fri Jan 02 00:32:20 UTC 2026","Fri Jan 02 00:32:21 UTC 2026","848","tests.admin_panel","test_04_generate_support_token","","","","test_invalid_user_id_for_token_returns_client_error[None]",""
"skipped","Fri Jan 02 00:43:28 UTC 2026","Fri Jan 02 00:43:28 UTC 2026","0","tests.admin_panel.periods","test_post_periods_by_date_interval","","","","test_post_periods_by_date_interval__200_strict[client]",""
"passed","Fri Jan 02 01:49:19 UTC 2026","Fri Jan 02 01:49:20 UTC 2026","579","tests.stock","test_create_stock","","","","test_create_stock_unauthorized",""
"passed","Fri Jan 02 01:36:23 UTC 2026","Fri Jan 02 01:36:23 UTC 2026","189","tests.delivery","test_get_delivery_regions","","","","test_get_delivery_regions_success[admin]","Позитив: успешное получение списка регионов."
"passed","Fri Jan 02 01:32:42 UTC 2026","Fri Jan 02 01:32:43 UTC 2026","197","tests.delivery","test_02_get_delivery_address","","","","test_get_delivery_addresses_invalid_pagination[invalid_pagination1-partner]","Негатив: некорректные параметры пагинации"
"passed","Fri Jan 02 00:51:32 UTC 2026","Fri Jan 02 00:51:33 UTC 2026","840","tests.admin_panel.promo","test_76_get_promotion_items","","","","test_get_promotion_item_invalid_id[1.5-1.5]","Негативный тест: получение элемента с невалидным ID."
"passed","Fri Jan 02 00:41:48 UTC 2026","Fri Jan 02 00:41:49 UTC 2026","837","tests.admin_panel.items","test_update_item","","","","test_update_item_invalid_id[0]","Негативный тест: несуществующий или некорректный ID."
"skipped","Fri Jan 02 02:01:50 UTC 2026","Fri Jan 02 02:01:51 UTC 2026","824","tests.tickets","test_09_get_ticket_messages","","","","test_get_ticket_messages_invalid_id_format[]","Негативный тест: запрос с некорректным ID (строка, спецсимволы, пустое значение)"
"passed","Fri Jan 02 01:16:08 UTC 2026","Fri Jan 02 01:16:08 UTC 2026","251","tests.cart","test_15_cart_update_country","","","","test_update_country_success[partner]","Позитив: изменение страны доставки."
"passed","Fri Jan 02 00:39:11 UTC 2026","Fri Jan 02 00:39:14 UTC 2026","2898","tests.admin_panel.items","test_create_item_translation","","","","test_create_item_translation_success[ru]",""
"passed","Fri Jan 02 01:50:32 UTC 2026","Fri Jan 02 01:50:33 UTC 2026","1287","tests.temporary","test_last_cleanup_orphan_boxes","","","","test_cleanup_orphan_boxes_is_idempotent","
    Проверяем:
      1) сколько сирот есть сейчас,
      2) cleanup удаляет ровно их количество,
      3) повторный запуск не удаляет ничего.
    "
"passed","Fri Jan 02 00:51:51 UTC 2026","Fri Jan 02 00:51:53 UTC 2026","1236","tests.admin_panel.promo","test_77_create_promotion_item","","","","test_create_promotion_item_invalid_payload[payload0-400]",""
"passed","Fri Jan 02 01:48:29 UTC 2026","Fri Jan 02 01:48:29 UTC 2026","209","tests.statistic","test_team_go","","","","test_get_team_go_statistic_positive[payload2-admin]","Позитивный тест: получение статистики по команде с валидным телом запроса"
"passed","Fri Jan 02 01:04:00 UTC 2026","Fri Jan 02 01:04:00 UTC 2026","229","tests.auth","test_02_login","","","","test_partner_login[partner-2877-123123-200]",""
"passed","Fri Jan 02 01:32:44 UTC 2026","Fri Jan 02 01:32:44 UTC 2026","196","tests.delivery","test_02_get_delivery_address","","","","test_get_delivery_addresses_invalid_pagination[invalid_pagination1-admin]","Негатив: некорректные параметры пагинации"
"skipped","Fri Jan 02 00:23:23 UTC 2026","Fri Jan 02 00:23:23 UTC 2026","0","tests.PROJECT_EDUCATION.orders","test_get_order_by_id","","","","test_get_order_by_id_invalid_id__returns_error[999999999]",""
"passed","Fri Jan 02 01:35:01 UTC 2026","Fri Jan 02 01:35:01 UTC 2026","379","tests.delivery","test_get_cities_v2","","","","test_get_cities_v2_success[params0-client]","
    Позитив: успешное получение списка городов (обязателен city_name, country_id — опционален).
    "
"passed","Fri Jan 02 01:19:44 UTC 2026","Fri Jan 02 01:19:45 UTC 2026","980","tests.catalog","test_create_admin_product","","","","test_create_product_invalid_payload[payload5-422]",""
"passed","Fri Jan 02 01:21:38 UTC 2026","Fri Jan 02 01:21:39 UTC 2026","784","tests.catalog","test_create_admin_product_translation","","","","test_create_admin_product_translation_invalid_payload[payload0-400]","Негативные проверки на создание перевода с некорректным payload."
"skipped","Fri Jan 02 01:49:24 UTC 2026","Fri Jan 02 01:49:24 UTC 2026","0","tests.stock","test_create_stock","","","","test_create_stock_with_empty_string_log_if_not_200[timezone.display_name]",""
"skipped","Fri Jan 02 01:36:14 UTC 2026","Fri Jan 02 01:36:14 UTC 2026","187","tests.delivery","test_get_delivery_countries","","","","test_get_delivery_countries_invalid_from[True-admin]","Негатив: невалидные значения параметра from → 400/422."
"passed","Fri Jan 02 01:43:23 UTC 2026","Fri Jan 02 01:43:24 UTC 2026","601","tests.one_c","test_create_1c_stock","","","","test_post_forbidden[False-None]",""
"passed","Fri Jan 02 01:23:25 UTC 2026","Fri Jan 02 01:23:26 UTC 2026","834","tests.catalog","test_get_admin_product_translation","","","","test_get_admin_product_translation_not_found","Запрос перевода для несуществующего product_id — 404."
"skipped","Fri Jan 02 00:30:07 UTC 2026","Fri Jan 02 00:30:07 UTC 2026","0","tests.account","test_token_revoke","","","","test_revoke_token_positive[partner-payload1]","Позитивные тесты на удаление токена"
"skipped","Fri Jan 02 02:01:45 UTC 2026","Fri Jan 02 02:01:45 UTC 2026","802","tests.tickets","test_09_get_ticket_messages","","","","test_get_ticket_messages_invalid_id_format[-1]","Негативный тест: запрос с некорректным ID (строка, спецсимволы, пустое значение)"
"passed","Fri Jan 02 01:05:26 UTC 2026","Fri Jan 02 01:05:26 UTC 2026","196","tests.cart","test_01_user_locale","","","","test_update_user_locale_invalid_payload[client-payload2-400]","Негативный тест: обновление локали с невалидным payload."
"passed","Fri Jan 02 00:42:06 UTC 2026","Fri Jan 02 00:42:07 UTC 2026","1827","tests.admin_panel.items","test_update_item","","","","test_update_item_invalid_payload[payload1-expected_code1]","Негативный тест: обновление item с невалидным или неполным телом запроса."
"passed","Fri Jan 02 01:00:21 UTC 2026","Fri Jan 02 01:00:26 UTC 2026","4245","tests.admin_panel.slides","test_61_upload_slides_images","","","","test_upload_slide_images_file_too_large[4.7-fields_to_send0-204]","Негативный тест: загрузка слишком большого изображения."
"passed","Fri Jan 02 00:57:26 UTC 2026","Fri Jan 02 00:57:28 UTC 2026","1271","tests.admin_panel.slides","test_58_get_slides_by_id","","","","test_get_slides_by_id_success","Позитивный тест: успешное получение слайда по ID админом."
"passed","Fri Jan 02 01:54:45 UTC 2026","Fri Jan 02 01:54:46 UTC 2026","770","tests.tickets","test_04_create_ticket","","","","test_create_ticket_success[partner-attachments0-QuestionsAboutTheRewardSystemMarketingPlan]","Позитивный тест: создание тикета с разными темами и вложениями для клиента, партнера и админа"
"skipped","Fri Jan 02 00:29:42 UTC 2026","Fri Jan 02 00:29:42 UTC 2026","0","tests.account","test_history_group_volumes","","","","test_get_group_volumes_history_positive[admin-payload0]","Позитивные тесты на получение истории начисления групповых объемов"
"passed","Fri Jan 02 00:58:07 UTC 2026","Fri Jan 02 00:58:08 UTC 2026","855","tests.admin_panel.slides","test_59_update_slide","","","","test_update_slide_invalid_id[-1]","Негативный тест: несуществующий или некорректный ID."
"passed","Fri Jan 02 01:44:01 UTC 2026","Fri Jan 02 01:44:01 UTC 2026","609","tests.one_c","test_create_1c_stock","","","","test_post_bad_request_or_unprocessable[<lambda>12]",""
"skipped","Fri Jan 02 01:50:34 UTC 2026","Fri Jan 02 01:50:34 UTC 2026","0","tests.tickets","test_01_get_tickets","","","","test_get_tickets_success[filter2-sort0-search1-pagination0-client]","Позитивный тест: получение списка тикетов с разными комбинациями параметров"
"passed","Fri Jan 02 00:33:35 UTC 2026","Fri Jan 02 00:33:36 UTC 2026","810","tests.admin_panel","test_partner_accrual_details_common","","","","test_common_accrual_details_invalid_payload[payload3-expected_codes3]","
    Негатив: валидация тела запроса общей детализации.
    "
"skipped","Fri Jan 02 01:08:28 UTC 2026","Fri Jan 02 01:08:28 UTC 2026","534","tests.cart","test_06_cart_update","","","","test_update_cart_item_invalid_payload[client-payload0]","Негатив: невалидный payload"
"passed","Fri Jan 02 01:35:47 UTC 2026","Fri Jan 02 01:35:47 UTC 2026","188","tests.delivery","test_get_delivery_countries","","","","test_get_delivery_countries_success[None-partner]","Позитив: успешное получение списка стран с разными значениями ?from=."
"passed","Fri Jan 02 00:49:58 UTC 2026","Fri Jan 02 00:49:59 UTC 2026","1182","tests.admin_panel.promo","test_74_update_promotion","","","","test_update_promotion_forbidden[client]","Негативный тест: попытка обновления акции не-админом."
"skipped","Fri Jan 02 00:35:17 UTC 2026","Fri Jan 02 00:35:17 UTC 2026","0","tests.admin_panel.categories","test_50_upload_category_images","","","","test_upload_category_images_invalid_format[valid.jpg-image/jpeg-204]","Негативный тест: загрузка изображений в неверном формате (например, .txt)."
"passed","Fri Jan 02 01:47:52 UTC 2026","Fri Jan 02 01:47:52 UTC 2026","201","tests.statistic","test_team_activations","","","","test_get_team_activation_statistic_positive[payload2-client]","Позитивный тест: получение статистики по активации команды с валидным телом запроса"
"skipped","Fri Jan 02 00:29:42 UTC 2026","Fri Jan 02 00:29:42 UTC 2026","0","tests.account","test_get_languages","","","","test_get_languages_success[partner-web-200]","Возвращает список языков, доступных для перевода"
"passed","Fri Jan 02 00:55:32 UTC 2026","Fri Jan 02 00:55:35 UTC 2026","2775","tests.admin_panel.slides","test_0_slides_sort","","","","test_slides_sort_success","Позитивный тест: успешная сортировка слайдов в слайдере."
"passed","Fri Jan 02 01:43:11 UTC 2026","Fri Jan 02 01:43:13 UTC 2026","1976","tests.one_c","test_create_1c_stock","","","","test_name_not_overwritten_by_city",""
"passed","Fri Jan 02 01:45:27 UTC 2026","Fri Jan 02 01:45:28 UTC 2026","601","tests.orders","test_orders_v2_pay","","","","test_orders_v2_pay_unauthorized","Негативный тест: запрос без авторизации"
"passed","Fri Jan 02 01:24:22 UTC 2026","Fri Jan 02 01:24:23 UTC 2026","843","tests.catalog","test_get_recommended_products","","","","test_get_recommended_products_invalid_id[1.5]","
    Негативный тест: передан некорректный ID (тип/значение)
    "
"passed","Fri Jan 02 01:26:26 UTC 2026","Fri Jan 02 01:26:31 UTC 2026","5174","tests.catalog","test_update_admin_product","","","","test_update_admin_product_forbidden[client]",""
"skipped","Fri Jan 02 01:50:34 UTC 2026","Fri Jan 02 01:50:34 UTC 2026","0","tests.tickets","test_01_get_tickets","","","","test_get_tickets_success[filter0-sort0-search0-pagination1-partner]","Позитивный тест: получение списка тикетов с разными комбинациями параметров"
"passed","Fri Jan 02 01:47:58 UTC 2026","Fri Jan 02 01:47:58 UTC 2026","191","tests.statistic","test_team_activations","","","","test_get_team_activation_statistic_positive[payload3-client]","Позитивный тест: получение статистики по активации команды с валидным телом запроса"
"passed","Fri Jan 02 00:49:07 UTC 2026","Fri Jan 02 00:49:08 UTC 2026","823","tests.admin_panel.promo","test_72_create_promotion","","","","test_create_promotion_invalid_data[payload9-422]","Негативные тесты: невалидные данные"
"passed","Fri Jan 02 01:07:14 UTC 2026","Fri Jan 02 01:07:20 UTC 2026","5374","tests.cart","test_04_cart_full_data","","","","test_cart_full_data_backward_compatibility_without_flag[client]","
    Позитив: обратная совместимость
    "
"passed","Fri Jan 02 02:02:55 UTC 2026","Fri Jan 02 02:02:56 UTC 2026","828","tests.tickets","test_12_delete_message","","","","test_delete_ticket_message_negative[None-400]","Негативные тесты: удаление с некорректными данными"
"skipped","Fri Jan 02 01:47:35 UTC 2026","Fri Jan 02 01:47:35 UTC 2026","0","tests.sockets","test_ws_message_type","","","","test_ws_message_type_parametrized_ok[question-partner]","
    WS принимает разные значения message_type, сообщение корректно
    появляется в /support-chat/messages с консистентной схемой
    "
"skipped","Fri Jan 02 00:43:37 UTC 2026","Fri Jan 02 00:43:37 UTC 2026","0","tests.admin_panel.products","test_01_delete_product_group","","","","test_delete_product_group_forbidden[client]","Негативный тест: попытка удаления продукт группы не-админом."
"passed","Fri Jan 02 00:46:23 UTC 2026","Fri Jan 02 00:46:24 UTC 2026","816","tests.admin_panel.products","test_42_update_product_brand","","","","test_update_product_brand_invalid_id[0]","Негативный тест: несуществующий или некорректный ID."
"passed","Fri Jan 02 01:50:19 UTC 2026","Fri Jan 02 01:50:21 UTC 2026","2121","tests.stock","test_stock_free_delivery","","","","test_stock_by_id_contains_is_free_delivery_flag","
    Через 1С создаём склад с is_free_delivery_enabled=True → /stock/{id} должен вернуть этот флаг
    "
"passed","Fri Jan 02 00:29:28 UTC 2026","Fri Jan 02 00:29:28 UTC 2026","192","tests.account","test_get_account_exists","","","","test_get_account_exists_positive[params3-client]","Нкгатив: невлидны id"
"passed","Fri Jan 02 01:50:35 UTC 2026","Fri Jan 02 01:50:35 UTC 2026","187","tests.tickets","test_01_get_tickets","","","","test_get_tickets_no_pagination[client]","Негативный тест: запрос без обязательного параметра pagination"
"passed","Fri Jan 02 00:59:31 UTC 2026","Fri Jan 02 00:59:33 UTC 2026","1221","tests.admin_panel.slides","test_60_delete_slides","","","","test_delete_slide_forbidden[client]","Негативный тест: попытка удаления слайда не-админом."
"passed","Fri Jan 02 01:36:32 UTC 2026","Fri Jan 02 01:36:32 UTC 2026","266","tests.delivery","test_get_dpd_offices","","","","test_get_dpd_offices_success[423-client]",""
"passed","Fri Jan 02 01:37:39 UTC 2026","Fri Jan 02 01:37:39 UTC 2026","199","tests.delivery","test_get_fargo_offices","","","","test_get_fargo_offices_success[439930-admin]","Позитив: успешное получение списка офисов по city_id."
"skipped","Fri Jan 02 00:43:18 UTC 2026","Fri Jan 02 00:43:18 UTC 2026","0","tests.admin_panel.periods","test_post_admin_approve_marketing_result_with_period","","","","test_post_admin_approve_marketing_result_with_period__200_strict",""
"passed","Fri Jan 02 00:33:28 UTC 2026","Fri Jan 02 00:33:29 UTC 2026","620","tests.admin_panel","test_partner_accrual_details_common","","","","test_common_accrual_details_unauthorized","
    Негатив: без токена запрос к админ-ручке → 401
    "
"skipped","Fri Jan 02 01:50:34 UTC 2026","Fri Jan 02 01:50:34 UTC 2026","0","tests.tickets","test_01_get_tickets","","","","test_get_tickets_success[filter2-sort0-search1-pagination1-client]","Позитивный тест: получение списка тикетов с разными комбинациями параметров"
"passed","Fri Jan 02 00:45:27 UTC 2026","Fri Jan 02 00:45:28 UTC 2026","784","tests.admin_panel.products","test_40_create_product_brand","","","","test_create_product_brand_invalid_payload[payload7-expected_codes7]","Негативные кейсы: невалидные поля при создании бренда."
"passed","Fri Jan 02 01:16:31 UTC 2026","Fri Jan 02 01:16:31 UTC 2026","609","tests.cart","test_17_cart_update_user_country","","","","test_update_user_country_unauthorized","Негатив: вызов без авторизации/корзины."
"passed","Fri Jan 02 01:42:57 UTC 2026","Fri Jan 02 01:42:59 UTC 2026","2014","tests.one_c","test_create_1c_stock","","","","test_timezone_same_name_different_offset_creates_new",""
"passed","Fri Jan 02 00:58:22 UTC 2026","Fri Jan 02 00:58:23 UTC 2026","1278","tests.admin_panel.slides","test_59_update_slide","","","","test_update_slide_invalid_payload[payload2-expected_code2]","Негативный тест: обновление слайда с невалидным или неполным телом запроса."
"passed","Fri Jan 02 01:25:01 UTC 2026","Fri Jan 02 01:25:01 UTC 2026","197","tests.catalog","test_product_get_by_slug","","","","test_get_product_by_slug_wrong_method[post-client]","
    Негативный: неверный HTTP-метод для GET /products/{slug}
    "
"passed","Fri Jan 02 00:37:34 UTC 2026","Fri Jan 02 00:37:35 UTC 2026","1397","tests.admin_panel.categories","test_80_create_category_translation","","","","test_create_category_translation_forbidden[client]","Негативный тест: создание перевода не-админом запрещено."
"passed","Fri Jan 02 01:08:04 UTC 2026","Fri Jan 02 01:08:04 UTC 2026","187","tests.cart","test_04_cart_full_data","","","","test_full_data_invalid_calculate_delivery_flag[123-client]",""
"passed","Fri Jan 02 00:56:18 UTC 2026","Fri Jan 02 00:56:19 UTC 2026","822","tests.admin_panel.slides","test_57_create_slide","","","","test_create_slide_invalid_payload[payload0-expected_code0]","Негативные тесты: некорректные и неполные payload'ы."
"failed","Fri Jan 02 01:13:09 UTC 2026","Fri Jan 02 01:13:13 UTC 2026","3320","tests.cart","test_12_cart_estimate_delivery","","","","test_estimate_delivery_success[client-cdek_courier-payload10]","
    Позитив: корзина с товаром, выбор способа доставки и расчёт стоимости для разных служб
    "
"passed","Fri Jan 02 01:44:21 UTC 2026","Fri Jan 02 01:44:21 UTC 2026","601","tests.one_c","test_get_1с_stock","","","","test_get_stock_forbidden[params0]",""
"passed","Fri Jan 02 01:54:28 UTC 2026","Fri Jan 02 01:54:28 UTC 2026","802","tests.tickets","test_04_create_ticket","","","","test_create_ticket_success[partner-attachments0-QuestionsAboutOrders]","Позитивный тест: создание тикета с разными темами и вложениями для клиента, партнера и админа"
"passed","Fri Jan 02 00:32:24 UTC 2026","Fri Jan 02 00:32:24 UTC 2026","814","tests.admin_panel","test_04_generate_support_token","","","","test_invalid_user_id_for_token_returns_client_error[abc]",""
"passed","Fri Jan 02 01:45:51 UTC 2026","Fri Jan 02 01:45:52 UTC 2026","1429","tests.promo_time.new_year_lottery","test_admin_new_year_lottery_coupons","","","","test_change_coupons_for_unknown_order_returns_404","
    Негатив: заказ не найден
    "
"skipped","Fri Jan 02 00:29:42 UTC 2026","Fri Jan 02 00:29:42 UTC 2026","0","tests.account","test_get_languages","","","","test_get_languages_success[partner-ios-200]","Возвращает список языков, доступных для перевода"
"passed","Fri Jan 02 01:18:57 UTC 2026","Fri Jan 02 01:19:02 UTC 2026","4937","tests.catalog","test_create_admin_product","","","","test_create_admin_product_minimal_payload_variants[slug+category_ids]",""
"skipped","Fri Jan 02 01:49:19 UTC 2026","Fri Jan 02 01:49:19 UTC 2026","0","tests.stock","test_create_stock","","","","test_create_stock_success",""
"passed","Fri Jan 02 01:29:52 UTC 2026","Fri Jan 02 01:29:55 UTC 2026","2683","tests.delivery","test_01_save_delivery_address","","","","test_save_delivery_address_positive[client-payload4]","Позитивные тесты на сохранение адреса доставки"
"passed","Fri Jan 02 00:51:24 UTC 2026","Fri Jan 02 00:51:25 UTC 2026","1431","tests.admin_panel.promo","test_76_get_promotion_items","","","","test_get_promotion_item_forbidden[partner]","Негативный тест: получение элемента акции не-админом запрещено."
"passed","Fri Jan 02 01:18:31 UTC 2026","Fri Jan 02 01:18:32 UTC 2026","1189","tests.cart","test_25_cart_city_guessed_flag","","","","test_city_guessed_authorized_after_explicit_city_choice[partner]","
    Авторизованный пользователь явно выбирает город через /cart/save_city
    - выбор города сохраняется
    - далее is_city_guessed уже не может быть True
    "
"skipped","Fri Jan 02 01:49:24 UTC 2026","Fri Jan 02 01:49:24 UTC 2026","0","tests.stock","test_create_stock","","","","test_create_stock_with_empty_string_log_if_not_200[address.region]",""
"skipped","Fri Jan 02 01:50:34 UTC 2026","Fri Jan 02 01:50:34 UTC 2026","0","tests.tickets","test_01_get_tickets","","","","test_get_tickets_success[filter1-sort1-search1-pagination0-partner]","Позитивный тест: получение списка тикетов с разными комбинациями параметров"
"skipped","Fri Jan 02 01:05:22 UTC 2026","Fri Jan 02 01:05:22 UTC 2026","0","tests.cart","test_01_user_locale","","","","test_update_user_locale_valid_payload[payload3]","
    Позитивный тест: Обновление языка/склада/локали НЕавторизованным пользователем с указанной корзиной в cookie.
    "
"passed","Fri Jan 02 00:58:18 UTC 2026","Fri Jan 02 00:58:20 UTC 2026","1252","tests.admin_panel.slides","test_59_update_slide","","","","test_update_slide_invalid_payload[payload1-expected_code1]","Негативный тест: обновление слайда с невалидным или неполным телом запроса."
"skipped","Fri Jan 02 01:49:24 UTC 2026","Fri Jan 02 01:49:24 UTC 2026","0","tests.stock","test_create_stock","","","","test_create_stock_with_empty_string_log_if_not_200[address]",""
"passed","Fri Jan 02 01:39:12 UTC 2026","Fri Jan 02 01:39:12 UTC 2026","230","tests.delivery","test_get_self_pickup_offices","","","","test_get_self_pickup_offices_success[186343-partner]","Позитив: успешное получение списка ПВЗ ЭВЫ по city_id."
"passed","Fri Jan 02 01:03:32 UTC 2026","Fri Jan 02 01:03:32 UTC 2026","601","tests.auth","test_01_check_version","","","","test_check_version[Ios-2.0.1-200]","Тест проверяет API /check_version для разных платформ и версий."
"passed","Fri Jan 02 00:53:48 UTC 2026","Fri Jan 02 00:53:49 UTC 2026","1263","tests.admin_panel.sliders","test_53_get_sliders_by_id","","","","test_get_sliders_by_id_forbidden[partner]","Негативный тест: получение слайдера по ID не-админом запрещено"
"passed","Fri Jan 02 00:35:57 UTC 2026","Fri Jan 02 00:35:58 UTC 2026","790","tests.admin_panel.categories","test_57_v2_update_category","","","","test_v2_update_category_invalid_id[-1]","Негативный тест: несуществующий или некорректный ID."
"skipped","Fri Jan 02 01:50:34 UTC 2026","Fri Jan 02 01:50:34 UTC 2026","0","tests.tickets","test_01_get_tickets","","","","test_get_tickets_success[filter2-sort1-search0-pagination1-client]","Позитивный тест: получение списка тикетов с разными комбинациями параметров"
"skipped","Fri Jan 02 01:19:54 UTC 2026","Fri Jan 02 01:19:54 UTC 2026","0","tests.catalog","test_create_admin_product","","","","test_create_product_duplicate_slug[en]",""
"passed","Fri Jan 02 00:57:45 UTC 2026","Fri Jan 02 00:57:46 UTC 2026","811","tests.admin_panel.slides","test_58_get_slides_by_id","","","","test_get_slides_invalid_id[1.5]","Негативный тест: невалидный ID в path-параметре."
"skipped","Fri Jan 02 01:50:34 UTC 2026","Fri Jan 02 01:50:34 UTC 2026","0","tests.tickets","test_01_get_tickets","","","","test_get_tickets_success[filter2-sort1-search2-pagination0-partner]","Позитивный тест: получение списка тикетов с разными комбинациями параметров"
"skipped","Fri Jan 02 02:01:11 UTC 2026","Fri Jan 02 02:01:12 UTC 2026","1591","tests.tickets","test_06_close_ticket","","","","test_close_tickets_negative[admin-None-400]","Негативные тесты: закрытие с некорректными данными"
"passed","Fri Jan 02 00:37:29 UTC 2026","Fri Jan 02 00:37:31 UTC 2026","1973","tests.admin_panel.categories","test_80_create_category_translation","","","","test_create_category_translation_success[mn]","Позитивный тест: создание/обновление перевода категории для разных языков."
"passed","Fri Jan 02 00:49:14 UTC 2026","Fri Jan 02 00:49:15 UTC 2026","603","tests.admin_panel.promo","test_72_create_promotion","","","","test_create_promotion_unauthorized","Негативный тест: создание акции без авторизации."
"passed","Fri Jan 02 01:11:06 UTC 2026","Fri Jan 02 01:11:09 UTC 2026","2898","tests.cart","test_11_cart_save_delivery_method","","","","test_save_delivery_method_success_with_cart[partner-RuPost]","
    Позитив: сохранение способа доставки для всех значений с корзиной
    "
"passed","Fri Jan 02 01:51:58 UTC 2026","Fri Jan 02 01:51:59 UTC 2026","778","tests.tickets","test_04_create_ticket","","","","test_create_ticket_success[client-attachments0-QuestionsAboutTheWorkOfTheStructureAndMentors]","Позитивный тест: создание тикета с разными темами и вложениями для клиента, партнера и админа"
"passed","Fri Jan 02 01:52:53 UTC 2026","Fri Jan 02 01:52:55 UTC 2026","1770","tests.tickets","test_04_create_ticket","","","","test_create_ticket_success[client-attachments1-QuestionsAboutTheMarriageContract]","Позитивный тест: создание тикета с разными темами и вложениями для клиента, партнера и админа"
"skipped","Fri Jan 02 00:26:54 UTC 2026","Fri Jan 02 00:26:54 UTC 2026","0","tests.account","test_0_marathon","","","","test_create_product_brand_invalid_payload[params2-400-partner]",""
"passed","Fri Jan 02 00:43:11 UTC 2026","Fri Jan 02 00:43:12 UTC 2026","195","tests.admin_panel.periods","test_get_periods_list","","","","test_get_periods_list__200_contract[admin]",""
"passed","Fri Jan 02 00:55:55 UTC 2026","Fri Jan 02 00:55:56 UTC 2026","197","tests.admin_panel.slides","test_0_slides_sort","","","","test_slides_sort_by_id_forbidden[client]","Негативный тест: не админом."
"passed","Fri Jan 02 01:21:21 UTC 2026","Fri Jan 02 01:21:26 UTC 2026","5024","tests.catalog","test_create_admin_product_translation","","","","test_create_admin_product_translation_forbidden[client]","Проверка запрета на создание перевода продукта не-админом."
"passed","Fri Jan 02 01:45:46 UTC 2026","Fri Jan 02 01:45:47 UTC 2026","846","tests.promo_time.new_year_lottery","test_admin_new_year_lottery_coupons","","","","test_change_coupons_requires_admin_role","
    Негатив: обычный пользователь не может дергать админскую ручку
    "
"passed","Fri Jan 02 01:34:39 UTC 2026","Fri Jan 02 01:34:39 UTC 2026","600","tests.delivery","test_get_cdek_offices","","","","test_get_cdek_offices_success[521-admin]",""
"passed","Fri Jan 02 00:46:19 UTC 2026","Fri Jan 02 00:46:20 UTC 2026","1238","tests.admin_panel.products","test_42_update_product_brand","","","","test_update_product_brand_forbidden[partner]","Негативный тест: попытка обновления бренда не-админом."
"passed","Fri Jan 02 01:06:38 UTC 2026","Fri Jan 02 01:06:39 UTC 2026","187","tests.cart","test_02_get_delivery_cost","","","","test_get_delivery_cost_invalid_payload[client-payload3]","Негатив: некорректные входные данные."
"passed","Fri Jan 02 00:58:58 UTC 2026","Fri Jan 02 00:58:59 UTC 2026","1242","tests.admin_panel.slides","test_59_update_slide","","","","test_update_slide_invalid_payload[payload13-400]","Негативный тест: обновление слайда с невалидным или неполным телом запроса."
"passed","Fri Jan 02 00:31:08 UTC 2026","Fri Jan 02 00:31:09 UTC 2026","820","tests.admin_panel","test_02_support_users_list","","","","test_invalid_paging_returns_400_for_admin[page=-1&page_size=20]","
    Некорректные значения page/page_size
    "
"passed","Fri Jan 02 01:49:54 UTC 2026","Fri Jan 02 01:49:54 UTC 2026","190","tests.stock","test_get_stock_by_id","","","","test_get_stock_by_invalid_id[1.5-admin]","Невалидные значения ID склада"
"passed","Fri Jan 02 00:47:16 UTC 2026","Fri Jan 02 00:47:16 UTC 2026","820","tests.admin_panel.products","test_43_delete_product_brand","","","","test_delete_product_brand_invalid_id[0]","Негативный тест: удаление несуществующего или некорректного бренда."
"passed","Fri Jan 02 01:50:44 UTC 2026","Fri Jan 02 01:50:44 UTC 2026","193","tests.tickets","test_01_get_tickets","","","","test_get_tickets_invalid_pagination[invalid_pagination1-partner]","Негативный тест: передаем некорректные значения в pagination"
"passed","Fri Jan 02 00:36:06 UTC 2026","Fri Jan 02 00:36:07 UTC 2026","1220","tests.admin_panel.categories","test_57_v2_update_category","","","","test_v2_update_category_invalid_payload[payload0-expected_code0]","Негативный тест: обновление категории с невалидным или неполным телом запроса."
"passed","Fri Jan 02 01:24:57 UTC 2026","Fri Jan 02 01:24:57 UTC 2026","834","tests.catalog","test_product_get_by_slug","","","","test_get_product_by_slug_not_found[non-existing-slug-xyz-123]","
    Негативный: товар с указанным slug не найден
    "
"passed","Fri Jan 02 01:47:36 UTC 2026","Fri Jan 02 01:47:36 UTC 2026","199","tests.statistic","test_0_dashboard","","","","test_get_dashboard_statistic[client]","Позитивный тест: получение статистики для дашборда ""прирост или убыль в числовом виде"
"skipped","Fri Jan 02 01:50:34 UTC 2026","Fri Jan 02 01:50:34 UTC 2026","0","tests.tickets","test_01_get_tickets","","","","test_get_tickets_success[filter2-sort1-search2-pagination0-client]","Позитивный тест: получение списка тикетов с разными комбинациями параметров"
"skipped","Fri Jan 02 00:30:07 UTC 2026","Fri Jan 02 00:30:07 UTC 2026","0","tests.account","test_token_revoke","","","","test_revoke_token_positive[client-payload0]","Позитивные тесты на удаление токена"
"passed","Fri Jan 02 00:42:37 UTC 2026","Fri Jan 02 00:42:37 UTC 2026","198","tests.admin_panel.periods","test_get_approved_marketing_periods","","","","test_get_admin_approved_marketing_periods__forbidden[client]",""
"skipped","Fri Jan 02 01:49:24 UTC 2026","Fri Jan 02 01:49:24 UTC 2026","0","tests.stock","test_create_stock","","","","test_create_stock_with_empty_string_log_if_not_200[address.description]",""
"passed","Fri Jan 02 01:03:24 UTC 2026","Fri Jan 02 01:03:25 UTC 2026","1008","tests.admin_panel.users","test_post_admin_users_exclusive_preorder_permissions","","","","test_post_exclusive_preorder_permissions_validation_errors_400[payload10]","
    Негатив: некорректный payload
    "
"passed","Fri Jan 02 00:37:25 UTC 2026","Fri Jan 02 00:37:27 UTC 2026","1955","tests.admin_panel.categories","test_80_create_category_translation","","","","test_create_category_translation_success[ka]","Позитивный тест: создание/обновление перевода категории для разных языков."
"passed","Fri Jan 02 01:09:59 UTC 2026","Fri Jan 02 01:10:00 UTC 2026","607","tests.cart","test_11_cart_save_delivery_method","","","","test_save_delivery_method_success[client-Yandex]","
    Позитив: сохранение способа доставки для всех значений без корзины
    "
"passed","Fri Jan 02 01:42:45 UTC 2026","Fri Jan 02 01:42:47 UTC 2026","1849","tests.one_c","test_create_1c_stock","","","","test_post_is_storage_false_pickup_point",""
"passed","Fri Jan 02 00:55:05 UTC 2026","Fri Jan 02 00:55:06 UTC 2026","1263","tests.admin_panel.sliders","test_54_update_slider","","","","test_update_slider_invalid_payload[payload11-422]","Негативный тест: обновление слайдера с невалидным или неполным телом запроса."
"passed","Fri Jan 02 00:55:42 UTC 2026","Fri Jan 02 00:55:42 UTC 2026","813","tests.admin_panel.slides","test_0_slides_sort","","","","test_slides_sort_invalid_id[None]","Негативный тест: невалидный path parameter."
"passed","Fri Jan 02 01:05:46 UTC 2026","Fri Jan 02 01:05:47 UTC 2026","224","tests.cart","test_01_user_locale","","","","test_update_user_locale_invalid_payload[partner-payload6-400]","Негативный тест: обновление локали с невалидным payload."
"passed","Fri Jan 02 00:55:14 UTC 2026","Fri Jan 02 00:55:15 UTC 2026","606","tests.admin_panel.sliders","test_55_delete_sliders","","","","test_delete_slider_unauthorized","Негативный тест: попытка удаления слайдера без авторизации."
"skipped","Fri Jan 02 00:35:17 UTC 2026","Fri Jan 02 00:35:17 UTC 2026","0","tests.admin_panel.categories","test_50_upload_category_images","","","","test_upload_only_single_image_field_should_not_fill_others[image_site-test_png.png-image/png-image_site]","Проверка: загрузка только одного из полей (icon, image, image_site) не должна заполнять другие."
"passed","Fri Jan 02 01:10:04 UTC 2026","Fri Jan 02 01:10:04 UTC 2026","600","tests.cart","test_11_cart_save_delivery_method","","","","test_save_delivery_method_success[client-Europost]","
    Позитив: сохранение способа доставки для всех значений без корзины
    "
"passed","Fri Jan 02 00:57:30 UTC 2026","Fri Jan 02 00:57:31 UTC 2026","1290","tests.admin_panel.slides","test_58_get_slides_by_id","","","","test_get_slides_by_id_forbidden[client]","Негативный тест: попытка получения слайда по ID не-админом."
"passed","Fri Jan 02 01:06:10 UTC 2026","Fri Jan 02 01:06:10 UTC 2026","218","tests.cart","test_02_get_delivery_cost","","","","test_get_delivery_cost_success_partial_payload[client-payload5-400]","
    Позитив/граничные: сочетания полей региона/города
    "
"skipped","Fri Jan 02 01:47:35 UTC 2026","Fri Jan 02 01:47:35 UTC 2026","0","tests.sockets","test_ws_message_type","","","","test_ws_message_type_parametrized_ok[None-partner]","
    WS принимает разные значения message_type, сообщение корректно
    появляется в /support-chat/messages с консистентной схемой
    "
"passed","Fri Jan 02 01:14:02 UTC 2026","Fri Jan 02 01:14:07 UTC 2026","4607","tests.cart","test_12_cart_estimate_delivery","","","","test_estimate_delivery_success[partner-kgpost-payload4]","
    Позитив: корзина с товаром, выбор способа доставки и расчёт стоимости для разных служб
    "
"passed","Fri Jan 02 00:29:35 UTC 2026","Fri Jan 02 00:29:36 UTC 2026","194","tests.account","test_get_account_exists","","","","test_get_account_exists_positive[params5-client]","Нкгатив: невлидны id"
"passed","Fri Jan 02 01:51:48 UTC 2026","Fri Jan 02 01:51:48 UTC 2026","777","tests.tickets","test_04_create_ticket","","","","test_create_ticket_success[client-attachments0-QuestionsAboutOrders]","Позитивный тест: создание тикета с разными темами и вложениями для клиента, партнера и админа"
"passed","Fri Jan 02 00:40:11 UTC 2026","Fri Jan 02 00:40:12 UTC 2026","810","tests.admin_panel.items","test_create_item_translation","","","","test_create_item_translation_invalid_payload[payload6-code6]","Негативный тест: создание перевода с невалидным payload."
"passed","Fri Jan 02 01:25:12 UTC 2026","Fri Jan 02 01:25:13 UTC 2026","1193","tests.catalog","test_products_list","","","","test_get_products_list_success[client]","
    Позитивный: успешное получение списка товаров без фильтров
    "
"passed","Fri Jan 02 01:15:47 UTC 2026","Fri Jan 02 01:15:48 UTC 2026","458","tests.cart","test_14_cart_update_personal_data","","","","test_update_personal_data_success[client-payload1]","
    Позитив: обновление персональных данных
    "
"passed","Fri Jan 02 00:30:34 UTC 2026","Fri Jan 02 00:30:36 UTC 2026","1828","tests.admin_panel","test_01_support_create_user","","","","test_duplicate_login_returns_4xx","
    Негатив: создаём двух пользователей с ОДИНАКОВЫМ login саппорта
    "
"skipped","Fri Jan 02 01:47:10 UTC 2026","Fri Jan 02 01:47:10 UTC 2026","199","tests.register","test_01_register_form","","","","test_register_form_negative[admin-payload2-400]",""
"skipped","Fri Jan 02 00:43:37 UTC 2026","Fri Jan 02 00:43:37 UTC 2026","0","tests.admin_panel.products","test_01_create_product_group","","","","test_create_product_group_success_2","Позитивный тест: успешное создание продукт группы (только обязательное поле)."
"passed","Fri Jan 02 01:39:56 UTC 2026","Fri Jan 02 01:39:57 UTC 2026","230","tests.delivery","test_self_pickup_offices","","","","test_self_pickup_offices_unknown_city_returns_empty_list[client]","
    Позитив/краевой случай: неизвестный city_id -> 200 и пустой список.
    "
"passed","Fri Jan 02 00:29:26 UTC 2026","Fri Jan 02 00:29:27 UTC 2026","193","tests.account","test_get_account_exists","","","","test_get_account_exists_positive[params2-admin]","Нкгатив: невлидны id"
"passed","Fri Jan 02 01:07:52 UTC 2026","Fri Jan 02 01:07:58 UTC 2026","6879","tests.cart","test_04_cart_full_data","","","","test_cart_full_data_calculate_delivery_false[partner]","
    Позитив: calculate_delivery=false → явного пересчёта нет, уже рассчитанные advance_costs остаются в корзине
    "
"skipped","Fri Jan 02 00:30:07 UTC 2026","Fri Jan 02 00:30:07 UTC 2026","0","tests.account","test_token","","","","test_add_token_positive[client-payload0]","Позитивные тесты на добавление токена"
"passed","Fri Jan 02 01:11:34 UTC 2026","Fri Jan 02 01:11:37 UTC 2026","3203","tests.cart","test_11_cart_save_delivery_method","","","","test_save_delivery_method_success_with_cart[partner-Haypost]","
    Позитив: сохранение способа доставки для всех значений с корзиной
    "
"skipped","Fri Jan 02 01:34:32 UTC 2026","Fri Jan 02 01:34:32 UTC 2026","623","tests.delivery","test_get_cargo_offices","","","","test_get_cargo_offices_unauthorized",""
"skipped","Fri Jan 02 01:35:12 UTC 2026","Fri Jan 02 01:35:12 UTC 2026","221","tests.delivery","test_get_cities_v2","","","","test_get_cities_v2_missing_city_name_should_fail[admin]","
    Негатив: отсутствует обязательный query-параметр city_name → 400/422.
    "
"passed","Fri Jan 02 01:52:12 UTC 2026","Fri Jan 02 01:52:13 UTC 2026","779","tests.tickets","test_04_create_ticket","","","","test_create_ticket_success[client-attachments0-ChangePersonalData]","Позитивный тест: создание тикета с разными темами и вложениями для клиента, партнера и админа"
"passed","Fri Jan 02 00:32:12 UTC 2026","Fri Jan 02 00:32:13 UTC 2026","811","tests.admin_panel","test_04_generate_support_token","","","","test_invalid_ttl_returns_400[0]",""
"passed","Fri Jan 02 01:30:47 UTC 2026","Fri Jan 02 01:30:49 UTC 2026","2064","tests.delivery","test_01_save_delivery_address","","","","test_save_delivery_address_negative[client-payload4-400]","Негативные тесты на сохранение адреса доставки"
"skipped","Fri Jan 02 01:49:24 UTC 2026","Fri Jan 02 01:49:24 UTC 2026","0","tests.stock","test_create_stock","","","","test_create_stock_with_empty_string_log_if_not_200[boxberry_office_code]",""
"passed","Fri Jan 02 01:24:58 UTC 2026","Fri Jan 02 01:24:59 UTC 2026","607","tests.catalog","test_product_get_by_slug","","","","test_get_product_by_slug_unauthorized","
    Негативный: запрос без авторизации
    "
"passed","Fri Jan 02 00:48:58 UTC 2026","Fri Jan 02 00:48:58 UTC 2026","817","tests.admin_panel.promo","test_72_create_promotion","","","","test_create_promotion_invalid_data[payload4-400]","Негативные тесты: невалидные данные"
"passed","Fri Jan 02 01:03:56 UTC 2026","Fri Jan 02 01:03:57 UTC 2026","190","tests.auth","test_02_login","","","","test_client_login[client-1398--401]",""
"passed","Fri Jan 02 01:49:52 UTC 2026","Fri Jan 02 01:49:52 UTC 2026","203","tests.stock","test_get_stock_by_id","","","","test_get_stock_by_invalid_id[0-admin]","Невалидные значения ID склада"
"skipped","Fri Jan 02 00:29:42 UTC 2026","Fri Jan 02 00:29:42 UTC 2026","0","tests.account","test_pass_recovery","","","","test_pass_recovery_positive[payload1]","Позитивные тесты на восстановление пароля"
"skipped","Fri Jan 02 01:49:24 UTC 2026","Fri Jan 02 01:49:24 UTC 2026","0","tests.stock","test_create_stock","","","","test_create_stock_with_empty_string_log_if_not_200[timezone.dst_start]",""
"skipped","Fri Jan 02 01:46:59 UTC 2026","Fri Jan 02 01:46:59 UTC 2026","194","tests.register","test_01_register_form","","","","test_register_form_negative[client-payload2-400]",""
"passed","Fri Jan 02 00:59:49 UTC 2026","Fri Jan 02 00:59:49 UTC 2026","625","tests.admin_panel.slides","test_61_upload_slides_images","","","","test_upload_slide_images_unauthorized","Негативный тест: загрузка изображений слайда без авторизации."
"passed","Fri Jan 02 01:06:53 UTC 2026","Fri Jan 02 01:06:53 UTC 2026","195","tests.cart","test_02_get_delivery_cost","","","","test_get_delivery_cost_invalid_payload[partner-payload4]","Негатив: некорректные входные данные."
"passed","Fri Jan 02 01:23:23 UTC 2026","Fri Jan 02 01:23:24 UTC 2026","826","tests.catalog","test_get_admin_product_translation","","","","test_get_admin_product_translation_invalid_id[1.5]","Проверка получения перевода по невалидному product_id."
"passed","Fri Jan 02 01:24:53 UTC 2026","Fri Jan 02 01:24:53 UTC 2026","611","tests.catalog","test_product_get_by_id","","","","test_get_product_by_id_unauthorized",""
"passed","Fri Jan 02 00:35:02 UTC 2026","Fri Jan 02 00:35:04 UTC 2026","1291","tests.admin_panel.categories","test_49_delete_category","","","","test_delete_category_forbidden[partner]","Негативный тест: попытка удаления категории не-админом."
"skipped","Fri Jan 02 01:50:34 UTC 2026","Fri Jan 02 01:50:34 UTC 2026","0","tests.tickets","test_01_get_tickets","","","","test_get_tickets_success[filter2-sort1-search2-pagination1-partner]","Позитивный тест: получение списка тикетов с разными комбинациями параметров"
"passed","Fri Jan 02 01:29:02 UTC 2026","Fri Jan 02 01:29:02 UTC 2026","581","tests.chat_support","test_01_support_chat_messages_post","","","","test_create_message_unauthorized","
    Негатив: /support-chat/create без токена → 401
    "
"skipped","Fri Jan 02 00:33:21 UTC 2026","Fri Jan 02 00:33:21 UTC 2026","0","tests.admin_panel","test_accrue_gold_pro_gift","","","","test_accrue_gold_pro_gift_for_client",""
"passed","Fri Jan 02 01:02:43 UTC 2026","Fri Jan 02 01:02:44 UTC 2026","794","tests.admin_panel.users","test_get_admin_users_exclusive_preorder_permissions","","","","test_get_exclusive_preorder_permissions_invalid_user_id[0]","
    Негатив: некорректный/несуществующий user_id в path
    "
"passed","Fri Jan 02 01:03:44 UTC 2026","Fri Jan 02 01:03:44 UTC 2026","210","tests.auth","test_02_login","","","","test_admin_login[admin-Admin-1c1c1c1c-200]",""
"passed","Fri Jan 02 01:31:43 UTC 2026","Fri Jan 02 01:31:46 UTC 2026","2223","tests.delivery","test_01_save_delivery_address","","","","test_save_delivery_address_negative[partner-payload7-500]","Негативные тесты на сохранение адреса доставки"
"skipped","Fri Jan 02 01:19:54 UTC 2026","Fri Jan 02 01:19:54 UTC 2026","0","tests.catalog","test_create_admin_product","","","","test_create_product_duplicate_slug[kk]",""
"passed","Fri Jan 02 00:54:27 UTC 2026","Fri Jan 02 00:54:27 UTC 2026","808","tests.admin_panel.sliders","test_54_update_slider","","","","test_update_slider_invalid_id[abc]","Негативный тест: несуществующий или некорректный ID."
"passed","Fri Jan 02 00:30:10 UTC 2026","Fri Jan 02 00:30:11 UTC 2026","1061","tests.account","test_update_avatar","","","","test_update_avatar_positive[client-payload1]","Позитивные тесты на обновление аватара"
"skipped","Fri Jan 02 02:00:25 UTC 2026","Fri Jan 02 02:00:25 UTC 2026","0","tests.tickets","test_04_create_ticket","","","","test_create_ticket_invalid_attachment[partner]","Негативный тест: попытка загрузки вложения с некорректными данными"
"passed","Fri Jan 02 01:59:52 UTC 2026","Fri Jan 02 01:59:52 UTC 2026","198","tests.tickets","test_04_create_ticket","","","","test_create_ticket_invalid_request_type[partner-invalid_request_type-400]","Негативный тест: попытка создания тикета с неверным типом request_type"
"skipped","Fri Jan 02 00:29:42 UTC 2026","Fri Jan 02 00:29:42 UTC 2026","0","tests.account","test_history_personal_volumes_admin","","","","test_get_personal_volumes_history_admin_positive[partner-payload0]","Позитивные тесты на получение истории начисления личных объемов для админа"
"passed","Fri Jan 02 01:41:32 UTC 2026","Fri Jan 02 01:41:40 UTC 2026","8059","tests.integration","test_order_international","","","","test_order_international","
    Полный цикл:
      логин -> каталог -> корзина (update + update_multi: qty=2) -> адрес/доставка
      -> оплата TestPay -> check_payment.
    "
"passed","Fri Jan 02 00:33:01 UTC 2026","Fri Jan 02 00:33:01 UTC 2026","824","tests.admin_panel","test_05_admin_support_users_token_revoke_all","","","","test_invalid_user_id_for_revoke_all_returns_client_error[-1]",""
"passed","Fri Jan 02 01:50:55 UTC 2026","Fri Jan 02 01:50:55 UTC 2026","196","tests.tickets","test_01_get_tickets","","","","test_get_tickets_invalid_search[invalid_search2-400-partner]","Негативный тест: передаем некорректные параметры поиска"
"passed","Fri Jan 02 00:29:43 UTC 2026","Fri Jan 02 00:29:43 UTC 2026","201","tests.account","test_post_bonus_tokens","","","","test_get_bonus_tokens_positive[client]","Позитивные тесты на получение списка токенов"
"passed","Fri Jan 02 00:54:46 UTC 2026","Fri Jan 02 00:54:47 UTC 2026","1237","tests.admin_panel.sliders","test_54_update_slider","","","","test_update_slider_invalid_payload[payload5-400]","Негативный тест: обновление слайдера с невалидным или неполным телом запроса."
"passed","Fri Jan 02 01:32:48 UTC 2026","Fri Jan 02 01:32:48 UTC 2026","189","tests.delivery","test_02_get_delivery_address","","","","test_get_delivery_addresses_invalid_pagination[invalid_pagination2-partner]","Негатив: некорректные параметры пагинации"
"skipped","Fri Jan 02 01:35:41 UTC 2026","Fri Jan 02 01:35:42 UTC 2026","195","tests.delivery","test_get_cities_v2","","","","test_get_cities_v2_invalid_country_id_should_fail[bad_country_id7-admin]","
    Негатив: невалидные значения country_id → 400/422.
    "
"skipped","Fri Jan 02 00:33:21 UTC 2026","Fri Jan 02 00:33:21 UTC 2026","0","tests.admin_panel","test_accrue_gold_pro_gift","","","","test_accrue_gold_pro_gift_invalid_payload[payload1-400]",""
"skipped","Fri Jan 02 00:29:52 UTC 2026","Fri Jan 02 00:29:53 UTC 2026","686","tests.account","test_post_downgrade_user","","","","test_downgrade_user_changes_grade_to_client_negative[admin]","
    Негатив: пытаемся понизить активного партнёра → 400 (ожидаем после фикса).
    "
"passed","Fri Jan 02 01:50:22 UTC 2026","Fri Jan 02 01:50:23 UTC 2026","575","tests.stock","test_update_stock","","","","test_update_stock_unauthorized",""
"passed","Fri Jan 02 00:51:34 UTC 2026","Fri Jan 02 00:51:34 UTC 2026","812","tests.admin_panel.promo","test_76_get_promotion_items","","","","test_get_promotion_item_not_found","Негативный тест: получение элемента для несуществующей акции."
"passed","Fri Jan 02 00:43:22 UTC 2026","Fri Jan 02 00:43:22 UTC 2026","198","tests.admin_panel.periods","test_post_admin_approve_marketing_result_with_period","","","","test_post_admin_approve_marketing_result_with_period__forbidden[partner]",""
"passed","Fri Jan 02 00:47:14 UTC 2026","Fri Jan 02 00:47:15 UTC 2026","820","tests.admin_panel.products","test_43_delete_product_brand","","","","test_delete_product_brand_invalid_id[-1]","Негативный тест: удаление несуществующего или некорректного бренда."
"passed","Fri Jan 02 01:34:23 UTC 2026","Fri Jan 02 01:34:23 UTC 2026","187","tests.delivery","test_get_cargo_offices","","","","test_get_cargo_offices_success[521-partner]",""
"skipped","Fri Jan 02 00:27:49 UTC 2026","Fri Jan 02 00:27:49 UTC 2026","0","tests.account","test_account_branded_wallet_get","","","","test_get_future_month_same_year_should_be_400[partner]","
    В будущем период - 400
    "
"skipped","Fri Jan 02 00:23:23 UTC 2026","Fri Jan 02 00:23:23 UTC 2026","0","tests.PROJECT_EDUCATION.orders","test_get_orders","","","","test_get_orders_unauthorized__returns_error[headers1]","
    Негатив: без Authorization ожидаем отказ (обычно 401/403)
    "
"passed","Fri Jan 02 00:57:40 UTC 2026","Fri Jan 02 00:57:41 UTC 2026","825","tests.admin_panel.slides","test_58_get_slides_by_id","","","","test_get_slides_invalid_id[0]","Негативный тест: невалидный ID в path-параметре."
"passed","Fri Jan 02 01:09:33 UTC 2026","Fri Jan 02 01:09:33 UTC 2026","187","tests.cart","test_10_cart_save_city","","","","test_save_city_invalid_payload[client-payload0]","Негатив: невалидный payload."
"passed","Fri Jan 02 00:29:13 UTC 2026","Fri Jan 02 00:29:14 UTC 2026","1356","tests.account","test_delete_cover_url","","","","test_delete_cover_full_payload[admin]",""
"passed","Fri Jan 02 01:27:53 UTC 2026","Fri Jan 02 01:27:58 UTC 2026","5161","tests.catalog","test_update_admin_product","","","","test_update_admin_product_invalid_payload[update_payload5-422]",""
"skipped","Fri Jan 02 02:00:20 UTC 2026","Fri Jan 02 02:00:20 UTC 2026","0","tests.tickets","test_04_create_ticket","","","","test_create_ticket_invalid_message[partner-]","Негативный тест: создание тикета без сообщения"
"passed","Fri Jan 02 00:47:51 UTC 2026","Fri Jan 02 00:47:53 UTC 2026","1559","tests.admin_panel.products","test_44_upload_product_brand_images","","","","test_upload_product_brand_images_formats[valid.png-image/png-204]","Проверка загрузки изображений бренда в разных форматах: негативные и позитивные кейсы."
"passed","Fri Jan 02 00:38:18 UTC 2026","Fri Jan 02 00:38:19 UTC 2026","812","tests.admin_panel.categories","test_81_delete_category_translation","","","","test_delete_category_translation_invalid_id[9999999]","Негативный тест: удаление перевода с невалидным ID категории."
"skipped","Fri Jan 02 00:33:15 UTC 2026","Fri Jan 02 00:33:16 UTC 2026","787","tests.admin_panel","test_accrue_auto_bonus","","","","test_accrue_auto_bonus_invalid_payload[payload1-400]",""
"passed","Fri Jan 02 00:39:40 UTC 2026","Fri Jan 02 00:39:43 UTC 2026","2841","tests.admin_panel.items","test_create_item_translation","","","","test_create_item_translation_success[ka]",""
"skipped","Fri Jan 02 01:50:34 UTC 2026","Fri Jan 02 01:50:34 UTC 2026","0","tests.tickets","test_01_get_tickets","","","","test_get_tickets_success[filter0-sort1-search0-pagination1-client]","Позитивный тест: получение списка тикетов с разными комбинациями параметров"
"passed","Fri Jan 02 01:31:47 UTC 2026","Fri Jan 02 01:31:50 UTC 2026","2362","tests.delivery","test_01_save_delivery_address","","","","test_save_delivery_address_negative[partner-payload8-500]","Негативные тесты на сохранение адреса доставки"
"passed","Fri Jan 02 00:46:05 UTC 2026","Fri Jan 02 00:46:06 UTC 2026","831","tests.admin_panel.products","test_41_get_product_brand_by_id","","","","test_get_product_brand_not_found","Негативный тест: бренд не найден"
"passed","Fri Jan 02 00:59:07 UTC 2026","Fri Jan 02 00:59:09 UTC 2026","1246","tests.admin_panel.slides","test_59_update_slide","","","","test_update_slide_invalid_payload[payload16-422]","Негативный тест: обновление слайда с невалидным или неполным телом запроса."
"passed","Fri Jan 02 01:15:20 UTC 2026","Fri Jan 02 01:15:25 UTC 2026","4706","tests.cart","test_12_cart_estimate_delivery","","","","test_estimate_delivery_empty_payload[client-payload0]","
    пустой payload для /cart/estimate_delivery при непустой корзине
    "
"skipped","Fri Jan 02 00:29:17 UTC 2026","Fri Jan 02 00:29:17 UTC 2026","0","tests.account","test_family_agreement_create_three","","","","test_create_family_agreement_three_positive[partner-payload1]","Позитивные тесты на создание семейного соглашения при аннулировании второго партнера"
"passed","Fri Jan 02 01:19:38 UTC 2026","Fri Jan 02 01:19:39 UTC 2026","1025","tests.catalog","test_create_admin_product","","","","test_create_product_invalid_payload[payload2-400]",""
"passed","Fri Jan 02 02:02:13 UTC 2026","Fri Jan 02 02:02:13 UTC 2026","615","tests.tickets","test_10_send_message_to_ticket","","","","test_send_message_unauthorized","Проверка отправки сообщений без авторизации"
"passed","Fri Jan 02 00:33:41 UTC 2026","Fri Jan 02 00:33:42 UTC 2026","853","tests.admin_panel","test_partner_accrual_details_common","","","","test_common_accrual_details_invalid_payload[payload6-expected_codes6]","
    Негатив: валидация тела запроса общей детализации.
    "
"passed","Fri Jan 02 00:58:09 UTC 2026","Fri Jan 02 00:58:09 UTC 2026","818","tests.admin_panel.slides","test_59_update_slide","","","","test_update_slide_invalid_id[0]","Негативный тест: несуществующий или некорректный ID."
"passed","Fri Jan 02 01:25:33 UTC 2026","Fri Jan 02 01:25:33 UTC 2026","199","tests.catalog","test_products_v2_categories","","","","test_get_products_v2_categories_success[client]","
    Позитивный: успешное получение списка категорий.
    "
"passed","Fri Jan 02 01:49:05 UTC 2026","Fri Jan 02 01:49:06 UTC 2026","199","tests.statistic","test_team_registrations","","","","test_get_team_registration_statistic_positive[payload3-partner]","Позитивный тест: получение статистики по регистрации команды с валидным телом запроса"
"skipped","Fri Jan 02 00:27:49 UTC 2026","Fri Jan 02 00:27:49 UTC 2026","0","tests.account","test_account_branded_wallet_get","","","","test_get_period_bad_types_400_or_422[period1-partner]","
    Негатив: некорректные типы month/year → 400/422
    "
"passed","Fri Jan 02 00:50:46 UTC 2026","Fri Jan 02 00:50:47 UTC 2026","1232","tests.admin_panel.promo","test_74_update_promotion","","","","test_update_promotion_invalid_payload[payload10-422]","Негативный тест: обновление акции с невалидным или неполным телом запроса."
"skipped","Fri Jan 02 01:16:01 UTC 2026","Fri Jan 02 01:16:01 UTC 2026","198","tests.cart","test_14_cart_update_personal_data","","","","test_update_personal_data_invalid_payload[partner-payload1]","
    Негатив: отсутствующие обязательные поля или невалидные значения
    "
"passed","Fri Jan 02 00:24:19 UTC 2026","Fri Jan 02 00:24:20 UTC 2026","810","tests.PROJECT_EDUCATION.test_system","test_03_user_answers","","","","test_user_answers_invalid_id__400_or_404[1.5]",""
"skipped","Fri Jan 02 01:47:35 UTC 2026","Fri Jan 02 01:47:35 UTC 2026","0","tests.sockets","test_ws_chat_basic","","","","test_ws_message_visible_only[partner]","
    Позитив: отправили по WS без tag_type → сообщение появилось в /support-chat/messages
    "
"skipped","Fri Jan 02 00:30:07 UTC 2026","Fri Jan 02 00:30:07 UTC 2026","0","tests.account","test_update","","","","test_update_account_positive[partner-payload1]","Позитивные тесты на обновление данных аккаунта"
"passed","Fri Jan 02 01:24:34 UTC 2026","Fri Jan 02 01:24:35 UTC 2026","1585","tests.catalog","test_product_get_by_id","","","","test_get_product_by_id_success[admin]","
    Позитивный: успешное получение продукта по ID
    "
"passed","Fri Jan 02 00:40:00 UTC 2026","Fri Jan 02 00:40:01 UTC 2026","825","tests.admin_panel.items","test_create_item_translation","","","","test_create_item_translation_invalid_payload[payload0-code0]","Негативный тест: создание перевода с невалидным payload."
"failed","Fri Jan 02 01:32:57 UTC 2026","Fri Jan 02 01:33:00 UTC 2026","2697","tests.delivery","test_02_get_delivery_address","","","","test_get_delivery_addresses_pagination[client]","Корректная работа пагинации"
"skipped","Fri Jan 02 01:49:24 UTC 2026","Fri Jan 02 01:49:24 UTC 2026","0","tests.stock","test_create_stock","","","","test_create_stock_with_empty_string_log_if_not_200[is_pickup_only]",""
"passed","Fri Jan 02 01:40:17 UTC 2026","Fri Jan 02 01:40:17 UTC 2026","203","tests.delivery","test_self_pickup_offices","","","","test_self_pickup_offices_invalid_params[admin-params0]","
    Негатив: невалидные параметры -> 400 с телом ошибки.
    "
"passed","Fri Jan 02 01:03:38 UTC 2026","Fri Jan 02 01:03:39 UTC 2026","577","tests.auth","test_01_check_version","","","","test_check_version[unknown-1.0.0-400]","Тест проверяет API /check_version для разных платформ и версий."
"passed","Fri Jan 02 00:40:49 UTC 2026","Fri Jan 02 00:40:52 UTC 2026","3079","tests.admin_panel.items","test_get_item_translation","","","","test_get_item_translation_success",""
"passed","Fri Jan 02 00:32:17 UTC 2026","Fri Jan 02 00:32:18 UTC 2026","807","tests.admin_panel","test_04_generate_support_token","","","","test_invalid_ttl_returns_400[5270400000]",""
"passed","Fri Jan 02 00:59:11 UTC 2026","Fri Jan 02 00:59:12 UTC 2026","1309","tests.admin_panel.slides","test_59_update_slide","","","","test_update_slide_invalid_payload[payload17-422]","Негативный тест: обновление слайда с невалидным или неполным телом запроса."
"passed","Fri Jan 02 00:44:28 UTC 2026","Fri Jan 02 00:44:29 UTC 2026","608","tests.admin_panel.products","test_02_recommended_products_add","","","","test_add_recommendation_unauthorized","Неавторизованный пользователь"
"passed","Fri Jan 02 00:57:03 UTC 2026","Fri Jan 02 00:57:04 UTC 2026","1104","tests.admin_panel.slides","test_57_create_slide","","","","test_create_slide_title_color_validation[#ABCDEF-201]","Валидация поля title_color при создании слайда."
"passed","Fri Jan 02 00:34:19 UTC 2026","Fri Jan 02 00:34:19 UTC 2026","187","tests.admin_panel.categories","test_45_get_categories","","","","test_get_categories_forbidden[partner]","Негативный тест: получение списка категорий не админом."
"passed","Fri Jan 02 01:39:19 UTC 2026","Fri Jan 02 01:39:19 UTC 2026","193","tests.delivery","test_get_self_pickup_offices","","","","test_get_self_pickup_offices_invalid_city_id_should_fail[abc-admin]","Негатив: невалидные значения city_id → 400/422."
"passed","Fri Jan 02 00:42:16 UTC 2026","Fri Jan 02 00:42:17 UTC 2026","1873","tests.admin_panel.items","test_update_item","","","","test_update_item_invalid_payload[payload3-400]","Негативный тест: обновление item с невалидным или неполным телом запроса."
"passed","Fri Jan 02 01:26:46 UTC 2026","Fri Jan 02 01:26:46 UTC 2026","834","tests.catalog","test_update_admin_product","","","","test_update_admin_product_invalid_id[-1]",""
"passed","Fri Jan 02 01:49:47 UTC 2026","Fri Jan 02 01:49:47 UTC 2026","200","tests.stock","test_get_stock_by_id","","","","test_get_stock_by_id[admin]","Запрос склада по ID"
"passed","Fri Jan 02 01:05:43 UTC 2026","Fri Jan 02 01:05:43 UTC 2026","198","tests.cart","test_01_user_locale","","","","test_update_user_locale_invalid_payload[partner-payload4-400]","Негативный тест: обновление локали с невалидным payload."
"passed","Fri Jan 02 01:03:35 UTC 2026","Fri Jan 02 01:03:36 UTC 2026","605","tests.auth","test_01_check_version","","","","test_check_version[Frontend-3.0.0-200]","Тест проверяет API /check_version для разных платформ и версий."
"passed","Fri Jan 02 02:01:30 UTC 2026","Fri Jan 02 02:01:31 UTC 2026","1196","tests.tickets","test_09_get_ticket_messages","","","","test_get_ticket_messages_positive[client]","Позитивный тест: успешное получение списка сообщений тикета"
"skipped","Fri Jan 02 01:49:24 UTC 2026","Fri Jan 02 01:49:24 UTC 2026","0","tests.stock","test_create_stock","","","","test_create_stock_with_empty_string_log_if_not_200[timezone.is_dst]",""
"skipped","Fri Jan 02 01:50:34 UTC 2026","Fri Jan 02 01:50:34 UTC 2026","0","tests.tickets","test_01_get_tickets","","","","test_get_tickets_success[filter0-sort0-search1-pagination1-partner]","Позитивный тест: получение списка тикетов с разными комбинациями параметров"
"skipped","Fri Jan 02 00:29:17 UTC 2026","Fri Jan 02 00:29:17 UTC 2026","0","tests.account","test_family_agreement_create_one","","","","test_create_family_agreement_one_positive[admin-payload0]","Позитивные тесты на создание семейного соглашения при отсутствующем втором партнере"
"passed","Fri Jan 02 00:33:50 UTC 2026","Fri Jan 02 00:33:50 UTC 2026","602","tests.admin_panel","test_partner_accrual_details_main_bonus","","","","test_main_bonus_details_unauthorized","
    Негатив: без токена
    "
"skipped","Fri Jan 02 01:50:34 UTC 2026","Fri Jan 02 01:50:34 UTC 2026","0","tests.tickets","test_01_get_tickets","","","","test_get_tickets_success[filter1-sort1-search0-pagination1-admin]","Позитивный тест: получение списка тикетов с разными комбинациями параметров"
"passed","Fri Jan 02 00:44:40 UTC 2026","Fri Jan 02 00:44:42 UTC 2026","2211","tests.admin_panel.products","test_03_recommended_products_delete","","","","test_remove_empty_recommendation_list","Удаление с пустым списком рекомендаций."
"skipped","Fri Jan 02 00:29:42 UTC 2026","Fri Jan 02 00:29:42 UTC 2026","0","tests.account","test_get_languages","","","","test_get_languages_success[client--400]","Возвращает список языков, доступных для перевода"
"passed","Fri Jan 02 01:59:04 UTC 2026","Fri Jan 02 01:59:05 UTC 2026","1622","tests.tickets","test_04_create_ticket","","","","test_create_ticket_success[admin-attachments2-QuestionsAboutProducts]","Позитивный тест: создание тикета с разными темами и вложениями для клиента, партнера и админа"
"passed","Fri Jan 02 01:00:50 UTC 2026","Fri Jan 02 01:00:53 UTC 2026","3016","tests.admin_panel.slides","test_61_upload_slides_images","","","","test_upload_slide_images_file_too_large[5.3-fields_to_send5-400]","Негативный тест: загрузка слишком большого изображения."
"passed","Fri Jan 02 01:58:06 UTC 2026","Fri Jan 02 01:58:08 UTC 2026","1800","tests.tickets","test_04_create_ticket","","","","test_create_ticket_success[admin-attachments1-QuestionsAboutProducts]","Позитивный тест: создание тикета с разными темами и вложениями для клиента, партнера и админа"
"skipped","Fri Jan 02 01:45:27 UTC 2026","Fri Jan 02 01:45:27 UTC 2026","0","tests.orders","test_orders_v2_pay","","","","test_orders_v2_pay_success[Card]","Позитивный тест: успешная оплата заказа"
"passed","Fri Jan 02 01:09:53 UTC 2026","Fri Jan 02 01:09:53 UTC 2026","607","tests.cart","test_11_cart_save_delivery_method","","","","test_save_delivery_method_success[client-Unknown]","
    Позитив: сохранение способа доставки для всех значений без корзины
    "
"passed","Fri Jan 02 00:30:21 UTC 2026","Fri Jan 02 00:30:23 UTC 2026","1091","tests.account","test_update_avatar","","","","test_update_avatar_positive[admin-payload1]","Позитивные тесты на обновление аватара"
"passed","Fri Jan 02 01:45:38 UTC 2026","Fri Jan 02 01:45:45 UTC 2026","6827","tests.promo_time.new_year_lottery","test_admin_new_year_lottery_coupons","","","","test_admin_can_delete_all_coupons_for_order","
    Позитив: админ передаёт coupons_count = 0
    "
"passed","Fri Jan 02 00:41:12 UTC 2026","Fri Jan 02 00:41:12 UTC 2026","820","tests.admin_panel.items","test_get_item_translation","","","","test_get_item_translation_invalid_id[-1]",""
"passed","Fri Jan 02 01:47:14 UTC 2026","Fri Jan 02 01:47:15 UTC 2026","800","tests.register","test_02_register_partner","","","","test_register_partner_negative[payload1-400]","Тест: негативные тесты для регистрации партнера вручную"
"passed","Fri Jan 02 01:58:33 UTC 2026","Fri Jan 02 01:58:35 UTC 2026","1797","tests.tickets","test_04_create_ticket","","","","test_create_ticket_success[admin-attachments1-ReceivingDefectiveProductsOrShortage]","Позитивный тест: создание тикета с разными темами и вложениями для клиента, партнера и админа"
"skipped","Fri Jan 02 01:38:13 UTC 2026","Fri Jan 02 01:38:13 UTC 2026","198","tests.delivery","test_get_georgian_post_pickup_points","","","","test_get_georgian_post_pickup_points_invalid_city_id_should_fail[-1-admin]","Негатив: невалидные значения city_id → 400/422."
"passed","Fri Jan 02 00:58:55 UTC 2026","Fri Jan 02 00:58:56 UTC 2026","1258","tests.admin_panel.slides","test_59_update_slide","","","","test_update_slide_invalid_payload[payload12-400]","Негативный тест: обновление слайда с невалидным или неполным телом запроса."
"passed","Fri Jan 02 00:26:49 UTC 2026","Fri Jan 02 00:26:49 UTC 2026","205","tests.account","test_0_grades_rating","","","","test_get_grades_rating_positive[client]","Позитивные тесты на получение рейтинга квалификаций"
"skipped","Fri Jan 02 00:29:42 UTC 2026","Fri Jan 02 00:29:42 UTC 2026","0","tests.account","test_history_group_volumes","","","","test_get_group_volumes_history_positive[client-payload1]","Позитивные тесты на получение истории начисления групповых объемов"
"passed","Fri Jan 02 01:54:48 UTC 2026","Fri Jan 02 01:54:49 UTC 2026","792","tests.tickets","test_04_create_ticket","","","","test_create_ticket_success[partner-attachments0-OtherQuestions]","Позитивный тест: создание тикета с разными темами и вложениями для клиента, партнера и админа"
"passed","Fri Jan 02 01:54:08 UTC 2026","Fri Jan 02 01:54:10 UTC 2026","1616","tests.tickets","test_04_create_ticket","","","","test_create_ticket_success[client-attachments2-ReceivingDefectiveProductsOrShortage]","Позитивный тест: создание тикета с разными темами и вложениями для клиента, партнера и админа"
"passed","Fri Jan 02 01:43:55 UTC 2026","Fri Jan 02 01:43:56 UTC 2026","602","tests.one_c","test_create_1c_stock","","","","test_post_bad_request_or_unprocessable[<lambda>10]",""
"passed","Fri Jan 02 01:50:28 UTC 2026","Fri Jan 02 01:50:30 UTC 2026","1633","tests.temporary","test_compare_api_postgreSQL","","","","test_create_and_get_categories_by_id",""
"passed","Fri Jan 02 00:48:59 UTC 2026","Fri Jan 02 00:49:00 UTC 2026","819","tests.admin_panel.promo","test_72_create_promotion","","","","test_create_promotion_invalid_data[payload5-400]","Негативные тесты: невалидные данные"
"passed","Fri Jan 02 01:44:58 UTC 2026","Fri Jan 02 01:44:58 UTC 2026","192","tests.orders","test_create_order_by_delivery_address","","","","test_create_order_invalid_data[invalid_payload0-admin]","Негативные тесты: создание заказа с некорректными данными"
"passed","Fri Jan 02 00:29:47 UTC 2026","Fri Jan 02 00:29:47 UTC 2026","196","tests.account","test_post_bonus_tokens","","","","test_get_bonus_tokens_positive[admin]","Позитивные тесты на получение списка токенов"
"passed","Fri Jan 02 01:25:40 UTC 2026","Fri Jan 02 01:25:40 UTC 2026","197","tests.catalog","test_recommended_products_selfpickup","","","","test_get_recommended_products_selfpickup_wrong_method[post-client]","
    Негативный тест: неверный HTTP-метод
    "
"passed","Fri Jan 02 01:17:42 UTC 2026","Fri Jan 02 01:17:45 UTC 2026","2591","tests.cart","test_23_cart_calculate_delivery_flag","","","","test_update_cart_multi_with_calculate_delivery_false[partner]","
    Позитив: /cart/update_multi с calculate_delivery=false
    Корзина обновляется пакетом, advance_costs не считаются
    "
"passed","Fri Jan 02 00:27:23 UTC 2026","Fri Jan 02 00:27:23 UTC 2026","197","tests.account","test_0_users_by_lo_rating","","","","test_get_users_by_lo_rating_positive[client]","Позитивные тесты на получение рейтинга продавцов по личному объему"
"skipped","Fri Jan 02 00:26:54 UTC 2026","Fri Jan 02 00:26:54 UTC 2026","0","tests.account","test_0_marathon","","","","test_create_product_brand_invalid_payload[params5-400-client]",""
"passed","Fri Jan 02 00:24:17 UTC 2026","Fri Jan 02 00:24:18 UTC 2026","1003","tests.PROJECT_EDUCATION.test_system","test_03_user_answers","","","","test_user_answers_invalid_id__400_or_404[]",""
"passed","Fri Jan 02 00:55:21 UTC 2026","Fri Jan 02 00:55:22 UTC 2026","1231","tests.admin_panel.sliders","test_55_delete_sliders","","","","test_delete_slider_forbidden[partner]","Негативный тест: попытка удаления слайдера не-админом."
"skipped","Fri Jan 02 01:16:51 UTC 2026","Fri Jan 02 01:16:51 UTC 2026","406","tests.cart","test_21_cart_shareable","","","","test_cart_shareable_from_created_link_success[partner]","
    Позитив: создаём ссылку через /cart/share и по ней успешно получаем корзину
    "
"passed","Fri Jan 02 01:15:02 UTC 2026","Fri Jan 02 01:15:06 UTC 2026","4534","tests.cart","test_12_cart_estimate_delivery","","","","test_estimate_delivery_success[partner-five_post_pickup-payload14]","
    Позитив: корзина с товаром, выбор способа доставки и расчёт стоимости для разных служб
    "
"skipped","Fri Jan 02 01:38:28 UTC 2026","Fri Jan 02 01:38:29 UTC 2026","575","tests.delivery","test_get_haypost_offices","","","","test_get_haypost_offices_unauthorized","Негатив: запрос без авторизации."
"skipped","Fri Jan 02 00:43:37 UTC 2026","Fri Jan 02 00:43:37 UTC 2026","0","tests.admin_panel.products","test_01_delete_product_group","","","","test_delete_product_group_success","Позитивный тест: успешное удаление продукт группы."
"skipped","Fri Jan 02 02:02:14 UTC 2026","Fri Jan 02 02:02:14 UTC 2026","0","tests.tickets","test_11_update_message","","","","test_update_message_role_permissions[authorize_partner-200]","Проверка прав на редактирование сообщения в тикете"
"passed","Fri Jan 02 00:51:01 UTC 2026","Fri Jan 02 00:51:02 UTC 2026","1235","tests.admin_panel.promo","test_75_delete_promotion_by_id","","","","test_delete_promotion_forbidden[client]","Негативный тест: попытка удаления акции не-админом."
"skipped","Fri Jan 02 01:50:34 UTC 2026","Fri Jan 02 01:50:34 UTC 2026","0","tests.tickets","test_01_get_tickets","","","","test_get_tickets_success[filter2-sort0-search1-pagination0-partner]","Позитивный тест: получение списка тикетов с разными комбинациями параметров"
"passed","Fri Jan 02 01:28:33 UTC 2026","Fri Jan 02 01:28:38 UTC 2026","5111","tests.catalog","test_update_admin_product","","","","test_update_admin_product_invalid_payload[update_payload9-422]",""
"passed","Fri Jan 02 01:24:28 UTC 2026","Fri Jan 02 01:24:28 UTC 2026","197","tests.catalog","test_get_recommended_products","","","","test_get_recommended_products_wrong_method[post-admin]","
    Негативный тест: отправка неверного HTTP-метода на ручку GET
    "
"passed","Fri Jan 02 01:44:54 UTC 2026","Fri Jan 02 01:44:55 UTC 2026","196","tests.orders","test_create_order_by_delivery_address","","","","test_create_order_invalid_data[invalid_payload0-client]","Негативные тесты: создание заказа с некорректными данными"
"passed","Fri Jan 02 01:30:31 UTC 2026","Fri Jan 02 01:30:33 UTC 2026","2595","tests.delivery","test_01_save_delivery_address","","","","test_save_delivery_address_negative[client-payload0-400]","Негативные тесты на сохранение адреса доставки"
"passed","Fri Jan 02 01:32:31 UTC 2026","Fri Jan 02 01:32:32 UTC 2026","188","tests.delivery","test_02_get_delivery_address","","","","test_get_empty_delivery_addresses[partner]","Получение пустого списка"
"passed","Fri Jan 02 00:36:45 UTC 2026","Fri Jan 02 00:36:47 UTC 2026","1823","tests.admin_panel.categories","test_79_get_category_translation","","","","test_get_category_translation_forbidden[partner]",""
"passed","Fri Jan 02 01:38:33 UTC 2026","Fri Jan 02 01:38:33 UTC 2026","196","tests.delivery","test_get_kazpost_offices","","","","test_get_kazpost_offices_success[211437-partner]","Позитив: успешное получение списка офисов Казпочты по city_id."
"passed","Fri Jan 02 01:17:28 UTC 2026","Fri Jan 02 01:17:31 UTC 2026","3066","tests.cart","test_23_cart_calculate_delivery_flag","","","","test_update_cart_item_with_calculate_delivery_false[client]","
    Позитив: /cart/update с calculate_delivery=false
    Корзина обновляется, advance_costs не считаются
    "
"passed","Fri Jan 02 01:17:33 UTC 2026","Fri Jan 02 01:17:36 UTC 2026","2838","tests.cart","test_23_cart_calculate_delivery_flag","","","","test_update_cart_item_with_calculate_delivery_false[partner]","
    Позитив: /cart/update с calculate_delivery=false
    Корзина обновляется, advance_costs не считаются
    "
"passed","Fri Jan 02 01:14:51 UTC 2026","Fri Jan 02 01:14:55 UTC 2026","4388","tests.cart","test_12_cart_estimate_delivery","","","","test_estimate_delivery_success[partner-dpd_courier-payload12]","
    Позитив: корзина с товаром, выбор способа доставки и расчёт стоимости для разных служб
    "
"passed","Fri Jan 02 02:01:41 UTC 2026","Fri Jan 02 02:01:42 UTC 2026","621","tests.tickets","test_09_get_ticket_messages","","","","test_get_ticket_messages_no_auth","Негативный тест: запрос без токена (отсутствие авторизации)"
"passed","Fri Jan 02 01:51:55 UTC 2026","Fri Jan 02 01:51:56 UTC 2026","774","tests.tickets","test_04_create_ticket","","","","test_create_ticket_success[client-attachments0-QuestionsAboutProducts]","Позитивный тест: создание тикета с разными темами и вложениями для клиента, партнера и админа"
"passed","Fri Jan 02 00:32:02 UTC 2026","Fri Jan 02 00:32:03 UTC 2026","822","tests.admin_panel","test_04_generate_support_token","","","","test_invalid_ttl_returns_400[abc]",""
"skipped","Fri Jan 02 01:08:45 UTC 2026","Fri Jan 02 01:08:46 UTC 2026","685","tests.cart","test_07_cart_update_multi","","","","test_update_cart_items_multi_invalid_payload[partner-payload0]","Негатив: невалидный payload для /cart/update_multi."
"passed","Fri Jan 02 00:57:15 UTC 2026","Fri Jan 02 00:57:16 UTC 2026","839","tests.admin_panel.slides","test_57_create_slide","","","","test_create_slide_title_color_validation[123456-400]","Валидация поля title_color при создании слайда."
"passed","Fri Jan 02 01:02:03 UTC 2026","Fri Jan 02 01:02:05 UTC 2026","1689","tests.admin_panel.slides","test_62_slides_update_video_url","","","","test_update_video_url_empty","Позитивный тест: передача пустой строки — должен быть сгенерирован мастер-файл"
"passed","Fri Jan 02 00:38:20 UTC 2026","Fri Jan 02 00:38:21 UTC 2026","785","tests.admin_panel.categories","test_81_delete_category_translation","","","","test_delete_category_translation_invalid_id[abc]","Негативный тест: удаление перевода с невалидным ID категории."
"failed","Fri Jan 02 00:23:48 UTC 2026","Fri Jan 02 00:23:50 UTC 2026","1975","tests.PROJECT_EDUCATION.test_system","test_02_get_question","","","","test_get_question__200","
    Позитив:
    - стартуем сессию
    - GET /question -> 200 и JSON
    - после теста закрываем активные сессии
    "
"skipped","Fri Jan 02 01:19:54 UTC 2026","Fri Jan 02 01:19:54 UTC 2026","0","tests.catalog","test_create_admin_product","","","","test_create_product_duplicate_slug[ky]",""
"passed","Fri Jan 02 00:37:49 UTC 2026","Fri Jan 02 00:37:50 UTC 2026","782","tests.admin_panel.categories","test_80_create_category_translation","","","","test_create_category_translation_invalid_payload[payload4-400]","Негативный тест: создание перевода с невалидным payload."
"passed","Fri Jan 02 00:31:06 UTC 2026","Fri Jan 02 00:31:07 UTC 2026","780","tests.admin_panel","test_02_support_users_list","","","","test_invalid_paging_returns_400_for_admin[page=abc&page_size=20]","
    Некорректные значения page/page_size
    "
"passed","Fri Jan 02 00:41:52 UTC 2026","Fri Jan 02 00:41:53 UTC 2026","851","tests.admin_panel.items","test_update_item","","","","test_update_item_invalid_id[9999999]","Негативный тест: несуществующий или некорректный ID."
"passed","Fri Jan 02 01:54:12 UTC 2026","Fri Jan 02 01:54:14 UTC 2026","1595","tests.tickets","test_04_create_ticket","","","","test_create_ticket_success[client-attachments2-ReceivingDefectiveProducts]","Позитивный тест: создание тикета с разными темами и вложениями для клиента, партнера и админа"
"skipped","Fri Jan 02 02:00:52 UTC 2026","Fri Jan 02 02:00:54 UTC 2026","1581","tests.tickets","test_06_close_ticket","","","","test_close_tickets_negative[partner-ticket_ids0-400]","Негативные тесты: закрытие с некорректными данными"
"skipped","Fri Jan 02 01:49:24 UTC 2026","Fri Jan 02 01:49:24 UTC 2026","0","tests.stock","test_create_stock","","","","test_create_stock_with_empty_string_log_if_not_200[city.post_code]",""
"passed","Fri Jan 02 01:14:14 UTC 2026","Fri Jan 02 01:14:18 UTC 2026","4498","tests.cart","test_12_cart_estimate_delivery","","","","test_estimate_delivery_success[partner-haypost-payload6]","
    Позитив: корзина с товаром, выбор способа доставки и расчёт стоимости для разных служб
    "
"passed","Fri Jan 02 00:56:24 UTC 2026","Fri Jan 02 00:56:25 UTC 2026","817","tests.admin_panel.slides","test_57_create_slide","","","","test_create_slide_invalid_payload[payload3-expected_code3]","Негативные тесты: некорректные и неполные payload'ы."
"passed","Fri Jan 02 01:57:13 UTC 2026","Fri Jan 02 01:57:14 UTC 2026","784","tests.tickets","test_04_create_ticket","","","","test_create_ticket_success[admin-attachments0-QuestionsAboutInternationalDelivery]","Позитивный тест: создание тикета с разными темами и вложениями для клиента, партнера и админа"
"passed","Fri Jan 02 01:04:43 UTC 2026","Fri Jan 02 01:04:44 UTC 2026","884","tests.cart","test_01_user_locale","","","","test_update_user_locale_valid_payload_1[client-payload1]","
    Позитивный тест: Обновление языка/склада/локали авторизованным пользователем"
"passed","Fri Jan 02 01:26:10 UTC 2026","Fri Jan 02 01:26:17 UTC 2026","7024","tests.catalog","test_update_admin_product","","","","test_update_admin_product_duplicate_slug",""
"passed","Fri Jan 02 00:49:44 UTC 2026","Fri Jan 02 00:49:45 UTC 2026","828","tests.admin_panel.promo","test_73_get_promotion_by_id","","","","test_get_promotion_not_found","Негативный тест: акция не найдена."
"passed","Fri Jan 02 01:33:43 UTC 2026","Fri Jan 02 01:33:44 UTC 2026","187","tests.delivery","test_03_delete_delivery_address","","","","test_delete_delivery_address_invalid_id[abc-partner]","Негатив: удаление адреса с некорректным ID"
"passed","Fri Jan 02 01:18:48 UTC 2026","Fri Jan 02 01:18:53 UTC 2026","4869","tests.catalog","test_create_admin_product","","","","test_create_admin_product_minimal_payload_variants[slug+categories]",""
"passed","Fri Jan 02 00:51:05 UTC 2026","Fri Jan 02 00:51:06 UTC 2026","1232","tests.admin_panel.promo","test_75_delete_promotion_by_id","","","","test_delete_promotion_forbidden[partner]","Негативный тест: попытка удаления акции не-админом."
"skipped","Fri Jan 02 00:27:49 UTC 2026","Fri Jan 02 00:27:49 UTC 2026","0","tests.account","test_account_branded_wallet_get","","","","test_get_past_year_should_be_200[client]","
    прошлый период. днные есть - 200
    "
"passed","Fri Jan 02 01:06:37 UTC 2026","Fri Jan 02 01:06:37 UTC 2026","198","tests.cart","test_02_get_delivery_cost","","","","test_get_delivery_cost_invalid_payload[client-payload2]","Негатив: некорректные входные данные."
"passed","Fri Jan 02 00:54:15 UTC 2026","Fri Jan 02 00:54:16 UTC 2026","1207","tests.admin_panel.sliders","test_54_update_slider","","","","test_update_slider_forbidden[client]","Негативный тест: попытка обновления слайдера не-админом."
"passed","Fri Jan 02 01:06:35 UTC 2026","Fri Jan 02 01:06:35 UTC 2026","197","tests.cart","test_02_get_delivery_cost","","","","test_get_delivery_cost_invalid_payload[client-payload1]","Негатив: некорректные входные данные."
"passed","Fri Jan 02 01:39:32 UTC 2026","Fri Jan 02 01:39:32 UTC 2026","187","tests.delivery","test_get_self_pickup_offices","","","","test_get_self_pickup_offices_invalid_city_id_should_fail[bad_city_id8-admin]","Негатив: невалидные значения city_id → 400/422."
"passed","Fri Jan 02 00:30:40 UTC 2026","Fri Jan 02 00:30:40 UTC 2026","827","tests.admin_panel","test_01_support_create_user","","","","test_client_cannot_create_support",""
"skipped","Fri Jan 02 01:50:34 UTC 2026","Fri Jan 02 01:50:34 UTC 2026","0","tests.tickets","test_01_get_tickets","","","","test_get_tickets_success[filter0-sort0-search1-pagination0-client]","Позитивный тест: получение списка тикетов с разными комбинациями параметров"
"passed","Fri Jan 02 01:19:32 UTC 2026","Fri Jan 02 01:19:33 UTC 2026","1195","tests.catalog","test_create_admin_product","","","","test_create_product_unauthorized",""
"passed","Fri Jan 02 00:55:36 UTC 2026","Fri Jan 02 00:55:37 UTC 2026","867","tests.admin_panel.slides","test_0_slides_sort","","","","test_slides_sort_invalid_id[abc]","Негативный тест: невалидный path parameter."
"passed","Fri Jan 02 01:29:06 UTC 2026","Fri Jan 02 01:29:06 UTC 2026","199","tests.chat_support","test_01_support_chat_messages_post","","","","test_create_message_missing_required_fields_returns_400[client-payload1]","
    Негатив: отсутствие обязательных полей client_uuid/message → 400
    "
"passed","Fri Jan 02 00:52:54 UTC 2026","Fri Jan 02 00:52:55 UTC 2026","822","tests.admin_panel.sliders","test_51_get_sliders","","","","test_get_sliders_success","Позитивный тест: успешное получение списка слайдеров админом"
"passed","Fri Jan 02 01:04:31 UTC 2026","Fri Jan 02 01:04:32 UTC 2026","814","tests.auth","test_06_full_logout","","","","test_full_logout_success[client]","Тест полного разлогина всех сессий клиента, партнера и админа."
"skipped","Fri Jan 02 00:34:13 UTC 2026","Fri Jan 02 00:34:14 UTC 2026","820","tests.admin_panel","test_report_accruals","","","","test_report_accruals_invalid_payload[payload1-400]",""
"skipped","Fri Jan 02 01:47:03 UTC 2026","Fri Jan 02 01:47:03 UTC 2026","211","tests.register","test_01_register_form","","","","test_register_form_negative[partner-payload1-400]",""
"passed","Fri Jan 02 02:00:33 UTC 2026","Fri Jan 02 02:00:34 UTC 2026","1179","tests.tickets","test_06_close_ticket","","","","test_close_ticket_success[partner]","Позитивный тест: закрытие тикета для клиента, партнера и админа."
"skipped","Fri Jan 02 00:30:02 UTC 2026","Fri Jan 02 00:30:02 UTC 2026","194","tests.account","test_post_downgrade_user","","","","test_downgrade_validation_errors[bad_payload3-admin]","
    Валидация: битый payload → 400/422.
    "
"passed","Fri Jan 02 00:35:27 UTC 2026","Fri Jan 02 00:35:28 UTC 2026","781","tests.admin_panel.categories","test_56_v2_create_category","","","","test_v2_create_category_invalid_payload[payload1-expected_code1]","Негативный тест: создание категории с невалидным телом запроса."
"skipped","Fri Jan 02 00:30:07 UTC 2026","Fri Jan 02 00:30:07 UTC 2026","0","tests.account","test_update","","","","test_update_account_positive[client-payload1]","Позитивные тесты на обновление данных аккаунта"
"passed","Fri Jan 02 01:19:14 UTC 2026","Fri Jan 02 01:19:19 UTC 2026","4893","tests.catalog","test_create_admin_product","","","","test_create_admin_product_minimal_payload_variants[slug+mixed_named_categories]",""
"passed","Fri Jan 02 01:16:55 UTC 2026","Fri Jan 02 01:16:55 UTC 2026","197","tests.cart","test_21_cart_shareable","","","","test_cart_shareable_not_found[partner]","
    Граничный кейс: запрос по заведомо несуществующей ссылке.
    Ожидаем 4xx (обычно 404).
    "
"passed","Fri Jan 02 01:54:31 UTC 2026","Fri Jan 02 01:54:32 UTC 2026","804","tests.tickets","test_04_create_ticket","","","","test_create_ticket_success[partner-attachments0-QuestionsAboutInternationalDelivery]","Позитивный тест: создание тикета с разными темами и вложениями для клиента, партнера и админа"
"skipped","Fri Jan 02 01:37:33 UTC 2026","Fri Jan 02 01:37:33 UTC 2026","609","tests.delivery","test_get_europost_offices","","","","test_get_europost_offices_unauthorized",""
"skipped","Fri Jan 02 01:50:22 UTC 2026","Fri Jan 02 01:50:22 UTC 2026","0","tests.stock","test_update_stock","","","","test_update_stock_invalid_id[-1]",""
"skipped","Fri Jan 02 00:29:42 UTC 2026","Fri Jan 02 00:29:42 UTC 2026","0","tests.account","test_pass_recovery","","","","test_pass_recovery_positive[payload0]","Позитивные тесты на восстановление пароля"
"passed","Fri Jan 02 01:29:10 UTC 2026","Fri Jan 02 01:29:10 UTC 2026","198","tests.chat_support","test_01_support_chat_messages_post","","","","test_create_message_wrong_field_types_returns_400[client-payload0]","
    Негатив: неверные типы полей → 400
    "
"failed","Fri Jan 02 00:24:07 UTC 2026","Fri Jan 02 00:24:09 UTC 2026","1981","tests.PROJECT_EDUCATION.test_system","test_03_user_answers","","","","test_user_answers__200","
    Позитив:
    - гасим активные сессии
    - стартуем сессию
    - получаем вопрос
    - отправляем любой валидный answer_id
    - проверяем 200
    - после теста гасим активные сессии
    "
"skipped","Fri Jan 02 00:43:37 UTC 2026","Fri Jan 02 00:43:37 UTC 2026","0","tests.admin_panel.products","test_01_create_product_group","","","","test_create_product_group_invalid_payload[payload0-400]",""
"passed","Fri Jan 02 00:45:01 UTC 2026","Fri Jan 02 00:45:01 UTC 2026","604","tests.admin_panel.products","test_39_get_product_brands","","","","test_get_product_brands_unauthorized","Негативный тест: получение брендов без авторизации."
"skipped","Fri Jan 02 01:45:27 UTC 2026","Fri Jan 02 01:45:27 UTC 2026","0","tests.orders","test_orders_v2_pay","","","","test_orders_v2_pay_invalid_data[invalid_payload2-400]","Негативный тест: отправка некорректных данных"
"passed","Fri Jan 02 01:32:11 UTC 2026","Fri Jan 02 01:32:14 UTC 2026","3333","tests.delivery","test_01_save_delivery_address","","","","test_create_two_identical_addresses[client]","Невозможность создать два полностью одинаковых адреса"
"passed","Fri Jan 02 01:37:28 UTC 2026","Fri Jan 02 01:37:28 UTC 2026","196","tests.delivery","test_get_europost_offices","","","","test_get_europost_offices_missing_city_id_should_fail[admin]",""
"passed","Fri Jan 02 00:25:31 UTC 2026","Fri Jan 02 00:25:32 UTC 2026","851","tests.PROJECT_EDUCATION.test_system","test_06_get_result","","","","test_get_result_invalid_id__400_or_404[0]",""
"skipped","Fri Jan 02 01:09:20 UTC 2026","Fri Jan 02 01:09:20 UTC 2026","194","tests.cart","test_09_cart_save_region","","","","test_save_region_invalid_payload[client-payload0]","Негатив: невалидный payload."
"skipped","Fri Jan 02 01:22:39 UTC 2026","Fri Jan 02 01:22:39 UTC 2026","0","tests.catalog","test_exclusive_preorder_products_list","","","","test_products_list_in_stock_overwritten_with_permission[partner]","
    Позитив:
      1) берём реальный exclusive item из /products/list
      2) ставим permission remaining_quantity=3
      3) снова /products/list
      4) жёстко проверяем: в слоте (stock_id=DEFAULT_STOCK_ID) in_stock == 3 (если поле есть)
         + is_visible==True (если поле есть)
    "
"passed","Fri Jan 02 00:27:24 UTC 2026","Fri Jan 02 00:27:25 UTC 2026","191","tests.account","test_0_users_by_lo_rating","","","","test_get_users_by_lo_rating_positive[partner]","Позитивные тесты на получение рейтинга продавцов по личному объему"
"skipped","Fri Jan 02 01:19:54 UTC 2026","Fri Jan 02 01:19:54 UTC 2026","0","tests.catalog","test_create_admin_product","","","","test_create_product_duplicate_slug[de]",""
"passed","Fri Jan 02 00:32:27 UTC 2026","Fri Jan 02 00:32:28 UTC 2026","833","tests.admin_panel","test_04_generate_support_token","","","","test_invalid_user_id_for_token_returns_client_error[-1]",""
"passed","Fri Jan 02 01:28:51 UTC 2026","Fri Jan 02 01:28:52 UTC 2026","694","tests.chat_support","test_01_support_chat_messages_post","","","","test_create_message_success[client]","
    Позитив: отправка сообщения в чат поддержки через /support-chat/create
    "
"passed","Fri Jan 02 01:01:18 UTC 2026","Fri Jan 02 01:01:22 UTC 2026","4149","tests.admin_panel.slides","test_61_upload_slides_images","","","","test_upload_slide_images_file_too_large[5.3-fields_to_send9-expected_status9]","Негативный тест: загрузка слишком большого изображения."
"passed","Fri Jan 02 00:57:00 UTC 2026","Fri Jan 02 00:57:01 UTC 2026","1090","tests.admin_panel.slides","test_57_create_slide","","","","test_create_slide_title_color_validation[#ffffff-201]","Валидация поля title_color при создании слайда."
"passed","Fri Jan 02 01:45:02 UTC 2026","Fri Jan 02 01:45:02 UTC 2026","197","tests.orders","test_create_order_by_delivery_address","","","","test_create_order_invalid_data[invalid_payload1-partner]","Негативные тесты: создание заказа с некорректными данными"
"passed","Fri Jan 02 01:22:04 UTC 2026","Fri Jan 02 01:22:10 UTC 2026","5723","tests.catalog","test_delete_admin_product_translation","","","","test_delete_admin_product_translation_success","Удаление одного из переводов продукта (успешный сценарий)."
"passed","Fri Jan 02 01:58:38 UTC 2026","Fri Jan 02 01:58:40 UTC 2026","1827","tests.tickets","test_04_create_ticket","","","","test_create_ticket_success[admin-attachments1-ReceivingDefectiveProducts]","Позитивный тест: создание тикета с разными темами и вложениями для клиента, партнера и админа"
"skipped","Fri Jan 02 01:45:18 UTC 2026","Fri Jan 02 01:45:18 UTC 2026","185","tests.orders","test_group_order_change_country","","","","test_change_country_invalid_data[invalid_payload2-client]","Негативные тесты: передача некорректных данных"
"passed","Fri Jan 02 00:36:09 UTC 2026","Fri Jan 02 00:36:11 UTC 2026","1190","tests.admin_panel.categories","test_57_v2_update_category","","","","test_v2_update_category_invalid_payload[payload1-expected_code1]","Негативный тест: обновление категории с невалидным или неполным телом запроса."
"skipped","Fri Jan 02 01:23:53 UTC 2026","Fri Jan 02 01:23:54 UTC 2026","1117","tests.catalog","test_get_items_list_all","","","","test_get_items_list_all_success[admin]","
    Позитивный тест: успешное получение списка всех атомарных товаров
    "
"passed","Fri Jan 02 00:47:22 UTC 2026","Fri Jan 02 00:47:24 UTC 2026","1942","tests.admin_panel.products","test_44_upload_product_brand_images","","","","test_upload_product_brand_images_success","Позитивный тест: успешная загрузка изображений бренда через multipart/form-data."
"passed","Fri Jan 02 01:33:01 UTC 2026","Fri Jan 02 01:33:06 UTC 2026","4525","tests.delivery","test_02_get_delivery_address","","","","test_get_delivery_addresses_pagination[partner]","Корректная работа пагинации"
"passed","Fri Jan 02 01:36:34 UTC 2026","Fri Jan 02 01:36:34 UTC 2026","229","tests.delivery","test_get_dpd_offices","","","","test_get_dpd_offices_success[423-partner]",""
"passed","Fri Jan 02 01:06:14 UTC 2026","Fri Jan 02 01:06:14 UTC 2026","733","tests.cart","test_02_get_delivery_cost","","","","test_get_delivery_cost_success_partial_payload[client-payload7-200]","
    Позитив/граничные: сочетания полей региона/города
    "
"passed","Fri Jan 02 01:05:04 UTC 2026","Fri Jan 02 01:05:05 UTC 2026","802","tests.cart","test_01_user_locale","","","","test_update_user_locale_valid_payload_1[partner-payload1]","
    Позитивный тест: Обновление языка/склада/локали авторизованным пользователем"
"passed","Fri Jan 02 01:10:52 UTC 2026","Fri Jan 02 01:10:55 UTC 2026","2607","tests.cart","test_11_cart_save_delivery_method","","","","test_save_delivery_method_success_with_cart[partner-KgPost]","
    Позитив: сохранение способа доставки для всех значений с корзиной
    "
"passed","Fri Jan 02 01:25:14 UTC 2026","Fri Jan 02 01:25:16 UTC 2026","1195","tests.catalog","test_products_list","","","","test_get_products_list_with_country_id[1-client]","
    Позитивный: список товаров с фильтром по country_id
    "
"passed","Fri Jan 02 01:08:02 UTC 2026","Fri Jan 02 01:08:02 UTC 2026","197","tests.cart","test_04_cart_full_data","","","","test_full_data_invalid_calculate_delivery_flag[abc-client]",""
"passed","Fri Jan 02 01:24:17 UTC 2026","Fri Jan 02 01:24:18 UTC 2026","829","tests.catalog","test_get_recommended_products","","","","test_get_recommended_products_invalid_id[-1]","
    Негативный тест: передан некорректный ID (тип/значение)
    "
"passed","Fri Jan 02 01:36:46 UTC 2026","Fri Jan 02 01:36:47 UTC 2026","199","tests.delivery","test_get_dpd_offices","","","","test_get_dpd_offices_invalid_city_id_should_fail[1.5-admin]",""
"skipped","Fri Jan 02 00:27:49 UTC 2026","Fri Jan 02 00:27:49 UTC 2026","0","tests.account","test_account_branded_wallet_get","","","","test_get_missing_params_returns_200[partner]","
    Негатив: отсутствуют month/year → 200(берем теуще)
    "
"passed","Fri Jan 02 01:29:22 UTC 2026","Fri Jan 02 01:29:23 UTC 2026","1395","tests.chat_support","test_03_support_chat_ticket_post","","","","test_create_ticket_from_last_messages_success[client]","
    Позитив: /support-chat/ticket создаёт тикет из последних 3 сообщений
    "
"skipped","Fri Jan 02 02:00:45 UTC 2026","Fri Jan 02 02:00:47 UTC 2026","1609","tests.tickets","test_06_close_ticket","","","","test_close_tickets_negative[client-ticket_ids1-400]","Негативные тесты: закрытие с некорректными данными"
"passed","Fri Jan 02 01:12:01 UTC 2026","Fri Jan 02 01:12:02 UTC 2026","530","tests.cart","test_11_cart_save_delivery_method","","","","test_save_delivery_method_without_cart[client-FivePost]","
    нужна обязательно корзина
    "
"passed","Fri Jan 02 00:29:19 UTC 2026","Fri Jan 02 00:29:19 UTC 2026","192","tests.account","test_get_account_exists","","","","test_get_account_exists_positive[params0-admin]","Нкгатив: невлидны id"
"passed","Fri Jan 02 00:41:06 UTC 2026","Fri Jan 02 00:41:09 UTC 2026","2840","tests.admin_panel.items","test_get_item_translation","","","","test_get_item_translation_forbidden[partner]","
    Негативный тест: client/partner не может читать переводы item.
    Подготовку (создание item и добавление перевода) делает админ.
    "
"passed","Fri Jan 02 01:29:48 UTC 2026","Fri Jan 02 01:29:50 UTC 2026","2825","tests.delivery","test_01_save_delivery_address","","","","test_save_delivery_address_positive[client-payload3]","Позитивные тесты на сохранение адреса доставки"
"passed","Fri Jan 02 01:02:12 UTC 2026","Fri Jan 02 01:02:12 UTC 2026","198","tests.admin_panel.slides","test_62_slides_update_video_url","","","","test_update_video_url_forbidden[client]","Негативный тест: не-админ не может обновить ссылку на мастер-файл"
"passed","Fri Jan 02 00:51:20 UTC 2026","Fri Jan 02 00:51:21 UTC 2026","1447","tests.admin_panel.promo","test_76_get_promotion_items","","","","test_get_promotion_item_forbidden[client]","Негативный тест: получение элемента акции не-админом запрещено."
"passed","Fri Jan 02 01:40:34 UTC 2026","Fri Jan 02 01:40:36 UTC 2026","2683","tests.for_test","test_cleanup_expired_tokens","","","","test_cleanup_expired_tokens_success_removes_only_expired[partner-2877-2-admin]","
    Позитив:
      - вставляем 2 токена для user_id из settings (client/partner):
          * expired (expires_at < now)
          * valid   (expires_at > now)
      - вызываем POST /test/cleanup-expired-tokens
      - проверяем: expired удалён, valid остался
    "
"skipped","Fri Jan 02 00:26:28 UTC 2026","Fri Jan 02 00:26:28 UTC 2026","612","tests.PROJECT_FUND.initiatives","test_get_reports","","","","test_get_reports_invalid_query_params[query0-https://dev.ewahelps.com/api]","Негативный тест: запрос с некорректными query-параметрами"
"passed","Fri Jan 02 01:16:35 UTC 2026","Fri Jan 02 01:16:35 UTC 2026","187","tests.cart","test_18_cart_available_countries","","","","test_cart_available_countries_success[partner]","Позитив: получение списка доступных стран."
"passed","Fri Jan 02 01:38:31 UTC 2026","Fri Jan 02 01:38:31 UTC 2026","807","tests.delivery","test_get_kazpost_offices","","","","test_get_kazpost_offices_success[211437-client]","Позитив: успешное получение списка офисов Казпочты по city_id."
"skipped","Fri Jan 02 01:50:22 UTC 2026","Fri Jan 02 01:50:22 UTC 2026","0","tests.stock","test_update_stock","","","","test_update_stock_invalid_id[9999999]",""
"skipped","Fri Jan 02 01:48:10 UTC 2026","Fri Jan 02 01:48:11 UTC 2026","197","tests.statistic","test_team_activations","","","","test_get_team_activation_statistic_negative[payload1-partner]","Негативный тест: ошибка при получении статистики активации команды с невалидным телом запроса"
"passed","Fri Jan 02 01:40:28 UTC 2026","Fri Jan 02 01:40:31 UTC 2026","2686","tests.for_test","test_cleanup_expired_tokens","","","","test_cleanup_expired_tokens_success_removes_only_expired[client-2876-1-admin]","
    Позитив:
      - вставляем 2 токена для user_id из settings (client/partner):
          * expired (expires_at < now)
          * valid   (expires_at > now)
      - вызываем POST /test/cleanup-expired-tokens
      - проверяем: expired удалён, valid остался
    "
"skipped","Fri Jan 02 01:45:22 UTC 2026","Fri Jan 02 01:45:22 UTC 2026","0","tests.orders","test_group_order_change_country","","","","test_change_country_not_found_or_forbidden[authorize_client-99999999-403]","Негативные тесты: изменение несуществующего заказа или без прав"
"passed","Fri Jan 02 01:32:55 UTC 2026","Fri Jan 02 01:32:55 UTC 2026","198","tests.delivery","test_02_get_delivery_address","","","","test_get_delivery_addresses_invalid_pagination[invalid_pagination3-admin]","Негатив: некорректные параметры пагинации"
"passed","Fri Jan 02 00:38:15 UTC 2026","Fri Jan 02 00:38:16 UTC 2026","790","tests.admin_panel.categories","test_81_delete_category_translation","","","","test_delete_category_translation_invalid_id[-1]","Негативный тест: удаление перевода с невалидным ID категории."
"skipped","Fri Jan 02 00:26:54 UTC 2026","Fri Jan 02 00:26:54 UTC 2026","0","tests.account","test_0_marathon","","","","test_create_product_brand_invalid_payload[params1-400-client]",""
"passed","Fri Jan 02 01:09:35 UTC 2026","Fri Jan 02 01:09:35 UTC 2026","198","tests.cart","test_10_cart_save_city","","","","test_save_city_invalid_payload[client-payload1]","Негатив: невалидный payload."
"passed","Fri Jan 02 01:37:12 UTC 2026","Fri Jan 02 01:37:12 UTC 2026","187","tests.delivery","test_get_emu_pickup_points","","","","test_get_emu_pickup_points_invalid_city_id_should_fail[1.5-admin]","Негатив: невалидные значения city_id → 400/422."
"passed","Fri Jan 02 00:27:36 UTC 2026","Fri Jan 02 00:27:36 UTC 2026","200","tests.account","test_account_branded_wallet_delete","","","","test_delete_when_nothing_uploaded_returns_404[client]","
    Удаление при отсутствии изображения → 404
    "
"passed","Fri Jan 02 01:05:00 UTC 2026","Fri Jan 02 01:05:00 UTC 2026","195","tests.cart","test_01_user_locale","","","","test_update_user_locale_valid_payload_1[client-payload8]","
    Позитивный тест: Обновление языка/склада/локали авторизованным пользователем"
"passed","Fri Jan 02 01:04:22 UTC 2026","Fri Jan 02 01:04:23 UTC 2026","216","tests.auth","test_05_logout","","","","test_logout_success[client]","Тест разлогинивания с валидным токеном (клиент, партнёр, админ)"
"passed","Fri Jan 02 00:59:24 UTC 2026","Fri Jan 02 00:59:25 UTC 2026","1254","tests.admin_panel.slides","test_59_update_slide","","","","test_update_slide_invalid_payload[payload21-422]","Негативный тест: обновление слайда с невалидным или неполным телом запроса."
"passed","Fri Jan 02 00:46:36 UTC 2026","Fri Jan 02 00:46:37 UTC 2026","1246","tests.admin_panel.products","test_42_update_product_brand","","","","test_update_product_brand_invalid_payload[payload2-expected_code2]","Негативный тест: обновление бренда с невалидным или неполным телом запроса."
"passed","Fri Jan 02 01:47:45 UTC 2026","Fri Jan 02 01:47:45 UTC 2026","197","tests.statistic","test_team_activations","","","","test_get_team_activation_statistic_positive[payload0-admin]","Позитивный тест: получение статистики по активации команды с валидным телом запроса"
"passed","Fri Jan 02 01:34:48 UTC 2026","Fri Jan 02 01:34:48 UTC 2026","189","tests.delivery","test_get_cdek_offices","","","","test_get_cdek_offices_invalid_city_id_should_fail[0-admin]",""
"passed","Fri Jan 02 00:31:03 UTC 2026","Fri Jan 02 00:31:03 UTC 2026","800","tests.admin_panel","test_02_support_users_list","","","","test_client_cannot_list_support_users",""
"skipped","Fri Jan 02 01:08:30 UTC 2026","Fri Jan 02 01:08:30 UTC 2026","542","tests.cart","test_06_cart_update","","","","test_update_cart_item_invalid_payload[partner-payload0]","Негатив: невалидный payload"
"passed","Fri Jan 02 01:40:08 UTC 2026","Fri Jan 02 01:40:08 UTC 2026","202","tests.delivery","test_self_pickup_offices","","","","test_self_pickup_offices_invalid_params[client-params3]","
    Негатив: невалидные параметры -> 400 с телом ошибки.
    "
"passed","Fri Jan 02 01:57:53 UTC 2026","Fri Jan 02 01:57:54 UTC 2026","1802","tests.tickets","test_04_create_ticket","","","","test_create_ticket_success[admin-attachments1-QuestionsAboutTheHousingAndCarProgram]","Позитивный тест: создание тикета с разными темами и вложениями для клиента, партнера и админа"
"passed","Fri Jan 02 01:47:43 UTC 2026","Fri Jan 02 01:47:43 UTC 2026","196","tests.statistic","test_team_activations","","","","test_get_team_activation_statistic_positive[payload0-partner]","Позитивный тест: получение статистики по активации команды с валидным телом запроса"
"passed","Fri Jan 02 00:57:12 UTC 2026","Fri Jan 02 00:57:13 UTC 2026","820","tests.admin_panel.slides","test_57_create_slide","","","","test_create_slide_title_color_validation[#GGGGGG-400]","Валидация поля title_color при создании слайда."
"passed","Fri Jan 02 01:24:01 UTC 2026","Fri Jan 02 01:24:01 UTC 2026","188","tests.catalog","test_get_items_list_all","","","","test_get_items_list_all_wrong_method[post]",""
"passed","Fri Jan 02 00:36:40 UTC 2026","Fri Jan 02 00:36:42 UTC 2026","1839","tests.admin_panel.categories","test_79_get_category_translation","","","","test_get_category_translation_forbidden[client]",""
"skipped","Fri Jan 02 00:30:00 UTC 2026","Fri Jan 02 00:30:01 UTC 2026","194","tests.account","test_post_downgrade_user","","","","test_downgrade_validation_errors[bad_payload2-admin]","
    Валидация: битый payload → 400/422.
    "
"skipped","Fri Jan 02 00:29:42 UTC 2026","Fri Jan 02 00:29:42 UTC 2026","0","tests.account","test_history","","","","test_get_history_positive[partner-payload0]","Позитивные тесты на получение истории аккаунта"
"passed","Fri Jan 02 00:35:45 UTC 2026","Fri Jan 02 00:35:47 UTC 2026","1600","tests.admin_panel.categories","test_57_v2_update_category","","","","test_v2_update_category_slug_should_fail_if_not_unique","Негативный тест: попытка обновить slug категории на уже существующий."
"passed","Fri Jan 02 00:46:42 UTC 2026","Fri Jan 02 00:46:44 UTC 2026","1242","tests.admin_panel.products","test_42_update_product_brand","","","","test_update_product_brand_invalid_payload[payload4-expected_code4]","Негативный тест: обновление бренда с невалидным или неполным телом запроса."
"skipped","Fri Jan 02 00:29:42 UTC 2026","Fri Jan 02 00:29:42 UTC 2026","0","tests.account","test_get_languages","","","","test_get_languages_success[partner-unknown-400]","Возвращает список языков, доступных для перевода"
"skipped","Fri Jan 02 00:29:42 UTC 2026","Fri Jan 02 00:29:42 UTC 2026","0","tests.account","test_history_admin","","","","test_get_admin_history_positive[admin-payload0]","Позитивные тесты на получение истории бонусов для админа"
"passed","Fri Jan 02 01:44:22 UTC 2026","Fri Jan 02 01:44:23 UTC 2026","593","tests.one_c","test_get_1с_stock","","","","test_get_stock_forbidden[params1]",""
"passed","Fri Jan 02 01:02:47 UTC 2026","Fri Jan 02 01:02:48 UTC 2026","395","tests.admin_panel.users","test_post_admin_users_exclusive_preorder_permissions","","","","test_post_exclusive_preorder_permissions_requires_admin[client]","
    клиент/партнёр не могут управлять exclusive preorder permissions → 403
    "
"skipped","Fri Jan 02 01:09:24 UTC 2026","Fri Jan 02 01:09:24 UTC 2026","186","tests.cart","test_09_cart_save_region","","","","test_save_region_invalid_payload[partner-payload0]","Негатив: невалидный payload."
"passed","Fri Jan 02 01:51:18 UTC 2026","Fri Jan 02 01:51:19 UTC 2026","971","tests.tickets","test_02_get_ticket_by_id","","","","test_get_ticket_success[partner]","Позитивный тест: успешное получение тикета по ID для клиента, партнера и администратора."
"passed","Fri Jan 02 01:28:23 UTC 2026","Fri Jan 02 01:28:28 UTC 2026","5277","tests.catalog","test_update_admin_product","","","","test_update_admin_product_invalid_payload[update_payload8-422]",""
"skipped","Fri Jan 02 00:43:25 UTC 2026","Fri Jan 02 00:43:25 UTC 2026","0","tests.admin_panel.periods","test_post_periods_by_date","","","","test_post_periods_by_date__200_strict[admin]",""
"skipped","Fri Jan 02 00:29:17 UTC 2026","Fri Jan 02 00:29:17 UTC 2026","0","tests.account","test_family_agreement_create_three","","","","test_create_family_agreement_three_positive[admin-payload1]","Позитивные тесты на создание семейного соглашения при аннулировании второго партнера"
"passed","Fri Jan 02 01:23:59 UTC 2026","Fri Jan 02 01:23:59 UTC 2026","608","tests.catalog","test_get_items_list_all","","","","test_get_items_list_all_unauthorized",""
"passed","Fri Jan 02 01:20:43 UTC 2026","Fri Jan 02 01:20:49 UTC 2026","5688","tests.catalog","test_create_admin_product_translation","","","","test_create_admin_product_translation_success[ky]","Создание и обновление перевода продукта на разных языках."
"passed","Fri Jan 02 01:32:04 UTC 2026","Fri Jan 02 01:32:09 UTC 2026","5684","tests.delivery","test_01_save_delivery_address","","","","test_create_two_addresses_with_different_delivery[partner]","Создание двух адресов с одинаковыми данными, кроме street в delivery"
"passed","Fri Jan 02 01:41:52 UTC 2026","Fri Jan 02 01:42:02 UTC 2026","9857","tests.integration","test_order_pickup_ru","","","","test_order_pickup_ru[YandexPVZ]",""
"passed","Fri Jan 02 00:49:52 UTC 2026","Fri Jan 02 00:49:54 UTC 2026","1645","tests.admin_panel.promo","test_74_update_promotion","","","","test_update_promotion_name_should_fail_if_not_unique","Негативный тест: попытка обновить имя акции на уже существующий."
"passed","Fri Jan 02 01:28:54 UTC 2026","Fri Jan 02 01:28:54 UTC 2026","518","tests.chat_support","test_01_support_chat_messages_post","","","","test_create_message_success[partner]","
    Позитив: отправка сообщения в чат поддержки через /support-chat/create
    "
"skipped","Fri Jan 02 01:50:34 UTC 2026","Fri Jan 02 01:50:34 UTC 2026","0","tests.tickets","test_01_get_tickets","","","","test_get_tickets_success[filter0-sort1-search1-pagination0-client]","Позитивный тест: получение списка тикетов с разными комбинациями параметров"
"passed","Fri Jan 02 01:05:12 UTC 2026","Fri Jan 02 01:05:13 UTC 2026","772","tests.cart","test_01_user_locale","","","","test_update_user_locale_valid_payload_1[partner-payload4]","
    Позитивный тест: Обновление языка/склада/локали авторизованным пользователем"
"passed","Fri Jan 02 01:09:40 UTC 2026","Fri Jan 02 01:09:40 UTC 2026","187","tests.cart","test_10_cart_save_city","","","","test_save_city_invalid_payload[client-payload4]","Негатив: невалидный payload."
"passed","Fri Jan 02 01:04:24 UTC 2026","Fri Jan 02 01:04:24 UTC 2026","197","tests.auth","test_05_logout","","","","test_logout_success[partner]","Тест разлогинивания с валидным токеном (клиент, партнёр, админ)"
"passed","Fri Jan 02 01:38:50 UTC 2026","Fri Jan 02 01:38:50 UTC 2026","198","tests.delivery","test_get_kgpost_offices","","","","test_get_kgpost_offices_missing_city_id_should_fail[admin]",""
"passed","Fri Jan 02 01:06:48 UTC 2026","Fri Jan 02 01:06:48 UTC 2026","188","tests.cart","test_02_get_delivery_cost","","","","test_get_delivery_cost_invalid_payload[partner-payload1]","Негатив: некорректные входные данные."
"passed","Fri Jan 02 01:10:15 UTC 2026","Fri Jan 02 01:10:16 UTC 2026","629","tests.cart","test_11_cart_save_delivery_method","","","","test_save_delivery_method_success[client-GroupOrder]","
    Позитив: сохранение способа доставки для всех значений без корзины
    "
"passed","Fri Jan 02 01:34:52 UTC 2026","Fri Jan 02 01:34:52 UTC 2026","197","tests.delivery","test_get_cdek_offices","","","","test_get_cdek_offices_invalid_city_id_should_fail[True-admin]",""
"passed","Fri Jan 02 00:37:47 UTC 2026","Fri Jan 02 00:37:48 UTC 2026","808","tests.admin_panel.categories","test_80_create_category_translation","","","","test_create_category_translation_invalid_payload[payload3-400]","Негативный тест: создание перевода с невалидным payload."
"skipped","Fri Jan 02 01:49:24 UTC 2026","Fri Jan 02 01:49:24 UTC 2026","0","tests.stock","test_create_stock","","","","test_create_stock_with_empty_string_log_if_not_200[is_storage]",""
"passed","Fri Jan 02 00:35:22 UTC 2026","Fri Jan 02 00:35:22 UTC 2026","196","tests.admin_panel.categories","test_56_v2_create_category","","","","test_v2_create_category_forbidden[partner]","Негативный тест: создание категории не-админом запрещено."
"passed","Fri Jan 02 01:49:04 UTC 2026","Fri Jan 02 01:49:04 UTC 2026","205","tests.statistic","test_team_registrations","","","","test_get_team_registration_statistic_positive[payload3-client]","Позитивный тест: получение статистики по регистрации команды с валидным телом запроса"
"passed","Fri Jan 02 01:55:42 UTC 2026","Fri Jan 02 01:55:43 UTC 2026","1810","tests.tickets","test_04_create_ticket","","","","test_create_ticket_success[partner-attachments1-OtherQuestions]","Позитивный тест: создание тикета с разными темами и вложениями для клиента, партнера и админа"
"passed","Fri Jan 02 00:29:07 UTC 2026","Fri Jan 02 00:29:08 UTC 2026","1384","tests.account","test_delete_cover_url","","","","test_delete_cover_full_payload[client]",""
"skipped","Fri Jan 02 01:18:35 UTC 2026","Fri Jan 02 01:18:35 UTC 2026","0","tests.cart","test_exclusive_preorder_cart_update","","","","test_cart_update_checks_permission_for_exclusive_400[partner]","
    Негатив
      - availability_items.is_exclusive_preorder_only=true
      - permission отсутствует
      => /cart/update ДОЛЖЕН вернуть 400
    "
"passed","Fri Jan 02 00:59:04 UTC 2026","Fri Jan 02 00:59:05 UTC 2026","1264","tests.admin_panel.slides","test_59_update_slide","","","","test_update_slide_invalid_payload[payload15-422]","Негативный тест: обновление слайда с невалидным или неполным телом запроса."
"passed","Fri Jan 02 00:34:43 UTC 2026","Fri Jan 02 00:34:44 UTC 2026","815","tests.admin_panel.categories","test_47_get_categories_by_id","","","","test_get_categories_invalid_id[None]","Негативный тест: получение категории по невалидному ID."
"passed","Fri Jan 02 01:04:27 UTC 2026","Fri Jan 02 01:04:28 UTC 2026","607","tests.auth","test_05_logout","","","","test_logout_without_token","Тест разлогинивания без токена"
"passed","Fri Jan 02 00:29:25 UTC 2026","Fri Jan 02 00:29:25 UTC 2026","220","tests.account","test_get_account_exists","","","","test_get_account_exists_positive[params2-client]","Нкгатив: невлидны id"
"skipped","Fri Jan 02 02:00:22 UTC 2026","Fri Jan 02 02:00:22 UTC 2026","0","tests.tickets","test_04_create_ticket","","","","test_create_ticket_invalid_message[partner-None]","Негативный тест: создание тикета без сообщения"
"passed","Fri Jan 02 01:06:27 UTC 2026","Fri Jan 02 01:06:27 UTC 2026","218","tests.cart","test_02_get_delivery_cost","","","","test_get_delivery_cost_success_partial_payload[partner-payload5-400]","
    Позитив/граничные: сочетания полей региона/города
    "
"passed","Fri Jan 02 00:34:45 UTC 2026","Fri Jan 02 00:34:46 UTC 2026","782","tests.admin_panel.categories","test_47_get_categories_by_id","","","","test_get_categories_invalid_id[]","Негативный тест: получение категории по невалидному ID."
"passed","Fri Jan 02 01:08:16 UTC 2026","Fri Jan 02 01:08:20 UTC 2026","4185","tests.cart","test_06_cart_update","","","","test_update_cart_item_add_and_change_quantity[client]","
    Позитив: добавление позиции и изменение её количества через /cart/update
    "
"passed","Fri Jan 02 00:38:43 UTC 2026","Fri Jan 02 00:38:44 UTC 2026","1048","tests.admin_panel.items","test_create_item","","","","test_create_item_invalid_payload[payload2-expected_code2]","
    Негативный тест: создание варианта с невалидным телом запроса.
    Если сервер внезапно вернул успех — удаляем созданный item из БД.
    "
"passed","Fri Jan 02 01:33:49 UTC 2026","Fri Jan 02 01:33:49 UTC 2026","197","tests.delivery","test_03_delete_delivery_address","","","","test_delete_delivery_address_invalid_id[None-partner]","Негатив: удаление адреса с некорректным ID"
"passed","Fri Jan 02 01:33:42 UTC 2026","Fri Jan 02 01:33:42 UTC 2026","198","tests.delivery","test_03_delete_delivery_address","","","","test_delete_delivery_address_invalid_id[abc-client]","Негатив: удаление адреса с некорректным ID"
"passed","Fri Jan 02 01:41:41 UTC 2026","Fri Jan 02 01:41:51 UTC 2026","10217","tests.integration","test_order_pickup_ru","","","","test_order_pickup_ru[CDEK]",""
"passed","Fri Jan 02 01:34:12 UTC 2026","Fri Jan 02 01:34:12 UTC 2026","187","tests.delivery","test_get_boxberry_offices","","","","test_get_boxberry_offices_invalid_city_id_should_fail[True-admin]",""
"passed","Fri Jan 02 00:44:19 UTC 2026","Fri Jan 02 00:44:22 UTC 2026","3001","tests.admin_panel.products","test_02_recommended_products_add","","","","test_add_recommendation_no_rights[client]","Пользователь без прав пытается добавить рекомендации"
"passed","Fri Jan 02 01:06:20 UTC 2026","Fri Jan 02 01:06:21 UTC 2026","221","tests.cart","test_02_get_delivery_cost","","","","test_get_delivery_cost_success_partial_payload[partner-payload2-400]","
    Позитив/граничные: сочетания полей региона/города
    "
"skipped","Fri Jan 02 01:35:24 UTC 2026","Fri Jan 02 01:35:24 UTC 2026","192","tests.delivery","test_get_cities_v2","","","","test_get_cities_v2_invalid_city_name_should_fail[bad_city_name5-admin]","
    Негатив: невалидные значения city_name → 400/422.
    "
"passed","Fri Jan 02 01:12:09 UTC 2026","Fri Jan 02 01:12:09 UTC 2026","572","tests.cart","test_11_cart_save_delivery_method","","","","test_save_delivery_method_unauthorized","Негатив: вызов без авторизации/корзины."
"skipped","Fri Jan 02 01:37:32 UTC 2026","Fri Jan 02 01:37:32 UTC 2026","189","tests.delivery","test_get_europost_offices","","","","test_get_europost_offices_invalid_city_id_should_fail[0-admin]",""
"passed","Fri Jan 02 01:16:59 UTC 2026","Fri Jan 02 01:17:00 UTC 2026","622","tests.cart","test_21_cart_shareable","","","","test_cart_shareable_unauthorized_after_logout[partner]","
    Негатив: ссылка создана авторизованным пользователем, затем пользователь разлогинен
    и пытается открыть корзину по этой ссылке — запрос считается неавторизованным.
    "
"skipped","Fri Jan 02 00:33:21 UTC 2026","Fri Jan 02 00:33:21 UTC 2026","0","tests.admin_panel","test_accrue_gold_pro_gift","","","","test_accrue_gold_pro_gift_for_partner",""
"passed","Fri Jan 02 00:27:58 UTC 2026","Fri Jan 02 00:27:59 UTC 2026","871","tests.account","test_account_branded_wallet_upload","","","","test_upload_success[valid_jpg.jpg-client]","Позитив: валидное изображение (PNG/JPG) → 200 + корректная схема"
"passed","Fri Jan 02 01:04:19 UTC 2026","Fri Jan 02 01:04:19 UTC 2026","603","tests.auth","test_04_refresh","","","","test_refresh_token_invalid","Тест обновления токена с недействительным refresh-токеном."
"skipped","Fri Jan 02 01:49:24 UTC 2026","Fri Jan 02 01:49:24 UTC 2026","0","tests.stock","test_create_stock","","","","test_create_stock_with_empty_string_log_if_not_200[id_1c]",""
"skipped","Fri Jan 02 00:26:54 UTC 2026","Fri Jan 02 00:26:54 UTC 2026","0","tests.account","test_0_marathon","","","","test_create_product_brand_invalid_payload[params1-400-admin]",""
"passed","Fri Jan 02 01:52:09 UTC 2026","Fri Jan 02 01:52:09 UTC 2026","779","tests.tickets","test_04_create_ticket","","","","test_create_ticket_success[client-attachments0-OtherQuestions]","Позитивный тест: создание тикета с разными темами и вложениями для клиента, партнера и админа"
"skipped","Fri Jan 02 00:29:42 UTC 2026","Fri Jan 02 00:29:42 UTC 2026","0","tests.account","test_list_csv","","","","test_get_account_list_csv_positive[partner-payload1]","Позитивные тесты на выгрузку структуры партнеров в CSV"
"skipped","Fri Jan 02 01:38:16 UTC 2026","Fri Jan 02 01:38:16 UTC 2026","572","tests.delivery","test_get_georgian_post_pickup_points","","","","test_get_georgian_post_pickup_points_unauthorized","Негатив: запрос без авторизации."
"passed","Fri Jan 02 01:39:33 UTC 2026","Fri Jan 02 01:39:33 UTC 2026","614","tests.delivery","test_get_self_pickup_offices","","","","test_get_self_pickup_offices_unauthorized","Негатив: запрос без авторизации."
"passed","Fri Jan 02 00:51:11 UTC 2026","Fri Jan 02 00:51:12 UTC 2026","820","tests.admin_panel.promo","test_75_delete_promotion_by_id","","","","test_delete_promotion_invalid_id[9999999]","Негативный тест: удаление несуществующей или некорректной акции."
"passed","Fri Jan 02 01:32:16 UTC 2026","Fri Jan 02 01:32:19 UTC 2026","3033","tests.delivery","test_01_save_delivery_address","","","","test_create_two_identical_addresses[partner]","Невозможность создать два полностью одинаковых адреса"
"passed","Fri Jan 02 01:06:51 UTC 2026","Fri Jan 02 01:06:51 UTC 2026","198","tests.cart","test_02_get_delivery_cost","","","","test_get_delivery_cost_invalid_payload[partner-payload3]","Негатив: некорректные входные данные."
"passed","Fri Jan 02 01:29:33 UTC 2026","Fri Jan 02 01:29:37 UTC 2026","3876","tests.delivery","test_01_save_delivery_address","","","","test_save_delivery_address_positive[client-payload0]","Позитивные тесты на сохранение адреса доставки"
"passed","Fri Jan 02 01:43:32 UTC 2026","Fri Jan 02 01:43:32 UTC 2026","601","tests.one_c","test_create_1c_stock","","","","test_post_bad_request_or_unprocessable[<lambda>1]",""
"skipped","Fri Jan 02 00:27:49 UTC 2026","Fri Jan 02 00:27:49 UTC 2026","0","tests.account","test_account_branded_wallet_get","","","","test_get_invalid_period_returns_422[period0-client]","
    Негатив: невалидные month/year → 422.
    "
"skipped","Fri Jan 02 02:00:56 UTC 2026","Fri Jan 02 02:00:58 UTC 2026","1576","tests.tickets","test_06_close_ticket","","","","test_close_tickets_negative[partner-ticket_ids1-400]","Негативные тесты: закрытие с некорректными данными"
"passed","Fri Jan 02 00:52:38 UTC 2026","Fri Jan 02 00:52:39 UTC 2026","1592","tests.admin_panel.promo","test_78_delete_promotion_item","","","","test_delete_promotion_item_forbidden[client]","Негативный тест: удаление элемента акции не-админом запрещено."
"passed","Fri Jan 02 01:42:25 UTC 2026","Fri Jan 02 01:42:27 UTC 2026","1782","tests.one_c","test_create_1c_stock","","","","test_post_create_full_payload_all_fields",""
"passed","Fri Jan 02 00:59:43 UTC 2026","Fri Jan 02 00:59:44 UTC 2026","778","tests.admin_panel.slides","test_60_delete_slides","","","","test_delete_slide_invalid_id[abc]","Негативный тест: удаление несуществующего или некорректного слайда."
"skipped","Fri Jan 02 00:35:17 UTC 2026","Fri Jan 02 00:35:17 UTC 2026","0","tests.admin_panel.categories","test_50_upload_category_images","","","","test_upload_category_images_invalid_format[invalid.docx-application/vnd.openxmlformats-officedocument.wordprocessingml.document-400]","Негативный тест: загрузка изображений в неверном формате (например, .txt)."
"passed","Fri Jan 02 01:15:45 UTC 2026","Fri Jan 02 01:15:46 UTC 2026","433","tests.cart","test_14_cart_update_personal_data","","","","test_update_personal_data_success[client-payload0]","
    Позитив: обновление персональных данных
    "
"passed","Fri Jan 02 01:58:24 UTC 2026","Fri Jan 02 01:58:26 UTC 2026","1813","tests.tickets","test_04_create_ticket","","","","test_create_ticket_success[admin-attachments1-OtherQuestions]","Позитивный тест: создание тикета с разными темами и вложениями для клиента, партнера и админа"
"passed","Fri Jan 02 00:29:48 UTC 2026","Fri Jan 02 00:29:48 UTC 2026","597","tests.account","test_post_bonus_tokens","","","","test_get_bonus_tokens_unauthorized","Негативный тест: без авторизации."
"passed","Fri Jan 02 01:57:48 UTC 2026","Fri Jan 02 01:57:50 UTC 2026","1795","tests.tickets","test_04_create_ticket","","","","test_create_ticket_success[admin-attachments1-QuestionsAboutPaymentsToIP]","Позитивный тест: создание тикета с разными темами и вложениями для клиента, партнера и админа"
"passed","Fri Jan 02 00:46:46 UTC 2026","Fri Jan 02 00:46:47 UTC 2026","1241","tests.admin_panel.products","test_42_update_product_brand","","","","test_update_product_brand_invalid_payload[payload5-422]","Негативный тест: обновление бренда с невалидным или неполным телом запроса."
"skipped","Fri Jan 02 00:29:17 UTC 2026","Fri Jan 02 00:29:17 UTC 2026","0","tests.account","test_funds_transfer_send","","","","test_send_funds_transfer_positive[partner-payload1]","Позитивные тесты на перевод/вывод средств по visibleId"
"passed","Fri Jan 02 00:57:42 UTC 2026","Fri Jan 02 00:57:43 UTC 2026","780","tests.admin_panel.slides","test_58_get_slides_by_id","","","","test_get_slides_invalid_id[None]","Негативный тест: невалидный ID в path-параметре."
"passed","Fri Jan 02 00:59:17 UTC 2026","Fri Jan 02 00:59:18 UTC 2026","1242","tests.admin_panel.slides","test_59_update_slide","","","","test_update_slide_invalid_payload[payload19-422]","Негативный тест: обновление слайда с невалидным или неполным телом запроса."
"passed","Fri Jan 02 00:54:55 UTC 2026","Fri Jan 02 00:54:57 UTC 2026","1242","tests.admin_panel.sliders","test_54_update_slider","","","","test_update_slider_invalid_payload[payload8-422]","Негативный тест: обновление слайдера с невалидным или неполным телом запроса."
"skipped","Fri Jan 02 00:29:42 UTC 2026","Fri Jan 02 00:29:42 UTC 2026","0","tests.account","test_history_admin","","","","test_get_admin_history_positive[client-payload0]","Позитивные тесты на получение истории бонусов для админа"
"skipped","Fri Jan 02 00:29:42 UTC 2026","Fri Jan 02 00:29:42 UTC 2026","0","tests.account","test_history_admin","","","","test_get_admin_history_positive[admin-payload1]","Позитивные тесты на получение истории бонусов для админа"
"passed","Fri Jan 02 01:39:21 UTC 2026","Fri Jan 02 01:39:21 UTC 2026","192","tests.delivery","test_get_self_pickup_offices","","","","test_get_self_pickup_offices_invalid_city_id_should_fail[-1-admin]","Негатив: невалидные значения city_id → 400/422."
"passed","Fri Jan 02 01:52:35 UTC 2026","Fri Jan 02 01:52:37 UTC 2026","1805","tests.tickets","test_04_create_ticket","","","","test_create_ticket_success[client-attachments1-QuestionsAboutOrders]","Позитивный тест: создание тикета с разными темами и вложениями для клиента, партнера и админа"
"skipped","Fri Jan 02 00:33:08 UTC 2026","Fri Jan 02 00:33:08 UTC 2026","0","tests.admin_panel","test_accrue_auto_bonus","","","","test_accrue_auto_bonus_for_partner",""
"passed","Fri Jan 02 01:50:46 UTC 2026","Fri Jan 02 01:50:46 UTC 2026","195","tests.tickets","test_01_get_tickets","","","","test_get_tickets_invalid_search[invalid_search0-400-client]","Негативный тест: передаем некорректные параметры поиска"
"passed","Fri Jan 02 00:45:43 UTC 2026","Fri Jan 02 00:45:44 UTC 2026","1244","tests.admin_panel.products","test_41_get_product_brand_by_id","","","","test_get_product_brand_by_id_success","Позитивный тест: успешное получение бренда по ID админом"
"passed","Fri Jan 02 00:47:04 UTC 2026","Fri Jan 02 00:47:05 UTC 2026","609","tests.admin_panel.products","test_43_delete_product_brand","","","","test_delete_product_brand_unauthorized","Негативный тест: попытка удаления бренда без авторизации."
"passed","Fri Jan 02 00:36:24 UTC 2026","Fri Jan 02 00:36:25 UTC 2026","1186","tests.admin_panel.categories","test_57_v2_update_category","","","","test_v2_update_category_invalid_payload[payload5-422]","Негативный тест: обновление категории с невалидным или неполным телом запроса."
"passed","Fri Jan 02 01:24:40 UTC 2026","Fri Jan 02 01:24:41 UTC 2026","840","tests.catalog","test_product_get_by_id","","","","test_get_product_by_id_invalid_string[123abc]","
    Негативный: ID строкового типа
    "
"skipped","Fri Jan 02 01:35:28 UTC 2026","Fri Jan 02 01:35:28 UTC 2026","192","tests.delivery","test_get_cities_v2","","","","test_get_cities_v2_invalid_country_id_should_fail[-admin]","
    Негатив: невалидные значения country_id → 400/422.
    "
"skipped","Fri Jan 02 01:49:24 UTC 2026","Fri Jan 02 01:49:24 UTC 2026","0","tests.stock","test_create_stock","","","","test_create_stock_with_empty_string_log_if_not_200[id]",""
"passed","Fri Jan 02 01:40:02 UTC 2026","Fri Jan 02 01:40:02 UTC 2026","186","tests.delivery","test_self_pickup_offices","","","","test_self_pickup_offices_invalid_params[client-params0]","
    Негатив: невалидные параметры -> 400 с телом ошибки.
    "
"skipped","Fri Jan 02 00:29:42 UTC 2026","Fri Jan 02 00:29:42 UTC 2026","0","tests.account","test_history","","","","test_get_history_positive[client-payload1]","Позитивные тесты на получение истории аккаунта"
"passed","Fri Jan 02 00:24:21 UTC 2026","Fri Jan 02 00:24:22 UTC 2026","803","tests.PROJECT_EDUCATION.test_system","test_03_user_answers","","","","test_user_answers_invalid_id__400_or_404[999999]",""
"passed","Fri Jan 02 00:28:50 UTC 2026","Fri Jan 02 00:28:50 UTC 2026","896","tests.account","test_add_cover_url","","","","test_add_cover_min_payload[partner]",""
"passed","Fri Jan 02 00:30:16 UTC 2026","Fri Jan 02 00:30:17 UTC 2026","1112","tests.account","test_update_avatar","","","","test_update_avatar_positive[partner-payload1]","Позитивные тесты на обновление аватара"
"passed","Fri Jan 02 00:57:09 UTC 2026","Fri Jan 02 00:57:10 UTC 2026","843","tests.admin_panel.slides","test_57_create_slide","","","","test_create_slide_title_color_validation[#FFFFF-400]","Валидация поля title_color при создании слайда."
"skipped","Fri Jan 02 01:23:38 UTC 2026","Fri Jan 02 01:23:39 UTC 2026","825","tests.catalog","test_get_item_by_id","","","","test_get_item_invalid_id[0]","
    Негативный тест: передан некорректный ID (тип/значение)
    "
"passed","Fri Jan 02 01:50:40 UTC 2026","Fri Jan 02 01:50:40 UTC 2026","203","tests.tickets","test_01_get_tickets","","","","test_get_tickets_invalid_pagination[invalid_pagination0-partner]","Негативный тест: передаем некорректные значения в pagination"
"passed","Fri Jan 02 00:28:54 UTC 2026","Fri Jan 02 00:28:55 UTC 2026","1183","tests.account","test_add_cover_url","","","","test_add_cover_unauthorized",""
"passed","Fri Jan 02 01:37:48 UTC 2026","Fri Jan 02 01:37:48 UTC 2026","215","tests.delivery","test_get_five_post_offices","","","","test_get_five_post_offices_success[86990-client]","Позитив: успешное получение списка ПВЗ FivePost по city_id."
"passed","Fri Jan 02 01:10:13 UTC 2026","Fri Jan 02 01:10:13 UTC 2026","610","tests.cart","test_11_cart_save_delivery_method","","","","test_save_delivery_method_success[client-Boxberry]","
    Позитив: сохранение способа доставки для всех значений без корзины
    "
"passed","Fri Jan 02 00:51:26 UTC 2026","Fri Jan 02 00:51:27 UTC 2026","799","tests.admin_panel.promo","test_76_get_promotion_items","","","","test_get_promotion_item_invalid_id[abc-abc]","Негативный тест: получение элемента с невалидным ID."
"passed","Fri Jan 02 01:04:10 UTC 2026","Fri Jan 02 01:04:11 UTC 2026","607","tests.auth","test_03_token_auth","","","","test_auth_by_invalid_token","Тест авторизации с невалидным токеном"
"passed","Fri Jan 02 01:08:34 UTC 2026","Fri Jan 02 01:08:36 UTC 2026","2887","tests.cart","test_07_cart_update_multi","","","","test_update_cart_items_multi_success[client]","Позитив: массовое изменение позиций /cart/update_multi."
"broken","Fri Jan 02 01:44:47 UTC 2026","Fri Jan 02 01:44:49 UTC 2026","1659","tests.orders","test_create_order_by_delivery_address","","","","test_create_order_permissions[authorize_client-authorize_partner-404]","Тест: проверка прав доступа при создании заказа по сохраненному адресу"
"passed","Fri Jan 02 00:27:19 UTC 2026","Fri Jan 02 00:27:19 UTC 2026","196","tests.account","test_0_top_partners_top_recruiters","","","","test_get_top_partners_top_recruiters_positive[partner]","Позитивные тесты на получение топ-партнеров по количеству активных партнеров"
"passed","Fri Jan 02 00:52:42 UTC 2026","Fri Jan 02 00:52:44 UTC 2026","1648","tests.admin_panel.promo","test_78_delete_promotion_item","","","","test_delete_promotion_item_forbidden[partner]","Негативный тест: удаление элемента акции не-админом запрещено."
"skipped","Fri Jan 02 02:02:10 UTC 2026","Fri Jan 02 02:02:12 UTC 2026","1618","tests.tickets","test_10_send_message_to_ticket","","","","test_send_message_validation[message_payload1-400]","Проверка валидации входных данных при отправке сообщений"
"passed","Fri Jan 02 00:58:51 UTC 2026","Fri Jan 02 00:58:52 UTC 2026","1251","tests.admin_panel.slides","test_59_update_slide","","","","test_update_slide_invalid_payload[payload11-400]","Негативный тест: обновление слайда с невалидным или неполным телом запроса."
"passed","Fri Jan 02 00:53:22 UTC 2026","Fri Jan 02 00:53:22 UTC 2026","801","tests.admin_panel.sliders","test_52_create_slider","","","","test_create_slider_invalid_payload[payload5-400]","Негативный тест: попытка создать слайдер с невалидным payload."
"skipped","Fri Jan 02 02:00:14 UTC 2026","Fri Jan 02 02:00:14 UTC 2026","0","tests.tickets","test_04_create_ticket","","","","test_create_ticket_invalid_title[partner-]","Негативный тест: создание тикета без заголовка"
"skipped","Fri Jan 02 01:18:35 UTC 2026","Fri Jan 02 01:18:35 UTC 2026","0","tests.cart","test_exclusive_preorder_cart_update","","","","test_cart_update_checks_permission_for_exclusive_400[client]","
    Негатив
      - availability_items.is_exclusive_preorder_only=true
      - permission отсутствует
      => /cart/update ДОЛЖЕН вернуть 400
    "
"skipped","Fri Jan 02 01:49:24 UTC 2026","Fri Jan 02 01:49:24 UTC 2026","0","tests.stock","test_create_stock","","","","test_create_stock_with_empty_string_log_if_not_200[type]",""
"skipped","Fri Jan 02 01:49:24 UTC 2026","Fri Jan 02 01:49:24 UTC 2026","0","tests.stock","test_create_stock","","","","test_create_stock_with_empty_string_log_if_not_200[address.house_number]",""
"passed","Fri Jan 02 00:30:45 UTC 2026","Fri Jan 02 00:30:46 UTC 2026","805","tests.admin_panel","test_01_support_create_user","","","","test_missing_user_id_returns_400","
    user_id — обязательное поле
    "
"passed","Fri Jan 02 00:37:44 UTC 2026","Fri Jan 02 00:37:45 UTC 2026","813","tests.admin_panel.categories","test_80_create_category_translation","","","","test_create_category_translation_invalid_payload[payload1-400]","Негативный тест: создание перевода с невалидным payload."
"skipped","Fri Jan 02 00:26:54 UTC 2026","Fri Jan 02 00:26:54 UTC 2026","0","tests.account","test_0_marathon","","","","test_create_product_brand_invalid_payload[params1-400-partner]",""
"passed","Fri Jan 02 00:59:54 UTC 2026","Fri Jan 02 00:59:55 UTC 2026","814","tests.admin_panel.slides","test_61_upload_slides_images","","","","test_upload_slide_images_invalid_id","Негативный тест: несуществующий ID слайда."
"passed","Fri Jan 02 00:33:09 UTC 2026","Fri Jan 02 00:33:09 UTC 2026","196","tests.admin_panel","test_accrue_auto_bonus","","","","test_accrue_auto_bonus_forbidden[client]",""
"skipped","Fri Jan 02 01:40:45 UTC 2026","Fri Jan 02 01:40:46 UTC 2026","985","tests.fund","test_get_top_donors","","","","test_get_top_donors_success[end-https://dev.ewahelps.com/api]",""
"passed","Fri Jan 02 00:32:29 UTC 2026","Fri Jan 02 00:32:30 UTC 2026","850","tests.admin_panel","test_04_generate_support_token","","","","test_invalid_user_id_for_token_returns_client_error[1.23]",""
"passed","Fri Jan 02 01:05:23 UTC 2026","Fri Jan 02 01:05:23 UTC 2026","198","tests.cart","test_01_user_locale","","","","test_update_user_locale_invalid_payload[client-payload0-400]","Негативный тест: обновление локали с невалидным payload."
"passed","Fri Jan 02 01:23:44 UTC 2026","Fri Jan 02 01:23:44 UTC 2026","556","tests.catalog","test_get_items_list","","","","test_get_items_list_success[client]","
    Позитивный тест: успешное получение списка атомарных товаров
    "
"passed","Fri Jan 02 01:43:50 UTC 2026","Fri Jan 02 01:43:51 UTC 2026","605","tests.one_c","test_create_1c_stock","","","","test_post_bad_request_or_unprocessable[<lambda>8]",""
"passed","Fri Jan 02 01:59:08 UTC 2026","Fri Jan 02 01:59:09 UTC 2026","1597","tests.tickets","test_04_create_ticket","","","","test_create_ticket_success[admin-attachments2-QuestionsAboutTheWorkOfTheStructureAndMentors]","Позитивный тест: создание тикета с разными темами и вложениями для клиента, партнера и админа"
"passed","Fri Jan 02 01:33:07 UTC 2026","Fri Jan 02 01:33:12 UTC 2026","5480","tests.delivery","test_03_delete_delivery_address","","","","test_delete_delivery_address_permissions[authorize_client-authorize_client-False]","Права доступа при удалении адресов"
"passed","Fri Jan 02 01:54:24 UTC 2026","Fri Jan 02 01:54:25 UTC 2026","766","tests.tickets","test_04_create_ticket","","","","test_create_ticket_success[partner-attachments0-QuestionsAboutTheHousingAndCarProgram]","Позитивный тест: создание тикета с разными темами и вложениями для клиента, партнера и админа"
"passed","Fri Jan 02 00:44:58 UTC 2026","Fri Jan 02 00:44:58 UTC 2026","193","tests.admin_panel.products","test_39_get_product_brands","","","","test_get_product_brands_forbidden[client]","Негативный тест: получение списка брендов не админом."
"passed","Fri Jan 02 00:51:43 UTC 2026","Fri Jan 02 00:51:44 UTC 2026","1269","tests.admin_panel.promo","test_77_create_promotion_item","","","","test_create_promotion_item_forbidden[client]","Негативный тест: создание элемента акции не-админом запрещено."
"passed","Fri Jan 02 00:38:17 UTC 2026","Fri Jan 02 00:38:17 UTC 2026","826","tests.admin_panel.categories","test_81_delete_category_translation","","","","test_delete_category_translation_invalid_id[0]","Негативный тест: удаление перевода с невалидным ID категории."
"skipped","Fri Jan 02 00:23:23 UTC 2026","Fri Jan 02 00:23:23 UTC 2026","0","tests.PROJECT_EDUCATION.orders","test_get_order_by_id","","","","test_get_order_by_id_unauthorized__returns_error[headers1]","
    Негатив: без Authorization ожидаем 401/403
    "
"passed","Fri Jan 02 01:23:50 UTC 2026","Fri Jan 02 01:23:51 UTC 2026","1135","tests.catalog","test_get_items_list","","","","test_get_items_list_unauthorized",""
"skipped","Fri Jan 02 01:16:36 UTC 2026","Fri Jan 02 01:16:37 UTC 2026","611","tests.cart","test_18_cart_available_countries","","","","test_cart_available_countries_unauthorized","Негатив: вызов без авторизации/корзины."
"passed","Fri Jan 02 01:53:11 UTC 2026","Fri Jan 02 01:53:13 UTC 2026","1791","tests.tickets","test_04_create_ticket","","","","test_create_ticket_success[client-attachments1-ReceivingDefectiveProductsOrShortage]","Позитивный тест: создание тикета с разными темами и вложениями для клиента, партнера и админа"
"passed","Fri Jan 02 01:03:00 UTC 2026","Fri Jan 02 01:03:01 UTC 2026","1017","tests.admin_panel.users","test_post_admin_users_exclusive_preorder_permissions","","","","test_post_exclusive_preorder_permissions_validation_errors_400[payload1]","
    Негатив: некорректный payload
    "
"skipped","Fri Jan 02 00:44:55 UTC 2026","Fri Jan 02 00:44:55 UTC 2026","0","tests.admin_panel.products","test_0_create_product","","","","test_create_product",""
"skipped","Fri Jan 02 01:22:39 UTC 2026","Fri Jan 02 01:22:39 UTC 2026","0","tests.catalog","test_exclusive_preorder_products_by_id","","","","test_products_by_id_exclusive_in_stock_with_permission[partner]","
    Позитив:
      - берём product_id+item_id по /products/list (exclusive)
      - permission remaining_quantity=2
      - /products/{id} должен отдать availability слот для stock_id:
           is_exclusive_preorder_only==True (если поле есть)
           is_visible==True (если поле есть)
           in_stock==2 (если поле есть)
    "
"passed","Fri Jan 02 00:26:42 UTC 2026","Fri Jan 02 00:26:42 UTC 2026","200","tests.account","test_0_family_agreement_get","","","","test_get_family_agreement_positive[payload0-admin]","Позитивные тесты на получение данных о семейном соглашении"
"skipped","Fri Jan 02 01:50:34 UTC 2026","Fri Jan 02 01:50:34 UTC 2026","0","tests.tickets","test_01_get_tickets","","","","test_get_tickets_success[filter0-sort0-search2-pagination1-partner]","Позитивный тест: получение списка тикетов с разными комбинациями параметров"
"skipped","Fri Jan 02 01:05:22 UTC 2026","Fri Jan 02 01:05:22 UTC 2026","0","tests.cart","test_01_user_locale","","","","test_update_user_locale_valid_payload[payload2]","
    Позитивный тест: Обновление языка/склада/локали НЕавторизованным пользователем с указанной корзиной в cookie.
    "
"passed","Fri Jan 02 00:52:17 UTC 2026","Fri Jan 02 00:52:18 UTC 2026","781","tests.admin_panel.promo","test_77_create_promotion_item","","","","test_create_promotion_item_invalid_ids[None-1-404]",""
"passed","Fri Jan 02 00:24:59 UTC 2026","Fri Jan 02 00:24:59 UTC 2026","787","tests.PROJECT_EDUCATION.test_system","test_04_finish_test","","","","test_finish_test_invalid_id__400_or_404[None]",""
"passed","Fri Jan 02 01:20:53 UTC 2026","Fri Jan 02 01:20:58 UTC 2026","5879","tests.catalog","test_create_admin_product_translation","","","","test_create_admin_product_translation_success[kk]","Создание и обновление перевода продукта на разных языках."
"passed","Fri Jan 02 01:16:04 UTC 2026","Fri Jan 02 01:16:04 UTC 2026","609","tests.cart","test_14_cart_update_personal_data","","","","test_update_personal_data_unauthorized","Негатив: без токена → 400"
"failed","Fri Jan 02 00:24:34 UTC 2026","Fri Jan 02 00:24:36 UTC 2026","1920","tests.PROJECT_EDUCATION.test_system","test_03_user_answers","","","","test_user_answers_invalid_payload__400_or_422[payload2]",""
"passed","Fri Jan 02 01:53:24 UTC 2026","Fri Jan 02 01:53:26 UTC 2026","1598","tests.tickets","test_04_create_ticket","","","","test_create_ticket_success[client-attachments2-QuestionsAboutPaymentsToIP]","Позитивный тест: создание тикета с разными темами и вложениями для клиента, партнера и админа"
"passed","Fri Jan 02 01:43:01 UTC 2026","Fri Jan 02 01:43:03 UTC 2026","1972","tests.one_c","test_create_1c_stock","","","","test_timezone_same_name_same_offset_reuses_existing",""
"skipped","Fri Jan 02 01:50:34 UTC 2026","Fri Jan 02 01:50:34 UTC 2026","0","tests.tickets","test_01_get_tickets","","","","test_get_tickets_success[filter2-sort0-search0-pagination0-admin]","Позитивный тест: получение списка тикетов с разными комбинациями параметров"
"passed","Fri Jan 02 00:43:27 UTC 2026","Fri Jan 02 00:43:27 UTC 2026","598","tests.admin_panel.periods","test_post_periods_by_date","","","","test_post_periods_by_date__unauthorized",""
"passed","Fri Jan 02 00:47:12 UTC 2026","Fri Jan 02 00:47:13 UTC 2026","1226","tests.admin_panel.products","test_43_delete_product_brand","","","","test_delete_product_brand_forbidden[partner]","Негативный тест: попытка удаления бренда не-админом."
"passed","Fri Jan 02 01:49:43 UTC 2026","Fri Jan 02 01:49:43 UTC 2026","203","tests.stock","test_get_stock_by_id","","","","test_get_stock_by_id[client]","Запрос склада по ID"
"skipped","Fri Jan 02 01:50:34 UTC 2026","Fri Jan 02 01:50:34 UTC 2026","0","tests.tickets","test_01_get_tickets","","","","test_get_tickets_success[filter0-sort1-search0-pagination1-partner]","Позитивный тест: получение списка тикетов с разными комбинациями параметров"
"passed","Fri Jan 02 00:56:14 UTC 2026","Fri Jan 02 00:56:14 UTC 2026","197","tests.admin_panel.slides","test_57_create_slide","","","","test_create_slide_forbidden[client]","Негативный тест: создание слайда не-админом запрещено."
"passed","Fri Jan 02 00:58:28 UTC 2026","Fri Jan 02 00:58:29 UTC 2026","1245","tests.admin_panel.slides","test_59_update_slide","","","","test_update_slide_invalid_payload[payload4-expected_code4]","Негативный тест: обновление слайда с невалидным или неполным телом запроса."
"skipped","Fri Jan 02 01:49:24 UTC 2026","Fri Jan 02 01:49:24 UTC 2026","0","tests.stock","test_create_stock","","","","test_create_stock_with_empty_string_log_if_not_200[city]",""
"passed","Fri Jan 02 00:33:45 UTC 2026","Fri Jan 02 00:33:45 UTC 2026","202","tests.admin_panel","test_partner_accrual_details_main_bonus","","","","test_main_bonus_details_forbidden_to_non_admin[client]","
    Негатив: клиент/партнёр стучится в /admin/partner-accrual-details/main-bonus → 403
    "
"skipped","Fri Jan 02 01:47:05 UTC 2026","Fri Jan 02 01:47:05 UTC 2026","221","tests.register","test_01_register_form","","","","test_register_form_negative[partner-payload2-400]",""
"skipped","Fri Jan 02 01:35:36 UTC 2026","Fri Jan 02 01:35:36 UTC 2026","358","tests.delivery","test_get_cities_v2","","","","test_get_cities_v2_invalid_country_id_should_fail[1.5-admin]","
    Негатив: невалидные значения country_id → 400/422.
    "
"passed","Fri Jan 02 00:48:32 UTC 2026","Fri Jan 02 00:48:36 UTC 2026","3419","tests.admin_panel.products","test_44_upload_product_brand_images","","","","test_upload_product_brand_images_various_fields[5.3-fields_to_send5-400]","Негативный тест. Загрузка слишком большого изображения."
"passed","Fri Jan 02 00:56:40 UTC 2026","Fri Jan 02 00:56:41 UTC 2026","829","tests.admin_panel.slides","test_57_create_slide","","","","test_create_slide_invalid_payload[payload12-400]","Негативные тесты: некорректные и неполные payload'ы."
"passed","Fri Jan 02 01:16:57 UTC 2026","Fri Jan 02 01:16:57 UTC 2026","621","tests.cart","test_21_cart_shareable","","","","test_cart_shareable_unauthorized_after_logout[client]","
    Негатив: ссылка создана авторизованным пользователем, затем пользователь разлогинен
    и пытается открыть корзину по этой ссылке — запрос считается неавторизованным.
    "
"passed","Fri Jan 02 00:24:14 UTC 2026","Fri Jan 02 00:24:15 UTC 2026","796","tests.PROJECT_EDUCATION.test_system","test_03_user_answers","","","","test_user_answers_invalid_id__400_or_404[0]",""
"skipped","Fri Jan 02 01:40:40 UTC 2026","Fri Jan 02 01:40:40 UTC 2026","200","tests.for_test","test_get_last_message","","","","test_get_last_message[client]","Ручка для получения последнего сообщения для юзеров в тестовой среде"
"passed","Fri Jan 02 00:54:29 UTC 2026","Fri Jan 02 00:54:31 UTC 2026","1234","tests.admin_panel.sliders","test_54_update_slider","","","","test_update_slider_invalid_payload[payload0-expected_code0]","Негативный тест: обновление слайдера с невалидным или неполным телом запроса."
"passed","Fri Jan 02 00:28:58 UTC 2026","Fri Jan 02 00:28:59 UTC 2026","821","tests.account","test_add_cover_url","","","","test_add_cover_invalid_payload[payload1]",""
"failed","Fri Jan 02 01:42:03 UTC 2026","Fri Jan 02 01:42:09 UTC 2026","5806","tests.integration","test_order_pickup_ru","","","","test_order_pickup_ru[FivePost]",""
"passed","Fri Jan 02 00:33:25 UTC 2026","Fri Jan 02 00:33:25 UTC 2026","197","tests.admin_panel","test_partner_accrual_details_common","","","","test_common_accrual_details_forbidden_to_non_admin[partner]","
    Негатив: клиент/партнёр стучится в админ-ручку общей детализации → 403
    "
"passed","Fri Jan 02 00:45:14 UTC 2026","Fri Jan 02 00:45:15 UTC 2026","816","tests.admin_panel.products","test_40_create_product_brand","","","","test_create_product_brand_invalid_payload[payload0-expected_codes0]","Негативные кейсы: невалидные поля при создании бренда."
"passed","Fri Jan 02 00:49:37 UTC 2026","Fri Jan 02 00:49:38 UTC 2026","816","tests.admin_panel.promo","test_73_get_promotion_by_id","","","","test_get_promotion_invalid_id[0]","Негативный тест: получение акции по невалидному ID."
"passed","Fri Jan 02 01:17:50 UTC 2026","Fri Jan 02 01:17:53 UTC 2026","2700","tests.cart","test_23_cart_calculate_delivery_flag","","","","test_delete_cart_item_with_calculate_delivery_false[partner]","
    Позитив: /cart/delete с calculate_delivery=false
    Позиция удаляется, advance_costs не считаются
    "
"passed","Fri Jan 02 01:25:04 UTC 2026","Fri Jan 02 01:25:05 UTC 2026","196","tests.catalog","test_product_get_by_slug","","","","test_get_product_by_slug_wrong_method[delete-client]","
    Негативный: неверный HTTP-метод для GET /products/{slug}
    "
"passed","Fri Jan 02 01:02:49 UTC 2026","Fri Jan 02 01:02:50 UTC 2026","396","tests.admin_panel.users","test_post_admin_users_exclusive_preorder_permissions","","","","test_post_exclusive_preorder_permissions_requires_admin[partner]","
    клиент/партнёр не могут управлять exclusive preorder permissions → 403
    "
"passed","Fri Jan 02 01:19:06 UTC 2026","Fri Jan 02 01:19:10 UTC 2026","4916","tests.catalog","test_create_admin_product","","","","test_create_admin_product_minimal_payload_variants[slug+categories+category_ids]",""
"passed","Fri Jan 02 00:25:07 UTC 2026","Fri Jan 02 00:25:08 UTC 2026","794","tests.PROJECT_EDUCATION.test_system","test_05_get_info","","","","test_get_info__200","Позитив: GET /test-system/test/{id} -> 200 и test.id совпадает"
"skipped","Fri Jan 02 02:00:23 UTC 2026","Fri Jan 02 02:00:23 UTC 2026","0","tests.tickets","test_04_create_ticket","","","","test_create_ticket_invalid_attachment[client]","Негативный тест: попытка загрузки вложения с некорректными данными"
"passed","Fri Jan 02 01:40:06 UTC 2026","Fri Jan 02 01:40:06 UTC 2026","201","tests.delivery","test_self_pickup_offices","","","","test_self_pickup_offices_invalid_params[client-params2]","
    Негатив: невалидные параметры -> 400 с телом ошибки.
    "
"failed","Fri Jan 02 01:33:25 UTC 2026","Fri Jan 02 01:33:28 UTC 2026","3153","tests.delivery","test_03_delete_delivery_address","","","","test_delete_delivery_address_permissions[authorize_partner-authorize_admin-True]","Права доступа при удалении адресов"
"passed","Fri Jan 02 01:03:19 UTC 2026","Fri Jan 02 01:03:20 UTC 2026","1062","tests.admin_panel.users","test_post_admin_users_exclusive_preorder_permissions","","","","test_post_exclusive_preorder_permissions_validation_errors_400[payload8]","
    Негатив: некорректный payload
    "
"skipped","Fri Jan 02 00:29:42 UTC 2026","Fri Jan 02 00:29:42 UTC 2026","0","tests.account","test_pass_change","","","","test_change_password_positive[partner-payload0]","Позитивные тесты на изменение пароля"
"passed","Fri Jan 02 01:46:38 UTC 2026","Fri Jan 02 01:46:38 UTC 2026","754","tests.promo_time.new_year_lottery","test_new_year_lottery_info","","","","test_get_new_year_lottery_info_empty[partner]","
    ккорректная форма ответа
    "
"passed","Fri Jan 02 00:39:01 UTC 2026","Fri Jan 02 00:39:02 UTC 2026","1015","tests.admin_panel.items","test_create_item","","","","test_create_item_invalid_payload[payload8-expected_code8]","
    Негативный тест: создание варианта с невалидным телом запроса.
    Если сервер внезапно вернул успех — удаляем созданный item из БД.
    "
"passed","Fri Jan 02 02:02:24 UTC 2026","Fri Jan 02 02:02:25 UTC 2026","1230","tests.tickets","test_11_update_message","","","","test_update_message_validation[partner-update_payload0-403]","Негативные тесты: невалидные поля при редактировании сообщения"
"passed","Fri Jan 02 01:15:32 UTC 2026","Fri Jan 02 01:15:32 UTC 2026","605","tests.cart","test_12_cart_estimate_delivery","","","","test_estimate_delivery_unauthorized","Негатив: вызов без авторизации/корзины"
"passed","Fri Jan 02 00:49:09 UTC 2026","Fri Jan 02 00:49:09 UTC 2026","793","tests.admin_panel.promo","test_72_create_promotion","","","","test_create_promotion_invalid_data[payload10-422]","Негативные тесты: невалидные данные"
"passed","Fri Jan 02 01:23:34 UTC 2026","Fri Jan 02 01:23:34 UTC 2026","577","tests.catalog","test_get_currencies","","","","test_get_currencies_unauthorized","запрос без авторизации. 200"
"passed","Fri Jan 02 00:56:49 UTC 2026","Fri Jan 02 00:56:50 UTC 2026","785","tests.admin_panel.slides","test_57_create_slide","","","","test_create_slide_invalid_payload[payload17-422]","Негативные тесты: некорректные и неполные payload'ы."
"skipped","Fri Jan 02 01:38:15 UTC 2026","Fri Jan 02 01:38:15 UTC 2026","197","tests.delivery","test_get_georgian_post_pickup_points","","","","test_get_georgian_post_pickup_points_invalid_city_id_should_fail[0-admin]","Негатив: невалидные значения city_id → 400/422."
"passed","Fri Jan 02 00:50:39 UTC 2026","Fri Jan 02 00:50:40 UTC 2026","1239","tests.admin_panel.promo","test_74_update_promotion","","","","test_update_promotion_invalid_payload[payload8-400]","Негативный тест: обновление акции с невалидным или неполным телом запроса."
"skipped","Fri Jan 02 01:15:59 UTC 2026","Fri Jan 02 01:15:59 UTC 2026","193","tests.cart","test_14_cart_update_personal_data","","","","test_update_personal_data_invalid_payload[partner-payload0]","
    Негатив: отсутствующие обязательные поля или невалидные значения
    "
"skipped","Fri Jan 02 01:36:16 UTC 2026","Fri Jan 02 01:36:16 UTC 2026","197","tests.delivery","test_get_delivery_countries","","","","test_get_delivery_countries_invalid_from[None-admin]","Негатив: невалидные значения параметра from → 400/422."
"passed","Fri Jan 02 00:24:00 UTC 2026","Fri Jan 02 00:24:01 UTC 2026","842","tests.PROJECT_EDUCATION.test_system","test_02_get_question","","","","test_get_question_invalid_id__400_or_404[1.5]",""
"skipped","Fri Jan 02 01:18:35 UTC 2026","Fri Jan 02 01:18:35 UTC 2026","0","tests.cart","test_exclusive_preorder_cart_update","","","","test_cart_update_checks_quantity_after_permission_400[partner]","
    Позитив+негатив
      - permission remaining_quantity=1
      - quantity=1 -> 200
      - quantity=2 -> 400
    "
"passed","Fri Jan 02 01:02:30 UTC 2026","Fri Jan 02 01:02:31 UTC 2026","1013","tests.admin_panel.users","test_delete_admin_users_exclusive_preorder_permissions","","","","test_delete_exclusive_preorder_permissions_validation_error_400[payload2]","
    Негатив: некорректный item_id
    "
"passed","Fri Jan 02 01:55:06 UTC 2026","Fri Jan 02 01:55:07 UTC 2026","1792","tests.tickets","test_04_create_ticket","","","","test_create_ticket_success[partner-attachments1-QuestionsAboutPaymentsToIP]","Позитивный тест: создание тикета с разными темами и вложениями для клиента, партнера и админа"
"skipped","Fri Jan 02 01:50:10 UTC 2026","Fri Jan 02 01:50:11 UTC 2026","569","tests.stock","test_get_stocks","","","","test_get_stocks_invalid_country_id[1.5-admin]","Проверка получения складов по невалидному country_id"
"passed","Fri Jan 02 01:42:53 UTC 2026","Fri Jan 02 01:42:55 UTC 2026","2212","tests.one_c","test_create_1c_stock","","","","test_flags_is_enabled_can_group_order_roundtrip",""
"failed","Fri Jan 02 01:46:27 UTC 2026","Fri Jan 02 01:46:31 UTC 2026","4273","tests.promo_time.new_year_lottery","test_new_year_lottery_calculation","","","","test_orders_calculation_has_no_lottery_fields_when_inactive","
    Негатив:
    - явно выключаем акцию
    - купоны не считаются → поля с количеством купонов нет
    - поле remaining_sum_for_next_new_year_lottery_coupon может присутствовать
    "
"skipped","Fri Jan 02 01:49:24 UTC 2026","Fri Jan 02 01:49:24 UTC 2026","0","tests.stock","test_create_stock","","","","test_create_stock_with_empty_string_log_if_not_200[name]",""
"passed","Fri Jan 02 00:53:31 UTC 2026","Fri Jan 02 00:53:32 UTC 2026","846","tests.admin_panel.sliders","test_52_create_slider","","","","test_create_slider_invalid_payload[payload10-422]","Негативный тест: попытка создать слайдер с невалидным payload."
"passed","Fri Jan 02 00:53:33 UTC 2026","Fri Jan 02 00:53:33 UTC 2026","840","tests.admin_panel.sliders","test_52_create_slider","","","","test_create_slider_invalid_payload[payload11-422]","Негативный тест: попытка создать слайдер с невалидным payload."
"passed","Fri Jan 02 01:16:53 UTC 2026","Fri Jan 02 01:16:53 UTC 2026","186","tests.cart","test_21_cart_shareable","","","","test_cart_shareable_not_found[client]","
    Граничный кейс: запрос по заведомо несуществующей ссылке.
    Ожидаем 4xx (обычно 404).
    "
"passed","Fri Jan 02 01:56:25 UTC 2026","Fri Jan 02 01:56:27 UTC 2026","1637","tests.tickets","test_04_create_ticket","","","","test_create_ticket_success[partner-attachments2-QuestionsAboutTheWorkOfTheStructureAndMentors]","Позитивный тест: создание тикета с разными темами и вложениями для клиента, партнера и админа"
"passed","Fri Jan 02 01:07:35 UTC 2026","Fri Jan 02 01:07:43 UTC 2026","7389","tests.cart","test_04_cart_full_data","","","","test_cart_full_data_calculate_delivery_true[partner]","
    Позитив: calculate_delivery=true → явный расчёт доставки. advance_costs должны быть заполнены
    "
"passed","Fri Jan 02 01:09:04 UTC 2026","Fri Jan 02 01:09:05 UTC 2026","511","tests.cart","test_08_cart_delete","","","","test_delete_cart_item_invalid_payload[partner-payload0]","Негатив: невалидный payload при удалении позиции."
"passed","Fri Jan 02 00:48:08 UTC 2026","Fri Jan 02 00:48:11 UTC 2026","3002","tests.admin_panel.products","test_44_upload_product_brand_images","","","","test_upload_product_brand_images_various_fields[5.3-fields_to_send1-400]","Негативный тест. Загрузка слишком большого изображения."
"passed","Fri Jan 02 02:02:35 UTC 2026","Fri Jan 02 02:02:37 UTC 2026","2096","tests.tickets","test_12_delete_message","","","","test_delete_ticket_message_admin","Позитивный тест: админ удаляет своё сообщение в тикете"
"passed","Fri Jan 02 00:50:26 UTC 2026","Fri Jan 02 00:50:27 UTC 2026","1231","tests.admin_panel.promo","test_74_update_promotion","","","","test_update_promotion_invalid_payload[payload4-400]","Негативный тест: обновление акции с невалидным или неполным телом запроса."
"passed","Fri Jan 02 01:10:24 UTC 2026","Fri Jan 02 01:10:25 UTC 2026","630","tests.cart","test_11_cart_save_delivery_method","","","","test_save_delivery_method_success[client-Fargo]","
    Позитив: сохранение способа доставки для всех значений без корзины
    "
"skipped","Fri Jan 02 00:35:17 UTC 2026","Fri Jan 02 00:35:17 UTC 2026","0","tests.admin_panel.categories","test_50_upload_category_images","","","","test_upload_category_images_invalid_format[invalid.pdf-application/pdf-400]","Негативный тест: загрузка изображений в неверном формате (например, .txt)."
"passed","Fri Jan 02 01:50:42 UTC 2026","Fri Jan 02 01:50:42 UTC 2026","197","tests.tickets","test_01_get_tickets","","","","test_get_tickets_invalid_pagination[invalid_pagination1-client]","Негативный тест: передаем некорректные значения в pagination"
"passed","Fri Jan 02 00:55:57 UTC 2026","Fri Jan 02 00:55:57 UTC 2026","188","tests.admin_panel.slides","test_0_slides_sort","","","","test_slides_sort_by_id_forbidden[partner]","Негативный тест: не админом."
"passed","Fri Jan 02 01:32:51 UTC 2026","Fri Jan 02 01:32:52 UTC 2026","196","tests.delivery","test_02_get_delivery_address","","","","test_get_delivery_addresses_invalid_pagination[invalid_pagination3-client]","Негатив: некорректные параметры пагинации"
"passed","Fri Jan 02 00:53:29 UTC 2026","Fri Jan 02 00:53:30 UTC 2026","782","tests.admin_panel.sliders","test_52_create_slider","","","","test_create_slider_invalid_payload[payload9-400]","Негативный тест: попытка создать слайдер с невалидным payload."
"passed","Fri Jan 02 00:31:52 UTC 2026","Fri Jan 02 00:31:53 UTC 2026","836","tests.admin_panel","test_04_generate_support_token","","","","test_client_cannot_generate_support_token",""
"skipped","Fri Jan 02 01:50:34 UTC 2026","Fri Jan 02 01:50:34 UTC 2026","0","tests.tickets","test_01_get_tickets","","","","test_get_tickets_success[filter1-sort0-search0-pagination1-admin]","Позитивный тест: получение списка тикетов с разными комбинациями параметров"
"passed","Fri Jan 02 00:31:01 UTC 2026","Fri Jan 02 00:31:02 UTC 2026","826","tests.admin_panel","test_02_support_users_list","","","","test_admin_gets_support_users_list_with_navigation","
    GET /admin/support-users?page=0&page_size=20
    "
"passed","Fri Jan 02 00:42:55 UTC 2026","Fri Jan 02 00:42:56 UTC 2026","197","tests.admin_panel.periods","test_get_period_by_id","","","","test_get_period_by_id__invalid_id_400_404[admin-1 2]",""
"passed","Fri Jan 02 01:39:47 UTC 2026","Fri Jan 02 01:39:48 UTC 2026","617","tests.delivery","test_mongpost_postcodes","","","","test_mongpost_postcodes_unauthorized","Негативный тест: запрос без авторизации."
"skipped","Fri Jan 02 00:27:49 UTC 2026","Fri Jan 02 00:27:49 UTC 2026","0","tests.account","test_account_branded_wallet_get","","","","test_get_invalid_period_returns_422[period2-partner]","
    Негатив: невалидные month/year → 422.
    "
"passed","Fri Jan 02 01:31:51 UTC 2026","Fri Jan 02 01:31:54 UTC 2026","3078","tests.delivery","test_01_save_delivery_address","","","","test_save_delivery_address_negative[partner-payload9-500]","Негативные тесты на сохранение адреса доставки"
"passed","Fri Jan 02 01:35:45 UTC 2026","Fri Jan 02 01:35:45 UTC 2026","199","tests.delivery","test_get_delivery_countries","","","","test_get_delivery_countries_success[None-client]","Позитив: успешное получение списка стран с разными значениями ?from=."
"passed","Fri Jan 02 00:57:55 UTC 2026","Fri Jan 02 00:57:56 UTC 2026","810","tests.admin_panel.slides","test_59_update_slide","","","","test_update_slide_success","Позитивный тест: успешное обновление слайда (все поля)."
"passed","Fri Jan 02 00:44:50 UTC 2026","Fri Jan 02 00:44:52 UTC 2026","2520","tests.admin_panel.products","test_03_recommended_products_delete","","","","test_remove_recommendation_db_no_rights[partner]","Пользователь без прав пытается удалить рекомендации."
"passed","Fri Jan 02 00:45:56 UTC 2026","Fri Jan 02 00:45:56 UTC 2026","817","tests.admin_panel.products","test_41_get_product_brand_by_id","","","","test_get_product_brand_invalid_id[-1]","Негативный тест: получение бренда по невалидному ID"
"skipped","Fri Jan 02 01:36:29 UTC 2026","Fri Jan 02 01:36:30 UTC 2026","592","tests.delivery","test_get_delivery_regions","","","","test_get_delivery_regions_unauthorized","Негатив: запрос без авторизации."
"passed","Fri Jan 02 00:53:37 UTC 2026","Fri Jan 02 00:53:39 UTC 2026","1178","tests.admin_panel.sliders","test_52_create_slider","","","","test_create_slider_should_fail_on_duplicate","Негативный тест: дублирование уникальных полей слайдера."
"passed","Fri Jan 02 00:35:51 UTC 2026","Fri Jan 02 00:35:52 UTC 2026","1227","tests.admin_panel.categories","test_57_v2_update_category","","","","test_v2_update_category_forbidden[client]","Негативный тест: попытка обновления категории не-админом."
"passed","Fri Jan 02 00:50:43 UTC 2026","Fri Jan 02 00:50:44 UTC 2026","1243","tests.admin_panel.promo","test_74_update_promotion","","","","test_update_promotion_invalid_payload[payload9-422]","Негативный тест: обновление акции с невалидным или неполным телом запроса."
"passed","Fri Jan 02 01:07:00 UTC 2026","Fri Jan 02 01:07:00 UTC 2026","237","tests.cart","test_03_cart_get","","","","test_get_cart_success[client]","Позитив: получение текущей корзины."
"skipped","Fri Jan 02 00:33:21 UTC 2026","Fri Jan 02 00:33:21 UTC 2026","0","tests.admin_panel","test_accrue_presidential_pool","","","","test_accrue_presidential_pool_invalid_payload[payload2-400]",""
"skipped","Fri Jan 02 01:50:34 UTC 2026","Fri Jan 02 01:50:34 UTC 2026","0","tests.tickets","test_01_get_tickets","","","","test_get_tickets_success[filter1-sort0-search1-pagination1-partner]","Позитивный тест: получение списка тикетов с разными комбинациями параметров"
"passed","Fri Jan 02 01:26:54 UTC 2026","Fri Jan 02 01:26:54 UTC 2026","824","tests.catalog","test_update_admin_product","","","","test_update_admin_product_invalid_id[9999999]",""
"passed","Fri Jan 02 01:24:03 UTC 2026","Fri Jan 02 01:24:03 UTC 2026","197","tests.catalog","test_get_items_list_all","","","","test_get_items_list_all_wrong_method[put]",""
"skipped","Fri Jan 02 01:47:35 UTC 2026","Fri Jan 02 01:47:35 UTC 2026","0","tests.sockets","test_tickets_end_to_end_from_support_chat","","","","test_ticket_created_from_support_chat_flow[partner]","
      - создаём 3 сообщения через /support-chat/create
      - вызываем /support-chat/ticket
      - тикет должен быть создан, ticket_id > 0
    "
"skipped","Fri Jan 02 00:35:17 UTC 2026","Fri Jan 02 00:35:17 UTC 2026","0","tests.admin_panel.categories","test_50_upload_category_images","","","","test_upload_category_images_file_too_large[5.3-fields_to_send5-400]","Негативный тест: загрузка слишком большого изображения."
"skipped","Fri Jan 02 00:35:17 UTC 2026","Fri Jan 02 00:35:17 UTC 2026","0","tests.admin_panel.categories","test_50_upload_category_images","","","","test_upload_category_images_forbidden[partner]","Негативный тест: неадмин не может загрузить изображения категории."
"passed","Fri Jan 02 01:34:21 UTC 2026","Fri Jan 02 01:34:22 UTC 2026","190","tests.delivery","test_get_cargo_offices","","","","test_get_cargo_offices_success[521-client]",""
"skipped","Fri Jan 02 00:29:54 UTC 2026","Fri Jan 02 00:29:55 UTC 2026","664","tests.account","test_post_downgrade_user","","","","test_downgrade_is_idempotent[admin]","
    Идемпотентность: повторный /admin/downgrade_user остаётся в GradeClient.
    "
"passed","Fri Jan 02 00:34:35 UTC 2026","Fri Jan 02 00:34:37 UTC 2026","1828","tests.admin_panel.categories","test_47_get_categories_by_id","","","","test_get_categories_by_id_forbidden[partner]","Негативный тест: получение категории по ID не-админом."
"passed","Fri Jan 02 01:03:41 UTC 2026","Fri Jan 02 01:03:42 UTC 2026","603","tests.auth","test_01_check_version","","","","test_check_version[-1.0.0-400]","Тест проверяет API /check_version для разных платформ и версий."
"passed","Fri Jan 02 01:00:00 UTC 2026","Fri Jan 02 01:00:02 UTC 2026","1505","tests.admin_panel.slides","test_61_upload_slides_images","","","","test_upload_slide_images_invalid_format[invalid.pdf-application/pdf-400]","Негативный и позитивный тест: загрузка изображений в разных форматах."
"passed","Fri Jan 02 01:59:34 UTC 2026","Fri Jan 02 01:59:35 UTC 2026","1585","tests.tickets","test_04_create_ticket","","","","test_create_ticket_success[admin-attachments2-ReceivingDefectiveProducts]","Позитивный тест: создание тикета с разными темами и вложениями для клиента, партнера и админа"
"passed","Fri Jan 02 01:49:56 UTC 2026","Fri Jan 02 01:49:56 UTC 2026","196","tests.stock","test_get_stock_by_id","","","","test_get_stock_by_nonexistent_id[admin]","Запрос склада по несуществующему ID — ожидаем 404"
"skipped","Fri Jan 02 00:29:42 UTC 2026","Fri Jan 02 00:29:42 UTC 2026","0","tests.account","test_history_group_volumes_admin","","","","test_get_group_volumes_history_admin_positive[admin-payload0]","Позитивные тесты на получение истории начисления групповых объемов для админа"
"passed","Fri Jan 02 00:25:50 UTC 2026","Fri Jan 02 00:25:52 UTC 2026","1619","tests.PROJECT_FUND.donation","test_get_donation_last","","","","test_get_donation_last[https://dev.ewahelps.com/api]","Позитивный тест: получение топ-100 пожертвований (страница 0)."
"passed","Fri Jan 02 01:23:21 UTC 2026","Fri Jan 02 01:23:22 UTC 2026","785","tests.catalog","test_get_admin_product_translation","","","","test_get_admin_product_translation_invalid_id[0]","Проверка получения перевода по невалидному product_id."
"passed","Fri Jan 02 01:34:50 UTC 2026","Fri Jan 02 01:34:50 UTC 2026","195","tests.delivery","test_get_cdek_offices","","","","test_get_cdek_offices_invalid_city_id_should_fail[1.5-admin]",""
"passed","Fri Jan 02 01:50:12 UTC 2026","Fri Jan 02 01:50:12 UTC 2026","198","tests.stock","test_get_stocks","","","","test_get_stocks_country_id_not_found[admin]","Проверка получения складов по несуществующему country_id"
"skipped","Fri Jan 02 01:50:34 UTC 2026","Fri Jan 02 01:50:34 UTC 2026","0","tests.tickets","test_01_get_tickets","","","","test_get_tickets_success[filter1-sort0-search0-pagination0-admin]","Позитивный тест: получение списка тикетов с разными комбинациями параметров"
"skipped","Fri Jan 02 01:49:11 UTC 2026","Fri Jan 02 01:49:11 UTC 2026","196","tests.statistic","test_team_registrations","","","","test_get_team_registration_statistic_negative[payload0-partner]","Негативный тест: ошибка при получении статистики регистрации команды с невалидным телом запроса"
"skipped","Fri Jan 02 01:39:44 UTC 2026","Fri Jan 02 01:39:44 UTC 2026","197","tests.delivery","test_mongpost_postcodes","","","","test_mongpost_postcodes_invalid_city_id[0-admin]","Негативный тест: невалидные значения city_id → 400/422"
"passed","Fri Jan 02 00:43:16 UTC 2026","Fri Jan 02 00:43:17 UTC 2026","604","tests.admin_panel.periods","test_get_periods_list","","","","test_get_periods_list__unauthorized",""
"passed","Fri Jan 02 00:46:15 UTC 2026","Fri Jan 02 00:46:16 UTC 2026","1199","tests.admin_panel.products","test_42_update_product_brand","","","","test_update_product_brand_forbidden[client]","Негативный тест: попытка обновления бренда не-админом."
"skipped","Fri Jan 02 01:40:51 UTC 2026","Fri Jan 02 01:40:52 UTC 2026","1040","tests.fund","test_get_top_donors","","","","test_get_top_donors_invalid_params[invalid_param0-https://dev.ewahelps.com/api]","Негатив: неверные параметры должны дать 400 (при рабочем маршруте)."
"passed","Fri Jan 02 00:26:21 UTC 2026","Fri Jan 02 00:26:22 UTC 2026","601","tests.PROJECT_FUND.initiatives","test_get_reports","","","","test_get_reports_with_query_params[query0-https://dev.ewahelps.com/api]","Позитивный тест: получение списка отчетов с query-параметрами"
"skipped","Fri Jan 02 02:01:48 UTC 2026","Fri Jan 02 02:01:49 UTC 2026","805","tests.tickets","test_09_get_ticket_messages","","","","test_get_ticket_messages_invalid_id_format[None]","Негативный тест: запрос с некорректным ID (строка, спецсимволы, пустое значение)"
"passed","Fri Jan 02 00:32:53 UTC 2026","Fri Jan 02 00:32:54 UTC 2026","807","tests.admin_panel","test_05_admin_support_users_token_revoke_all","","","","test_invalid_user_id_for_revoke_all_returns_client_error[None]",""
"passed","Fri Jan 02 01:53:20 UTC 2026","Fri Jan 02 01:53:22 UTC 2026","1771","tests.tickets","test_04_create_ticket","","","","test_create_ticket_success[client-attachments1-ReceivingProductsShortage]","Позитивный тест: создание тикета с разными темами и вложениями для клиента, партнера и админа"
"skipped","Fri Jan 02 01:48:42 UTC 2026","Fri Jan 02 01:48:42 UTC 2026","193","tests.statistic","test_team_go","","","","test_get_team_go_statistic_negative[payload1-client]","Негативный тест: ошибка при получении статистики по команде с невалидным телом запроса"
"passed","Fri Jan 02 01:47:33 UTC 2026","Fri Jan 02 01:47:34 UTC 2026","834","tests.register","test_03_register_client","","","","test_register_client_negative[payload3-400]","Тест: негативные тесты для регистрации клиента вручную"
"passed","Fri Jan 02 00:33:39 UTC 2026","Fri Jan 02 00:33:40 UTC 2026","794","tests.admin_panel","test_partner_accrual_details_common","","","","test_common_accrual_details_invalid_payload[payload5-expected_codes5]","
    Негатив: валидация тела запроса общей детализации.
    "
"passed","Fri Jan 02 02:01:14 UTC 2026","Fri Jan 02 02:01:16 UTC 2026","1833","tests.tickets","test_07_delete_ticket","","","","test_delete_ticket_positive","Позитивный тест: успешное удаление тикета"
"passed","Fri Jan 02 01:58:51 UTC 2026","Fri Jan 02 01:58:53 UTC 2026","1640","tests.tickets","test_04_create_ticket","","","","test_create_ticket_success[admin-attachments2-QuestionsAboutTheHousingAndCarProgram]","Позитивный тест: создание тикета с разными темами и вложениями для клиента, партнера и админа"
"skipped","Fri Jan 02 01:50:34 UTC 2026","Fri Jan 02 01:50:34 UTC 2026","0","tests.tickets","test_01_get_tickets","","","","test_get_tickets_success[filter0-sort0-search1-pagination0-admin]","Позитивный тест: получение списка тикетов с разными комбинациями параметров"
"passed","Fri Jan 02 00:36:27 UTC 2026","Fri Jan 02 00:36:28 UTC 2026","1223","tests.admin_panel.categories","test_57_v2_update_category","","","","test_v2_update_category_invalid_payload[payload6-422]","Негативный тест: обновление категории с невалидным или неполным телом запроса."
"passed","Fri Jan 02 00:31:25 UTC 2026","Fri Jan 02 00:31:26 UTC 2026","847","tests.admin_panel","test_03_support_delete_user","","","","test_invalid_id_returns_client_error[None]","
    Кривой/отсутствующий id в path:
    ожидаем клиентскую ошибку (400/404/405), а не 5xx.
    "
"passed","Fri Jan 02 01:36:19 UTC 2026","Fri Jan 02 01:36:19 UTC 2026","196","tests.delivery","test_get_delivery_regions","","","","test_get_delivery_regions_success[client]","Позитив: успешное получение списка регионов."
"passed","Fri Jan 02 01:56:54 UTC 2026","Fri Jan 02 01:56:56 UTC 2026","1590","tests.tickets","test_04_create_ticket","","","","test_create_ticket_success[partner-attachments2-ReceivingDefectiveProducts]","Позитивный тест: создание тикета с разными темами и вложениями для клиента, партнера и админа"
"passed","Fri Jan 02 01:52:19 UTC 2026","Fri Jan 02 01:52:20 UTC 2026","780","tests.tickets","test_04_create_ticket","","","","test_create_ticket_success[client-attachments0-ReceivingDefectiveProducts]","Позитивный тест: создание тикета с разными темами и вложениями для клиента, партнера и админа"
"passed","Fri Jan 02 01:48:16 UTC 2026","Fri Jan 02 01:48:16 UTC 2026","187","tests.statistic","test_team_go","","","","test_get_team_go_statistic_positive[payload0-partner]","Позитивный тест: получение статистики по команде с валидным телом запроса"
"passed","Fri Jan 02 01:06:49 UTC 2026","Fri Jan 02 01:06:50 UTC 2026","186","tests.cart","test_02_get_delivery_cost","","","","test_get_delivery_cost_invalid_payload[partner-payload2]","Негатив: некорректные входные данные."
"passed","Fri Jan 02 00:25:27 UTC 2026","Fri Jan 02 00:25:28 UTC 2026","787","tests.PROJECT_EDUCATION.test_system","test_06_get_result","","","","test_get_result_invalid_id__400_or_404[abc]",""
"skipped","Fri Jan 02 00:30:07 UTC 2026","Fri Jan 02 00:30:07 UTC 2026","1","tests.account","test_token_revoke","","","","test_revoke_token_positive[client-payload1]","Позитивные тесты на удаление токена"
"skipped","Fri Jan 02 00:43:37 UTC 2026","Fri Jan 02 00:43:37 UTC 2026","0","tests.admin_panel.products","test_01_create_product_group","","","","test_create_product_group_invalid_payload[payload1-400]",""
"skipped","Fri Jan 02 01:50:34 UTC 2026","Fri Jan 02 01:50:34 UTC 2026","0","tests.tickets","test_01_get_tickets","","","","test_get_tickets_success[filter1-sort0-search1-pagination1-admin]","Позитивный тест: получение списка тикетов с разными комбинациями параметров"
"passed","Fri Jan 02 01:30:01 UTC 2026","Fri Jan 02 01:30:06 UTC 2026","4719","tests.delivery","test_01_save_delivery_address","","","","test_save_delivery_address_positive[partner-payload0]","Позитивные тесты на сохранение адреса доставки"
"passed","Fri Jan 02 01:38:05 UTC 2026","Fri Jan 02 01:38:06 UTC 2026","199","tests.delivery","test_get_georgian_post_pickup_points","","","","test_get_georgian_post_pickup_points_success[1-client]","Позитив: успешное получение списка ПВЗ грузинской почты по city_id."
"passed","Fri Jan 02 00:28:02 UTC 2026","Fri Jan 02 00:28:03 UTC 2026","891","tests.account","test_account_branded_wallet_upload","","","","test_upload_success[valid_jpg.jpg-partner]","Позитив: валидное изображение (PNG/JPG) → 200 + корректная схема"
"passed","Fri Jan 02 01:05:34 UTC 2026","Fri Jan 02 01:05:34 UTC 2026","216","tests.cart","test_01_user_locale","","","","test_update_user_locale_invalid_payload[client-payload6-400]","Негативный тест: обновление локали с невалидным payload."
"skipped","Fri Jan 02 01:49:24 UTC 2026","Fri Jan 02 01:49:24 UTC 2026","0","tests.stock","test_create_stock","","","","test_create_stock_with_empty_string_log_if_not_200[address.city]",""
"skipped","Fri Jan 02 01:45:24 UTC 2026","Fri Jan 02 01:45:25 UTC 2026","611","tests.orders","test_group_order_change_country","","","","test_change_country_without_auth","Негативный тест: изменение страны без авторизации"
"passed","Fri Jan 02 00:26:14 UTC 2026","Fri Jan 02 00:26:15 UTC 2026","630","tests.PROJECT_FUND.initiatives","test_get_report_by_id","","","","test_get_report_by_invalid_id[1.5-https://dev.ewahelps.com/api]","Негативный тест: невалидный или несуществующий path-параметр"
"skipped","Fri Jan 02 01:47:11 UTC 2026","Fri Jan 02 01:47:11 UTC 2026","0","tests.register","test_02_register_partner","","","","test_register_partner_positive[partner-200]","Тест: позитивные тесты для регистрации партнера вручную"
"passed","Fri Jan 02 01:49:02 UTC 2026","Fri Jan 02 01:49:02 UTC 2026","204","tests.statistic","test_team_registrations","","","","test_get_team_registration_statistic_positive[payload2-admin]","Позитивный тест: получение статистики по регистрации команды с валидным телом запроса"
"passed","Fri Jan 02 01:22:16 UTC 2026","Fri Jan 02 01:22:21 UTC 2026","5326","tests.catalog","test_delete_admin_product_translation","","","","test_delete_admin_product_translation_forbidden[client]","Удаление перевода не-админом — должно вернуть 403."
"passed","Fri Jan 02 00:25:18 UTC 2026","Fri Jan 02 00:25:19 UTC 2026","804","tests.PROJECT_EDUCATION.test_system","test_05_get_info","","","","test_get_info_invalid_id__400_or_404[1.5]","Негатив: невалидный id в path"
"passed","Fri Jan 02 01:00:44 UTC 2026","Fri Jan 02 01:00:48 UTC 2026","4255","tests.admin_panel.slides","test_61_upload_slides_images","","","","test_upload_slide_images_file_too_large[4.7-fields_to_send4-204]","Негативный тест: загрузка слишком большого изображения."
"skipped","Fri Jan 02 01:45:10 UTC 2026","Fri Jan 02 01:45:10 UTC 2026","195","tests.orders","test_group_order_change_country","","","","test_change_country_invalid_data[invalid_payload0-admin]","Негативные тесты: передача некорректных данных"
"passed","Fri Jan 02 01:46:41 UTC 2026","Fri Jan 02 01:46:43 UTC 2026","2350","tests.promo_time.new_year_lottery","test_new_year_lottery_info","","","","test_get_new_year_lottery_info_with_history[client]","
    Для текущего пользователя руками создаём несколько купонов:
      - is_valid = true → попадают в coupons_history и идут в total_coupons_count
      - is_valid = false → игнорируются
    "
"passed","Fri Jan 02 02:03:01 UTC 2026","Fri Jan 02 02:03:01 UTC 2026","606","tests.tickets","test_12_delete_message","","","","test_delete_ticket_message_without_auth","Негативный тест: удаление сообщения без авторизации"
"passed","Fri Jan 02 00:55:40 UTC 2026","Fri Jan 02 00:55:41 UTC 2026","786","tests.admin_panel.slides","test_0_slides_sort","","","","test_slides_sort_invalid_id[0]","Негативный тест: невалидный path parameter."
"passed","Fri Jan 02 01:05:51 UTC 2026","Fri Jan 02 01:05:51 UTC 2026","668","tests.cart","test_02_get_delivery_cost","","","","test_get_delivery_cost_success_full_payload[partner]","Позитив: успешное получение ТК при полном наборе параметров"
"passed","Fri Jan 02 00:29:37 UTC 2026","Fri Jan 02 00:29:37 UTC 2026","192","tests.account","test_get_account_exists","","","","test_get_account_exists_positive[params5-admin]","Нкгатив: невлидны id"
"passed","Fri Jan 02 00:33:51 UTC 2026","Fri Jan 02 00:33:52 UTC 2026","806","tests.admin_panel","test_partner_accrual_details_main_bonus","","","","test_main_bonus_details_invalid_query_params[query0-expected_codes0]","
    Негатив: валидация query-параметров main-bonus
    "
"passed","Fri Jan 02 01:56:34 UTC 2026","Fri Jan 02 01:56:38 UTC 2026","3981","tests.tickets","test_04_create_ticket","","","","test_create_ticket_success[partner-attachments2-QuestionsAboutTheRewardSystemMarketingPlan]","Позитивный тест: создание тикета с разными темами и вложениями для клиента, партнера и админа"
"passed","Fri Jan 02 01:34:02 UTC 2026","Fri Jan 02 01:34:03 UTC 2026","187","tests.delivery","test_get_boxberry_offices","","","","test_get_boxberry_offices_invalid_city_id_should_fail[-admin]",""
"passed","Fri Jan 02 00:51:09 UTC 2026","Fri Jan 02 00:51:10 UTC 2026","783","tests.admin_panel.promo","test_75_delete_promotion_by_id","","","","test_delete_promotion_invalid_id[0]","Негативный тест: удаление несуществующей или некорректной акции."
"passed","Fri Jan 02 00:44:06 UTC 2026","Fri Jan 02 00:44:09 UTC 2026","2832","tests.admin_panel.products","test_02_recommended_products_add","","","","test_add_duplicate_recommendation","Повторное добавление того же рекомендованного товара"
"skipped","Fri Jan 02 00:43:25 UTC 2026","Fri Jan 02 00:43:25 UTC 2026","0","tests.admin_panel.periods","test_post_periods_by_date","","","","test_post_periods_by_date__200_strict[client]",""
"skipped","Fri Jan 02 00:30:07 UTC 2026","Fri Jan 02 00:30:07 UTC 2026","0","tests.account","test_update","","","","test_update_account_positive[admin-payload1]","Позитивные тесты на обновление данных аккаунта"
"passed","Fri Jan 02 00:57:20 UTC 2026","Fri Jan 02 00:57:21 UTC 2026","820","tests.admin_panel.slides","test_57_create_slide","","","","test_create_slide_title_color_validation[#1234567-400]","Валидация поля title_color при создании слайда."
"passed","Fri Jan 02 00:52:24 UTC 2026","Fri Jan 02 00:52:25 UTC 2026","783","tests.admin_panel.promo","test_77_create_promotion_item","","","","test_create_promotion_item_invalid_ids[1-xyz-404]",""
"passed","Fri Jan 02 00:50:36 UTC 2026","Fri Jan 02 00:50:37 UTC 2026","1231","tests.admin_panel.promo","test_74_update_promotion","","","","test_update_promotion_invalid_payload[payload7-400]","Негативный тест: обновление акции с невалидным или неполным телом запроса."
"skipped","Fri Jan 02 01:50:34 UTC 2026","Fri Jan 02 01:50:34 UTC 2026","0","tests.tickets","test_01_get_tickets","","","","test_get_tickets_success[filter2-sort1-search1-pagination0-admin]","Позитивный тест: получение списка тикетов с разными комбинациями параметров"
"passed","Fri Jan 02 01:04:56 UTC 2026","Fri Jan 02 01:04:56 UTC 2026","197","tests.cart","test_01_user_locale","","","","test_update_user_locale_valid_payload_1[client-payload6]","
    Позитивный тест: Обновление языка/склада/локали авторизованным пользователем"
"skipped","Fri Jan 02 01:09:32 UTC 2026","Fri Jan 02 01:09:32 UTC 2026","0","tests.cart","test_10_cart_save_city","","","","test_save_city_by_name_success[client]","Позитив: сохранение города по city_name."
"skipped","Fri Jan 02 01:49:24 UTC 2026","Fri Jan 02 01:49:24 UTC 2026","0","tests.stock","test_create_stock","","","","test_create_stock_with_empty_string_log_if_not_200[address.city_id]",""
"passed","Fri Jan 02 00:37:38 UTC 2026","Fri Jan 02 00:37:39 UTC 2026","1386","tests.admin_panel.categories","test_80_create_category_translation","","","","test_create_category_translation_forbidden[partner]","Негативный тест: создание перевода не-админом запрещено."
"passed","Fri Jan 02 00:34:26 UTC 2026","Fri Jan 02 00:34:28 UTC 2026","1270","tests.admin_panel.categories","test_47_get_categories_by_id","","","","test_get_categories_by_id_success","Позитивный тест: успешное получение категории по ID админом."
"passed","Fri Jan 02 01:03:51 UTC 2026","Fri Jan 02 01:03:51 UTC 2026","196","tests.auth","test_02_login","","","","test_admin_login[admin---400]",""
"passed","Fri Jan 02 01:02:53 UTC 2026","Fri Jan 02 01:02:56 UTC 2026","3020","tests.admin_panel.users","test_post_admin_users_exclusive_preorder_permissions","","","","test_post_exclusive_preorder_permissions_create_update_success","
    админ создаёт permission на эксклюзивный предзаказ для пользователя,
    затем обновляет remaining_quantity для того же item_id
    "
"skipped","Fri Jan 02 00:27:49 UTC 2026","Fri Jan 02 00:27:49 UTC 2026","0","tests.account","test_account_branded_wallet_get","","","","test_get_past_year_should_be_404[partner]","
    прошлый период. днных нет - 404
    "
"passed","Fri Jan 02 00:27:08 UTC 2026","Fri Jan 02 00:27:08 UTC 2026","197","tests.account","test_0_top_partners_client_service_v2","","","","test_get_top_partners_client_service_v2_positive[partner]","Позитивные тесты на получение топ-партнеров по сумме ЛО клиентов"
"passed","Fri Jan 02 00:49:01 UTC 2026","Fri Jan 02 00:49:02 UTC 2026","799","tests.admin_panel.promo","test_72_create_promotion","","","","test_create_promotion_invalid_data[payload6-400]","Негативные тесты: невалидные данные"
"passed","Fri Jan 02 01:29:28 UTC 2026","Fri Jan 02 01:29:28 UTC 2026","198","tests.chat_support","test_04_support_chat_tags_get","","","","test_get_support_chat_tags_basic[client]","
    Позитив: /support-chat/tags возвращает список тегов
    "
"skipped","Fri Jan 02 02:01:39 UTC 2026","Fri Jan 02 02:01:40 UTC 2026","789","tests.tickets","test_09_get_ticket_messages","","","","test_get_ticket_messages_invalid_id","Негативный тест: запрос с несуществующим ID тикета"
"passed","Fri Jan 02 01:56:59 UTC 2026","Fri Jan 02 01:57:00 UTC 2026","1635","tests.tickets","test_04_create_ticket","","","","test_create_ticket_success[partner-attachments2-ReceivingProductsShortage]","Позитивный тест: создание тикета с разными темами и вложениями для клиента, партнера и админа"
"passed","Fri Jan 02 01:47:25 UTC 2026","Fri Jan 02 01:47:25 UTC 2026","197","tests.register","test_03_register_client","","","","test_register_client_positive[client-403]","Тест: позитивные тесты для регистрации клиента вручную"
"passed","Fri Jan 02 01:18:33 UTC 2026","Fri Jan 02 01:18:34 UTC 2026","1256","tests.cart","test_25_cart_city_guessed_flag","","","","test_city_guessed_guest_after_city_saved","
    Гость:
      - первый заход: is_city_guessed должен быть True
      - попытка сохранить город через /cart/save_city:
          is_city_guessed уже не может быть True
    "
"passed","Fri Jan 02 00:43:09 UTC 2026","Fri Jan 02 00:43:10 UTC 2026","578","tests.admin_panel.periods","test_get_periods_current","","","","test_get_periods_current__unauthorized",""
"passed","Fri Jan 02 01:41:21 UTC 2026","Fri Jan 02 01:41:31 UTC 2026","9943","tests.integration","test_order_courier_ru","","","","test_order_courier_ru[DPD]",""
"passed","Fri Jan 02 00:39:07 UTC 2026","Fri Jan 02 00:39:09 UTC 2026","2170","tests.admin_panel.items","test_create_item","","","","test_create_item_unique_article","
    Проверка уникальности article: второй item с тем же article создать нельзя.
    "
"passed","Fri Jan 02 00:48:42 UTC 2026","Fri Jan 02 00:48:43 UTC 2026","605","tests.admin_panel.promo","test_71_get_promotions","","","","test_get_promotions_list_unauthorized","Негативный тест: получение списка акций без авторизации."
"skipped","Fri Jan 02 01:50:34 UTC 2026","Fri Jan 02 01:50:34 UTC 2026","0","tests.tickets","test_01_get_tickets","","","","test_get_tickets_success[filter2-sort0-search2-pagination0-admin]","Позитивный тест: получение списка тикетов с разными комбинациями параметров"
"passed","Fri Jan 02 01:57:41 UTC 2026","Fri Jan 02 01:57:42 UTC 2026","784","tests.tickets","test_04_create_ticket","","","","test_create_ticket_success[admin-attachments0-ReceivingDefectiveProducts]","Позитивный тест: создание тикета с разными темами и вложениями для клиента, партнера и админа"
"passed","Fri Jan 02 00:26:00 UTC 2026","Fri Jan 02 00:26:01 UTC 2026","834","tests.PROJECT_FUND.initiatives","test_get_initiative_by_id","","","","test_get_initiative_by_invalid_id[None-https://dev.ewahelps.com/api]",""
"passed","Fri Jan 02 01:06:58 UTC 2026","Fri Jan 02 01:06:58 UTC 2026","582","tests.cart","test_02_get_delivery_cost","","","","test_get_delivery_cost_unauthorized","
    Негатив: запрос без авторизации/корзины
    "
"passed","Fri Jan 02 00:25:58 UTC 2026","Fri Jan 02 00:25:59 UTC 2026","608","tests.PROJECT_FUND.initiatives","test_get_initiative_by_id","","","","test_get_initiative_by_invalid_id[0-https://dev.ewahelps.com/api]",""
"skipped","Fri Jan 02 01:50:34 UTC 2026","Fri Jan 02 01:50:34 UTC 2026","0","tests.tickets","test_01_get_tickets","","","","test_get_tickets_success[filter2-sort1-search1-pagination1-admin]","Позитивный тест: получение списка тикетов с разными комбинациями параметров"
"passed","Fri Jan 02 01:36:54 UTC 2026","Fri Jan 02 01:36:54 UTC 2026","192","tests.delivery","test_get_dpd_offices","","","","test_get_dpd_offices_invalid_city_id_should_fail[bad_city_id8-admin]",""
"passed","Fri Jan 02 00:47:55 UTC 2026","Fri Jan 02 00:47:56 UTC 2026","1559","tests.admin_panel.products","test_44_upload_product_brand_images","","","","test_upload_product_brand_images_formats[valid.jpg-image/jpeg-204]","Проверка загрузки изображений бренда в разных форматах: негативные и позитивные кейсы."
"passed","Fri Jan 02 01:18:26 UTC 2026","Fri Jan 02 01:18:26 UTC 2026","729","tests.cart","test_25_cart_city_guessed_flag","","","","test_city_guessed_guest_first_visit","
    Гость, первый заход без кук:
    - город автоопределён
    - is_city_guessed = true
    "
"skipped","Fri Jan 02 01:45:12 UTC 2026","Fri Jan 02 01:45:12 UTC 2026","192","tests.orders","test_group_order_change_country","","","","test_change_country_invalid_data[invalid_payload1-client]","Негативные тесты: передача некорректных данных"
"passed","Fri Jan 02 00:27:33 UTC 2026","Fri Jan 02 00:27:34 UTC 2026","888","tests.account","test_account_branded_wallet_delete","","","","test_delete_flow_upload_then_delete_then_get_null[partner]","
    Upload (текущий период, JSON base64) → DELETE → cleanup в БД
    "
"passed","Fri Jan 02 01:34:54 UTC 2026","Fri Jan 02 01:34:54 UTC 2026","186","tests.delivery","test_get_cdek_offices","","","","test_get_cdek_offices_invalid_city_id_should_fail[None-admin]",""
"passed","Fri Jan 02 01:29:04 UTC 2026","Fri Jan 02 01:29:04 UTC 2026","198","tests.chat_support","test_01_support_chat_messages_post","","","","test_create_message_missing_required_fields_returns_400[client-payload0]","
    Негатив: отсутствие обязательных полей client_uuid/message → 400
    "
"passed","Fri Jan 02 01:11:10 UTC 2026","Fri Jan 02 01:11:13 UTC 2026","2558","tests.cart","test_11_cart_save_delivery_method","","","","test_save_delivery_method_success_with_cart[partner-DPD]","
    Позитив: сохранение способа доставки для всех значений с корзиной
    "
"passed","Fri Jan 02 01:47:19 UTC 2026","Fri Jan 02 01:47:20 UTC 2026","816","tests.register","test_02_register_partner","","","","test_register_partner_negative[payload3-400]","Тест: негативные тесты для регистрации партнера вручную"
"passed","Fri Jan 02 00:26:05 UTC 2026","Fri Jan 02 00:26:06 UTC 2026","612","tests.PROJECT_FUND.initiatives","test_get_initiative_by_id","","","","test_get_initiative_by_invalid_id[999999-https://dev.ewahelps.com/api]",""
"skipped","Fri Jan 02 01:38:48 UTC 2026","Fri Jan 02 01:38:48 UTC 2026","296","tests.delivery","test_get_kgpost_offices","","","","test_get_kgpost_offices_success[208110-admin]",""
"passed","Fri Jan 02 00:53:34 UTC 2026","Fri Jan 02 00:53:35 UTC 2026","818","tests.admin_panel.sliders","test_52_create_slider","","","","test_create_slider_invalid_payload[payload12-422]","Негативный тест: попытка создать слайдер с невалидным payload."
"passed","Fri Jan 02 00:36:53 UTC 2026","Fri Jan 02 00:36:54 UTC 2026","808","tests.admin_panel.categories","test_79_get_category_translation","","","","test_get_category_translation_invalid_id[1.5]",""
"passed","Fri Jan 02 00:27:10 UTC 2026","Fri Jan 02 00:27:10 UTC 2026","196","tests.account","test_0_top_partners_client_service_v2","","","","test_get_top_partners_client_service_v2_positive[admin]","Позитивные тесты на получение топ-партнеров по сумме ЛО клиентов"
"skipped","Fri Jan 02 00:29:42 UTC 2026","Fri Jan 02 00:29:42 UTC 2026","0","tests.account","test_history","","","","test_get_history_positive[admin-payload0]","Позитивные тесты на получение истории аккаунта"
"passed","Fri Jan 02 00:31:35 UTC 2026","Fri Jan 02 00:31:35 UTC 2026","831","tests.admin_panel","test_03_support_delete_user","","","","test_invalid_id_returns_client_error[1.23]","
    Кривой/отсутствующий id в path:
    ожидаем клиентскую ошибку (400/404/405), а не 5xx.
    "
"skipped","Fri Jan 02 00:30:04 UTC 2026","Fri Jan 02 00:30:04 UTC 2026","199","tests.account","test_post_downgrade_user","","","","test_downgrade_validation_errors[bad_payload4-admin]","
    Валидация: битый payload → 400/422.
    "
"passed","Fri Jan 02 01:23:57 UTC 2026","Fri Jan 02 01:23:58 UTC 2026","197","tests.catalog","test_get_items_list_all","","","","test_get_items_list_forbidden[partner]",""
"skipped","Fri Jan 02 01:49:24 UTC 2026","Fri Jan 02 01:49:24 UTC 2026","0","tests.stock","test_create_stock","","","","test_create_stock_with_empty_string_log_if_not_200[delivery_restrictions.stock_id]",""
"passed","Fri Jan 02 01:51:04 UTC 2026","Fri Jan 02 01:51:04 UTC 2026","196","tests.tickets","test_01_get_tickets","","","","test_get_tickets_invalid_filter[invalid_filter2-400-client]","Негативный тест: передаем некорректные параметры фильтрации"
"passed","Fri Jan 02 01:19:42 UTC 2026","Fri Jan 02 01:19:43 UTC 2026","1016","tests.catalog","test_create_admin_product","","","","test_create_product_invalid_payload[payload4-400]",""
"passed","Fri Jan 02 01:17:22 UTC 2026","Fri Jan 02 01:17:27 UTC 2026","4261","tests.cart","test_22_cart_fill_advanced_cost","","","","test_fill_advanced_cost_without_city_returns_400[partner]","
    Негатив: в корзине есть товар, но не задан город — бэк даёт 400 (City is empty).
    "
"passed","Fri Jan 02 01:05:09 UTC 2026","Fri Jan 02 01:05:10 UTC 2026","772","tests.cart","test_01_user_locale","","","","test_update_user_locale_valid_payload_1[partner-payload3]","
    Позитивный тест: Обновление языка/склада/локали авторизованным пользователем"
"passed","Fri Jan 02 00:31:29 UTC 2026","Fri Jan 02 00:31:30 UTC 2026","785","tests.admin_panel","test_03_support_delete_user","","","","test_invalid_id_returns_client_error[abc]","
    Кривой/отсутствующий id в path:
    ожидаем клиентскую ошибку (400/404/405), а не 5xx.
    "
"passed","Fri Jan 02 00:24:55 UTC 2026","Fri Jan 02 00:24:56 UTC 2026","786","tests.PROJECT_EDUCATION.test_system","test_04_finish_test","","","","test_finish_test_invalid_id__400_or_404[-1]",""
"skipped","Fri Jan 02 01:49:24 UTC 2026","Fri Jan 02 01:49:24 UTC 2026","0","tests.stock","test_create_stock","","","","test_create_stock_with_empty_string_log_if_not_200[postcode]",""
"passed","Fri Jan 02 00:23:34 UTC 2026","Fri Jan 02 00:23:35 UTC 2026","838","tests.PROJECT_EDUCATION.test_system","test_01_start_test","","","","test_start_test_invalid_id__400_or_404[-1]",""
"passed","Fri Jan 02 00:28:12 UTC 2026","Fri Jan 02 00:28:12 UTC 2026","197","tests.account","test_account_branded_wallet_upload","","","","test_upload_missing_image_field_returns_400_or_422[client]","Негатив: отсутствует поле 'image' → 400/422"
"passed","Fri Jan 02 00:58:42 UTC 2026","Fri Jan 02 00:58:43 UTC 2026","1275","tests.admin_panel.slides","test_59_update_slide","","","","test_update_slide_invalid_payload[payload8-422]","Негативный тест: обновление слайда с невалидным или неполным телом запроса."
"skipped","Fri Jan 02 00:29:17 UTC 2026","Fri Jan 02 00:29:17 UTC 2026","0","tests.account","test_family_agreement_update_status","","","","test_update_family_agreement_status_positive[partner-payload1]","Позитивные тесты на изменение статуса семейного соглашения"
"skipped","Fri Jan 02 00:29:42 UTC 2026","Fri Jan 02 00:29:42 UTC 2026","0","tests.account","test_history_group_volumes_admin","","","","test_get_group_volumes_history_admin_positive[admin-payload1]","Позитивные тесты на получение истории начисления групповых объемов для админа"
"skipped","Fri Jan 02 00:29:17 UTC 2026","Fri Jan 02 00:29:17 UTC 2026","0","tests.account","test_family_agreement_update_status","","","","test_update_family_agreement_status_positive[admin-payload0]","Позитивные тесты на изменение статуса семейного соглашения"
"skipped","Fri Jan 02 01:50:22 UTC 2026","Fri Jan 02 01:50:22 UTC 2026","0","tests.stock","test_update_stock","","","","test_update_stock_invalid_id[abc]",""
"passed","Fri Jan 02 01:38:03 UTC 2026","Fri Jan 02 01:38:04 UTC 2026","603","tests.delivery","test_get_five_post_warehouses","","","","test_get_five_post_warehouses_unauthorized","Негатив: запрос без авторизации."
"passed","Fri Jan 02 00:47:30 UTC 2026","Fri Jan 02 00:47:31 UTC 2026","813","tests.admin_panel.products","test_44_upload_product_brand_images","","","","test_upload_product_brand_images_invalid_id","Негативный тест: несуществующий ID бренда."
"passed","Fri Jan 02 00:34:08 UTC 2026","Fri Jan 02 00:34:09 UTC 2026","203","tests.admin_panel","test_report_accruals","","","","test_report_accruals_forbidden[client]",""
"passed","Fri Jan 02 01:16:26 UTC 2026","Fri Jan 02 01:16:26 UTC 2026","229","tests.cart","test_17_cart_update_user_country","","","","test_update_user_country_success[partner]","Позитив: изменение страны пользователя в заказе."
"passed","Fri Jan 02 01:00:39 UTC 2026","Fri Jan 02 01:00:42 UTC 2026","3016","tests.admin_panel.slides","test_61_upload_slides_images","","","","test_upload_slide_images_file_too_large[5.3-fields_to_send3-400]","Негативный тест: загрузка слишком большого изображения."
"passed","Fri Jan 02 01:08:58 UTC 2026","Fri Jan 02 01:08:58 UTC 2026","521","tests.cart","test_08_cart_delete","","","","test_delete_cart_item_invalid_payload[client-payload0]","Негатив: невалидный payload при удалении позиции."
"passed","Fri Jan 02 00:56:53 UTC 2026","Fri Jan 02 00:56:54 UTC 2026","815","tests.admin_panel.slides","test_57_create_slide","","","","test_create_slide_invalid_payload[payload19-422]","Негативные тесты: некорректные и неполные payload'ы."
"passed","Fri Jan 02 01:02:17 UTC 2026","Fri Jan 02 01:02:18 UTC 2026","394","tests.admin_panel.users","test_delete_admin_users_exclusive_preorder_permissions","","","","test_delete_exclusive_preorder_permissions_requires_admin[partner]","
    клиент/партнёр не могут удалять permission → 403
    "
"passed","Fri Jan 02 00:24:12 UTC 2026","Fri Jan 02 00:24:13 UTC 2026","798","tests.PROJECT_EDUCATION.test_system","test_03_user_answers","","","","test_user_answers_invalid_id__400_or_404[-1]",""
"passed","Fri Jan 02 01:13:14 UTC 2026","Fri Jan 02 01:13:19 UTC 2026","5013","tests.cart","test_12_cart_estimate_delivery","","","","test_estimate_delivery_success[client-dpd_pickup-payload11]","
    Позитив: корзина с товаром, выбор способа доставки и расчёт стоимости для разных служб
    "
"passed","Fri Jan 02 01:54:59 UTC 2026","Fri Jan 02 01:54:59 UTC 2026","804","tests.tickets","test_04_create_ticket","","","","test_create_ticket_success[partner-attachments0-ReceivingDefectiveProducts]","Позитивный тест: создание тикета с разными темами и вложениями для клиента, партнера и админа"
"passed","Fri Jan 02 00:38:04 UTC 2026","Fri Jan 02 00:38:05 UTC 2026","581","tests.admin_panel.categories","test_81_delete_category_translation","","","","test_delete_category_translation_unauthorized","Негативный тест: удаление перевода без авторизации."
"passed","Fri Jan 02 00:28:18 UTC 2026","Fri Jan 02 00:28:18 UTC 2026","196","tests.account","test_account_branded_wallet_upload","","","","test_upload_empty_string_returns_400[partner]","Негатив: пустая строка → 400"
"passed","Fri Jan 02 00:30:47 UTC 2026","Fri Jan 02 00:30:48 UTC 2026","810","tests.admin_panel","test_01_support_create_user","","","","test_invalid_user_id_returns_client_error[abc]",""
"passed","Fri Jan 02 00:47:44 UTC 2026","Fri Jan 02 00:47:46 UTC 2026","1481","tests.admin_panel.products","test_44_upload_product_brand_images","","","","test_upload_product_brand_images_formats[invalid.docx-application/vnd.openxmlformats-officedocument.wordprocessingml.document-400]","Проверка загрузки изображений бренда в разных форматах: негативные и позитивные кейсы."
"passed","Fri Jan 02 01:36:37 UTC 2026","Fri Jan 02 01:36:38 UTC 2026","199","tests.delivery","test_get_dpd_offices","","","","test_get_dpd_offices_missing_city_id_should_fail[admin]",""
"passed","Fri Jan 02 01:04:51 UTC 2026","Fri Jan 02 01:04:52 UTC 2026","1121","tests.cart","test_01_user_locale","","","","test_update_user_locale_valid_payload_1[client-payload4]","
    Позитивный тест: Обновление языка/склада/локали авторизованным пользователем"
"passed","Fri Jan 02 01:32:41 UTC 2026","Fri Jan 02 01:32:41 UTC 2026","187","tests.delivery","test_02_get_delivery_address","","","","test_get_delivery_addresses_invalid_pagination[invalid_pagination1-client]","Негатив: некорректные параметры пагинации"
"skipped","Fri Jan 02 01:50:34 UTC 2026","Fri Jan 02 01:50:34 UTC 2026","0","tests.tickets","test_01_get_tickets","","","","test_get_tickets_success[filter2-sort1-search0-pagination0-client]","Позитивный тест: получение списка тикетов с разными комбинациями параметров"
"passed","Fri Jan 02 01:04:58 UTC 2026","Fri Jan 02 01:04:58 UTC 2026","186","tests.cart","test_01_user_locale","","","","test_update_user_locale_valid_payload_1[client-payload7]","
    Позитивный тест: Обновление языка/склада/локали авторизованным пользователем"
"skipped","Fri Jan 02 00:26:54 UTC 2026","Fri Jan 02 00:26:54 UTC 2026","0","tests.account","test_0_marathon","","","","test_create_product_brand_invalid_payload[params0-400-client]",""
"skipped","Fri Jan 02 01:45:23 UTC 2026","Fri Jan 02 01:45:23 UTC 2026","0","tests.orders","test_group_order_change_country","","","","test_change_country_not_found_or_forbidden[authorize_partner-100-403]","Негативные тесты: изменение несуществующего заказа или без прав"
"passed","Fri Jan 02 01:01:57 UTC 2026","Fri Jan 02 01:01:57 UTC 2026","188","tests.admin_panel.slides","test_62_slides_get_upload_urls","","","","test_get_upload_urls_forbidden[partner]","Негативный тест: неадмин не может получить ссылки на загрузку видео файлов."
"passed","Fri Jan 02 01:42:49 UTC 2026","Fri Jan 02 01:42:51 UTC 2026","1772","tests.one_c","test_create_1c_stock","","","","test_post_work_hours_closed_day_structure",""
"passed","Fri Jan 02 00:57:36 UTC 2026","Fri Jan 02 00:57:37 UTC 2026","777","tests.admin_panel.slides","test_58_get_slides_by_id","","","","test_get_slides_invalid_id[abc]","Негативный тест: невалидный ID в path-параметре."
"skipped","Fri Jan 02 01:50:34 UTC 2026","Fri Jan 02 01:50:34 UTC 2026","0","tests.tickets","test_01_get_tickets","","","","test_get_tickets_success[filter2-sort0-search2-pagination1-partner]","Позитивный тест: получение списка тикетов с разными комбинациями параметров"
"passed","Fri Jan 02 01:04:34 UTC 2026","Fri Jan 02 01:04:34 UTC 2026","823","tests.auth","test_06_full_logout","","","","test_full_logout_success[partner]","Тест полного разлогина всех сессий клиента, партнера и админа."
"passed","Fri Jan 02 00:56:35 UTC 2026","Fri Jan 02 00:56:36 UTC 2026","784","tests.admin_panel.slides","test_57_create_slide","","","","test_create_slide_invalid_payload[payload9-400]","Негативные тесты: некорректные и неполные payload'ы."
"passed","Fri Jan 02 01:07:02 UTC 2026","Fri Jan 02 01:07:02 UTC 2026","246","tests.cart","test_03_cart_get","","","","test_get_cart_success[partner]","Позитив: получение текущей корзины."
"skipped","Fri Jan 02 01:50:34 UTC 2026","Fri Jan 02 01:50:34 UTC 2026","0","tests.tickets","test_01_get_tickets","","","","test_get_tickets_success[filter0-sort1-search1-pagination1-partner]","Позитивный тест: получение списка тикетов с разными комбинациями параметров"
"passed","Fri Jan 02 01:04:12 UTC 2026","Fri Jan 02 01:04:13 UTC 2026","610","tests.auth","test_03_token_auth","","","","test_auth_without_token","Тест авторизации без передачи токена"
"passed","Fri Jan 02 00:27:30 UTC 2026","Fri Jan 02 00:27:31 UTC 2026","944","tests.account","test_account_branded_wallet_delete","","","","test_delete_flow_upload_then_delete_then_get_null[client]","
    Upload (текущий период, JSON base64) → DELETE → cleanup в БД
    "
"passed","Fri Jan 02 00:55:02 UTC 2026","Fri Jan 02 00:55:03 UTC 2026","1263","tests.admin_panel.sliders","test_54_update_slider","","","","test_update_slider_invalid_payload[payload10-422]","Негативный тест: обновление слайдера с невалидным или неполным телом запроса."
"passed","Fri Jan 02 01:21:49 UTC 2026","Fri Jan 02 01:21:50 UTC 2026","844","tests.catalog","test_create_admin_product_translation","","","","test_create_admin_product_translation_invalid_payload[payload6-422]","Негативные проверки на создание перевода с некорректным payload."
"passed","Fri Jan 02 00:26:24 UTC 2026","Fri Jan 02 00:26:25 UTC 2026","609","tests.PROJECT_FUND.initiatives","test_get_reports","","","","test_get_reports_with_query_params[query2-https://dev.ewahelps.com/api]","Позитивный тест: получение списка отчетов с query-параметрами"
"passed","Fri Jan 02 01:57:31 UTC 2026","Fri Jan 02 01:57:32 UTC 2026","853","tests.tickets","test_04_create_ticket","","","","test_create_ticket_success[admin-attachments0-OtherQuestions]","Позитивный тест: создание тикета с разными темами и вложениями для клиента, партнера и админа"
"passed","Fri Jan 02 01:25:28 UTC 2026","Fri Jan 02 01:25:30 UTC 2026","1330","tests.catalog","test_products_list_all","","","","test_get_products_list_all_success[admin]","
    Позитивный: успешное получение списка всех товаров
    "
"passed","Fri Jan 02 00:43:08 UTC 2026","Fri Jan 02 00:43:08 UTC 2026","196","tests.admin_panel.periods","test_get_periods_current","","","","test_get_periods_current__200_strict[partner]",""
"skipped","Fri Jan 02 02:01:00 UTC 2026","Fri Jan 02 02:01:01 UTC 2026","1623","tests.tickets","test_06_close_ticket","","","","test_close_tickets_negative[partner-None-400]","Негативные тесты: закрытие с некорректными данными"
"passed","Fri Jan 02 01:37:08 UTC 2026","Fri Jan 02 01:37:08 UTC 2026","199","tests.delivery","test_get_emu_pickup_points","","","","test_get_emu_pickup_points_invalid_city_id_should_fail[-1-admin]","Негатив: невалидные значения city_id → 400/422."
"skipped","Fri Jan 02 00:35:17 UTC 2026","Fri Jan 02 00:35:17 UTC 2026","0","tests.admin_panel.categories","test_50_upload_category_images","","","","test_upload_category_images_file_too_large[5.3-fields_to_send7-400]","Негативный тест: загрузка слишком большого изображения."
"passed","Fri Jan 02 00:56:29 UTC 2026","Fri Jan 02 00:56:30 UTC 2026","825","tests.admin_panel.slides","test_57_create_slide","","","","test_create_slide_invalid_payload[payload6-expected_code6]","Негативные тесты: некорректные и неполные payload'ы."
"passed","Fri Jan 02 00:42:50 UTC 2026","Fri Jan 02 00:42:50 UTC 2026","196","tests.admin_panel.periods","test_get_period_by_id","","","","test_get_period_by_id__invalid_id_400_404[admin- ]",""
"passed","Fri Jan 02 01:57:34 UTC 2026","Fri Jan 02 01:57:35 UTC 2026","840","tests.tickets","test_04_create_ticket","","","","test_create_ticket_success[admin-attachments0-ChangePersonalData]","Позитивный тест: создание тикета с разными темами и вложениями для клиента, партнера и админа"
"skipped","Fri Jan 02 01:49:24 UTC 2026","Fri Jan 02 01:49:24 UTC 2026","0","tests.stock","test_create_stock","","","","test_create_stock_with_empty_string_log_if_not_200[address.country_id]",""
"passed","Fri Jan 02 01:35:59 UTC 2026","Fri Jan 02 01:36:00 UTC 2026","194","tests.delivery","test_get_delivery_countries","","","","test_get_delivery_countries_success[available-admin]","Позитив: успешное получение списка стран с разными значениями ?from=."
"passed","Fri Jan 02 00:40:06 UTC 2026","Fri Jan 02 00:40:07 UTC 2026","792","tests.admin_panel.items","test_create_item_translation","","","","test_create_item_translation_invalid_payload[payload3-code3]","Негативный тест: создание перевода с невалидным payload."
"passed","Fri Jan 02 01:39:03 UTC 2026","Fri Jan 02 01:39:03 UTC 2026","192","tests.delivery","test_get_rupost_offices","","","","test_get_rupost_offices_missing_city_id_should_fail[admin]",""
"passed","Fri Jan 02 00:44:36 UTC 2026","Fri Jan 02 00:44:39 UTC 2026","2616","tests.admin_panel.products","test_03_recommended_products_delete","","","","test_remove_nonexistent_recommendation","Удаление несуществующей рекомендации не вызывает ошибку."
"passed","Fri Jan 02 01:25:31 UTC 2026","Fri Jan 02 01:25:31 UTC 2026","610","tests.catalog","test_products_list_all","","","","test_get_products_list_all_unauthorized","
    Негативный: запрос без авторизации
    "
"skipped","Fri Jan 02 01:36:26 UTC 2026","Fri Jan 02 01:36:27 UTC 2026","199","tests.delivery","test_get_delivery_regions","","","","test_get_delivery_regions_invalid_params[invalid_params0-admin]","Негатив: невалидные значения query-параметров → 400/422."
"passed","Fri Jan 02 01:06:25 UTC 2026","Fri Jan 02 01:06:25 UTC 2026","220","tests.cart","test_02_get_delivery_cost","","","","test_get_delivery_cost_success_partial_payload[partner-payload4-400]","
    Позитив/граничные: сочетания полей региона/города
    "
"passed","Fri Jan 02 01:07:21 UTC 2026","Fri Jan 02 01:07:27 UTC 2026","5231","tests.cart","test_04_cart_full_data","","","","test_cart_full_data_backward_compatibility_without_flag[partner]","
    Позитив: обратная совместимость
    "
"passed","Fri Jan 02 01:44:35 UTC 2026","Fri Jan 02 01:44:37 UTC 2026","2012","tests.one_c","test_get_1с_stock","","","","test_get_stock_reflects_is_free_delivery","
    Создаём склад через 1С с is_free_delivery_enabled=True и проверяем,
    что GET /1c_integration/stock возвращает этот флаг
    "
"passed","Fri Jan 02 01:51:51 UTC 2026","Fri Jan 02 01:51:52 UTC 2026","781","tests.tickets","test_04_create_ticket","","","","test_create_ticket_success[client-attachments0-QuestionsAboutInternationalDelivery]","Позитивный тест: создание тикета с разными темами и вложениями для клиента, партнера и админа"
"passed","Fri Jan 02 01:58:46 UTC 2026","Fri Jan 02 01:58:48 UTC 2026","1644","tests.tickets","test_04_create_ticket","","","","test_create_ticket_success[admin-attachments2-QuestionsAboutPaymentsToIP]","Позитивный тест: создание тикета с разными темами и вложениями для клиента, партнера и админа"
"skipped","Fri Jan 02 01:50:06 UTC 2026","Fri Jan 02 01:50:06 UTC 2026","196","tests.stock","test_get_stocks","","","","test_get_stocks_invalid_country_id[-1-admin]","Проверка получения складов по невалидному country_id"
"skipped","Fri Jan 02 00:29:42 UTC 2026","Fri Jan 02 00:29:42 UTC 2026","0","tests.account","test_history_personal_volumes_admin","","","","test_get_personal_volumes_history_admin_positive[partner-payload1]","Позитивные тесты на получение истории начисления личных объемов для админа"
"passed","Fri Jan 02 01:31:30 UTC 2026","Fri Jan 02 01:31:33 UTC 2026","2313","tests.delivery","test_01_save_delivery_address","","","","test_save_delivery_address_negative[partner-payload4-400]","Негативные тесты на сохранение адреса доставки"
"passed","Fri Jan 02 00:55:23 UTC 2026","Fri Jan 02 00:55:24 UTC 2026","820","tests.admin_panel.sliders","test_55_delete_sliders","","","","test_delete_slider_invalid_id[-1]","Негативный тест: удаление несуществующего или некорректного слайдера."
"passed","Fri Jan 02 01:21:46 UTC 2026","Fri Jan 02 01:21:47 UTC 2026","846","tests.catalog","test_create_admin_product_translation","","","","test_create_admin_product_translation_invalid_payload[payload4-400]","Негативные проверки на создание перевода с некорректным payload."
"passed","Fri Jan 02 00:40:14 UTC 2026","Fri Jan 02 00:40:18 UTC 2026","3652","tests.admin_panel.items","test_create_item_translation","","","","test_item_translation_update_duplicate_lang_code","Позитивный тест: обновление перевода при повторной отправке с тем же lang_code."
"skipped","Fri Jan 02 01:39:46 UTC 2026","Fri Jan 02 01:39:46 UTC 2026","195","tests.delivery","test_mongpost_postcodes","","","","test_mongpost_postcodes_not_found_for_unknown_city[99999999-admin]","Негативный тест: город с указанным ID не найден"
"passed","Fri Jan 02 01:49:45 UTC 2026","Fri Jan 02 01:49:45 UTC 2026","194","tests.stock","test_get_stock_by_id","","","","test_get_stock_by_id[partner]","Запрос склада по ID"
"passed","Fri Jan 02 00:25:33 UTC 2026","Fri Jan 02 00:25:34 UTC 2026","898","tests.PROJECT_EDUCATION.test_system","test_06_get_result","","","","test_get_result_invalid_id__400_or_404[None]",""
"passed","Fri Jan 02 01:23:19 UTC 2026","Fri Jan 02 01:23:20 UTC 2026","786","tests.catalog","test_get_admin_product_translation","","","","test_get_admin_product_translation_invalid_id[-1]","Проверка получения перевода по невалидному product_id."
"passed","Fri Jan 02 00:27:17 UTC 2026","Fri Jan 02 00:27:17 UTC 2026","205","tests.account","test_0_top_partners_top_recruiters","","","","test_get_top_partners_top_recruiters_positive[client]","Позитивные тесты на получение топ-партнеров по количеству активных партнеров"
"skipped","Fri Jan 02 01:49:24 UTC 2026","Fri Jan 02 01:49:24 UTC 2026","0","tests.stock","test_create_stock","","","","test_create_stock_with_empty_string_log_if_not_200[address.longitude]",""
"skipped","Fri Jan 02 01:09:32 UTC 2026","Fri Jan 02 01:09:32 UTC 2026","0","tests.cart","test_10_cart_save_city","","","","test_save_city_by_name_success[partner]","Позитив: сохранение города по city_name."
"passed","Fri Jan 02 01:52:16 UTC 2026","Fri Jan 02 01:52:16 UTC 2026","865","tests.tickets","test_04_create_ticket","","","","test_create_ticket_success[client-attachments0-ReceivingDefectiveProductsOrShortage]","Позитивный тест: создание тикета с разными темами и вложениями для клиента, партнера и админа"
"passed","Fri Jan 02 01:04:45 UTC 2026","Fri Jan 02 01:04:46 UTC 2026","902","tests.cart","test_01_user_locale","","","","test_update_user_locale_valid_payload_1[client-payload2]","
    Позитивный тест: Обновление языка/склада/локали авторизованным пользователем"
"skipped","Fri Jan 02 01:05:22 UTC 2026","Fri Jan 02 01:05:22 UTC 2026","0","tests.cart","test_01_user_locale","","","","test_update_user_locale_valid_payload[payload5]","
    Позитивный тест: Обновление языка/склада/локали НЕавторизованным пользователем с указанной корзиной в cookie.
    "
"passed","Fri Jan 02 01:22:25 UTC 2026","Fri Jan 02 01:22:30 UTC 2026","5503","tests.catalog","test_delete_admin_product_translation","","","","test_delete_admin_product_translation_forbidden[partner]","Удаление перевода не-админом — должно вернуть 403."
"passed","Fri Jan 02 00:52:58 UTC 2026","Fri Jan 02 00:52:58 UTC 2026","197","tests.admin_panel.sliders","test_51_get_sliders","","","","test_get_sliders_forbidden[partner]","Негативный тест: получение списка слайдеров не админом"
"passed","Fri Jan 02 00:33:23 UTC 2026","Fri Jan 02 00:33:23 UTC 2026","187","tests.admin_panel","test_partner_accrual_details_common","","","","test_common_accrual_details_forbidden_to_non_admin[client]","
    Негатив: клиент/партнёр стучится в админ-ручку общей детализации → 403
    "
"passed","Fri Jan 02 00:25:16 UTC 2026","Fri Jan 02 00:25:17 UTC 2026","781","tests.PROJECT_EDUCATION.test_system","test_05_get_info","","","","test_get_info_invalid_id__400_or_404[]","Негатив: невалидный id в path"
"passed","Fri Jan 02 00:49:10 UTC 2026","Fri Jan 02 00:49:11 UTC 2026","838","tests.admin_panel.promo","test_72_create_promotion","","","","test_create_promotion_invalid_data[payload11-422]","Негативные тесты: невалидные данные"
"skipped","Fri Jan 02 01:18:35 UTC 2026","Fri Jan 02 01:18:35 UTC 2026","0","tests.cart","test_exclusive_preorder_cart_update_multi","","","","test_cart_update_multi_checks_quantity_after_permission_400[client]",""
"passed","Fri Jan 02 00:28:16 UTC 2026","Fri Jan 02 00:28:16 UTC 2026","194","tests.account","test_account_branded_wallet_upload","","","","test_upload_empty_string_returns_400[client]","Негатив: пустая строка → 400"
"skipped","Fri Jan 02 00:33:13 UTC 2026","Fri Jan 02 00:33:14 UTC 2026","820","tests.admin_panel","test_accrue_auto_bonus","","","","test_accrue_auto_bonus_invalid_payload[payload0-400]",""
"passed","Fri Jan 02 00:45:11 UTC 2026","Fri Jan 02 00:45:12 UTC 2026","189","tests.admin_panel.products","test_40_create_product_brand","","","","test_create_product_brand_forbidden[partner]","Негативный тест: создание бренда не-админом запрещено."
"passed","Fri Jan 02 01:37:14 UTC 2026","Fri Jan 02 01:37:14 UTC 2026","186","tests.delivery","test_get_emu_pickup_points","","","","test_get_emu_pickup_points_invalid_city_id_should_fail[True-admin]","Негатив: невалидные значения city_id → 400/422."
"passed","Fri Jan 02 01:24:44 UTC 2026","Fri Jan 02 01:24:44 UTC 2026","838","tests.catalog","test_product_get_by_id","","","","test_get_product_by_id_invalid_string[ ]","
    Негативный: ID строкового типа
    "
"failed","Fri Jan 02 01:45:54 UTC 2026","Fri Jan 02 01:46:10 UTC 2026","15884","tests.promo_time.new_year_lottery","test_new_year_lottery_accrual_and_views","","","","test_coupons_accrual_on_successful_payment","
    Позитив: при успешной оплате заказа начисляются купоны в new_year_lottery_coupons
    "
"passed","Fri Jan 02 00:50:16 UTC 2026","Fri Jan 02 00:50:18 UTC 2026","1236","tests.admin_panel.promo","test_74_update_promotion","","","","test_update_promotion_invalid_payload[payload1-400]","Негативный тест: обновление акции с невалидным или неполным телом запроса."
"passed","Fri Jan 02 01:08:49 UTC 2026","Fri Jan 02 01:08:52 UTC 2026","2928","tests.cart","test_08_cart_delete","","","","test_delete_cart_item_success[client]","Позитив: удаление позиции из корзины."
"passed","Fri Jan 02 00:38:23 UTC 2026","Fri Jan 02 00:38:25 UTC 2026","1801","tests.admin_panel.items","test_create_item","","","","test_create_item_success","Позитивный тест: успешное создание варианта товара (все поля)."
"skipped","Fri Jan 02 01:50:34 UTC 2026","Fri Jan 02 01:50:34 UTC 2026","0","tests.tickets","test_01_get_tickets","","","","test_get_tickets_success[filter1-sort0-search0-pagination0-client]","Позитивный тест: получение списка тикетов с разными комбинациями параметров"
"passed","Fri Jan 02 01:15:49 UTC 2026","Fri Jan 02 01:15:50 UTC 2026","269","tests.cart","test_14_cart_update_personal_data","","","","test_update_personal_data_success[partner-payload0]","
    Позитив: обновление персональных данных
    "
"passed","Fri Jan 02 00:43:15 UTC 2026","Fri Jan 02 00:43:15 UTC 2026","198","tests.admin_panel.periods","test_get_periods_list","","","","test_get_periods_list__200_contract[partner]",""
"failed","Fri Jan 02 00:25:43 UTC 2026","Fri Jan 02 00:25:45 UTC 2026","1968","tests.PROJECT_EDUCATION.test_system","test_06_get_result","","","","test_get_result__after_finish_single","
    1) Гасим активные сессии
    2) Стартуем тест
    3) Финишим
    4) Проверяем, что GET /result возвращает 200
    "
"passed","Fri Jan 02 00:51:28 UTC 2026","Fri Jan 02 00:51:29 UTC 2026","817","tests.admin_panel.promo","test_76_get_promotion_items","","","","test_get_promotion_item_invalid_id[-1--1]","Негативный тест: получение элемента с невалидным ID."
"skipped","Fri Jan 02 01:35:38 UTC 2026","Fri Jan 02 01:35:38 UTC 2026","368","tests.delivery","test_get_cities_v2","","","","test_get_cities_v2_invalid_country_id_should_fail[True-admin]","
    Негатив: невалидные значения country_id → 400/422.
    "
"passed","Fri Jan 02 00:27:21 UTC 2026","Fri Jan 02 00:27:21 UTC 2026","197","tests.account","test_0_top_partners_top_recruiters","","","","test_get_top_partners_top_recruiters_positive[admin]","Позитивные тесты на получение топ-партнеров по количеству активных партнеров"
"passed","Fri Jan 02 01:06:44 UTC 2026","Fri Jan 02 01:06:44 UTC 2026","196","tests.cart","test_02_get_delivery_cost","","","","test_get_delivery_cost_invalid_payload[client-payload6]","Негатив: некорректные входные данные."
"skipped","Fri Jan 02 00:29:42 UTC 2026","Fri Jan 02 00:29:42 UTC 2026","0","tests.account","test_history_personal_volumes","","","","test_get_personal_volumes_history_positive[partner-payload1]","Позитивные тесты на получение истории начисления личных объемов"
"passed","Fri Jan 02 01:13:44 UTC 2026","Fri Jan 02 01:13:48 UTC 2026","4402","tests.cart","test_12_cart_estimate_delivery","","","","test_estimate_delivery_success[partner-fargo-payload1]","
    Позитив: корзина с товаром, выбор способа доставки и расчёт стоимости для разных служб
    "
"passed","Fri Jan 02 01:44:09 UTC 2026","Fri Jan 02 01:44:10 UTC 2026","611","tests.one_c","test_create_1c_stock","","","","test_post_boxes_zero_and_large_values",""
"passed","Fri Jan 02 01:15:26 UTC 2026","Fri Jan 02 01:15:31 UTC 2026","4422","tests.cart","test_12_cart_estimate_delivery","","","","test_estimate_delivery_empty_payload[partner-payload0]","
    пустой payload для /cart/estimate_delivery при непустой корзине
    "
"passed","Fri Jan 02 01:16:13 UTC 2026","Fri Jan 02 01:16:14 UTC 2026","608","tests.cart","test_15_cart_update_country","","","","test_update_country_unauthorized","Негатив: вызов без авторизации/корзины."
"passed","Fri Jan 02 02:00:26 UTC 2026","Fri Jan 02 02:00:27 UTC 2026","606","tests.tickets","test_04_create_ticket","","","","test_create_ticket_unauthorized","Негативный тест: попытка создания тикета без авторизации"
"passed","Fri Jan 02 01:53:46 UTC 2026","Fri Jan 02 01:53:47 UTC 2026","1596","tests.tickets","test_04_create_ticket","","","","test_create_ticket_success[client-attachments2-QuestionsAboutTheWorkOfTheStructureAndMentors]","Позитивный тест: создание тикета с разными темами и вложениями для клиента, партнера и админа"
"passed","Fri Jan 02 01:27:43 UTC 2026","Fri Jan 02 01:27:48 UTC 2026","5315","tests.catalog","test_update_admin_product","","","","test_update_admin_product_invalid_payload[update_payload4-400]",""
"passed","Fri Jan 02 01:59:38 UTC 2026","Fri Jan 02 01:59:39 UTC 2026","1610","tests.tickets","test_04_create_ticket","","","","test_create_ticket_success[admin-attachments2-ReceivingProductsShortage]","Позитивный тест: создание тикета с разными темами и вложениями для клиента, партнера и админа"
"skipped","Fri Jan 02 01:50:34 UTC 2026","Fri Jan 02 01:50:34 UTC 2026","0","tests.tickets","test_01_get_tickets","","","","test_get_tickets_success[filter0-sort1-search2-pagination0-admin]","Позитивный тест: получение списка тикетов с разными комбинациями параметров"
"skipped","Fri Jan 02 01:49:24 UTC 2026","Fri Jan 02 01:49:24 UTC 2026","0","tests.stock","test_create_stock","","","","test_create_stock_with_empty_string_log_if_not_200[address.phones]",""
"passed","Fri Jan 02 02:01:37 UTC 2026","Fri Jan 02 02:01:38 UTC 2026","1212","tests.tickets","test_09_get_ticket_messages","","","","test_get_ticket_messages_positive[admin]","Позитивный тест: успешное получение списка сообщений тикета"
"passed","Fri Jan 02 01:00:28 UTC 2026","Fri Jan 02 01:00:31 UTC 2026","3033","tests.admin_panel.slides","test_61_upload_slides_images","","","","test_upload_slide_images_file_too_large[5.3-fields_to_send1-400]","Негативный тест: загрузка слишком большого изображения."
"skipped","Fri Jan 02 00:33:21 UTC 2026","Fri Jan 02 00:33:21 UTC 2026","0","tests.admin_panel","test_accrue_presidential_pool","","","","test_accrue_presidential_pool_invalid_payload[payload4-400]",""
"passed","Fri Jan 02 00:48:39 UTC 2026","Fri Jan 02 00:48:40 UTC 2026","197","tests.admin_panel.promo","test_71_get_promotions","","","","test_get_promotions_list_forbidden[client]","Негативный тест: получение списка акций не админом."
"passed","Fri Jan 02 01:57:03 UTC 2026","Fri Jan 02 01:57:04 UTC 2026","786","tests.tickets","test_04_create_ticket","","","","test_create_ticket_success[admin-attachments0-QuestionsAboutPaymentsToIP]","Позитивный тест: создание тикета с разными темами и вложениями для клиента, партнера и админа"
"passed","Fri Jan 02 00:42:46 UTC 2026","Fri Jan 02 00:42:47 UTC 2026","396","tests.admin_panel.periods","test_get_period_by_id","","","","test_get_period_by_id__200_strict[partner]",""
"skipped","Fri Jan 02 00:30:24 UTC 2026","Fri Jan 02 00:30:24 UTC 2026","0","tests.account","test_update_default_stock","","","","test_update_default_stock_positive[client-payload0]","Позитивные тесты на изменение дефолтного склада"
"passed","Fri Jan 02 01:09:07 UTC 2026","Fri Jan 02 01:09:07 UTC 2026","494","tests.cart","test_08_cart_delete","","","","test_delete_cart_item_invalid_payload[partner-payload1]","Негатив: невалидный payload при удалении позиции."
"passed","Fri Jan 02 01:01:33 UTC 2026","Fri Jan 02 01:01:35 UTC 2026","1921","tests.admin_panel.slides","test_61_upload_slides_images","","","","test_upload_only_single_slide_image_field[desktop_image-test_jpg.jpg-image/jpeg-desktop_image]","Проверка: загрузка только одного изображения не должна заполнять другие поля."
"passed","Fri Jan 02 01:46:52 UTC 2026","Fri Jan 02 01:46:52 UTC 2026","202","tests.register","test_01_register_form","","","","test_register_form_positive[partner-payload0]",""
"skipped","Fri Jan 02 02:02:06 UTC 2026","Fri Jan 02 02:02:08 UTC 2026","1671","tests.tickets","test_10_send_message_to_ticket","","","","test_send_message_validation[message_payload0-400]","Проверка валидации входных данных при отправке сообщений"
"passed","Fri Jan 02 01:51:02 UTC 2026","Fri Jan 02 01:51:02 UTC 2026","189","tests.tickets","test_01_get_tickets","","","","test_get_tickets_invalid_filter[invalid_filter1-400-partner]","Негативный тест: передаем некорректные параметры фильтрации"
"passed","Fri Jan 02 00:31:41 UTC 2026","Fri Jan 02 00:31:42 UTC 2026","1393","tests.admin_panel","test_04_generate_support_token","","","","test_admin_can_generate_support_token_default_ttl","
    POST /admin/support-users/{id}/token
    Без ttl → дефолт (30 суток).
    Проверяем:
    - 200 + поле token
    - в tokens добавилась ровно одна запись для (role=3, id=user_id).
    "
"passed","Fri Jan 02 00:43:06 UTC 2026","Fri Jan 02 00:43:06 UTC 2026","199","tests.admin_panel.periods","test_get_periods_current","","","","test_get_periods_current__200_strict[client]",""
"skipped","Fri Jan 02 01:48:40 UTC 2026","Fri Jan 02 01:48:40 UTC 2026","198","tests.statistic","test_team_go","","","","test_get_team_go_statistic_negative[payload0-admin]","Негативный тест: ошибка при получении статистики по команде с невалидным телом запроса"
"passed","Fri Jan 02 00:28:09 UTC 2026","Fri Jan 02 00:28:10 UTC 2026","1119","tests.account","test_account_branded_wallet_upload","","","","test_upload_upsert_current_period[partner]","Позитив: повторная загрузка подряд (upsert для текущего периода) — оба запроса успешны"
"skipped","Fri Jan 02 01:15:55 UTC 2026","Fri Jan 02 01:15:55 UTC 2026","202","tests.cart","test_14_cart_update_personal_data","","","","test_update_personal_data_invalid_payload[client-payload1]","
    Негатив: отсутствующие обязательные поля или невалидные значения
    "
"passed","Fri Jan 02 00:54:42 UTC 2026","Fri Jan 02 00:54:44 UTC 2026","1227","tests.admin_panel.sliders","test_54_update_slider","","","","test_update_slider_invalid_payload[payload4-expected_code4]","Негативный тест: обновление слайдера с невалидным или неполным телом запроса."
"skipped","Fri Jan 02 00:29:17 UTC 2026","Fri Jan 02 00:29:17 UTC 2026","0","tests.account","test_funds_transfer_list","","","","test_get_funds_transfer_list_positive[partner-payload1]","Позитивные тесты на получение истории переводов/выводов средств"
"passed","Fri Jan 02 01:49:30 UTC 2026","Fri Jan 02 01:49:30 UTC 2026","213","tests.stock","test_get_group_orders","","","","test_get_group_orders[partner]","Запрос всех складов для групповых заказов"
"skipped","Fri Jan 02 01:50:34 UTC 2026","Fri Jan 02 01:50:34 UTC 2026","0","tests.tickets","test_01_get_tickets","","","","test_get_tickets_success[filter1-sort0-search1-pagination0-partner]","Позитивный тест: получение списка тикетов с разными комбинациями параметров"
"passed","Fri Jan 02 01:08:53 UTC 2026","Fri Jan 02 01:08:56 UTC 2026","2840","tests.cart","test_08_cart_delete","","","","test_delete_cart_item_success[partner]","Позитив: удаление позиции из корзины."
"passed","Fri Jan 02 00:53:54 UTC 2026","Fri Jan 02 00:53:55 UTC 2026","814","tests.admin_panel.sliders","test_53_get_sliders_by_id","","","","test_get_sliders_invalid_id[0]","Негативный тест: получение слайдера по невалидному ID"
"skipped","Fri Jan 02 01:36:07 UTC 2026","Fri Jan 02 01:36:07 UTC 2026","186","tests.delivery","test_get_delivery_countries","","","","test_get_delivery_countries_invalid_from[-admin]","Негатив: невалидные значения параметра from → 400/422."
"passed","Fri Jan 02 00:26:11 UTC 2026","Fri Jan 02 00:26:11 UTC 2026","601","tests.PROJECT_FUND.initiatives","test_get_report_by_id","","","","test_get_report_by_invalid_id[-1-https://dev.ewahelps.com/api]","Негативный тест: невалидный или несуществующий path-параметр"
"passed","Fri Jan 02 00:29:21 UTC 2026","Fri Jan 02 00:29:21 UTC 2026","201","tests.account","test_get_account_exists","","","","test_get_account_exists_positive[params1-client]","Нкгатив: невлидны id"
"passed","Fri Jan 02 01:24:20 UTC 2026","Fri Jan 02 01:24:21 UTC 2026","839","tests.catalog","test_get_recommended_products","","","","test_get_recommended_products_invalid_id[None]","
    Негативный тест: передан некорректный ID (тип/значение)
    "
"passed","Fri Jan 02 01:37:24 UTC 2026","Fri Jan 02 01:37:24 UTC 2026","199","tests.delivery","test_get_europost_offices","","","","test_get_europost_offices_success[1573-partner]",""
"passed","Fri Jan 02 00:53:23 UTC 2026","Fri Jan 02 00:53:24 UTC 2026","814","tests.admin_panel.sliders","test_52_create_slider","","","","test_create_slider_invalid_payload[payload6-400]","Негативный тест: попытка создать слайдер с невалидным payload."
"passed","Fri Jan 02 01:13:21 UTC 2026","Fri Jan 02 01:13:26 UTC 2026","5164","tests.cart","test_12_cart_estimate_delivery","","","","test_estimate_delivery_success[client-dpd_courier-payload12]","
    Позитив: корзина с товаром, выбор способа доставки и расчёт стоимости для разных служб
    "
"passed","Fri Jan 02 01:08:14 UTC 2026","Fri Jan 02 01:08:15 UTC 2026","571","tests.cart","test_05_cart_clear","","","","test_clear_cart_unauthorized","Негатив: очистка корзины без авторизации/корзины"
"passed","Fri Jan 02 01:01:02 UTC 2026","Fri Jan 02 01:01:05 UTC 2026","3049","tests.admin_panel.slides","test_61_upload_slides_images","","","","test_upload_slide_images_file_too_large[5.3-fields_to_send7-400]","Негативный тест: загрузка слишком большого изображения."
"skipped","Fri Jan 02 01:49:24 UTC 2026","Fri Jan 02 01:49:24 UTC 2026","0","tests.stock","test_create_stock","","","","test_create_stock_with_empty_string_log_if_not_200[timezone.offset_min]",""
"passed","Fri Jan 02 01:48:47 UTC 2026","Fri Jan 02 01:48:47 UTC 2026","197","tests.statistic","test_team_registrations","","","","test_get_team_registration_statistic_positive[payload0-client]","Позитивный тест: получение статистики по регистрации команды с валидным телом запроса"
"failed","Fri Jan 02 00:23:29 UTC 2026","Fri Jan 02 00:23:31 UTC 2026","1941","tests.PROJECT_EDUCATION.test_system","test_01_start_test","","","","test_start_test_session__200_and_close_sessions",""
"passed","Fri Jan 02 01:16:44 UTC 2026","Fri Jan 02 01:16:44 UTC 2026","213","tests.cart","test_20_cart_share","","","","test_cart_share_success[client]","Позитив: успешное создание ссылки на корзину."
"skipped","Fri Jan 02 00:29:42 UTC 2026","Fri Jan 02 00:29:42 UTC 2026","0","tests.account","test_history_personal_volumes","","","","test_get_personal_volumes_history_positive[admin-payload0]","Позитивные тесты на получение истории начисления личных объемов"
"passed","Fri Jan 02 01:36:50 UTC 2026","Fri Jan 02 01:36:50 UTC 2026","197","tests.delivery","test_get_dpd_offices","","","","test_get_dpd_offices_invalid_city_id_should_fail[None-admin]",""
"passed","Fri Jan 02 01:30:17 UTC 2026","Fri Jan 02 01:30:20 UTC 2026","2874","tests.delivery","test_01_save_delivery_address","","","","test_save_delivery_address_positive[partner-payload3]","Позитивные тесты на сохранение адреса доставки"
"passed","Fri Jan 02 00:25:09 UTC 2026","Fri Jan 02 00:25:10 UTC 2026","783","tests.PROJECT_EDUCATION.test_system","test_05_get_info","","","","test_get_info_invalid_id__400_or_404[abc]","Негатив: невалидный id в path"
"passed","Fri Jan 02 01:06:42 UTC 2026","Fri Jan 02 01:06:42 UTC 2026","197","tests.cart","test_02_get_delivery_cost","","","","test_get_delivery_cost_invalid_payload[client-payload5]","Негатив: некорректные входные данные."
"passed","Fri Jan 02 01:04:48 UTC 2026","Fri Jan 02 01:04:49 UTC 2026","1230","tests.cart","test_01_user_locale","","","","test_update_user_locale_valid_payload_1[client-payload3]","
    Позитивный тест: Обновление языка/склада/локали авторизованным пользователем"
"skipped","Fri Jan 02 01:47:35 UTC 2026","Fri Jan 02 01:47:35 UTC 2026","0","tests.sockets","test_ws_chat_protocol","","","","test_ws_ping_keeps_connection[partner]","
    Позитив: шлём {""msg"": ""ping""} → соединение остаётся живым, потом
    можем нормально отправить subscribe_chat и увидеть сообщение в REST
    "
"passed","Fri Jan 02 01:43:53 UTC 2026","Fri Jan 02 01:43:53 UTC 2026","607","tests.one_c","test_create_1c_stock","","","","test_post_bad_request_or_unprocessable[<lambda>9]",""
"skipped","Fri Jan 02 01:36:08 UTC 2026","Fri Jan 02 01:36:09 UTC 2026","196","tests.delivery","test_get_delivery_countries","","","","test_get_delivery_countries_invalid_from[wrong-admin]","Негатив: невалидные значения параметра from → 400/422."
"skipped","Fri Jan 02 02:01:03 UTC 2026","Fri Jan 02 02:01:05 UTC 2026","1643","tests.tickets","test_06_close_ticket","","","","test_close_tickets_negative[admin-ticket_ids0-400]","Негативные тесты: закрытие с некорректными данными"
"passed","Fri Jan 02 01:55:10 UTC 2026","Fri Jan 02 01:55:12 UTC 2026","1836","tests.tickets","test_04_create_ticket","","","","test_create_ticket_success[partner-attachments1-QuestionsAboutTheHousingAndCarProgram]","Позитивный тест: создание тикета с разными темами и вложениями для клиента, партнера и админа"
"passed","Fri Jan 02 00:50:29 UTC 2026","Fri Jan 02 00:50:31 UTC 2026","1260","tests.admin_panel.promo","test_74_update_promotion","","","","test_update_promotion_invalid_payload[payload5-400]","Негативный тест: обновление акции с невалидным или неполным телом запроса."
"skipped","Fri Jan 02 01:16:38 UTC 2026","Fri Jan 02 01:16:39 UTC 2026","229","tests.cart","test_19_cart_empty_suggestions","","","","test_cart_empty_suggestions_success[client]","Позитив: получение рекомендаций при пустой корзине."
"passed","Fri Jan 02 00:26:44 UTC 2026","Fri Jan 02 00:26:44 UTC 2026","198","tests.account","test_0_funds_transfer_withdrawal_info","","","","test_get_withdrawal_info_positive[client-403]","Позитивные тесты на получение информации о выводе средств"
"passed","Fri Jan 02 01:10:28 UTC 2026","Fri Jan 02 01:10:29 UTC 2026","572","tests.cart","test_11_cart_save_delivery_method","","","","test_save_delivery_method_success[client-GeorgianPost]","
    Позитив: сохранение способа доставки для всех значений без корзины
    "
"passed","Fri Jan 02 01:01:28 UTC 2026","Fri Jan 02 01:01:30 UTC 2026","2351","tests.admin_panel.slides","test_61_upload_slides_images","","","","test_upload_only_single_slide_image_field[preview-test_png.png-image/png-preview]","Проверка: загрузка только одного изображения не должна заполнять другие поля."
"skipped","Fri Jan 02 01:47:08 UTC 2026","Fri Jan 02 01:47:08 UTC 2026","201","tests.register","test_01_register_form","","","","test_register_form_negative[admin-payload1-400]",""
"passed","Fri Jan 02 00:29:17 UTC 2026","Fri Jan 02 00:29:17 UTC 2026","192","tests.account","test_get_account_exists","","","","test_get_account_exists_positive[params0-client]","Нкгатив: невлидны id"
"skipped","Fri Jan 02 01:50:22 UTC 2026","Fri Jan 02 01:50:22 UTC 2026","0","tests.stock","test_update_stock","","","","test_update_stock_success",""
"passed","Fri Jan 02 02:00:08 UTC 2026","Fri Jan 02 02:00:09 UTC 2026","792","tests.tickets","test_04_create_ticket","","","","test_create_ticket_invalid_request_type[admin-None-200]","Негативный тест: попытка создания тикета с неверным типом request_type"
"skipped","Fri Jan 02 01:49:16 UTC 2026","Fri Jan 02 01:49:17 UTC 2026","198","tests.statistic","test_team_registrations","","","","test_get_team_registration_statistic_negative[payload1-partner]","Негативный тест: ошибка при получении статистики регистрации команды с невалидным телом запроса"
"passed","Fri Jan 02 00:46:52 UTC 2026","Fri Jan 02 00:46:53 UTC 2026","1237","tests.admin_panel.products","test_42_update_product_brand","","","","test_update_product_brand_invalid_payload[payload7-422]","Негативный тест: обновление бренда с невалидным или неполным телом запроса."
"passed","Fri Jan 02 00:50:06 UTC 2026","Fri Jan 02 00:50:07 UTC 2026","826","tests.admin_panel.promo","test_74_update_promotion","","","","test_update_promotion_invalid_id[0]","Негативный тест: несуществующий или некорректный ID."
"skipped","Fri Jan 02 01:04:18 UTC 2026","Fri Jan 02 01:04:18 UTC 2026","0","tests.auth","test_04_refresh","","","","test_refresh_token_success[admin]","Тест успешного обновления токена через refresh-токен."
"passed","Fri Jan 02 00:27:50 UTC 2026","Fri Jan 02 00:27:51 UTC 2026","866","tests.account","test_account_branded_wallet_upload","","","","test_upload_success[valid_png.png-client]","Позитив: валидное изображение (PNG/JPG) → 200 + корректная схема"
"passed","Fri Jan 02 01:34:08 UTC 2026","Fri Jan 02 01:34:08 UTC 2026","202","tests.delivery","test_get_boxberry_offices","","","","test_get_boxberry_offices_invalid_city_id_should_fail[0-admin]",""
"passed","Fri Jan 02 01:42:29 UTC 2026","Fri Jan 02 01:42:31 UTC 2026","2259","tests.one_c","test_create_1c_stock","","","","test_post_update_persists_and_get_reflects",""
"passed","Fri Jan 02 01:57:07 UTC 2026","Fri Jan 02 01:57:07 UTC 2026","811","tests.tickets","test_04_create_ticket","","","","test_create_ticket_success[admin-attachments0-QuestionsAboutTheHousingAndCarProgram]","Позитивный тест: создание тикета с разными темами и вложениями для клиента, партнера и админа"
"passed","Fri Jan 02 00:45:00 UTC 2026","Fri Jan 02 00:45:00 UTC 2026","188","tests.admin_panel.products","test_39_get_product_brands","","","","test_get_product_brands_forbidden[partner]","Негативный тест: получение списка брендов не админом."
"skipped","Fri Jan 02 00:26:54 UTC 2026","Fri Jan 02 00:26:54 UTC 2026","0","tests.account","test_0_marathon","","","","test_create_product_brand_invalid_payload[params5-400-partner]",""
"passed","Fri Jan 02 01:47:30 UTC 2026","Fri Jan 02 01:47:30 UTC 2026","797","tests.register","test_03_register_client","","","","test_register_client_negative[payload1-400]","Тест: негативные тесты для регистрации клиента вручную"
"passed","Fri Jan 02 00:45:31 UTC 2026","Fri Jan 02 00:45:31 UTC 2026","819","tests.admin_panel.products","test_40_create_product_brand","","","","test_create_product_brand_invalid_payload[payload9-expected_codes9]","Негативные кейсы: невалидные поля при создании бренда."
"passed","Fri Jan 02 01:29:00 UTC 2026","Fri Jan 02 01:29:01 UTC 2026","1106","tests.chat_support","test_01_support_chat_messages_post","","","","test_create_message_visible_in_messages_list[client]","
    Позитив: отправленное сообщение появляется в /support-chat/messages
    "
"passed","Fri Jan 02 00:49:43 UTC 2026","Fri Jan 02 00:49:43 UTC 2026","781","tests.admin_panel.promo","test_73_get_promotion_by_id","","","","test_get_promotion_invalid_id[1.5]","Негативный тест: получение акции по невалидному ID."
"passed","Fri Jan 02 00:48:13 UTC 2026","Fri Jan 02 00:48:17 UTC 2026","4249","tests.admin_panel.products","test_44_upload_product_brand_images","","","","test_upload_product_brand_images_various_fields[4.7-fields_to_send2-204]","Негативный тест. Загрузка слишком большого изображения."
"skipped","Fri Jan 02 00:33:21 UTC 2026","Fri Jan 02 00:33:21 UTC 2026","0","tests.admin_panel","test_accrue_gold_pro_gift","","","","test_accrue_gold_pro_gift_unauthorized",""
"skipped","Fri Jan 02 02:01:52 UTC 2026","Fri Jan 02 02:01:53 UTC 2026","814","tests.tickets","test_09_get_ticket_messages","","","","test_get_ticket_messages_invalid_id_format[1.5]","Негативный тест: запрос с некорректным ID (строка, спецсимволы, пустое значение)"
"passed","Fri Jan 02 00:28:37 UTC 2026","Fri Jan 02 00:28:38 UTC 2026","595","tests.account","test_account_branded_wallet_upload","","","","test_upload_branded_wallet_unauthorized","Негатив: без авторизации → 401"
"skipped","Fri Jan 02 01:50:34 UTC 2026","Fri Jan 02 01:50:34 UTC 2026","0","tests.tickets","test_01_get_tickets","","","","test_get_tickets_success[filter1-sort0-search0-pagination1-partner]","Позитивный тест: получение списка тикетов с разными комбинациями параметров"
"passed","Fri Jan 02 01:21:40 UTC 2026","Fri Jan 02 01:21:41 UTC 2026","787","tests.catalog","test_create_admin_product_translation","","","","test_create_admin_product_translation_invalid_payload[payload1-400]","Негативные проверки на создание перевода с некорректным payload."
"passed","Fri Jan 02 01:35:52 UTC 2026","Fri Jan 02 01:35:52 UTC 2026","191","tests.delivery","test_get_delivery_countries","","","","test_get_delivery_countries_success[delivery-partner]","Позитив: успешное получение списка стран с разными значениями ?from=."
"passed","Fri Jan 02 00:38:55 UTC 2026","Fri Jan 02 00:38:56 UTC 2026","1023","tests.admin_panel.items","test_create_item","","","","test_create_item_invalid_payload[payload6-expected_code6]","
    Негативный тест: создание варианта с невалидным телом запроса.
    Если сервер внезапно вернул успех — удаляем созданный item из БД.
    "
"skipped","Fri Jan 02 00:33:21 UTC 2026","Fri Jan 02 00:33:21 UTC 2026","0","tests.admin_panel","test_accrue_gold_pro_gift","","","","test_accrue_gold_pro_gift_invalid_payload[payload2-400]",""
"passed","Fri Jan 02 01:04:06 UTC 2026","Fri Jan 02 01:04:06 UTC 2026","198","tests.auth","test_03_token_auth","","","","test_auth_by_valid_token[client]","Тест успешной авторизации по валидному токену"
"skipped","Fri Jan 02 00:29:42 UTC 2026","Fri Jan 02 00:29:42 UTC 2026","0","tests.account","test_history_personal_volumes","","","","test_get_personal_volumes_history_positive[client-payload1]","Позитивные тесты на получение истории начисления личных объемов"
"passed","Fri Jan 02 00:46:25 UTC 2026","Fri Jan 02 00:46:25 UTC 2026","854","tests.admin_panel.products","test_42_update_product_brand","","","","test_update_product_brand_invalid_id[9999999]","Негативный тест: несуществующий или некорректный ID."
"passed","Fri Jan 02 01:31:21 UTC 2026","Fri Jan 02 01:31:24 UTC 2026","2225","tests.delivery","test_01_save_delivery_address","","","","test_save_delivery_address_negative[partner-payload2-400]","Негативные тесты на сохранение адреса доставки"
"passed","Fri Jan 02 00:27:02 UTC 2026","Fri Jan 02 00:27:03 UTC 2026","413","tests.account","test_0_referral_links","","","","test_get_referral_links_positive[partner-200]","Позитивные тесты на получение реферальных ссылок"
"skipped","Fri Jan 02 00:30:07 UTC 2026","Fri Jan 02 00:30:07 UTC 2026","0","tests.account","test_token","","","","test_add_token_positive[partner-payload1]","Позитивные тесты на добавление токена"
"passed","Fri Jan 02 01:39:53 UTC 2026","Fri Jan 02 01:39:53 UTC 2026","215","tests.delivery","test_self_pickup_offices","","","","test_self_pickup_offices_success_basic[admin]","
    Позитив: успешное получение списка офисов по city_id.
    Допускается пустой список (если в городе нет офисов).
    "
"passed","Fri Jan 02 01:53:54 UTC 2026","Fri Jan 02 01:53:56 UTC 2026","1624","tests.tickets","test_04_create_ticket","","","","test_create_ticket_success[client-attachments2-QuestionsAboutTheRewardSystemMarketingPlan]","Позитивный тест: создание тикета с разными темами и вложениями для клиента, партнера и админа"
"passed","Fri Jan 02 01:36:21 UTC 2026","Fri Jan 02 01:36:21 UTC 2026","191","tests.delivery","test_get_delivery_regions","","","","test_get_delivery_regions_success[partner]","Позитив: успешное получение списка регионов."
"passed","Fri Jan 02 00:58:10 UTC 2026","Fri Jan 02 00:58:11 UTC 2026","784","tests.admin_panel.slides","test_59_update_slide","","","","test_update_slide_invalid_id[9999999]","Негативный тест: несуществующий или некорректный ID."
"passed","Fri Jan 02 01:12:23 UTC 2026","Fri Jan 02 01:12:27 UTC 2026","4125","tests.cart","test_12_cart_estimate_delivery","","","","test_estimate_delivery_success[client-fargo-payload2]","
    Позитив: корзина с товаром, выбор способа доставки и расчёт стоимости для разных служб
    "
"skipped","Fri Jan 02 00:29:06 UTC 2026","Fri Jan 02 00:29:06 UTC 2026","0","tests.account","test_delete_avatar","","","","test_delete_avatar_positive[client]","Позитивные тесты на удаление аватара"
"skipped","Fri Jan 02 01:50:34 UTC 2026","Fri Jan 02 01:50:34 UTC 2026","0","tests.tickets","test_01_get_tickets","","","","test_get_tickets_success[filter1-sort1-search2-pagination0-partner]","Позитивный тест: получение списка тикетов с разными комбинациями параметров"
"passed","Fri Jan 02 00:28:45 UTC 2026","Fri Jan 02 00:28:45 UTC 2026","879","tests.account","test_add_cover_url","","","","test_add_cover_full_payload[admin]",""
"skipped","Fri Jan 02 00:33:21 UTC 2026","Fri Jan 02 00:33:21 UTC 2026","0","tests.admin_panel","test_accrue_gold_pro_gift","","","","test_accrue_gold_pro_gift_invalid_payload[payload0-400]",""
"passed","Fri Jan 02 00:39:04 UTC 2026","Fri Jan 02 00:39:05 UTC 2026","1006","tests.admin_panel.items","test_create_item","","","","test_create_item_invalid_payload[payload9-expected_code9]","
    Негативный тест: создание варианта с невалидным телом запроса.
    Если сервер внезапно вернул успех — удаляем созданный item из БД.
    "
"failed","Fri Jan 02 01:33:29 UTC 2026","Fri Jan 02 01:33:34 UTC 2026","4784","tests.delivery","test_03_delete_delivery_address","","","","test_delete_delivery_address_permissions[authorize_client-authorize_partner-True]","Права доступа при удалении адресов"
"skipped","Fri Jan 02 00:35:17 UTC 2026","Fri Jan 02 00:35:17 UTC 2026","0","tests.admin_panel.categories","test_50_upload_category_images","","","","test_upload_only_single_image_field_should_not_fill_others[icon-test_png.png-image/png-icon]","Проверка: загрузка только одного из полей (icon, image, image_site) не должна заполнять другие."
"passed","Fri Jan 02 00:43:33 UTC 2026","Fri Jan 02 00:43:33 UTC 2026","197","tests.admin_panel.periods","test_put_admin_dev_period_end_time","","","","test_put_admin_dev_period_end_time__forbidden[client]",""
"passed","Fri Jan 02 01:55:02 UTC 2026","Fri Jan 02 01:55:03 UTC 2026","799","tests.tickets","test_04_create_ticket","","","","test_create_ticket_success[partner-attachments0-ReceivingProductsShortage]","Позитивный тест: создание тикета с разными темами и вложениями для клиента, партнера и админа"
"passed","Fri Jan 02 00:42:26 UTC 2026","Fri Jan 02 00:42:28 UTC 2026","1829","tests.admin_panel.items","test_update_item","","","","test_update_item_invalid_payload[payload5-422]","Негативный тест: обновление item с невалидным или неполным телом запроса."
"skipped","Fri Jan 02 00:35:17 UTC 2026","Fri Jan 02 00:35:17 UTC 2026","0","tests.admin_panel.categories","test_50_upload_category_images","","","","test_upload_category_images_forbidden[client]","Негативный тест: неадмин не может загрузить изображения категории."
"skipped","Fri Jan 02 01:22:39 UTC 2026","Fri Jan 02 01:22:39 UTC 2026","0","tests.catalog","test_exclusive_preorder_products_by_id","","","","test_products_by_id_exclusive_in_stock_with_permission[client]","
    Позитив:
      - берём product_id+item_id по /products/list (exclusive)
      - permission remaining_quantity=2
      - /products/{id} должен отдать availability слот для stock_id:
           is_exclusive_preorder_only==True (если поле есть)
           is_visible==True (если поле есть)
           in_stock==2 (если поле есть)
    "
"skipped","Fri Jan 02 01:45:27 UTC 2026","Fri Jan 02 01:45:27 UTC 2026","0","tests.orders","test_orders_v2_pay","","","","test_orders_v2_pay_invalid_data[invalid_payload0-400]","Негативный тест: отправка некорректных данных"
"passed","Fri Jan 02 01:46:50 UTC 2026","Fri Jan 02 01:46:50 UTC 2026","196","tests.register","test_01_register_form","","","","test_register_form_positive[client-payload0]",""
"passed","Fri Jan 02 01:19:34 UTC 2026","Fri Jan 02 01:19:35 UTC 2026","978","tests.catalog","test_create_admin_product","","","","test_create_product_invalid_payload[payload0-400]",""
"passed","Fri Jan 02 01:23:42 UTC 2026","Fri Jan 02 01:23:42 UTC 2026","581","tests.catalog","test_get_item_by_id","","","","test_get_item_unauthorized","
    Негативный тест: запрос без авторизации. в данном слчае 200
    "
"passed","Fri Jan 02 01:10:57 UTC 2026","Fri Jan 02 01:11:00 UTC 2026","3226","tests.cart","test_11_cart_save_delivery_method","","","","test_save_delivery_method_success_with_cart[partner-Europost]","
    Позитив: сохранение способа доставки для всех значений с корзиной
    "
"passed","Fri Jan 02 01:52:39 UTC 2026","Fri Jan 02 01:52:41 UTC 2026","1823","tests.tickets","test_04_create_ticket","","","","test_create_ticket_success[client-attachments1-QuestionsAboutInternationalDelivery]","Позитивный тест: создание тикета с разными темами и вложениями для клиента, партнера и админа"
"passed","Fri Jan 02 00:28:47 UTC 2026","Fri Jan 02 00:28:48 UTC 2026","875","tests.account","test_add_cover_url","","","","test_add_cover_min_payload[client]",""
"passed","Fri Jan 02 01:39:30 UTC 2026","Fri Jan 02 01:39:30 UTC 2026","193","tests.delivery","test_get_self_pickup_offices","","","","test_get_self_pickup_offices_invalid_city_id_should_fail[bad_city_id7-admin]","Негатив: невалидные значения city_id → 400/422."
"skipped","Fri Jan 02 01:50:34 UTC 2026","Fri Jan 02 01:50:34 UTC 2026","0","tests.tickets","test_01_get_tickets","","","","test_get_tickets_success[filter1-sort0-search2-pagination1-client]","Позитивный тест: получение списка тикетов с разными комбинациями параметров"
"passed","Fri Jan 02 00:47:02 UTC 2026","Fri Jan 02 00:47:03 UTC 2026","1269","tests.admin_panel.products","test_43_delete_product_brand","","","","test_delete_product_brand_success","Позитивный тест: успешное удаление бренда."
"passed","Fri Jan 02 01:53:15 UTC 2026","Fri Jan 02 01:53:17 UTC 2026","1790","tests.tickets","test_04_create_ticket","","","","test_create_ticket_success[client-attachments1-ReceivingDefectiveProducts]","Позитивный тест: создание тикета с разными темами и вложениями для клиента, партнера и админа"
"passed","Fri Jan 02 01:47:50 UTC 2026","Fri Jan 02 01:47:51 UTC 2026","197","tests.statistic","test_team_activations","","","","test_get_team_activation_statistic_positive[payload1-admin]","Позитивный тест: получение статистики по активации команды с валидным телом запроса"
"skipped","Fri Jan 02 01:50:34 UTC 2026","Fri Jan 02 01:50:34 UTC 2026","0","tests.tickets","test_01_get_tickets","","","","test_get_tickets_success[filter2-sort0-search2-pagination1-admin]","Позитивный тест: получение списка тикетов с разными комбинациями параметров"
"passed","Fri Jan 02 01:57:20 UTC 2026","Fri Jan 02 01:57:21 UTC 2026","808","tests.tickets","test_04_create_ticket","","","","test_create_ticket_success[admin-attachments0-QuestionsAboutTheWorkOfTheStructureAndMentors]","Позитивный тест: создание тикета с разными темами и вложениями для клиента, партнера и админа"
"passed","Fri Jan 02 01:05:53 UTC 2026","Fri Jan 02 01:05:53 UTC 2026","323","tests.cart","test_02_get_delivery_cost","","","","test_get_delivery_cost_success_region_available_false[client]","
    Позитив: успешное получение ТК, отправляя только country_id и city_name
    (Country.is_region_available = false).
    "
"skipped","Fri Jan 02 00:33:06 UTC 2026","Fri Jan 02 00:33:07 UTC 2026","809","tests.admin_panel","test_accrue_auto_bonus","","","","test_accrue_auto_bonus_for_client",""
"passed","Fri Jan 02 01:29:13 UTC 2026","Fri Jan 02 01:29:14 UTC 2026","709","tests.chat_support","test_02_support_chat_messages_get","","","","test_get_support_chat_messages_basic[client]","
    Позитив: /support-chat/messages отдаёт список сообщений с навигацией
    "
"passed","Fri Jan 02 00:29:41 UTC 2026","Fri Jan 02 00:29:41 UTC 2026","195","tests.account","test_get_account_exists","","","","test_get_account_exists_positive[params6-admin]","Нкгатив: невлидны id"
"passed","Fri Jan 02 01:37:40 UTC 2026","Fri Jan 02 01:37:41 UTC 2026","191","tests.delivery","test_get_fargo_offices","","","","test_get_fargo_offices_missing_city_id_should_fail[admin]","Негатив: отсутствует обязательный query-параметр city_id → 400/422."
"passed","Fri Jan 02 01:49:07 UTC 2026","Fri Jan 02 01:49:07 UTC 2026","199","tests.statistic","test_team_registrations","","","","test_get_team_registration_statistic_positive[payload3-admin]","Позитивный тест: получение статистики по регистрации команды с валидным телом запроса"
"skipped","Fri Jan 02 01:22:39 UTC 2026","Fri Jan 02 01:22:39 UTC 2026","0","tests.catalog","test_exclusive_preorder_products_list","","","","test_products_list_exclusive_flags_types_contract[partner]","
    Жёсткий контракт по типам:
      - если is_exclusive_preorder_only присутствует => bool
      - если is_visible присутствует => bool
      - если in_stock присутствует => int
    "
"passed","Fri Jan 02 01:11:38 UTC 2026","Fri Jan 02 01:11:41 UTC 2026","2781","tests.cart","test_11_cart_save_delivery_method","","","","test_save_delivery_method_success_with_cart[partner-Fargo]","
    Позитив: сохранение способа доставки для всех значений с корзиной
    "
"skipped","Fri Jan 02 01:49:24 UTC 2026","Fri Jan 02 01:49:24 UTC 2026","0","tests.stock","test_create_stock","","","","test_create_stock_with_empty_string_log_if_not_200[timezone.id]",""
"skipped","Fri Jan 02 01:47:35 UTC 2026","Fri Jan 02 01:47:35 UTC 2026","0","tests.sockets","test_bot_adversarial_answers","","","","test_chatbot_adversarial_answers_matrix[partner-partner]",""
"passed","Fri Jan 02 00:33:57 UTC 2026","Fri Jan 02 00:33:58 UTC 2026","822","tests.admin_panel","test_partner_accrual_details_main_bonus","","","","test_main_bonus_details_invalid_query_params[query3-expected_codes3]","
    Негатив: валидация query-параметров main-bonus
    "
"passed","Fri Jan 02 00:31:24 UTC 2026","Fri Jan 02 00:31:24 UTC 2026","826","tests.admin_panel","test_03_support_delete_user","","","","test_partner_cannot_delete_support",""
"passed","Fri Jan 02 01:51:00 UTC 2026","Fri Jan 02 01:51:00 UTC 2026","197","tests.tickets","test_01_get_tickets","","","","test_get_tickets_invalid_filter[invalid_filter1-400-client]","Негативный тест: передаем некорректные параметры фильтрации"
"passed","Fri Jan 02 01:59:42 UTC 2026","Fri Jan 02 01:59:42 UTC 2026","199","tests.tickets","test_04_create_ticket","","","","test_create_ticket_invalid_request_type[client-invalid_request_type-400]","Негативный тест: попытка создания тикета с неверным типом request_type"
"skipped","Fri Jan 02 01:50:34 UTC 2026","Fri Jan 02 01:50:34 UTC 2026","0","tests.tickets","test_01_get_tickets","","","","test_get_tickets_success[filter2-sort0-search0-pagination1-client]","Позитивный тест: получение списка тикетов с разными комбинациями параметров"
"passed","Fri Jan 02 01:40:15 UTC 2026","Fri Jan 02 01:40:15 UTC 2026","201","tests.delivery","test_self_pickup_offices","","","","test_self_pickup_offices_invalid_params[partner-params3]","
    Негатив: невалидные параметры -> 400 с телом ошибки.
    "
"passed","Fri Jan 02 01:13:03 UTC 2026","Fri Jan 02 01:13:08 UTC 2026","4282","tests.cart","test_12_cart_estimate_delivery","","","","test_estimate_delivery_success[client-cdek-payload9]","
    Позитив: корзина с товаром, выбор способа доставки и расчёт стоимости для разных служб
    "
"skipped","Fri Jan 02 01:38:46 UTC 2026","Fri Jan 02 01:38:46 UTC 2026","311","tests.delivery","test_get_kgpost_offices","","","","test_get_kgpost_offices_success[208110-partner]",""
"passed","Fri Jan 02 01:07:03 UTC 2026","Fri Jan 02 01:07:04 UTC 2026","1184","tests.cart","test_03_cart_get","","","","test_get_cart_unauthorized","Негатив: запрос без авторизации/корзины."
"passed","Fri Jan 02 01:59:55 UTC 2026","Fri Jan 02 01:59:55 UTC 2026","766","tests.tickets","test_04_create_ticket","","","","test_create_ticket_invalid_request_type[partner--200]","Негативный тест: попытка создания тикета с неверным типом request_type"
"skipped","Fri Jan 02 02:00:42 UTC 2026","Fri Jan 02 02:00:43 UTC 2026","1633","tests.tickets","test_06_close_ticket","","","","test_close_tickets_negative[client-ticket_ids0-400]","Негативные тесты: закрытие с некорректными данными"
"passed","Fri Jan 02 01:29:18 UTC 2026","Fri Jan 02 01:29:20 UTC 2026","2085","tests.chat_support","test_02_support_chat_messages_get","","","","test_get_support_chat_messages_pagination_moves_forward[client]","
    Позитив: при увеличении page номера сообщения не повторяются полностью
    Создаём 5 сообщений, затем сравниваем наборы uuid на page=0 и page=1.
    "
"passed","Fri Jan 02 00:45:51 UTC 2026","Fri Jan 02 00:45:53 UTC 2026","1845","tests.admin_panel.products","test_41_get_product_brand_by_id","","","","test_get_product_brands_by_id_forbidden[partner]","Негативный тест: получение бренда по ID не админом"
"passed","Fri Jan 02 01:52:05 UTC 2026","Fri Jan 02 01:52:06 UTC 2026","762","tests.tickets","test_04_create_ticket","","","","test_create_ticket_success[client-attachments0-QuestionsAboutTheRewardSystemMarketingPlan]","Позитивный тест: создание тикета с разными темами и вложениями для клиента, партнера и админа"
"skipped","Fri Jan 02 01:50:34 UTC 2026","Fri Jan 02 01:50:34 UTC 2026","0","tests.tickets","test_01_get_tickets","","","","test_get_tickets_success[filter0-sort0-search1-pagination1-admin]","Позитивный тест: получение списка тикетов с разными комбинациями параметров"
"passed","Fri Jan 02 01:31:40 UTC 2026","Fri Jan 02 01:31:42 UTC 2026","2127","tests.delivery","test_01_save_delivery_address","","","","test_save_delivery_address_negative[partner-payload6-400]","Негативные тесты на сохранение адреса доставки"
"skipped","Fri Jan 02 01:50:34 UTC 2026","Fri Jan 02 01:50:34 UTC 2026","0","tests.tickets","test_01_get_tickets","","","","test_get_tickets_success[filter0-sort0-search2-pagination0-admin]","Позитивный тест: получение списка тикетов с разными комбинациями параметров"
"passed","Fri Jan 02 01:48:58 UTC 2026","Fri Jan 02 01:48:58 UTC 2026","205","tests.statistic","test_team_registrations","","","","test_get_team_registration_statistic_positive[payload2-client]","Позитивный тест: получение статистики по регистрации команды с валидным телом запроса"
"skipped","Fri Jan 02 00:29:06 UTC 2026","Fri Jan 02 00:29:06 UTC 2026","0","tests.account","test_delete","","","","test_delete_account_positive[partner]","Позитивные тесты на удаление аккаунта"
"skipped","Fri Jan 02 01:50:34 UTC 2026","Fri Jan 02 01:50:34 UTC 2026","0","tests.tickets","test_01_get_tickets","","","","test_get_tickets_success[filter0-sort0-search2-pagination1-admin]","Позитивный тест: получение списка тикетов с разными комбинациями параметров"
"passed","Fri Jan 02 01:08:11 UTC 2026","Fri Jan 02 01:08:11 UTC 2026","307","tests.cart","test_05_cart_clear","","","","test_clear_cart_success[client]","Позитив: успешная очистка корзины"
"passed","Fri Jan 02 00:53:56 UTC 2026","Fri Jan 02 00:53:57 UTC 2026","820","tests.admin_panel.sliders","test_53_get_sliders_by_id","","","","test_get_sliders_invalid_id[None]","Негативный тест: получение слайдера по невалидному ID"
"skipped","Fri Jan 02 01:38:40 UTC 2026","Fri Jan 02 01:38:40 UTC 2026","187","tests.delivery","test_get_kazpost_offices","","","","test_get_kazpost_offices_invalid_city_id_should_fail[0-admin]","Негатив: невалидные значения city_id → 400/422."
"passed","Fri Jan 02 01:44:56 UTC 2026","Fri Jan 02 01:44:57 UTC 2026","197","tests.orders","test_create_order_by_delivery_address","","","","test_create_order_invalid_data[invalid_payload0-partner]","Негативные тесты: создание заказа с некорректными данными"
"passed","Fri Jan 02 01:09:31 UTC 2026","Fri Jan 02 01:09:31 UTC 2026","373","tests.cart","test_10_cart_save_city","","","","test_save_city_by_id_success[partner]","Позитив: сохранение города по city_id."
"passed","Fri Jan 02 01:12:28 UTC 2026","Fri Jan 02 01:12:33 UTC 2026","4354","tests.cart","test_12_cart_estimate_delivery","","","","test_estimate_delivery_success[client-kgpost-payload3]","
    Позитив: корзина с товаром, выбор способа доставки и расчёт стоимости для разных служб
    "
"skipped","Fri Jan 02 01:35:40 UTC 2026","Fri Jan 02 01:35:40 UTC 2026","193","tests.delivery","test_get_cities_v2","","","","test_get_cities_v2_invalid_country_id_should_fail[bad_country_id6-admin]","
    Негатив: невалидные значения country_id → 400/422.
    "
"passed","Fri Jan 02 01:52:23 UTC 2026","Fri Jan 02 01:52:24 UTC 2026","782","tests.tickets","test_04_create_ticket","","","","test_create_ticket_success[client-attachments0-ReceivingProductsShortage]","Позитивный тест: создание тикета с разными темами и вложениями для клиента, партнера и админа"
"skipped","Fri Jan 02 00:26:54 UTC 2026","Fri Jan 02 00:26:54 UTC 2026","0","tests.account","test_0_marathon","","","","test_get_marathon_is_purchased_negative[partner-400]","Негативный кейс — проверяет приобретал ли аккаунт марафонский набор (все поля)"
"passed","Fri Jan 02 00:58:45 UTC 2026","Fri Jan 02 00:58:46 UTC 2026","1268","tests.admin_panel.slides","test_59_update_slide","","","","test_update_slide_invalid_payload[payload9-400]","Негативный тест: обновление слайда с невалидным или неполным телом запроса."
"passed","Fri Jan 02 01:47:31 UTC 2026","Fri Jan 02 01:47:32 UTC 2026","851","tests.register","test_03_register_client","","","","test_register_client_negative[payload2-400]","Тест: негативные тесты для регистрации клиента вручную"
"passed","Fri Jan 02 01:23:18 UTC 2026","Fri Jan 02 01:23:18 UTC 2026","823","tests.catalog","test_get_admin_product_translation","","","","test_get_admin_product_translation_invalid_id[abc]","Проверка получения перевода по невалидному product_id."
"skipped","Fri Jan 02 01:05:22 UTC 2026","Fri Jan 02 01:05:22 UTC 2026","0","tests.cart","test_01_user_locale","","","","test_update_user_locale_valid_payload[payload4]","
    Позитивный тест: Обновление языка/склада/локали НЕавторизованным пользователем с указанной корзиной в cookie.
    "
"passed","Fri Jan 02 00:41:15 UTC 2026","Fri Jan 02 00:41:16 UTC 2026","803","tests.admin_panel.items","test_get_item_translation","","","","test_get_item_translation_invalid_id[1.5]",""
"skipped","Fri Jan 02 00:43:37 UTC 2026","Fri Jan 02 00:43:37 UTC 2026","0","tests.admin_panel.products","test_01_create_product_group","","","","test_create_product_group_with_duplicate_items","Негативный тест: попытка создать продукт группы с одинаковыми items."
"passed","Fri Jan 02 00:39:21 UTC 2026","Fri Jan 02 00:39:24 UTC 2026","2829","tests.admin_panel.items","test_create_item_translation","","","","test_create_item_translation_success[kk]",""
"passed","Fri Jan 02 01:37:15 UTC 2026","Fri Jan 02 01:37:16 UTC 2026","196","tests.delivery","test_get_emu_pickup_points","","","","test_get_emu_pickup_points_invalid_city_id_should_fail[None-admin]","Негатив: невалидные значения city_id → 400/422."
"passed","Fri Jan 02 01:32:46 UTC 2026","Fri Jan 02 01:32:46 UTC 2026","198","tests.delivery","test_02_get_delivery_address","","","","test_get_delivery_addresses_invalid_pagination[invalid_pagination2-client]","Негатив: некорректные параметры пагинации"
"passed","Fri Jan 02 01:03:03 UTC 2026","Fri Jan 02 01:03:04 UTC 2026","1010","tests.admin_panel.users","test_post_admin_users_exclusive_preorder_permissions","","","","test_post_exclusive_preorder_permissions_validation_errors_400[payload2]","
    Негатив: некорректный payload
    "
"passed","Fri Jan 02 00:53:12 UTC 2026","Fri Jan 02 00:53:13 UTC 2026","816","tests.admin_panel.sliders","test_52_create_slider","","","","test_create_slider_invalid_payload[payload0-expected_code0]","Негативный тест: попытка создать слайдер с невалидным payload."
"passed","Fri Jan 02 00:26:02 UTC 2026","Fri Jan 02 00:26:02 UTC 2026","836","tests.PROJECT_FUND.initiatives","test_get_initiative_by_id","","","","test_get_initiative_by_invalid_id[-https://dev.ewahelps.com/api]",""
"passed","Fri Jan 02 00:55:08 UTC 2026","Fri Jan 02 00:55:10 UTC 2026","1270","tests.admin_panel.sliders","test_54_update_slider","","","","test_update_slider_invalid_payload[payload12-422]","Негативный тест: обновление слайдера с невалидным или неполным телом запроса."
"passed","Fri Jan 02 00:33:12 UTC 2026","Fri Jan 02 00:33:12 UTC 2026","600","tests.admin_panel","test_accrue_auto_bonus","","","","test_accrue_auto_bonus_unauthorized",""
"skipped","Fri Jan 02 00:30:07 UTC 2026","Fri Jan 02 00:30:07 UTC 2026","0","tests.account","test_update","","","","test_update_account_positive[client-payload0]","Позитивные тесты на обновление данных аккаунта"
"passed","Fri Jan 02 01:18:16 UTC 2026","Fri Jan 02 01:18:16 UTC 2026","195","tests.cart","test_23_cart_calculate_delivery_flag","","","","test_update_multi_empty_items_list[client]",""
"passed","Fri Jan 02 01:58:20 UTC 2026","Fri Jan 02 01:58:22 UTC 2026","1804","tests.tickets","test_04_create_ticket","","","","test_create_ticket_success[admin-attachments1-QuestionsAboutTheRewardSystemMarketingPlan]","Позитивный тест: создание тикета с разными темами и вложениями для клиента, партнера и админа"
"passed","Fri Jan 02 01:33:45 UTC 2026","Fri Jan 02 01:33:45 UTC 2026","186","tests.delivery","test_03_delete_delivery_address","","","","test_delete_delivery_address_invalid_id[abc-admin]","Негатив: удаление адреса с некорректным ID"
"passed","Fri Jan 02 00:25:20 UTC 2026","Fri Jan 02 00:25:21 UTC 2026","801","tests.PROJECT_EDUCATION.test_system","test_05_get_info","","","","test_get_info_invalid_id__400_or_404[999999]","Негатив: невалидный id в path"
"skipped","Fri Jan 02 01:50:34 UTC 2026","Fri Jan 02 01:50:34 UTC 2026","0","tests.tickets","test_01_get_tickets","","","","test_get_tickets_success[filter0-sort1-search2-pagination0-partner]","Позитивный тест: получение списка тикетов с разными комбинациями параметров"
"passed","Fri Jan 02 01:48:51 UTC 2026","Fri Jan 02 01:48:51 UTC 2026","194","tests.statistic","test_team_registrations","","","","test_get_team_registration_statistic_positive[payload0-admin]","Позитивный тест: получение статистики по регистрации команды с валидным телом запроса"
"skipped","Fri Jan 02 01:50:34 UTC 2026","Fri Jan 02 01:50:34 UTC 2026","0","tests.tickets","test_01_get_tickets","","","","test_get_tickets_success[filter2-sort0-search0-pagination0-partner]","Позитивный тест: получение списка тикетов с разными комбинациями параметров"
"skipped","Fri Jan 02 00:29:42 UTC 2026","Fri Jan 02 00:29:42 UTC 2026","0","tests.account","test_history_admin","","","","test_get_admin_history_positive[partner-payload0]","Позитивные тесты на получение истории бонусов для админа"
"passed","Fri Jan 02 01:57:57 UTC 2026","Fri Jan 02 01:57:59 UTC 2026","1810","tests.tickets","test_04_create_ticket","","","","test_create_ticket_success[admin-attachments1-QuestionsAboutOrders]","Позитивный тест: создание тикета с разными темами и вложениями для клиента, партнера и админа"
"skipped","Fri Jan 02 01:49:24 UTC 2026","Fri Jan 02 01:49:24 UTC 2026","0","tests.stock","test_create_stock","","","","test_create_stock_with_empty_string_log_if_not_200[is_office_entry_enabled]",""
"skipped","Fri Jan 02 00:23:23 UTC 2026","Fri Jan 02 00:23:23 UTC 2026","0","tests.PROJECT_EDUCATION.orders","test_get_orders","","","","test_get_orders_200_authorized__schema_strict","
    Позитив: авторизованный пользователь получает список своих заказов
    "
"passed","Fri Jan 02 01:34:13 UTC 2026","Fri Jan 02 01:34:14 UTC 2026","186","tests.delivery","test_get_boxberry_offices","","","","test_get_boxberry_offices_invalid_city_id_should_fail[None-admin]",""
"passed","Fri Jan 02 00:54:21 UTC 2026","Fri Jan 02 00:54:22 UTC 2026","822","tests.admin_panel.sliders","test_54_update_slider","","","","test_update_slider_invalid_id[-1]","Негативный тест: несуществующий или некорректный ID."
"passed","Fri Jan 02 00:45:46 UTC 2026","Fri Jan 02 00:45:48 UTC 2026","1857","tests.admin_panel.products","test_41_get_product_brand_by_id","","","","test_get_product_brands_by_id_forbidden[client]","Негативный тест: получение бренда по ID не админом"
"skipped","Fri Jan 02 01:40:56 UTC 2026","Fri Jan 02 01:40:57 UTC 2026","1018","tests.fund","test_get_top_donors","","","","test_get_top_donors_invalid_params[invalid_param3-https://dev.ewahelps.com/api]","Негатив: неверные параметры должны дать 400 (при рабочем маршруте)."
"passed","Fri Jan 02 00:30:13 UTC 2026","Fri Jan 02 00:30:14 UTC 2026","1131","tests.account","test_update_avatar","","","","test_update_avatar_positive[partner-payload0]","Позитивные тесты на обновление аватара"
"passed","Fri Jan 02 00:24:23 UTC 2026","Fri Jan 02 00:24:23 UTC 2026","379","tests.PROJECT_EDUCATION.test_system","test_03_user_answers","","","","test_user_answers_unauthorized__401_or_404",""
"passed","Fri Jan 02 00:59:20 UTC 2026","Fri Jan 02 00:59:22 UTC 2026","1262","tests.admin_panel.slides","test_59_update_slide","","","","test_update_slide_invalid_payload[payload20-422]","Негативный тест: обновление слайда с невалидным или неполным телом запроса."
"passed","Fri Jan 02 00:48:56 UTC 2026","Fri Jan 02 00:48:57 UTC 2026","820","tests.admin_panel.promo","test_72_create_promotion","","","","test_create_promotion_invalid_data[payload3-400]","Негативные тесты: невалидные данные"
"passed","Fri Jan 02 00:35:18 UTC 2026","Fri Jan 02 00:35:19 UTC 2026","1003","tests.admin_panel.categories","test_56_v2_create_category","","","","test_v2_create_category_success","Позитивный тест: успешное создание категории (все поля)."
"passed","Fri Jan 02 00:53:20 UTC 2026","Fri Jan 02 00:53:21 UTC 2026","819","tests.admin_panel.sliders","test_52_create_slider","","","","test_create_slider_invalid_payload[payload4-expected_code4]","Негативный тест: попытка создать слайдер с невалидным payload."
"passed","Fri Jan 02 00:33:02 UTC 2026","Fri Jan 02 00:33:03 UTC 2026","879","tests.admin_panel","test_05_admin_support_users_token_revoke_all","","","","test_invalid_user_id_for_revoke_all_returns_client_error[1.23]",""
"skipped","Fri Jan 02 01:49:24 UTC 2026","Fri Jan 02 01:49:24 UTC 2026","0","tests.stock","test_create_stock","","","","test_create_stock_with_empty_string_log_if_not_200[timezone.name]",""
"failed","Fri Jan 02 00:23:25 UTC 2026","Fri Jan 02 00:23:27 UTC 2026","1860","tests.PROJECT_EDUCATION.test_system","test_00_full_integration","","","","test_full_flow_test_system",""
"passed","Fri Jan 02 00:28:33 UTC 2026","Fri Jan 02 00:28:36 UTC 2026","2933","tests.account","test_account_branded_wallet_upload","","","","test_upload_too_large_returns_400[partner]","Негатив: слишком большой файл (>5MB) → 400"
"passed","Fri Jan 02 00:33:10 UTC 2026","Fri Jan 02 00:33:11 UTC 2026","197","tests.admin_panel","test_accrue_auto_bonus","","","","test_accrue_auto_bonus_forbidden[partner]",""
"skipped","Fri Jan 02 01:35:14 UTC 2026","Fri Jan 02 01:35:14 UTC 2026","245","tests.delivery","test_get_cities_v2","","","","test_get_cities_v2_invalid_city_name_should_fail[-admin]","
    Негатив: невалидные значения city_name → 400/422.
    "
"passed","Fri Jan 02 00:25:39 UTC 2026","Fri Jan 02 00:25:39 UTC 2026","790","tests.PROJECT_EDUCATION.test_system","test_06_get_result","","","","test_get_result_invalid_id__400_or_404[999999]",""
"passed","Fri Jan 02 00:25:04 UTC 2026","Fri Jan 02 00:25:05 UTC 2026","799","tests.PROJECT_EDUCATION.test_system","test_04_finish_test","","","","test_finish_test_invalid_id__400_or_404[999999]",""
"skipped","Fri Jan 02 01:38:41 UTC 2026","Fri Jan 02 01:38:42 UTC 2026","605","tests.delivery","test_get_kazpost_offices","","","","test_get_kazpost_offices_unauthorized","Негатив: запрос без авторизации."
"passed","Fri Jan 02 00:48:41 UTC 2026","Fri Jan 02 00:48:41 UTC 2026","189","tests.admin_panel.promo","test_71_get_promotions","","","","test_get_promotions_list_forbidden[partner]","Негативный тест: получение списка акций не админом."
"passed","Fri Jan 02 01:07:59 UTC 2026","Fri Jan 02 01:08:00 UTC 2026","742","tests.cart","test_04_cart_full_data","","","","test_get_cart_full_data_unauthorized","
    позитив: вызов /cart/full_data без авторизации
    "
"passed","Fri Jan 02 01:02:33 UTC 2026","Fri Jan 02 01:02:34 UTC 2026","1008","tests.admin_panel.users","test_delete_admin_users_exclusive_preorder_permissions","","","","test_delete_exclusive_preorder_permissions_validation_error_400[payload3]","
    Негатив: некорректный item_id
    "
"passed","Fri Jan 02 01:44:50 UTC 2026","Fri Jan 02 01:44:53 UTC 2026","3079","tests.orders","test_create_order_by_delivery_address","","","","test_create_order_permissions[authorize_partner-authorize_client-404]","Тест: проверка прав доступа при создании заказа по сохраненному адресу"
"passed","Fri Jan 02 01:32:53 UTC 2026","Fri Jan 02 01:32:54 UTC 2026","196","tests.delivery","test_02_get_delivery_address","","","","test_get_delivery_addresses_invalid_pagination[invalid_pagination3-partner]","Негатив: некорректные параметры пагинации"
"passed","Fri Jan 02 00:45:29 UTC 2026","Fri Jan 02 00:45:30 UTC 2026","822","tests.admin_panel.products","test_40_create_product_brand","","","","test_create_product_brand_invalid_payload[payload8-expected_codes8]","Негативные кейсы: невалидные поля при создании бренда."
"skipped","Fri Jan 02 01:16:03 UTC 2026","Fri Jan 02 01:16:03 UTC 2026","199","tests.cart","test_14_cart_update_personal_data","","","","test_update_personal_data_invalid_payload[partner-payload2]","
    Негатив: отсутствующие обязательные поля или невалидные значения
    "
"skipped","Fri Jan 02 00:43:37 UTC 2026","Fri Jan 02 00:43:37 UTC 2026","0","tests.admin_panel.products","test_01_create_product_group","","","","test_create_product_group_unauthorized","Негативный тест: создание продукт группы без авторизации."
"passed","Fri Jan 02 00:34:50 UTC 2026","Fri Jan 02 00:34:51 UTC 2026","602","tests.admin_panel.categories","test_47_get_categories_by_id","","","","test_get_categories_unauthorized","Негативный тест: получение категории без авторизации."
"passed","Fri Jan 02 00:55:12 UTC 2026","Fri Jan 02 00:55:13 UTC 2026","1436","tests.admin_panel.sliders","test_55_delete_sliders","","","","test_delete_slider_success","Позитивный тест: успешное удаление слайдера."
"passed","Fri Jan 02 01:03:55 UTC 2026","Fri Jan 02 01:03:55 UTC 2026","200","tests.auth","test_02_login","","","","test_client_login[client-invalid_email@example.com-123123-401]",""
"skipped","Fri Jan 02 01:35:22 UTC 2026","Fri Jan 02 01:35:22 UTC 2026","194","tests.delivery","test_get_cities_v2","","","","test_get_cities_v2_invalid_city_name_should_fail[None-admin]","
    Негатив: невалидные значения city_name → 400/422.
    "
"passed","Fri Jan 02 00:42:40 UTC 2026","Fri Jan 02 00:42:40 UTC 2026","608","tests.admin_panel.periods","test_get_approved_marketing_periods","","","","test_get_admin_approved_marketing_periods__unauthorized",""
"passed","Fri Jan 02 00:26:07 UTC 2026","Fri Jan 02 00:26:08 UTC 2026","1057","tests.PROJECT_FUND.initiatives","test_get_report_by_id","","","","test_get_report_by_valid_id[https://dev.ewahelps.com/api]","Позитивный тест: получение отчета по существующему ID"
"skipped","Fri Jan 02 01:50:34 UTC 2026","Fri Jan 02 01:50:34 UTC 2026","0","tests.tickets","test_01_get_tickets","","","","test_get_tickets_success[filter1-sort1-search1-pagination1-admin]","Позитивный тест: получение списка тикетов с разными комбинациями параметров"
"passed","Fri Jan 02 00:56:48 UTC 2026","Fri Jan 02 00:56:48 UTC 2026","824","tests.admin_panel.slides","test_57_create_slide","","","","test_create_slide_invalid_payload[payload16-422]","Негативные тесты: некорректные и неполные payload'ы."
"passed","Fri Jan 02 00:42:48 UTC 2026","Fri Jan 02 00:42:48 UTC 2026","195","tests.admin_panel.periods","test_get_period_by_id","","","","test_get_period_by_id__invalid_id_400_404[admin-]",""
"passed","Fri Jan 02 01:25:02 UTC 2026","Fri Jan 02 01:25:03 UTC 2026","195","tests.catalog","test_product_get_by_slug","","","","test_get_product_by_slug_wrong_method[put-client]","
    Негативный: неверный HTTP-метод для GET /products/{slug}
    "
"passed","Fri Jan 02 01:43:20 UTC 2026","Fri Jan 02 01:43:22 UTC 2026","2423","tests.one_c","test_create_1c_stock","","","","test_office_flag_roundtrip_get_only","
    Поведение поля is_office_entry_enabled:
    - при True сервер (GET) обязан вернуть поле и значение True;
    - при False сервер может либо не вернуть поле (omitempty), либо вернуть явный False.
    "
"passed","Fri Jan 02 01:05:07 UTC 2026","Fri Jan 02 01:05:07 UTC 2026","740","tests.cart","test_01_user_locale","","","","test_update_user_locale_valid_payload_1[partner-payload2]","
    Позитивный тест: Обновление языка/склада/локали авторизованным пользователем"
"passed","Fri Jan 02 00:33:33 UTC 2026","Fri Jan 02 00:33:34 UTC 2026","822","tests.admin_panel","test_partner_accrual_details_common","","","","test_common_accrual_details_invalid_payload[payload2-expected_codes2]","
    Негатив: валидация тела запроса общей детализации.
    "
"skipped","Fri Jan 02 01:45:05 UTC 2026","Fri Jan 02 01:45:05 UTC 2026","0","tests.orders","test_group_order_change_country","","","","test_change_country_success[authorize_partner-200]","Позитивные тесты: успешное изменение страны в групповом заказе"
"passed","Fri Jan 02 00:40:41 UTC 2026","Fri Jan 02 00:40:42 UTC 2026","788","tests.admin_panel.items","test_delete_item_translation","","","","test_delete_item_translation_invalid_id[-1]","Негативный тест: удаление перевода с невалидным или несуществующим ID item."
"skipped","Fri Jan 02 01:45:26 UTC 2026","Fri Jan 02 01:45:26 UTC 2026","0","tests.orders","test_group_order_change_country","","","","test_change_country_updates_sub_orders","Интеграционный тест: проверка обновления страны у всех привязанных заказов"
"passed","Fri Jan 02 00:25:29 UTC 2026","Fri Jan 02 00:25:30 UTC 2026","802","tests.PROJECT_EDUCATION.test_system","test_06_get_result","","","","test_get_result_invalid_id__400_or_404[-1]",""
"passed","Fri Jan 02 01:24:30 UTC 2026","Fri Jan 02 01:24:30 UTC 2026","195","tests.catalog","test_get_recommended_products","","","","test_get_recommended_products_wrong_method[put-admin]","
    Негативный тест: отправка неверного HTTP-метода на ручку GET
    "
"skipped","Fri Jan 02 00:29:42 UTC 2026","Fri Jan 02 00:29:42 UTC 2026","0","tests.account","test_get_languages","","","","test_get_languages_success[client-123-400]","Возвращает список языков, доступных для перевода"
"passed","Fri Jan 02 00:47:41 UTC 2026","Fri Jan 02 00:47:42 UTC 2026","1463","tests.admin_panel.products","test_44_upload_product_brand_images","","","","test_upload_product_brand_images_formats[invalid.pdf-application/pdf-400]","Проверка загрузки изображений бренда в разных форматах: негативные и позитивные кейсы."
"skipped","Fri Jan 02 02:00:17 UTC 2026","Fri Jan 02 02:00:17 UTC 2026","0","tests.tickets","test_04_create_ticket","","","","test_create_ticket_invalid_message[client-]","Негативный тест: создание тикета без сообщения"
"skipped","Fri Jan 02 01:50:34 UTC 2026","Fri Jan 02 01:50:34 UTC 2026","0","tests.tickets","test_01_get_tickets","","","","test_get_tickets_success[filter1-sort1-search0-pagination0-client]","Позитивный тест: получение списка тикетов с разными комбинациями параметров"
"skipped","Fri Jan 02 00:59:45 UTC 2026","Fri Jan 02 00:59:48 UTC 2026","2832","tests.admin_panel.slides","test_61_upload_slides_images","","","","test_upload_slide_images_success","Позитивный тест: успешная загрузка изображений слайда через multipart/form-data."
"skipped","Fri Jan 02 00:29:42 UTC 2026","Fri Jan 02 00:29:42 UTC 2026","0","tests.account","test_list_csv","","","","test_get_account_list_csv_positive[admin-payload1]","Позитивные тесты на выгрузку структуры партнеров в CSV"
"passed","Fri Jan 02 01:30:51 UTC 2026","Fri Jan 02 01:30:53 UTC 2026","2370","tests.delivery","test_01_save_delivery_address","","","","test_save_delivery_address_negative[client-payload5-400]","Негативные тесты на сохранение адреса доставки"
"skipped","Fri Jan 02 00:29:17 UTC 2026","Fri Jan 02 00:29:17 UTC 2026","0","tests.account","test_family_agreement_update_status","","","","test_update_family_agreement_status_positive[client-payload0]","Позитивные тесты на изменение статуса семейного соглашения"
"failed","Fri Jan 02 01:44:43 UTC 2026","Fri Jan 02 01:44:46 UTC 2026","3167","tests.orders","test_create_order_by_delivery_address","","","","test_create_order_permissions[authorize_partner-authorize_partner-200]","Тест: проверка прав доступа при создании заказа по сохраненному адресу"
"passed","Fri Jan 02 01:36:25 UTC 2026","Fri Jan 02 01:36:25 UTC 2026","195","tests.delivery","test_get_delivery_regions","","","","test_get_delivery_regions_missing_required_params[admin]","Негатив: отсутствие обязательных параметров page/page_size/country_id → 400/422."
"skipped","Fri Jan 02 00:43:37 UTC 2026","Fri Jan 02 00:43:37 UTC 2026","0","tests.admin_panel.products","test_01_create_product_group","","","","test_create_product_group_forbidden[partner]","Негативный тест: создание продукт группы не-админом запрещено."
"skipped","Fri Jan 02 00:29:42 UTC 2026","Fri Jan 02 00:29:42 UTC 2026","0","tests.account","test_history_personal_volumes_admin","","","","test_get_personal_volumes_history_admin_positive[admin-payload0]","Позитивные тесты на получение истории начисления личных объемов для админа"
"skipped","Fri Jan 02 01:50:34 UTC 2026","Fri Jan 02 01:50:34 UTC 2026","0","tests.tickets","test_01_get_tickets","","","","test_get_tickets_success[filter1-sort1-search0-pagination0-partner]","Позитивный тест: получение списка тикетов с разными комбинациями параметров"
"passed","Fri Jan 02 01:35:50 UTC 2026","Fri Jan 02 01:35:51 UTC 2026","193","tests.delivery","test_get_delivery_countries","","","","test_get_delivery_countries_success[delivery-client]","Позитив: успешное получение списка стран с разными значениями ?from=."
"passed","Fri Jan 02 00:52:21 UTC 2026","Fri Jan 02 00:52:22 UTC 2026","843","tests.admin_panel.promo","test_77_create_promotion_item","","","","test_create_promotion_item_invalid_ids[1-999999-404]",""
"passed","Fri Jan 02 00:52:52 UTC 2026","Fri Jan 02 00:52:53 UTC 2026","813","tests.admin_panel.promo","test_78_delete_promotion_item","","","","test_delete_promotion_item_invalid_id[999999-999999]","Негативный тест: удаление элемента акции с невалидным ID продукта."
"passed","Fri Jan 02 01:02:38 UTC 2026","Fri Jan 02 01:02:38 UTC 2026","393","tests.admin_panel.users","test_get_admin_users_exclusive_preorder_permissions","","","","test_get_exclusive_preorder_permissions_requires_admin[partner]","
    клиент/партнёр не могут читать список permissions → 403
    "
"passed","Fri Jan 02 01:43:16 UTC 2026","Fri Jan 02 01:43:18 UTC 2026","1991","tests.one_c","test_create_1c_stock","","","","test_full_address_autobuild_compact_without_parentheses",""
"passed","Fri Jan 02 00:45:54 UTC 2026","Fri Jan 02 00:45:55 UTC 2026","818","tests.admin_panel.products","test_41_get_product_brand_by_id","","","","test_get_product_brand_invalid_id[abc]","Негативный тест: получение бренда по невалидному ID"
"passed","Fri Jan 02 01:21:02 UTC 2026","Fri Jan 02 01:21:08 UTC 2026","5640","tests.catalog","test_create_admin_product_translation","","","","test_create_admin_product_translation_success[mn]","Создание и обновление перевода продукта на разных языках."
"passed","Fri Jan 02 01:10:10 UTC 2026","Fri Jan 02 01:10:11 UTC 2026","579","tests.cart","test_11_cart_save_delivery_method","","","","test_save_delivery_method_success[client-DPD]","
    Позитив: сохранение способа доставки для всех значений без корзины
    "
"passed","Fri Jan 02 00:45:20 UTC 2026","Fri Jan 02 00:45:20 UTC 2026","784","tests.admin_panel.products","test_40_create_product_brand","","","","test_create_product_brand_invalid_payload[payload3-expected_codes3]","Негативные кейсы: невалидные поля при создании бренда."
"passed","Fri Jan 02 00:52:11 UTC 2026","Fri Jan 02 00:52:12 UTC 2026","1251","tests.admin_panel.promo","test_77_create_promotion_item","","","","test_create_promotion_item_invalid_payload[payload6-422]",""
"skipped","Fri Jan 02 01:49:24 UTC 2026","Fri Jan 02 01:49:24 UTC 2026","0","tests.stock","test_create_stock","","","","test_create_stock_with_empty_string_log_if_not_200[address.latitude]",""
"passed","Fri Jan 02 01:05:15 UTC 2026","Fri Jan 02 01:05:16 UTC 2026","800","tests.cart","test_01_user_locale","","","","test_update_user_locale_valid_payload_1[partner-payload5]","
    Позитивный тест: Обновление языка/склада/локали авторизованным пользователем"
"passed","Fri Jan 02 01:15:43 UTC 2026","Fri Jan 02 01:15:44 UTC 2026","605","tests.cart","test_13_cart_delete_estimate_delivery","","","","test_drop_estimate_delivery_unauthorized",""
"passed","Fri Jan 02 01:29:11 UTC 2026","Fri Jan 02 01:29:12 UTC 2026","189","tests.chat_support","test_01_support_chat_messages_post","","","","test_create_message_wrong_field_types_returns_400[client-payload1]","
    Негатив: неверные типы полей → 400
    "
"passed","Fri Jan 02 00:50:23 UTC 2026","Fri Jan 02 00:50:24 UTC 2026","1238","tests.admin_panel.promo","test_74_update_promotion","","","","test_update_promotion_invalid_payload[payload3-400]","Негативный тест: обновление акции с невалидным или неполным телом запроса."
"passed","Fri Jan 02 00:26:16 UTC 2026","Fri Jan 02 00:26:17 UTC 2026","815","tests.PROJECT_FUND.initiatives","test_get_report_by_id","","","","test_get_report_by_invalid_id[9999999-https://dev.ewahelps.com/api]","Негативный тест: невалидный или несуществующий path-параметр"
"passed","Fri Jan 02 00:53:16 UTC 2026","Fri Jan 02 00:53:17 UTC 2026","816","tests.admin_panel.sliders","test_52_create_slider","","","","test_create_slider_invalid_payload[payload2-expected_code2]","Негативный тест: попытка создать слайдер с невалидным payload."
"passed","Fri Jan 02 01:06:08 UTC 2026","Fri Jan 02 01:06:08 UTC 2026","220","tests.cart","test_02_get_delivery_cost","","","","test_get_delivery_cost_success_partial_payload[client-payload4-400]","
    Позитив/граничные: сочетания полей региона/города
    "
"passed","Fri Jan 02 01:02:21 UTC 2026","Fri Jan 02 01:02:23 UTC 2026","2810","tests.admin_panel.users","test_delete_admin_users_exclusive_preorder_permissions","","","","test_delete_exclusive_preorder_permissions_success","
    Позитив:
    - создаём permission
    - удаляем
    - проверяем, что запись пропала из GET
    "
"passed","Fri Jan 02 01:38:57 UTC 2026","Fri Jan 02 01:38:57 UTC 2026","242","tests.delivery","test_get_rupost_offices","","","","test_get_rupost_offices_success[439930-client]",""
"passed","Fri Jan 02 01:40:22 UTC 2026","Fri Jan 02 01:40:22 UTC 2026","193","tests.delivery","test_self_pickup_offices","","","","test_self_pickup_offices_invalid_params[admin-params3]","
    Негатив: невалидные параметры -> 400 с телом ошибки.
    "
"passed","Fri Jan 02 01:39:28 UTC 2026","Fri Jan 02 01:39:28 UTC 2026","192","tests.delivery","test_get_self_pickup_offices","","","","test_get_self_pickup_offices_invalid_city_id_should_fail[None-admin]","Негатив: невалидные значения city_id → 400/422."
"passed","Fri Jan 02 00:53:05 UTC 2026","Fri Jan 02 00:53:06 UTC 2026","1055","tests.admin_panel.sliders","test_52_create_slider","","","","test_create_slider_success","Позитивный тест: успешное создание слайдера (все поля)."
"passed","Fri Jan 02 01:19:36 UTC 2026","Fri Jan 02 01:19:37 UTC 2026","975","tests.catalog","test_create_admin_product","","","","test_create_product_invalid_payload[payload1-400]",""
"passed","Fri Jan 02 01:47:47 UTC 2026","Fri Jan 02 01:47:47 UTC 2026","193","tests.statistic","test_team_activations","","","","test_get_team_activation_statistic_positive[payload1-client]","Позитивный тест: получение статистики по активации команды с валидным телом запроса"
"passed","Fri Jan 02 01:49:50 UTC 2026","Fri Jan 02 01:49:50 UTC 2026","195","tests.stock","test_get_stock_by_id","","","","test_get_stock_by_invalid_id[-1-admin]","Невалидные значения ID склада"
"passed","Fri Jan 02 01:45:04 UTC 2026","Fri Jan 02 01:45:04 UTC 2026","196","tests.orders","test_create_order_by_delivery_address","","","","test_create_order_invalid_data[invalid_payload1-admin]","Негативные тесты: создание заказа с некорректными данными"
"skipped","Fri Jan 02 01:05:22 UTC 2026","Fri Jan 02 01:05:22 UTC 2026","0","tests.cart","test_01_user_locale","","","","test_update_user_locale_valid_payload[payload8]","
    Позитивный тест: Обновление языка/склада/локали НЕавторизованным пользователем с указанной корзиной в cookie.
    "
"skipped","Fri Jan 02 02:01:46 UTC 2026","Fri Jan 02 02:01:47 UTC 2026","830","tests.tickets","test_09_get_ticket_messages","","","","test_get_ticket_messages_invalid_id_format[0]","Негативный тест: запрос с некорректным ID (строка, спецсимволы, пустое значение)"
"passed","Fri Jan 02 00:36:51 UTC 2026","Fri Jan 02 00:36:52 UTC 2026","814","tests.admin_panel.categories","test_79_get_category_translation","","","","test_get_category_translation_invalid_id[0]",""
"passed","Fri Jan 02 01:33:58 UTC 2026","Fri Jan 02 01:33:59 UTC 2026","1217","tests.delivery","test_get_boxberry_offices","","","","test_get_boxberry_offices_success[5-admin]",""
"passed","Fri Jan 02 00:44:24 UTC 2026","Fri Jan 02 00:44:27 UTC 2026","2975","tests.admin_panel.products","test_02_recommended_products_add","","","","test_add_recommendation_no_rights[partner]","Пользователь без прав пытается добавить рекомендации"
"skipped","Fri Jan 02 00:29:57 UTC 2026","Fri Jan 02 00:29:57 UTC 2026","197","tests.account","test_post_downgrade_user","","","","test_downgrade_validation_errors[bad_payload0-admin]","
    Валидация: битый payload → 400/422.
    "
"skipped","Fri Jan 02 01:50:34 UTC 2026","Fri Jan 02 01:50:34 UTC 2026","0","tests.tickets","test_01_get_tickets","","","","test_get_tickets_success[filter0-sort1-search1-pagination0-admin]","Позитивный тест: получение списка тикетов с разными комбинациями параметров"
"skipped","Fri Jan 02 00:27:49 UTC 2026","Fri Jan 02 00:27:49 UTC 2026","0","tests.account","test_account_branded_wallet_get","","","","test_get_without_image_returns_null_url[client]","
    Позитив: за произвольный (будущий) период нет изображения → image_url == null
    "
"passed","Fri Jan 02 01:35:10 UTC 2026","Fri Jan 02 01:35:11 UTC 2026","196","tests.delivery","test_get_cities_v2","","","","test_get_cities_v2_success[params1-admin]","
    Позитив: успешное получение списка городов (обязателен city_name, country_id — опционален).
    "
"passed","Fri Jan 02 00:31:36 UTC 2026","Fri Jan 02 00:31:37 UTC 2026","785","tests.admin_panel","test_03_support_delete_user","","","","test_not_found_returns_404","
    Корректный id, но пользователя нет — 404.
    "
"passed","Fri Jan 02 00:34:20 UTC 2026","Fri Jan 02 00:34:21 UTC 2026","611","tests.admin_panel.categories","test_45_get_categories","","","","test_get_categories_unauthorized","Негативный тест: получение категорий без авторизации."
"passed","Fri Jan 02 00:52:13 UTC 2026","Fri Jan 02 00:52:14 UTC 2026","816","tests.admin_panel.promo","test_77_create_promotion_item","","","","test_create_promotion_item_invalid_ids[None-None-404]",""
"passed","Fri Jan 02 01:39:39 UTC 2026","Fri Jan 02 01:39:39 UTC 2026","193","tests.delivery","test_mongpost_postcodes","","","","test_get_mongpost_postcodes_success[admin]","Позитивный тест: успешное получение списка почтовых индексов монгольской почты"
"skipped","Fri Jan 02 01:35:31 UTC 2026","Fri Jan 02 01:35:32 UTC 2026","521","tests.delivery","test_get_cities_v2","","","","test_get_cities_v2_invalid_country_id_should_fail[-1-admin]","
    Негатив: невалидные значения country_id → 400/422.
    "
"passed","Fri Jan 02 01:34:17 UTC 2026","Fri Jan 02 01:34:17 UTC 2026","195","tests.delivery","test_get_boxberry_offices","","","","test_get_boxberry_offices_invalid_city_id_should_fail[bad_city_id8-admin]",""
"passed","Fri Jan 02 01:44:30 UTC 2026","Fri Jan 02 01:44:31 UTC 2026","595","tests.one_c","test_get_1с_stock","","","","test_get_stock_bad_request[params3]",""
"passed","Fri Jan 02 01:11:47 UTC 2026","Fri Jan 02 01:11:50 UTC 2026","3055","tests.cart","test_11_cart_save_delivery_method","","","","test_save_delivery_method_success_with_cart[partner-GeorgianPost]","
    Позитив: сохранение способа доставки для всех значений с корзиной
    "
"passed","Fri Jan 02 00:35:08 UTC 2026","Fri Jan 02 00:35:09 UTC 2026","785","tests.admin_panel.categories","test_49_delete_category","","","","test_delete_category_invalid_id[9999999]","Негативный тест: удаление несуществующей или некорректной категории."
"passed","Fri Jan 02 00:36:01 UTC 2026","Fri Jan 02 00:36:02 UTC 2026","810","tests.admin_panel.categories","test_57_v2_update_category","","","","test_v2_update_category_invalid_id[9999999]","Негативный тест: несуществующий или некорректный ID."
"skipped","Fri Jan 02 01:49:24 UTC 2026","Fri Jan 02 01:49:24 UTC 2026","0","tests.stock","test_create_stock","","","","test_create_stock_with_empty_string_log_if_not_200[address.region_id]",""
"passed","Fri Jan 02 01:18:05 UTC 2026","Fri Jan 02 01:18:08 UTC 2026","2481","tests.cart","test_23_cart_calculate_delivery_flag","","","","test_update_cart_item_invalid_calculate_delivery_flag[bad_flag3-client]",""
"skipped","Fri Jan 02 00:33:21 UTC 2026","Fri Jan 02 00:33:21 UTC 2026","854","tests.admin_panel","test_delete_user","","","","test_delete_user[authorize_partner-authorize_admin]","Удаление клиента/ партнера админом"
"skipped","Fri Jan 02 00:43:37 UTC 2026","Fri Jan 02 00:43:37 UTC 2026","0","tests.admin_panel.products","test_01_delete_product_group","","","","test_delete_product_group_forbidden[partner]","Негативный тест: попытка удаления продукт группы не-админом."
"passed","Fri Jan 02 01:49:41 UTC 2026","Fri Jan 02 01:49:41 UTC 2026","200","tests.stock","test_get_group_orders","","","","test_get_group_orders_country_id_not_found[admin]","Проверка получения складов по несуществующему country_id"
"passed","Fri Jan 02 01:50:38 UTC 2026","Fri Jan 02 01:50:38 UTC 2026","195","tests.tickets","test_01_get_tickets","","","","test_get_tickets_invalid_pagination[invalid_pagination0-client]","Негативный тест: передаем некорректные значения в pagination"
"passed","Fri Jan 02 01:23:33 UTC 2026","Fri Jan 02 01:23:33 UTC 2026","197","tests.catalog","test_get_currencies","","","","test_get_currencies_success[admin]","
    Позитивный тест: успешное получение списка валют
    "
"skipped","Fri Jan 02 00:29:42 UTC 2026","Fri Jan 02 00:29:42 UTC 2026","0","tests.account","test_get_languages","","","","test_get_languages_success[client-unknown-400]","Возвращает список языков, доступных для перевода"
"passed","Fri Jan 02 01:11:24 UTC 2026","Fri Jan 02 01:11:27 UTC 2026","2697","tests.cart","test_11_cart_save_delivery_method","","","","test_save_delivery_method_success_with_cart[partner-FakeDelivery]","
    Позитив: сохранение способа доставки для всех значений с корзиной
    "
"skipped","Fri Jan 02 00:33:21 UTC 2026","Fri Jan 02 00:33:21 UTC 2026","0","tests.admin_panel","test_accrue_presidential_pool","","","","test_accrue_presidential_pool_invalid_payload[payload1-400]",""
"passed","Fri Jan 02 01:35:54 UTC 2026","Fri Jan 02 01:35:54 UTC 2026","198","tests.delivery","test_get_delivery_countries","","","","test_get_delivery_countries_success[delivery-admin]","Позитив: успешное получение списка стран с разными значениями ?from=."
"passed","Fri Jan 02 01:47:56 UTC 2026","Fri Jan 02 01:47:56 UTC 2026","199","tests.statistic","test_team_activations","","","","test_get_team_activation_statistic_positive[payload2-admin]","Позитивный тест: получение статистики по активации команды с валидным телом запроса"
"passed","Fri Jan 02 01:39:26 UTC 2026","Fri Jan 02 01:39:26 UTC 2026","195","tests.delivery","test_get_self_pickup_offices","","","","test_get_self_pickup_offices_invalid_city_id_should_fail[True-admin]","Негатив: невалидные значения city_id → 400/422."
"passed","Fri Jan 02 01:24:09 UTC 2026","Fri Jan 02 01:24:10 UTC 2026","791","tests.catalog","test_get_recommended_products","","","","test_get_recommended_products_success[client]","
    Позитивный тест: успешное получение рекомендованных продуктов по id товара
    "
"skipped","Fri Jan 02 01:50:34 UTC 2026","Fri Jan 02 01:50:34 UTC 2026","0","tests.tickets","test_01_get_tickets","","","","test_get_tickets_success[filter2-sort1-search2-pagination0-admin]","Позитивный тест: получение списка тикетов с разными комбинациями параметров"
"passed","Fri Jan 02 00:38:34 UTC 2026","Fri Jan 02 00:38:35 UTC 2026","800","tests.admin_panel.items","test_create_item","","","","test_create_item_unauthorized","Негативный тест: создание варианта без авторизации."
"passed","Fri Jan 02 00:31:14 UTC 2026","Fri Jan 02 00:31:16 UTC 2026","1393","tests.admin_panel","test_03_support_delete_user","","","","test_admin_can_delete_support_by_user_id_soft_delete","
    DELETE /admin/support-users/{id}
    "
"skipped","Fri Jan 02 01:45:08 UTC 2026","Fri Jan 02 01:45:09 UTC 2026","193","tests.orders","test_group_order_change_country","","","","test_change_country_invalid_data[invalid_payload0-partner]","Негативные тесты: передача некорректных данных"
"passed","Fri Jan 02 01:37:37 UTC 2026","Fri Jan 02 01:37:37 UTC 2026","197","tests.delivery","test_get_fargo_offices","","","","test_get_fargo_offices_success[439930-partner]","Позитив: успешное получение списка офисов по city_id."
"passed","Fri Jan 02 01:31:09 UTC 2026","Fri Jan 02 01:31:12 UTC 2026","2660","tests.delivery","test_01_save_delivery_address","","","","test_save_delivery_address_negative[client-payload9-500]","Негативные тесты на сохранение адреса доставки"
"passed","Fri Jan 02 00:36:57 UTC 2026","Fri Jan 02 00:36:57 UTC 2026","578","tests.admin_panel.categories","test_79_get_category_translation","","","","test_get_category_translation_unauthorized",""
"passed","Fri Jan 02 01:04:07 UTC 2026","Fri Jan 02 01:04:08 UTC 2026","199","tests.auth","test_03_token_auth","","","","test_auth_by_valid_token[partner]","Тест успешной авторизации по валидному токену"
"passed","Fri Jan 02 00:39:16 UTC 2026","Fri Jan 02 00:39:19 UTC 2026","2808","tests.admin_panel.items","test_create_item_translation","","","","test_create_item_translation_success[en]",""
"passed","Fri Jan 02 00:55:47 UTC 2026","Fri Jan 02 00:55:48 UTC 2026","786","tests.admin_panel.slides","test_0_slides_sort","","","","test_slides_sort_invalid_id[999999]","Негативный тест: невалидный path parameter."
"passed","Fri Jan 02 01:29:56 UTC 2026","Fri Jan 02 01:29:59 UTC 2026","2864","tests.delivery","test_01_save_delivery_address","","","","test_save_delivery_address_positive[client-payload5]","Позитивные тесты на сохранение адреса доставки"
"skipped","Fri Jan 02 00:43:30 UTC 2026","Fri Jan 02 00:43:30 UTC 2026","0","tests.admin_panel.periods","test_put_admin_dev_period_end_time","","","","test_put_admin_dev_period_end_time__200_strict_noop",""
"passed","Fri Jan 02 01:30:07 UTC 2026","Fri Jan 02 01:30:11 UTC 2026","3553","tests.delivery","test_01_save_delivery_address","","","","test_save_delivery_address_positive[partner-payload1]","Позитивные тесты на сохранение адреса доставки"
"passed","Fri Jan 02 00:38:30 UTC 2026","Fri Jan 02 00:38:31 UTC 2026","396","tests.admin_panel.items","test_create_item","","","","test_create_item_forbidden[client]","Негативный тест: создание варианта не-админом запрещено."
"skipped","Fri Jan 02 01:48:12 UTC 2026","Fri Jan 02 01:48:13 UTC 2026","202","tests.statistic","test_team_activations","","","","test_get_team_activation_statistic_negative[payload1-admin]","Негативный тест: ошибка при получении статистики активации команды с невалидным телом запроса"
"passed","Fri Jan 02 01:09:55 UTC 2026","Fri Jan 02 01:09:56 UTC 2026","616","tests.cart","test_11_cart_save_delivery_method","","","","test_save_delivery_method_success[client-Cdek]","
    Позитив: сохранение способа доставки для всех значений без корзины
    "
"passed","Fri Jan 02 01:02:45 UTC 2026","Fri Jan 02 01:02:46 UTC 2026","777","tests.admin_panel.users","test_get_admin_users_exclusive_preorder_permissions","","","","test_get_exclusive_preorder_permissions_invalid_user_id[-1]","
    Негатив: некорректный/несуществующий user_id в path
    "
"passed","Fri Jan 02 00:44:55 UTC 2026","Fri Jan 02 00:44:56 UTC 2026","1015","tests.admin_panel.products","test_39_get_product_brands","","","","test_get_product_brands_success","Позитивный тест: успешное получение списка брендов админом."
"skipped","Fri Jan 02 00:29:17 UTC 2026","Fri Jan 02 00:29:17 UTC 2026","0","tests.account","test_family_agreement_create_one","","","","test_create_family_agreement_one_positive[partner-payload1]","Позитивные тесты на создание семейного соглашения при отсутствующем втором партнере"
"passed","Fri Jan 02 00:48:02 UTC 2026","Fri Jan 02 00:48:06 UTC 2026","4189","tests.admin_panel.products","test_44_upload_product_brand_images","","","","test_upload_product_brand_images_various_fields[4.7-fields_to_send0-204]","Негативный тест. Загрузка слишком большого изображения."
"passed","Fri Jan 02 01:19:23 UTC 2026","Fri Jan 02 01:19:24 UTC 2026","752","tests.catalog","test_create_admin_product","","","","test_create_admin_product_forbidden_for_non_admin[client]",""
"passed","Fri Jan 02 00:37:16 UTC 2026","Fri Jan 02 00:37:18 UTC 2026","2034","tests.admin_panel.categories","test_80_create_category_translation","","","","test_create_category_translation_success[uz]","Позитивный тест: создание/обновление перевода категории для разных языков."
"passed","Fri Jan 02 01:13:38 UTC 2026","Fri Jan 02 01:13:42 UTC 2026","3950","tests.cart","test_12_cart_estimate_delivery","","","","test_estimate_delivery_success[partner-self_pickup-payload0]","
    Позитив: корзина с товаром, выбор способа доставки и расчёт стоимости для разных служб
    "
"passed","Fri Jan 02 01:08:07 UTC 2026","Fri Jan 02 01:08:07 UTC 2026","197","tests.cart","test_04_cart_full_data","","","","test_full_data_invalid_calculate_delivery_flag[bad_flag3-client]",""
"passed","Fri Jan 02 00:25:56 UTC 2026","Fri Jan 02 00:25:57 UTC 2026","791","tests.PROJECT_FUND.initiatives","test_get_initiative_by_id","","","","test_get_initiative_by_invalid_id[-1-https://dev.ewahelps.com/api]",""
"passed","Fri Jan 02 01:04:09 UTC 2026","Fri Jan 02 01:04:09 UTC 2026","198","tests.auth","test_03_token_auth","","","","test_auth_by_valid_token[admin]","Тест успешной авторизации по валидному токену"
"skipped","Fri Jan 02 00:27:49 UTC 2026","Fri Jan 02 00:27:49 UTC 2026","0","tests.account","test_account_branded_wallet_get","","","","test_get_invalid_period_returns_422[period1-partner]","
    Негатив: невалидные month/year → 422.
    "
"passed","Fri Jan 02 00:33:59 UTC 2026","Fri Jan 02 00:34:00 UTC 2026","811","tests.admin_panel","test_partner_accrual_details_main_bonus","","","","test_main_bonus_details_invalid_query_params[query4-expected_codes4]","
    Негатив: валидация query-параметров main-bonus
    "
"passed","Fri Jan 02 01:11:52 UTC 2026","Fri Jan 02 01:11:55 UTC 2026","2794","tests.cart","test_11_cart_save_delivery_method","","","","test_save_delivery_method_success_with_cart[partner-MongPost]","
    Позитив: сохранение способа доставки для всех значений с корзиной
    "
"passed","Fri Jan 02 01:46:20 UTC 2026","Fri Jan 02 01:46:25 UTC 2026","4851","tests.promo_time.new_year_lottery","test_new_year_lottery_calculation","","","","test_orders_calculation_contains_lottery_progress_bar","
    - Если акция активна → /orders/calculation возвращает поля прогресс-бара:
        * new_year_lottery_coupons_count
        * remaining_sum_for_next_new_year_lottery_coupon
    "
"passed","Fri Jan 02 01:12:40 UTC 2026","Fri Jan 02 01:12:44 UTC 2026","4284","tests.cart","test_12_cart_estimate_delivery","","","","test_estimate_delivery_success[client-haypost-payload5]","
    Позитив: корзина с товаром, выбор способа доставки и расчёт стоимости для разных служб
    "
"passed","Fri Jan 02 00:23:51 UTC 2026","Fri Jan 02 00:23:52 UTC 2026","801","tests.PROJECT_EDUCATION.test_system","test_02_get_question","","","","test_get_question_invalid_id__400_or_404[abc]",""
"skipped","Fri Jan 02 00:43:28 UTC 2026","Fri Jan 02 00:43:28 UTC 2026","0","tests.admin_panel.periods","test_post_periods_by_date_interval","","","","test_post_periods_by_date_interval__200_strict[admin]",""
"passed","Fri Jan 02 00:52:46 UTC 2026","Fri Jan 02 00:52:47 UTC 2026","819","tests.admin_panel.promo","test_78_delete_promotion_item","","","","test_delete_promotion_item_invalid_id[-1--1]","Негативный тест: удаление элемента акции с невалидным ID продукта."
"passed","Fri Jan 02 01:08:31 UTC 2026","Fri Jan 02 01:08:32 UTC 2026","575","tests.cart","test_06_cart_update","","","","test_update_cart_item_unauthorized","Негатив: изменение корзины без авторизации/корзины"
"skipped","Fri Jan 02 00:29:42 UTC 2026","Fri Jan 02 00:29:42 UTC 2026","0","tests.account","test_history_group_volumes_admin","","","","test_get_group_volumes_history_admin_positive[client-payload1]","Позитивные тесты на получение истории начисления групповых объемов для админа"
"passed","Fri Jan 02 01:05:57 UTC 2026","Fri Jan 02 01:05:57 UTC 2026","218","tests.cart","test_02_get_delivery_cost","","","","test_get_delivery_cost_success_partial_payload[client-payload0-400]","
    Позитив/граничные: сочетания полей региона/города
    "
"passed","Fri Jan 02 01:11:15 UTC 2026","Fri Jan 02 01:11:17 UTC 2026","2651","tests.cart","test_11_cart_save_delivery_method","","","","test_save_delivery_method_success_with_cart[partner-Boxberry]","
    Позитив: сохранение способа доставки для всех значений с корзиной
    "
"skipped","Fri Jan 02 00:43:37 UTC 2026","Fri Jan 02 00:43:37 UTC 2026","0","tests.admin_panel.products","test_01_create_product_group","","","","test_create_product_group_invalid_payload[payload3-422]",""
"skipped","Fri Jan 02 00:35:17 UTC 2026","Fri Jan 02 00:35:17 UTC 2026","0","tests.admin_panel.categories","test_50_upload_category_images","","","","test_upload_category_images_invalid_id","Негативный тест: несуществующий ID категории."
"skipped","Fri Jan 02 00:26:54 UTC 2026","Fri Jan 02 00:26:54 UTC 2026","0","tests.account","test_0_marathon","","","","test_create_product_brand_invalid_payload[params5-400-admin]",""
"skipped","Fri Jan 02 01:34:29 UTC 2026","Fri Jan 02 01:34:29 UTC 2026","197","tests.delivery","test_get_cargo_offices","","","","test_get_cargo_offices_invalid_city_id_should_fail[-1-admin]",""
"skipped","Fri Jan 02 01:48:45 UTC 2026","Fri Jan 02 01:48:45 UTC 2026","190","tests.statistic","test_team_go","","","","test_get_team_go_statistic_negative[payload1-admin]","Негативный тест: ошибка при получении статистики по команде с невалидным телом запроса"
"passed","Fri Jan 02 01:06:16 UTC 2026","Fri Jan 02 01:06:16 UTC 2026","221","tests.cart","test_02_get_delivery_cost","","","","test_get_delivery_cost_success_partial_payload[partner-payload0-400]","
    Позитив/граничные: сочетания полей региона/города
    "
"skipped","Fri Jan 02 01:40:53 UTC 2026","Fri Jan 02 01:40:53 UTC 2026","793","tests.fund","test_get_top_donors","","","","test_get_top_donors_invalid_params[invalid_param1-https://dev.ewahelps.com/api]","Негатив: неверные параметры должны дать 400 (при рабочем маршруте)."
"passed","Fri Jan 02 01:44:07 UTC 2026","Fri Jan 02 01:44:08 UTC 2026","593","tests.one_c","test_create_1c_stock","","","","test_post_address_city_id_mismatch_explicit",""
"passed","Fri Jan 02 00:49:49 UTC 2026","Fri Jan 02 00:49:50 UTC 2026","1248","tests.admin_panel.promo","test_74_update_promotion","","","","test_update_promotion_success","Позитивный тест: успешное обновление акции (все поля)."
"passed","Fri Jan 02 00:29:30 UTC 2026","Fri Jan 02 00:29:30 UTC 2026","201","tests.account","test_get_account_exists","","","","test_get_account_exists_positive[params3-admin]","Нкгатив: невлидны id"
"passed","Fri Jan 02 01:23:27 UTC 2026","Fri Jan 02 01:23:27 UTC 2026","612","tests.catalog","test_get_admin_product_translation","","","","test_get_admin_product_translation_unauthorized","Запрос перевода без авторизации — 401."
"passed","Fri Jan 02 00:26:47 UTC 2026","Fri Jan 02 00:26:47 UTC 2026","205","tests.account","test_0_funds_transfer_withdrawal_info","","","","test_get_withdrawal_info_positive[admin-403]","Позитивные тесты на получение информации о выводе средств"
"passed","Fri Jan 02 00:42:52 UTC 2026","Fri Jan 02 00:42:52 UTC 2026","188","tests.admin_panel.periods","test_get_period_by_id","","","","test_get_period_by_id__invalid_id_400_404[admin-abc]",""
"passed","Fri Jan 02 00:47:37 UTC 2026","Fri Jan 02 00:47:39 UTC 2026","1435","tests.admin_panel.products","test_44_upload_product_brand_images","","","","test_upload_product_brand_images_formats[invalid.txt-text/plain-400]","Проверка загрузки изображений бренда в разных форматах: негативные и позитивные кейсы."
"passed","Fri Jan 02 01:40:20 UTC 2026","Fri Jan 02 01:40:20 UTC 2026","186","tests.delivery","test_self_pickup_offices","","","","test_self_pickup_offices_invalid_params[admin-params2]","
    Негатив: невалидные параметры -> 400 с телом ошибки.
    "
"passed","Fri Jan 02 01:14:08 UTC 2026","Fri Jan 02 01:14:12 UTC 2026","3937","tests.cart","test_12_cart_estimate_delivery","","","","test_estimate_delivery_success[partner-haypost-payload5]","
    Позитив: корзина с товаром, выбор способа доставки и расчёт стоимости для разных служб
    "
"passed","Fri Jan 02 00:23:36 UTC 2026","Fri Jan 02 00:23:37 UTC 2026","907","tests.PROJECT_EDUCATION.test_system","test_01_start_test","","","","test_start_test_invalid_id__400_or_404[0]",""
"passed","Fri Jan 02 01:46:54 UTC 2026","Fri Jan 02 01:46:54 UTC 2026","208","tests.register","test_01_register_form","","","","test_register_form_positive[admin-payload0]",""
"skipped","Fri Jan 02 01:05:22 UTC 2026","Fri Jan 02 01:05:22 UTC 2026","0","tests.cart","test_01_user_locale","","","","test_update_user_locale_valid_payload[payload0]","
    Позитивный тест: Обновление языка/склада/локали НЕавторизованным пользователем с указанной корзиной в cookie.
    "
"passed","Fri Jan 02 00:24:57 UTC 2026","Fri Jan 02 00:24:58 UTC 2026","813","tests.PROJECT_EDUCATION.test_system","test_04_finish_test","","","","test_finish_test_invalid_id__400_or_404[0]",""
"skipped","Fri Jan 02 00:29:42 UTC 2026","Fri Jan 02 00:29:42 UTC 2026","0","tests.account","test_pass_change","","","","test_change_password_positive[client-payload0]","Позитивные тесты на изменение пароля"
"passed","Fri Jan 02 01:00:14 UTC 2026","Fri Jan 02 01:00:16 UTC 2026","1583","tests.admin_panel.slides","test_61_upload_slides_images","","","","test_upload_slide_images_invalid_format[valid.jpg-image/jpeg-204]","Негативный и позитивный тест: загрузка изображений в разных форматах."
"passed","Fri Jan 02 00:56:04 UTC 2026","Fri Jan 02 00:56:05 UTC 2026","579","tests.admin_panel.slides","test_56_get_slides","","","","test_get_slides_unauthorized","Негативный тест: получение слайдов без авторизации."
"passed","Fri Jan 02 01:23:56 UTC 2026","Fri Jan 02 01:23:56 UTC 2026","199","tests.catalog","test_get_items_list_all","","","","test_get_items_list_forbidden[client]",""
"passed","Fri Jan 02 01:32:25 UTC 2026","Fri Jan 02 01:32:28 UTC 2026","3283","tests.delivery","test_02_get_delivery_address","","","","test_get_delivery_addresses_permissions[partner]","Проверка получения адресов"
"skipped","Fri Jan 02 01:45:07 UTC 2026","Fri Jan 02 01:45:07 UTC 2026","196","tests.orders","test_group_order_change_country","","","","test_change_country_invalid_data[invalid_payload0-client]","Негативные тесты: передача некорректных данных"
"passed","Fri Jan 02 00:38:52 UTC 2026","Fri Jan 02 00:38:53 UTC 2026","1012","tests.admin_panel.items","test_create_item","","","","test_create_item_invalid_payload[payload5-expected_code5]","
    Негативный тест: создание варианта с невалидным телом запроса.
    Если сервер внезапно вернул успех — удаляем созданный item из БД.
    "
"skipped","Fri Jan 02 01:50:08 UTC 2026","Fri Jan 02 01:50:08 UTC 2026","594","tests.stock","test_get_stocks","","","","test_get_stocks_invalid_country_id[0-admin]","Проверка получения складов по невалидному country_id"
"skipped","Fri Jan 02 01:18:35 UTC 2026","Fri Jan 02 01:18:35 UTC 2026","0","tests.cart","test_exclusive_preorder_cart_update","","","","test_cart_update_checks_auth_first_400",""
"passed","Fri Jan 02 00:37:56 UTC 2026","Fri Jan 02 00:37:59 UTC 2026","2822","tests.admin_panel.categories","test_80_create_category_translation","","","","test_category_translation_update_duplicate_lang_code","Позитивный тест: обновление перевода при повторной отправке с тем же lang_code."
"passed","Fri Jan 02 01:05:30 UTC 2026","Fri Jan 02 01:05:30 UTC 2026","198","tests.cart","test_01_user_locale","","","","test_update_user_locale_invalid_payload[client-payload4-400]","Негативный тест: обновление локали с невалидным payload."
"passed","Fri Jan 02 00:54:19 UTC 2026","Fri Jan 02 00:54:20 UTC 2026","1217","tests.admin_panel.sliders","test_54_update_slider","","","","test_update_slider_forbidden[partner]","Негативный тест: попытка обновления слайдера не-админом."
"skipped","Fri Jan 02 00:30:24 UTC 2026","Fri Jan 02 00:30:24 UTC 2026","0","tests.account","test_update_default_stock","","","","test_update_default_stock_positive[admin-payload0]","Позитивные тесты на изменение дефолтного склада"
"passed","Fri Jan 02 00:52:59 UTC 2026","Fri Jan 02 00:53:00 UTC 2026","601","tests.admin_panel.sliders","test_51_get_sliders","","","","test_get_sliders_unauthorized","Негативный тест: получение списка слайдеров без авторизации"
"passed","Fri Jan 02 01:47:38 UTC 2026","Fri Jan 02 01:47:38 UTC 2026","205","tests.statistic","test_0_dashboard","","","","test_get_dashboard_statistic[partner]","Позитивный тест: получение статистики для дашборда ""прирост или убыль в числовом виде"
"passed","Fri Jan 02 01:03:08 UTC 2026","Fri Jan 02 01:03:09 UTC 2026","1008","tests.admin_panel.users","test_post_admin_users_exclusive_preorder_permissions","","","","test_post_exclusive_preorder_permissions_validation_errors_400[payload4]","
    Негатив: некорректный payload
    "
"passed","Fri Jan 02 01:59:58 UTC 2026","Fri Jan 02 01:59:59 UTC 2026","784","tests.tickets","test_04_create_ticket","","","","test_create_ticket_invalid_request_type[partner-None-200]","Негативный тест: попытка создания тикета с неверным типом request_type"
"skipped","Fri Jan 02 01:49:24 UTC 2026","Fri Jan 02 01:49:24 UTC 2026","0","tests.stock","test_create_stock","","","","test_create_stock_with_empty_string_log_if_not_200[address.id]",""
"skipped","Fri Jan 02 01:49:24 UTC 2026","Fri Jan 02 01:49:24 UTC 2026","0","tests.stock","test_create_stock","","","","test_create_stock_with_empty_string_log_if_not_200[timezone.dst_end]",""
"passed","Fri Jan 02 01:38:35 UTC 2026","Fri Jan 02 01:38:35 UTC 2026","186","tests.delivery","test_get_kazpost_offices","","","","test_get_kazpost_offices_success[211437-admin]","Позитив: успешное получение списка офисов Казпочты по city_id."
"passed","Fri Jan 02 00:31:19 UTC 2026","Fri Jan 02 00:31:20 UTC 2026","798","tests.admin_panel","test_03_support_delete_user","","","","test_client_cannot_delete_support",""
"skipped","Fri Jan 02 01:18:35 UTC 2026","Fri Jan 02 01:18:35 UTC 2026","0","tests.cart","test_exclusive_preorder_cart_update_multi","","","","test_cart_update_multi_checks_permission_for_exclusive_400[client]",""
"skipped","Fri Jan 02 01:45:27 UTC 2026","Fri Jan 02 01:45:27 UTC 2026","0","tests.orders","test_orders_v2_pay","","","","test_orders_v2_pay_invalid_data[invalid_payload3-400]","Негативный тест: отправка некорректных данных"
"passed","Fri Jan 02 00:56:46 UTC 2026","Fri Jan 02 00:56:47 UTC 2026","818","tests.admin_panel.slides","test_57_create_slide","","","","test_create_slide_invalid_payload[payload15-422]","Негативные тесты: некорректные и неполные payload'ы."
"passed","Fri Jan 02 01:35:03 UTC 2026","Fri Jan 02 01:35:03 UTC 2026","184","tests.delivery","test_get_cities_v2","","","","test_get_cities_v2_success[params0-partner]","
    Позитив: успешное получение списка городов (обязателен city_name, country_id — опционален).
    "
"passed","Fri Jan 02 00:49:03 UTC 2026","Fri Jan 02 00:49:04 UTC 2026","818","tests.admin_panel.promo","test_72_create_promotion","","","","test_create_promotion_invalid_data[payload7-400]","Негативные тесты: невалидные данные"
"passed","Fri Jan 02 01:51:37 UTC 2026","Fri Jan 02 01:51:38 UTC 2026","579","tests.tickets","test_02_get_ticket_by_id","","","","test_get_ticket_unauthorized","Негативный тест: запрос без авторизации."
"passed","Fri Jan 02 01:39:24 UTC 2026","Fri Jan 02 01:39:24 UTC 2026","199","tests.delivery","test_get_self_pickup_offices","","","","test_get_self_pickup_offices_invalid_city_id_should_fail[1.5-admin]","Негатив: невалидные значения city_id → 400/422."
"passed","Fri Jan 02 01:56:50 UTC 2026","Fri Jan 02 01:56:51 UTC 2026","1613","tests.tickets","test_04_create_ticket","","","","test_create_ticket_success[partner-attachments2-ReceivingDefectiveProductsOrShortage]","Позитивный тест: создание тикета с разными темами и вложениями для клиента, партнера и админа"
"passed","Fri Jan 02 01:01:51 UTC 2026","Fri Jan 02 01:01:52 UTC 2026","1458","tests.admin_panel.slides","test_62_slides_get_upload_urls","","","","test_get_upload_urls_invalid_files[data1-400]","Негативный тест: пустой список файлов, отсутствие 'filenames' в теле запроса."
"passed","Fri Jan 02 00:30:49 UTC 2026","Fri Jan 02 00:30:50 UTC 2026","820","tests.admin_panel","test_01_support_create_user","","","","test_invalid_user_id_returns_client_error[1.23]",""
"passed","Fri Jan 02 00:41:19 UTC 2026","Fri Jan 02 00:41:20 UTC 2026","611","tests.admin_panel.items","test_get_item_translation","","","","test_get_item_translation_unauthorized",""
"passed","Fri Jan 02 02:00:37 UTC 2026","Fri Jan 02 02:00:40 UTC 2026","2446","tests.tickets","test_06_close_ticket","","","","test_close_ticket_success[admin]","Позитивный тест: закрытие тикета для клиента, партнера и админа."
"passed","Fri Jan 02 00:46:29 UTC 2026","Fri Jan 02 00:46:31 UTC 2026","1261","tests.admin_panel.products","test_42_update_product_brand","","","","test_update_product_brand_invalid_payload[payload0-expected_code0]","Негативный тест: обновление бренда с невалидным или неполным телом запроса."
"passed","Fri Jan 02 00:35:34 UTC 2026","Fri Jan 02 00:35:35 UTC 2026","808","tests.admin_panel.categories","test_56_v2_create_category","","","","test_v2_create_category_invalid_payload[payload5-422]","Негативный тест: создание категории с невалидным телом запроса."
"passed","Fri Jan 02 02:02:20 UTC 2026","Fri Jan 02 02:02:21 UTC 2026","1184","tests.tickets","test_11_update_message","","","","test_update_message_validation[client-update_payload1-403]","Негативные тесты: невалидные поля при редактировании сообщения"
"passed","Fri Jan 02 01:09:50 UTC 2026","Fri Jan 02 01:09:51 UTC 2026","572","tests.cart","test_10_cart_save_city","","","","test_save_city_unauthorized","Негатив: вызов без авторизации/корзины."
"skipped","Fri Jan 02 01:48:09 UTC 2026","Fri Jan 02 01:48:09 UTC 2026","196","tests.statistic","test_team_activations","","","","test_get_team_activation_statistic_negative[payload1-client]","Негативный тест: ошибка при получении статистики активации команды с невалидным телом запроса"
"passed","Fri Jan 02 00:23:56 UTC 2026","Fri Jan 02 00:23:57 UTC 2026","809","tests.PROJECT_EDUCATION.test_system","test_02_get_question","","","","test_get_question_invalid_id__400_or_404[None]",""
"skipped","Fri Jan 02 00:29:42 UTC 2026","Fri Jan 02 00:29:42 UTC 2026","0","tests.account","test_history","","","","test_get_history_positive[admin-payload1]","Позитивные тесты на получение истории аккаунта"
"passed","Fri Jan 02 02:02:57 UTC 2026","Fri Jan 02 02:02:58 UTC 2026","825","tests.tickets","test_12_delete_message","","","","test_delete_ticket_message_negative[999999-400]","Негативные тесты: удаление с некорректными данными"
"skipped","Fri Jan 02 01:50:34 UTC 2026","Fri Jan 02 01:50:34 UTC 2026","0","tests.tickets","test_01_get_tickets","","","","test_get_tickets_success[filter2-sort0-search0-pagination1-admin]","Позитивный тест: получение списка тикетов с разными комбинациями параметров"
"passed","Fri Jan 02 01:58:55 UTC 2026","Fri Jan 02 01:58:57 UTC 2026","1604","tests.tickets","test_04_create_ticket","","","","test_create_ticket_success[admin-attachments2-QuestionsAboutOrders]","Позитивный тест: создание тикета с разными темами и вложениями для клиента, партнера и админа"
"passed","Fri Jan 02 01:36:05 UTC 2026","Fri Jan 02 01:36:05 UTC 2026","188","tests.delivery","test_get_delivery_countries","","","","test_get_delivery_countries_success[all-admin]","Позитив: успешное получение списка стран с разными значениями ?from=."
"skipped","Fri Jan 02 01:50:34 UTC 2026","Fri Jan 02 01:50:34 UTC 2026","0","tests.tickets","test_01_get_tickets","","","","test_get_tickets_success[filter0-sort0-search0-pagination0-admin]","Позитивный тест: получение списка тикетов с разными комбинациями параметров"
"skipped","Fri Jan 02 01:50:22 UTC 2026","Fri Jan 02 01:50:22 UTC 2026","0","tests.stock","test_update_stock","","","","test_update_stock_invalid_id[0]",""
"passed","Fri Jan 02 00:45:04 UTC 2026","Fri Jan 02 00:45:05 UTC 2026","1478","tests.admin_panel.products","test_39_get_product_brands","","","","test_get_product_brands_after_adding","Интеграционный тест: добавление бренда и проверка его наличия в списке по ID."
"skipped","Fri Jan 02 01:05:22 UTC 2026","Fri Jan 02 01:05:22 UTC 2026","0","tests.cart","test_01_user_locale","","","","test_update_user_locale_valid_payload[payload1]","
    Позитивный тест: Обновление языка/склада/локали НЕавторизованным пользователем с указанной корзиной в cookie.
    "
"passed","Fri Jan 02 00:53:02 UTC 2026","Fri Jan 02 00:53:03 UTC 2026","1283","tests.admin_panel.sliders","test_51_get_sliders","","","","test_get_sliders_after_adding","Интеграционный тест: добавление слайдера и проверка его наличия в списке"
"passed","Fri Jan 02 01:39:51 UTC 2026","Fri Jan 02 01:39:51 UTC 2026","217","tests.delivery","test_self_pickup_offices","","","","test_self_pickup_offices_success_basic[partner]","
    Позитив: успешное получение списка офисов по city_id.
    Допускается пустой список (если в городе нет офисов).
    "
"passed","Fri Jan 02 00:30:53 UTC 2026","Fri Jan 02 00:30:53 UTC 2026","807","tests.admin_panel","test_01_support_create_user","","","","test_invalid_user_id_returns_client_error[0]",""
"passed","Fri Jan 02 00:26:58 UTC 2026","Fri Jan 02 00:26:59 UTC 2026","201","tests.account","test_0_profile","","","","test_get_profile_positive[admin]","Позитивные тесты на получение данных пользовательского аккаунта"
"skipped","Fri Jan 02 01:12:07 UTC 2026","Fri Jan 02 01:12:08 UTC 2026","199","tests.cart","test_11_cart_save_delivery_method","","","","test_save_delivery_method_invalid_payload[partner-payload0]","Негатив: невалидный payload."
"passed","Fri Jan 02 01:04:53 UTC 2026","Fri Jan 02 01:04:54 UTC 2026","1022","tests.cart","test_01_user_locale","","","","test_update_user_locale_valid_payload_1[client-payload5]","
    Позитивный тест: Обновление языка/склада/локали авторизованным пользователем"
"skipped","Fri Jan 02 01:39:42 UTC 2026","Fri Jan 02 01:39:42 UTC 2026","200","tests.delivery","test_mongpost_postcodes","","","","test_mongpost_postcodes_invalid_city_id[-1-admin]","Негативный тест: невалидные значения city_id → 400/422"
"passed","Fri Jan 02 01:01:36 UTC 2026","Fri Jan 02 01:01:39 UTC 2026","2334","tests.admin_panel.slides","test_61_upload_slides_images","","","","test_upload_only_single_slide_image_field[desktop_preview-test_png.png-image/png-desktop_preview]","Проверка: загрузка только одного изображения не должна заполнять другие поля."
"passed","Fri Jan 02 01:31:25 UTC 2026","Fri Jan 02 01:31:29 UTC 2026","3447","tests.delivery","test_01_save_delivery_address","","","","test_save_delivery_address_negative[partner-payload3-400]","Негативные тесты на сохранение адреса доставки"
"passed","Fri Jan 02 01:17:37 UTC 2026","Fri Jan 02 01:17:40 UTC 2026","2819","tests.cart","test_23_cart_calculate_delivery_flag","","","","test_update_cart_multi_with_calculate_delivery_false[client]","
    Позитив: /cart/update_multi с calculate_delivery=false
    Корзина обновляется пакетом, advance_costs не считаются
    "
"skipped","Fri Jan 02 00:43:28 UTC 2026","Fri Jan 02 00:43:28 UTC 2026","0","tests.admin_panel.periods","test_post_periods_by_date_interval","","","","test_post_periods_by_date_interval__empty_body_allows_200_or_400[admin]",""
"passed","Fri Jan 02 01:54:55 UTC 2026","Fri Jan 02 01:54:56 UTC 2026","775","tests.tickets","test_04_create_ticket","","","","test_create_ticket_success[partner-attachments0-ReceivingDefectiveProductsOrShortage]","Позитивный тест: создание тикета с разными темами и вложениями для клиента, партнера и админа"
"passed","Fri Jan 02 01:29:08 UTC 2026","Fri Jan 02 01:29:08 UTC 2026","188","tests.chat_support","test_01_support_chat_messages_post","","","","test_create_message_missing_required_fields_returns_400[client-payload2]","
    Негатив: отсутствие обязательных полей client_uuid/message → 400
    "
"skipped","Fri Jan 02 00:29:17 UTC 2026","Fri Jan 02 00:29:17 UTC 2026","0","tests.account","test_family_agreement_create_one","","","","test_create_family_agreement_one_positive[partner-payload0]","Позитивные тесты на создание семейного соглашения при отсутствующем втором партнере"
"skipped","Fri Jan 02 01:37:45 UTC 2026","Fri Jan 02 01:37:46 UTC 2026","603","tests.delivery","test_get_fargo_offices","","","","test_get_fargo_offices_unauthorized","Негатив: запрос без авторизации."
"passed","Fri Jan 02 01:39:10 UTC 2026","Fri Jan 02 01:39:10 UTC 2026","237","tests.delivery","test_get_self_pickup_offices","","","","test_get_self_pickup_offices_success[186343-client]","Позитив: успешное получение списка ПВЗ ЭВЫ по city_id."
"passed","Fri Jan 02 01:16:06 UTC 2026","Fri Jan 02 01:16:06 UTC 2026","268","tests.cart","test_15_cart_update_country","","","","test_update_country_success[client]","Позитив: изменение страны доставки."
"skipped","Fri Jan 02 01:50:34 UTC 2026","Fri Jan 02 01:50:34 UTC 2026","0","tests.tickets","test_01_get_tickets","","","","test_get_tickets_success[filter1-sort0-search2-pagination1-partner]","Позитивный тест: получение списка тикетов с разными комбинациями параметров"
"passed","Fri Jan 02 01:53:06 UTC 2026","Fri Jan 02 01:53:08 UTC 2026","1772","tests.tickets","test_04_create_ticket","","","","test_create_ticket_success[client-attachments1-ChangePersonalData]","Позитивный тест: создание тикета с разными темами и вложениями для клиента, партнера и админа"
"skipped","Fri Jan 02 01:50:34 UTC 2026","Fri Jan 02 01:50:34 UTC 2026","0","tests.tickets","test_01_get_tickets","","","","test_get_tickets_success[filter1-sort1-search0-pagination1-client]","Позитивный тест: получение списка тикетов с разными комбинациями параметров"
"passed","Fri Jan 02 01:24:06 UTC 2026","Fri Jan 02 01:24:07 UTC 2026","980","tests.catalog","test_get_recommended_products","","","","test_get_recommended_products_success[admin]","
    Позитивный тест: успешное получение рекомендованных продуктов по id товара
    "
"passed","Fri Jan 02 01:06:57 UTC 2026","Fri Jan 02 01:06:57 UTC 2026","188","tests.cart","test_02_get_delivery_cost","","","","test_get_delivery_cost_invalid_payload[partner-payload6]","Негатив: некорректные входные данные."
"skipped","Fri Jan 02 00:33:21 UTC 2026","Fri Jan 02 00:33:21 UTC 2026","0","tests.admin_panel","test_accrue_presidential_pool","","","","test_accrue_presidential_pool_invalid_payload[payload0-400]",""
"passed","Fri Jan 02 00:29:10 UTC 2026","Fri Jan 02 00:29:11 UTC 2026","1343","tests.account","test_delete_cover_url","","","","test_delete_cover_full_payload[partner]",""
"passed","Fri Jan 02 00:50:56 UTC 2026","Fri Jan 02 00:50:57 UTC 2026","1441","tests.admin_panel.promo","test_75_delete_promotion_by_id","","","","test_delete_promotion_success","Позитивный тест: успешное удаление акции."
"passed","Fri Jan 02 00:53:58 UTC 2026","Fri Jan 02 00:53:58 UTC 2026","812","tests.admin_panel.sliders","test_53_get_sliders_by_id","","","","test_get_sliders_invalid_id[]","Негативный тест: получение слайдера по невалидному ID"
"passed","Fri Jan 02 00:59:39 UTC 2026","Fri Jan 02 00:59:40 UTC 2026","787","tests.admin_panel.slides","test_60_delete_slides","","","","test_delete_slide_invalid_id[0]","Негативный тест: удаление несуществующего или некорректного слайда."
"passed","Fri Jan 02 01:30:55 UTC 2026","Fri Jan 02 01:30:59 UTC 2026","3701","tests.delivery","test_01_save_delivery_address","","","","test_save_delivery_address_negative[client-payload6-400]","Негативные тесты на сохранение адреса доставки"
"passed","Fri Jan 02 01:48:31 UTC 2026","Fri Jan 02 01:48:31 UTC 2026","200","tests.statistic","test_team_go","","","","test_get_team_go_statistic_positive[payload3-client]","Позитивный тест: получение статистики по команде с валидным телом запроса"
"passed","Fri Jan 02 00:34:59 UTC 2026","Fri Jan 02 00:35:00 UTC 2026","1292","tests.admin_panel.categories","test_49_delete_category","","","","test_delete_category_forbidden[client]","Негативный тест: попытка удаления категории не-админом."
"skipped","Fri Jan 02 01:50:34 UTC 2026","Fri Jan 02 01:50:34 UTC 2026","0","tests.tickets","test_01_get_tickets","","","","test_get_tickets_success[filter1-sort0-search0-pagination1-client]","Позитивный тест: получение списка тикетов с разными комбинациями параметров"
"passed","Fri Jan 02 00:46:49 UTC 2026","Fri Jan 02 00:46:50 UTC 2026","1248","tests.admin_panel.products","test_42_update_product_brand","","","","test_update_product_brand_invalid_payload[payload6-422]","Негативный тест: обновление бренда с невалидным или неполным телом запроса."
"passed","Fri Jan 02 00:59:57 UTC 2026","Fri Jan 02 00:59:58 UTC 2026","1465","tests.admin_panel.slides","test_61_upload_slides_images","","","","test_upload_slide_images_invalid_format[invalid.txt-text/plain-400]","Негативный и позитивный тест: загрузка изображений в разных форматах."
"skipped","Fri Jan 02 01:50:34 UTC 2026","Fri Jan 02 01:50:34 UTC 2026","0","tests.tickets","test_01_get_tickets","","","","test_get_tickets_success[filter0-sort0-search0-pagination1-client]","Позитивный тест: получение списка тикетов с разными комбинациями параметров"
"passed","Fri Jan 02 01:58:42 UTC 2026","Fri Jan 02 01:58:44 UTC 2026","1781","tests.tickets","test_04_create_ticket","","","","test_create_ticket_success[admin-attachments1-ReceivingProductsShortage]","Позитивный тест: создание тикета с разными темами и вложениями для клиента, партнера и админа"
"skipped","Fri Jan 02 00:29:42 UTC 2026","Fri Jan 02 00:29:42 UTC 2026","0","tests.account","test_history","","","","test_get_history_positive[partner-payload1]","Позитивные тесты на получение истории аккаунта"
"passed","Fri Jan 02 01:56:30 UTC 2026","Fri Jan 02 01:56:31 UTC 2026","1610","tests.tickets","test_04_create_ticket","","","","test_create_ticket_success[partner-attachments2-QuestionsAboutTheMarriageContract]","Позитивный тест: создание тикета с разными темами и вложениями для клиента, партнера и админа"
"skipped","Fri Jan 02 01:50:34 UTC 2026","Fri Jan 02 01:50:34 UTC 2026","0","tests.tickets","test_01_get_tickets","","","","test_get_tickets_success[filter1-sort1-search0-pagination0-admin]","Позитивный тест: получение списка тикетов с разными комбинациями параметров"
"passed","Fri Jan 02 00:45:32 UTC 2026","Fri Jan 02 00:45:33 UTC 2026","827","tests.admin_panel.products","test_40_create_product_brand","","","","test_create_product_brand_invalid_payload[payload10-expected_codes10]","Негативные кейсы: невалидные поля при создании бренда."
"skipped","Fri Jan 02 01:50:34 UTC 2026","Fri Jan 02 01:50:34 UTC 2026","0","tests.tickets","test_01_get_tickets","","","","test_get_tickets_success[filter1-sort1-search2-pagination1-admin]","Позитивный тест: получение списка тикетов с разными комбинациями параметров"
"skipped","Fri Jan 02 01:50:34 UTC 2026","Fri Jan 02 01:50:34 UTC 2026","0","tests.tickets","test_01_get_tickets","","","","test_get_tickets_success[filter0-sort1-search1-pagination0-partner]","Позитивный тест: получение списка тикетов с разными комбинациями параметров"
"skipped","Fri Jan 02 00:29:42 UTC 2026","Fri Jan 02 00:29:42 UTC 2026","0","tests.account","test_list_csv","","","","test_get_account_list_csv_positive[partner-payload0]","Позитивные тесты на выгрузку структуры партнеров в CSV"
"passed","Fri Jan 02 00:46:07 UTC 2026","Fri Jan 02 00:46:07 UTC 2026","578","tests.admin_panel.products","test_41_get_product_brand_by_id","","","","test_get_product_brand_unauthorized","Негативный тест: без авторизации"
"passed","Fri Jan 02 00:56:01 UTC 2026","Fri Jan 02 00:56:02 UTC 2026","198","tests.admin_panel.slides","test_56_get_slides","","","","test_get_slides_forbidden[client]","Негативный тест: получение списка слайдов не админом."
"passed","Fri Jan 02 01:57:17 UTC 2026","Fri Jan 02 01:57:18 UTC 2026","767","tests.tickets","test_04_create_ticket","","","","test_create_ticket_success[admin-attachments0-QuestionsAboutProducts]","Позитивный тест: создание тикета с разными темами и вложениями для клиента, партнера и админа"
"skipped","Fri Jan 02 00:27:49 UTC 2026","Fri Jan 02 00:27:49 UTC 2026","0","tests.account","test_account_branded_wallet_get","","","","test_get_future_month_same_year_should_be_400[client]","
    В будущем период - 400
    "
"skipped","Fri Jan 02 01:50:34 UTC 2026","Fri Jan 02 01:50:34 UTC 2026","0","tests.tickets","test_01_get_tickets","","","","test_get_tickets_success[filter1-sort1-search1-pagination1-client]","Позитивный тест: получение списка тикетов с разными комбинациями параметров"
"passed","Fri Jan 02 01:13:50 UTC 2026","Fri Jan 02 01:13:54 UTC 2026","4219","tests.cart","test_12_cart_estimate_delivery","","","","test_estimate_delivery_success[partner-fargo-payload2]","
    Позитив: корзина с товаром, выбор способа доставки и расчёт стоимости для разных служб
    "
"skipped","Fri Jan 02 00:26:54 UTC 2026","Fri Jan 02 00:26:54 UTC 2026","0","tests.account","test_0_marathon","","","","test_get_marathon_is_purchased[client-200]","Позитивный кейс — проверяет приобретал ли аккаунт марафонский набор (все поля)"
"passed","Fri Jan 02 01:06:40 UTC 2026","Fri Jan 02 01:06:40 UTC 2026","187","tests.cart","test_02_get_delivery_cost","","","","test_get_delivery_cost_invalid_payload[client-payload4]","Негатив: некорректные входные данные."
"passed","Fri Jan 02 00:23:58 UTC 2026","Fri Jan 02 00:23:59 UTC 2026","1000","tests.PROJECT_EDUCATION.test_system","test_02_get_question","","","","test_get_question_invalid_id__400_or_404[]",""
"passed","Fri Jan 02 00:56:38 UTC 2026","Fri Jan 02 00:56:39 UTC 2026","819","tests.admin_panel.slides","test_57_create_slide","","","","test_create_slide_invalid_payload[payload11-400]","Негативные тесты: некорректные и неполные payload'ы."
"passed","Fri Jan 02 00:42:39 UTC 2026","Fri Jan 02 00:42:39 UTC 2026","188","tests.admin_panel.periods","test_get_approved_marketing_periods","","","","test_get_admin_approved_marketing_periods__forbidden[partner]",""
"passed","Fri Jan 02 01:01:41 UTC 2026","Fri Jan 02 01:01:42 UTC 2026","1264","tests.admin_panel.slides","test_62_slides_get_upload_urls","","","","test_get_upload_urls_success","Позитивный тест: успешное получение временных ссылок на загрузку видео файлов у слайдера типа 'video'"
"skipped","Fri Jan 02 01:50:34 UTC 2026","Fri Jan 02 01:50:34 UTC 2026","0","tests.tickets","test_01_get_tickets","","","","test_get_tickets_success[filter1-sort1-search2-pagination1-partner]","Позитивный тест: получение списка тикетов с разными комбинациями параметров"
"passed","Fri Jan 02 01:45:30 UTC 2026","Fri Jan 02 01:45:36 UTC 2026","6108","tests.promo_time.new_year_lottery","test_admin_new_year_lottery_coupons","","","","test_admin_can_set_coupons_count_for_order","
    Позитив: админ меняет количество купонов по заказу на ненулевое значение
    "
"passed","Fri Jan 02 00:34:15 UTC 2026","Fri Jan 02 00:34:16 UTC 2026","820","tests.admin_panel.categories","test_45_get_categories","","","","test_get_categories_success","Позитивный тест: успешное получение списка категорий админом."
"skipped","Fri Jan 02 00:30:07 UTC 2026","Fri Jan 02 00:30:07 UTC 2026","0","tests.account","test_token","","","","test_add_token_positive[client-payload1]","Позитивные тесты на добавление токена"
"passed","Fri Jan 02 00:23:38 UTC 2026","Fri Jan 02 00:23:38 UTC 2026","787","tests.PROJECT_EDUCATION.test_system","test_01_start_test","","","","test_start_test_invalid_id__400_or_404[None]",""
"passed","Fri Jan 02 00:52:23 UTC 2026","Fri Jan 02 00:52:23 UTC 2026","878","tests.admin_panel.promo","test_77_create_promotion_item","","","","test_create_promotion_item_invalid_ids[abc-1-404]",""
"passed","Fri Jan 02 00:30:54 UTC 2026","Fri Jan 02 00:30:55 UTC 2026","785","tests.admin_panel","test_01_support_create_user","","","","test_invalid_user_id_returns_client_error[None]",""
"passed","Fri Jan 02 01:39:37 UTC 2026","Fri Jan 02 01:39:37 UTC 2026","195","tests.delivery","test_mongpost_postcodes","","","","test_get_mongpost_postcodes_success[partner]","Позитивный тест: успешное получение списка почтовых индексов монгольской почты"
"skipped","Fri Jan 02 01:09:19 UTC 2026","Fri Jan 02 01:09:19 UTC 2026","0","tests.cart","test_09_cart_save_region","","","","test_save_region_by_name_success[client]","Позитив: сохранение региона по region_name."
"passed","Fri Jan 02 01:48:34 UTC 2026","Fri Jan 02 01:48:34 UTC 2026","197","tests.statistic","test_team_go","","","","test_get_team_go_statistic_positive[payload3-admin]","Позитивный тест: получение статистики по команде с валидным телом запроса"
"skipped","Fri Jan 02 01:25:17 UTC 2026","Fri Jan 02 01:25:18 UTC 2026","1742","tests.catalog","test_products_list","","","","test_get_products_list_invalid_country_id[abc]","
    Негативный: некорректный country_id в query
    "
"passed","Fri Jan 02 00:39:55 UTC 2026","Fri Jan 02 00:39:58 UTC 2026","2430","tests.admin_panel.items","test_create_item_translation","","","","test_create_item_translation_forbidden[partner]","Негативный тест: создание перевода не-админом запрещено."
"passed","Fri Jan 02 01:06:30 UTC 2026","Fri Jan 02 01:06:31 UTC 2026","975","tests.cart","test_02_get_delivery_cost","","","","test_get_delivery_cost_success_partial_payload[partner-payload7-200]","
    Позитив/граничные: сочетания полей региона/города
    "
"skipped","Fri Jan 02 01:50:34 UTC 2026","Fri Jan 02 01:50:34 UTC 2026","0","tests.tickets","test_01_get_tickets","","","","test_get_tickets_success[filter0-sort0-search2-pagination0-partner]","Позитивный тест: получение списка тикетов с разными комбинациями параметров"
"passed","Fri Jan 02 01:30:39 UTC 2026","Fri Jan 02 01:30:41 UTC 2026","2288","tests.delivery","test_01_save_delivery_address","","","","test_save_delivery_address_negative[client-payload2-400]","Негативные тесты на сохранение адреса доставки"
"passed","Fri Jan 02 00:59:51 UTC 2026","Fri Jan 02 00:59:51 UTC 2026","197","tests.admin_panel.slides","test_61_upload_slides_images","","","","test_upload_slide_images_forbidden[client]","Негативный тест: неадмин не может загрузить изображения слайда."
"passed","Fri Jan 02 00:34:47 UTC 2026","Fri Jan 02 00:34:47 UTC 2026","830","tests.admin_panel.categories","test_47_get_categories_by_id","","","","test_get_categories_invalid_id[1.5]","Негативный тест: получение категории по невалидному ID."
"passed","Fri Jan 02 01:48:52 UTC 2026","Fri Jan 02 01:48:53 UTC 2026","196","tests.statistic","test_team_registrations","","","","test_get_team_registration_statistic_positive[payload1-client]","Позитивный тест: получение статистики по регистрации команды с валидным телом запроса"
"passed","Fri Jan 02 00:42:21 UTC 2026","Fri Jan 02 00:42:23 UTC 2026","1850","tests.admin_panel.items","test_update_item","","","","test_update_item_invalid_payload[payload4-422]","Негативный тест: обновление item с невалидным или неполным телом запроса."
"failed","Fri Jan 02 01:33:20 UTC 2026","Fri Jan 02 01:33:24 UTC 2026","4604","tests.delivery","test_03_delete_delivery_address","","","","test_delete_delivery_address_permissions[authorize_client-authorize_admin-True]","Права доступа при удалении адресов"
"passed","Fri Jan 02 01:15:14 UTC 2026","Fri Jan 02 01:15:18 UTC 2026","4290","tests.cart","test_12_cart_estimate_delivery","","","","test_estimate_delivery_negative[partner-cdek-payload1]","
    негатив 400 ки
    "
"passed","Fri Jan 02 01:23:29 UTC 2026","Fri Jan 02 01:23:29 UTC 2026","189","tests.catalog","test_get_currencies","","","","test_get_currencies_success[client]","
    Позитивный тест: успешное получение списка валют
    "
"passed","Fri Jan 02 01:05:24 UTC 2026","Fri Jan 02 01:05:25 UTC 2026","197","tests.cart","test_01_user_locale","","","","test_update_user_locale_invalid_payload[client-payload1-400]","Негативный тест: обновление локали с невалидным payload."
"passed","Fri Jan 02 01:39:49 UTC 2026","Fri Jan 02 01:39:50 UTC 2026","231","tests.delivery","test_self_pickup_offices","","","","test_self_pickup_offices_success_basic[client]","
    Позитив: успешное получение списка офисов по city_id.
    Допускается пустой список (если в городе нет офисов).
    "
"passed","Fri Jan 02 01:06:22 UTC 2026","Fri Jan 02 01:06:23 UTC 2026","1059","tests.cart","test_02_get_delivery_cost","","","","test_get_delivery_cost_success_partial_payload[partner-payload3-200]","
    Позитив/граничные: сочетания полей региона/города
    "
"passed","Fri Jan 02 01:42:21 UTC 2026","Fri Jan 02 01:42:23 UTC 2026","1809","tests.one_c","test_create_1c_stock","","","","test_post_create_minimal_required_fields",""
"skipped","Fri Jan 02 01:45:21 UTC 2026","Fri Jan 02 01:45:21 UTC 2026","193","tests.orders","test_group_order_change_country","","","","test_change_country_invalid_data[invalid_payload2-admin]","Негативные тесты: передача некорректных данных"
"skipped","Fri Jan 02 00:26:54 UTC 2026","Fri Jan 02 00:26:54 UTC 2026","0","tests.account","test_0_marathon","","","","test_create_product_brand_invalid_payload[params4-400-partner]",""
"passed","Fri Jan 02 01:50:02 UTC 2026","Fri Jan 02 01:50:02 UTC 2026","570","tests.stock","test_get_stocks","","","","test_get_stocks[admin]","Запрос всех складов"
"passed","Fri Jan 02 01:43:25 UTC 2026","Fri Jan 02 01:43:25 UTC 2026","604","tests.one_c","test_create_1c_stock","","","","test_post_forbidden[True-invalid]",""
"skipped","Fri Jan 02 01:19:54 UTC 2026","Fri Jan 02 01:19:54 UTC 2026","0","tests.catalog","test_create_admin_product","","","","test_create_product_duplicate_slug[mn]",""
"passed","Fri Jan 02 01:16:45 UTC 2026","Fri Jan 02 01:16:46 UTC 2026","222","tests.cart","test_20_cart_share","","","","test_cart_share_success[partner]","Позитив: успешное создание ссылки на корзину."
"failed","Fri Jan 02 01:32:21 UTC 2026","Fri Jan 02 01:32:23 UTC 2026","2532","tests.delivery","test_02_get_delivery_address","","","","test_get_delivery_addresses_permissions[client]","Проверка получения адресов"
"passed","Fri Jan 02 00:56:03 UTC 2026","Fri Jan 02 00:56:03 UTC 2026","198","tests.admin_panel.slides","test_56_get_slides","","","","test_get_slides_forbidden[partner]","Негативный тест: получение списка слайдов не админом."
"passed","Fri Jan 02 01:59:16 UTC 2026","Fri Jan 02 01:59:18 UTC 2026","1652","tests.tickets","test_04_create_ticket","","","","test_create_ticket_success[admin-attachments2-QuestionsAboutTheRewardSystemMarketingPlan]","Позитивный тест: создание тикета с разными темами и вложениями для клиента, партнера и админа"
"passed","Fri Jan 02 00:24:02 UTC 2026","Fri Jan 02 00:24:03 UTC 2026","850","tests.PROJECT_EDUCATION.test_system","test_02_get_question","","","","test_get_question_invalid_id__400_or_404[999999]",""
"passed","Fri Jan 02 00:48:25 UTC 2026","Fri Jan 02 00:48:30 UTC 2026","5683","tests.admin_panel.products","test_44_upload_product_brand_images","","","","test_upload_product_brand_images_various_fields[4.7-fields_to_send4-204]","Негативный тест. Загрузка слишком большого изображения."
"passed","Fri Jan 02 01:05:02 UTC 2026","Fri Jan 02 01:05:02 UTC 2026","862","tests.cart","test_01_user_locale","","","","test_update_user_locale_valid_payload_1[partner-payload0]","
    Позитивный тест: Обновление языка/склада/локали авторизованным пользователем"
"passed","Fri Jan 02 00:40:08 UTC 2026","Fri Jan 02 00:40:08 UTC 2026","810","tests.admin_panel.items","test_create_item_translation","","","","test_create_item_translation_invalid_payload[payload4-code4]","Негативный тест: создание перевода с невалидным payload."
"passed","Fri Jan 02 00:34:17 UTC 2026","Fri Jan 02 00:34:18 UTC 2026","189","tests.admin_panel.categories","test_45_get_categories","","","","test_get_categories_forbidden[client]","Негативный тест: получение списка категорий не админом."
"skipped","Fri Jan 02 00:29:17 UTC 2026","Fri Jan 02 00:29:17 UTC 2026","0","tests.account","test_family_agreement_create_one","","","","test_create_family_agreement_one_positive[client-payload0]","Позитивные тесты на создание семейного соглашения при отсутствующем втором партнере"
"passed","Fri Jan 02 00:49:24 UTC 2026","Fri Jan 02 00:49:25 UTC 2026","1234","tests.admin_panel.promo","test_73_get_promotion_by_id","","","","test_get_promotion_by_id","Позитивный тест: получение акции по ID"
"passed","Fri Jan 02 01:48:32 UTC 2026","Fri Jan 02 01:48:33 UTC 2026","195","tests.statistic","test_team_go","","","","test_get_team_go_statistic_positive[payload3-partner]","Позитивный тест: получение статистики по команде с валидным телом запроса"
"skipped","Fri Jan 02 01:48:07 UTC 2026","Fri Jan 02 01:48:07 UTC 2026","188","tests.statistic","test_team_activations","","","","test_get_team_activation_statistic_negative[payload0-admin]","Негативный тест: ошибка при получении статистики активации команды с невалидным телом запроса"
"passed","Fri Jan 02 01:12:52 UTC 2026","Fri Jan 02 01:12:56 UTC 2026","4281","tests.cart","test_12_cart_estimate_delivery","","","","test_estimate_delivery_success[client-cargo-payload7]","
    Позитив: корзина с товаром, выбор способа доставки и расчёт стоимости для разных служб
    "
"skipped","Fri Jan 02 01:38:53 UTC 2026","Fri Jan 02 01:38:54 UTC 2026","202","tests.delivery","test_get_kgpost_offices","","","","test_get_kgpost_offices_invalid_city_id_should_fail[0-admin]",""
"passed","Fri Jan 02 01:51:32 UTC 2026","Fri Jan 02 01:51:32 UTC 2026","826","tests.tickets","test_02_get_ticket_by_id","","","","test_get_ticket_invalid_id[]","Негативный тест: передан некорректный ID."
"skipped","Fri Jan 02 00:29:17 UTC 2026","Fri Jan 02 00:29:17 UTC 2026","0","tests.account","test_funds_transfer_send","","","","test_send_funds_transfer_positive[client-payload1]","Позитивные тесты на перевод/вывод средств по visibleId"
"passed","Fri Jan 02 01:36:48 UTC 2026","Fri Jan 02 01:36:49 UTC 2026","198","tests.delivery","test_get_dpd_offices","","","","test_get_dpd_offices_invalid_city_id_should_fail[True-admin]",""
"passed","Fri Jan 02 00:50:02 UTC 2026","Fri Jan 02 00:50:03 UTC 2026","1225","tests.admin_panel.promo","test_74_update_promotion","","","","test_update_promotion_forbidden[partner]","Негативный тест: попытка обновления акции не-админом."
"passed","Fri Jan 02 00:33:48 UTC 2026","Fri Jan 02 00:33:49 UTC 2026","828","tests.admin_panel","test_partner_accrual_details_main_bonus","","","","test_main_bonus_details_success","
    Позитив: детализация по главному бонусу
    "
"passed","Fri Jan 02 01:15:08 UTC 2026","Fri Jan 02 01:15:12 UTC 2026","4460","tests.cart","test_12_cart_estimate_delivery","","","","test_estimate_delivery_negative[partner-cdek-payload0]","
    негатив 400 ки
    "
"passed","Fri Jan 02 01:02:09 UTC 2026","Fri Jan 02 01:02:10 UTC 2026","579","tests.admin_panel.slides","test_62_slides_update_video_url","","","","test_update_video_url_unauthorized","Негативный тест: попытка обновления ссылки без авторизации"
"passed","Fri Jan 02 00:35:42 UTC 2026","Fri Jan 02 00:35:43 UTC 2026","1249","tests.admin_panel.categories","test_57_v2_update_category","","","","test_v2_update_category_success","Позитивный тест: успешное обновление категории (все поля)."
"skipped","Fri Jan 02 01:50:34 UTC 2026","Fri Jan 02 01:50:34 UTC 2026","0","tests.tickets","test_01_get_tickets","","","","test_get_tickets_success[filter2-sort0-search2-pagination0-client]","Позитивный тест: получение списка тикетов с разными комбинациями параметров"
"failed","Fri Jan 02 01:13:28 UTC 2026","Fri Jan 02 01:13:31 UTC 2026","2922","tests.cart","test_12_cart_estimate_delivery","","","","test_estimate_delivery_success[client-boxberry_pickup-payload13]","
    Позитив: корзина с товаром, выбор способа доставки и расчёт стоимости для разных служб
    "
"passed","Fri Jan 02 01:09:29 UTC 2026","Fri Jan 02 01:09:29 UTC 2026","368","tests.cart","test_10_cart_save_city","","","","test_save_city_by_id_success[client]","Позитив: сохранение города по city_id."
"passed","Fri Jan 02 00:54:59 UTC 2026","Fri Jan 02 00:55:00 UTC 2026","1278","tests.admin_panel.sliders","test_54_update_slider","","","","test_update_slider_invalid_payload[payload9-400]","Негативный тест: обновление слайдера с невалидным или неполным телом запроса."
"skipped","Fri Jan 02 01:50:34 UTC 2026","Fri Jan 02 01:50:34 UTC 2026","0","tests.tickets","test_01_get_tickets","","","","test_get_tickets_success[filter0-sort0-search2-pagination0-client]","Позитивный тест: получение списка тикетов с разными комбинациями параметров"
"skipped","Fri Jan 02 01:50:34 UTC 2026","Fri Jan 02 01:50:34 UTC 2026","0","tests.tickets","test_01_get_tickets","","","","test_get_tickets_success[filter1-sort0-search2-pagination0-client]","Позитивный тест: получение списка тикетов с разными комбинациями параметров"
"passed","Fri Jan 02 01:12:11 UTC 2026","Fri Jan 02 01:12:15 UTC 2026","4277","tests.cart","test_12_cart_estimate_delivery","","","","test_estimate_delivery_success[client-self_pickup-payload0]","
    Позитив: корзина с товаром, выбор способа доставки и расчёт стоимости для разных служб
    "
"passed","Fri Jan 02 01:51:21 UTC 2026","Fri Jan 02 01:51:23 UTC 2026","2184","tests.tickets","test_02_get_ticket_by_id","","","","test_get_ticket_success[admin]","Позитивный тест: успешное получение тикета по ID для клиента, партнера и администратора."
"skipped","Fri Jan 02 01:35:18 UTC 2026","Fri Jan 02 01:35:18 UTC 2026","506","tests.delivery","test_get_cities_v2","","","","test_get_cities_v2_invalid_city_name_should_fail[1.5-admin]","
    Негатив: невалидные значения city_name → 400/422.
    "
"skipped","Fri Jan 02 01:48:43 UTC 2026","Fri Jan 02 01:48:44 UTC 2026","189","tests.statistic","test_team_go","","","","test_get_team_go_statistic_negative[payload1-partner]","Негативный тест: ошибка при получении статистики по команде с невалидным телом запроса"
"skipped","Fri Jan 02 00:35:17 UTC 2026","Fri Jan 02 00:35:17 UTC 2026","0","tests.admin_panel.categories","test_50_upload_category_images","","","","test_upload_category_images_invalid_format[invalid.exe-application/octet-stream-400]","Негативный тест: загрузка изображений в неверном формате (например, .txt)."
"skipped","Fri Jan 02 00:26:54 UTC 2026","Fri Jan 02 00:26:54 UTC 2026","0","tests.account","test_0_marathon","","","","test_create_product_brand_invalid_payload[params3-400-admin]",""
"passed","Fri Jan 02 01:56:17 UTC 2026","Fri Jan 02 01:56:18 UTC 2026","1604","tests.tickets","test_04_create_ticket","","","","test_create_ticket_success[partner-attachments2-QuestionsAboutInternationalDelivery]","Позитивный тест: создание тикета с разными темами и вложениями для клиента, партнера и админа"
"passed","Fri Jan 02 00:36:48 UTC 2026","Fri Jan 02 00:36:48 UTC 2026","780","tests.admin_panel.categories","test_79_get_category_translation","","","","test_get_category_translation_invalid_id[abc]",""
"passed","Fri Jan 02 00:56:26 UTC 2026","Fri Jan 02 00:56:27 UTC 2026","826","tests.admin_panel.slides","test_57_create_slide","","","","test_create_slide_invalid_payload[payload4-expected_code4]","Негативные тесты: некорректные и неполные payload'ы."
"passed","Fri Jan 02 00:34:53 UTC 2026","Fri Jan 02 00:34:54 UTC 2026","1400","tests.admin_panel.categories","test_49_delete_category","","","","test_delete_category_success","Позитивный тест: успешное удаление категории."
"skipped","Fri Jan 02 01:35:34 UTC 2026","Fri Jan 02 01:35:34 UTC 2026","351","tests.delivery","test_get_cities_v2","","","","test_get_cities_v2_invalid_country_id_should_fail[0-admin]","
    Негатив: невалидные значения country_id → 400/422.
    "
"passed","Fri Jan 02 00:38:40 UTC 2026","Fri Jan 02 00:38:41 UTC 2026","988","tests.admin_panel.items","test_create_item","","","","test_create_item_invalid_payload[payload1-expected_code1]","
    Негативный тест: создание варианта с невалидным телом запроса.
    Если сервер внезапно вернул успех — удаляем созданный item из БД.
    "
"passed","Fri Jan 02 00:56:31 UTC 2026","Fri Jan 02 00:56:32 UTC 2026","812","tests.admin_panel.slides","test_57_create_slide","","","","test_create_slide_invalid_payload[payload7-expected_code7]","Негативные тесты: некорректные и неполные payload'ы."
"skipped","Fri Jan 02 00:29:42 UTC 2026","Fri Jan 02 00:29:42 UTC 2026","0","tests.account","test_history_group_volumes_admin","","","","test_get_group_volumes_history_admin_positive[partner-payload1]","Позитивные тесты на получение истории начисления групповых объемов для админа"
"skipped","Fri Jan 02 00:29:42 UTC 2026","Fri Jan 02 00:29:42 UTC 2026","0","tests.account","test_history_admin","","","","test_get_admin_history_positive[client-payload1]","Позитивные тесты на получение истории бонусов для админа"
"skipped","Fri Jan 02 01:50:34 UTC 2026","Fri Jan 02 01:50:34 UTC 2026","0","tests.tickets","test_01_get_tickets","","","","test_get_tickets_success[filter2-sort1-search0-pagination1-partner]","Позитивный тест: получение списка тикетов с разными комбинациями параметров"
"skipped","Fri Jan 02 01:36:55 UTC 2026","Fri Jan 02 01:36:56 UTC 2026","628","tests.delivery","test_get_dpd_offices","","","","test_get_dpd_offices_unauthorized",""
"passed","Fri Jan 02 01:59:25 UTC 2026","Fri Jan 02 01:59:27 UTC 2026","1608","tests.tickets","test_04_create_ticket","","","","test_create_ticket_success[admin-attachments2-ChangePersonalData]","Позитивный тест: создание тикета с разными темами и вложениями для клиента, партнера и админа"
"passed","Fri Jan 02 01:53:33 UTC 2026","Fri Jan 02 01:53:34 UTC 2026","1583","tests.tickets","test_04_create_ticket","","","","test_create_ticket_success[client-attachments2-QuestionsAboutOrders]","Позитивный тест: создание тикета с разными темами и вложениями для клиента, партнера и админа"
"skipped","Fri Jan 02 01:50:34 UTC 2026","Fri Jan 02 01:50:34 UTC 2026","0","tests.tickets","test_01_get_tickets","","","","test_get_tickets_success[filter2-sort1-search2-pagination1-client]","Позитивный тест: получение списка тикетов с разными комбинациями параметров"
"passed","Fri Jan 02 00:33:37 UTC 2026","Fri Jan 02 00:33:38 UTC 2026","847","tests.admin_panel","test_partner_accrual_details_common","","","","test_common_accrual_details_invalid_payload[payload4-expected_codes4]","
    Негатив: валидация тела запроса общей детализации.
    "
"passed","Fri Jan 02 00:38:01 UTC 2026","Fri Jan 02 00:38:03 UTC 2026","2204","tests.admin_panel.categories","test_81_delete_category_translation","","","","test_delete_category_translation_success","Позитивный тест: удаление одного из двух переводов категории."
"passed","Fri Jan 02 01:28:58 UTC 2026","Fri Jan 02 01:28:58 UTC 2026","294","tests.chat_support","test_01_support_chat_messages_post","","","","test_create_message_without_tag_type_success_partner_client[client]","
    Позитив: tag_type не обязателен
    "
"skipped","Fri Jan 02 01:37:53 UTC 2026","Fri Jan 02 01:37:53 UTC 2026","216","tests.delivery","test_get_five_post_offices","","","","test_get_five_post_offices_invalid_city_id_should_fail[-1-admin]","Негатив: невалидные значения city_id → 400/422."
"passed","Fri Jan 02 01:44:19 UTC 2026","Fri Jan 02 01:44:20 UTC 2026","612","tests.one_c","test_get_1с_stock","","","","test_get_stock_success[540001]",""
"passed","Fri Jan 02 00:28:14 UTC 2026","Fri Jan 02 00:28:14 UTC 2026","188","tests.account","test_account_branded_wallet_upload","","","","test_upload_missing_image_field_returns_400_or_422[partner]","Негатив: отсутствует поле 'image' → 400/422"
"passed","Fri Jan 02 01:56:45 UTC 2026","Fri Jan 02 01:56:47 UTC 2026","1618","tests.tickets","test_04_create_ticket","","","","test_create_ticket_success[partner-attachments2-ChangePersonalData]","Позитивный тест: создание тикета с разными темами и вложениями для клиента, партнера и админа"
"passed","Fri Jan 02 01:50:47 UTC 2026","Fri Jan 02 01:50:48 UTC 2026","187","tests.tickets","test_01_get_tickets","","","","test_get_tickets_invalid_search[invalid_search0-400-partner]","Негативный тест: передаем некорректные параметры поиска"
"passed","Fri Jan 02 01:01:24 UTC 2026","Fri Jan 02 01:01:26 UTC 2026","1916","tests.admin_panel.slides","test_61_upload_slides_images","","","","test_upload_only_single_slide_image_field[image-test_jpg.jpg-image/jpeg-image]","Проверка: загрузка только одного изображения не должна заполнять другие поля."
"passed","Fri Jan 02 00:29:02 UTC 2026","Fri Jan 02 00:29:03 UTC 2026","1432","tests.account","test_add_cover_url","","","","test_add_cover_invalid_payload[payload3]",""
"skipped","Fri Jan 02 01:50:34 UTC 2026","Fri Jan 02 01:50:34 UTC 2026","0","tests.tickets","test_01_get_tickets","","","","test_get_tickets_success[filter2-sort0-search1-pagination1-partner]","Позитивный тест: получение списка тикетов с разными комбинациями параметров"
"passed","Fri Jan 02 01:37:01 UTC 2026","Fri Jan 02 01:37:01 UTC 2026","195","tests.delivery","test_get_emu_pickup_points","","","","test_get_emu_pickup_points_success[143796-admin]","Позитив: успешное получение списка ПВЗ EMU по city_id."
"passed","Fri Jan 02 01:11:57 UTC 2026","Fri Jan 02 01:12:00 UTC 2026","3087","tests.cart","test_11_cart_save_delivery_method","","","","test_save_delivery_method_success_with_cart[partner-FivePost]","
    Позитив: сохранение способа доставки для всех значений с корзиной
    "
"passed","Fri Jan 02 01:57:10 UTC 2026","Fri Jan 02 01:57:11 UTC 2026","795","tests.tickets","test_04_create_ticket","","","","test_create_ticket_success[admin-attachments0-QuestionsAboutOrders]","Позитивный тест: создание тикета с разными темами и вложениями для клиента, партнера и админа"
"skipped","Fri Jan 02 00:30:07 UTC 2026","Fri Jan 02 00:30:07 UTC 2026","0","tests.account","test_token","","","","test_add_token_positive[partner-payload0]","Позитивные тесты на добавление токена"
"passed","Fri Jan 02 00:58:48 UTC 2026","Fri Jan 02 00:58:49 UTC 2026","1261","tests.admin_panel.slides","test_59_update_slide","","","","test_update_slide_invalid_payload[payload10-422]","Негативный тест: обновление слайда с невалидным или неполным телом запроса."
"passed","Fri Jan 02 02:02:40 UTC 2026","Fri Jan 02 02:02:41 UTC 2026","1206","tests.tickets","test_12_delete_message","","","","test_delete_ticket_message_not_admin[client]","Негативный тест: клиент/партнёр пытается удалить своё сообщение"
"passed","Fri Jan 02 00:34:55 UTC 2026","Fri Jan 02 00:34:56 UTC 2026","605","tests.admin_panel.categories","test_49_delete_category","","","","test_delete_category_unauthorized","Негативный тест: попытка удаления категории без авторизации."
"skipped","Fri Jan 02 01:38:24 UTC 2026","Fri Jan 02 01:38:24 UTC 2026","190","tests.delivery","test_get_haypost_offices","","","","test_get_haypost_offices_missing_city_id_should_fail[admin]","Негатив: отсутствует обязательный query-параметр city_id → 400/422."
"passed","Fri Jan 02 01:43:34 UTC 2026","Fri Jan 02 01:43:35 UTC 2026","615","tests.one_c","test_create_1c_stock","","","","test_post_bad_request_or_unprocessable[<lambda>2]",""
"passed","Fri Jan 02 00:55:50 UTC 2026","Fri Jan 02 00:55:52 UTC 2026","2303","tests.admin_panel.slides","test_0_slides_sort","","","","test_slides_sort_invalid_payload","Негативный тест: невалидный payload."
"passed","Fri Jan 02 01:16:17 UTC 2026","Fri Jan 02 01:16:17 UTC 2026","231","tests.cart","test_16_cart_update_stock","","","","test_update_stock_success[partner]","Позитив: изменение склада."
"passed","Fri Jan 02 00:43:36 UTC 2026","Fri Jan 02 00:43:36 UTC 2026","602","tests.admin_panel.periods","test_put_admin_dev_period_end_time","","","","test_put_admin_dev_period_end_time__unauthorized",""
"passed","Fri Jan 02 01:51:44 UTC 2026","Fri Jan 02 01:51:45 UTC 2026","774","tests.tickets","test_04_create_ticket","","","","test_create_ticket_success[client-attachments0-QuestionsAboutTheHousingAndCarProgram]","Позитивный тест: создание тикета с разными темами и вложениями для клиента, партнера и админа"
"passed","Fri Jan 02 00:23:32 UTC 2026","Fri Jan 02 00:23:33 UTC 2026","820","tests.PROJECT_EDUCATION.test_system","test_01_start_test","","","","test_start_test_invalid_id__400_or_404[abc]",""
"passed","Fri Jan 02 01:03:21 UTC 2026","Fri Jan 02 01:03:22 UTC 2026","1008","tests.admin_panel.users","test_post_admin_users_exclusive_preorder_permissions","","","","test_post_exclusive_preorder_permissions_validation_errors_400[payload9]","
    Негатив: некорректный payload
    "
"passed","Fri Jan 02 01:00:18 UTC 2026","Fri Jan 02 01:00:19 UTC 2026","1691","tests.admin_panel.slides","test_61_upload_slides_images","","","","test_upload_slide_images_invalid_format[valid.webp-image/webp-204]","Негативный и позитивный тест: загрузка изображений в разных форматах."
"passed","Fri Jan 02 01:27:23 UTC 2026","Fri Jan 02 01:27:28 UTC 2026","5263","tests.catalog","test_update_admin_product","","","","test_update_admin_product_invalid_payload[update_payload2-400]",""
"passed","Fri Jan 02 02:02:28 UTC 2026","Fri Jan 02 02:02:29 UTC 2026","1210","tests.tickets","test_11_update_message","","","","test_update_message_validation[partner-update_payload1-403]","Негативные тесты: невалидные поля при редактировании сообщения"
"passed","Fri Jan 02 01:27:13 UTC 2026","Fri Jan 02 01:27:18 UTC 2026","5123","tests.catalog","test_update_admin_product","","","","test_update_admin_product_invalid_payload[update_payload1-400]",""
"passed","Fri Jan 02 00:46:39 UTC 2026","Fri Jan 02 00:46:40 UTC 2026","1242","tests.admin_panel.products","test_42_update_product_brand","","","","test_update_product_brand_invalid_payload[payload3-expected_code3]","Негативный тест: обновление бренда с невалидным или неполным телом запроса."
"skipped","Fri Jan 02 00:43:37 UTC 2026","Fri Jan 02 00:43:37 UTC 2026","0","tests.admin_panel.products","test_01_create_product_group","","","","test_create_product_group_success","Позитивный тест: успешное создание продукт группы (все поля)."
"passed","Fri Jan 02 01:03:16 UTC 2026","Fri Jan 02 01:03:17 UTC 2026","1009","tests.admin_panel.users","test_post_admin_users_exclusive_preorder_permissions","","","","test_post_exclusive_preorder_permissions_validation_errors_400[payload7]","
    Негатив: некорректный payload
    "
"passed","Fri Jan 02 00:43:02 UTC 2026","Fri Jan 02 00:43:03 UTC 2026","597","tests.admin_panel.periods","test_get_period_by_id","","","","test_get_period_by_id__unauthorized",""
"passed","Fri Jan 02 00:57:34 UTC 2026","Fri Jan 02 00:57:35 UTC 2026","1222","tests.admin_panel.slides","test_58_get_slides_by_id","","","","test_get_slides_by_id_forbidden[partner]","Негативный тест: попытка получения слайда по ID не-админом."
"skipped","Fri Jan 02 01:47:35 UTC 2026","Fri Jan 02 01:47:35 UTC 2026","0","tests.sockets","test_ws_chat_protocol","","","","test_second_login_after_auth_is_idempotent[partner]","
    Повторный login после успешной авторизации НЕ должен ломать соединение
    "
"passed","Fri Jan 02 00:29:34 UTC 2026","Fri Jan 02 00:29:34 UTC 2026","195","tests.account","test_get_account_exists","","","","test_get_account_exists_positive[params4-admin]","Нкгатив: невлидны id"
"skipped","Fri Jan 02 02:01:07 UTC 2026","Fri Jan 02 02:01:08 UTC 2026","1592","tests.tickets","test_06_close_ticket","","","","test_close_tickets_negative[admin-ticket_ids1-400]","Негативные тесты: закрытие с некорректными данными"
"passed","Fri Jan 02 01:39:17 UTC 2026","Fri Jan 02 01:39:17 UTC 2026","196","tests.delivery","test_get_self_pickup_offices","","","","test_get_self_pickup_offices_invalid_city_id_should_fail[-admin]","Негатив: невалидные значения city_id → 400/422."
"passed","Fri Jan 02 00:36:59 UTC 2026","Fri Jan 02 00:37:02 UTC 2026","2056","tests.admin_panel.categories","test_80_create_category_translation","","","","test_create_category_translation_success[ru]","Позитивный тест: создание/обновление перевода категории для разных языков."
"passed","Fri Jan 02 01:20:07 UTC 2026","Fri Jan 02 01:20:12 UTC 2026","5649","tests.catalog","test_create_admin_product_translation","","","","test_create_admin_product_translation_success[en]","Создание и обновление перевода продукта на разных языках."
"passed","Fri Jan 02 01:32:50 UTC 2026","Fri Jan 02 01:32:50 UTC 2026","186","tests.delivery","test_02_get_delivery_address","","","","test_get_delivery_addresses_invalid_pagination[invalid_pagination2-admin]","Негатив: некорректные параметры пагинации"
"passed","Fri Jan 02 01:52:57 UTC 2026","Fri Jan 02 01:52:59 UTC 2026","1792","tests.tickets","test_04_create_ticket","","","","test_create_ticket_success[client-attachments1-QuestionsAboutTheRewardSystemMarketingPlan]","Позитивный тест: создание тикета с разными темами и вложениями для клиента, партнера и админа"
"passed","Fri Jan 02 00:43:20 UTC 2026","Fri Jan 02 00:43:20 UTC 2026","193","tests.admin_panel.periods","test_post_admin_approve_marketing_result_with_period","","","","test_post_admin_approve_marketing_result_with_period__forbidden[client]",""
"passed","Fri Jan 02 00:34:10 UTC 2026","Fri Jan 02 00:34:10 UTC 2026","187","tests.admin_panel","test_report_accruals","","","","test_report_accruals_forbidden[partner]",""
"skipped","Fri Jan 02 00:23:23 UTC 2026","Fri Jan 02 00:23:23 UTC 2026","0","tests.PROJECT_EDUCATION.orders","test_get_order_by_id","","","","test_get_order_by_id_invalid_id__returns_error[0]",""
"passed","Fri Jan 02 00:48:50 UTC 2026","Fri Jan 02 00:48:51 UTC 2026","818","tests.admin_panel.promo","test_72_create_promotion","","","","test_create_promotion_invalid_data[payload0-400]","Негативные тесты: невалидные данные"
"skipped","Fri Jan 02 01:49:24 UTC 2026","Fri Jan 02 01:49:25 UTC 2026","805","tests.stock","test_delete_stock","","","","test_delete_stock_invalid_id[abc]",""
"skipped","Fri Jan 02 01:50:34 UTC 2026","Fri Jan 02 01:50:34 UTC 2026","0","tests.tickets","test_01_get_tickets","","","","test_get_tickets_success[filter0-sort1-search2-pagination1-partner]","Позитивный тест: получение списка тикетов с разными комбинациями параметров"
"skipped","Fri Jan 02 01:37:30 UTC 2026","Fri Jan 02 01:37:30 UTC 2026","196","tests.delivery","test_get_europost_offices","","","","test_get_europost_offices_invalid_city_id_should_fail[-1-admin]",""
"passed","Fri Jan 02 01:58:15 UTC 2026","Fri Jan 02 01:58:17 UTC 2026","1761","tests.tickets","test_04_create_ticket","","","","test_create_ticket_success[admin-attachments1-QuestionsAboutTheMarriageContract]","Позитивный тест: создание тикета с разными темами и вложениями для клиента, партнера и админа"
"passed","Fri Jan 02 01:00:04 UTC 2026","Fri Jan 02 01:00:05 UTC 2026","1398","tests.admin_panel.slides","test_61_upload_slides_images","","","","test_upload_slide_images_invalid_format[invalid.docx-application/vnd.openxmlformats-officedocument.wordprocessingml.document-400]","Негативный и позитивный тест: загрузка изображений в разных форматах."
"passed","Fri Jan 02 00:56:11 UTC 2026","Fri Jan 02 00:56:12 UTC 2026","1071","tests.admin_panel.slides","test_57_create_slide","","","","test_create_slide_success","Позитивный тест: успешное создание слайда (все поля)."
"passed","Fri Jan 02 01:17:01 UTC 2026","Fri Jan 02 01:17:07 UTC 2026","5750","tests.cart","test_22_cart_fill_advanced_cost","","","","test_fill_advanced_cost_success[client]","
    Позитив: расчёт предварительных доставок для непустой корзины
    с заполненным регионом/городом.
    "
"passed","Fri Jan 02 01:04:02 UTC 2026","Fri Jan 02 01:04:02 UTC 2026","200","tests.auth","test_02_login","","","","test_partner_login[partner-0709--401]",""
"skipped","Fri Jan 02 01:50:34 UTC 2026","Fri Jan 02 01:50:34 UTC 2026","0","tests.tickets","test_01_get_tickets","","","","test_get_tickets_success[filter2-sort1-search1-pagination1-partner]","Позитивный тест: получение списка тикетов с разными комбинациями параметров"
"passed","Fri Jan 02 00:43:39 UTC 2026","Fri Jan 02 00:43:41 UTC 2026","2754","tests.admin_panel.products","test_01_recommended_products_sort","","","","test_sort_recommendations_partial","Сортировка по рекомендациям"
"passed","Fri Jan 02 01:29:43 UTC 2026","Fri Jan 02 01:29:46 UTC 2026","2852","tests.delivery","test_01_save_delivery_address","","","","test_save_delivery_address_positive[client-payload2]","Позитивные тесты на сохранение адреса доставки"
"passed","Fri Jan 02 01:50:49 UTC 2026","Fri Jan 02 01:50:49 UTC 2026","196","tests.tickets","test_01_get_tickets","","","","test_get_tickets_invalid_search[invalid_search1-400-client]","Негативный тест: передаем некорректные параметры поиска"
"skipped","Fri Jan 02 01:05:22 UTC 2026","Fri Jan 02 01:05:22 UTC 2026","0","tests.cart","test_01_user_locale","","","","test_update_user_locale_valid_payload[payload7]","
    Позитивный тест: Обновление языка/склада/локали НЕавторизованным пользователем с указанной корзиной в cookie.
    "
"passed","Fri Jan 02 00:25:53 UTC 2026","Fri Jan 02 00:25:54 UTC 2026","855","tests.PROJECT_FUND.initiatives","test_get_initiative_by_id","","","","test_get_initiative_by_valid_id[https://dev.ewahelps.com/api]","Позитивный тест: Получение инициативы по идентификатору"
"passed","Fri Jan 02 01:55:51 UTC 2026","Fri Jan 02 01:55:52 UTC 2026","1816","tests.tickets","test_04_create_ticket","","","","test_create_ticket_success[partner-attachments1-ReceivingDefectiveProductsOrShortage]","Позитивный тест: создание тикета с разными темами и вложениями для клиента, партнера и админа"
"passed","Fri Jan 02 01:38:37 UTC 2026","Fri Jan 02 01:38:37 UTC 2026","195","tests.delivery","test_get_kazpost_offices","","","","test_get_kazpost_offices_missing_city_id_should_fail[admin]","Негатив: отсутствует обязательный query-параметр city_id → 400/422."
"passed","Fri Jan 02 01:49:32 UTC 2026","Fri Jan 02 01:49:32 UTC 2026","215","tests.stock","test_get_group_orders","","","","test_get_group_orders[admin]","Запрос всех складов для групповых заказов"
"passed","Fri Jan 02 01:40:18 UTC 2026","Fri Jan 02 01:40:19 UTC 2026","187","tests.delivery","test_self_pickup_offices","","","","test_self_pickup_offices_invalid_params[admin-params1]","
    Негатив: невалидные параметры -> 400 с телом ошибки.
    "
"skipped","Fri Jan 02 01:45:27 UTC 2026","Fri Jan 02 01:45:27 UTC 2026","0","tests.orders","test_orders_v2_pay","","","","test_orders_v2_pay_invalid_data[invalid_payload1-400]","Негативный тест: отправка некорректных данных"
"failed","Fri Jan 02 00:24:38 UTC 2026","Fri Jan 02 00:24:40 UTC 2026","1955","tests.PROJECT_EDUCATION.test_system","test_03_user_answers","","","","test_user_answers_invalid_payload__400_or_422[payload3]",""
"passed","Fri Jan 02 01:05:45 UTC 2026","Fri Jan 02 01:05:45 UTC 2026","211","tests.cart","test_01_user_locale","","","","test_update_user_locale_invalid_payload[partner-payload5-400]","Негативный тест: обновление локали с невалидным payload."
"passed","Fri Jan 02 01:43:47 UTC 2026","Fri Jan 02 01:43:48 UTC 2026","601","tests.one_c","test_create_1c_stock","","","","test_post_bad_request_or_unprocessable[<lambda>7]",""
"passed","Fri Jan 02 01:10:47 UTC 2026","Fri Jan 02 01:10:51 UTC 2026","3811","tests.cart","test_11_cart_save_delivery_method","","","","test_save_delivery_method_success_with_cart[partner-Yandex]","
    Позитив: сохранение способа доставки для всех значений с корзиной
    "
"passed","Fri Jan 02 01:19:52 UTC 2026","Fri Jan 02 01:19:53 UTC 2026","990","tests.catalog","test_create_admin_product","","","","test_create_product_invalid_payload[payload9-422]",""
"passed","Fri Jan 02 01:16:22 UTC 2026","Fri Jan 02 01:16:22 UTC 2026","613","tests.cart","test_16_cart_update_stock","","","","test_update_stock_unauthorized","Негатив: вызов без авторизации/корзины."
"passed","Fri Jan 02 00:40:43 UTC 2026","Fri Jan 02 00:40:43 UTC 2026","809","tests.admin_panel.items","test_delete_item_translation","","","","test_delete_item_translation_invalid_id[0]","Негативный тест: удаление перевода с невалидным или несуществующим ID item."
"passed","Fri Jan 02 01:03:47 UTC 2026","Fri Jan 02 01:03:47 UTC 2026","192","tests.auth","test_02_login","","","","test_admin_login[admin-Admin--401]",""
"passed","Fri Jan 02 01:50:58 UTC 2026","Fri Jan 02 01:50:59 UTC 2026","196","tests.tickets","test_01_get_tickets","","","","test_get_tickets_invalid_filter[invalid_filter0-400-partner]","Негативный тест: передаем некорректные параметры фильтрации"
"passed","Fri Jan 02 00:51:35 UTC 2026","Fri Jan 02 00:51:36 UTC 2026","605","tests.admin_panel.promo","test_76_get_promotion_items","","","","test_get_promotion_item_unauthorized","Негативный тест: без авторизации."
"passed","Fri Jan 02 00:28:52 UTC 2026","Fri Jan 02 00:28:53 UTC 2026","881","tests.account","test_add_cover_url","","","","test_add_cover_min_payload[admin]",""
"passed","Fri Jan 02 01:22:32 UTC 2026","Fri Jan 02 01:22:33 UTC 2026","827","tests.catalog","test_delete_admin_product_translation","","","","test_delete_admin_product_translation_invalid_id[-1]","Удаление перевода по невалидному product_id — должно вернуть 400 или 404."
"skipped","Fri Jan 02 01:16:12 UTC 2026","Fri Jan 02 01:16:12 UTC 2026","195","tests.cart","test_15_cart_update_country","","","","test_update_country_invalid_payload[partner-payload0]","Негатив: невалидный payload."
"passed","Fri Jan 02 01:17:58 UTC 2026","Fri Jan 02 01:18:00 UTC 2026","1751","tests.cart","test_23_cart_calculate_delivery_flag","","","","test_update_cart_item_invalid_calculate_delivery_flag[true-client]",""
"passed","Fri Jan 02 01:36:52 UTC 2026","Fri Jan 02 01:36:52 UTC 2026","204","tests.delivery","test_get_dpd_offices","","","","test_get_dpd_offices_invalid_city_id_should_fail[bad_city_id7-admin]",""
"passed","Fri Jan 02 01:48:27 UTC 2026","Fri Jan 02 01:48:27 UTC 2026","206","tests.statistic","test_team_go","","","","test_get_team_go_statistic_positive[payload2-partner]","Позитивный тест: получение статистики по команде с валидным телом запроса"
"passed","Fri Jan 02 00:52:50 UTC 2026","Fri Jan 02 00:52:51 UTC 2026","823","tests.admin_panel.promo","test_78_delete_promotion_item","","","","test_delete_promotion_item_invalid_id[1.5-1.5]","Негативный тест: удаление элемента акции с невалидным ID продукта."
"passed","Fri Jan 02 01:03:33 UTC 2026","Fri Jan 02 01:03:34 UTC 2026","599","tests.auth","test_01_check_version","","","","test_check_version[Ios-1.5.3-200]","Тест проверяет API /check_version для разных платформ и версий."
"passed","Fri Jan 02 01:19:40 UTC 2026","Fri Jan 02 01:19:41 UTC 2026","1023","tests.catalog","test_create_admin_product","","","","test_create_product_invalid_payload[payload3-400]",""
"skipped","Fri Jan 02 00:29:42 UTC 2026","Fri Jan 02 00:29:42 UTC 2026","0","tests.account","test_list_csv","","","","test_get_account_list_csv_positive[client-payload1]","Позитивные тесты на выгрузку структуры партнеров в CSV"
"passed","Fri Jan 02 01:14:26 UTC 2026","Fri Jan 02 01:14:31 UTC 2026","4730","tests.cart","test_12_cart_estimate_delivery","","","","test_estimate_delivery_success[partner-yandex-payload8]","
    Позитив: корзина с товаром, выбор способа доставки и расчёт стоимости для разных служб
    "
"passed","Fri Jan 02 02:01:33 UTC 2026","Fri Jan 02 02:01:35 UTC 2026","1156","tests.tickets","test_09_get_ticket_messages","","","","test_get_ticket_messages_positive[partner]","Позитивный тест: успешное получение списка сообщений тикета"
"skipped","Fri Jan 02 00:30:07 UTC 2026","Fri Jan 02 00:30:07 UTC 2026","0","tests.account","test_token","","","","test_add_token_positive[admin-payload1]","Позитивные тесты на добавление токена"
"skipped","Fri Jan 02 01:50:34 UTC 2026","Fri Jan 02 01:50:34 UTC 2026","0","tests.tickets","test_01_get_tickets","","","","test_get_tickets_success[filter1-sort1-search1-pagination1-partner]","Позитивный тест: получение списка тикетов с разными комбинациями параметров"
"passed","Fri Jan 02 00:31:04 UTC 2026","Fri Jan 02 00:31:05 UTC 2026","826","tests.admin_panel","test_02_support_users_list","","","","test_partner_cannot_list_support_users",""
"passed","Fri Jan 02 01:19:50 UTC 2026","Fri Jan 02 01:19:51 UTC 2026","1019","tests.catalog","test_create_admin_product","","","","test_create_product_invalid_payload[payload8-422]",""
"skipped","Fri Jan 02 01:49:24 UTC 2026","Fri Jan 02 01:49:24 UTC 2026","0","tests.stock","test_create_stock","","","","test_create_stock_with_empty_string_log_if_not_200[city.region_id]",""
"failed","Fri Jan 02 00:24:26 UTC 2026","Fri Jan 02 00:24:28 UTC 2026","1967","tests.PROJECT_EDUCATION.test_system","test_03_user_answers","","","","test_user_answers_invalid_payload__400_or_422[payload0]",""
"passed","Fri Jan 02 00:47:58 UTC 2026","Fri Jan 02 00:48:00 UTC 2026","1551","tests.admin_panel.products","test_44_upload_product_brand_images","","","","test_upload_product_brand_images_formats[valid.webp-image/webp-204]","Проверка загрузки изображений бренда в разных форматах: негативные и позитивные кейсы."
"passed","Fri Jan 02 01:30:43 UTC 2026","Fri Jan 02 01:30:46 UTC 2026","2545","tests.delivery","test_01_save_delivery_address","","","","test_save_delivery_address_negative[client-payload3-400]","Негативные тесты на сохранение адреса доставки"
"passed","Fri Jan 02 00:49:39 UTC 2026","Fri Jan 02 00:49:40 UTC 2026","811","tests.admin_panel.promo","test_73_get_promotion_by_id","","","","test_get_promotion_invalid_id[None]","Негативный тест: получение акции по невалидному ID."
"skipped","Fri Jan 02 01:47:35 UTC 2026","Fri Jan 02 01:47:35 UTC 2026","0","tests.sockets","test_ws_chat_protocol","","","","test_ws_unknown_msg_returns_error_and_keeps_connection[partner]","
    Негатив: шлём левый msg → сервер должен вернуть
      {""msg"": ""error"", ""error"": ""unknown command""}
    "
"failed","Fri Jan 02 01:14:57 UTC 2026","Fri Jan 02 01:15:00 UTC 2026","3438","tests.cart","test_12_cart_estimate_delivery","","","","test_estimate_delivery_success[partner-boxberry_pickup-payload13]","
    Позитив: корзина с товаром, выбор способа доставки и расчёт стоимости для разных служб
    "
"passed","Fri Jan 02 01:02:25 UTC 2026","Fri Jan 02 01:02:26 UTC 2026","979","tests.admin_panel.users","test_delete_admin_users_exclusive_preorder_permissions","","","","test_delete_exclusive_preorder_permissions_validation_error_400[payload0]","
    Негатив: некорректный item_id
    "
"passed","Fri Jan 02 00:43:47 UTC 2026","Fri Jan 02 00:43:52 UTC 2026","4437","tests.admin_panel.products","test_01_recommended_products_sort","","","","test_sort_recommendations_no_rights[client]","Пользователь без прав пытается отсортировать рекомендации"
"skipped","Fri Jan 02 01:50:34 UTC 2026","Fri Jan 02 01:50:34 UTC 2026","0","tests.tickets","test_01_get_tickets","","","","test_get_tickets_success[filter2-sort1-search1-pagination0-client]","Позитивный тест: получение списка тикетов с разными комбинациями параметров"
"passed","Fri Jan 02 01:51:14 UTC 2026","Fri Jan 02 01:51:15 UTC 2026","996","tests.tickets","test_02_get_ticket_by_id","","","","test_get_ticket_success[client]","Позитивный тест: успешное получение тикета по ID для клиента, партнера и администратора."
"passed","Fri Jan 02 01:38:07 UTC 2026","Fri Jan 02 01:38:07 UTC 2026","186","tests.delivery","test_get_georgian_post_pickup_points","","","","test_get_georgian_post_pickup_points_success[1-partner]","Позитив: успешное получение списка ПВЗ грузинской почты по city_id."
"passed","Fri Jan 02 00:46:26 UTC 2026","Fri Jan 02 00:46:27 UTC 2026","803","tests.admin_panel.products","test_42_update_product_brand","","","","test_update_product_brand_invalid_id[abc]","Негативный тест: несуществующий или некорректный ID."
"passed","Fri Jan 02 00:54:23 UTC 2026","Fri Jan 02 00:54:24 UTC 2026","785","tests.admin_panel.sliders","test_54_update_slider","","","","test_update_slider_invalid_id[0]","Негативный тест: несуществующий или некорректный ID."
"passed","Fri Jan 02 01:29:30 UTC 2026","Fri Jan 02 01:29:30 UTC 2026","189","tests.chat_support","test_04_support_chat_tags_get","","","","test_get_support_chat_tags_basic[partner]","
    Позитив: /support-chat/tags возвращает список тегов
    "
"passed","Fri Jan 02 00:47:25 UTC 2026","Fri Jan 02 00:47:26 UTC 2026","605","tests.admin_panel.products","test_44_upload_product_brand_images","","","","test_upload_product_brand_images_unauthorized","Негативный тест: загрузка изображений без авторизации."
"passed","Fri Jan 02 01:06:12 UTC 2026","Fri Jan 02 01:06:12 UTC 2026","208","tests.cart","test_02_get_delivery_cost","","","","test_get_delivery_cost_success_partial_payload[client-payload6-400]","
    Позитив/граничные: сочетания полей региона/города
    "
"passed","Fri Jan 02 01:51:26 UTC 2026","Fri Jan 02 01:51:27 UTC 2026","819","tests.tickets","test_02_get_ticket_by_id","","","","test_get_ticket_invalid_id[-1]","Негативный тест: передан некорректный ID."
"passed","Fri Jan 02 00:34:38 UTC 2026","Fri Jan 02 00:34:38 UTC 2026","806","tests.admin_panel.categories","test_47_get_categories_by_id","","","","test_get_categories_invalid_id[abc]","Негативный тест: получение категории по невалидному ID."
"passed","Fri Jan 02 00:23:45 UTC 2026","Fri Jan 02 00:23:45 UTC 2026","366","tests.PROJECT_EDUCATION.test_system","test_01_start_test","","","","test_start_test_unauthorized__401_or_404","
    без авторизации
    "
"passed","Fri Jan 02 01:04:20 UTC 2026","Fri Jan 02 01:04:21 UTC 2026","604","tests.auth","test_04_refresh","","","","test_refresh_token_without_token","Тест обновления токена без передачи refresh-токена."
"passed","Fri Jan 02 00:25:35 UTC 2026","Fri Jan 02 00:25:36 UTC 2026","1000","tests.PROJECT_EDUCATION.test_system","test_06_get_result","","","","test_get_result_invalid_id__400_or_404[]",""
"passed","Fri Jan 02 00:41:44 UTC 2026","Fri Jan 02 00:41:45 UTC 2026","816","tests.admin_panel.items","test_update_item","","","","test_update_item_invalid_id[-1]","Негативный тест: несуществующий или некорректный ID."
"passed","Fri Jan 02 01:02:28 UTC 2026","Fri Jan 02 01:02:29 UTC 2026","1008","tests.admin_panel.users","test_delete_admin_users_exclusive_preorder_permissions","","","","test_delete_exclusive_preorder_permissions_validation_error_400[payload1]","
    Негатив: некорректный item_id
    "
"passed","Fri Jan 02 01:49:00 UTC 2026","Fri Jan 02 01:49:00 UTC 2026","201","tests.statistic","test_team_registrations","","","","test_get_team_registration_statistic_positive[payload2-partner]","Позитивный тест: получение статистики по регистрации команды с валидным телом запроса"
"skipped","Fri Jan 02 01:09:22 UTC 2026","Fri Jan 02 01:09:22 UTC 2026","197","tests.cart","test_09_cart_save_region","","","","test_save_region_invalid_payload[client-payload1]","Негатив: невалидный payload."
"skipped","Fri Jan 02 01:50:34 UTC 2026","Fri Jan 02 01:50:34 UTC 2026","0","tests.tickets","test_01_get_tickets","","","","test_get_tickets_success[filter1-sort0-search2-pagination0-admin]","Позитивный тест: получение списка тикетов с разными комбинациями параметров"
"passed","Fri Jan 02 01:05:21 UTC 2026","Fri Jan 02 01:05:21 UTC 2026","186","tests.cart","test_01_user_locale","","","","test_update_user_locale_valid_payload_1[partner-payload8]","
    Позитивный тест: Обновление языка/склада/локали авторизованным пользователем"
"skipped","Fri Jan 02 01:49:13 UTC 2026","Fri Jan 02 01:49:13 UTC 2026","203","tests.statistic","test_team_registrations","","","","test_get_team_registration_statistic_negative[payload0-admin]","Негативный тест: ошибка при получении статистики регистрации команды с невалидным телом запроса"
"skipped","Fri Jan 02 01:46:57 UTC 2026","Fri Jan 02 01:46:57 UTC 2026","200","tests.register","test_01_register_form","","","","test_register_form_negative[client-payload1-400]",""
"passed","Fri Jan 02 01:44:38 UTC 2026","Fri Jan 02 01:44:42 UTC 2026","4180","tests.orders","test_create_order_by_delivery_address","","","","test_create_order_permissions[authorize_client-authorize_client-200]","Тест: проверка прав доступа при создании заказа по сохраненному адресу"
"passed","Fri Jan 02 00:57:57 UTC 2026","Fri Jan 02 00:57:58 UTC 2026","619","tests.admin_panel.slides","test_59_update_slide","","","","test_update_slide_unauthorized","Негативный тест: попытка обновления слайда без авторизации."
"passed","Fri Jan 02 01:21:44 UTC 2026","Fri Jan 02 01:21:45 UTC 2026","822","tests.catalog","test_create_admin_product_translation","","","","test_create_admin_product_translation_invalid_payload[payload3-400]","Негативные проверки на создание перевода с некорректным payload."
"passed","Fri Jan 02 01:09:18 UTC 2026","Fri Jan 02 01:09:18 UTC 2026","219","tests.cart","test_09_cart_save_region","","","","test_save_region_by_name_eaes_invalid[partner]","Негатив: для ЕАЭС region_name не разрешён."
"skipped","Fri Jan 02 00:29:42 UTC 2026","Fri Jan 02 00:29:42 UTC 2026","0","tests.account","test_pass_change","","","","test_change_password_positive[admin-payload0]","Позитивные тесты на изменение пароля"
"skipped","Fri Jan 02 00:29:42 UTC 2026","Fri Jan 02 00:29:42 UTC 2026","0","tests.account","test_history_personal_volumes_admin","","","","test_get_personal_volumes_history_admin_positive[client-payload1]","Позитивные тесты на получение истории начисления личных объемов для админа"
"passed","Fri Jan 02 00:56:51 UTC 2026","Fri Jan 02 00:56:52 UTC 2026","829","tests.admin_panel.slides","test_57_create_slide","","","","test_create_slide_invalid_payload[payload18-422]","Негативные тесты: некорректные и неполные payload'ы."
"passed","Fri Jan 02 00:46:03 UTC 2026","Fri Jan 02 00:46:04 UTC 2026","818","tests.admin_panel.products","test_41_get_product_brand_by_id","","","","test_get_product_brand_invalid_id[1.5]","Негативный тест: получение бренда по невалидному ID"
"passed","Fri Jan 02 00:33:43 UTC 2026","Fri Jan 02 00:33:43 UTC 2026","820","tests.admin_panel","test_partner_accrual_details_common","","","","test_common_accrual_details_future_period_date","
    Негатив: period_date в будущем → 400/422
    "
"passed","Fri Jan 02 01:45:00 UTC 2026","Fri Jan 02 01:45:00 UTC 2026","195","tests.orders","test_create_order_by_delivery_address","","","","test_create_order_invalid_data[invalid_payload1-client]","Негативные тесты: создание заказа с некорректными данными"
"passed","Fri Jan 02 01:55:46 UTC 2026","Fri Jan 02 01:55:48 UTC 2026","1778","tests.tickets","test_04_create_ticket","","","","test_create_ticket_success[partner-attachments1-ChangePersonalData]","Позитивный тест: создание тикета с разными темами и вложениями для клиента, партнера и админа"
"passed","Fri Jan 02 00:32:22 UTC 2026","Fri Jan 02 00:32:23 UTC 2026","822","tests.admin_panel","test_04_generate_support_token","","","","test_invalid_user_id_for_token_returns_client_error[]",""
"passed","Fri Jan 02 02:02:32 UTC 2026","Fri Jan 02 02:02:33 UTC 2026","187","tests.tickets","test_11_update_message","","","","test_update_nonexistent_message[partner]","Негативный тест: попытка редактирования несуществующего сообщения"
"passed","Fri Jan 02 00:38:36 UTC 2026","Fri Jan 02 00:38:37 UTC 2026","1012","tests.admin_panel.items","test_create_item","","","","test_create_item_invalid_payload[payload0-expected_code0]","
    Негативный тест: создание варианта с невалидным телом запроса.
    Если сервер внезапно вернул успех — удаляем созданный item из БД.
    "
"passed","Fri Jan 02 00:44:45 UTC 2026","Fri Jan 02 00:44:47 UTC 2026","2640","tests.admin_panel.products","test_03_recommended_products_delete","","","","test_remove_recommendation_db_no_rights[client]","Пользователь без прав пытается удалить рекомендации."
"passed","Fri Jan 02 01:37:03 UTC 2026","Fri Jan 02 01:37:03 UTC 2026","187","tests.delivery","test_get_emu_pickup_points","","","","test_get_emu_pickup_points_missing_city_id_should_fail[admin]","Негатив: отсутствует обязательный query-параметр city_id → 400/422."
"skipped","Fri Jan 02 01:47:11 UTC 2026","Fri Jan 02 01:47:11 UTC 2026","0","tests.register","test_02_register_partner","","","","test_register_partner_positive[client-403]","Тест: позитивные тесты для регистрации партнера вручную"
"passed","Fri Jan 02 01:08:22 UTC 2026","Fri Jan 02 01:08:26 UTC 2026","3886","tests.cart","test_06_cart_update","","","","test_update_cart_item_add_and_change_quantity[partner]","
    Позитив: добавление позиции и изменение её количества через /cart/update
    "
"passed","Fri Jan 02 00:58:15 UTC 2026","Fri Jan 02 00:58:17 UTC 2026","1256","tests.admin_panel.slides","test_59_update_slide","","","","test_update_slide_invalid_payload[payload0-expected_code0]","Негативный тест: обновление слайда с невалидным или неполным телом запроса."
"passed","Fri Jan 02 00:25:55 UTC 2026","Fri Jan 02 00:25:55 UTC 2026","625","tests.PROJECT_FUND.initiatives","test_get_initiative_by_id","","","","test_get_initiative_by_invalid_id[abc-https://dev.ewahelps.com/api]",""
"passed","Fri Jan 02 00:40:02 UTC 2026","Fri Jan 02 00:40:03 UTC 2026","784","tests.admin_panel.items","test_create_item_translation","","","","test_create_item_translation_invalid_payload[payload1-code1]","Негативный тест: создание перевода с невалидным payload."
"passed","Fri Jan 02 00:54:01 UTC 2026","Fri Jan 02 00:54:02 UTC 2026","815","tests.admin_panel.sliders","test_53_get_sliders_by_id","","","","test_get_slider_not_found","Негативный тест: слайдер не найден"
"skipped","Fri Jan 02 00:33:17 UTC 2026","Fri Jan 02 00:33:18 UTC 2026","822","tests.admin_panel","test_accrue_auto_bonus","","","","test_accrue_auto_bonus_invalid_payload[payload2-400]",""
"passed","Fri Jan 02 01:25:10 UTC 2026","Fri Jan 02 01:25:10 UTC 2026","197","tests.catalog","test_product_get_by_slug","","","","test_get_product_by_slug_invalid_slug_value[%20-client]",""
"passed","Fri Jan 02 00:38:58 UTC 2026","Fri Jan 02 00:38:59 UTC 2026","987","tests.admin_panel.items","test_create_item","","","","test_create_item_invalid_payload[payload7-expected_code7]","
    Негативный тест: создание варианта с невалидным телом запроса.
    Если сервер внезапно вернул успех — удаляем созданный item из БД.
    "
"passed","Fri Jan 02 01:38:02 UTC 2026","Fri Jan 02 01:38:02 UTC 2026","198","tests.delivery","test_get_five_post_warehouses","","","","test_get_five_post_warehouses_forbidden_for_non_admins[partner]","Негатив: доступ к списку складов 5Post разрешён только админу."
"passed","Fri Jan 02 01:32:39 UTC 2026","Fri Jan 02 01:32:39 UTC 2026","187","tests.delivery","test_02_get_delivery_address","","","","test_get_delivery_addresses_invalid_pagination[invalid_pagination0-admin]","Негатив: некорректные параметры пагинации"
"passed","Fri Jan 02 00:51:16 UTC 2026","Fri Jan 02 00:51:17 UTC 2026","1447","tests.admin_panel.promo","test_76_get_promotion_items","","","","test_get_promotion_item_success","Позитивный тест: получение элемента акции админом."
"passed","Fri Jan 02 00:49:31 UTC 2026","Fri Jan 02 00:49:32 UTC 2026","1226","tests.admin_panel.promo","test_73_get_promotion_by_id","","","","test_get_promotion_by_id_forbidden[partner]","Негативный тест: получение акции по ID не админом."
"passed","Fri Jan 02 00:47:48 UTC 2026","Fri Jan 02 00:47:49 UTC 2026","1436","tests.admin_panel.products","test_44_upload_product_brand_images","","","","test_upload_product_brand_images_formats[invalid.exe-application/octet-stream-400]","Проверка загрузки изображений бренда в разных форматах: негативные и позитивные кейсы."
"skipped","Fri Jan 02 00:35:17 UTC 2026","Fri Jan 02 00:35:17 UTC 2026","0","tests.admin_panel.categories","test_50_upload_category_images","","","","test_upload_only_single_image_field_should_not_fill_others[image-test_jpg.jpg-image/jpeg-image]","Проверка: загрузка только одного из полей (icon, image, image_site) не должна заполнять другие."
"passed","Fri Jan 02 01:10:33 UTC 2026","Fri Jan 02 01:10:37 UTC 2026","3696","tests.cart","test_11_cart_save_delivery_method","","","","test_save_delivery_method_success_with_cart[partner-Unknown]","
    Позитив: сохранение способа доставки для всех значений с корзиной
    "
"passed","Fri Jan 02 00:35:30 UTC 2026","Fri Jan 02 00:35:31 UTC 2026","816","tests.admin_panel.categories","test_56_v2_create_category","","","","test_v2_create_category_invalid_payload[payload3-400]","Негативный тест: создание категории с невалидным телом запроса."
"passed","Fri Jan 02 00:41:33 UTC 2026","Fri Jan 02 00:41:35 UTC 2026","2016","tests.admin_panel.items","test_update_item","","","","test_update_item_forbidden[client]","Негативный тест: попытка обновления item не-админом."
"skipped","Fri Jan 02 01:36:17 UTC 2026","Fri Jan 02 01:36:18 UTC 2026","626","tests.delivery","test_get_delivery_countries","","","","test_get_delivery_countries_unauthorized","Негатив: запрос без авторизации."
"skipped","Fri Jan 02 01:15:57 UTC 2026","Fri Jan 02 01:15:57 UTC 2026","197","tests.cart","test_14_cart_update_personal_data","","","","test_update_personal_data_invalid_payload[client-payload2]","
    Негатив: отсутствующие обязательные поля или невалидные значения
    "
"passed","Fri Jan 02 01:11:01 UTC 2026","Fri Jan 02 01:11:04 UTC 2026","2767","tests.cart","test_11_cart_save_delivery_method","","","","test_save_delivery_method_success_with_cart[partner-Cargo]","
    Позитив: сохранение способа доставки для всех значений с корзиной
    "
"skipped","Fri Jan 02 01:50:34 UTC 2026","Fri Jan 02 01:50:34 UTC 2026","0","tests.tickets","test_01_get_tickets","","","","test_get_tickets_success[filter0-sort0-search0-pagination0-partner]","Позитивный тест: получение списка тикетов с разными комбинациями параметров"
"passed","Fri Jan 02 01:10:38 UTC 2026","Fri Jan 02 01:10:41 UTC 2026","2579","tests.cart","test_11_cart_save_delivery_method","","","","test_save_delivery_method_success_with_cart[partner-Cdek]","
    Позитив: сохранение способа доставки для всех значений с корзиной
    "
"passed","Fri Jan 02 01:03:53 UTC 2026","Fri Jan 02 01:03:53 UTC 2026","220","tests.auth","test_02_login","","","","test_client_login[client-2876-123123-200]",""
"skipped","Fri Jan 02 00:43:37 UTC 2026","Fri Jan 02 00:43:37 UTC 2026","0","tests.admin_panel.products","test_01_delete_product_group","","","","test_delete_product_group_unauthorized","Негативный тест: попытка удаления продукт группы без авторизации."
"skipped","Fri Jan 02 00:29:42 UTC 2026","Fri Jan 02 00:29:42 UTC 2026","0","tests.account","test_history_personal_volumes","","","","test_get_personal_volumes_history_positive[client-payload0]","Позитивные тесты на получение истории начисления личных объемов"
"passed","Fri Jan 02 00:29:39 UTC 2026","Fri Jan 02 00:29:39 UTC 2026","193","tests.account","test_get_account_exists","","","","test_get_account_exists_positive[params6-client]","Нкгатив: невлидны id"
"passed","Fri Jan 02 01:37:17 UTC 2026","Fri Jan 02 01:37:17 UTC 2026","198","tests.delivery","test_get_emu_pickup_points","","","","test_get_emu_pickup_points_invalid_city_id_should_fail[bad_city_id7-admin]","Негатив: невалидные значения city_id → 400/422."
"passed","Fri Jan 02 01:16:33 UTC 2026","Fri Jan 02 01:16:33 UTC 2026","189","tests.cart","test_18_cart_available_countries","","","","test_cart_available_countries_success[client]","Позитив: получение списка доступных стран."
"passed","Fri Jan 02 00:43:04 UTC 2026","Fri Jan 02 00:43:04 UTC 2026","198","tests.admin_panel.periods","test_get_periods_current","","","","test_get_periods_current__200_strict[admin]",""
"passed","Fri Jan 02 01:42:37 UTC 2026","Fri Jan 02 01:42:39 UTC 2026","2005","tests.one_c","test_create_1c_stock","","","","test_post_boxes_processing_remove_unmentioned",""
"passed","Fri Jan 02 01:06:55 UTC 2026","Fri Jan 02 01:06:55 UTC 2026","198","tests.cart","test_02_get_delivery_cost","","","","test_get_delivery_cost_invalid_payload[partner-payload5]","Негатив: некорректные входные данные."
"skipped","Fri Jan 02 01:49:24 UTC 2026","Fri Jan 02 01:49:24 UTC 2026","0","tests.stock","test_create_stock","","","","test_create_stock_with_empty_string_log_if_not_200[address.station]",""
"skipped","Fri Jan 02 01:16:40 UTC 2026","Fri Jan 02 01:16:40 UTC 2026","239","tests.cart","test_19_cart_empty_suggestions","","","","test_cart_empty_suggestions_success[partner]","Позитив: получение рекомендаций при пустой корзине."
"passed","Fri Jan 02 01:50:25 UTC 2026","Fri Jan 02 01:50:26 UTC 2026","568","tests.temporary","test_cleanup_products","","","","test_cleanup_test_products","
    Удаляет тестовые продукты из БД (например, с rgba_big_circle как 'rgba%'),
    включая связи: переводы, категории.
    "
"skipped","Fri Jan 02 00:35:17 UTC 2026","Fri Jan 02 00:35:17 UTC 2026","0","tests.admin_panel.categories","test_50_upload_category_images","","","","test_upload_category_images_file_too_large[5.3-fields_to_send3-400]","Негативный тест: загрузка слишком большого изображения."
"passed","Fri Jan 02 01:21:48 UTC 2026","Fri Jan 02 01:21:48 UTC 2026","788","tests.catalog","test_create_admin_product_translation","","","","test_create_admin_product_translation_invalid_payload[payload5-422]","Негативные проверки на создание перевода с некорректным payload."
"passed","Fri Jan 02 00:30:44 UTC 2026","Fri Jan 02 00:30:44 UTC 2026","839","tests.admin_panel","test_01_support_create_user","","","","test_partner_cannot_create_support",""
"skipped","Fri Jan 02 01:34:58 UTC 2026","Fri Jan 02 01:34:59 UTC 2026","1016","tests.delivery","test_get_cdek_offices","","","","test_get_cdek_offices_unauthorized",""
"passed","Fri Jan 02 01:18:09 UTC 2026","Fri Jan 02 01:18:12 UTC 2026","2669","tests.cart","test_23_cart_calculate_delivery_flag","","","","test_update_cart_item_invalid_calculate_delivery_flag[bad_flag4-client]",""
"passed","Fri Jan 02 00:39:35 UTC 2026","Fri Jan 02 00:39:38 UTC 2026","2795","tests.admin_panel.items","test_create_item_translation","","","","test_create_item_translation_success[ky]",""
"passed","Fri Jan 02 02:02:59 UTC 2026","Fri Jan 02 02:03:00 UTC 2026","853","tests.tickets","test_12_delete_message","","","","test_delete_ticket_message_negative[invalid-500]","Негативные тесты: удаление с некорректными данными"
"skipped","Fri Jan 02 00:29:42 UTC 2026","Fri Jan 02 00:29:42 UTC 2026","0","tests.account","test_pass_change","","","","test_change_password_positive[partner-payload1]","Позитивные тесты на изменение пароля"
"skipped","Fri Jan 02 00:29:42 UTC 2026","Fri Jan 02 00:29:42 UTC 2026","0","tests.account","test_get_languages","","","","test_get_languages_success[partner-123-400]","Возвращает список языков, доступных для перевода"
"passed","Fri Jan 02 00:25:06 UTC 2026","Fri Jan 02 00:25:06 UTC 2026","385","tests.PROJECT_EDUCATION.test_system","test_04_finish_test","","","","test_finish_test_unauthorized__401_or_404",""
"passed","Fri Jan 02 01:09:14 UTC 2026","Fri Jan 02 01:09:15 UTC 2026","316","tests.cart","test_09_cart_save_region","","","","test_save_region_by_id_success[partner]","Позитив: сохранение региона по region_id."
"passed","Fri Jan 02 00:24:10 UTC 2026","Fri Jan 02 00:24:11 UTC 2026","810","tests.PROJECT_EDUCATION.test_system","test_03_user_answers","","","","test_user_answers_invalid_id__400_or_404[abc]",""
"skipped","Fri Jan 02 00:29:17 UTC 2026","Fri Jan 02 00:29:17 UTC 2026","0","tests.account","test_family_agreement_update_status","","","","test_update_family_agreement_status_positive[partner-payload0]","Позитивные тесты на изменение статуса семейного соглашения"
"passed","Fri Jan 02 00:38:48 UTC 2026","Fri Jan 02 00:38:49 UTC 2026","986","tests.admin_panel.items","test_create_item","","","","test_create_item_invalid_payload[payload4-expected_code4]","
    Негативный тест: создание варианта с невалидным телом запроса.
    Если сервер внезапно вернул успех — удаляем созданный item из БД.
    "
"skipped","Fri Jan 02 01:37:55 UTC 2026","Fri Jan 02 01:37:55 UTC 2026","205","tests.delivery","test_get_five_post_offices","","","","test_get_five_post_offices_invalid_city_id_should_fail[0-admin]","Негатив: невалидные значения city_id → 400/422."
"passed","Fri Jan 02 01:52:44 UTC 2026","Fri Jan 02 01:52:46 UTC 2026","1771","tests.tickets","test_04_create_ticket","","","","test_create_ticket_success[client-attachments1-QuestionsAboutProducts]","Позитивный тест: создание тикета с разными темами и вложениями для клиента, партнера и админа"
"passed","Fri Jan 02 01:57:45 UTC 2026","Fri Jan 02 01:57:46 UTC 2026","785","tests.tickets","test_04_create_ticket","","","","test_create_ticket_success[admin-attachments0-ReceivingProductsShortage]","Позитивный тест: создание тикета с разными темами и вложениями для клиента, партнера и админа"
"passed","Fri Jan 02 01:35:09 UTC 2026","Fri Jan 02 01:35:09 UTC 2026","195","tests.delivery","test_get_cities_v2","","","","test_get_cities_v2_success[params1-partner]","
    Позитив: успешное получение списка городов (обязателен city_name, country_id — опционален).
    "
"passed","Fri Jan 02 01:50:00 UTC 2026","Fri Jan 02 01:50:00 UTC 2026","403","tests.stock","test_get_stocks","","","","test_get_stocks[partner]","Запрос всех складов"
"passed","Fri Jan 02 01:16:41 UTC 2026","Fri Jan 02 01:16:42 UTC 2026","579","tests.cart","test_19_cart_empty_suggestions","","","","test_cart_empty_suggestions_unauthorized","Негатив: вызов без авторизации/корзины."
"passed","Fri Jan 02 01:21:54 UTC 2026","Fri Jan 02 01:22:00 UTC 2026","6092","tests.catalog","test_create_admin_product_translation","","","","test_product_translation_update_duplicate_lang_code","Проверка перезаписи перевода по одному и тому же lang_code."
"skipped","Fri Jan 02 00:29:42 UTC 2026","Fri Jan 02 00:29:42 UTC 2026","0","tests.account","test_history_group_volumes","","","","test_get_group_volumes_history_positive[admin-payload1]","Позитивные тесты на получение истории начисления групповых объемов"
"passed","Fri Jan 02 01:05:41 UTC 2026","Fri Jan 02 01:05:41 UTC 2026","188","tests.cart","test_01_user_locale","","","","test_update_user_locale_invalid_payload[partner-payload3-400]","Негативный тест: обновление локали с невалидным payload."
"passed","Fri Jan 02 01:56:21 UTC 2026","Fri Jan 02 01:56:23 UTC 2026","1633","tests.tickets","test_04_create_ticket","","","","test_create_ticket_success[partner-attachments2-QuestionsAboutProducts]","Позитивный тест: создание тикета с разными темами и вложениями для клиента, партнера и админа"
"skipped","Fri Jan 02 00:29:42 UTC 2026","Fri Jan 02 00:29:42 UTC 2026","0","tests.account","test_pass_change","","","","test_change_password_positive[client-payload1]","Позитивные тесты на изменение пароля"
"passed","Fri Jan 02 01:05:55 UTC 2026","Fri Jan 02 01:05:55 UTC 2026","326","tests.cart","test_02_get_delivery_cost","","","","test_get_delivery_cost_success_region_available_false[partner]","
    Позитив: успешное получение ТК, отправляя только country_id и city_name
    (Country.is_region_available = false).
    "
"passed","Fri Jan 02 01:42:41 UTC 2026","Fri Jan 02 01:42:43 UTC 2026","1789","tests.one_c","test_create_1c_stock","","","","test_post_timezone_return_id_and_consistency",""
"passed","Fri Jan 02 00:30:51 UTC 2026","Fri Jan 02 00:30:52 UTC 2026","848","tests.admin_panel","test_01_support_create_user","","","","test_invalid_user_id_returns_client_error[-1]",""
"passed","Fri Jan 02 01:44:12 UTC 2026","Fri Jan 02 01:44:14 UTC 2026","2196","tests.one_c","test_create_1c_stock","","","","test_post_id_1c_int32_boundaries",""
"passed","Fri Jan 02 01:21:30 UTC 2026","Fri Jan 02 01:21:35 UTC 2026","5324","tests.catalog","test_create_admin_product_translation","","","","test_create_admin_product_translation_forbidden[partner]","Проверка запрета на создание перевода продукта не-админом."
"skipped","Fri Jan 02 00:43:37 UTC 2026","Fri Jan 02 00:43:37 UTC 2026","0","tests.admin_panel.products","test_01_delete_product_group","","","","test_delete_product_group_invalid_id[0]","Негативный тест: удаление несуществующей или некорректной продукт группы."
"skipped","Fri Jan 02 00:33:21 UTC 2026","Fri Jan 02 00:33:21 UTC 2026","0","tests.admin_panel","test_accrue_presidential_pool","","","","test_accrue_presidential_pool_forbidden[partner]",""
"passed","Fri Jan 02 01:39:22 UTC 2026","Fri Jan 02 01:39:23 UTC 2026","187","tests.delivery","test_get_self_pickup_offices","","","","test_get_self_pickup_offices_invalid_city_id_should_fail[0-admin]","Негатив: невалидные значения city_id → 400/422."
"passed","Fri Jan 02 01:21:11 UTC 2026","Fri Jan 02 01:21:17 UTC 2026","5472","tests.catalog","test_create_admin_product_translation","","","","test_create_admin_product_translation_minimal_payload","Создание перевода продукта с минимальными полями."
"skipped","Fri Jan 02 01:50:34 UTC 2026","Fri Jan 02 01:50:34 UTC 2026","0","tests.tickets","test_01_get_tickets","","","","test_get_tickets_success[filter1-sort1-search1-pagination0-client]","Позитивный тест: получение списка тикетов с разными комбинациями параметров"
"passed","Fri Jan 02 00:45:07 UTC 2026","Fri Jan 02 00:45:08 UTC 2026","1037","tests.admin_panel.products","test_40_create_product_brand","","","","test_create_product_brand_success","Позитивный тест: успешное создание бренда (все поля)."
"passed","Fri Jan 02 01:31:13 UTC 2026","Fri Jan 02 01:31:16 UTC 2026","2848","tests.delivery","test_01_save_delivery_address","","","","test_save_delivery_address_negative[partner-payload0-400]","Негативные тесты на сохранение адреса доставки"
"passed","Fri Jan 02 01:51:33 UTC 2026","Fri Jan 02 01:51:34 UTC 2026","816","tests.tickets","test_02_get_ticket_by_id","","","","test_get_ticket_invalid_id[1.5]","Негативный тест: передан некорректный ID."
"skipped","Fri Jan 02 01:22:39 UTC 2026","Fri Jan 02 01:22:39 UTC 2026","0","tests.catalog","test_exclusive_preorder_products_list","","","","test_products_list_exclusive_flags_types_contract[client]","
    Жёсткий контракт по типам:
      - если is_exclusive_preorder_only присутствует => bool
      - если is_visible присутствует => bool
      - если in_stock присутствует => int
    "
"passed","Fri Jan 02 00:41:29 UTC 2026","Fri Jan 02 00:41:29 UTC 2026","605","tests.admin_panel.items","test_update_item","","","","test_update_item_unauthorized","Негативный тест: попытка обновления item без авторизации."
"skipped","Fri Jan 02 01:40:25 UTC 2026","Fri Jan 02 01:40:26 UTC 2026","230","tests.delivery","test_self_pickup_offices","","","","test_self_pickup_offices_visibility_toggle_single[admin]","
    Сквозной позитив/интеграционный:
    1) Дёргаем список ПВЗ — убеждаемся, что в городе ровно 1 запись.
    2) В БД выставляем is_visible = false для этого офиса.
    3) Дёргаем список снова — ожидаем 0 записей.
    4) Возвращаем is_visible = true и проверяем, что офис снова появился.
    "
"skipped","Fri Jan 02 00:27:49 UTC 2026","Fri Jan 02 00:27:49 UTC 2026","0","tests.account","test_account_branded_wallet_get","","","","test_get_period_bad_types_400_or_422[period0-client]","
    Негатив: некорректные типы month/year → 400/422
    "
"passed","Fri Jan 02 00:26:09 UTC 2026","Fri Jan 02 00:26:10 UTC 2026","820","tests.PROJECT_FUND.initiatives","test_get_report_by_id","","","","test_get_report_by_invalid_id[abc-https://dev.ewahelps.com/api]","Негативный тест: невалидный или несуществующий path-параметр"
"passed","Fri Jan 02 01:52:01 UTC 2026","Fri Jan 02 01:52:02 UTC 2026","784","tests.tickets","test_04_create_ticket","","","","test_create_ticket_success[client-attachments0-QuestionsAboutTheMarriageContract]","Позитивный тест: создание тикета с разными темами и вложениями для клиента, партнера и админа"
"passed","Fri Jan 02 01:25:43 UTC 2026","Fri Jan 02 01:25:44 UTC 2026","195","tests.catalog","test_recommended_products_selfpickup","","","","test_get_recommended_products_selfpickup_wrong_method[delete-client]","
    Негативный тест: неверный HTTP-метод
    "
"passed","Fri Jan 02 01:03:05 UTC 2026","Fri Jan 02 01:03:06 UTC 2026","1007","tests.admin_panel.users","test_post_admin_users_exclusive_preorder_permissions","","","","test_post_exclusive_preorder_permissions_validation_errors_400[payload3]","
    Негатив: некорректный payload
    "
"passed","Fri Jan 02 01:16:24 UTC 2026","Fri Jan 02 01:16:24 UTC 2026","229","tests.cart","test_17_cart_update_user_country","","","","test_update_user_country_success[client]","Позитив: изменение страны пользователя в заказе."
"passed","Fri Jan 02 00:30:56 UTC 2026","Fri Jan 02 00:30:57 UTC 2026","829","tests.admin_panel","test_01_support_create_user","","","","test_create_support_for_nonexistent_user_returns_404","
    POST /admin/support-users — 404, если user_id указывает на несуществующего пользователя
    "
"passed","Fri Jan 02 01:05:17 UTC 2026","Fri Jan 02 01:05:17 UTC 2026","196","tests.cart","test_01_user_locale","","","","test_update_user_locale_valid_payload_1[partner-payload6]","
    Позитивный тест: Обновление языка/склада/локали авторизованным пользователем"
"skipped","Fri Jan 02 01:38:27 UTC 2026","Fri Jan 02 01:38:27 UTC 2026","200","tests.delivery","test_get_haypost_offices","","","","test_get_haypost_offices_invalid_city_id_should_fail[0-admin]","Негатив: невалидные значения city_id → 400/422."
"passed","Fri Jan 02 00:34:01 UTC 2026","Fri Jan 02 00:34:01 UTC 2026","841","tests.admin_panel","test_partner_accrual_details_main_bonus","","","","test_main_bonus_details_invalid_query_params[query5-expected_codes5]","
    Негатив: валидация query-параметров main-bonus
    "
"skipped","Fri Jan 02 00:27:49 UTC 2026","Fri Jan 02 00:27:49 UTC 2026","0","tests.account","test_account_branded_wallet_get","","","","test_get_missing_params_returns_200[client]","
    Негатив: отсутствуют month/year → 200(берем теуще)
    "
"passed","Fri Jan 02 00:44:01 UTC 2026","Fri Jan 02 00:44:04 UTC 2026","2837","tests.admin_panel.products","test_02_recommended_products_add","","","","test_add_recommendation_success","Успешное добавление рекомендованного товара"
"passed","Fri Jan 02 00:57:51 UTC 2026","Fri Jan 02 00:57:52 UTC 2026","608","tests.admin_panel.slides","test_58_get_slides_by_id","","","","test_get_slides_unauthorized","Негативный тест: попытка получения слайда без авторизации."
"skipped","Fri Jan 02 01:50:34 UTC 2026","Fri Jan 02 01:50:34 UTC 2026","0","tests.tickets","test_01_get_tickets","","","","test_get_tickets_success[filter2-sort0-search0-pagination1-partner]","Позитивный тест: получение списка тикетов с разными комбинациями параметров"
"skipped","Fri Jan 02 01:48:36 UTC 2026","Fri Jan 02 01:48:36 UTC 2026","202","tests.statistic","test_team_go","","","","test_get_team_go_statistic_negative[payload0-client]","Негативный тест: ошибка при получении статистики по команде с невалидным телом запроса"
"passed","Fri Jan 02 01:59:29 UTC 2026","Fri Jan 02 01:59:31 UTC 2026","1620","tests.tickets","test_04_create_ticket","","","","test_create_ticket_success[admin-attachments2-ReceivingDefectiveProductsOrShortage]","Позитивный тест: создание тикета с разными темами и вложениями для клиента, партнера и админа"
"passed","Fri Jan 02 00:50:04 UTC 2026","Fri Jan 02 00:50:05 UTC 2026","814","tests.admin_panel.promo","test_74_update_promotion","","","","test_update_promotion_invalid_id[-1]","Негативный тест: несуществующий или некорректный ID."
"passed","Fri Jan 02 01:20:16 UTC 2026","Fri Jan 02 01:20:22 UTC 2026","5810","tests.catalog","test_create_admin_product_translation","","","","test_create_admin_product_translation_success[de]","Создание и обновление перевода продукта на разных языках."
"skipped","Fri Jan 02 00:33:21 UTC 2026","Fri Jan 02 00:33:21 UTC 2026","0","tests.admin_panel","test_accrue_presidential_pool","","","","test_accrue_presidential_pool_for_client",""
"passed","Fri Jan 02 01:47:22 UTC 2026","Fri Jan 02 01:47:23 UTC 2026","1313","tests.register","test_03_register_client","","","","test_register_client_positive[partner-200]","Тест: позитивные тесты для регистрации клиента вручную"
"passed","Fri Jan 02 00:29:23 UTC 2026","Fri Jan 02 00:29:23 UTC 2026","195","tests.account","test_get_account_exists","","","","test_get_account_exists_positive[params1-admin]","Нкгатив: невлидны id"
"passed","Fri Jan 02 01:40:09 UTC 2026","Fri Jan 02 01:40:10 UTC 2026","187","tests.delivery","test_self_pickup_offices","","","","test_self_pickup_offices_invalid_params[partner-params0]","
    Негатив: невалидные параметры -> 400 с телом ошибки.
    "
"passed","Fri Jan 02 00:55:25 UTC 2026","Fri Jan 02 00:55:26 UTC 2026","783","tests.admin_panel.sliders","test_55_delete_sliders","","","","test_delete_slider_invalid_id[0]","Негативный тест: удаление несуществующего или некорректного слайдера."
"passed","Fri Jan 02 01:05:28 UTC 2026","Fri Jan 02 01:05:28 UTC 2026","195","tests.cart","test_01_user_locale","","","","test_update_user_locale_invalid_payload[client-payload3-400]","Негативный тест: обновление локали с невалидным payload."
"passed","Fri Jan 02 00:57:44 UTC 2026","Fri Jan 02 00:57:44 UTC 2026","826","tests.admin_panel.slides","test_58_get_slides_by_id","","","","test_get_slides_invalid_id[]","Негативный тест: невалидный ID в path-параметре."
"passed","Fri Jan 02 01:54:41 UTC 2026","Fri Jan 02 01:54:42 UTC 2026","829","tests.tickets","test_04_create_ticket","","","","test_create_ticket_success[partner-attachments0-QuestionsAboutTheMarriageContract]","Позитивный тест: создание тикета с разными темами и вложениями для клиента, партнера и админа"
"passed","Fri Jan 02 01:33:55 UTC 2026","Fri Jan 02 01:33:56 UTC 2026","1012","tests.delivery","test_get_boxberry_offices","","","","test_get_boxberry_offices_success[5-partner]",""
"passed","Fri Jan 02 01:36:59 UTC 2026","Fri Jan 02 01:36:59 UTC 2026","197","tests.delivery","test_get_emu_pickup_points","","","","test_get_emu_pickup_points_success[143796-partner]","Позитив: успешное получение списка ПВЗ EMU по city_id."
"passed","Fri Jan 02 01:24:05 UTC 2026","Fri Jan 02 01:24:05 UTC 2026","199","tests.catalog","test_get_items_list_all","","","","test_get_items_list_all_wrong_method[delete]",""
"passed","Fri Jan 02 01:43:40 UTC 2026","Fri Jan 02 01:43:40 UTC 2026","601","tests.one_c","test_create_1c_stock","","","","test_post_bad_request_or_unprocessable[<lambda>4]",""
"skipped","Fri Jan 02 01:16:19 UTC 2026","Fri Jan 02 01:16:19 UTC 2026","186","tests.cart","test_16_cart_update_stock","","","","test_update_stock_invalid_payload[client-payload0]","Негатив: невалидный payload."
"passed","Fri Jan 02 00:30:19 UTC 2026","Fri Jan 02 00:30:20 UTC 2026","1163","tests.account","test_update_avatar","","","","test_update_avatar_positive[admin-payload0]","Позитивные тесты на обновление аватара"
"skipped","Fri Jan 02 01:47:35 UTC 2026","Fri Jan 02 01:47:35 UTC 2026","0","tests.sockets","test_schema_contracts","","","","test_messages_schema_contract_basics[partner]",""
"passed","Fri Jan 02 00:50:08 UTC 2026","Fri Jan 02 00:50:09 UTC 2026","784","tests.admin_panel.promo","test_74_update_promotion","","","","test_update_promotion_invalid_id[9999999]","Негативный тест: несуществующий или некорректный ID."
"passed","Fri Jan 02 01:03:49 UTC 2026","Fri Jan 02 01:03:49 UTC 2026","186","tests.auth","test_02_login","","","","test_admin_login[admin--123123-400]",""
"skipped","Fri Jan 02 00:26:54 UTC 2026","Fri Jan 02 00:26:54 UTC 2026","0","tests.account","test_0_marathon","","","","test_create_product_brand_invalid_payload[params0-400-partner]",""
"passed","Fri Jan 02 01:51:24 UTC 2026","Fri Jan 02 01:51:25 UTC 2026","812","tests.tickets","test_02_get_ticket_by_id","","","","test_get_ticket_invalid_id[abc]","Негативный тест: передан некорректный ID."
"passed","Fri Jan 02 01:36:57 UTC 2026","Fri Jan 02 01:36:58 UTC 2026","269","tests.delivery","test_get_emu_pickup_points","","","","test_get_emu_pickup_points_success[143796-client]","Позитив: успешное получение списка ПВЗ EMU по city_id."
"skipped","Fri Jan 02 00:29:42 UTC 2026","Fri Jan 02 00:29:42 UTC 2026","0","tests.account","test_history_group_volumes","","","","test_get_group_volumes_history_positive[partner-payload0]","Позитивные тесты на получение истории начисления групповых объемов"
"skipped","Fri Jan 02 01:15:39 UTC 2026","Fri Jan 02 01:15:42 UTC 2026","3302","tests.cart","test_13_cart_delete_estimate_delivery","","","","test_drop_estimate_delivery_success[partner]","
    - Готовим корзину с товаром и рассчитанной доставкой
    - /cart/drop_estimate_delivery должен очистить доставку
    - Корзина должна существовать, items должны остаться
    "
"passed","Fri Jan 02 01:03:58 UTC 2026","Fri Jan 02 01:03:58 UTC 2026","186","tests.auth","test_02_login","","","","test_client_login[client---400]",""
"skipped","Fri Jan 02 01:37:44 UTC 2026","Fri Jan 02 01:37:44 UTC 2026","199","tests.delivery","test_get_fargo_offices","","","","test_get_fargo_offices_invalid_city_id_should_fail[0-admin]","Негатив: невалидные значения city_id → 400/422."
"passed","Fri Jan 02 01:59:48 UTC 2026","Fri Jan 02 01:59:49 UTC 2026","784","tests.tickets","test_04_create_ticket","","","","test_create_ticket_invalid_request_type[client-None-200]","Негативный тест: попытка создания тикета с неверным типом request_type"
"passed","Fri Jan 02 00:27:13 UTC 2026","Fri Jan 02 00:27:14 UTC 2026","195","tests.account","test_0_top_partners_game_0824","","","","test_get_top_partners_game_0824_positive[partner]","Позитивные тесты на получение топ-партнеров в игре 08/24"
"skipped","Fri Jan 02 02:01:24 UTC 2026","Fri Jan 02 02:01:25 UTC 2026","825","tests.tickets","test_07_delete_ticket","","","","test_delete_tickets_negative[ticket_ids0-400]","Негативные тесты: удаление с некорректными данными"
"passed","Fri Jan 02 00:38:27 UTC 2026","Fri Jan 02 00:38:29 UTC 2026","1773","tests.admin_panel.items","test_create_item","","","","test_create_item_required_fields_only","Позитивный тест: успешное создание варианта товара (только обязательные поля)."
"passed","Fri Jan 02 01:34:34 UTC 2026","Fri Jan 02 01:34:35 UTC 2026","869","tests.delivery","test_get_cdek_offices","","","","test_get_cdek_offices_success[521-client]",""
"passed","Fri Jan 02 00:32:55 UTC 2026","Fri Jan 02 00:32:56 UTC 2026","816","tests.admin_panel","test_05_admin_support_users_token_revoke_all","","","","test_invalid_user_id_for_revoke_all_returns_client_error[]",""
"passed","Fri Jan 02 00:50:49 UTC 2026","Fri Jan 02 00:50:50 UTC 2026","1235","tests.admin_panel.promo","test_74_update_promotion","","","","test_update_promotion_invalid_payload[payload11-422]","Негативный тест: обновление акции с невалидным или неполным телом запроса."
"skipped","Fri Jan 02 01:49:24 UTC 2026","Fri Jan 02 01:49:24 UTC 2026","0","tests.stock","test_create_stock","","","","test_create_stock_with_empty_string_log_if_not_200[city.country]",""
"skipped","Fri Jan 02 01:16:49 UTC 2026","Fri Jan 02 01:16:49 UTC 2026","405","tests.cart","test_21_cart_shareable","","","","test_cart_shareable_from_created_link_success[client]","
    Позитив: создаём ссылку через /cart/share и по ней успешно получаем корзину
    "
"skipped","Fri Jan 02 00:23:23 UTC 2026","Fri Jan 02 00:23:23 UTC 2026","0","tests.PROJECT_EDUCATION.orders","test_get_order_by_id","","","","test_get_order_by_id_200_authorized__matches_list_item__schema_strict","
    Позитив: берём любой заказ из /orders и достаём детально /orders/{id}
    "
"passed","Fri Jan 02 00:54:25 UTC 2026","Fri Jan 02 00:54:26 UTC 2026","821","tests.admin_panel.sliders","test_54_update_slider","","","","test_update_slider_invalid_id[9999999]","Негативный тест: несуществующий или некорректный ID."
"skipped","Fri Jan 02 00:34:11 UTC 2026","Fri Jan 02 00:34:12 UTC 2026","822","tests.admin_panel","test_report_accruals","","","","test_report_accruals_invalid_payload[payload0-400]",""
"skipped","Fri Jan 02 01:50:34 UTC 2026","Fri Jan 02 01:50:34 UTC 2026","0","tests.tickets","test_01_get_tickets","","","","test_get_tickets_success[filter0-sort1-search0-pagination0-admin]","Позитивный тест: получение списка тикетов с разными комбинациями параметров"
"skipped","Fri Jan 02 01:49:09 UTC 2026","Fri Jan 02 01:49:09 UTC 2026","194","tests.statistic","test_team_registrations","","","","test_get_team_registration_statistic_negative[payload0-client]","Негативный тест: ошибка при получении статистики регистрации команды с невалидным телом запроса"
"skipped","Fri Jan 02 01:04:14 UTC 2026","Fri Jan 02 01:04:14 UTC 2026","0","tests.auth","test_04_refresh","","","","test_refresh_token_success[client]","Тест успешного обновления токена через refresh-токен."
"passed","Fri Jan 02 01:18:39 UTC 2026","Fri Jan 02 01:18:44 UTC 2026","5172","tests.catalog","test_create_admin_product","","","","test_create_admin_product_full_payload",""
"passed","Fri Jan 02 01:56:13 UTC 2026","Fri Jan 02 01:56:14 UTC 2026","1601","tests.tickets","test_04_create_ticket","","","","test_create_ticket_success[partner-attachments2-QuestionsAboutOrders]","Позитивный тест: создание тикета с разными темами и вложениями для клиента, партнера и админа"
"skipped","Fri Jan 02 00:26:33 UTC 2026","Fri Jan 02 00:26:33 UTC 2026","601","tests.PROJECT_FUND.initiatives","test_get_reports","","","","test_get_reports_invalid_query_params[query3-https://dev.ewahelps.com/api]","Негативный тест: запрос с некорректными query-параметрами"
"passed","Fri Jan 02 01:42:33 UTC 2026","Fri Jan 02 01:42:35 UTC 2026","2016","tests.one_c","test_create_1c_stock","","","","test_post_idempotent_update_same_payload",""
"skipped","Fri Jan 02 01:47:01 UTC 2026","Fri Jan 02 01:47:01 UTC 2026","205","tests.register","test_01_register_form","","","","test_register_form_negative[partner-payload0-400]",""
"skipped","Fri Jan 02 02:03:04 UTC 2026","Fri Jan 02 02:03:06 UTC 2026","2115","tests.tickets","test_12_delete_message","","","","test_delete_ticket_message_after_closure","Негативный тест: попытка удалить сообщение после закрытия тикета"
"skipped","Fri Jan 02 01:50:34 UTC 2026","Fri Jan 02 01:50:34 UTC 2026","0","tests.tickets","test_01_get_tickets","","","","test_get_tickets_success[filter0-sort0-search0-pagination0-client]","Позитивный тест: получение списка тикетов с разными комбинациями параметров"
"skipped","Fri Jan 02 02:02:14 UTC 2026","Fri Jan 02 02:02:14 UTC 2026","0","tests.tickets","test_11_update_message","","","","test_update_message_role_permissions[authorize_admin-200]","Проверка прав на редактирование сообщения в тикете"
"passed","Fri Jan 02 01:36:43 UTC 2026","Fri Jan 02 01:36:43 UTC 2026","201","tests.delivery","test_get_dpd_offices","","","","test_get_dpd_offices_invalid_city_id_should_fail[-1-admin]",""
"passed","Fri Jan 02 01:56:00 UTC 2026","Fri Jan 02 01:56:01 UTC 2026","1812","tests.tickets","test_04_create_ticket","","","","test_create_ticket_success[partner-attachments1-ReceivingProductsShortage]","Позитивный тест: создание тикета с разными темами и вложениями для клиента, партнера и админа"
"skipped","Fri Jan 02 00:29:06 UTC 2026","Fri Jan 02 00:29:06 UTC 2026","0","tests.account","test_delete","","","","test_delete_account_positive[admin]","Позитивные тесты на удаление аккаунта"
"skipped","Fri Jan 02 00:23:23 UTC 2026","Fri Jan 02 00:23:23 UTC 2026","0","tests.PROJECT_EDUCATION.orders","test_get_orders","","","","test_get_orders_unauthorized__returns_error[None]","
    Негатив: без Authorization ожидаем отказ (обычно 401/403)
    "
"passed","Fri Jan 02 01:09:47 UTC 2026","Fri Jan 02 01:09:48 UTC 2026","199","tests.cart","test_10_cart_save_city","","","","test_save_city_invalid_payload[partner-payload3]","Негатив: невалидный payload."
"passed","Fri Jan 02 01:55:24 UTC 2026","Fri Jan 02 01:55:25 UTC 2026","1797","tests.tickets","test_04_create_ticket","","","","test_create_ticket_success[partner-attachments1-QuestionsAboutProducts]","Позитивный тест: создание тикета с разными темами и вложениями для клиента, партнера и админа"
"passed","Fri Jan 02 01:09:12 UTC 2026","Fri Jan 02 01:09:13 UTC 2026","308","tests.cart","test_09_cart_save_region","","","","test_save_region_by_id_success[client]","Позитив: сохранение региона по region_id."
"passed","Fri Jan 02 00:49:46 UTC 2026","Fri Jan 02 00:49:47 UTC 2026","605","tests.admin_panel.promo","test_73_get_promotion_by_id","","","","test_get_promotions_unauthorized","Негативный тест: без авторизации."
"passed","Fri Jan 02 00:59:35 UTC 2026","Fri Jan 02 00:59:37 UTC 2026","1205","tests.admin_panel.slides","test_60_delete_slides","","","","test_delete_slide_forbidden[partner]","Негативный тест: попытка удаления слайда не-админом."
"passed","Fri Jan 02 00:36:14 UTC 2026","Fri Jan 02 00:36:15 UTC 2026","1208","tests.admin_panel.categories","test_57_v2_update_category","","","","test_v2_update_category_invalid_payload[payload2-expected_code2]","Негативный тест: обновление категории с невалидным или неполным телом запроса."
"passed","Fri Jan 02 00:42:42 UTC 2026","Fri Jan 02 00:42:42 UTC 2026","393","tests.admin_panel.periods","test_get_period_by_id","","","","test_get_period_by_id__200_strict[admin]",""
"passed","Fri Jan 02 01:40:37 UTC 2026","Fri Jan 02 01:40:38 UTC 2026","572","tests.for_test","test_cleanup_expired_tokens","","","","test_cleanup_expired_tokens_without_token","
    Негатив: без авторизации ручка должна быть закрыта
    "
"skipped","Fri Jan 02 01:38:20 UTC 2026","Fri Jan 02 01:38:20 UTC 2026","200","tests.delivery","test_get_haypost_offices","","","","test_get_haypost_offices_success[186343-partner]","Позитив: успешное получение списка офисов по city_id."
"passed","Fri Jan 02 00:48:52 UTC 2026","Fri Jan 02 00:48:53 UTC 2026","819","tests.admin_panel.promo","test_72_create_promotion","","","","test_create_promotion_invalid_data[payload1-400]","Негативные тесты: невалидные данные"
"passed","Fri Jan 02 01:49:57 UTC 2026","Fri Jan 02 01:49:58 UTC 2026","396","tests.stock","test_get_stocks","","","","test_get_stocks[client]","Запрос всех складов"
"passed","Fri Jan 02 01:43:29 UTC 2026","Fri Jan 02 01:43:30 UTC 2026","613","tests.one_c","test_create_1c_stock","","","","test_post_bad_request_or_unprocessable[<lambda>0]",""
"passed","Fri Jan 02 01:44:03 UTC 2026","Fri Jan 02 01:44:04 UTC 2026","606","tests.one_c","test_create_1c_stock","","","","test_post_bad_request_or_unprocessable[<lambda>13]",""
"skipped","Fri Jan 02 01:49:24 UTC 2026","Fri Jan 02 01:49:24 UTC 2026","0","tests.stock","test_create_stock","","","","test_create_stock_with_empty_string_log_if_not_200[address.street]",""
"skipped","Fri Jan 02 01:49:15 UTC 2026","Fri Jan 02 01:49:15 UTC 2026","196","tests.statistic","test_team_registrations","","","","test_get_team_registration_statistic_negative[payload1-client]","Негативный тест: ошибка при получении статистики регистрации команды с невалидным телом запроса"
"passed","Fri Jan 02 01:02:35 UTC 2026","Fri Jan 02 01:02:36 UTC 2026","391","tests.admin_panel.users","test_get_admin_users_exclusive_preorder_permissions","","","","test_get_exclusive_preorder_permissions_requires_admin[client]","
    клиент/партнёр не могут читать список permissions → 403
    "
"passed","Fri Jan 02 01:26:50 UTC 2026","Fri Jan 02 01:26:50 UTC 2026","817","tests.catalog","test_update_admin_product","","","","test_update_admin_product_invalid_id[0]",""
"passed","Fri Jan 02 01:48:23 UTC 2026","Fri Jan 02 01:48:23 UTC 2026","193","tests.statistic","test_team_go","","","","test_get_team_go_statistic_positive[payload1-admin]","Позитивный тест: получение статистики по команде с валидным телом запроса"
"passed","Fri Jan 02 01:07:28 UTC 2026","Fri Jan 02 01:07:34 UTC 2026","5353","tests.cart","test_04_cart_full_data","","","","test_cart_full_data_calculate_delivery_true[client]","
    Позитив: calculate_delivery=true → явный расчёт доставки. advance_costs должны быть заполнены
    "
"passed","Fri Jan 02 01:44:32 UTC 2026","Fri Jan 02 01:44:33 UTC 2026","578","tests.one_c","test_get_1с_stock","","","","test_get_stock_bad_request[params4]",""
"passed","Fri Jan 02 00:51:46 UTC 2026","Fri Jan 02 00:51:48 UTC 2026","1269","tests.admin_panel.promo","test_77_create_promotion_item","","","","test_create_promotion_item_forbidden[partner]","Негативный тест: создание элемента акции не-админом запрещено."
"passed","Fri Jan 02 01:08:38 UTC 2026","Fri Jan 02 01:08:41 UTC 2026","2957","tests.cart","test_07_cart_update_multi","","","","test_update_cart_items_multi_success[partner]","Позитив: массовое изменение позиций /cart/update_multi."
"passed","Fri Jan 02 01:27:33 UTC 2026","Fri Jan 02 01:27:38 UTC 2026","5146","tests.catalog","test_update_admin_product","","","","test_update_admin_product_invalid_payload[update_payload3-400]",""
"skipped","Fri Jan 02 00:29:42 UTC 2026","Fri Jan 02 00:29:42 UTC 2026","0","tests.account","test_history_group_volumes","","","","test_get_group_volumes_history_positive[client-payload0]","Позитивные тесты на получение истории начисления групповых объемов"
"passed","Fri Jan 02 00:33:32 UTC 2026","Fri Jan 02 00:33:32 UTC 2026","798","tests.admin_panel","test_partner_accrual_details_common","","","","test_common_accrual_details_invalid_payload[payload1-expected_codes1]","
    Негатив: валидация тела запроса общей детализации.
    "
"passed","Fri Jan 02 01:50:15 UTC 2026","Fri Jan 02 01:50:17 UTC 2026","2429","tests.stock","test_stock_free_delivery","","","","test_stock_get_contains_is_free_delivery_flag","
    Через 1С создаём склад с is_free_delivery_enabled=True → /stock/get должен вернуть этот флаг
    "
"passed","Fri Jan 02 01:52:49 UTC 2026","Fri Jan 02 01:52:50 UTC 2026","1807","tests.tickets","test_04_create_ticket","","","","test_create_ticket_success[client-attachments1-QuestionsAboutTheWorkOfTheStructureAndMentors]","Позитивный тест: создание тикета с разными темами и вложениями для клиента, партнера и админа"
"passed","Fri Jan 02 00:43:13 UTC 2026","Fri Jan 02 00:43:13 UTC 2026","198","tests.admin_panel.periods","test_get_periods_list","","","","test_get_periods_list__200_contract[client]",""
"skipped","Fri Jan 02 00:26:54 UTC 2026","Fri Jan 02 00:26:54 UTC 2026","0","tests.account","test_0_marathon","","","","test_get_marathon_is_purchased[admin-200]","Позитивный кейс — проверяет приобретал ли аккаунт марафонский набор (все поля)"
"passed","Fri Jan 02 00:28:19 UTC 2026","Fri Jan 02 00:28:20 UTC 2026","198","tests.account","test_account_branded_wallet_upload","","","","test_upload_invalid_base64_returns_400[client]","Негатив: невалидная base64 → 400"
"skipped","Fri Jan 02 01:50:34 UTC 2026","Fri Jan 02 01:50:34 UTC 2026","0","tests.tickets","test_01_get_tickets","","","","test_get_tickets_success[filter1-sort0-search1-pagination0-client]","Позитивный тест: получение списка тикетов с разными комбинациями параметров"
"passed","Fri Jan 02 00:44:31 UTC 2026","Fri Jan 02 00:44:34 UTC 2026","3049","tests.admin_panel.products","test_03_recommended_products_delete","","","","test_remove_recommendation_success","Успешное удаление рекомендованного товара."
"passed","Fri Jan 02 01:00:07 UTC 2026","Fri Jan 02 01:00:09 UTC 2026","1463","tests.admin_panel.slides","test_61_upload_slides_images","","","","test_upload_slide_images_invalid_format[invalid.exe-application/octet-stream-400]","Негативный и позитивный тест: загрузка изображений в разных форматах."
"passed","Fri Jan 02 00:45:39 UTC 2026","Fri Jan 02 00:45:41 UTC 2026","1468","tests.admin_panel.products","test_40_create_product_brand","","","","test_create_duplicate_brand_should_true","Позитивный тест: попытка создать бренд с теми же параметрами (разрешено)."
"passed","Fri Jan 02 01:35:58 UTC 2026","Fri Jan 02 01:35:58 UTC 2026","187","tests.delivery","test_get_delivery_countries","","","","test_get_delivery_countries_success[available-partner]","Позитив: успешное получение списка стран с разными значениями ?from=."
"passed","Fri Jan 02 01:01:07 UTC 2026","Fri Jan 02 01:01:16 UTC 2026","8836","tests.admin_panel.slides","test_61_upload_slides_images","","","","test_upload_slide_images_file_too_large[4.7-fields_to_send8-204]","Негативный тест: загрузка слишком большого изображения."
"passed","Fri Jan 02 01:46:34 UTC 2026","Fri Jan 02 01:46:35 UTC 2026","749","tests.promo_time.new_year_lottery","test_new_year_lottery_info","","","","test_get_new_year_lottery_info_empty[client]","
    ккорректная форма ответа
    "
"skipped","Fri Jan 02 01:50:31 UTC 2026","Fri Jan 02 01:50:31 UTC 2026","0","tests.temporary","test_create_structure","","","","test_create_structure[case_name0-active_count0-active_lo0-passive_count0-passive_lo0]","
    Тест создания структуры
    "
"passed","Fri Jan 02 01:34:04 UTC 2026","Fri Jan 02 01:34:04 UTC 2026","186","tests.delivery","test_get_boxberry_offices","","","","test_get_boxberry_offices_invalid_city_id_should_fail[abc-admin]",""
"passed","Fri Jan 02 01:37:58 UTC 2026","Fri Jan 02 01:37:59 UTC 2026","186","tests.delivery","test_get_five_post_warehouses","","","","test_get_five_post_warehouses_success[admin]","Позитив: успешное получение списка складов 5Post (только для администратора)."
"passed","Fri Jan 02 01:58:59 UTC 2026","Fri Jan 02 01:59:01 UTC 2026","1603","tests.tickets","test_04_create_ticket","","","","test_create_ticket_success[admin-attachments2-QuestionsAboutInternationalDelivery]","Позитивный тест: создание тикета с разными темами и вложениями для клиента, партнера и админа"
"passed","Fri Jan 02 01:10:19 UTC 2026","Fri Jan 02 01:10:20 UTC 2026","667","tests.cart","test_11_cart_save_delivery_method","","","","test_save_delivery_method_success[client-SelfPickup]","
    Позитив: сохранение способа доставки для всех значений без корзины
    "
"skipped","Fri Jan 02 01:38:25 UTC 2026","Fri Jan 02 01:38:26 UTC 2026","199","tests.delivery","test_get_haypost_offices","","","","test_get_haypost_offices_invalid_city_id_should_fail[-1-admin]","Негатив: невалидные значения city_id → 400/422."
"passed","Fri Jan 02 01:25:25 UTC 2026","Fri Jan 02 01:25:27 UTC 2026","1609","tests.catalog","test_products_list","","","","test_get_products_list_unauthorized",""
"passed","Fri Jan 02 00:59:26 UTC 2026","Fri Jan 02 00:59:27 UTC 2026","1249","tests.admin_panel.slides","test_60_delete_slides","","","","test_delete_slide_success","Позитивный тест: успешное удаление слайда."
"passed","Fri Jan 02 01:50:57 UTC 2026","Fri Jan 02 01:50:57 UTC 2026","188","tests.tickets","test_01_get_tickets","","","","test_get_tickets_invalid_filter[invalid_filter0-400-client]","Негативный тест: передаем некорректные параметры фильтрации"
"passed","Fri Jan 02 00:50:58 UTC 2026","Fri Jan 02 00:50:59 UTC 2026","605","tests.admin_panel.promo","test_75_delete_promotion_by_id","","","","test_delete_promotion_unauthorized","Негативный тест: попытка удаления акции без авторизации."
"passed","Fri Jan 02 01:36:01 UTC 2026","Fri Jan 02 01:36:01 UTC 2026","194","tests.delivery","test_get_delivery_countries","","","","test_get_delivery_countries_success[all-client]","Позитив: успешное получение списка стран с разными значениями ?from=."
"passed","Fri Jan 02 00:55:43 UTC 2026","Fri Jan 02 00:55:44 UTC 2026","821","tests.admin_panel.slides","test_0_slides_sort","","","","test_slides_sort_invalid_id[]","Негативный тест: невалидный path parameter."
"skipped","Fri Jan 02 00:29:06 UTC 2026","Fri Jan 02 00:29:06 UTC 2026","0","tests.account","test_delete_avatar","","","","test_delete_avatar_positive[partner]","Позитивные тесты на удаление аватара"
"passed","Fri Jan 02 01:51:41 UTC 2026","Fri Jan 02 01:51:42 UTC 2026","801","tests.tickets","test_04_create_ticket","","","","test_create_ticket_success[client-attachments0-QuestionsAboutPaymentsToIP]","Позитивный тест: создание тикета с разными темами и вложениями для клиента, партнера и админа"
"passed","Fri Jan 02 00:44:10 UTC 2026","Fri Jan 02 00:44:12 UTC 2026","2204","tests.admin_panel.products","test_02_recommended_products_add","","","","test_add_same_product_as_recommended","Попытка добавить товар в рекомендации к самому себе"
"skipped","Fri Jan 02 01:48:05 UTC 2026","Fri Jan 02 01:48:05 UTC 2026","194","tests.statistic","test_team_activations","","","","test_get_team_activation_statistic_negative[payload0-partner]","Негативный тест: ошибка при получении статистики активации команды с невалидным телом запроса"
"passed","Fri Jan 02 01:22:42 UTC 2026","Fri Jan 02 01:22:48 UTC 2026","5557","tests.catalog","test_get_admin_product_translation","","","","test_get_admin_product_translation_success","Проверка успешного получения одного перевода продукта."
"passed","Fri Jan 02 00:42:11 UTC 2026","Fri Jan 02 00:42:12 UTC 2026","1833","tests.admin_panel.items","test_update_item","","","","test_update_item_invalid_payload[payload2-expected_code2]","Негативный тест: обновление item с невалидным или неполным телом запроса."
"passed","Fri Jan 02 01:21:42 UTC 2026","Fri Jan 02 01:21:43 UTC 2026","836","tests.catalog","test_create_admin_product_translation","","","","test_create_admin_product_translation_invalid_payload[payload2-400]","Негативные проверки на создание перевода с некорректным payload."
"skipped","Fri Jan 02 00:27:49 UTC 2026","Fri Jan 02 00:27:49 UTC 2026","0","tests.account","test_account_branded_wallet_get","","","","test_get_branded_wallet_unauthorized","
    Негатив: без авторизации → 401
    "
"passed","Fri Jan 02 00:39:50 UTC 2026","Fri Jan 02 00:39:53 UTC 2026","2433","tests.admin_panel.items","test_create_item_translation","","","","test_create_item_translation_forbidden[client]","Негативный тест: создание перевода не-админом запрещено."
"skipped","Fri Jan 02 01:38:55 UTC 2026","Fri Jan 02 01:38:55 UTC 2026","698","tests.delivery","test_get_kgpost_offices","","","","test_get_kgpost_offices_unauthorized",""
"passed","Fri Jan 02 00:37:12 UTC 2026","Fri Jan 02 00:37:14 UTC 2026","1987","tests.admin_panel.categories","test_80_create_category_translation","","","","test_create_category_translation_success[kk]","Позитивный тест: создание/обновление перевода категории для разных языков."
"passed","Fri Jan 02 00:40:04 UTC 2026","Fri Jan 02 00:40:05 UTC 2026","810","tests.admin_panel.items","test_create_item_translation","","","","test_create_item_translation_invalid_payload[payload2-code2]","Негативный тест: создание перевода с невалидным payload."
"passed","Fri Jan 02 00:29:00 UTC 2026","Fri Jan 02 00:29:01 UTC 2026","843","tests.account","test_add_cover_url","","","","test_add_cover_invalid_payload[payload2]",""
"passed","Fri Jan 02 00:49:55 UTC 2026","Fri Jan 02 00:49:56 UTC 2026","611","tests.admin_panel.promo","test_74_update_promotion","","","","test_update_promotion_unauthorized","Негативный тест: попытка обновления акции без авторизации."
"passed","Fri Jan 02 01:38:11 UTC 2026","Fri Jan 02 01:38:11 UTC 2026","203","tests.delivery","test_get_georgian_post_pickup_points","","","","test_get_georgian_post_pickup_points_missing_city_id_should_fail[admin]","Негатив: отсутствует обязательный query-параметр city_id → 400/422."
"passed","Fri Jan 02 01:01:44 UTC 2026","Fri Jan 02 01:01:45 UTC 2026","1249","tests.admin_panel.slides","test_62_slides_get_upload_urls","","","","test_get_upload_urls_slider_not_video","Негативный тест: получение временных ссылок у слайда с типом 'image' вместо 'video'."
"passed","Fri Jan 02 01:24:11 UTC 2026","Fri Jan 02 01:24:12 UTC 2026","753","tests.catalog","test_get_recommended_products","","","","test_get_recommended_products_success[partner]","
    Позитивный тест: успешное получение рекомендованных продуктов по id товара
    "
"skipped","Fri Jan 02 00:26:54 UTC 2026","Fri Jan 02 00:26:54 UTC 2026","0","tests.account","test_0_marathon","","","","test_create_product_brand_invalid_payload[params2-400-client]",""
"passed","Fri Jan 02 00:28:42 UTC 2026","Fri Jan 02 00:28:43 UTC 2026","853","tests.account","test_add_cover_url","","","","test_add_cover_full_payload[partner]",""
"skipped","Fri Jan 02 00:29:17 UTC 2026","Fri Jan 02 00:29:17 UTC 2026","0","tests.account","test_funds_transfer_send","","","","test_send_funds_transfer_positive[partner-payload0]","Позитивные тесты на перевод/вывод средств по visibleId"
"skipped","Fri Jan 02 01:50:34 UTC 2026","Fri Jan 02 01:50:34 UTC 2026","0","tests.tickets","test_01_get_tickets","","","","test_get_tickets_success[filter0-sort1-search2-pagination0-client]","Позитивный тест: получение списка тикетов с разными комбинациями параметров"
"passed","Fri Jan 02 01:18:20 UTC 2026","Fri Jan 02 01:18:25 UTC 2026","4788","tests.cart","test_24_cart_delivery_smoke","","","","test_smoke_delivery_recalculation_flow[client]","
    Smoke: шаг доставки / оплаты.

    1. Подготовили корзину с товаром, регионом, городом и методом доставки
    2. Явно запросили расчёт доставки (/cart/full_data?calculate_delivery=true) —
       получили advance_costs
    3. Изменили количество товара через /cart/update с calculate_delivery=false —
       доставка НЕ пересчиталась, advance_costs очищены
    4. Снова явно запросили расчёт доставки — advance_costs снова заполнены

    "
"skipped","Fri Jan 02 00:29:17 UTC 2026","Fri Jan 02 00:29:17 UTC 2026","0","tests.account","test_family_agreement_create_three","","","","test_create_family_agreement_three_positive[partner-payload0]","Позитивные тесты на создание семейного соглашения при аннулировании второго партнера"
"passed","Fri Jan 02 01:18:02 UTC 2026","Fri Jan 02 01:18:03 UTC 2026","1802","tests.cart","test_23_cart_calculate_delivery_flag","","","","test_update_cart_item_invalid_calculate_delivery_flag[false-client]",""
"passed","Fri Jan 02 00:47:17 UTC 2026","Fri Jan 02 00:47:18 UTC 2026","787","tests.admin_panel.products","test_43_delete_product_brand","","","","test_delete_product_brand_invalid_id[9999999]","Негативный тест: удаление несуществующего или некорректного бренда."
"passed","Fri Jan 02 00:27:26 UTC 2026","Fri Jan 02 00:27:26 UTC 2026","201","tests.account","test_0_users_by_lo_rating","","","","test_get_users_by_lo_rating_positive[admin]","Позитивные тесты на получение рейтинга продавцов по личному объему"
"skipped","Fri Jan 02 00:27:49 UTC 2026","Fri Jan 02 00:27:49 UTC 2026","0","tests.account","test_account_branded_wallet_get","","","","test_get_with_image_returns_all_fields[client]","
    Позитив: загрузили картинку (в текущий период) → GET (по текущему периоду) возвращает корректную схему ответа
    "
"passed","Fri Jan 02 00:37:53 UTC 2026","Fri Jan 02 00:37:54 UTC 2026","786","tests.admin_panel.categories","test_80_create_category_translation","","","","test_create_category_translation_invalid_payload[payload6-422]","Негативный тест: создание перевода с невалидным payload."
"skipped","Fri Jan 02 01:04:16 UTC 2026","Fri Jan 02 01:04:16 UTC 2026","0","tests.auth","test_04_refresh","","","","test_refresh_token_success[partner]","Тест успешного обновления токена через refresh-токен."
"skipped","Fri Jan 02 01:47:35 UTC 2026","Fri Jan 02 01:47:35 UTC 2026","0","tests.sockets","test_schema_contracts","","","","test_create_schema_contract_and_echo[client]","
    Контракт /support-chat/create
    "
"passed","Fri Jan 02 00:56:33 UTC 2026","Fri Jan 02 00:56:34 UTC 2026","826","tests.admin_panel.slides","test_57_create_slide","","","","test_create_slide_invalid_payload[payload8-422]","Негативные тесты: некорректные и неполные payload'ы."
"skipped","Fri Jan 02 00:23:23 UTC 2026","Fri Jan 02 00:23:23 UTC 2026","0","tests.PROJECT_EDUCATION.orders","test_get_order_by_id","","","","test_get_order_by_id_unauthorized__returns_error[None]","
    Негатив: без Authorization ожидаем 401/403
    "
"passed","Fri Jan 02 00:41:10 UTC 2026","Fri Jan 02 00:41:11 UTC 2026","783","tests.admin_panel.items","test_get_item_translation","","","","test_get_item_translation_invalid_id[abc]",""
"passed","Fri Jan 02 01:13:32 UTC 2026","Fri Jan 02 01:13:37 UTC 2026","4262","tests.cart","test_12_cart_estimate_delivery","","","","test_estimate_delivery_success[client-five_post_pickup-payload14]","
    Позитив: корзина с товаром, выбор способа доставки и расчёт стоимости для разных служб
    "
"skipped","Fri Jan 02 01:50:34 UTC 2026","Fri Jan 02 01:50:34 UTC 2026","0","tests.tickets","test_01_get_tickets","","","","test_get_tickets_success[filter0-sort1-search2-pagination1-client]","Позитивный тест: получение списка тикетов с разными комбинациями параметров"
"passed","Fri Jan 02 01:24:52 UTC 2026","Fri Jan 02 01:24:52 UTC 2026","196","tests.catalog","test_product_get_by_id","","","","test_get_product_by_id_missing_id[client]","
    Негативный: пропуск path-параметра (GET /products).
    "
"passed","Fri Jan 02 01:40:04 UTC 2026","Fri Jan 02 01:40:04 UTC 2026","192","tests.delivery","test_self_pickup_offices","","","","test_self_pickup_offices_invalid_params[client-params1]","
    Негатив: невалидные параметры -> 400 с телом ошибки.
    "
"passed","Fri Jan 02 01:53:28 UTC 2026","Fri Jan 02 01:53:30 UTC 2026","1650","tests.tickets","test_04_create_ticket","","","","test_create_ticket_success[client-attachments2-QuestionsAboutTheHousingAndCarProgram]","Позитивный тест: создание тикета с разными темами и вложениями для клиента, партнера и админа"
"skipped","Fri Jan 02 00:30:07 UTC 2026","Fri Jan 02 00:30:07 UTC 2026","0","tests.account","test_update","","","","test_update_account_positive[admin-payload0]","Позитивные тесты на обновление данных аккаунта"
"passed","Fri Jan 02 01:44:16 UTC 2026","Fri Jan 02 01:44:18 UTC 2026","2328","tests.one_c","test_create_1c_stock","","","","test_is_free_delivery_flag_roundtrip_and_db","
    Создаём склад с is_free_delivery_enabled=True.
    Проверяем, что флаг вернулся в ответе
    Проверяем, что в БД stocks.is_free_delivery_enabled = True
    Обновляем склад с is_free_delivery_enabled=False и проверяем, что флаг сбросился
    "
"passed","Fri Jan 02 00:51:49 UTC 2026","Fri Jan 02 00:51:49 UTC 2026","593","tests.admin_panel.promo","test_77_create_promotion_item","","","","test_create_promotion_item_unauthorized","Негативный тест: создание элемента акции без авторизации."
"skipped","Fri Jan 02 00:34:04 UTC 2026","Fri Jan 02 00:34:05 UTC 2026","826","tests.admin_panel","test_report_accruals","","","","test_report_accruals_full_payload",""
"passed","Fri Jan 02 00:37:51 UTC 2026","Fri Jan 02 00:37:52 UTC 2026","819","tests.admin_panel.categories","test_80_create_category_translation","","","","test_create_category_translation_invalid_payload[payload5-422]","Негативный тест: создание перевода с невалидным payload."
"passed","Fri Jan 02 01:25:08 UTC 2026","Fri Jan 02 01:25:08 UTC 2026","195","tests.catalog","test_product_get_by_slug","","","","test_get_product_by_slug_invalid_slug_value[ -client]",""
"skipped","Fri Jan 02 00:33:21 UTC 2026","Fri Jan 02 00:33:21 UTC 2026","0","tests.admin_panel","test_accrue_gold_pro_gift","","","","test_accrue_gold_pro_gift_forbidden[partner]",""
"passed","Fri Jan 02 01:43:07 UTC 2026","Fri Jan 02 01:43:09 UTC 2026","2031","tests.one_c","test_create_1c_stock","","","","test_work_hours_is_closed_roundtrip",""
"passed","Fri Jan 02 00:33:53 UTC 2026","Fri Jan 02 00:33:54 UTC 2026","838","tests.admin_panel","test_partner_accrual_details_main_bonus","","","","test_main_bonus_details_invalid_query_params[query1-expected_codes1]","
    Негатив: валидация query-параметров main-bonus
    "
"passed","Fri Jan 02 00:27:54 UTC 2026","Fri Jan 02 00:27:55 UTC 2026","852","tests.account","test_account_branded_wallet_upload","","","","test_upload_success[valid_png.png-partner]","Позитив: валидное изображение (PNG/JPG) → 200 + корректная схема"
"passed","Fri Jan 02 00:35:20 UTC 2026","Fri Jan 02 00:35:21 UTC 2026","188","tests.admin_panel.categories","test_56_v2_create_category","","","","test_v2_create_category_forbidden[client]","Негативный тест: создание категории не-админом запрещено."
"skipped","Fri Jan 02 01:50:34 UTC 2026","Fri Jan 02 01:50:34 UTC 2026","0","tests.tickets","test_01_get_tickets","","","","test_get_tickets_success[filter0-sort0-search1-pagination0-partner]","Позитивный тест: получение списка тикетов с разными комбинациями параметров"
"passed","Fri Jan 02 00:46:09 UTC 2026","Fri Jan 02 00:46:11 UTC 2026","1260","tests.admin_panel.products","test_42_update_product_brand","","","","test_update_product_brand_success","Позитивный тест: успешное обновление бренда (все поля)."
"passed","Fri Jan 02 01:24:45 UTC 2026","Fri Jan 02 01:24:46 UTC 2026","831","tests.catalog","test_product_get_by_id","","","","test_get_product_by_id_invalid_string[%20]","
    Негативный: ID строкового типа
    "
"skipped","Fri Jan 02 00:29:42 UTC 2026","Fri Jan 02 00:29:42 UTC 2026","0","tests.account","test_history_group_volumes","","","","test_get_group_volumes_history_positive[partner-payload1]","Позитивные тесты на получение истории начисления групповых объемов"
"passed","Fri Jan 02 00:25:00 UTC 2026","Fri Jan 02 00:25:01 UTC 2026","977","tests.PROJECT_EDUCATION.test_system","test_04_finish_test","","","","test_finish_test_invalid_id__400_or_404[]",""
"skipped","Fri Jan 02 00:29:17 UTC 2026","Fri Jan 02 00:29:17 UTC 2026","0","tests.account","test_funds_transfer_list","","","","test_get_funds_transfer_list_positive[admin-payload0]","Позитивные тесты на получение истории переводов/выводов средств"
"failed","Fri Jan 02 01:11:19 UTC 2026","Fri Jan 02 01:11:22 UTC 2026","3259","tests.cart","test_11_cart_save_delivery_method","","","","test_save_delivery_method_success_with_cart[partner-GroupOrder]","
    Позитив: сохранение способа доставки для всех значений с корзиной
    "
"passed","Fri Jan 02 01:09:10 UTC 2026","Fri Jan 02 01:09:11 UTC 2026","597","tests.cart","test_08_cart_delete","","","","test_delete_cart_item_unauthorized","Негатив: удаление без авторизации/корзины."
"skipped","Fri Jan 02 00:26:54 UTC 2026","Fri Jan 02 00:26:54 UTC 2026","0","tests.account","test_0_marathon","","","","test_create_product_brand_invalid_payload[params3-400-partner]",""
"passed","Fri Jan 02 00:25:47 UTC 2026","Fri Jan 02 00:25:49 UTC 2026","2293","tests.PROJECT_EDUCATION.test_system","test_07_cleanup_test_system_artifacts_for_user","","","","test_cleanup_test_system_artifacts_for_current_user__db",""
"skipped","Fri Jan 02 01:50:34 UTC 2026","Fri Jan 02 01:50:34 UTC 2026","0","tests.tickets","test_01_get_tickets","","","","test_get_tickets_success[filter0-sort1-search0-pagination1-admin]","Позитивный тест: получение списка тикетов с разными комбинациями параметров"
"skipped","Fri Jan 02 00:27:49 UTC 2026","Fri Jan 02 00:27:49 UTC 2026","0","tests.account","test_account_branded_wallet_get","","","","test_get_period_bad_types_400_or_422[period2-partner]","
    Негатив: некорректные типы month/year → 400/422
    "
"passed","Fri Jan 02 00:26:23 UTC 2026","Fri Jan 02 00:26:23 UTC 2026","612","tests.PROJECT_FUND.initiatives","test_get_reports","","","","test_get_reports_with_query_params[query1-https://dev.ewahelps.com/api]","Позитивный тест: получение списка отчетов с query-параметрами"
"passed","Fri Jan 02 01:38:59 UTC 2026","Fri Jan 02 01:38:59 UTC 2026","233","tests.delivery","test_get_rupost_offices","","","","test_get_rupost_offices_success[439930-partner]",""
"skipped","Fri Jan 02 01:49:24 UTC 2026","Fri Jan 02 01:49:24 UTC 2026","0","tests.stock","test_create_stock","","","","test_create_stock_with_empty_string_log_if_not_200[address.old_postal_code]",""
"skipped","Fri Jan 02 01:38:18 UTC 2026","Fri Jan 02 01:38:18 UTC 2026","193","tests.delivery","test_get_haypost_offices","","","","test_get_haypost_offices_success[186343-client]","Позитив: успешное получение списка офисов по city_id."
"passed","Fri Jan 02 00:55:53 UTC 2026","Fri Jan 02 00:55:54 UTC 2026","605","tests.admin_panel.slides","test_0_slides_sort","","","","test_slides_sort_unauthorized","Негативный тест: без авторизации."
"passed","Fri Jan 02 00:58:35 UTC 2026","Fri Jan 02 00:58:36 UTC 2026","1483","tests.admin_panel.slides","test_59_update_slide","","","","test_update_slide_invalid_payload[payload6-expected_code6]","Негативный тест: обновление слайда с невалидным или неполным телом запроса."
"skipped","Fri Jan 02 01:35:20 UTC 2026","Fri Jan 02 01:35:21 UTC 2026","521","tests.delivery","test_get_cities_v2","","","","test_get_cities_v2_invalid_city_name_should_fail[True-admin]","
    Негатив: невалидные значения city_name → 400/422.
    "
"passed","Fri Jan 02 00:45:13 UTC 2026","Fri Jan 02 00:45:13 UTC 2026","607","tests.admin_panel.products","test_40_create_product_brand","","","","test_create_product_brand_unauthorized","Негативный тест: создание бренда без авторизации."
"skipped","Fri Jan 02 01:35:16 UTC 2026","Fri Jan 02 01:35:16 UTC 2026","351","tests.delivery","test_get_cities_v2","","","","test_get_cities_v2_invalid_city_name_should_fail[123-admin]","
    Негатив: невалидные значения city_name → 400/422.
    "
"skipped","Fri Jan 02 01:50:34 UTC 2026","Fri Jan 02 01:50:34 UTC 2026","0","tests.tickets","test_01_get_tickets","","","","test_get_tickets_success[filter2-sort0-search2-pagination0-partner]","Позитивный тест: получение списка тикетов с разными комбинациями параметров"
"passed","Fri Jan 02 01:28:56 UTC 2026","Fri Jan 02 01:28:56 UTC 2026","296","tests.chat_support","test_01_support_chat_messages_post","","","","test_create_message_without_tag_type_success_partner_client[partner]","
    Позитив: tag_type не обязателен
    "
"passed","Fri Jan 02 01:06:46 UTC 2026","Fri Jan 02 01:06:46 UTC 2026","197","tests.cart","test_02_get_delivery_cost","","","","test_get_delivery_cost_invalid_payload[partner-payload0]","Негатив: некорректные входные данные."
"passed","Fri Jan 02 00:45:57 UTC 2026","Fri Jan 02 00:45:58 UTC 2026","813","tests.admin_panel.products","test_41_get_product_brand_by_id","","","","test_get_product_brand_invalid_id[0]","Негативный тест: получение бренда по невалидному ID"
"skipped","Fri Jan 02 01:47:35 UTC 2026","Fri Jan 02 01:47:35 UTC 2026","0","tests.sockets","test_ws_chat_basic","","","","test_ws_message_with_tag_type_persists[partner]","
    Отправка с реальным tag_type из /support-chat/tags:
      - выбираем type и все id с этим type
      - шлём WS-сообщение с tag_type
      - проверяем, что в сообщении есть user_intent_tag и его id из valid_tag_ids.
    "
"passed","Fri Jan 02 00:52:15 UTC 2026","Fri Jan 02 00:52:16 UTC 2026","819","tests.admin_panel.promo","test_77_create_promotion_item","","","","test_create_promotion_item_invalid_ids[1-None-404]",""
"skipped","Fri Jan 02 00:29:17 UTC 2026","Fri Jan 02 00:29:17 UTC 2026","0","tests.account","test_funds_transfer_send","","","","test_send_funds_transfer_positive[client-payload0]","Позитивные тесты на перевод/вывод средств по visibleId"
"passed","Fri Jan 02 00:38:07 UTC 2026","Fri Jan 02 00:38:09 UTC 2026","1830","tests.admin_panel.categories","test_81_delete_category_translation","","","","test_delete_category_translation_forbidden[client]","Негативный тест: удаление перевода не-админом запрещено."
"passed","Fri Jan 02 01:04:40 UTC 2026","Fri Jan 02 01:04:41 UTC 2026","1069","tests.cart","test_01_user_locale","","","","test_update_user_locale_valid_payload_1[client-payload0]","
    Позитивный тест: Обновление языка/склада/локали авторизованным пользователем"
"skipped","Fri Jan 02 01:38:22 UTC 2026","Fri Jan 02 01:38:22 UTC 2026","201","tests.delivery","test_get_haypost_offices","","","","test_get_haypost_offices_success[186343-admin]","Позитив: успешное получение списка офисов по city_id."
"skipped","Fri Jan 02 00:33:21 UTC 2026","Fri Jan 02 00:33:21 UTC 2026","0","tests.admin_panel","test_accrue_gold_pro_gift","","","","test_accrue_gold_pro_gift_forbidden[client]",""
"passed","Fri Jan 02 00:28:05 UTC 2026","Fri Jan 02 00:28:06 UTC 2026","1122","tests.account","test_account_branded_wallet_upload","","","","test_upload_upsert_current_period[client]","Позитив: повторная загрузка подряд (upsert для текущего периода) — оба запроса успешны"
"passed","Fri Jan 02 00:31:57 UTC 2026","Fri Jan 02 00:31:58 UTC 2026","823","tests.admin_panel","test_04_generate_support_token","","","","test_partner_cannot_generate_support_token",""
"passed","Fri Jan 02 02:01:22 UTC 2026","Fri Jan 02 02:01:23 UTC 2026","964","tests.tickets","test_07_delete_ticket","","","","test_delete_ticket_not_admin[partner]","Негативный тест: попытка удаления тикета клиентом, партнёром"
"passed","Fri Jan 02 00:51:55 UTC 2026","Fri Jan 02 00:51:56 UTC 2026","1273","tests.admin_panel.promo","test_77_create_promotion_item","","","","test_create_promotion_item_invalid_payload[payload1-400]",""
"skipped","Fri Jan 02 00:26:54 UTC 2026","Fri Jan 02 00:26:54 UTC 2026","0","tests.account","test_0_marathon","","","","test_create_product_brand_invalid_payload[params6-400-partner]",""
"passed","Fri Jan 02 01:44:24 UTC 2026","Fri Jan 02 01:44:25 UTC 2026","576","tests.one_c","test_get_1с_stock","","","","test_get_stock_forbidden[params2]",""
"passed","Fri Jan 02 01:15:51 UTC 2026","Fri Jan 02 01:15:52 UTC 2026","278","tests.cart","test_14_cart_update_personal_data","","","","test_update_personal_data_success[partner-payload1]","
    Позитив: обновление персональных данных
    "
"passed","Fri Jan 02 01:08:09 UTC 2026","Fri Jan 02 01:08:09 UTC 2026","196","tests.cart","test_04_cart_full_data","","","","test_full_data_invalid_calculate_delivery_flag[None-client]",""
"failed","Fri Jan 02 01:30:22 UTC 2026","Fri Jan 02 01:30:24 UTC 2026","2279","tests.delivery","test_01_save_delivery_address","","","","test_save_delivery_address_positive[partner-payload4]","Позитивные тесты на сохранение адреса доставки"
"passed","Fri Jan 02 01:12:34 UTC 2026","Fri Jan 02 01:12:38 UTC 2026","4009","tests.cart","test_12_cart_estimate_delivery","","","","test_estimate_delivery_success[client-kgpost-payload4]","
    Позитив: корзина с товаром, выбор способа доставки и расчёт стоимости для разных служб
    "
"skipped","Fri Jan 02 00:43:18 UTC 2026","Fri Jan 02 00:43:19 UTC 2026","783","tests.admin_panel.periods","test_post_admin_approve_marketing_result_with_period","","","","test_post_admin_approve_marketing_result_with_period__bad_body_400_422[bad_body0]",""
"passed","Fri Jan 02 01:34:46 UTC 2026","Fri Jan 02 01:34:46 UTC 2026","200","tests.delivery","test_get_cdek_offices","","","","test_get_cdek_offices_invalid_city_id_should_fail[-1-admin]",""
"failed","Fri Jan 02 01:33:35 UTC 2026","Fri Jan 02 01:33:40 UTC 2026","4867","tests.delivery","test_03_delete_delivery_address","","","","test_delete_delivery_address_permissions[authorize_partner-authorize_client-True]","Права доступа при удалении адресов"
"skipped","Fri Jan 02 00:43:30 UTC 2026","Fri Jan 02 00:43:31 UTC 2026","1014","tests.admin_panel.periods","test_put_admin_dev_period_end_time","","","","test_put_admin_dev_period_end_time__bad_body_400_422[bad_body0]",""
"passed","Fri Jan 02 01:16:15 UTC 2026","Fri Jan 02 01:16:15 UTC 2026","282","tests.cart","test_16_cart_update_stock","","","","test_update_stock_success[client]","Позитив: изменение склада."
"passed","Fri Jan 02 01:47:39 UTC 2026","Fri Jan 02 01:47:40 UTC 2026","211","tests.statistic","test_0_dashboard","","","","test_get_dashboard_statistic[admin]","Позитивный тест: получение статистики для дашборда ""прирост или убыль в числовом виде"
"skipped","Fri Jan 02 00:27:49 UTC 2026","Fri Jan 02 00:27:49 UTC 2026","0","tests.account","test_account_branded_wallet_get","","","","test_get_past_year_should_be_404[client]","
    прошлый период. днных нет - 404
    "
"passed","Fri Jan 02 01:06:03 UTC 2026","Fri Jan 02 01:06:06 UTC 2026","3435","tests.cart","test_02_get_delivery_cost","","","","test_get_delivery_cost_success_partial_payload[client-payload3-200]","
    Позитив/граничные: сочетания полей региона/города
    "
"skipped","Fri Jan 02 00:29:42 UTC 2026","Fri Jan 02 00:29:42 UTC 2026","0","tests.account","test_pass_change","","","","test_change_password_positive[admin-payload1]","Позитивные тесты на изменение пароля"
"passed","Fri Jan 02 00:44:53 UTC 2026","Fri Jan 02 00:44:54 UTC 2026","602","tests.admin_panel.products","test_03_recommended_products_delete","","","","test_remove_recommendation_unauthorized","Неавторизованный пользователь пытается удалить рекомендации."
"passed","Fri Jan 02 01:51:07 UTC 2026","Fri Jan 02 01:51:08 UTC 2026","195","tests.tickets","test_01_get_tickets","","","","test_get_tickets_invalid_filter[invalid_filter3-400-client]","Негативный тест: передаем некорректные параметры фильтрации"
"passed","Fri Jan 02 01:51:28 UTC 2026","Fri Jan 02 01:51:29 UTC 2026","783","tests.tickets","test_02_get_ticket_by_id","","","","test_get_ticket_invalid_id[0]","Негативный тест: передан некорректный ID."
"passed","Fri Jan 02 01:34:41 UTC 2026","Fri Jan 02 01:34:41 UTC 2026","196","tests.delivery","test_get_cdek_offices","","","","test_get_cdek_offices_missing_city_id_should_fail[admin]",""
"passed","Fri Jan 02 02:00:01 UTC 2026","Fri Jan 02 02:00:02 UTC 2026","200","tests.tickets","test_04_create_ticket","","","","test_create_ticket_invalid_request_type[admin-invalid_request_type-400]","Негативный тест: попытка создания тикета с неверным типом request_type"
"passed","Fri Jan 02 01:55:37 UTC 2026","Fri Jan 02 01:55:39 UTC 2026","1830","tests.tickets","test_04_create_ticket","","","","test_create_ticket_success[partner-attachments1-QuestionsAboutTheRewardSystemMarketingPlan]","Позитивный тест: создание тикета с разными темами и вложениями для клиента, партнера и админа"
"passed","Fri Jan 02 01:34:36 UTC 2026","Fri Jan 02 01:34:37 UTC 2026","631","tests.delivery","test_get_cdek_offices","","","","test_get_cdek_offices_success[521-partner]",""
"passed","Fri Jan 02 01:31:34 UTC 2026","Fri Jan 02 01:31:38 UTC 2026","3527","tests.delivery","test_01_save_delivery_address","","","","test_save_delivery_address_negative[partner-payload5-400]","Негативные тесты на сохранение адреса доставки"
"skipped","Fri Jan 02 00:29:42 UTC 2026","Fri Jan 02 00:29:42 UTC 2026","0","tests.account","test_get_languages","","","","test_get_languages_success[client-ios-200]","Возвращает список языков, доступных для перевода"
"passed","Fri Jan 02 01:39:15 UTC 2026","Fri Jan 02 01:39:15 UTC 2026","199","tests.delivery","test_get_self_pickup_offices","","","","test_get_self_pickup_offices_missing_city_id_should_fail[admin]","Негатив: отсутствует обязательный query-параметр city_id → 400/422."
"passed","Fri Jan 02 01:31:18 UTC 2026","Fri Jan 02 01:31:20 UTC 2026","2230","tests.delivery","test_01_save_delivery_address","","","","test_save_delivery_address_negative[partner-payload1-400]","Негативные тесты на сохранение адреса доставки"
"skipped","Fri Jan 02 01:16:10 UTC 2026","Fri Jan 02 01:16:10 UTC 2026","198","tests.cart","test_15_cart_update_country","","","","test_update_country_invalid_payload[client-payload0]","Негатив: невалидный payload."
"passed","Fri Jan 02 00:32:47 UTC 2026","Fri Jan 02 00:32:48 UTC 2026","851","tests.admin_panel","test_05_admin_support_users_token_revoke_all","","","","test_client_cannot_revoke_support_tokens",""
"skipped","Fri Jan 02 00:29:17 UTC 2026","Fri Jan 02 00:29:17 UTC 2026","0","tests.account","test_funds_transfer_send","","","","test_send_funds_transfer_positive[admin-payload1]","Позитивные тесты на перевод/вывод средств по visibleId"
"skipped","Fri Jan 02 00:30:07 UTC 2026","Fri Jan 02 00:30:07 UTC 2026","0","tests.account","test_token_revoke","","","","test_revoke_token_positive[partner-payload0]","Позитивные тесты на удаление токена"
"passed","Fri Jan 02 00:26:51 UTC 2026","Fri Jan 02 00:26:51 UTC 2026","200","tests.account","test_0_grades_rating","","","","test_get_grades_rating_positive[partner]","Позитивные тесты на получение рейтинга квалификаций"
"skipped","Fri Jan 02 00:30:24 UTC 2026","Fri Jan 02 00:30:24 UTC 2026","0","tests.account","test_update_default_stock","","","","test_update_default_stock_positive[client-payload1]","Позитивные тесты на изменение дефолтного склада"
"skipped","Fri Jan 02 01:09:19 UTC 2026","Fri Jan 02 01:09:19 UTC 2026","0","tests.cart","test_09_cart_save_region","","","","test_save_region_by_name_success[partner]","Позитив: сохранение региона по region_name."
"skipped","Fri Jan 02 01:40:47 UTC 2026","Fri Jan 02 01:40:48 UTC 2026","821","tests.fund","test_get_top_donors","","","","test_get_top_donors_success[start,end-https://dev.ewahelps.com/api]",""
"passed","Fri Jan 02 01:05:48 UTC 2026","Fri Jan 02 01:05:49 UTC 2026","628","tests.cart","test_02_get_delivery_cost","","","","test_get_delivery_cost_success_full_payload[client]","Позитив: успешное получение ТК при полном наборе параметров"
"passed","Fri Jan 02 00:56:28 UTC 2026","Fri Jan 02 00:56:28 UTC 2026","786","tests.admin_panel.slides","test_57_create_slide","","","","test_create_slide_invalid_payload[payload5-expected_code5]","Негативные тесты: некорректные и неполные payload'ы."
"passed","Fri Jan 02 00:49:27 UTC 2026","Fri Jan 02 00:49:29 UTC 2026","1182","tests.admin_panel.promo","test_73_get_promotion_by_id","","","","test_get_promotion_by_id_forbidden[client]","Негативный тест: получение акции по ID не админом."
"passed","Fri Jan 02 01:57:38 UTC 2026","Fri Jan 02 01:57:39 UTC 2026","780","tests.tickets","test_04_create_ticket","","","","test_create_ticket_success[admin-attachments0-ReceivingDefectiveProductsOrShortage]","Позитивный тест: создание тикета с разными темами и вложениями для клиента, партнера и админа"
"passed","Fri Jan 02 00:54:39 UTC 2026","Fri Jan 02 00:54:40 UTC 2026","1248","tests.admin_panel.sliders","test_54_update_slider","","","","test_update_slider_invalid_payload[payload3-expected_code3]","Негативный тест: обновление слайдера с невалидным или неполным телом запроса."
"skipped","Fri Jan 02 00:30:07 UTC 2026","Fri Jan 02 00:30:07 UTC 2026","0","tests.account","test_update","","","","test_update_account_positive[partner-payload0]","Позитивные тесты на обновление данных аккаунта"
"passed","Fri Jan 02 01:06:18 UTC 2026","Fri Jan 02 01:06:19 UTC 2026","906","tests.cart","test_02_get_delivery_cost","","","","test_get_delivery_cost_success_partial_payload[partner-payload1-200]","
    Позитив/граничные: сочетания полей региона/города
    "
"passed","Fri Jan 02 02:02:47 UTC 2026","Fri Jan 02 02:02:49 UTC 2026","1945","tests.tickets","test_12_delete_message","","","","test_delete_ticket_message_admin_other_client[client]","Негативный тест: админ пытается удалить сообщение клиента/партнёра"
"passed","Fri Jan 02 01:01:47 UTC 2026","Fri Jan 02 01:01:49 UTC 2026","1463","tests.admin_panel.slides","test_62_slides_get_upload_urls","","","","test_get_upload_urls_invalid_files[data0-400]","Негативный тест: пустой список файлов, отсутствие 'filenames' в теле запроса."
"passed","Fri Jan 02 00:51:30 UTC 2026","Fri Jan 02 00:51:31 UTC 2026","815","tests.admin_panel.promo","test_76_get_promotion_items","","","","test_get_promotion_item_invalid_id[0-0]","Негативный тест: получение элемента с невалидным ID."
"skipped","Fri Jan 02 00:29:42 UTC 2026","Fri Jan 02 00:29:42 UTC 2026","0","tests.account","test_history","","","","test_get_history_positive[client-payload0]","Позитивные тесты на получение истории аккаунта"
"passed","Fri Jan 02 01:26:36 UTC 2026","Fri Jan 02 01:26:42 UTC 2026","5252","tests.catalog","test_update_admin_product","","","","test_update_admin_product_forbidden[partner]",""
"skipped","Fri Jan 02 00:29:06 UTC 2026","Fri Jan 02 00:29:06 UTC 2026","0","tests.account","test_delete_avatar","","","","test_delete_avatar_positive[admin]","Позитивные тесты на удаление аватара"
"passed","Fri Jan 02 01:29:16 UTC 2026","Fri Jan 02 01:29:16 UTC 2026","699","tests.chat_support","test_02_support_chat_messages_get","","","","test_get_support_chat_messages_basic[partner]","
    Позитив: /support-chat/messages отдаёт список сообщений с навигацией
    "
"skipped","Fri Jan 02 01:49:24 UTC 2026","Fri Jan 02 01:49:24 UTC 2026","0","tests.stock","test_create_stock","","","","test_create_stock_with_empty_string_log_if_not_200[city.longitude]",""
"skipped","Fri Jan 02 01:40:54 UTC 2026","Fri Jan 02 01:40:55 UTC 2026","785","tests.fund","test_get_top_donors","","","","test_get_top_donors_invalid_params[invalid_param2-https://dev.ewahelps.com/api]","Негатив: неверные параметры должны дать 400 (при рабочем маршруте)."
"skipped","Fri Jan 02 00:35:17 UTC 2026","Fri Jan 02 00:35:17 UTC 2026","0","tests.admin_panel.categories","test_50_upload_category_images","","","","test_upload_category_images_file_too_large[4.7-fields_to_send0-204]","Негативный тест: загрузка слишком большого изображения."
"passed","Fri Jan 02 01:51:09 UTC 2026","Fri Jan 02 01:51:09 UTC 2026","197","tests.tickets","test_01_get_tickets","","","","test_get_tickets_invalid_filter[invalid_filter3-400-partner]","Негативный тест: передаем некорректные параметры фильтрации"
"passed","Fri Jan 02 00:53:11 UTC 2026","Fri Jan 02 00:53:11 UTC 2026","603","tests.admin_panel.sliders","test_52_create_slider","","","","test_create_slider_unauthorized","Негативный тест: создание слайдера без авторизации."
"passed","Fri Jan 02 00:27:12 UTC 2026","Fri Jan 02 00:27:12 UTC 2026","201","tests.account","test_0_top_partners_game_0824","","","","test_get_top_partners_game_0824_positive[client]","Позитивные тесты на получение топ-партнеров в игре 08/24"
"passed","Fri Jan 02 01:40:00 UTC 2026","Fri Jan 02 01:40:00 UTC 2026","218","tests.delivery","test_self_pickup_offices","","","","test_self_pickup_offices_unknown_city_returns_empty_list[admin]","
    Позитив/краевой случай: неизвестный city_id -> 200 и пустой список.
    "
"skipped","Fri Jan 02 00:29:17 UTC 2026","Fri Jan 02 00:29:17 UTC 2026","0","tests.account","test_family_agreement_create_one","","","","test_create_family_agreement_one_positive[admin-payload1]","Позитивные тесты на создание семейного соглашения при отсутствующем втором партнере"
"passed","Fri Jan 02 01:05:35 UTC 2026","Fri Jan 02 01:05:36 UTC 2026","186","tests.cart","test_01_user_locale","","","","test_update_user_locale_invalid_payload[partner-payload0-400]","Негативный тест: обновление локали с невалидным payload."
"skipped","Fri Jan 02 01:49:24 UTC 2026","Fri Jan 02 01:49:24 UTC 2026","0","tests.stock","test_create_stock","","","","test_create_stock_with_empty_string_log_if_not_200[address.floor]",""
"passed","Fri Jan 02 00:37:40 UTC 2026","Fri Jan 02 00:37:41 UTC 2026","577","tests.admin_panel.categories","test_80_create_category_translation","","","","test_create_category_translation_unauthorized","Негативный тест: создание перевода без авторизации."
"passed","Fri Jan 02 00:24:53 UTC 2026","Fri Jan 02 00:24:54 UTC 2026","793","tests.PROJECT_EDUCATION.test_system","test_04_finish_test","","","","test_finish_test_invalid_id__400_or_404[abc]",""
"passed","Fri Jan 02 01:25:59 UTC 2026","Fri Jan 02 01:26:05 UTC 2026","5530","tests.catalog","test_update_admin_product","","","","test_update_admin_product_type_not_allowed",""
"skipped","Fri Jan 02 01:49:24 UTC 2026","Fri Jan 02 01:49:24 UTC 2026","0","tests.stock","test_create_stock","","","","test_create_stock_with_empty_string_log_if_not_200[city.country_id]",""
"skipped","Fri Jan 02 01:50:34 UTC 2026","Fri Jan 02 01:50:34 UTC 2026","0","tests.tickets","test_01_get_tickets","","","","test_get_tickets_success[filter0-sort1-search2-pagination1-admin]","Позитивный тест: получение списка тикетов с разными комбинациями параметров"
"skipped","Fri Jan 02 01:22:39 UTC 2026","Fri Jan 02 01:22:39 UTC 2026","0","tests.catalog","test_exclusive_preorder_products_by_id","","","","test_products_by_id_exclusive_hidden_without_permission[partner]","
    Негатив:
      - берём exclusive seed
      - гарантируем permission отсутствует
      - /products/{id} должен либо:
          не содержать слот для stock_id
          или slot.is_visible==False
          или slot.in_stock==0
    "
"passed","Fri Jan 02 00:30:08 UTC 2026","Fri Jan 02 00:30:09 UTC 2026","1126","tests.account","test_update_avatar","","","","test_update_avatar_positive[client-payload0]","Позитивные тесты на обновление аватара"
"passed","Fri Jan 02 01:51:06 UTC 2026","Fri Jan 02 01:51:06 UTC 2026","188","tests.tickets","test_01_get_tickets","","","","test_get_tickets_invalid_filter[invalid_filter2-400-partner]","Негативный тест: передаем некорректные параметры фильтрации"
"skipped","Fri Jan 02 00:30:07 UTC 2026","Fri Jan 02 00:30:07 UTC 2026","0","tests.account","test_token_revoke","","","","test_revoke_token_positive[admin-payload0]","Позитивные тесты на удаление токена"
"skipped","Fri Jan 02 01:50:34 UTC 2026","Fri Jan 02 01:50:34 UTC 2026","0","tests.tickets","test_01_get_tickets","","","","test_get_tickets_success[filter2-sort1-search0-pagination0-admin]","Позитивный тест: получение списка тикетов с разными комбинациями параметров"
"skipped","Fri Jan 02 00:23:23 UTC 2026","Fri Jan 02 00:23:23 UTC 2026","0","tests.PROJECT_EDUCATION.orders","test_get_order_by_id","","","","test_get_order_by_id_non_integer_path__returns_404","
    Негатив: строковый id
    "
"skipped","Fri Jan 02 00:27:49 UTC 2026","Fri Jan 02 00:27:49 UTC 2026","0","tests.account","test_account_branded_wallet_get","","","","test_get_invalid_period_returns_422[period1-client]","
    Негатив: невалидные month/year → 422.
    "
"passed","Fri Jan 02 00:27:47 UTC 2026","Fri Jan 02 00:27:48 UTC 2026","606","tests.account","test_account_branded_wallet_delete","","","","test_delete_branded_wallet_unauthorized","
    Без авторизации → 401
    "
"passed","Fri Jan 02 01:24:13 UTC 2026","Fri Jan 02 01:24:14 UTC 2026","824","tests.catalog","test_get_recommended_products","","","","test_get_recommended_products_invalid_id[0]","
    Негативный тест: передан некорректный ID (тип/значение)
    "
"passed","Fri Jan 02 02:02:16 UTC 2026","Fri Jan 02 02:02:17 UTC 2026","1221","tests.tickets","test_11_update_message","","","","test_update_message_validation[client-update_payload0-403]","Негативные тесты: невалидные поля при редактировании сообщения"
"passed","Fri Jan 02 00:46:59 UTC 2026","Fri Jan 02 00:47:00 UTC 2026","1261","tests.admin_panel.products","test_42_update_product_brand","","","","test_update_product_brand_invalid_payload[payload9-422]","Негативный тест: обновление бренда с невалидным или неполным телом запроса."
"passed","Fri Jan 02 00:34:41 UTC 2026","Fri Jan 02 00:34:42 UTC 2026","781","tests.admin_panel.categories","test_47_get_categories_by_id","","","","test_get_categories_invalid_id[0]","Негативный тест: получение категории по невалидному ID."
"passed","Fri Jan 02 01:09:46 UTC 2026","Fri Jan 02 01:09:46 UTC 2026","198","tests.cart","test_10_cart_save_city","","","","test_save_city_invalid_payload[partner-payload2]","Негатив: невалидный payload."
"passed","Fri Jan 02 00:56:42 UTC 2026","Fri Jan 02 00:56:43 UTC 2026","813","tests.admin_panel.slides","test_57_create_slide","","","","test_create_slide_invalid_payload[payload13-400]","Негативные тесты: некорректные и неполные payload'ы."
"passed","Fri Jan 02 01:12:03 UTC 2026","Fri Jan 02 01:12:04 UTC 2026","562","tests.cart","test_11_cart_save_delivery_method","","","","test_save_delivery_method_without_cart[partner-FivePost]","
    нужна обязательно корзина
    "
"passed","Fri Jan 02 00:45:59 UTC 2026","Fri Jan 02 00:46:00 UTC 2026","791","tests.admin_panel.products","test_41_get_product_brand_by_id","","","","test_get_product_brand_invalid_id[None]","Негативный тест: получение бренда по невалидному ID"
"passed","Fri Jan 02 01:19:48 UTC 2026","Fri Jan 02 01:19:49 UTC 2026","1025","tests.catalog","test_create_admin_product","","","","test_create_product_invalid_payload[payload7-422]",""
"passed","Fri Jan 02 01:51:30 UTC 2026","Fri Jan 02 01:51:31 UTC 2026","833","tests.tickets","test_02_get_ticket_by_id","","","","test_get_ticket_invalid_id[None]","Негативный тест: передан некорректный ID."
"passed","Fri Jan 02 01:37:05 UTC 2026","Fri Jan 02 01:37:05 UTC 2026","186","tests.delivery","test_get_emu_pickup_points","","","","test_get_emu_pickup_points_invalid_city_id_should_fail[-admin]","Негатив: невалидные значения city_id → 400/422."
"passed","Fri Jan 02 01:51:10 UTC 2026","Fri Jan 02 01:51:11 UTC 2026","578","tests.tickets","test_01_get_tickets","","","","test_get_tickets_unauthorized","Негативный тест: запрос без авторизации"
"passed","Fri Jan 02 00:33:55 UTC 2026","Fri Jan 02 00:33:56 UTC 2026","778","tests.admin_panel","test_partner_accrual_details_main_bonus","","","","test_main_bonus_details_invalid_query_params[query2-expected_codes2]","
    Негатив: валидация query-параметров main-bonus
    "
"passed","Fri Jan 02 01:44:27 UTC 2026","Fri Jan 02 01:44:28 UTC 2026","606","tests.one_c","test_get_1с_stock","","","","test_get_stock_bad_request[params1]",""
"passed","Fri Jan 02 01:22:34 UTC 2026","Fri Jan 02 01:22:35 UTC 2026","842","tests.catalog","test_delete_admin_product_translation","","","","test_delete_admin_product_translation_invalid_id[0]","Удаление перевода по невалидному product_id — должно вернуть 400 или 404."
"passed","Fri Jan 02 01:09:38 UTC 2026","Fri Jan 02 01:09:39 UTC 2026","197","tests.cart","test_10_cart_save_city","","","","test_save_city_invalid_payload[client-payload3]","Негатив: невалидный payload."
"skipped","Fri Jan 02 00:43:37 UTC 2026","Fri Jan 02 00:43:37 UTC 2026","0","tests.admin_panel.products","test_01_create_product_group","","","","test_create_product_group_forbidden[client]","Негативный тест: создание продукт группы не-админом запрещено."
"passed","Fri Jan 02 00:55:27 UTC 2026","Fri Jan 02 00:55:28 UTC 2026","821","tests.admin_panel.sliders","test_55_delete_sliders","","","","test_delete_slider_invalid_id[9999999]","Негативный тест: удаление несуществующего или некорректного слайдера."
"skipped","Fri Jan 02 00:23:23 UTC 2026","Fri Jan 02 00:23:23 UTC 2026","0","tests.PROJECT_EDUCATION.payment_system","test_get_payment_methods","","","","test_get_payment_methods_200_anonymous",""
"passed","Fri Jan 02 01:49:48 UTC 2026","Fri Jan 02 01:49:49 UTC 2026","186","tests.stock","test_get_stock_by_id","","","","test_get_stock_by_invalid_id[abc-admin]","Невалидные значения ID склада"
"passed","Fri Jan 02 01:02:08 UTC 2026","Fri Jan 02 01:02:08 UTC 2026","826","tests.admin_panel.slides","test_62_slides_update_video_url","","","","test_update_video_url_invalid[]","Негативный тест: передача некорректной ссылки без предварительной загрузки"
"skipped","Fri Jan 02 00:27:49 UTC 2026","Fri Jan 02 00:27:49 UTC 2026","0","tests.account","test_account_branded_wallet_get","","","","test_get_past_year_should_be_200[partner]","
    прошлый период. днные есть - 200
    "
"passed","Fri Jan 02 01:38:09 UTC 2026","Fri Jan 02 01:38:09 UTC 2026","195","tests.delivery","test_get_georgian_post_pickup_points","","","","test_get_georgian_post_pickup_points_success[1-admin]","Позитив: успешное получение списка ПВЗ грузинской почты по city_id."
"passed","Fri Jan 02 01:10:26 UTC 2026","Fri Jan 02 01:10:27 UTC 2026","566","tests.cart","test_11_cart_save_delivery_method","","","","test_save_delivery_method_success[client-Emu]","
    Позитив: сохранение способа доставки для всех значений без корзины
    "
"passed","Fri Jan 02 00:31:33 UTC 2026","Fri Jan 02 00:31:34 UTC 2026","815","tests.admin_panel","test_03_support_delete_user","","","","test_invalid_id_returns_client_error[-1]","
    Кривой/отсутствующий id в path:
    ожидаем клиентскую ошибку (400/404/405), а не 5xx.
    "
"passed","Fri Jan 02 00:55:45 UTC 2026","Fri Jan 02 00:55:46 UTC 2026","816","tests.admin_panel.slides","test_0_slides_sort","","","","test_slides_sort_invalid_id[1.5]","Негативный тест: невалидный path parameter."
"passed","Fri Jan 02 01:08:05 UTC 2026","Fri Jan 02 01:08:06 UTC 2026","187","tests.cart","test_04_cart_full_data","","","","test_full_data_invalid_calculate_delivery_flag[bad_flag2-client]",""
"passed","Fri Jan 02 01:54:35 UTC 2026","Fri Jan 02 01:54:35 UTC 2026","792","tests.tickets","test_04_create_ticket","","","","test_create_ticket_success[partner-attachments0-QuestionsAboutProducts]","Позитивный тест: создание тикета с разными темами и вложениями для клиента, партнера и админа"
"passed","Fri Jan 02 00:34:02 UTC 2026","Fri Jan 02 00:34:03 UTC 2026","779","tests.admin_panel","test_partner_accrual_details_main_bonus","","","","test_main_bonus_details_invalid_query_params[query6-expected_codes6]","
    Негатив: валидация query-параметров main-bonus
    "
"skipped","Fri Jan 02 00:35:17 UTC 2026","Fri Jan 02 00:35:17 UTC 2026","0","tests.admin_panel.categories","test_50_upload_category_images","","","","test_upload_category_images_file_too_large[4.7-fields_to_send6-204]","Негативный тест: загрузка слишком большого изображения."
"passed","Fri Jan 02 00:51:07 UTC 2026","Fri Jan 02 00:51:08 UTC 2026","816","tests.admin_panel.promo","test_75_delete_promotion_by_id","","","","test_delete_promotion_invalid_id[-1]","Негативный тест: удаление несуществующей или некорректной акции."
"skipped","Fri Jan 02 00:29:42 UTC 2026","Fri Jan 02 00:29:42 UTC 2026","0","tests.account","test_history_admin","","","","test_get_admin_history_positive[partner-payload1]","Позитивные тесты на получение истории бонусов для админа"
"passed","Fri Jan 02 01:45:48 UTC 2026","Fri Jan 02 01:45:48 UTC 2026","786","tests.promo_time.new_year_lottery","test_admin_new_year_lottery_coupons","","","","test_change_coupons_negative_count_returns_400","
    Негатив: coupons_count < 0 → 400 invalid body values
    "
"passed","Fri Jan 02 01:43:05 UTC 2026","Fri Jan 02 01:43:05 UTC 2026","607","tests.one_c","test_create_1c_stock","","","","test_country_id_city_id_conflict_validation","
    при конфликте address.country_id с country городa (по city_id) должен быть 400/422
    "
"passed","Fri Jan 02 01:55:15 UTC 2026","Fri Jan 02 01:55:16 UTC 2026","1808","tests.tickets","test_04_create_ticket","","","","test_create_ticket_success[partner-attachments1-QuestionsAboutOrders]","Позитивный тест: создание тикета с разными темами и вложениями для клиента, партнера и админа"
"passed","Fri Jan 02 01:12:17 UTC 2026","Fri Jan 02 01:12:21 UTC 2026","4230","tests.cart","test_12_cart_estimate_delivery","","","","test_estimate_delivery_success[client-fargo-payload1]","
    Позитив: корзина с товаром, выбор способа доставки и расчёт стоимости для разных служб
    "
"skipped","Fri Jan 02 01:49:24 UTC 2026","Fri Jan 02 01:49:24 UTC 2026","0","tests.stock","test_create_stock","","","","test_create_stock_with_empty_string_log_if_not_200[is_yandex_delivery]",""
"passed","Fri Jan 02 00:59:53 UTC 2026","Fri Jan 02 00:59:53 UTC 2026","188","tests.admin_panel.slides","test_61_upload_slides_images","","","","test_upload_slide_images_forbidden[partner]","Негативный тест: неадмин не может загрузить изображения слайда."
"skipped","Fri Jan 02 00:35:13 UTC 2026","Fri Jan 02 00:35:16 UTC 2026","2624","tests.admin_panel.categories","test_50_upload_category_images","","","","test_upload_category_images_success","Позитивный тест: успешная загрузка изображений категории через multipart/form-data."
"skipped","Fri Jan 02 00:26:54 UTC 2026","Fri Jan 02 00:26:54 UTC 2026","0","tests.account","test_0_marathon","","","","test_get_marathon_is_purchased[partner-200]","Позитивный кейс — проверяет приобретал ли аккаунт марафонский набор (все поля)"
"skipped","Fri Jan 02 01:45:19 UTC 2026","Fri Jan 02 01:45:20 UTC 2026","196","tests.orders","test_group_order_change_country","","","","test_change_country_invalid_data[invalid_payload2-partner]","Негативные тесты: передача некорректных данных"
"skipped","Fri Jan 02 00:23:23 UTC 2026","Fri Jan 02 00:23:23 UTC 2026","0","tests.PROJECT_EDUCATION.payment_system","test_get_payment_methods","","","","test_get_payment_methods__returns_only_enabled__db_backed","
    GET /v1/payment-methods возвращает ТОЛЬКО is_enabled=true
    "
"passed","Fri Jan 02 00:53:25 UTC 2026","Fri Jan 02 00:53:26 UTC 2026","819","tests.admin_panel.sliders","test_52_create_slider","","","","test_create_slider_invalid_payload[payload7-422]","Негативный тест: попытка создать слайдер с невалидным payload."
"passed","Fri Jan 02 01:09:37 UTC 2026","Fri Jan 02 01:09:37 UTC 2026","196","tests.cart","test_10_cart_save_city","","","","test_save_city_invalid_payload[client-payload2]","Негатив: невалидный payload."
"passed","Fri Jan 02 00:43:34 UTC 2026","Fri Jan 02 00:43:35 UTC 2026","195","tests.admin_panel.periods","test_put_admin_dev_period_end_time","","","","test_put_admin_dev_period_end_time__forbidden[partner]",""
"passed","Fri Jan 02 01:18:28 UTC 2026","Fri Jan 02 01:18:29 UTC 2026","1125","tests.cart","test_25_cart_city_guessed_flag","","","","test_city_guessed_authorized_after_explicit_city_choice[client]","
    Авторизованный пользователь явно выбирает город через /cart/save_city
    - выбор города сохраняется
    - далее is_city_guessed уже не может быть True
    "
"skipped","Fri Jan 02 00:27:49 UTC 2026","Fri Jan 02 00:27:49 UTC 2026","0","tests.account","test_account_branded_wallet_get","","","","test_get_without_image_returns_null_url[partner]","
    Позитив: за произвольный (будущий) период нет изображения → image_url == null
    "
"passed","Fri Jan 02 01:28:14 UTC 2026","Fri Jan 02 01:28:19 UTC 2026","5103","tests.catalog","test_update_admin_product","","","","test_update_admin_product_invalid_payload[update_payload7-422]",""
"passed","Fri Jan 02 01:37:51 UTC 2026","Fri Jan 02 01:37:51 UTC 2026","203","tests.delivery","test_get_five_post_offices","","","","test_get_five_post_offices_missing_city_id_should_fail[admin]","Негатив: отсутствует обязательный query-параметр city_id → 400/422."
"passed","Fri Jan 02 01:07:44 UTC 2026","Fri Jan 02 01:07:50 UTC 2026","5669","tests.cart","test_04_cart_full_data","","","","test_cart_full_data_calculate_delivery_false[client]","
    Позитив: calculate_delivery=false → явного пересчёта нет, уже рассчитанные advance_costs остаются в корзине
    "
"skipped","Fri Jan 02 01:22:39 UTC 2026","Fri Jan 02 01:22:39 UTC 2026","0","tests.catalog","test_exclusive_preorder_products_list","","","","test_products_list_in_stock_overwritten_with_permission[client]","
    Позитив:
      1) берём реальный exclusive item из /products/list
      2) ставим permission remaining_quantity=3
      3) снова /products/list
      4) жёстко проверяем: в слоте (stock_id=DEFAULT_STOCK_ID) in_stock == 3 (если поле есть)
         + is_visible==True (если поле есть)
    "
"passed","Fri Jan 02 01:57:27 UTC 2026","Fri Jan 02 01:57:28 UTC 2026","783","tests.tickets","test_04_create_ticket","","","","test_create_ticket_success[admin-attachments0-QuestionsAboutTheRewardSystemMarketingPlan]","Позитивный тест: создание тикета с разными темами и вложениями для клиента, партнера и админа"
"skipped","Fri Jan 02 01:15:53 UTC 2026","Fri Jan 02 01:15:54 UTC 2026","186","tests.cart","test_14_cart_update_personal_data","","","","test_update_personal_data_invalid_payload[client-payload0]","
    Негатив: отсутствующие обязательные поля или невалидные значения
    "
"passed","Fri Jan 02 00:49:35 UTC 2026","Fri Jan 02 00:49:36 UTC 2026","797","tests.admin_panel.promo","test_73_get_promotion_by_id","","","","test_get_promotion_invalid_id[-1]","Негативный тест: получение акции по невалидному ID."
"passed","Fri Jan 02 00:47:08 UTC 2026","Fri Jan 02 00:47:09 UTC 2026","1198","tests.admin_panel.products","test_43_delete_product_brand","","","","test_delete_product_brand_forbidden[client]","Негативный тест: попытка удаления бренда не-админом."
"skipped","Fri Jan 02 01:35:26 UTC 2026","Fri Jan 02 01:35:26 UTC 2026","200","tests.delivery","test_get_cities_v2","","","","test_get_cities_v2_invalid_city_name_should_fail[bad_city_name6-admin]","
    Негатив: невалидные значения city_name → 400/422.
    "
"passed","Fri Jan 02 00:35:25 UTC 2026","Fri Jan 02 00:35:26 UTC 2026","787","tests.admin_panel.categories","test_56_v2_create_category","","","","test_v2_create_category_invalid_payload[payload0-expected_code0]","Негативный тест: создание категории с невалидным телом запроса."
"skipped","Fri Jan 02 00:29:17 UTC 2026","Fri Jan 02 00:29:17 UTC 2026","0","tests.account","test_family_agreement_create_one","","","","test_create_family_agreement_one_positive[client-payload1]","Позитивные тесты на создание семейного соглашения при отсутствующем втором партнере"
"passed","Fri Jan 02 01:54:16 UTC 2026","Fri Jan 02 01:54:18 UTC 2026","1641","tests.tickets","test_04_create_ticket","","","","test_create_ticket_success[client-attachments2-ReceivingProductsShortage]","Позитивный тест: создание тикета с разными темами и вложениями для клиента, партнера и админа"
"skipped","Fri Jan 02 01:50:34 UTC 2026","Fri Jan 02 01:50:34 UTC 2026","0","tests.tickets","test_01_get_tickets","","","","test_get_tickets_success[filter1-sort1-search1-pagination0-admin]","Позитивный тест: получение списка тикетов с разными комбинациями параметров"
"skipped","Fri Jan 02 00:35:17 UTC 2026","Fri Jan 02 00:35:17 UTC 2026","0","tests.admin_panel.categories","test_50_upload_category_images","","","","test_upload_category_images_file_too_large[4.7-fields_to_send4-204]","Негативный тест: загрузка слишком большого изображения."
"passed","Fri Jan 02 01:37:49 UTC 2026","Fri Jan 02 01:37:50 UTC 2026","206","tests.delivery","test_get_five_post_offices","","","","test_get_five_post_offices_success[86990-partner]","Позитив: успешное получение списка ПВЗ FivePost по city_id."
"passed","Fri Jan 02 00:39:30 UTC 2026","Fri Jan 02 00:39:33 UTC 2026","2822","tests.admin_panel.items","test_create_item_translation","","","","test_create_item_translation_success[uz]",""
"passed","Fri Jan 02 01:04:38 UTC 2026","Fri Jan 02 01:04:38 UTC 2026","577","tests.auth","test_06_full_logout","","","","test_full_logout_without_auth","Тест полного выхода без авторизации."
"passed","Fri Jan 02 01:48:18 UTC 2026","Fri Jan 02 01:48:18 UTC 2026","200","tests.statistic","test_team_go","","","","test_get_team_go_statistic_positive[payload0-admin]","Позитивный тест: получение статистики по команде с валидным телом запроса"
"skipped","Fri Jan 02 00:29:17 UTC 2026","Fri Jan 02 00:29:17 UTC 2026","0","tests.account","test_family_agreement_create_three","","","","test_create_family_agreement_three_positive[client-payload0]","Позитивные тесты на создание семейного соглашения при аннулировании второго партнера"
"skipped","Fri Jan 02 00:33:21 UTC 2026","Fri Jan 02 00:33:21 UTC 2026","0","tests.admin_panel","test_accrue_presidential_pool","","","","test_accrue_presidential_pool_invalid_payload[payload3-400]",""
"passed","Fri Jan 02 00:44:13 UTC 2026","Fri Jan 02 00:44:15 UTC 2026","2186","tests.admin_panel.products","test_02_recommended_products_add","","","","test_add_empty_recommendation_list","Попытка добавить пустой список рекомендованных товаров"
"passed","Fri Jan 02 00:27:41 UTC 2026","Fri Jan 02 00:27:42 UTC 2026","1113","tests.account","test_account_branded_wallet_delete","","","","test_delete_twice_first_204_second_404[client]","
    Двойное удаление: первый DELETE успешен, второй — 404
    "
"skipped","Fri Jan 02 01:50:04 UTC 2026","Fri Jan 02 01:50:04 UTC 2026","591","tests.stock","test_get_stocks","","","","test_get_stocks_invalid_country_id[abc-admin]","Проверка получения складов по невалидному country_id"
"passed","Fri Jan 02 01:23:48 UTC 2026","Fri Jan 02 01:23:49 UTC 2026","779","tests.catalog","test_get_items_list","","","","test_get_items_list_success[admin]","
    Позитивный тест: успешное получение списка атомарных товаров
    "
"passed","Fri Jan 02 01:51:35 UTC 2026","Fri Jan 02 01:51:36 UTC 2026","819","tests.tickets","test_02_get_ticket_by_id","","","","test_get_ticket_not_found[99999999]","Негативный тест: тикет с указанным ID не найден."
"passed","Fri Jan 02 01:03:37 UTC 2026","Fri Jan 02 01:03:37 UTC 2026","606","tests.auth","test_01_check_version","","","","test_check_version[Frontend-2.9.9-200]","Тест проверяет API /check_version для разных платформ и версий."
"passed","Fri Jan 02 01:38:00 UTC 2026","Fri Jan 02 01:38:00 UTC 2026","194","tests.delivery","test_get_five_post_warehouses","","","","test_get_five_post_warehouses_forbidden_for_non_admins[client]","Негатив: доступ к списку складов 5Post разрешён только админу."
"passed","Fri Jan 02 01:36:03 UTC 2026","Fri Jan 02 01:36:03 UTC 2026","197","tests.delivery","test_get_delivery_countries","","","","test_get_delivery_countries_success[all-partner]","Позитив: успешное получение списка стран с разными значениями ?from=."
"skipped","Fri Jan 02 01:39:04 UTC 2026","Fri Jan 02 01:39:05 UTC 2026","223","tests.delivery","test_get_rupost_offices","","","","test_get_rupost_offices_invalid_city_id_should_fail[-1-admin]",""
"passed","Fri Jan 02 00:34:30 UTC 2026","Fri Jan 02 00:34:32 UTC 2026","1878","tests.admin_panel.categories","test_47_get_categories_by_id","","","","test_get_categories_by_id_forbidden[client]","Негативный тест: получение категории по ID не-админом."
"passed","Fri Jan 02 01:05:39 UTC 2026","Fri Jan 02 01:05:39 UTC 2026","198","tests.cart","test_01_user_locale","","","","test_update_user_locale_invalid_payload[partner-payload2-400]","Негативный тест: обновление локали с невалидным payload."
"passed","Fri Jan 02 00:45:10 UTC 2026","Fri Jan 02 00:45:10 UTC 2026","197","tests.admin_panel.products","test_40_create_product_brand","","","","test_create_product_brand_forbidden[client]","Негативный тест: создание бренда не-админом запрещено."
"passed","Fri Jan 02 01:32:35 UTC 2026","Fri Jan 02 01:32:35 UTC 2026","196","tests.delivery","test_02_get_delivery_address","","","","test_get_delivery_addresses_invalid_pagination[invalid_pagination0-client]","Негатив: некорректные параметры пагинации"
"passed","Fri Jan 02 01:56:41 UTC 2026","Fri Jan 02 01:56:42 UTC 2026","1586","tests.tickets","test_04_create_ticket","","","","test_create_ticket_success[partner-attachments2-OtherQuestions]","Позитивный тест: создание тикета с разными темами и вложениями для клиента, партнера и админа"
"passed","Fri Jan 02 01:55:33 UTC 2026","Fri Jan 02 01:55:34 UTC 2026","1785","tests.tickets","test_04_create_ticket","","","","test_create_ticket_success[partner-attachments1-QuestionsAboutTheMarriageContract]","Позитивный тест: создание тикета с разными темами и вложениями для клиента, партнера и админа"
"passed","Fri Jan 02 01:09:09 UTC 2026","Fri Jan 02 01:09:09 UTC 2026","524","tests.cart","test_08_cart_delete","","","","test_delete_cart_item_invalid_payload[partner-payload2]","Негатив: невалидный payload при удалении позиции."
"passed","Fri Jan 02 00:33:30 UTC 2026","Fri Jan 02 00:33:31 UTC 2026","805","tests.admin_panel","test_partner_accrual_details_common","","","","test_common_accrual_details_invalid_payload[payload0-expected_codes0]","
    Негатив: валидация тела запроса общей детализации.
    "
"passed","Fri Jan 02 01:19:29 UTC 2026","Fri Jan 02 01:19:30 UTC 2026","782","tests.catalog","test_create_admin_product","","","","test_create_admin_product_forbidden_for_non_admin[partner]",""
"passed","Fri Jan 02 00:35:48 UTC 2026","Fri Jan 02 00:35:49 UTC 2026","579","tests.admin_panel.categories","test_57_v2_update_category","","","","test_v2_update_category_unauthorized","Негативный тест: попытка обновления категории без авторизации."
"passed","Fri Jan 02 01:02:41 UTC 2026","Fri Jan 02 01:02:42 UTC 2026","1446","tests.admin_panel.users","test_get_admin_users_exclusive_preorder_permissions","","","","test_get_exclusive_preorder_permissions_success","
    Позитив
    - создаём/обновляем валидный permission для SEED_ITEM_ID
    - читаем список и проверяем, что наша запись присутствует и корректна
    - cleanup
    "
"skipped","Fri Jan 02 01:24:26 UTC 2026","Fri Jan 02 01:24:27 UTC 2026","583","tests.catalog","test_get_recommended_products","","","","test_get_recommended_products_unauthorized","
    Негативный тест: запрос без авторизации
    "
"skipped","Fri Jan 02 01:49:24 UTC 2026","Fri Jan 02 01:49:24 UTC 2026","0","tests.stock","test_create_stock","","","","test_create_stock_with_empty_string_log_if_not_200[self_pickup_available]",""
"skipped","Fri Jan 02 00:29:42 UTC 2026","Fri Jan 02 00:29:42 UTC 2026","0","tests.account","test_get_languages","","","","test_get_languages_forbidden[admin]","Негативный тест: получение списка языков админом."
"passed","Fri Jan 02 01:47:17 UTC 2026","Fri Jan 02 01:47:18 UTC 2026","794","tests.register","test_02_register_partner","","","","test_register_partner_negative[payload2-400]","Тест: негативные тесты для регистрации партнера вручную"
"passed","Fri Jan 02 00:26:12 UTC 2026","Fri Jan 02 00:26:13 UTC 2026","816","tests.PROJECT_FUND.initiatives","test_get_report_by_id","","","","test_get_report_by_invalid_id[0-https://dev.ewahelps.com/api]","Негативный тест: невалидный или несуществующий path-параметр"
"passed","Fri Jan 02 01:36:41 UTC 2026","Fri Jan 02 01:36:41 UTC 2026","197","tests.delivery","test_get_dpd_offices","","","","test_get_dpd_offices_invalid_city_id_should_fail[abc-admin]",""
"passed","Fri Jan 02 01:25:06 UTC 2026","Fri Jan 02 01:25:06 UTC 2026","187","tests.catalog","test_product_get_by_slug","","","","test_get_product_by_slug_missing_slug[client]","
    Негативный: slug вообще не передаём (/product без /{slug})
    "
"skipped","Fri Jan 02 01:40:43 UTC 2026","Fri Jan 02 01:40:44 UTC 2026","998","tests.fund","test_get_top_donors","","","","test_get_top_donors_success[start-https://dev.ewahelps.com/api]",""
"passed","Fri Jan 02 00:46:33 UTC 2026","Fri Jan 02 00:46:34 UTC 2026","1233","tests.admin_panel.products","test_42_update_product_brand","","","","test_update_product_brand_invalid_payload[payload1-expected_code1]","Негативный тест: обновление бренда с невалидным или неполным телом запроса."
"passed","Fri Jan 02 00:48:37 UTC 2026","Fri Jan 02 00:48:38 UTC 2026","825","tests.admin_panel.promo","test_71_get_promotions","","","","test_get_promotions_list_default","Позитивный кейс — Получение списка всех промоакций"
"failed","Fri Jan 02 00:24:30 UTC 2026","Fri Jan 02 00:24:32 UTC 2026","1964","tests.PROJECT_EDUCATION.test_system","test_03_user_answers","","","","test_user_answers_invalid_payload__400_or_422[payload1]",""
"skipped","Fri Jan 02 01:50:34 UTC 2026","Fri Jan 02 01:50:34 UTC 2026","0","tests.tickets","test_01_get_tickets","","","","test_get_tickets_success[filter0-sort0-search0-pagination1-admin]","Позитивный тест: получение списка тикетов с разными комбинациями параметров"
"skipped","Fri Jan 02 00:27:49 UTC 2026","Fri Jan 02 00:27:49 UTC 2026","0","tests.account","test_account_branded_wallet_get","","","","test_get_invalid_period_returns_422[period2-client]","
    Негатив: невалидные month/year → 422.
    "
"passed","Fri Jan 02 00:49:05 UTC 2026","Fri Jan 02 00:49:06 UTC 2026","820","tests.admin_panel.promo","test_72_create_promotion","","","","test_create_promotion_invalid_data[payload8-400]","Негативные тесты: невалидные данные"
"skipped","Fri Jan 02 01:49:24 UTC 2026","Fri Jan 02 01:49:24 UTC 2026","0","tests.stock","test_create_stock","","","","test_create_stock_with_empty_string_log_if_not_200[user_has_access]",""
"passed","Fri Jan 02 00:26:03 UTC 2026","Fri Jan 02 00:26:04 UTC 2026","795","tests.PROJECT_FUND.initiatives","test_get_initiative_by_id","","","","test_get_initiative_by_invalid_id[1.5-https://dev.ewahelps.com/api]",""
"passed","Fri Jan 02 01:11:43 UTC 2026","Fri Jan 02 01:11:46 UTC 2026","2919","tests.cart","test_11_cart_save_delivery_method","","","","test_save_delivery_method_success_with_cart[partner-Emu]","
    Позитив: сохранение способа доставки для всех значений с корзиной
    "
"skipped","Fri Jan 02 02:00:19 UTC 2026","Fri Jan 02 02:00:19 UTC 2026","0","tests.tickets","test_04_create_ticket","","","","test_create_ticket_invalid_message[client-None]","Негативный тест: создание тикета без сообщения"
"skipped","Fri Jan 02 01:50:34 UTC 2026","Fri Jan 02 01:50:34 UTC 2026","0","tests.tickets","test_01_get_tickets","","","","test_get_tickets_success[filter2-sort0-search2-pagination1-client]","Позитивный тест: получение списка тикетов с разными комбинациями параметров"
"skipped","Fri Jan 02 01:49:24 UTC 2026","Fri Jan 02 01:49:24 UTC 2026","0","tests.stock","test_delete_stock","","","","test_delete_stock_success",""
"passed","Fri Jan 02 01:37:19 UTC 2026","Fri Jan 02 01:37:19 UTC 2026","195","tests.delivery","test_get_emu_pickup_points","","","","test_get_emu_pickup_points_invalid_city_id_should_fail[bad_city_id8-admin]","Негатив: невалидные значения city_id → 400/422."
"passed","Fri Jan 02 00:50:52 UTC 2026","Fri Jan 02 00:50:53 UTC 2026","1223","tests.admin_panel.promo","test_74_update_promotion","","","","test_update_promotion_invalid_payload[payload12-422]","Негативный тест: обновление акции с невалидным или неполным телом запроса."
"passed","Fri Jan 02 01:01:59 UTC 2026","Fri Jan 02 01:02:01 UTC 2026","1720","tests.admin_panel.slides","test_62_slides_update_video_url","","","","test_update_video_url_success","Позитивный тест: успешное обновление ссылки на видео мастер-файл"
"skipped","Fri Jan 02 01:16:28 UTC 2026","Fri Jan 02 01:16:28 UTC 2026","194","tests.cart","test_17_cart_update_user_country","","","","test_update_user_country_invalid_payload[client-payload0]","Негатив: невалидный payload."
"passed","Fri Jan 02 00:53:40 UTC 2026","Fri Jan 02 00:53:42 UTC 2026","1234","tests.admin_panel.sliders","test_53_get_sliders_by_id","","","","test_get_sliders_by_id_success","Позитивный тест: успешное получение слайдера по ID админом"
"passed","Fri Jan 02 00:59:38 UTC 2026","Fri Jan 02 00:59:38 UTC 2026","818","tests.admin_panel.slides","test_60_delete_slides","","","","test_delete_slide_invalid_id[-1]","Негативный тест: удаление несуществующего или некорректного слайда."
"passed","Fri Jan 02 00:43:59 UTC 2026","Fri Jan 02 00:43:59 UTC 2026","605","tests.admin_panel.products","test_01_recommended_products_sort","","","","test_sort_recommendations_unauthorized","Неавторизованный пользователь пытается отсортировать рекомендации"
"passed","Fri Jan 02 00:56:07 UTC 2026","Fri Jan 02 00:56:09 UTC 2026","1645","tests.admin_panel.slides","test_56_get_slides","","","","test_get_slides_after_adding","Интеграционный тест: добавление слайда и проверка его наличия в списке по ID."
"passed","Fri Jan 02 00:46:21 UTC 2026","Fri Jan 02 00:46:22 UTC 2026","817","tests.admin_panel.products","test_42_update_product_brand","","","","test_update_product_brand_invalid_id[-1]","Негативный тест: несуществующий или некорректный ID."
"passed","Fri Jan 02 01:05:32 UTC 2026","Fri Jan 02 01:05:32 UTC 2026","203","tests.cart","test_01_user_locale","","","","test_update_user_locale_invalid_payload[client-payload5-400]","Негативный тест: обновление локали с невалидным payload."
"passed","Fri Jan 02 00:40:20 UTC 2026","Fri Jan 02 00:40:24 UTC 2026","3561","tests.admin_panel.items","test_delete_item_translation","","","","test_delete_item_translation_success","Позитивный тест: удаление одного из двух переводов варианта товара."
"passed","Fri Jan 02 01:33:47 UTC 2026","Fri Jan 02 01:33:47 UTC 2026","196","tests.delivery","test_03_delete_delivery_address","","","","test_delete_delivery_address_invalid_id[None-client]","Негатив: удаление адреса с некорректным ID"
"passed","Fri Jan 02 00:42:59 UTC 2026","Fri Jan 02 00:42:59 UTC 2026","196","tests.admin_panel.periods","test_get_period_by_id","","","","test_get_period_by_id__invalid_id_400_404[admin--1]",""
"skipped","Fri Jan 02 01:50:34 UTC 2026","Fri Jan 02 01:50:34 UTC 2026","0","tests.tickets","test_01_get_tickets","","","","test_get_tickets_success[filter2-sort1-search0-pagination0-partner]","Позитивный тест: получение списка тикетов с разными комбинациями параметров"
"passed","Fri Jan 02 00:42:31 UTC 2026","Fri Jan 02 00:42:33 UTC 2026","2087","tests.admin_panel.items","test_update_item","","","","test_update_item_required_fields_only","Позитивный тест: успешное обновление варианта товара (только обязательные поля)."
"passed","Fri Jan 02 01:10:31 UTC 2026","Fri Jan 02 01:10:31 UTC 2026","591","tests.cart","test_11_cart_save_delivery_method","","","","test_save_delivery_method_success[client-MongPost]","
    Позитив: сохранение способа доставки для всех значений без корзины
    "
"passed","Fri Jan 02 01:04:36 UTC 2026","Fri Jan 02 01:04:37 UTC 2026","822","tests.auth","test_06_full_logout","","","","test_full_logout_success[admin]","Тест полного разлогина всех сессий клиента, партнера и админа."
"skipped","Fri Jan 02 01:38:44 UTC 2026","Fri Jan 02 01:38:44 UTC 2026","471","tests.delivery","test_get_kgpost_offices","","","","test_get_kgpost_offices_success[208110-client]",""
"passed","Fri Jan 02 00:26:57 UTC 2026","Fri Jan 02 00:26:57 UTC 2026","201","tests.account","test_0_profile","","","","test_get_profile_positive[partner]","Позитивные тесты на получение данных пользовательского аккаунта"
"passed","Fri Jan 02 01:58:29 UTC 2026","Fri Jan 02 01:58:30 UTC 2026","1769","tests.tickets","test_04_create_ticket","","","","test_create_ticket_success[admin-attachments1-ChangePersonalData]","Позитивный тест: создание тикета с разными темами и вложениями для клиента, партнера и админа"
"passed","Fri Jan 02 00:53:18 UTC 2026","Fri Jan 02 00:53:19 UTC 2026","835","tests.admin_panel.sliders","test_52_create_slider","","","","test_create_slider_invalid_payload[payload3-expected_code3]","Негативный тест: попытка создать слайдер с невалидным payload."
"passed","Fri Jan 02 01:12:46 UTC 2026","Fri Jan 02 01:12:50 UTC 2026","4046","tests.cart","test_12_cart_estimate_delivery","","","","test_estimate_delivery_success[client-haypost-payload6]","
    Позитив: корзина с товаром, выбор способа доставки и расчёт стоимости для разных служб
    "
"passed","Fri Jan 02 01:00:55 UTC 2026","Fri Jan 02 01:01:00 UTC 2026","4392","tests.admin_panel.slides","test_61_upload_slides_images","","","","test_upload_slide_images_file_too_large[4.7-fields_to_send6-204]","Негативный тест: загрузка слишком большого изображения."
"passed","Fri Jan 02 01:48:20 UTC 2026","Fri Jan 02 01:48:20 UTC 2026","199","tests.statistic","test_team_go","","","","test_get_team_go_statistic_positive[payload1-client]","Позитивный тест: получение статистики по команде с валидным телом запроса"
"skipped","Fri Jan 02 01:50:34 UTC 2026","Fri Jan 02 01:50:34 UTC 2026","0","tests.tickets","test_01_get_tickets","","","","test_get_tickets_success[filter1-sort0-search2-pagination1-admin]","Позитивный тест: получение списка тикетов с разными комбинациями параметров"
"passed","Fri Jan 02 01:43:58 UTC 2026","Fri Jan 02 01:43:59 UTC 2026","607","tests.one_c","test_create_1c_stock","","","","test_post_bad_request_or_unprocessable[<lambda>11]",""
"passed","Fri Jan 02 00:35:55 UTC 2026","Fri Jan 02 00:35:56 UTC 2026","1221","tests.admin_panel.categories","test_57_v2_update_category","","","","test_v2_update_category_forbidden[partner]","Негативный тест: попытка обновления категории не-админом."
"passed","Fri Jan 02 00:25:15 UTC 2026","Fri Jan 02 00:25:15 UTC 2026","808","tests.PROJECT_EDUCATION.test_system","test_05_get_info","","","","test_get_info_invalid_id__400_or_404[None]","Негатив: невалидный id в path"
"passed","Fri Jan 02 00:48:20 UTC 2026","Fri Jan 02 00:48:23 UTC 2026","3040","tests.admin_panel.products","test_44_upload_product_brand_images","","","","test_upload_product_brand_images_various_fields[5.3-fields_to_send3-400]","Негативный тест. Загрузка слишком большого изображения."
"passed","Fri Jan 02 01:47:41 UTC 2026","Fri Jan 02 01:47:41 UTC 2026","199","tests.statistic","test_team_activations","","","","test_get_team_activation_statistic_positive[payload0-client]","Позитивный тест: получение статистики по активации команды с валидным телом запроса"
"passed","Fri Jan 02 00:27:45 UTC 2026","Fri Jan 02 00:27:46 UTC 2026","1063","tests.account","test_account_branded_wallet_delete","","","","test_delete_twice_first_204_second_404[partner]","
    Двойное удаление: первый DELETE успешен, второй — 404
    "
"passed","Fri Jan 02 00:38:12 UTC 2026","Fri Jan 02 00:38:14 UTC 2026","1783","tests.admin_panel.categories","test_81_delete_category_translation","","","","test_delete_category_translation_forbidden[partner]","Негативный тест: удаление перевода не-админом запрещено."
"passed","Fri Jan 02 01:44:29 UTC 2026","Fri Jan 02 01:44:29 UTC 2026","606","tests.one_c","test_get_1с_stock","","","","test_get_stock_bad_request[params2]",""
"passed","Fri Jan 02 01:14:20 UTC 2026","Fri Jan 02 01:14:24 UTC 2026","4081","tests.cart","test_12_cart_estimate_delivery","","","","test_estimate_delivery_success[partner-cargo-payload7]","
    Позитив: корзина с товаром, выбор способа доставки и расчёт стоимости для разных служб
    "
"passed","Fri Jan 02 00:52:56 UTC 2026","Fri Jan 02 00:52:56 UTC 2026","189","tests.admin_panel.sliders","test_51_get_sliders","","","","test_get_sliders_forbidden[client]","Негативный тест: получение списка слайдеров не админом"
"passed","Fri Jan 02 00:49:18 UTC 2026","Fri Jan 02 00:49:18 UTC 2026","197","tests.admin_panel.promo","test_72_create_promotion","","","","test_create_promotion_forbidden[partner]","Негативный тест: создание акции не-админом запрещено."
"skipped","Fri Jan 02 00:29:42 UTC 2026","Fri Jan 02 00:29:42 UTC 2026","0","tests.account","test_history_personal_volumes","","","","test_get_personal_volumes_history_positive[partner-payload0]","Позитивные тесты на получение истории начисления личных объемов"
"passed","Fri Jan 02 00:47:27 UTC 2026","Fri Jan 02 00:47:28 UTC 2026","197","tests.admin_panel.products","test_44_upload_product_brand_images","","","","test_upload_product_brand_images_forbidden[client]","Негативный тест: неадмин не может загрузить изображения."
"skipped","Fri Jan 02 01:49:24 UTC 2026","Fri Jan 02 01:49:24 UTC 2026","0","tests.stock","test_create_stock","","","","test_create_stock_with_empty_string_log_if_not_200[address.address_full]",""
"passed","Fri Jan 02 00:25:40 UTC 2026","Fri Jan 02 00:25:41 UTC 2026","367","tests.PROJECT_EDUCATION.test_system","test_06_get_result","","","","test_get_result_unauthorized__401_or_404",""
"passed","Fri Jan 02 01:53:37 UTC 2026","Fri Jan 02 01:53:39 UTC 2026","1624","tests.tickets","test_04_create_ticket","","","","test_create_ticket_success[client-attachments2-QuestionsAboutInternationalDelivery]","Позитивный тест: создание тикета с разными темами и вложениями для клиента, партнера и админа"
"skipped","Fri Jan 02 00:33:21 UTC 2026","Fri Jan 02 00:33:21 UTC 2026","0","tests.admin_panel","test_accrue_presidential_pool","","","","test_accrue_presidential_pool_unauthorized",""
"passed","Fri Jan 02 00:47:19 UTC 2026","Fri Jan 02 00:47:20 UTC 2026","802","tests.admin_panel.products","test_43_delete_product_brand","","","","test_delete_product_brand_invalid_id[abc]","Негативный тест: удаление несуществующего или некорректного бренда."
"passed","Fri Jan 02 01:48:01 UTC 2026","Fri Jan 02 01:48:02 UTC 2026","201","tests.statistic","test_team_activations","","","","test_get_team_activation_statistic_positive[payload3-admin]","Позитивный тест: получение статистики по активации команды с валидным телом запроса"
"passed","Fri Jan 02 01:12:58 UTC 2026","Fri Jan 02 01:13:02 UTC 2026","4303","tests.cart","test_12_cart_estimate_delivery","","","","test_estimate_delivery_success[client-yandex-payload8]","
    Позитив: корзина с товаром, выбор способа доставки и расчёт стоимости для разных служб
    "
"passed","Fri Jan 02 00:39:25 UTC 2026","Fri Jan 02 00:39:28 UTC 2026","2792","tests.admin_panel.items","test_create_item_translation","","","","test_create_item_translation_success[mn]",""
"passed","Fri Jan 02 00:33:26 UTC 2026","Fri Jan 02 00:33:27 UTC 2026","1063","tests.admin_panel","test_partner_accrual_details_common","","","","test_common_accrual_details_success","
    Позитив: админ запрашивает отчёт по валидному minion_id → txt-файл
    "
"passed","Fri Jan 02 00:35:05 UTC 2026","Fri Jan 02 00:35:06 UTC 2026","818","tests.admin_panel.categories","test_49_delete_category","","","","test_delete_category_invalid_id[-1]","Негативный тест: удаление несуществующей или некорректной категории."
"skipped","Fri Jan 02 00:29:17 UTC 2026","Fri Jan 02 00:29:17 UTC 2026","0","tests.account","test_funds_transfer_send","","","","test_send_funds_transfer_positive[admin-payload0]","Позитивные тесты на перевод/вывод средств по visibleId"
"passed","Fri Jan 02 01:20:34 UTC 2026","Fri Jan 02 01:20:40 UTC 2026","5829","tests.catalog","test_create_admin_product_translation","","","","test_create_admin_product_translation_success[uz]","Создание и обновление перевода продукта на разных языках."
"passed","Fri Jan 02 00:37:42 UTC 2026","Fri Jan 02 00:37:43 UTC 2026","782","tests.admin_panel.categories","test_80_create_category_translation","","","","test_create_category_translation_invalid_payload[payload0-400]","Негативный тест: создание перевода с невалидным payload."
"skipped","Fri Jan 02 01:47:11 UTC 2026","Fri Jan 02 01:47:11 UTC 2026","0","tests.register","test_02_register_partner","","","","test_register_partner_positive[admin-403]","Тест: позитивные тесты для регистрации партнера вручную"
"passed","Fri Jan 02 01:17:16 UTC 2026","Fri Jan 02 01:17:21 UTC 2026","4689","tests.cart","test_22_cart_fill_advanced_cost","","","","test_fill_advanced_cost_without_city_returns_400[client]","
    Негатив: в корзине есть товар, но не задан город — бэк даёт 400 (City is empty).
    "
"passed","Fri Jan 02 00:32:25 UTC 2026","Fri Jan 02 00:32:26 UTC 2026","785","tests.admin_panel","test_04_generate_support_token","","","","test_invalid_user_id_for_token_returns_client_error[0]",""
"skipped","Fri Jan 02 01:50:34 UTC 2026","Fri Jan 02 01:50:34 UTC 2026","0","tests.tickets","test_01_get_tickets","","","","test_get_tickets_success[filter1-sort0-search2-pagination0-partner]","Позитивный тест: получение списка тикетов с разными комбинациями параметров"
"skipped","Fri Jan 02 00:29:42 UTC 2026","Fri Jan 02 00:29:42 UTC 2026","0","tests.account","test_list_csv","","","","test_get_account_list_csv_positive[admin-payload0]","Позитивные тесты на выгрузку структуры партнеров в CSV"
"failed","Fri Jan 02 00:25:24 UTC 2026","Fri Jan 02 00:25:26 UTC 2026","1953","tests.PROJECT_EDUCATION.test_system","test_06_get_result","","","","test_get_result__200","
    Позитив:
    - гасим активные сессии
    - стартуем
    - finish
    - GET /result -> 200
    - после теста гасим активные сессии
    "
"passed","Fri Jan 02 01:35:56 UTC 2026","Fri Jan 02 01:35:56 UTC 2026","191","tests.delivery","test_get_delivery_countries","","","","test_get_delivery_countries_success[available-client]","Позитив: успешное получение списка стран с разными значениями ?from=."
"passed","Fri Jan 02 01:24:32 UTC 2026","Fri Jan 02 01:24:32 UTC 2026","195","tests.catalog","test_get_recommended_products","","","","test_get_recommended_products_wrong_method[delete-admin]","
    Негативный тест: отправка неверного HTTP-метода на ручку GET
    "
"passed","Fri Jan 02 01:46:12 UTC 2026","Fri Jan 02 01:46:17 UTC 2026","5276","tests.promo_time.new_year_lottery","test_new_year_lottery_accrual_and_views","","","","test_check_payment_contains_lottery_coupons_count","
    /orders/check_payment возвращает new_year_lottery_coupons_count,
    равный количеству строк (купонов) по заказу, но только когда акция активна
    "
"passed","Fri Jan 02 01:26:20 UTC 2026","Fri Jan 02 01:26:21 UTC 2026","605","tests.catalog","test_update_admin_product","","","","test_update_admin_product_unauthorized",""
"passed","Fri Jan 02 01:00:11 UTC 2026","Fri Jan 02 01:00:12 UTC 2026","1673","tests.admin_panel.slides","test_61_upload_slides_images","","","","test_upload_slide_images_invalid_format[valid.png-image/png-204]","Негативный и позитивный тест: загрузка изображений в разных форматах."
"passed","Fri Jan 02 01:14:38 UTC 2026","Fri Jan 02 01:14:42 UTC 2026","3803","tests.cart","test_12_cart_estimate_delivery","","","","test_estimate_delivery_success[partner-cdek_courier-payload10]","
    Позитив: корзина с товаром, выбор способа доставки и расчёт стоимости для разных служб
    "
"passed","Fri Jan 02 01:26:58 UTC 2026","Fri Jan 02 01:26:59 UTC 2026","834","tests.catalog","test_update_admin_product","","","","test_update_admin_product_invalid_id[abc]",""
"passed","Fri Jan 02 01:39:54 UTC 2026","Fri Jan 02 01:39:55 UTC 2026","593","tests.delivery","test_self_pickup_offices","","","","test_self_pickup_offices_success_without_auth",""
"skipped","Fri Jan 02 00:29:42 UTC 2026","Fri Jan 02 00:29:42 UTC 2026","0","tests.account","test_history_personal_volumes","","","","test_get_personal_volumes_history_positive[admin-payload1]","Позитивные тесты на получение истории начисления личных объемов"
"passed","Fri Jan 02 01:47:59 UTC 2026","Fri Jan 02 01:48:00 UTC 2026","204","tests.statistic","test_team_activations","","","","test_get_team_activation_statistic_positive[payload3-partner]","Позитивный тест: получение статистики по активации команды с валидным телом запроса"
"passed","Fri Jan 02 01:24:38 UTC 2026","Fri Jan 02 01:24:39 UTC 2026","831","tests.catalog","test_product_get_by_id","","","","test_get_product_by_id_invalid_string[abc]","
    Негативный: ID строкового типа
    "
"passed","Fri Jan 02 00:53:08 UTC 2026","Fri Jan 02 00:53:08 UTC 2026","196","tests.admin_panel.sliders","test_52_create_slider","","","","test_create_slider_forbidden[client]","Негативный тест: создание слайдера не-админом запрещено."
"passed","Fri Jan 02 00:53:44 UTC 2026","Fri Jan 02 00:53:46 UTC 2026","1236","tests.admin_panel.sliders","test_53_get_sliders_by_id","","","","test_get_sliders_by_id_forbidden[client]","Негативный тест: получение слайдера по ID не-админом запрещено"
"passed","Fri Jan 02 01:36:45 UTC 2026","Fri Jan 02 01:36:45 UTC 2026","194","tests.delivery","test_get_dpd_offices","","","","test_get_dpd_offices_invalid_city_id_should_fail[0-admin]",""
"passed","Fri Jan 02 00:26:55 UTC 2026","Fri Jan 02 00:26:55 UTC 2026","199","tests.account","test_0_profile","","","","test_get_profile_positive[client]","Позитивные тесты на получение данных пользовательского аккаунта"
"passed","Fri Jan 02 00:50:20 UTC 2026","Fri Jan 02 00:50:21 UTC 2026","1224","tests.admin_panel.promo","test_74_update_promotion","","","","test_update_promotion_invalid_payload[payload2-400]","Негативный тест: обновление акции с невалидным или неполным телом запроса."
"passed","Fri Jan 02 00:48:48 UTC 2026","Fri Jan 02 00:48:49 UTC 2026","1064","tests.admin_panel.promo","test_72_create_promotion","","","","test_create_promotion_success","Позитивный тест: успешное создание акции (все поля)."
"skipped","Fri Jan 02 01:18:35 UTC 2026","Fri Jan 02 01:18:35 UTC 2026","0","tests.cart","test_exclusive_preorder_cart_update","","","","test_cart_update_checks_quantity_after_permission_400[client]","
    Позитив+негатив
      - permission remaining_quantity=1
      - quantity=1 -> 200
      - quantity=2 -> 400
    "
"skipped","Fri Jan 02 00:26:54 UTC 2026","Fri Jan 02 00:26:54 UTC 2026","0","tests.account","test_0_marathon","","","","test_get_marathon_is_purchased_negative[admin-400]","Негативный кейс — проверяет приобретал ли аккаунт марафонский набор (все поля)"
"passed","Fri Jan 02 00:55:59 UTC 2026","Fri Jan 02 00:56:00 UTC 2026","1198","tests.admin_panel.slides","test_56_get_slides","","","","test_get_slides_success","Позитивный тест: успешное получение списка слайдов админом"
"passed","Fri Jan 02 01:25:36 UTC 2026","Fri Jan 02 01:25:37 UTC 2026","232","tests.catalog","test_recommended_products_selfpickup","","","","test_get_recommended_products_selfpickup_success[client]","
    Позитивный тест: успешное получение доп. продуктов к самовывозу
    "
"passed","Fri Jan 02 01:32:33 UTC 2026","Fri Jan 02 01:32:33 UTC 2026","198","tests.delivery","test_02_get_delivery_address","","","","test_get_empty_delivery_addresses[admin]","Получение пустого списка"
"passed","Fri Jan 02 00:31:47 UTC 2026","Fri Jan 02 00:31:48 UTC 2026","830","tests.admin_panel","test_04_generate_support_token","","","","test_admin_can_generate_support_token_with_ttl",""
"skipped","Fri Jan 02 00:43:28 UTC 2026","Fri Jan 02 00:43:28 UTC 2026","0","tests.admin_panel.periods","test_post_periods_by_date_interval","","","","test_post_periods_by_date_interval__200_strict[partner]",""
"passed","Fri Jan 02 01:22:51 UTC 2026","Fri Jan 02 01:22:57 UTC 2026","5820","tests.catalog","test_get_admin_product_translation","","","","test_get_admin_product_two_translations_success","Проверка получения двух переводов продукта (ru, en)."
"passed","Fri Jan 02 00:41:13 UTC 2026","Fri Jan 02 00:41:14 UTC 2026","829","tests.admin_panel.items","test_get_item_translation","","","","test_get_item_translation_invalid_id[0]",""
"passed","Fri Jan 02 00:51:38 UTC 2026","Fri Jan 02 00:51:40 UTC 2026","1645","tests.admin_panel.promo","test_77_create_promotion_item","","","","test_create_promotion_item_success","Позитивный тест: создание/обновление элемента акции"
"skipped","Fri Jan 02 01:18:35 UTC 2026","Fri Jan 02 01:18:35 UTC 2026","0","tests.cart","test_exclusive_preorder_cart_update_multi","","","","test_cart_update_multi_checks_quantity_after_permission_400[partner]",""
"passed","Fri Jan 02 00:56:16 UTC 2026","Fri Jan 02 00:56:16 UTC 2026","196","tests.admin_panel.slides","test_57_create_slide","","","","test_create_slide_forbidden[partner]","Негативный тест: создание слайда не-админом запрещено."
"passed","Fri Jan 02 01:24:49 UTC 2026","Fri Jan 02 01:24:50 UTC 2026","838","tests.catalog","test_product_get_by_id","","","","test_get_product_by_id_invalid_integer[0]","
    Негативный: ID некорректный по значению
    "
"skipped","Fri Jan 02 02:02:00 UTC 2026","Fri Jan 02 02:02:04 UTC 2026","3502","tests.tickets","test_10_send_message_to_ticket","","","","test_send_message_role_permissions[authorize_client-authorize_partner-403]","Проверка доступа к отправке сообщений в тикеты в зависимости от роли"
"passed","Fri Jan 02 01:10:06 UTC 2026","Fri Jan 02 01:10:07 UTC 2026","601","tests.cart","test_11_cart_save_delivery_method","","","","test_save_delivery_method_success[client-Cargo]","
    Позитив: сохранение способа доставки для всех значений без корзины
    "
"passed","Fri Jan 02 00:52:08 UTC 2026","Fri Jan 02 00:52:09 UTC 2026","1251","tests.admin_panel.promo","test_77_create_promotion_item","","","","test_create_promotion_item_invalid_payload[payload5-422]",""
"skipped","Fri Jan 02 01:05:22 UTC 2026","Fri Jan 02 01:05:22 UTC 2026","0","tests.cart","test_01_user_locale","","","","test_update_user_locale_valid_payload[payload6]","
    Позитивный тест: Обновление языка/склада/локали НЕавторизованным пользователем с указанной корзиной в cookie.
    "
"skipped","Fri Jan 02 00:27:49 UTC 2026","Fri Jan 02 00:27:49 UTC 2026","0","tests.account","test_account_branded_wallet_get","","","","test_get_with_image_returns_all_fields[partner]","
    Позитив: загрузили картинку (в текущий период) → GET (по текущему периоду) возвращает корректную схему ответа
    "
"passed","Fri Jan 02 01:53:50 UTC 2026","Fri Jan 02 01:53:51 UTC 2026","1612","tests.tickets","test_04_create_ticket","","","","test_create_ticket_success[client-attachments2-QuestionsAboutTheMarriageContract]","Позитивный тест: создание тикета с разными темами и вложениями для клиента, партнера и админа"
"skipped","Fri Jan 02 01:39:06 UTC 2026","Fri Jan 02 01:39:06 UTC 2026","221","tests.delivery","test_get_rupost_offices","","","","test_get_rupost_offices_invalid_city_id_should_fail[0-admin]",""
"skipped","Fri Jan 02 01:49:24 UTC 2026","Fri Jan 02 01:49:24 UTC 2026","0","tests.stock","test_create_stock","","","","test_create_stock_with_empty_string_log_if_not_200[timezone]",""
"passed","Fri Jan 02 01:55:28 UTC 2026","Fri Jan 02 01:55:30 UTC 2026","1826","tests.tickets","test_04_create_ticket","","","","test_create_ticket_success[partner-attachments1-QuestionsAboutTheWorkOfTheStructureAndMentors]","Позитивный тест: создание тикета с разными темами и вложениями для клиента, партнера и админа"
"passed","Fri Jan 02 00:28:40 UTC 2026","Fri Jan 02 00:28:40 UTC 2026","863","tests.account","test_add_cover_url","","","","test_add_cover_full_payload[client]",""
"passed","Fri Jan 02 00:56:55 UTC 2026","Fri Jan 02 00:56:56 UTC 2026","824","tests.admin_panel.slides","test_57_create_slide","","","","test_create_slide_invalid_payload[payload20-422]","Негативные тесты: некорректные и неполные payload'ы."
"passed","Fri Jan 02 01:09:44 UTC 2026","Fri Jan 02 01:09:44 UTC 2026","198","tests.cart","test_10_cart_save_city","","","","test_save_city_invalid_payload[partner-payload1]","Негатив: невалидный payload."
"passed","Fri Jan 02 00:42:54 UTC 2026","Fri Jan 02 00:42:54 UTC 2026","193","tests.admin_panel.periods","test_get_period_by_id","","","","test_get_period_by_id__invalid_id_400_404[admin-1.5]",""
"passed","Fri Jan 02 00:42:44 UTC 2026","Fri Jan 02 00:42:44 UTC 2026","388","tests.admin_panel.periods","test_get_period_by_id","","","","test_get_period_by_id__200_strict[client]",""
"passed","Fri Jan 02 00:53:59 UTC 2026","Fri Jan 02 00:54:00 UTC 2026","842","tests.admin_panel.sliders","test_53_get_sliders_by_id","","","","test_get_sliders_invalid_id[1.5]","Негативный тест: получение слайдера по невалидному ID"
"passed","Fri Jan 02 01:52:30 UTC 2026","Fri Jan 02 01:52:32 UTC 2026","1788","tests.tickets","test_04_create_ticket","","","","test_create_ticket_success[client-attachments1-QuestionsAboutTheHousingAndCarProgram]","Позитивный тест: создание тикета с разными темами и вложениями для клиента, партнера и админа"
"passed","Fri Jan 02 00:53:14 UTC 2026","Fri Jan 02 00:53:15 UTC 2026","813","tests.admin_panel.sliders","test_52_create_slider","","","","test_create_slider_invalid_payload[payload1-expected_code1]","Негативный тест: попытка создать слайдер с невалидным payload."
"passed","Fri Jan 02 01:18:13 UTC 2026","Fri Jan 02 01:18:14 UTC 2026","499","tests.cart","test_23_cart_calculate_delivery_flag","","","","test_delete_invalid_item_id[client]",""
"passed","Fri Jan 02 00:40:36 UTC 2026","Fri Jan 02 00:40:39 UTC 2026","3072","tests.admin_panel.items","test_delete_item_translation","","","","test_delete_item_translation_forbidden[partner]","Негативный тест: удаление перевода не-админом запрещено."
"passed","Fri Jan 02 00:41:22 UTC 2026","Fri Jan 02 00:41:25 UTC 2026","3232","tests.admin_panel.items","test_update_item","","","","test_update_item_article_should_fail_if_not_unique","Негативный тест: попытка обновить article на уже существующий."
"skipped","Fri Jan 02 00:43:37 UTC 2026","Fri Jan 02 00:43:37 UTC 2026","0","tests.admin_panel.products","test_01_delete_product_group","","","","test_delete_product_group_invalid_id[-1]","Негативный тест: удаление несуществующей или некорректной продукт группы."
"passed","Fri Jan 02 01:18:17 UTC 2026","Fri Jan 02 01:18:18 UTC 2026","786","tests.cart","test_23_cart_calculate_delivery_flag","","","","test_update_multi_invalid_items_payload[client]",""
"skipped","Fri Jan 02 00:29:17 UTC 2026","Fri Jan 02 00:29:17 UTC 2026","0","tests.account","test_funds_transfer_list","","","","test_get_funds_transfer_list_positive[partner-payload0]","Позитивные тесты на получение истории переводов/выводов средств"
"passed","Fri Jan 02 00:49:12 UTC 2026","Fri Jan 02 00:49:13 UTC 2026","820","tests.admin_panel.promo","test_72_create_promotion","","","","test_create_promotion_invalid_data[payload12-422]","Негативные тесты: невалидные данные"
"passed","Fri Jan 02 00:58:04 UTC 2026","Fri Jan 02 00:58:06 UTC 2026","1226","tests.admin_panel.slides","test_59_update_slide","","","","test_update_slide_forbidden[partner]","Негативный тест: попытка обновления слайда не-админом."
"skipped","Fri Jan 02 00:30:24 UTC 2026","Fri Jan 02 00:30:24 UTC 2026","0","tests.account","test_update_default_stock","","","","test_update_default_stock_positive[partner-payload0]","Позитивные тесты на изменение дефолтного склада"
"passed","Fri Jan 02 01:10:02 UTC 2026","Fri Jan 02 01:10:02 UTC 2026","612","tests.cart","test_11_cart_save_delivery_method","","","","test_save_delivery_method_success[client-KgPost]","
    Позитив: сохранение способа доставки для всех значений без корзины
    "
"passed","Fri Jan 02 01:28:03 UTC 2026","Fri Jan 02 01:28:09 UTC 2026","5289","tests.catalog","test_update_admin_product","","","","test_update_admin_product_invalid_payload[update_payload6-422]",""
"passed","Fri Jan 02 00:58:31 UTC 2026","Fri Jan 02 00:58:33 UTC 2026","1305","tests.admin_panel.slides","test_59_update_slide","","","","test_update_slide_invalid_payload[payload5-expected_code5]","Негативный тест: обновление слайда с невалидным или неполным телом запроса."
"passed","Fri Jan 02 01:54:52 UTC 2026","Fri Jan 02 01:54:53 UTC 2026","794","tests.tickets","test_04_create_ticket","","","","test_create_ticket_success[partner-attachments0-ChangePersonalData]","Позитивный тест: создание тикета с разными темами и вложениями для клиента, партнера и админа"
"passed","Fri Jan 02 01:03:40 UTC 2026","Fri Jan 02 01:03:40 UTC 2026","576","tests.auth","test_01_check_version","","","","test_check_version[Android--400]","Тест проверяет API /check_version для разных платформ и версий."
"passed","Fri Jan 02 00:54:52 UTC 2026","Fri Jan 02 00:54:53 UTC 2026","1242","tests.admin_panel.sliders","test_54_update_slider","","","","test_update_slider_invalid_payload[payload7-422]","Негативный тест: обновление слайдера с невалидным или неполным телом запроса."
"failed","Fri Jan 02 00:26:37 UTC 2026","Fri Jan 02 00:26:37 UTC 2026","0","tests.account","test_0_family_agreement_get","","","","test_get_family_agreement_positive[payload0-partner]","Позитивные тесты на получение данных о семейном соглашении"
"passed","Fri Jan 02 01:48:21 UTC 2026","Fri Jan 02 01:48:22 UTC 2026","191","tests.statistic","test_team_go","","","","test_get_team_go_statistic_positive[payload1-partner]","Позитивный тест: получение статистики по команде с валидным телом запроса"
"skipped","Fri Jan 02 00:35:17 UTC 2026","Fri Jan 02 00:35:17 UTC 2026","0","tests.admin_panel.categories","test_50_upload_category_images","","","","test_upload_category_images_invalid_format[invalid.txt-text/plain-400]","Негативный тест: загрузка изображений в неверном формате (например, .txt)."
"passed","Fri Jan 02 00:52:19 UTC 2026","Fri Jan 02 00:52:20 UTC 2026","821","tests.admin_panel.promo","test_77_create_promotion_item","","","","test_create_promotion_item_invalid_ids[999999-1-404]",""
"passed","Fri Jan 02 00:35:23 UTC 2026","Fri Jan 02 00:35:24 UTC 2026","599","tests.admin_panel.categories","test_56_v2_create_category","","","","test_v2_create_category_unauthorized","Негативный тест: создание категории без авторизации."
"skipped","Fri Jan 02 01:45:16 UTC 2026","Fri Jan 02 01:45:16 UTC 2026","192","tests.orders","test_group_order_change_country","","","","test_change_country_invalid_data[invalid_payload1-admin]","Негативные тесты: передача некорректных данных"
"skipped","Fri Jan 02 00:29:42 UTC 2026","Fri Jan 02 00:29:42 UTC 2026","0","tests.account","test_list_csv","","","","test_get_account_list_csv_positive[client-payload0]","Позитивные тесты на выгрузку структуры партнеров в CSV"
"passed","Fri Jan 02 01:37:22 UTC 2026","Fri Jan 02 01:37:23 UTC 2026","190","tests.delivery","test_get_europost_offices","","","","test_get_europost_offices_success[1573-client]",""
"passed","Fri Jan 02 00:54:36 UTC 2026","Fri Jan 02 00:54:37 UTC 2026","1241","tests.admin_panel.sliders","test_54_update_slider","","","","test_update_slider_invalid_payload[payload2-expected_code2]","Негативный тест: обновление слайдера с невалидным или неполным телом запроса."
"passed","Fri Jan 02 00:29:15 UTC 2026","Fri Jan 02 00:29:16 UTC 2026","606","tests.account","test_delete_cover_url","","","","test_add_cover_unauthorized",""
"passed","Fri Jan 02 00:43:23 UTC 2026","Fri Jan 02 00:43:24 UTC 2026","609","tests.admin_panel.periods","test_post_admin_approve_marketing_result_with_period","","","","test_post_admin_approve_marketing_result_with_period__unauthorized",""
"passed","Fri Jan 02 00:50:33 UTC 2026","Fri Jan 02 00:50:34 UTC 2026","1261","tests.admin_panel.promo","test_74_update_promotion","","","","test_update_promotion_invalid_payload[payload6-400]","Негативный тест: обновление акции с невалидным или неполным телом запроса."
"passed","Fri Jan 02 00:40:44 UTC 2026","Fri Jan 02 00:40:45 UTC 2026","820","tests.admin_panel.items","test_delete_item_translation","","","","test_delete_item_translation_invalid_id[999999999]","Негативный тест: удаление перевода с невалидным или несуществующим ID item."
"passed","Fri Jan 02 00:54:12 UTC 2026","Fri Jan 02 00:54:12 UTC 2026","609","tests.admin_panel.sliders","test_54_update_slider","","","","test_update_slider_unauthorized","Негативный тест: попытка обновления слайдера без авторизации."
"skipped","Fri Jan 02 00:26:54 UTC 2026","Fri Jan 02 00:26:54 UTC 2026","0","tests.account","test_0_marathon","","","","test_create_product_brand_invalid_payload[params0-400-admin]",""
"skipped","Fri Jan 02 01:50:34 UTC 2026","Fri Jan 02 01:50:34 UTC 2026","0","tests.tickets","test_01_get_tickets","","","","test_get_tickets_success[filter1-sort1-search2-pagination0-client]","Позитивный тест: получение списка тикетов с разными комбинациями параметров"
"passed","Fri Jan 02 00:26:53 UTC 2026","Fri Jan 02 00:26:53 UTC 2026","193","tests.account","test_0_grades_rating","","","","test_get_grades_rating_positive[admin]","Позитивные тесты на получение рейтинга квалификаций"
"passed","Fri Jan 02 01:56:08 UTC 2026","Fri Jan 02 01:56:10 UTC 2026","1610","tests.tickets","test_04_create_ticket","","","","test_create_ticket_success[partner-attachments2-QuestionsAboutTheHousingAndCarProgram]","Позитивный тест: создание тикета с разными темами и вложениями для клиента, партнера и админа"
"passed","Fri Jan 02 01:07:06 UTC 2026","Fri Jan 02 01:07:08 UTC 2026","2524","tests.cart","test_04_cart_full_data","","","","test_get_cart_full_data_basic_success[client]","
    Позитив: базовый сценарий получения корзины через /cart/full_data
    "
"skipped","Fri Jan 02 00:29:17 UTC 2026","Fri Jan 02 00:29:17 UTC 2026","0","tests.account","test_funds_transfer_list","","","","test_get_funds_transfer_list_positive[admin-payload1]","Позитивные тесты на получение истории переводов/выводов средств"
"passed","Fri Jan 02 00:57:18 UTC 2026","Fri Jan 02 00:57:18 UTC 2026","818","tests.admin_panel.slides","test_57_create_slide","","","","test_create_slide_title_color_validation[#12345G-400]","Валидация поля title_color при создании слайда."
"passed","Fri Jan 02 01:31:00 UTC 2026","Fri Jan 02 01:31:02 UTC 2026","2192","tests.delivery","test_01_save_delivery_address","","","","test_save_delivery_address_negative[client-payload7-500]","Негативные тесты на сохранение адреса доставки"
"passed","Fri Jan 02 00:50:13 UTC 2026","Fri Jan 02 00:50:14 UTC 2026","1218","tests.admin_panel.promo","test_74_update_promotion","","","","test_update_promotion_invalid_payload[payload0-400]","Негативный тест: обновление акции с невалидным или неполным телом запроса."
"passed","Fri Jan 02 00:48:45 UTC 2026","Fri Jan 02 00:48:46 UTC 2026","1235","tests.admin_panel.promo","test_71_get_promotions","","","","test_get_promotions_after_adding","Интеграционный тест: добавление акции и проверка ее наличия в списке по ID."
"skipped","Fri Jan 02 00:26:54 UTC 2026","Fri Jan 02 00:26:54 UTC 2026","0","tests.account","test_0_marathon","","","","test_get_marathon_is_purchased_negative[client-400]","Негативный кейс — проверяет приобретал ли аккаунт марафонский набор (все поля)"
"passed","Fri Jan 02 01:34:27 UTC 2026","Fri Jan 02 01:34:27 UTC 2026","194","tests.delivery","test_get_cargo_offices","","","","test_get_cargo_offices_missing_city_id_should_fail[admin]",""
"skipped","Fri Jan 02 00:23:23 UTC 2026","Fri Jan 02 00:23:23 UTC 2026","0","tests.PROJECT_EDUCATION.orders","test_get_order_by_id","","","","test_get_order_by_id_invalid_id__returns_error[-1]",""
"skipped","Fri Jan 02 01:37:42 UTC 2026","Fri Jan 02 01:37:42 UTC 2026","198","tests.delivery","test_get_fargo_offices","","","","test_get_fargo_offices_invalid_city_id_should_fail[-1-admin]","Негатив: невалидные значения city_id → 400/422."
"passed","Fri Jan 02 01:17:14 UTC 2026","Fri Jan 02 01:17:15 UTC 2026","572","tests.cart","test_22_cart_fill_advanced_cost","","","","test_fill_advanced_cost_unauthorized","
    Негатив: расчёт предварительных доставок без авторизации/корзины.
    "
"skipped","Fri Jan 02 02:02:14 UTC 2026","Fri Jan 02 02:02:14 UTC 2026","0","tests.tickets","test_11_update_message","","","","test_update_message_role_permissions[authorize_client-200]","Проверка прав на редактирование сообщения в тикете"
"passed","Fri Jan 02 01:24:47 UTC 2026","Fri Jan 02 01:24:48 UTC 2026","792","tests.catalog","test_product_get_by_id","","","","test_get_product_by_id_invalid_integer[-1]","
    Негативный: ID некорректный по значению
    "
"skipped","Fri Jan 02 01:50:34 UTC 2026","Fri Jan 02 01:50:34 UTC 2026","0","tests.tickets","test_01_get_tickets","","","","test_get_tickets_success[filter0-sort1-search1-pagination1-client]","Позитивный тест: получение списка тикетов с разными комбинациями параметров"
"passed","Fri Jan 02 00:29:50 UTC 2026","Fri Jan 02 00:29:50 UTC 2026","478","tests.account","test_post_downgrade_user","","","","test_downgrade_user_changes_grade_to_client[admin]","
    Позитив: создаём наставника → активируем LO → /admin/downgrade_user → grade = GradeClient.
    "
"skipped","Fri Jan 02 01:22:39 UTC 2026","Fri Jan 02 01:22:39 UTC 2026","0","tests.catalog","test_exclusive_preorder_products_by_id","","","","test_products_by_id_exclusive_hidden_without_permission[client]","
    Негатив:
      - берём exclusive seed
      - гарантируем permission отсутствует
      - /products/{id} должен либо:
          не содержать слот для stock_id
          или slot.is_visible==False
          или slot.in_stock==0
    "
"skipped","Fri Jan 02 00:43:26 UTC 2026","Fri Jan 02 00:43:26 UTC 2026","196","tests.admin_panel.periods","test_post_periods_by_date","","","","test_post_periods_by_date__bad_body_400_422[admin-bad_body0]",""
"passed","Fri Jan 02 01:05:59 UTC 2026","Fri Jan 02 01:05:59 UTC 2026","934","tests.cart","test_02_get_delivery_cost","","","","test_get_delivery_cost_success_partial_payload[client-payload1-200]","
    Позитив/граничные: сочетания полей региона/города
    "
"passed","Fri Jan 02 00:31:31 UTC 2026","Fri Jan 02 00:31:32 UTC 2026","815","tests.admin_panel","test_03_support_delete_user","","","","test_invalid_id_returns_client_error[0]","
    Кривой/отсутствующий id в path:
    ожидаем клиентскую ошибку (400/404/405), а не 5xx.
    "
"skipped","Fri Jan 02 01:50:34 UTC 2026","Fri Jan 02 01:50:34 UTC 2026","0","tests.tickets","test_01_get_tickets","","","","test_get_tickets_success[filter2-sort1-search1-pagination1-client]","Позитивный тест: получение списка тикетов с разными комбинациями параметров"
"skipped","Fri Jan 02 00:29:42 UTC 2026","Fri Jan 02 00:29:42 UTC 2026","0","tests.account","test_get_default_stock","","","","test_get_default_stock_positive[partner]","Позитивные тесты на получение дефолтного склада"
"passed","Fri Jan 02 02:00:30 UTC 2026","Fri Jan 02 02:00:31 UTC 2026","1196","tests.tickets","test_06_close_ticket","","","","test_close_ticket_success[client]","Позитивный тест: закрытие тикета для клиента, партнера и админа."
"passed","Fri Jan 02 00:27:38 UTC 2026","Fri Jan 02 00:27:38 UTC 2026","195","tests.account","test_account_branded_wallet_delete","","","","test_delete_when_nothing_uploaded_returns_404[partner]","
    Удаление при отсутствии изображения → 404
    "
"passed","Fri Jan 02 00:39:59 UTC 2026","Fri Jan 02 00:39:59 UTC 2026","605","tests.admin_panel.items","test_create_item_translation","","","","test_create_item_translation_unauthorized","Негативный тест: создание перевода без авторизации."
"skipped","Fri Jan 02 01:50:34 UTC 2026","Fri Jan 02 01:50:34 UTC 2026","0","tests.tickets","test_01_get_tickets","","","","test_get_tickets_success[filter1-sort1-search2-pagination1-client]","Позитивный тест: получение списка тикетов с разными комбинациями параметров"
"passed","Fri Jan 02 01:13:56 UTC 2026","Fri Jan 02 01:14:01 UTC 2026","4886","tests.cart","test_12_cart_estimate_delivery","","","","test_estimate_delivery_success[partner-kgpost-payload3]","
    Позитив: корзина с товаром, выбор способа доставки и расчёт стоимости для разных служб
    "
"passed","Fri Jan 02 01:56:04 UTC 2026","Fri Jan 02 01:56:06 UTC 2026","1628","tests.tickets","test_04_create_ticket","","","","test_create_ticket_success[partner-attachments2-QuestionsAboutPaymentsToIP]","Позитивный тест: создание тикета с разными темами и вложениями для клиента, партнера и админа"
"skipped","Fri Jan 02 01:36:28 UTC 2026","Fri Jan 02 01:36:28 UTC 2026","195","tests.delivery","test_get_delivery_regions","","","","test_get_delivery_regions_invalid_params[invalid_params1-admin]","Негатив: невалидные значения query-параметров → 400/422."
"skipped","Fri Jan 02 01:50:34 UTC 2026","Fri Jan 02 01:50:34 UTC 2026","0","tests.tickets","test_01_get_tickets","","","","test_get_tickets_success[filter2-sort1-search1-pagination0-partner]","Позитивный тест: получение списка тикетов с разными комбинациями параметров"
"skipped","Fri Jan 02 01:24:24 UTC 2026","Fri Jan 02 01:24:25 UTC 2026","825","tests.catalog","test_get_recommended_products","","","","test_get_recommended_products_not_found[99999999]","
    Негативный тест: товар с указанным ID не найден
    "
"skipped","Fri Jan 02 01:50:34 UTC 2026","Fri Jan 02 01:50:34 UTC 2026","0","tests.tickets","test_01_get_tickets","","","","test_get_tickets_success[filter1-sort1-search2-pagination0-admin]","Позитивный тест: получение списка тикетов с разными комбинациями параметров"
"skipped","Fri Jan 02 02:00:12 UTC 2026","Fri Jan 02 02:00:12 UTC 2026","0","tests.tickets","test_04_create_ticket","","","","test_create_ticket_invalid_title[client-None]","Негативный тест: создание тикета без заголовка"
"passed","Fri Jan 02 01:17:09 UTC 2026","Fri Jan 02 01:17:13 UTC 2026","4413","tests.cart","test_22_cart_fill_advanced_cost","","","","test_fill_advanced_cost_success[partner]","
    Позитив: расчёт предварительных доставок для непустой корзины
    с заполненным регионом/городом.
    "
"passed","Fri Jan 02 01:58:02 UTC 2026","Fri Jan 02 01:58:04 UTC 2026","1766","tests.tickets","test_04_create_ticket","","","","test_create_ticket_success[admin-attachments1-QuestionsAboutInternationalDelivery]","Позитивный тест: создание тикета с разными темами и вложениями для клиента, партнера и админа"
"passed","Fri Jan 02 00:56:20 UTC 2026","Fri Jan 02 00:56:21 UTC 2026","801","tests.admin_panel.slides","test_57_create_slide","","","","test_create_slide_invalid_payload[payload1-expected_code1]","Негативные тесты: некорректные и неполные payload'ы."
"passed","Fri Jan 02 00:58:38 UTC 2026","Fri Jan 02 00:58:39 UTC 2026","1248","tests.admin_panel.slides","test_59_update_slide","","","","test_update_slide_invalid_payload[payload7-expected_code7]","Негативный тест: обновление слайда с невалидным или неполным телом запроса."
"passed","Fri Jan 02 00:52:45 UTC 2026","Fri Jan 02 00:52:45 UTC 2026","825","tests.admin_panel.promo","test_78_delete_promotion_item","","","","test_delete_promotion_item_invalid_id[abc-abc]","Негативный тест: удаление элемента акции с невалидным ID продукта."
"passed","Fri Jan 02 00:28:21 UTC 2026","Fri Jan 02 00:28:21 UTC 2026","197","tests.account","test_account_branded_wallet_upload","","","","test_upload_invalid_base64_returns_400[partner]","Негатив: невалидная base64 → 400"
"skipped","Fri Jan 02 01:45:14 UTC 2026","Fri Jan 02 01:45:14 UTC 2026","194","tests.orders","test_group_order_change_country","","","","test_change_country_invalid_data[invalid_payload1-partner]","Негативные тесты: передача некорректных данных"
"passed","Fri Jan 02 00:30:26 UTC 2026","Fri Jan 02 00:30:27 UTC 2026","1198","tests.admin_panel","test_01_support_create_user","","","","test_admin_can_create_support_from_user","
    POST /admin/support-users — успешное создание саппорта из обычного пользователя
    "
"passed","Fri Jan 02 00:25:22 UTC 2026","Fri Jan 02 00:25:22 UTC 2026","386","tests.PROJECT_EDUCATION.test_system","test_05_get_info","","","","test_get_info_unauthorized__401_or_404","Негатив: без авторизации -> 401/404"
"skipped","Fri Jan 02 01:37:20 UTC 2026","Fri Jan 02 01:37:21 UTC 2026","575","tests.delivery","test_get_emu_pickup_points","","","","test_get_emu_pickup_points_unauthorized","Негатив: запрос без авторизации."
"passed","Fri Jan 02 00:26:18 UTC 2026","Fri Jan 02 00:26:18 UTC 2026","815","tests.PROJECT_FUND.initiatives","test_get_report_by_id","","","","test_get_report_by_invalid_id[None-https://dev.ewahelps.com/api]","Негативный тест: невалидный или несуществующий path-параметр"
"passed","Fri Jan 02 01:39:13 UTC 2026","Fri Jan 02 01:39:14 UTC 2026","223","tests.delivery","test_get_self_pickup_offices","","","","test_get_self_pickup_offices_success[186343-admin]","Позитив: успешное получение списка ПВЗ ЭВЫ по city_id."
"skipped","Fri Jan 02 00:29:42 UTC 2026","Fri Jan 02 00:29:42 UTC 2026","0","tests.account","test_history_personal_volumes_admin","","","","test_get_personal_volumes_history_admin_positive[admin-payload1]","Позитивные тесты на получение истории начисления личных объемов для админа"
"skipped","Fri Jan 02 01:40:41 UTC 2026","Fri Jan 02 01:40:42 UTC 2026","1032","tests.fund","test_get_top_donors","","","","test_get_top_donors_success[all-https://dev.ewahelps.com/api]",""
"passed","Fri Jan 02 01:33:13 UTC 2026","Fri Jan 02 01:33:19 UTC 2026","5204","tests.delivery","test_03_delete_delivery_address","","","","test_delete_delivery_address_permissions[authorize_partner-authorize_partner-False]","Права доступа при удалении адресов"
"passed","Fri Jan 02 00:37:08 UTC 2026","Fri Jan 02 00:37:10 UTC 2026","1949","tests.admin_panel.categories","test_80_create_category_translation","","","","test_create_category_translation_success[de]","Позитивный тест: создание/обновление перевода категории для разных языков."
"passed","Fri Jan 02 01:33:51 UTC 2026","Fri Jan 02 01:33:51 UTC 2026","197","tests.delivery","test_03_delete_delivery_address","","","","test_delete_delivery_address_invalid_id[None-admin]","Негатив: удаление адреса с некорректным ID"
"passed","Fri Jan 02 01:02:06 UTC 2026","Fri Jan 02 01:02:07 UTC 2026","789","tests.admin_panel.slides","test_62_slides_update_video_url","","","","test_update_video_url_invalid[https://bucket.yandex.ru/other_video.m3u8]","Негативный тест: передача некорректной ссылки без предварительной загрузки"
"passed","Fri Jan 02 00:52:48 UTC 2026","Fri Jan 02 00:52:49 UTC 2026","788","tests.admin_panel.promo","test_78_delete_promotion_item","","","","test_delete_promotion_item_invalid_id[0-0]","Негативный тест: удаление элемента акции с невалидным ID продукта."
"passed","Fri Jan 02 01:29:31 UTC 2026","Fri Jan 02 01:29:32 UTC 2026","608","tests.chat_support","test_04_support_chat_tags_get","","","","test_get_support_chat_tags_unauthorized","
    Негатив: запрос без токена
    "
"passed","Fri Jan 02 00:36:55 UTC 2026","Fri Jan 02 00:36:56 UTC 2026","802","tests.admin_panel.categories","test_79_get_category_translation","","","","test_get_category_translation_not_found",""
"passed","Fri Jan 02 00:52:27 UTC 2026","Fri Jan 02 00:52:29 UTC 2026","2085","tests.admin_panel.promo","test_77_create_promotion_item","","","","test_update_promotion_item_success","Позитивный тест: успешное обновление элемента акции"
"passed","Fri Jan 02 01:58:11 UTC 2026","Fri Jan 02 01:58:13 UTC 2026","1815","tests.tickets","test_04_create_ticket","","","","test_create_ticket_success[admin-attachments1-QuestionsAboutTheWorkOfTheStructureAndMentors]","Позитивный тест: создание тикета с разными темами и вложениями для клиента, партнера и админа"
"passed","Fri Jan 02 01:39:40 UTC 2026","Fri Jan 02 01:39:41 UTC 2026","187","tests.delivery","test_mongpost_postcodes","","","","test_mongpost_postcodes_missing_city_id_should_fail[admin]","Негатив: отсутствует обязательный query-параметр city_id → 400/422."
"passed","Fri Jan 02 00:54:06 UTC 2026","Fri Jan 02 00:54:07 UTC 2026","1208","tests.admin_panel.sliders","test_54_update_slider","","","","test_update_slider_success","Позитивный тест: успешное обновление слайдера (все поля)."
"passed","Fri Jan 02 00:52:01 UTC 2026","Fri Jan 02 00:52:02 UTC 2026","1253","tests.admin_panel.promo","test_77_create_promotion_item","","","","test_create_promotion_item_invalid_payload[payload3-422]",""
"passed","Fri Jan 02 00:37:20 UTC 2026","Fri Jan 02 00:37:22 UTC 2026","1985","tests.admin_panel.categories","test_80_create_category_translation","","","","test_create_category_translation_success[ky]","Позитивный тест: создание/обновление перевода категории для разных языков."
"passed","Fri Jan 02 00:58:00 UTC 2026","Fri Jan 02 00:58:02 UTC 2026","1256","tests.admin_panel.slides","test_59_update_slide","","","","test_update_slide_forbidden[client]","Негативный тест: попытка обновления слайда не-админом."
"skipped","Fri Jan 02 00:26:54 UTC 2026","Fri Jan 02 00:26:54 UTC 2026","0","tests.account","test_0_marathon","","","","test_create_product_brand_invalid_payload[params6-400-client]",""
"passed","Fri Jan 02 00:43:01 UTC 2026","Fri Jan 02 00:43:01 UTC 2026","188","tests.admin_panel.periods","test_get_period_by_id","","","","test_get_period_by_id__invalid_id_400_404[admin-0]",""
"passed","Fri Jan 02 00:40:46 UTC 2026","Fri Jan 02 00:40:47 UTC 2026","813","tests.admin_panel.items","test_delete_item_translation","","","","test_delete_item_translation_invalid_id[abc]","Негативный тест: удаление перевода с невалидным или несуществующим ID item."
"passed","Fri Jan 02 00:55:17 UTC 2026","Fri Jan 02 00:55:19 UTC 2026","1222","tests.admin_panel.sliders","test_55_delete_sliders","","","","test_delete_slider_forbidden[client]","Негативный тест: попытка удаления слайдера не-админом."
"passed","Fri Jan 02 01:36:35 UTC 2026","Fri Jan 02 01:36:36 UTC 2026","230","tests.delivery","test_get_dpd_offices","","","","test_get_dpd_offices_success[423-admin]",""
"skipped","Fri Jan 02 01:45:27 UTC 2026","Fri Jan 02 01:45:27 UTC 2026","0","tests.orders","test_orders_v2_pay","","","","test_orders_v2_pay_invalid_data[invalid_payload4-500]","Негативный тест: отправка некорректных данных"
"passed","Fri Jan 02 01:40:13 UTC 2026","Fri Jan 02 01:40:13 UTC 2026","193","tests.delivery","test_self_pickup_offices","","","","test_self_pickup_offices_invalid_params[partner-params2]","
    Негатив: невалидные параметры -> 400 с телом ошибки.
    "
"passed","Fri Jan 02 00:36:49 UTC 2026","Fri Jan 02 00:36:50 UTC 2026","780","tests.admin_panel.categories","test_79_get_category_translation","","","","test_get_category_translation_invalid_id[-1]",""
"skipped","Fri Jan 02 00:27:49 UTC 2026","Fri Jan 02 00:27:49 UTC 2026","0","tests.account","test_account_branded_wallet_get","","","","test_get_period_zero_returns_400[client]","
    Негатив: период по нулям → 400.
    "
"skipped","Fri Jan 02 02:00:15 UTC 2026","Fri Jan 02 02:00:15 UTC 2026","0","tests.tickets","test_04_create_ticket","","","","test_create_ticket_invalid_title[partner-None]","Негативный тест: создание тикета без заголовка"
"passed","Fri Jan 02 01:09:02 UTC 2026","Fri Jan 02 01:09:03 UTC 2026","535","tests.cart","test_08_cart_delete","","","","test_delete_cart_item_invalid_payload[client-payload2]","Негатив: невалидный payload при удалении позиции."
"skipped","Fri Jan 02 01:49:24 UTC 2026","Fri Jan 02 01:49:24 UTC 2026","0","tests.stock","test_create_stock","","","","test_create_stock_with_empty_string_log_if_not_200[city.name]",""
"passed","Fri Jan 02 01:09:16 UTC 2026","Fri Jan 02 01:09:17 UTC 2026","224","tests.cart","test_09_cart_save_region","","","","test_save_region_by_name_eaes_invalid[client]","Негатив: для ЕАЭС region_name не разрешён."
"passed","Fri Jan 02 01:06:29 UTC 2026","Fri Jan 02 01:06:29 UTC 2026","220","tests.cart","test_02_get_delivery_cost","","","","test_get_delivery_cost_success_partial_payload[partner-payload6-400]","
    Позитив/граничные: сочетания полей региона/города
    "
"passed","Fri Jan 02 00:34:48 UTC 2026","Fri Jan 02 00:34:49 UTC 2026","783","tests.admin_panel.categories","test_47_get_categories_by_id","","","","test_get_category_not_found","Негативный тест: категория не найдена (несуществующий ID)."
"passed","Fri Jan 02 00:45:34 UTC 2026","Fri Jan 02 00:45:35 UTC 2026","793","tests.admin_panel.products","test_40_create_product_brand","","","","test_create_product_brand_invalid_payload[payload11-expected_codes11]","Негативные кейсы: невалидные поля при создании бренда."
"passed","Fri Jan 02 01:34:57 UTC 2026","Fri Jan 02 01:34:57 UTC 2026","187","tests.delivery","test_get_cdek_offices","","","","test_get_cdek_offices_invalid_city_id_should_fail[bad_city_id8-admin]",""
"passed","Fri Jan 02 00:55:38 UTC 2026","Fri Jan 02 00:55:39 UTC 2026","822","tests.admin_panel.slides","test_0_slides_sort","","","","test_slides_sort_invalid_id[-1]","Негативный тест: невалидный path parameter."
"skipped","Fri Jan 02 00:26:31 UTC 2026","Fri Jan 02 00:26:32 UTC 2026","838","tests.PROJECT_FUND.initiatives","test_get_reports","","","","test_get_reports_invalid_query_params[query2-https://dev.ewahelps.com/api]","Негативный тест: запрос с некорректными query-параметрами"
"passed","Fri Jan 02 00:59:01 UTC 2026","Fri Jan 02 00:59:02 UTC 2026","1270","tests.admin_panel.slides","test_59_update_slide","","","","test_update_slide_invalid_payload[payload14-expected_code14]","Негативный тест: обновление слайда с невалидным или неполным телом запроса."
"passed","Fri Jan 02 00:56:57 UTC 2026","Fri Jan 02 00:56:57 UTC 2026","812","tests.admin_panel.slides","test_57_create_slide","","","","test_create_slide_invalid_payload[payload21-422]","Негативные тесты: некорректные и неполные payload'ы."
"passed","Fri Jan 02 00:52:05 UTC 2026","Fri Jan 02 00:52:06 UTC 2026","1270","tests.admin_panel.promo","test_77_create_promotion_item","","","","test_create_promotion_item_invalid_payload[payload4-422]",""
"skipped","Fri Jan 02 01:49:24 UTC 2026","Fri Jan 02 01:49:24 UTC 2026","0","tests.stock","test_create_stock","","","","test_create_stock_with_empty_string_log_if_not_200[address.country]",""
"passed","Fri Jan 02 00:27:04 UTC 2026","Fri Jan 02 00:27:04 UTC 2026","194","tests.account","test_0_referral_links","","","","test_get_referral_links_positive[admin-403]","Позитивные тесты на получение реферальных ссылок"
"passed","Fri Jan 02 01:34:10 UTC 2026","Fri Jan 02 01:34:10 UTC 2026","198","tests.delivery","test_get_boxberry_offices","","","","test_get_boxberry_offices_invalid_city_id_should_fail[1.5-admin]",""
"passed","Fri Jan 02 01:04:29 UTC 2026","Fri Jan 02 01:04:30 UTC 2026","620","tests.auth","test_05_logout","","","","test_logout_invalid_token","Тест разлогинивания с невалидным токеном"
"skipped","Fri Jan 02 00:43:37 UTC 2026","Fri Jan 02 00:43:37 UTC 2026","0","tests.admin_panel.products","test_01_create_product_group","","","","test_create_product_group_invalid_payload[payload2-400]",""
"passed","Fri Jan 02 00:45:18 UTC 2026","Fri Jan 02 00:45:19 UTC 2026","822","tests.admin_panel.products","test_40_create_product_brand","","","","test_create_product_brand_invalid_payload[payload2-expected_codes2]","Негативные кейсы: невалидные поля при создании бренда."
"passed","Fri Jan 02 01:10:22 UTC 2026","Fri Jan 02 01:10:22 UTC 2026","603","tests.cart","test_11_cart_save_delivery_method","","","","test_save_delivery_method_success[client-Haypost]","
    Позитив: сохранение способа доставки для всех значений без корзины
    "
"failed","Fri Jan 02 00:24:46 UTC 2026","Fri Jan 02 00:24:48 UTC 2026","1995","tests.PROJECT_EDUCATION.test_system","test_03_user_answers","","","","test_user_answers_invalid_payload__400_or_422[payload5]",""
"passed","Fri Jan 02 00:27:15 UTC 2026","Fri Jan 02 00:27:15 UTC 2026","190","tests.account","test_0_top_partners_game_0824","","","","test_get_top_partners_game_0824_positive[admin]","Позитивные тесты на получение топ-партнеров в игре 08/24"
"passed","Fri Jan 02 01:09:00 UTC 2026","Fri Jan 02 01:09:01 UTC 2026","492","tests.cart","test_08_cart_delete","","","","test_delete_cart_item_invalid_payload[client-payload1]","Негатив: невалидный payload при удалении позиции."
"passed","Fri Jan 02 01:34:25 UTC 2026","Fri Jan 02 01:34:25 UTC 2026","197","tests.delivery","test_get_cargo_offices","","","","test_get_cargo_offices_success[521-admin]",""
"passed","Fri Jan 02 00:34:23 UTC 2026","Fri Jan 02 00:34:25 UTC 2026","1339","tests.admin_panel.categories","test_45_get_categories","","","","test_get_categories_after_adding","Интеграционный тест: добавление категории и проверка её наличия в списке по ID."
"passed","Fri Jan 02 00:40:25 UTC 2026","Fri Jan 02 00:40:26 UTC 2026","600","tests.admin_panel.items","test_delete_item_translation","","","","test_delete_item_translation_unauthorized","Негативный тест: удаление перевода без авторизации."
"passed","Fri Jan 02 00:23:41 UTC 2026","Fri Jan 02 00:23:42 UTC 2026","819","tests.PROJECT_EDUCATION.test_system","test_01_start_test","","","","test_start_test_invalid_id__400_or_404[1.5]",""
"passed","Fri Jan 02 02:02:31 UTC 2026","Fri Jan 02 02:02:31 UTC 2026","192","tests.tickets","test_11_update_message","","","","test_update_nonexistent_message[client]","Негативный тест: попытка редактирования несуществующего сообщения"
"skipped","Fri Jan 02 01:49:37 UTC 2026","Fri Jan 02 01:49:38 UTC 2026","213","tests.stock","test_get_group_orders","","","","test_get_group_orders_invalid_country_id[0-admin]","Проверка получения складов по невалидному country_id"
"skipped","Fri Jan 02 01:34:30 UTC 2026","Fri Jan 02 01:34:31 UTC 2026","187","tests.delivery","test_get_cargo_offices","","","","test_get_cargo_offices_invalid_city_id_should_fail[0-admin]",""
"passed","Fri Jan 02 01:40:11 UTC 2026","Fri Jan 02 01:40:11 UTC 2026","188","tests.delivery","test_self_pickup_offices","","","","test_self_pickup_offices_invalid_params[partner-params1]","
    Негатив: невалидные параметры -> 400 с телом ошибки.
    "
"passed","Fri Jan 02 00:45:25 UTC 2026","Fri Jan 02 00:45:26 UTC 2026","816","tests.admin_panel.products","test_40_create_product_brand","","","","test_create_product_brand_invalid_payload[payload6-expected_codes6]","Негативные кейсы: невалидные поля при создании бренда."
"passed","Fri Jan 02 01:55:55 UTC 2026","Fri Jan 02 01:55:57 UTC 2026","1824","tests.tickets","test_04_create_ticket","","","","test_create_ticket_success[partner-attachments1-ReceivingDefectiveProducts]","Позитивный тест: создание тикета с разными темами и вложениями для клиента, партнера и админа"
"skipped","Fri Jan 02 01:49:36 UTC 2026","Fri Jan 02 01:49:36 UTC 2026","191","tests.stock","test_get_group_orders","","","","test_get_group_orders_invalid_country_id[-1-admin]","Проверка получения складов по невалидному country_id"
"skipped","Fri Jan 02 00:29:17 UTC 2026","Fri Jan 02 00:29:17 UTC 2026","0","tests.account","test_family_agreement_create_three","","","","test_create_family_agreement_three_positive[client-payload1]","Позитивные тесты на создание семейного соглашения при аннулировании второго партнера"
"passed","Fri Jan 02 01:04:26 UTC 2026","Fri Jan 02 01:04:26 UTC 2026","249","tests.auth","test_05_logout","","","","test_logout_success[admin]","Тест разлогинивания с валидным токеном (клиент, партнёр, админ)"
"passed","Fri Jan 02 01:03:11 UTC 2026","Fri Jan 02 01:03:12 UTC 2026","982","tests.admin_panel.users","test_post_admin_users_exclusive_preorder_permissions","","","","test_post_exclusive_preorder_permissions_validation_errors_400[payload5]","
    Негатив: некорректный payload
    "
"skipped","Fri Jan 02 01:49:24 UTC 2026","Fri Jan 02 01:49:24 UTC 2026","0","tests.stock","test_create_stock","","","","test_create_stock_with_empty_string_log_if_not_200[address.postal_code]",""
"failed","Fri Jan 02 00:24:50 UTC 2026","Fri Jan 02 00:24:52 UTC 2026","1974","tests.PROJECT_EDUCATION.test_system","test_04_finish_test","","","","test_finish_test__200","
    Позитив:
    - гасим активные сессии
    - стартуем
    - finish -> 200
    - после теста гасим сессии (fail-safe)
    "
"passed","Fri Jan 02 01:50:51 UTC 2026","Fri Jan 02 01:50:51 UTC 2026","197","tests.tickets","test_01_get_tickets","","","","test_get_tickets_invalid_search[invalid_search1-400-partner]","Негативный тест: передаем некорректные параметры поиска"
"skipped","Fri Jan 02 00:27:49 UTC 2026","Fri Jan 02 00:27:49 UTC 2026","0","tests.account","test_account_branded_wallet_get","","","","test_get_period_bad_types_400_or_422[period0-partner]","
    Негатив: некорректные типы month/year → 400/422
    "
"passed","Fri Jan 02 01:03:27 UTC 2026","Fri Jan 02 01:03:28 UTC 2026","1007","tests.admin_panel.users","test_post_admin_users_exclusive_preorder_permissions","","","","test_post_exclusive_preorder_permissions_validation_errors_404[payload0]","
    Негатив: некорректный payload
    "
"passed","Fri Jan 02 01:44:06 UTC 2026","Fri Jan 02 01:44:06 UTC 2026","606","tests.one_c","test_create_1c_stock","","","","test_post_bad_request_or_unprocessable[<lambda>14]",""
"passed","Fri Jan 02 01:30:35 UTC 2026","Fri Jan 02 01:30:37 UTC 2026","2512","tests.delivery","test_01_save_delivery_address","","","","test_save_delivery_address_negative[client-payload1-400]","Негативные тесты на сохранение адреса доставки"
"skipped","Fri Jan 02 00:43:37 UTC 2026","Fri Jan 02 00:43:37 UTC 2026","0","tests.admin_panel.products","test_01_delete_product_group","","","","test_delete_product_group_invalid_id[abc]","Негативный тест: удаление несуществующей или некорректной продукт группы."
"passed","Fri Jan 02 01:29:39 UTC 2026","Fri Jan 02 01:29:42 UTC 2026","2854","tests.delivery","test_01_save_delivery_address","","","","test_save_delivery_address_positive[client-payload1]","Позитивные тесты на сохранение адреса доставки"
"skipped","Fri Jan 02 00:30:24 UTC 2026","Fri Jan 02 00:30:24 UTC 2026","0","tests.account","test_update_default_stock","","","","test_update_default_stock_positive[partner-payload1]","Позитивные тесты на изменение дефолтного склада"
"skipped","Fri Jan 02 01:50:34 UTC 2026","Fri Jan 02 01:50:34 UTC 2026","0","tests.tickets","test_01_get_tickets","","","","test_get_tickets_success[filter0-sort1-search1-pagination1-admin]","Позитивный тест: получение списка тикетов с разными комбинациями параметров"
"skipped","Fri Jan 02 01:48:03 UTC 2026","Fri Jan 02 01:48:03 UTC 2026","198","tests.statistic","test_team_activations","","","","test_get_team_activation_statistic_negative[payload0-client]","Негативный тест: ошибка при получении статистики активации команды с невалидным телом запроса"
"failed","Fri Jan 02 00:26:34 UTC 2026","Fri Jan 02 00:26:34 UTC 2026","0","tests.account","test_0_family_agreement_get","","","","test_get_family_agreement_positive[payload0-client]","Позитивные тесты на получение данных о семейном соглашении"
"passed","Fri Jan 02 01:31:56 UTC 2026","Fri Jan 02 01:32:02 UTC 2026","6083","tests.delivery","test_01_save_delivery_address","","","","test_create_two_addresses_with_different_delivery[client]","Создание двух адресов с одинаковыми данными, кроме street в delivery"
"passed","Fri Jan 02 01:54:21 UTC 2026","Fri Jan 02 01:54:22 UTC 2026","824","tests.tickets","test_04_create_ticket","","","","test_create_ticket_success[partner-attachments0-QuestionsAboutPaymentsToIP]","Позитивный тест: создание тикета с разными темами и вложениями для клиента, партнера и админа"
"skipped","Fri Jan 02 00:35:17 UTC 2026","Fri Jan 02 00:35:17 UTC 2026","0","tests.admin_panel.categories","test_50_upload_category_images","","","","test_upload_category_images_file_too_large[5.3-fields_to_send1-400]","Негативный тест: загрузка слишком большого изображения."
"passed","Fri Jan 02 00:29:45 UTC 2026","Fri Jan 02 00:29:45 UTC 2026","199","tests.account","test_post_bonus_tokens","","","","test_get_bonus_tokens_positive[partner]","Позитивные тесты на получение списка токенов"
"passed","Fri Jan 02 00:28:23 UTC 2026","Fri Jan 02 00:28:32 UTC 2026","8677","tests.account","test_account_branded_wallet_upload","","","","test_upload_too_large_returns_400[client]","Негатив: слишком большой файл (>5MB) → 400"
"skipped","Fri Jan 02 00:29:42 UTC 2026","Fri Jan 02 00:29:42 UTC 2026","0","tests.account","test_get_languages","","","","test_get_languages_success[client-web-200]","Возвращает список языков, доступных для перевода"
"passed","Fri Jan 02 00:49:33 UTC 2026","Fri Jan 02 00:49:34 UTC 2026","799","tests.admin_panel.promo","test_73_get_promotion_by_id","","","","test_get_promotion_invalid_id[abc]","Негативный тест: получение акции по невалидному ID."
"passed","Fri Jan 02 01:24:42 UTC 2026","Fri Jan 02 01:24:43 UTC 2026","848","tests.catalog","test_product_get_by_id","","","","test_get_product_by_id_invalid_string[]","
    Негативный: ID строкового типа
    "
"passed","Fri Jan 02 01:48:56 UTC 2026","Fri Jan 02 01:48:56 UTC 2026","196","tests.statistic","test_team_registrations","","","","test_get_team_registration_statistic_positive[payload1-admin]","Позитивный тест: получение статистики по регистрации команды с валидным телом запроса"
"passed","Fri Jan 02 00:42:34 UTC 2026","Fri Jan 02 00:42:35 UTC 2026","818","tests.admin_panel.periods","test_get_approved_marketing_periods","","","","test_get_admin_approved_marketing_periods__200_contract",""
"passed","Fri Jan 02 02:00:04 UTC 2026","Fri Jan 02 02:00:05 UTC 2026","785","tests.tickets","test_04_create_ticket","","","","test_create_ticket_invalid_request_type[admin--200]","Негативный тест: попытка создания тикета с неверным типом request_type"
"skipped","Fri Jan 02 01:25:19 UTC 2026","Fri Jan 02 01:25:21 UTC 2026","1838","tests.catalog","test_products_list","","","","test_get_products_list_invalid_country_id[-1]","
    Негативный: некорректный country_id в query
    "
"passed","Fri Jan 02 01:34:44 UTC 2026","Fri Jan 02 01:34:45 UTC 2026","186","tests.delivery","test_get_cdek_offices","","","","test_get_cdek_offices_invalid_city_id_should_fail[abc-admin]",""
"skipped","Fri Jan 02 00:33:21 UTC 2026","Fri Jan 02 00:33:21 UTC 2026","0","tests.admin_panel","test_accrue_gold_pro_gift","","","","test_accrue_gold_pro_gift_invalid_payload[payload4-400]",""
"passed","Fri Jan 02 01:25:49 UTC 2026","Fri Jan 02 01:25:54 UTC 2026","5668","tests.catalog","test_update_admin_product","","","","test_update_admin_product_full_payload",""
"skipped","Fri Jan 02 01:50:34 UTC 2026","Fri Jan 02 01:50:34 UTC 2026","0","tests.tickets","test_01_get_tickets","","","","test_get_tickets_success[filter0-sort1-search0-pagination0-partner]","Позитивный тест: получение списка тикетов с разными комбинациями параметров"
"skipped","Fri Jan 02 00:29:17 UTC 2026","Fri Jan 02 00:29:17 UTC 2026","0","tests.account","test_family_agreement_update_status","","","","test_update_family_agreement_status_positive[client-payload1]","Позитивные тесты на изменение статуса семейного соглашения"
"skipped","Fri Jan 02 00:26:54 UTC 2026","Fri Jan 02 00:26:54 UTC 2026","0","tests.account","test_0_marathon","","","","test_create_product_brand_invalid_payload[params2-400-admin]",""
"passed","Fri Jan 02 01:11:28 UTC 2026","Fri Jan 02 01:11:32 UTC 2026","3765","tests.cart","test_11_cart_save_delivery_method","","","","test_save_delivery_method_success_with_cart[partner-SelfPickup]","
    Позитив: сохранение способа доставки для всех значений с корзиной
    "
"skipped","Fri Jan 02 00:26:54 UTC 2026","Fri Jan 02 00:26:54 UTC 2026","0","tests.account","test_0_marathon","","","","test_create_product_brand_invalid_payload[params4-400-client]",""
"passed","Fri Jan 02 00:23:53 UTC 2026","Fri Jan 02 00:23:54 UTC 2026","856","tests.PROJECT_EDUCATION.test_system","test_02_get_question","","","","test_get_question_invalid_id__400_or_404[-1]",""
"passed","Fri Jan 02 01:34:43 UTC 2026","Fri Jan 02 01:34:43 UTC 2026","197","tests.delivery","test_get_cdek_offices","","","","test_get_cdek_offices_invalid_city_id_should_fail[-admin]",""
"passed","Fri Jan 02 00:45:21 UTC 2026","Fri Jan 02 00:45:22 UTC 2026","821","tests.admin_panel.products","test_40_create_product_brand","","","","test_create_product_brand_invalid_payload[payload4-expected_codes4]","Негативные кейсы: невалидные поля при создании бренда."
"passed","Fri Jan 02 00:41:56 UTC 2026","Fri Jan 02 00:41:57 UTC 2026","822","tests.admin_panel.items","test_update_item","","","","test_update_item_invalid_id[abc]","Негативный тест: несуществующий или некорректный ID."
"skipped","Fri Jan 02 01:49:24 UTC 2026","Fri Jan 02 01:49:24 UTC 2026","0","tests.stock","test_create_stock","","","","test_create_stock_with_empty_string_log_if_not_200[address.intercom]",""
"passed","Fri Jan 02 01:41:09 UTC 2026","Fri Jan 02 01:41:19 UTC 2026","10135","tests.integration","test_order_courier_ru","","","","test_order_courier_ru[CDEK]",""
"passed","Fri Jan 02 00:23:39 UTC 2026","Fri Jan 02 00:23:40 UTC 2026","1003","tests.PROJECT_EDUCATION.test_system","test_01_start_test","","","","test_start_test_invalid_id__400_or_404[]",""
"passed","Fri Jan 02 01:22:36 UTC 2026","Fri Jan 02 01:22:36 UTC 2026","793","tests.catalog","test_delete_admin_product_translation","","","","test_delete_admin_product_translation_invalid_id[9999999]","Удаление перевода по невалидному product_id — должно вернуть 400 или 404."
"passed","Fri Jan 02 00:29:32 UTC 2026","Fri Jan 02 00:29:32 UTC 2026","195","tests.account","test_get_account_exists","","","","test_get_account_exists_positive[params4-client]","Нкгатив: невлидны id"
"passed","Fri Jan 02 02:01:19 UTC 2026","Fri Jan 02 02:01:19 UTC 2026","958","tests.tickets","test_07_delete_ticket","","","","test_delete_ticket_not_admin[client]","Негативный тест: попытка удаления тикета клиентом, партнёром"
"passed","Fri Jan 02 00:30:30 UTC 2026","Fri Jan 02 00:30:32 UTC 2026","2659","tests.admin_panel","test_01_support_create_user","","","","test_admin_can_create_support_without_login_creates_support_user_with_suffix","
    Фактическое поведение бэкенда:
    - users.login для исходного пользователя (id = base_user) НЕ меняется
    - в users появляется вторая строка с login, содержащим '_support' и оригинальный login
    - в minions количество строк для этого пользователя не меняется
    "
"skipped","Fri Jan 02 00:43:25 UTC 2026","Fri Jan 02 00:43:25 UTC 2026","0","tests.admin_panel.periods","test_post_periods_by_date","","","","test_post_periods_by_date__200_strict[partner]",""
"skipped","Fri Jan 02 01:18:35 UTC 2026","Fri Jan 02 01:18:35 UTC 2026","0","tests.cart","test_exclusive_preorder_cart_update_multi","","","","test_cart_update_multi_checks_auth_first_400",""
"passed","Fri Jan 02 01:03:45 UTC 2026","Fri Jan 02 01:03:46 UTC 2026","200","tests.auth","test_02_login","","","","test_admin_login[admin-Admin-wrong_password-401]",""
"passed","Fri Jan 02 00:32:34 UTC 2026","Fri Jan 02 00:32:37 UTC 2026","3285","tests.admin_panel","test_04_generate_support_token","","","","test_support_can_auth_with_old_and_new_tokens","
    - генерим support-токен №1
    - генерим support-токен №2
    - в tokens стало на 2 записи больше для (role=3, id=user_id)
    - оба токена проходят /auth/by_token.
    "
"skipped","Fri Jan 02 01:50:34 UTC 2026","Fri Jan 02 01:50:34 UTC 2026","0","tests.tickets","test_01_get_tickets","","","","test_get_tickets_success[filter0-sort0-search1-pagination1-client]","Позитивный тест: получение списка тикетов с разными комбинациями параметров"
"passed","Fri Jan 02 00:49:20 UTC 2026","Fri Jan 02 00:49:22 UTC 2026","1235","tests.admin_panel.promo","test_72_create_promotion","","","","test_create_duplicate_promotion_should_fail","Негативный тест: попытка создать акцию с тем же уникальным полем name."
"skipped","Fri Jan 02 00:29:17 UTC 2026","Fri Jan 02 00:29:17 UTC 2026","0","tests.account","test_family_agreement_create_three","","","","test_create_family_agreement_three_positive[admin-payload0]","Позитивные тесты на создание семейного соглашения при аннулировании второго партнера"
"skipped","Fri Jan 02 00:35:17 UTC 2026","Fri Jan 02 00:35:17 UTC 2026","0","tests.admin_panel.categories","test_50_upload_category_images","","","","test_upload_category_images_unauthorized","Негативный тест: загрузка изображений категории без авторизации."
"passed","Fri Jan 02 01:33:53 UTC 2026","Fri Jan 02 01:33:54 UTC 2026","1004","tests.delivery","test_get_boxberry_offices","","","","test_get_boxberry_offices_success[5-client]",""
"passed","Fri Jan 02 01:37:06 UTC 2026","Fri Jan 02 01:37:07 UTC 2026","195","tests.delivery","test_get_emu_pickup_points","","","","test_get_emu_pickup_points_invalid_city_id_should_fail[abc-admin]","Негатив: невалидные значения city_id → 400/422."
"passed","Fri Jan 02 00:49:41 UTC 2026","Fri Jan 02 00:49:42 UTC 2026","824","tests.admin_panel.promo","test_73_get_promotion_by_id","","","","test_get_promotion_invalid_id[]","Негативный тест: получение акции по невалидному ID."
"skipped","Fri Jan 02 01:49:24 UTC 2026","Fri Jan 02 01:49:24 UTC 2026","0","tests.stock","test_create_stock","","","","test_create_stock_with_empty_string_log_if_not_200[address.apartment]",""
"passed","Fri Jan 02 01:34:01 UTC 2026","Fri Jan 02 01:34:01 UTC 2026","197","tests.delivery","test_get_boxberry_offices","","","","test_get_boxberry_offices_missing_city_id_should_fail[admin]",""
"passed","Fri Jan 02 00:33:47 UTC 2026","Fri Jan 02 00:33:47 UTC 2026","187","tests.admin_panel","test_partner_accrual_details_main_bonus","","","","test_main_bonus_details_forbidden_to_non_admin[partner]","
    Негатив: клиент/партнёр стучится в /admin/partner-accrual-details/main-bonus → 403
    "
"passed","Fri Jan 02 00:23:43 UTC 2026","Fri Jan 02 00:23:44 UTC 2026","808","tests.PROJECT_EDUCATION.test_system","test_01_start_test","","","","test_start_test_invalid_id__400_or_404[999999]",""
"skipped","Fri Jan 02 02:01:55 UTC 2026","Fri Jan 02 02:01:58 UTC 2026","3489","tests.tickets","test_10_send_message_to_ticket","","","","test_send_message_role_permissions[authorize_partner-authorize_client-403]","Проверка доступа к отправке сообщений в тикеты в зависимости от роли"
"skipped","Fri Jan 02 01:09:25 UTC 2026","Fri Jan 02 01:09:26 UTC 2026","196","tests.cart","test_09_cart_save_region","","","","test_save_region_invalid_payload[partner-payload1]","Негатив: невалидный payload."
"passed","Fri Jan 02 00:58:12 UTC 2026","Fri Jan 02 00:58:13 UTC 2026","780","tests.admin_panel.slides","test_59_update_slide","","","","test_update_slide_invalid_id[abc]","Негативный тест: несуществующий или некорректный ID."
"passed","Fri Jan 02 02:02:52 UTC 2026","Fri Jan 02 02:02:54 UTC 2026","2039","tests.tickets","test_12_delete_message","","","","test_delete_ticket_message_admin_other_client[partner]","Негативный тест: админ пытается удалить сообщение клиента/партнёра"
"passed","Fri Jan 02 01:25:42 UTC 2026","Fri Jan 02 01:25:42 UTC 2026","195","tests.catalog","test_recommended_products_selfpickup","","","","test_get_recommended_products_selfpickup_wrong_method[put-client]","
    Негативный тест: неверный HTTP-метод
    "
"passed","Fri Jan 02 01:06:33 UTC 2026","Fri Jan 02 01:06:33 UTC 2026","198","tests.cart","test_02_get_delivery_cost","","","","test_get_delivery_cost_invalid_payload[client-payload0]","Негатив: некорректные входные данные."
"skipped","Fri Jan 02 00:35:17 UTC 2026","Fri Jan 02 00:35:17 UTC 2026","0","tests.admin_panel.categories","test_50_upload_category_images","","","","test_upload_category_images_file_too_large[4.7-fields_to_send2-204]","Негативный тест: загрузка слишком большого изображения."
"passed","Fri Jan 02 01:43:45 UTC 2026","Fri Jan 02 01:43:45 UTC 2026","607","tests.one_c","test_create_1c_stock","","","","test_post_bad_request_or_unprocessable[<lambda>6]",""
"passed","Fri Jan 02 01:16:47 UTC 2026","Fri Jan 02 01:16:47 UTC 2026","600","tests.cart","test_20_cart_share","","","","test_cart_share_unauthorized","Негатив: вызов без авторизации/корзины."
"skipped","Fri Jan 02 01:40:49 UTC 2026","Fri Jan 02 01:40:50 UTC 2026","965","tests.fund","test_get_top_donors","","","","test_get_top_donors_success[page,size-https://dev.ewahelps.com/api]",""
"passed","Fri Jan 02 01:53:58 UTC 2026","Fri Jan 02 01:54:00 UTC 2026","1648","tests.tickets","test_04_create_ticket","","","","test_create_ticket_success[client-attachments2-OtherQuestions]","Позитивный тест: создание тикета с разными темами и вложениями для клиента, партнера и админа"
"passed","Fri Jan 02 01:35:07 UTC 2026","Fri Jan 02 01:35:07 UTC 2026","367","tests.delivery","test_get_cities_v2","","","","test_get_cities_v2_success[params1-client]","
    Позитив: успешное получение списка городов (обязателен city_name, country_id — опционален).
    "
"skipped","Fri Jan 02 01:49:24 UTC 2026","Fri Jan 02 01:49:24 UTC 2026","0","tests.stock","test_create_stock","","","","test_create_stock_with_empty_string_log_if_not_200[city.id]",""
"passed","Fri Jan 02 00:43:28 UTC 2026","Fri Jan 02 00:43:29 UTC 2026","594","tests.admin_panel.periods","test_post_periods_by_date_interval","","","","test_post_periods_by_date_interval__unauthorized",""
"skipped","Fri Jan 02 02:01:43 UTC 2026","Fri Jan 02 02:01:44 UTC 2026","783","tests.tickets","test_09_get_ticket_messages","","","","test_get_ticket_messages_invalid_id_format[abc]","Негативный тест: запрос с некорректным ID (строка, спецсимволы, пустое значение)"
"skipped","Fri Jan 02 01:49:24 UTC 2026","Fri Jan 02 01:49:24 UTC 2026","0","tests.stock","test_create_stock","","","","test_create_stock_with_empty_string_log_if_not_200[city_id]",""
"passed","Fri Jan 02 01:39:58 UTC 2026","Fri Jan 02 01:39:59 UTC 2026","234","tests.delivery","test_self_pickup_offices","","","","test_self_pickup_offices_unknown_city_returns_empty_list[partner]","
    Позитив/краевой случай: неизвестный city_id -> 200 и пустой список.
    "
"skipped","Fri Jan 02 00:43:37 UTC 2026","Fri Jan 02 00:43:37 UTC 2026","0","tests.admin_panel.products","test_01_create_product_group","","","","test_create_duplicate_product_group_should_fail","Негативный тест: попытка создать идентичные продукт группы"
"passed","Fri Jan 02 00:54:09 UTC 2026","Fri Jan 02 00:54:11 UTC 2026","1653","tests.admin_panel.sliders","test_54_update_slider","","","","test_update_slider_unique_name_should_fail_if_not_unique","Негативный тест: попытка обновить unique_name слайдера на уже существующий."
"skipped","Fri Jan 02 01:35:43 UTC 2026","Fri Jan 02 01:35:43 UTC 2026","620","tests.delivery","test_get_cities_v2","","","","test_get_cities_v2_unauthorized","
    Негатив: запрос без авторизации.
    "
"passed","Fri Jan 02 00:56:37 UTC 2026","Fri Jan 02 00:56:37 UTC 2026","854","tests.admin_panel.slides","test_57_create_slide","","","","test_create_slide_invalid_payload[payload10-422]","Негативные тесты: некорректные и неполные payload'ы."
"skipped","Fri Jan 02 00:33:19 UTC 2026","Fri Jan 02 00:33:20 UTC 2026","817","tests.admin_panel","test_accrue_auto_bonus","","","","test_accrue_auto_bonus_invalid_payload[payload3-400]",""
"passed","Fri Jan 02 00:50:10 UTC 2026","Fri Jan 02 00:50:11 UTC 2026","799","tests.admin_panel.promo","test_74_update_promotion","","","","test_update_promotion_invalid_id[abc]","Негативный тест: несуществующий или некорректный ID."
"passed","Fri Jan 02 02:02:43 UTC 2026","Fri Jan 02 02:02:45 UTC 2026","1213","tests.tickets","test_12_delete_message","","","","test_delete_ticket_message_not_admin[partner]","Негативный тест: клиент/партнёр пытается удалить своё сообщение"
"skipped","Fri Jan 02 01:50:34 UTC 2026","Fri Jan 02 01:50:34 UTC 2026","0","tests.tickets","test_01_get_tickets","","","","test_get_tickets_success[filter0-sort1-search0-pagination0-client]","Позитивный тест: получение списка тикетов с разными комбинациями параметров"
"passed","Fri Jan 02 00:59:41 UTC 2026","Fri Jan 02 00:59:42 UTC 2026","824","tests.admin_panel.slides","test_60_delete_slides","","","","test_delete_slide_invalid_id[9999999]","Негативный тест: удаление несуществующего или некорректного слайда."
"passed","Fri Jan 02 01:01:53 UTC 2026","Fri Jan 02 01:01:54 UTC 2026","581","tests.admin_panel.slides","test_62_slides_get_upload_urls","","","","test_get_upload_urls_unauthorized","Негативный тест: попытка получить ссылки без авторизации."
"passed","Fri Jan 02 01:37:10 UTC 2026","Fri Jan 02 01:37:10 UTC 2026","197","tests.delivery","test_get_emu_pickup_points","","","","test_get_emu_pickup_points_invalid_city_id_should_fail[0-admin]","Негатив: невалидные значения city_id → 400/422."
"passed","Fri Jan 02 00:56:17 UTC 2026","Fri Jan 02 00:56:17 UTC 2026","580","tests.admin_panel.slides","test_57_create_slide","","","","test_create_slide_unauthorized","Негативный тест: создание слайда без авторизации."
"skipped","Fri Jan 02 00:29:17 UTC 2026","Fri Jan 02 00:29:17 UTC 2026","0","tests.account","test_funds_transfer_list","","","","test_get_funds_transfer_list_positive[client-payload0]","Позитивные тесты на получение истории переводов/выводов средств"
"passed","Fri Jan 02 01:47:28 UTC 2026","Fri Jan 02 01:47:29 UTC 2026","834","tests.register","test_03_register_client","","","","test_register_client_negative[payload0-400]","Тест: негативные тесты для регистрации клиента вручную"
"passed","Fri Jan 02 01:57:24 UTC 2026","Fri Jan 02 01:57:25 UTC 2026","786","tests.tickets","test_04_create_ticket","","","","test_create_ticket_success[admin-attachments0-QuestionsAboutTheMarriageContract]","Позитивный тест: создание тикета с разными темами и вложениями для клиента, партнера и админа"
"passed","Fri Jan 02 01:19:46 UTC 2026","Fri Jan 02 01:19:47 UTC 2026","1019","tests.catalog","test_create_admin_product","","","","test_create_product_invalid_payload[payload6-422]",""
"passed","Fri Jan 02 00:35:39 UTC 2026","Fri Jan 02 00:35:40 UTC 2026","1221","tests.admin_panel.categories","test_56_v2_create_category","","","","test_v2_create_category_slug_should_fail_if_not_unique","Негативный тест: попытка создать категорию с уже существующим slug."
"passed","Fri Jan 02 01:03:13 UTC 2026","Fri Jan 02 01:03:14 UTC 2026","1001","tests.admin_panel.users","test_post_admin_users_exclusive_preorder_permissions","","","","test_post_exclusive_preorder_permissions_validation_errors_400[payload6]","
    Негатив: некорректный payload
    "
"passed","Fri Jan 02 01:28:43 UTC 2026","Fri Jan 02 01:28:49 UTC 2026","5793","tests.catalog","test_update_admin_product","","","","test_update_admin_product_full_payload_2",""
"skipped","Fri Jan 02 01:19:54 UTC 2026","Fri Jan 02 01:19:54 UTC 2026","0","tests.catalog","test_create_admin_product","","","","test_create_product_duplicate_slug[ka]",""
"passed","Fri Jan 02 01:03:30 UTC 2026","Fri Jan 02 01:03:31 UTC 2026","577","tests.auth","test_01_check_version","","","","test_check_version[Android-0.9.0-200]","Тест проверяет API /check_version для разных платформ и версий."
"skipped","Fri Jan 02 00:29:42 UTC 2026","Fri Jan 02 00:29:42 UTC 2026","0","tests.account","test_history_personal_volumes_admin","","","","test_get_personal_volumes_history_admin_positive[client-payload0]","Позитивные тесты на получение истории начисления личных объемов для админа"
"passed","Fri Jan 02 00:51:13 UTC 2026","Fri Jan 02 00:51:14 UTC 2026","804","tests.admin_panel.promo","test_75_delete_promotion_by_id","","","","test_delete_promotion_invalid_id[abc]","Негативный тест: удаление несуществующей или некорректной акции."
"passed","Fri Jan 02 00:54:33 UTC 2026","Fri Jan 02 00:54:34 UTC 2026","1224","tests.admin_panel.sliders","test_54_update_slider","","","","test_update_slider_invalid_payload[payload1-expected_code1]","Негативный тест: обновление слайдера с невалидным или неполным телом запроса."
"skipped","Fri Jan 02 01:38:38 UTC 2026","Fri Jan 02 01:38:39 UTC 2026","193","tests.delivery","test_get_kazpost_offices","","","","test_get_kazpost_offices_invalid_city_id_should_fail[-1-admin]","Негатив: невалидные значения city_id → 400/422."
"passed","Fri Jan 02 00:55:29 UTC 2026","Fri Jan 02 00:55:30 UTC 2026","803","tests.admin_panel.sliders","test_55_delete_sliders","","","","test_delete_slider_invalid_id[abc]","Негативный тест: удаление несуществующего или некорректного слайдера."
"passed","Fri Jan 02 00:57:47 UTC 2026","Fri Jan 02 00:57:50 UTC 2026","3103","tests.admin_panel.slides","test_58_get_slides_by_id","","","","test_get_slide_not_found","Негативный тест: слайд с несуществующим ID не найден."
"passed","Fri Jan 02 01:24:36 UTC 2026","Fri Jan 02 01:24:37 UTC 2026","858","tests.catalog","test_product_get_by_id","","","","test_get_product_by_id_not_found[99999999]","
    Негативный: продукт с таким ID отсутствует.
    "
"passed","Fri Jan 02 00:59:14 UTC 2026","Fri Jan 02 00:59:15 UTC 2026","1267","tests.admin_panel.slides","test_59_update_slide","","","","test_update_slide_invalid_payload[payload18-422]","Негативный тест: обновление слайда с невалидным или неполным телом запроса."
"passed","Fri Jan 02 01:05:37 UTC 2026","Fri Jan 02 01:05:37 UTC 2026","196","tests.cart","test_01_user_locale","","","","test_update_user_locale_invalid_payload[partner-payload1-400]","Негативный тест: обновление локали с невалидным payload."
"passed","Fri Jan 02 01:17:46 UTC 2026","Fri Jan 02 01:17:49 UTC 2026","2651","tests.cart","test_23_cart_calculate_delivery_flag","","","","test_delete_cart_item_with_calculate_delivery_false[client]","
    Позитив: /cart/delete с calculate_delivery=false
    Позиция удаляется, advance_costs не считаются
    "
"passed","Fri Jan 02 01:32:37 UTC 2026","Fri Jan 02 01:32:37 UTC 2026","197","tests.delivery","test_02_get_delivery_address","","","","test_get_delivery_addresses_invalid_pagination[invalid_pagination0-partner]","Негатив: некорректные параметры пагинации"
"passed","Fri Jan 02 00:46:01 UTC 2026","Fri Jan 02 00:46:02 UTC 2026","824","tests.admin_panel.products","test_41_get_product_brand_by_id","","","","test_get_product_brand_invalid_id[]","Негативный тест: получение бренда по невалидному ID"
"skipped","Fri Jan 02 01:49:24 UTC 2026","Fri Jan 02 01:49:24 UTC 2026","0","tests.stock","test_create_stock","","","","test_create_stock_with_empty_string_log_if_not_200[city.latitude]",""
"passed","Fri Jan 02 01:02:57 UTC 2026","Fri Jan 02 01:02:58 UTC 2026","984","tests.admin_panel.users","test_post_admin_users_exclusive_preorder_permissions","","","","test_post_exclusive_preorder_permissions_validation_errors_400[payload0]","
    Негатив: некорректный payload
    "
"skipped","Fri Jan 02 01:49:24 UTC 2026","Fri Jan 02 01:49:24 UTC 2026","0","tests.stock","test_create_stock","","","","test_create_stock_with_empty_string_log_if_not_200[address.metro]",""
"passed","Fri Jan 02 00:45:16 UTC 2026","Fri Jan 02 00:45:17 UTC 2026","803","tests.admin_panel.products","test_40_create_product_brand","","","","test_create_product_brand_invalid_payload[payload1-expected_codes1]","Негативные кейсы: невалидные поля при создании бренда."
"passed","Fri Jan 02 00:40:09 UTC 2026","Fri Jan 02 00:40:10 UTC 2026","823","tests.admin_panel.items","test_create_item_translation","","","","test_create_item_translation_invalid_payload[payload5-code5]","Негативный тест: создание перевода с невалидным payload."
"passed","Fri Jan 02 00:59:28 UTC 2026","Fri Jan 02 00:59:29 UTC 2026","608","tests.admin_panel.slides","test_60_delete_slides","","","","test_delete_slide_unauthorized","Негативный тест: попытка удаления слайда без авторизации."
"passed","Fri Jan 02 00:40:54 UTC 2026","Fri Jan 02 00:40:58 UTC 2026","3472","tests.admin_panel.items","test_get_item_translation","","","","test_get_item_two_translations_success",""
"skipped","Fri Jan 02 02:01:26 UTC 2026","Fri Jan 02 02:01:27 UTC 2026","810","tests.tickets","test_07_delete_ticket","","","","test_delete_tickets_negative[ticket_ids1-400]","Негативные тесты: удаление с некорректными данными"
"passed","Fri Jan 02 00:53:52 UTC 2026","Fri Jan 02 00:53:53 UTC 2026","820","tests.admin_panel.sliders","test_53_get_sliders_by_id","","","","test_get_sliders_invalid_id[-1]","Негативный тест: получение слайдера по невалидному ID"
"passed","Fri Jan 02 01:25:34 UTC 2026","Fri Jan 02 01:25:35 UTC 2026","607","tests.catalog","test_products_v2_categories","","","","test_get_products_v2_categories_unauthorized",""
"skipped","Fri Jan 02 01:50:34 UTC 2026","Fri Jan 02 01:50:34 UTC 2026","0","tests.tickets","test_01_get_tickets","","","","test_get_tickets_success[filter1-sort0-search1-pagination0-admin]","Позитивный тест: получение списка тикетов с разными комбинациями параметров"
"passed","Fri Jan 02 01:47:49 UTC 2026","Fri Jan 02 01:47:49 UTC 2026","188","tests.statistic","test_team_activations","","","","test_get_team_activation_statistic_positive[payload1-partner]","Позитивный тест: получение статистики по активации команды с валидным телом запроса"
"skipped","Fri Jan 02 00:29:42 UTC 2026","Fri Jan 02 00:29:42 UTC 2026","0","tests.account","test_get_languages","","","","test_get_languages_success[partner--400]","Возвращает список языков, доступных для перевода"
"passed","Fri Jan 02 00:35:10 UTC 2026","Fri Jan 02 00:35:11 UTC 2026","811","tests.admin_panel.categories","test_49_delete_category","","","","test_delete_category_invalid_id[abc]","Негативный тест: удаление несуществующей или некорректной категории."
"skipped","Fri Jan 02 00:35:17 UTC 2026","Fri Jan 02 00:35:17 UTC 2026","0","tests.admin_panel.categories","test_50_upload_category_images","","","","test_upload_category_images_invalid_format[valid.png-image/png-204]","Негативный тест: загрузка изображений в неверном формате (например, .txt)."
"passed","Fri Jan 02 01:50:53 UTC 2026","Fri Jan 02 01:50:53 UTC 2026","193","tests.tickets","test_01_get_tickets","","","","test_get_tickets_invalid_search[invalid_search2-400-client]","Негативный тест: передаем некорректные параметры поиска"
"passed","Fri Jan 02 01:24:19 UTC 2026","Fri Jan 02 01:24:19 UTC 2026","826","tests.catalog","test_get_recommended_products","","","","test_get_recommended_products_invalid_id[]","
    Негативный тест: передан некорректный ID (тип/значение)
    "
"passed","Fri Jan 02 01:43:42 UTC 2026","Fri Jan 02 01:43:43 UTC 2026","613","tests.one_c","test_create_1c_stock","","","","test_post_bad_request_or_unprocessable[<lambda>5]",""
"passed","Fri Jan 02 01:36:39 UTC 2026","Fri Jan 02 01:36:39 UTC 2026","198","tests.delivery","test_get_dpd_offices","","","","test_get_dpd_offices_invalid_city_id_should_fail[-admin]",""
"passed","Fri Jan 02 01:39:35 UTC 2026","Fri Jan 02 01:39:35 UTC 2026","199","tests.delivery","test_mongpost_postcodes","","","","test_get_mongpost_postcodes_success[client]","Позитивный тест: успешное получение списка почтовых индексов монгольской почты"
"passed","Fri Jan 02 01:14:44 UTC 2026","Fri Jan 02 01:14:49 UTC 2026","4985","tests.cart","test_12_cart_estimate_delivery","","","","test_estimate_delivery_success[partner-dpd_pickup-payload11]","
    Позитив: корзина с товаром, выбор способа доставки и расчёт стоимости для разных служб
    "
"passed","Fri Jan 02 01:50:36 UTC 2026","Fri Jan 02 01:50:37 UTC 2026","196","tests.tickets","test_01_get_tickets","","","","test_get_tickets_no_pagination[partner]","Негативный тест: запрос без обязательного параметра pagination"
"passed","Fri Jan 02 00:26:26 UTC 2026","Fri Jan 02 00:26:27 UTC 2026","637","tests.PROJECT_FUND.initiatives","test_get_reports","","","","test_get_reports_with_query_params[query3-https://dev.ewahelps.com/api]","Позитивный тест: получение списка отчетов с query-параметрами"
"passed","Fri Jan 02 01:20:25 UTC 2026","Fri Jan 02 01:20:31 UTC 2026","5646","tests.catalog","test_create_admin_product_translation","","","","test_create_admin_product_translation_success[ka]","Создание и обновление перевода продукта на разных языках."
"passed","Fri Jan 02 01:25:38 UTC 2026","Fri Jan 02 01:25:38 UTC 2026","578","tests.catalog","test_recommended_products_selfpickup","","","","test_get_recommended_products_selfpickup_unauthorized","
    Негативный тест: запрос без авторизации
    "
"skipped","Fri Jan 02 00:30:07 UTC 2026","Fri Jan 02 00:30:07 UTC 2026","0","tests.account","test_token_revoke","","","","test_revoke_token_positive[admin-payload1]","Позитивные тесты на удаление токена"
"skipped","Fri Jan 02 01:49:24 UTC 2026","Fri Jan 02 01:49:24 UTC 2026","0","tests.stock","test_create_stock","","","","test_create_stock_with_empty_string_log_if_not_200[address.building]",""
"passed","Fri Jan 02 01:23:11 UTC 2026","Fri Jan 02 01:23:16 UTC 2026","5454","tests.catalog","test_get_admin_product_translation","","","","test_get_admin_product_translation_forbidden[partner]","Запрет получения переводов для клиента/партнёра."
"passed","Fri Jan 02 01:42:10 UTC 2026","Fri Jan 02 01:42:19 UTC 2026","8635","tests.integration","test_order_selfpickup_ewa","","","","test_order_selfpickup_ewa",""
"skipped","Fri Jan 02 01:36:12 UTC 2026","Fri Jan 02 01:36:12 UTC 2026","197","tests.delivery","test_get_delivery_countries","","","","test_get_delivery_countries_invalid_from[1.5-admin]","Негатив: невалидные значения параметра from → 400/422."
"skipped","Fri Jan 02 01:35:29 UTC 2026","Fri Jan 02 01:35:30 UTC 2026","364","tests.delivery","test_get_cities_v2","","","","test_get_cities_v2_invalid_country_id_should_fail[abc-admin]","
    Негатив: невалидные значения country_id → 400/422.
    "
"passed","Fri Jan 02 00:43:54 UTC 2026","Fri Jan 02 00:43:58 UTC 2026","3204","tests.admin_panel.products","test_01_recommended_products_sort","","","","test_sort_recommendations_no_rights[partner]","Пользователь без прав пытается отсортировать рекомендации"
"passed","Fri Jan 02 01:09:49 UTC 2026","Fri Jan 02 01:09:49 UTC 2026","187","tests.cart","test_10_cart_save_city","","","","test_save_city_invalid_payload[partner-payload4]","Негатив: невалидный payload."
"passed","Fri Jan 02 01:53:02 UTC 2026","Fri Jan 02 01:53:04 UTC 2026","1805","tests.tickets","test_04_create_ticket","","","","test_create_ticket_success[client-attachments1-OtherQuestions]","Позитивный тест: создание тикета с разными темами и вложениями для клиента, партнера и админа"
"passed","Fri Jan 02 01:19:57 UTC 2026","Fri Jan 02 01:20:03 UTC 2026","5837","tests.catalog","test_create_admin_product_translation","","","","test_create_admin_product_translation_success[ru]","Создание и обновление перевода продукта на разных языках."
"skipped","Fri Jan 02 01:49:39 UTC 2026","Fri Jan 02 01:49:39 UTC 2026","215","tests.stock","test_get_group_orders","","","","test_get_group_orders_invalid_country_id[1.5-admin]","Проверка получения складов по невалидному country_id"
"skipped","Fri Jan 02 01:49:24 UTC 2026","Fri Jan 02 01:49:24 UTC 2026","0","tests.stock","test_create_stock","","","","test_create_stock_with_empty_string_log_if_not_200[address.comment]",""
"skipped","Fri Jan 02 01:48:38 UTC 2026","Fri Jan 02 01:48:38 UTC 2026","200","tests.statistic","test_team_go","","","","test_get_team_go_statistic_negative[payload0-partner]","Негативный тест: ошибка при получении статистики по команде с невалидным телом запроса"
"passed","Fri Jan 02 00:36:03 UTC 2026","Fri Jan 02 00:36:04 UTC 2026","776","tests.admin_panel.categories","test_57_v2_update_category","","","","test_v2_update_category_invalid_id[abc]","Негативный тест: несуществующий или некорректный ID."
"passed","Fri Jan 02 01:00:33 UTC 2026","Fri Jan 02 01:00:37 UTC 2026","4305","tests.admin_panel.slides","test_61_upload_slides_images","","","","test_upload_slide_images_file_too_large[4.7-fields_to_send2-204]","Негативный тест: загрузка слишком большого изображения."
"skipped","Fri Jan 02 01:36:10 UTC 2026","Fri Jan 02 01:36:11 UTC 2026","195","tests.delivery","test_get_delivery_countries","","","","test_get_delivery_countries_invalid_from[123-admin]","Негатив: невалидные значения параметра from → 400/422."
"passed","Fri Jan 02 01:34:15 UTC 2026","Fri Jan 02 01:34:15 UTC 2026","197","tests.delivery","test_get_boxberry_offices","","","","test_get_boxberry_offices_invalid_city_id_should_fail[bad_city_id7-admin]",""
"skipped","Fri Jan 02 00:27:49 UTC 2026","Fri Jan 02 00:27:49 UTC 2026","0","tests.account","test_account_branded_wallet_get","","","","test_get_invalid_period_returns_422[period0-partner]","
    Негатив: невалидные month/year → 422.
    "
"skipped","Fri Jan 02 01:49:18 UTC 2026","Fri Jan 02 01:49:18 UTC 2026","199","tests.statistic","test_team_registrations","","","","test_get_team_registration_statistic_negative[payload1-admin]","Негативный тест: ошибка при получении статистики регистрации команды с невалидным телом запроса"
"passed","Fri Jan 02 00:26:19 UTC 2026","Fri Jan 02 00:26:20 UTC 2026","608","tests.PROJECT_FUND.initiatives","test_get_report_by_id","","","","test_get_report_by_invalid_id[-https://dev.ewahelps.com/api]","Негативный тест: невалидный или несуществующий path-параметр"
"passed","Fri Jan 02 00:32:07 UTC 2026","Fri Jan 02 00:32:08 UTC 2026","808","tests.admin_panel","test_04_generate_support_token","","","","test_invalid_ttl_returns_400[-1]",""
"passed","Fri Jan 02 01:52:26 UTC 2026","Fri Jan 02 01:52:28 UTC 2026","1776","tests.tickets","test_04_create_ticket","","","","test_create_ticket_success[client-attachments1-QuestionsAboutPaymentsToIP]","Позитивный тест: создание тикета с разными темами и вложениями для клиента, партнера и админа"
"passed","Fri Jan 02 00:27:06 UTC 2026","Fri Jan 02 00:27:06 UTC 2026","201","tests.account","test_0_top_partners_client_service_v2","","","","test_get_top_partners_client_service_v2_positive[client]","Позитивные тесты на получение топ-партнеров по сумме ЛО клиентов"
"skipped","Fri Jan 02 01:34:18 UTC 2026","Fri Jan 02 01:34:20 UTC 2026","1597","tests.delivery","test_get_boxberry_offices","","","","test_get_boxberry_offices_unauthorized",""
"skipped","Fri Jan 02 00:29:42 UTC 2026","Fri Jan 02 00:29:42 UTC 2026","0","tests.account","test_history_group_volumes_admin","","","","test_get_group_volumes_history_admin_positive[client-payload0]","Позитивные тесты на получение истории начисления групповых объемов для админа"
"skipped","Fri Jan 02 01:50:34 UTC 2026","Fri Jan 02 01:50:34 UTC 2026","0","tests.tickets","test_01_get_tickets","","","","test_get_tickets_success[filter2-sort0-search1-pagination1-admin]","Позитивный тест: получение списка тикетов с разными комбинациями параметров"
"passed","Fri Jan 02 00:38:32 UTC 2026","Fri Jan 02 00:38:33 UTC 2026","389","tests.admin_panel.items","test_create_item","","","","test_create_item_forbidden[partner]","Негативный тест: создание варианта не-админом запрещено."
"passed","Fri Jan 02 00:25:37 UTC 2026","Fri Jan 02 00:25:38 UTC 2026","847","tests.PROJECT_EDUCATION.test_system","test_06_get_result","","","","test_get_result_invalid_id__400_or_404[1.5]",""
"skipped","Fri Jan 02 00:26:54 UTC 2026","Fri Jan 02 00:26:54 UTC 2026","0","tests.account","test_0_marathon","","","","test_create_product_brand_invalid_payload[params3-400-client]",""
"skipped","Fri Jan 02 01:49:34 UTC 2026","Fri Jan 02 01:49:34 UTC 2026","211","tests.stock","test_get_group_orders","","","","test_get_group_orders_invalid_country_id[abc-admin]","Проверка получения складов по невалидному country_id"
"skipped","Fri Jan 02 01:49:24 UTC 2026","Fri Jan 02 01:49:24 UTC 2026","0","tests.stock","test_create_stock","","","","test_create_stock_with_empty_string_log_if_not_200[delivery_restrictions]",""
"skipped","Fri Jan 02 01:50:34 UTC 2026","Fri Jan 02 01:50:34 UTC 2026","0","tests.tickets","test_01_get_tickets","","","","test_get_tickets_success[filter0-sort0-search2-pagination1-client]","Позитивный тест: получение списка тикетов с разными комбинациями параметров"
"passed","Fri Jan 02 01:09:27 UTC 2026","Fri Jan 02 01:09:27 UTC 2026","600","tests.cart","test_09_cart_save_region","","","","test_save_region_unauthorized","Негатив: вызов без авторизации/корзины."
"skipped","Fri Jan 02 01:08:43 UTC 2026","Fri Jan 02 01:08:43 UTC 2026","646","tests.cart","test_07_cart_update_multi","","","","test_update_cart_items_multi_invalid_payload[client-payload0]","Негатив: невалидный payload для /cart/update_multi."
"passed","Fri Jan 02 00:53:50 UTC 2026","Fri Jan 02 00:53:51 UTC 2026","801","tests.admin_panel.sliders","test_53_get_sliders_by_id","","","","test_get_sliders_invalid_id[abc]","Негативный тест: получение слайдера по невалидному ID"
"skipped","Fri Jan 02 00:33:21 UTC 2026","Fri Jan 02 00:33:21 UTC 2026","0","tests.admin_panel","test_accrue_presidential_pool","","","","test_accrue_presidential_pool_forbidden[client]",""
"passed","Fri Jan 02 00:32:59 UTC 2026","Fri Jan 02 00:33:00 UTC 2026","784","tests.admin_panel","test_05_admin_support_users_token_revoke_all","","","","test_invalid_user_id_for_revoke_all_returns_client_error[0]",""
"passed","Fri Jan 02 01:35:48 UTC 2026","Fri Jan 02 01:35:49 UTC 2026","187","tests.delivery","test_get_delivery_countries","","","","test_get_delivery_countries_success[None-admin]","Позитив: успешное получение списка стран с разными значениями ?from=."
"passed","Fri Jan 02 00:35:36 UTC 2026","Fri Jan 02 00:35:37 UTC 2026","783","tests.admin_panel.categories","test_56_v2_create_category","","","","test_v2_create_category_invalid_payload[payload6-422]","Негативный тест: создание категории с невалидным телом запроса."
"passed","Fri Jan 02 00:45:23 UTC 2026","Fri Jan 02 00:45:24 UTC 2026","815","tests.admin_panel.products","test_40_create_product_brand","","","","test_create_product_brand_invalid_payload[payload5-expected_codes5]","Негативные кейсы: невалидные поля при создании бренда."
"passed","Fri Jan 02 01:23:31 UTC 2026","Fri Jan 02 01:23:31 UTC 2026","199","tests.catalog","test_get_currencies","","","","test_get_currencies_success[partner]","
    Позитивный тест: успешное получение списка валют
    "
"passed","Fri Jan 02 01:23:40 UTC 2026","Fri Jan 02 01:23:41 UTC 2026","823","tests.catalog","test_get_item_by_id","","","","test_get_item_not_found[99999999]","
    Негативный тест: товар с указанным ID не найден
    "
"skipped","Fri Jan 02 01:50:34 UTC 2026","Fri Jan 02 01:50:34 UTC 2026","0","tests.tickets","test_01_get_tickets","","","","test_get_tickets_success[filter2-sort1-search0-pagination1-admin]","Позитивный тест: получение списка тикетов с разными комбинациями параметров"
"skipped","Fri Jan 02 01:38:52 UTC 2026","Fri Jan 02 01:38:52 UTC 2026","200","tests.delivery","test_get_kgpost_offices","","","","test_get_kgpost_offices_invalid_city_id_should_fail[-1-admin]",""
"passed","Fri Jan 02 01:09:57 UTC 2026","Fri Jan 02 01:09:58 UTC 2026","598","tests.cart","test_11_cart_save_delivery_method","","","","test_save_delivery_method_success[client-Kazpost]","
    Позитив: сохранение способа доставки для всех значений без корзины
    "
"skipped","Fri Jan 02 01:47:35 UTC 2026","Fri Jan 02 01:47:35 UTC 2026","0","tests.sockets","test_bot_adversarial_answers","","","","test_chatbot_adversarial_answers_matrix[client-client]",""
"passed","Fri Jan 02 00:36:20 UTC 2026","Fri Jan 02 00:36:21 UTC 2026","1247","tests.admin_panel.categories","test_57_v2_update_category","","","","test_v2_update_category_invalid_payload[payload4-422]","Негативный тест: обновление категории с невалидным или неполным телом запроса."
"passed","Fri Jan 02 00:56:22 UTC 2026","Fri Jan 02 00:56:23 UTC 2026","818","tests.admin_panel.slides","test_57_create_slide","","","","test_create_slide_invalid_payload[payload2-expected_code2]","Негативные тесты: некорректные и неполные payload'ы."
"passed","Fri Jan 02 01:02:13 UTC 2026","Fri Jan 02 01:02:14 UTC 2026","188","tests.admin_panel.slides","test_62_slides_update_video_url","","","","test_update_video_url_forbidden[partner]","Негативный тест: не-админ не может обновить ссылку на мастер-файл"
"passed","Fri Jan 02 01:59:12 UTC 2026","Fri Jan 02 01:59:14 UTC 2026","1616","tests.tickets","test_04_create_ticket","","","","test_create_ticket_success[admin-attachments2-QuestionsAboutTheMarriageContract]","Позитивный тест: создание тикета с разными темами и вложениями для клиента, партнера и админа"
"skipped","Fri Jan 02 01:50:34 UTC 2026","Fri Jan 02 01:50:34 UTC 2026","0","tests.tickets","test_01_get_tickets","","","","test_get_tickets_success[filter2-sort1-search2-pagination1-admin]","Позитивный тест: получение списка тикетов с разными комбинациями параметров"
"skipped","Fri Jan 02 01:18:35 UTC 2026","Fri Jan 02 01:18:35 UTC 2026","0","tests.cart","test_exclusive_preorder_cart_update_multi","","","","test_cart_update_multi_checks_permission_for_exclusive_400[partner]",""
"failed","Fri Jan 02 00:24:42 UTC 2026","Fri Jan 02 00:24:44 UTC 2026","1921","tests.PROJECT_EDUCATION.test_system","test_03_user_answers","","","","test_user_answers_invalid_payload__400_or_422[payload4]",""
"passed","Fri Jan 02 01:53:41 UTC 2026","Fri Jan 02 01:53:43 UTC 2026","1606","tests.tickets","test_04_create_ticket","","","","test_create_ticket_success[client-attachments2-QuestionsAboutProducts]","Позитивный тест: создание тикета с разными темами и вложениями для клиента, партнера и админа"
"passed","Fri Jan 02 01:37:26 UTC 2026","Fri Jan 02 01:37:26 UTC 2026","199","tests.delivery","test_get_europost_offices","","","","test_get_europost_offices_success[1573-admin]",""
"skipped","Fri Jan 02 01:16:30 UTC 2026","Fri Jan 02 01:16:30 UTC 2026","194","tests.cart","test_17_cart_update_user_country","","","","test_update_user_country_invalid_payload[partner-payload0]","Негатив: невалидный payload."
"passed","Fri Jan 02 01:09:42 UTC 2026","Fri Jan 02 01:09:42 UTC 2026","187","tests.cart","test_10_cart_save_city","","","","test_save_city_invalid_payload[partner-payload0]","Негатив: невалидный payload."
"passed","Fri Jan 02 01:30:26 UTC 2026","Fri Jan 02 01:30:29 UTC 2026","3227","tests.delivery","test_01_save_delivery_address","","","","test_save_delivery_address_positive[partner-payload5]","Позитивные тесты на сохранение адреса доставки"
"passed","Fri Jan 02 00:41:17 UTC 2026","Fri Jan 02 00:41:18 UTC 2026","817","tests.admin_panel.items","test_get_item_translation","","","","test_get_item_translation_not_found",""
"passed","Fri Jan 02 01:05:19 UTC 2026","Fri Jan 02 01:05:19 UTC 2026","202","tests.cart","test_01_user_locale","","","","test_update_user_locale_valid_payload_1[partner-payload7]","
    Позитивный тест: Обновление языка/склада/локали авторизованным пользователем"
"passed","Fri Jan 02 00:52:32 UTC 2026","Fri Jan 02 00:52:33 UTC 2026","1650","tests.admin_panel.promo","test_78_delete_promotion_item","","","","test_delete_promotion_item_success","Позитивный тест: удаление элемента акции из двух админом."
