"Status","Start Time","Stop Time","Duration in ms","Parent Suite","Suite","Sub Suite","Test Class","Test Method","Name","Description"
"passed","Thu Jul 10 01:12:16 UTC 2025","Thu Jul 10 01:12:17 UTC 2025","138","tests.account","test_0_users_by_lo_rating","","","","test_get_users_by_lo_rating_positive[client]","Позитивные тесты на получение рейтинга продавцов по личному объему"
"passed","Thu Jul 10 01:12:21 UTC 2025","Thu Jul 10 01:12:21 UTC 2025","139","tests.admin_panel.categories","test_46_create_category","","","","test_create_category_forbidden[partner]","Негативный тест: создание категории не-админом запрещено."
"passed","Thu Jul 10 01:13:40 UTC 2025","Thu Jul 10 01:13:41 UTC 2025","583","tests.admin_panel.slides","test_57_create_slide","","","","test_create_slide_invalid_payload[payload16-422]","Негативные тесты: некорректные и неполные payload'ы."
"passed","Thu Jul 10 01:14:12 UTC 2025","Thu Jul 10 01:14:13 UTC 2025","1087","tests.catalog","test_create_admin_product_translation","","","","test_create_admin_product_translation_invalid_payload[payload0-400]",""
"skipped","Thu Jul 10 01:14:28 UTC 2025","Thu Jul 10 01:14:30 UTC 2025","1479","tests.tickets","test_06_close_ticket","","","","test_close_tickets_negative[client-ticket_ids1-400]","Негативные тесты: закрытие с некорректными данными"
"passed","Thu Jul 10 01:13:13 UTC 2025","Thu Jul 10 01:13:13 UTC 2025","139","tests.admin_panel.slides","test_56_get_slides","","","","test_get_slides_forbidden[partner]","Негативный тест: получение списка слайдов не админом."
"skipped","Thu Jul 10 01:14:05 UTC 2025","Thu Jul 10 01:14:05 UTC 2025","158","tests.register","test_01_register_form","","","","test_register_form_negative[partner-payload0-400]",""
"passed","Thu Jul 10 01:12:15 UTC 2025","Thu Jul 10 01:12:15 UTC 2025","146","tests.account","test_0_funds_transfer_withdrawal_info","","","","test_get_withdrawal_info_positive[partner-200]","Позитивные тесты на получение информации о выводе средств"
"passed","Thu Jul 10 01:14:04 UTC 2025","Thu Jul 10 01:14:05 UTC 2025","1366","tests.admin_panel.slides","test_61_upload_slides_images","","","","test_upload_only_single_slide_image_field[image-test_jpg.jpg-image/jpeg-image]","Проверка: загрузка только одного изображения не должна заполнять другие поля."
"skipped","Thu Jul 10 01:14:33 UTC 2025","Thu Jul 10 01:14:35 UTC 2025","1182","tests.tickets","test_06_close_ticket","","","","test_close_tickets_negative[partner-None-400]","Негативные тесты: закрытие с некорректными данными"
"passed","Thu Jul 10 01:14:22 UTC 2025","Thu Jul 10 01:14:22 UTC 2025","139","tests.cart","test_get_delivery_cost","","","","test_get_delivery_cost_invalid_payload[admin-payload5]","Негативный тест: некорректные входные данные"
"passed","Thu Jul 10 01:14:37 UTC 2025","Thu Jul 10 01:14:37 UTC 2025","145","tests.tickets","test_01_get_tickets","","","","test_get_tickets_success[filter0-sort1-search0-pagination0-client]","Позитивный тест: получение списка тикетов с разными комбинациями параметров"
"passed","Thu Jul 10 01:14:16 UTC 2025","Thu Jul 10 01:14:16 UTC 2025","141","tests.tickets","test_01_get_tickets","","","","test_get_tickets_success[filter0-sort0-search0-pagination0-partner]","Позитивный тест: получение списка тикетов с разными комбинациями параметров"
"passed","Thu Jul 10 01:13:50 UTC 2025","Thu Jul 10 01:13:50 UTC 2025","574","tests.admin_panel.slides","test_57_create_slide","","","","test_create_slide_title_color_validation[ -400]","Валидация поля title_color при создании слайда."
"passed","Thu Jul 10 01:14:04 UTC 2025","Thu Jul 10 01:14:04 UTC 2025","167","tests.cart","test_get_delivery_cost","","","","test_get_delivery_cost_success_partial_payload[admin-payload4-400]","Позитивный тест: успешное получение ТК при неполном наборе (город без региона, без ID и т.п.)"
"passed","Thu Jul 10 01:12:33 UTC 2025","Thu Jul 10 01:12:34 UTC 2025","1151","tests.admin_panel.categories","test_48_update_category","","","","test_update_category_invalid_payload[payload2-400]","Негативный тест: обновление категории с невалидным телом запроса."
"passed","Thu Jul 10 01:14:21 UTC 2025","Thu Jul 10 01:14:21 UTC 2025","141","tests.statistic","test_team_go","","","","test_get_team_go_statistic_positive[payload3-client]","Позитивный тест: получение статистики по команде с валидным телом запроса"
"passed","Thu Jul 10 01:13:30 UTC 2025","Thu Jul 10 01:13:30 UTC 2025","448","tests.auth","test_05_logout","","","","test_logout_invalid_token","Тест разлогинивания с невалидным токеном"
"passed","Thu Jul 10 01:12:34 UTC 2025","Thu Jul 10 01:12:34 UTC 2025","597","tests.admin_panel.categories","test_47_get_categories_by_id","","","","test_get_categories_invalid_id[]","Негативный тест: получение категории по невалидному ID."
"passed","Thu Jul 10 01:13:18 UTC 2025","Thu Jul 10 01:13:20 UTC 2025","1180","tests.admin_panel.slides","test_60_delete_slides","","","","test_delete_slide_forbidden[partner]","Негативный тест: попытка удаления слайда не-админом."
"passed","Thu Jul 10 01:14:24 UTC 2025","Thu Jul 10 01:14:24 UTC 2025","140","tests.statistic","test_team_go","","","","test_get_team_go_statistic_negative[payload0-admin]","Негативный тест: ошибка при получении статистики по команде с невалидным телом запроса"
"passed","Thu Jul 10 01:15:27 UTC 2025","Thu Jul 10 01:15:27 UTC 2025","153","tests.tickets","test_01_get_tickets","","","","test_get_tickets_success[filter2-sort1-search1-pagination0-admin]","Позитивный тест: получение списка тикетов с разными комбинациями параметров"
"skipped","Thu Jul 10 01:12:28 UTC 2025","Thu Jul 10 01:12:28 UTC 2025","0","tests.admin_panel.products","test_01_delete_product_group","","","","test_delete_product_group_invalid_id[0]","Негативный тест: удаление несуществующей или некорректной продукт группы."
"passed","Thu Jul 10 01:13:22 UTC 2025","Thu Jul 10 01:13:22 UTC 2025","411","tests.auth","test_01_check_version","","","","test_check_version[Android-1.0.0-200]","Тест проверяет API /check_version для разных платформ и версий."
"skipped","Thu Jul 10 01:13:52 UTC 2025","Thu Jul 10 01:13:52 UTC 2025","131","tests.cart","test_user_locale","","","","test_update_user_locale_invalid_payload[partner-payload0-400]","Негативный тест: обновление локали с невалидным payload."
"skipped","Thu Jul 10 01:13:44 UTC 2025","Thu Jul 10 01:13:44 UTC 2025","451","tests.cart","test_user_locale","","","","test_update_user_locale_valid_payload[payload7]","
    Позитивный и чтест: Обновление языка/склада/локали НЕавторизованным пользователем."
"passed","Thu Jul 10 01:13:30 UTC 2025","Thu Jul 10 01:13:31 UTC 2025","1320","tests.admin_panel.slides","test_59_update_slide","","","","test_update_slide_invalid_payload[payload3-expected_code3]","Негативный тест: обновление слайда с невалидным или неполным телом запроса."
"skipped","Thu Jul 10 01:12:14 UTC 2025","Thu Jul 10 01:12:14 UTC 2025","0","tests.account","test_0_marathon","","","","test_create_product_brand_invalid_payload[params6-400-partner]",""
"failed","Thu Jul 10 01:13:53 UTC 2025","Thu Jul 10 01:13:54 UTC 2025","907","tests.catalog","test_get_admin_product_translation","","","","test_get_admin_product_translation_forbidden[partner]",""
"passed","Thu Jul 10 01:12:56 UTC 2025","Thu Jul 10 01:13:00 UTC 2025","3518","tests.admin_panel.products","test_44_upload_product_brand_images","","","","test_upload_product_brand_images_various_fields[4.7-fields_to_send0-204]","Негативный тест. Загрузка слишком большого изображения."
"skipped","Thu Jul 10 01:12:16 UTC 2025","Thu Jul 10 01:12:16 UTC 2025","0","tests.account","test_family_agreement_create_three","","","","test_create_family_agreement_three_positive[client-payload1]","Позитивные тесты на создание семейного соглашения при аннулировании второго партнера"
"passed","Thu Jul 10 01:16:01 UTC 2025","Thu Jul 10 01:16:02 UTC 2025","1110","tests.tickets","test_04_create_ticket","","","","test_create_ticket_success[partner-attachments2-QuestionsAboutProducts]","Позитивный тест: создание тикета с разными темами и вложениями для клиента, партнера и админа"
"passed","Thu Jul 10 01:13:15 UTC 2025","Thu Jul 10 01:13:15 UTC 2025","608","tests.admin_panel.promo","test_77_create_promotion_item","","","","test_create_promotion_item_invalid_ids[1-999999-404]",""
"passed","Thu Jul 10 01:13:21 UTC 2025","Thu Jul 10 01:13:21 UTC 2025","559","tests.admin_panel.slides","test_60_delete_slides","","","","test_delete_slide_invalid_id[9999999]","Негативный тест: удаление несуществующего или некорректного слайда."
"skipped","Thu Jul 10 01:14:00 UTC 2025","Thu Jul 10 01:14:00 UTC 2025","0","tests.orders","test_orders_v2_pay","","","","test_orders_v2_pay_invalid_data[invalid_payload0-400]","Негативный тест: отправка некорректных данных"
"passed","Thu Jul 10 01:12:31 UTC 2025","Thu Jul 10 01:12:33 UTC 2025","1136","tests.admin_panel.categories","test_50_upload_category_images","","","","test_upload_category_images_invalid_format[invalid.docx-application/vnd.openxmlformats-officedocument.wordprocessingml.document-400]","Негативный тест: загрузка изображений в неверном формате (например, .txt)."
"passed","Thu Jul 10 01:12:48 UTC 2025","Thu Jul 10 01:12:50 UTC 2025","2174","tests.admin_panel.categories","test_80_create_category_translation","","","","test_category_translation_update_duplicate_lang_code","Позитивный тест: обновление перевода при повторной отправке с тем же lang_code."
"skipped","Thu Jul 10 01:13:46 UTC 2025","Thu Jul 10 01:13:46 UTC 2025","132","tests.cart","test_user_locale","","","","test_update_user_locale_invalid_payload[client-payload1-422]","Негативный тест: обновление локали с невалидным payload."
"passed","Thu Jul 10 01:13:27 UTC 2025","Thu Jul 10 01:13:27 UTC 2025","431","tests.auth","test_04_refresh","","","","test_refresh_token_invalid","Тест обновления токена с недействительным refresh-токеном."
"passed","Thu Jul 10 01:14:46 UTC 2025","Thu Jul 10 01:14:46 UTC 2025","147","tests.tickets","test_01_get_tickets","","","","test_get_tickets_success[filter0-sort1-search2-pagination0-admin]","Позитивный тест: получение списка тикетов с разными комбинациями параметров"
"skipped","Thu Jul 10 01:12:14 UTC 2025","Thu Jul 10 01:12:14 UTC 2025","0","tests.account","test_0_marathon","","","","test_get_marathon_is_purchased_negative[partner-400]","Негативный кейс — проверяет приобретал ли аккаунт марафонский набор (все поля)"
"skipped","Thu Jul 10 01:14:00 UTC 2025","Thu Jul 10 01:14:00 UTC 2025","0","tests.orders","test_orders_v2_pay","","","","test_orders_v2_pay_invalid_data[invalid_payload1-400]","Негативный тест: отправка некорректных данных"
"skipped","Thu Jul 10 01:12:16 UTC 2025","Thu Jul 10 01:12:16 UTC 2025","0","tests.account","test_history_group_volumes_admin","","","","test_get_group_volumes_history_admin_positive[admin-payload0]","Позитивные тесты на получение истории начисления групповых объемов для админа"
"passed","Thu Jul 10 01:16:07 UTC 2025","Thu Jul 10 01:16:08 UTC 2025","1112","tests.tickets","test_04_create_ticket","","","","test_create_ticket_success[partner-attachments2-OtherQuestions]","Позитивный тест: создание тикета с разными темами и вложениями для клиента, партнера и админа"
"skipped","Thu Jul 10 01:12:16 UTC 2025","Thu Jul 10 01:12:16 UTC 2025","0","tests.account","test_history_personal_volumes_admin","","","","test_get_personal_volumes_history_admin_positive[admin-payload0]","Позитивные тесты на получение истории начисления личных объемов для админа"
"passed","Thu Jul 10 01:12:18 UTC 2025","Thu Jul 10 01:12:19 UTC 2025","628","tests.PROJECT_FUND.initiatives","test_get_reports","","","","test_get_reports_invalid_query_params[query3-https://dev.ewahelps.com/api]","Негативный тест: запрос с некорректными query-параметрами"
"passed","Thu Jul 10 01:12:42 UTC 2025","Thu Jul 10 01:12:43 UTC 2025","1177","tests.admin_panel.categories","test_48_update_category","","","","test_update_category_invalid_payload[payload8-422]","Негативный тест: обновление категории с невалидным телом запроса."
"passed","Thu Jul 10 01:12:30 UTC 2025","Thu Jul 10 01:12:31 UTC 2025","563","tests.admin_panel.categories","test_48_update_category","","","","test_update_category_invalid_id[abc]","Негативный тест: несуществующий или некорректный ID."
"passed","Thu Jul 10 01:14:27 UTC 2025","Thu Jul 10 01:14:27 UTC 2025","143","tests.tickets","test_01_get_tickets","","","","test_get_tickets_success[filter0-sort0-search1-pagination1-admin]","Позитивный тест: получение списка тикетов с разными комбинациями параметров"
"passed","Thu Jul 10 01:12:55 UTC 2025","Thu Jul 10 01:12:57 UTC 2025","1393","tests.admin_panel.promo","test_76_get_promotion_items","","","","test_get_promotion_item_forbidden[partner]","Негативный тест: получение элемента акции не-админом запрещено."
"passed","Thu Jul 10 01:14:39 UTC 2025","Thu Jul 10 01:14:39 UTC 2025","135","tests.statistic","test_team_registrations","","","","test_get_team_registration_statistic_negative[payload5-admin]","Негативный тест: ошибка при получении статистики регистрации команды с невалидным телом запроса"
"skipped","Thu Jul 10 01:13:53 UTC 2025","Thu Jul 10 01:13:53 UTC 2025","132","tests.cart","test_user_locale","","","","test_update_user_locale_invalid_payload[partner-payload1-422]","Негативный тест: обновление локали с невалидным payload."
"passed","Thu Jul 10 01:14:18 UTC 2025","Thu Jul 10 01:14:18 UTC 2025","134","tests.delivery","test_01_save_delivery_address","","","","test_save_delivery_address_negative[partner-payload4-400]","Негативные тесты на сохранение адреса доставки (отсутствие обязательных полей, некорректные данные)"
"skipped","Thu Jul 10 01:12:14 UTC 2025","Thu Jul 10 01:12:14 UTC 2025","0","tests.account","test_0_marathon","","","","test_get_marathon_is_purchased_negative[admin-400]","Негативный кейс — проверяет приобретал ли аккаунт марафонский набор (все поля)"
"passed","Thu Jul 10 01:12:55 UTC 2025","Thu Jul 10 01:12:56 UTC 2025","610","tests.admin_panel.promo","test_75_delete_promotion_by_id","","","","test_delete_promotion_invalid_id[-1]","Негативный тест: удаление несуществующей или некорректной акции."
"passed","Thu Jul 10 01:14:50 UTC 2025","Thu Jul 10 01:14:50 UTC 2025","143","tests.tickets","test_01_get_tickets","","","","test_get_tickets_success[filter1-sort0-search0-pagination0-admin]","Позитивный тест: получение списка тикетов с разными комбинациями параметров"
"skipped","Thu Jul 10 01:12:16 UTC 2025","Thu Jul 10 01:12:16 UTC 2025","0","tests.account","test_history","","","","test_get_history_positive[client-payload0]","Позитивные тесты на получение истории аккаунта"
"failed","Thu Jul 10 01:12:16 UTC 2025","Thu Jul 10 01:12:17 UTC 2025","615","tests.PROJECT_FUND.initiatives","test_get_reports","","","","test_get_reports_with_query_params[query3-https://dev.ewahelps.com/api]","Позитивный тест: получение списка отчетов с query-параметрами"
"passed","Thu Jul 10 01:15:41 UTC 2025","Thu Jul 10 01:15:41 UTC 2025","134","tests.tickets","test_01_get_tickets","","","","test_get_tickets_invalid_search[invalid_search1-400-partner]","Негативный тест: передаем некорректные параметры поиска"
"passed","Thu Jul 10 01:14:47 UTC 2025","Thu Jul 10 01:14:48 UTC 2025","1207","tests.tickets","test_04_create_ticket","","","","test_create_ticket_success[client-attachments1-OtherQuestions]","Позитивный тест: создание тикета с разными темами и вложениями для клиента, партнера и админа"
"passed","Thu Jul 10 01:14:15 UTC 2025","Thu Jul 10 01:14:15 UTC 2025","133","tests.delivery","test_03_delete_delivery_address","","","","test_delete_delivery_address_invalid_id[abc-client]","Негативные тесты: удаление адреса с некорректным ID"
"passed","Thu Jul 10 01:13:41 UTC 2025","Thu Jul 10 01:13:43 UTC 2025","2145","tests.admin_panel.slides","test_61_upload_slides_images","","","","test_upload_slide_images_file_too_large[5.3-fields_to_send3-400]","Негативный тест: загрузка слишком большого изображения."
"passed","Thu Jul 10 01:13:42 UTC 2025","Thu Jul 10 01:13:48 UTC 2025","6103","tests.admin_panel.slides","test_59_update_slide","","","","test_update_slide_invalid_payload[payload14-expected_code14]","Негативный тест: обновление слайда с невалидным или неполным телом запроса."
"passed","Thu Jul 10 01:12:41 UTC 2025","Thu Jul 10 01:12:42 UTC 2025","1125","tests.admin_panel.products","test_42_update_product_brand","","","","test_update_product_brand_forbidden[client]","Негативный тест: попытка обновления бренда не-админом."
"passed","Thu Jul 10 01:14:20 UTC 2025","Thu Jul 10 01:14:21 UTC 2025","611","tests.tickets","test_02_get_ticket_by_id","","","","test_get_ticket_invalid_id[None]","Негативный тест: передан некорректный ID."
"skipped","Thu Jul 10 01:12:16 UTC 2025","Thu Jul 10 01:12:16 UTC 2025","0","tests.account","test_get_languages","","","","test_get_languages_success[partner-123-400]","Возвращает список языков, доступных для перевода"
"passed","Thu Jul 10 01:14:21 UTC 2025","Thu Jul 10 01:14:22 UTC 2025","546","tests.tickets","test_04_create_ticket","","","","test_create_ticket_success[client-attachments0-QuestionsAboutOrders]","Позитивный тест: создание тикета с разными темами и вложениями для клиента, партнера и админа"
"passed","Thu Jul 10 01:13:27 UTC 2025","Thu Jul 10 01:13:28 UTC 2025","1099","tests.admin_panel.slides","test_59_update_slide","","","","test_update_slide_invalid_payload[payload1-expected_code1]","Негативный тест: обновление слайда с невалидным или неполным телом запроса."
"passed","Thu Jul 10 01:14:00 UTC 2025","Thu Jul 10 01:14:00 UTC 2025","412","tests.orders","test_orders_v2_pay","","","","test_orders_v2_pay_unauthorized","Негативный тест: запрос без авторизации"
"passed","Thu Jul 10 01:12:45 UTC 2025","Thu Jul 10 01:12:48 UTC 2025","2230","tests.admin_panel.categories","test_50_upload_category_images","","","","test_upload_category_images_file_too_large[5.3-fields_to_send1-400]","Негативный тест: загрузка слишком большого изображения."
"skipped","Thu Jul 10 01:12:14 UTC 2025","Thu Jul 10 01:12:14 UTC 2025","0","tests.account","test_0_marathon","","","","test_create_product_brand_invalid_payload[params6-400-client]",""
"skipped","Thu Jul 10 01:12:16 UTC 2025","Thu Jul 10 01:12:16 UTC 2025","0","tests.account","test_history_group_volumes","","","","test_get_group_volumes_history_positive[client-payload1]","Позитивные тесты на получение истории начисления групповых объемов"
"passed","Thu Jul 10 01:13:57 UTC 2025","Thu Jul 10 01:13:57 UTC 2025","133","tests.delivery","test_02_get_delivery_address","","","","test_get_delivery_addresses_invalid_pagination[invalid_pagination1-partner]","Негативные тесты: передача некорректных параметров пагинации"
"passed","Thu Jul 10 01:14:30 UTC 2025","Thu Jul 10 01:14:32 UTC 2025","1609","tests.delivery","test_01_save_delivery_address","","","","test_create_two_addresses_with_different_delivery[client]","Тест на создание двух адресов с одинаковыми данными, кроме street в delivery"
"passed","Thu Jul 10 01:16:34 UTC 2025","Thu Jul 10 01:16:35 UTC 2025","1221","tests.tickets","test_04_create_ticket","","","","test_create_ticket_success[admin-attachments1-QuestionsAboutProducts]","Позитивный тест: создание тикета с разными темами и вложениями для клиента, партнера и админа"
"passed","Thu Jul 10 01:14:53 UTC 2025","Thu Jul 10 01:14:55 UTC 2025","1231","tests.tickets","test_04_create_ticket","","","","test_create_ticket_success[client-attachments1-ReceivingProductsShortage]","Позитивный тест: создание тикета с разными темами и вложениями для клиента, партнера и админа"
"passed","Thu Jul 10 01:14:30 UTC 2025","Thu Jul 10 01:14:31 UTC 2025","145","tests.tickets","test_01_get_tickets","","","","test_get_tickets_success[filter0-sort0-search2-pagination1-partner]","Позитивный тест: получение списка тикетов с разными комбинациями параметров"
"passed","Thu Jul 10 01:16:15 UTC 2025","Thu Jul 10 01:16:15 UTC 2025","604","tests.tickets","test_04_create_ticket","","","","test_create_ticket_success[admin-attachments0-QuestionsAboutPaymentsToIP]","Позитивный тест: создание тикета с разными темами и вложениями для клиента, партнера и админа"
"passed","Thu Jul 10 01:13:06 UTC 2025","Thu Jul 10 01:13:07 UTC 2025","1312","tests.admin_panel.promo","test_77_create_promotion_item","","","","test_create_promotion_item_invalid_payload[payload6-422]",""
"passed","Thu Jul 10 01:12:31 UTC 2025","Thu Jul 10 01:12:32 UTC 2025","565","tests.admin_panel.categories","test_79_get_category_translation","","","","test_get_category_translation_invalid_id[1.5]",""
"skipped","Thu Jul 10 01:12:28 UTC 2025","Thu Jul 10 01:12:28 UTC 2025","0","tests.admin_panel.products","test_01_delete_product_group","","","","test_delete_product_group_forbidden[client]","Негативный тест: попытка удаления продукт группы не-админом."
"skipped","Thu Jul 10 01:12:16 UTC 2025","Thu Jul 10 01:12:16 UTC 2025","0","tests.account","test_get_languages","","","","test_get_languages_success[partner-web-200]","Возвращает список языков, доступных для перевода"
"skipped","Thu Jul 10 01:12:28 UTC 2025","Thu Jul 10 01:12:28 UTC 2025","0","tests.admin_panel.products","test_01_create_product_group","","","","test_create_product_group_with_duplicate_items","Негативный тест: попытка создать продукт группы с одинаковыми items."
"passed","Thu Jul 10 01:15:38 UTC 2025","Thu Jul 10 01:15:39 UTC 2025","137","tests.tickets","test_01_get_tickets","","","","test_get_tickets_invalid_pagination[invalid_pagination1-partner]","Негативный тест: передаем некорректные значения в pagination"
"passed","Thu Jul 10 01:13:40 UTC 2025","Thu Jul 10 01:13:41 UTC 2025","1147","tests.admin_panel.slides","test_59_update_slide","","","","test_update_slide_invalid_payload[payload12-400]","Негативный тест: обновление слайда с невалидным или неполным телом запроса."
"passed","Thu Jul 10 01:16:08 UTC 2025","Thu Jul 10 01:16:09 UTC 2025","1095","tests.tickets","test_04_create_ticket","","","","test_create_ticket_success[partner-attachments2-ChangePersonalData]","Позитивный тест: создание тикета с разными темами и вложениями для клиента, партнера и админа"
"passed","Thu Jul 10 01:14:23 UTC 2025","Thu Jul 10 01:14:23 UTC 2025","140","tests.statistic","test_team_activations","","","","test_get_team_activation_statistic_negative[payload4-partner]","Негативный тест: ошибка при получении статистики активации команды с невалидным телом запроса"
"skipped","Thu Jul 10 01:12:16 UTC 2025","Thu Jul 10 01:12:16 UTC 2025","0","tests.account","test_family_agreement_create_one","","","","test_create_family_agreement_one_positive[partner-payload1]","Позитивные тесты на создание семейного соглашения при отсутствующем втором партнере"
"passed","Thu Jul 10 01:14:54 UTC 2025","Thu Jul 10 01:14:55 UTC 2025","141","tests.tickets","test_01_get_tickets","","","","test_get_tickets_success[filter1-sort0-search1-pagination1-partner]","Позитивный тест: получение списка тикетов с разными комбинациями параметров"
"skipped","Thu Jul 10 01:13:36 UTC 2025","Thu Jul 10 01:13:36 UTC 2025","134","tests.cart","test_user_locale","","","","test_update_user_locale_valid_payload_1[partner-payload0]","
    Позитивный тест: Обновление языка/склада/локали авторизованным пользователем."
"passed","Thu Jul 10 01:14:24 UTC 2025","Thu Jul 10 01:14:24 UTC 2025","141","tests.delivery","test_01_save_delivery_address","","","","test_save_delivery_address_negative[admin-payload4-400]","Негативные тесты на сохранение адреса доставки (отсутствие обязательных полей, некорректные данные)"
"passed","Thu Jul 10 01:13:59 UTC 2025","Thu Jul 10 01:13:59 UTC 2025","134","tests.orders","test_create_order_by_delivery_address","","","","test_create_order_invalid_data[invalid_payload1-client]","Негативные тесты: создание заказа с некорректными данными"
"skipped","Thu Jul 10 01:12:16 UTC 2025","Thu Jul 10 01:12:16 UTC 2025","0","tests.account","test_family_agreement_update_status","","","","test_update_family_agreement_status_positive[admin-payload1]","Позитивные тесты на изменение статуса семейного соглашения"
"passed","Thu Jul 10 01:14:18 UTC 2025","Thu Jul 10 01:14:18 UTC 2025","137","tests.statistic","test_team_go","","","","test_get_team_go_statistic_positive[payload1-partner]","Позитивный тест: получение статистики по команде с валидным телом запроса"
"passed","Thu Jul 10 01:17:21 UTC 2025","Thu Jul 10 01:17:22 UTC 2025","427","tests.tickets","test_04_create_ticket","","","","test_create_ticket_unauthorized","Негативный тест: попытка создания тикета без авторизации"
"passed","Thu Jul 10 01:13:58 UTC 2025","Thu Jul 10 01:13:58 UTC 2025","136","tests.delivery","test_02_get_delivery_address","","","","test_get_delivery_addresses_invalid_pagination[invalid_pagination1-admin]","Негативные тесты: передача некорректных параметров пагинации"
"passed","Thu Jul 10 01:15:17 UTC 2025","Thu Jul 10 01:15:17 UTC 2025","148","tests.tickets","test_01_get_tickets","","","","test_get_tickets_success[filter2-sort0-search1-pagination1-client]","Позитивный тест: получение списка тикетов с разными комбинациями параметров"
"failed","Thu Jul 10 01:14:01 UTC 2025","Thu Jul 10 01:14:02 UTC 2025","963","tests.catalog","test_create_admin_product_translation","","","","test_create_admin_product_translation_minimal_payload",""
"passed","Thu Jul 10 01:14:15 UTC 2025","Thu Jul 10 01:14:15 UTC 2025","135","tests.delivery","test_01_save_delivery_address","","","","test_save_delivery_address_negative[client-payload9-500]","Негативные тесты на сохранение адреса доставки (отсутствие обязательных полей, некорректные данные)"
"passed","Thu Jul 10 01:13:14 UTC 2025","Thu Jul 10 01:13:15 UTC 2025","1398","tests.admin_panel.slides","test_56_get_slides","","","","test_get_slides_after_adding","Интеграционный тест: добавление слайда и проверка его наличия в списке по ID."
"skipped","Thu Jul 10 01:12:16 UTC 2025","Thu Jul 10 01:12:16 UTC 2025","0","tests.account","test_pass_change","","","","test_change_password_positive[client-payload0]","Позитивные тесты на изменение пароля"
"passed","Thu Jul 10 01:13:45 UTC 2025","Thu Jul 10 01:13:48 UTC 2025","3065","tests.catalog","test_create_admin_product","","","","test_create_product_invalid_payload[payload6-422]",""
"passed","Thu Jul 10 01:12:20 UTC 2025","Thu Jul 10 01:12:22 UTC 2025","2433","tests.admin_panel.categories","test_50_upload_category_images","","","","test_upload_category_images_success","Позитивный тест: успешная загрузка изображений категории через multipart/form-data."
"passed","Thu Jul 10 01:14:21 UTC 2025","Thu Jul 10 01:14:22 UTC 2025","575","tests.tickets","test_02_get_ticket_by_id","","","","test_get_ticket_invalid_id[1.5]","Негативный тест: передан некорректный ID."
"passed","Thu Jul 10 01:14:35 UTC 2025","Thu Jul 10 01:14:35 UTC 2025","134","tests.statistic","test_team_go","","","","test_get_team_go_statistic_negative[payload5-admin]","Негативный тест: ошибка при получении статистики по команде с невалидным телом запроса"
"passed","Thu Jul 10 01:13:10 UTC 2025","Thu Jul 10 01:13:10 UTC 2025","559","tests.admin_panel.sliders","test_52_create_slider","","","","test_create_slider_invalid_payload[payload8-422]","Негативный тест: попытка создать слайдер с невалидным payload."
"passed","Thu Jul 10 01:14:31 UTC 2025","Thu Jul 10 01:14:31 UTC 2025","678","tests.tickets","test_04_create_ticket","","","","test_create_ticket_success[client-attachments0-ReceivingDefectiveProducts]","Позитивный тест: создание тикета с разными темами и вложениями для клиента, партнера и админа"
"passed","Thu Jul 10 01:12:46 UTC 2025","Thu Jul 10 01:12:47 UTC 2025","587","tests.admin_panel.promo","test_72_create_promotion","","","","test_create_promotion_invalid_data[payload3-400]","Негативные тесты: невалидные данные"
"passed","Thu Jul 10 01:13:28 UTC 2025","Thu Jul 10 01:13:28 UTC 2025","132","tests.auth","test_02_login","","","","test_client_login[client---400]",""
"passed","Thu Jul 10 01:15:07 UTC 2025","Thu Jul 10 01:15:08 UTC 2025","1150","tests.tickets","test_04_create_ticket","","","","test_create_ticket_success[client-attachments2-QuestionsAboutTheRewardSystemMarketingPlan]","Позитивный тест: создание тикета с разными темами и вложениями для клиента, партнера и админа"
"passed","Thu Jul 10 01:13:58 UTC 2025","Thu Jul 10 01:13:58 UTC 2025","134","tests.orders","test_create_order_by_delivery_address","","","","test_create_order_invalid_data[invalid_payload0-admin]","Негативные тесты: создание заказа с некорректными данными"
"skipped","Thu Jul 10 01:12:16 UTC 2025","Thu Jul 10 01:12:16 UTC 2025","0","tests.account","test_get_languages","","","","test_get_languages_success[partner-ios-200]","Возвращает список языков, доступных для перевода"
"passed","Thu Jul 10 01:12:33 UTC 2025","Thu Jul 10 01:12:38 UTC 2025","4679","tests.admin_panel.products","test_02_recommended_products_add","","","","test_add_duplicate_recommendation","Повторное добавление того же рекомендованного товара"
"passed","Thu Jul 10 01:12:17 UTC 2025","Thu Jul 10 01:12:17 UTC 2025","134","tests.account","test_0_referral_links","","","","test_get_referral_links_positive[client-403]","Позитивные тесты на получение реферальных ссылок"
"passed","Thu Jul 10 01:12:24 UTC 2025","Thu Jul 10 01:12:24 UTC 2025","568","tests.admin_panel.categories","test_50_upload_category_images","","","","test_upload_category_images_invalid_id","Негативный тест: несуществующий ID категории."
"skipped","Thu Jul 10 01:14:01 UTC 2025","Thu Jul 10 01:14:01 UTC 2025","131","tests.orders","test_group_order_change_country","","","","test_change_country_invalid_data[invalid_payload1-partner]","Негативные тесты: передача некорректных данных"
"skipped","Thu Jul 10 01:12:16 UTC 2025","Thu Jul 10 01:12:16 UTC 2025","0","tests.account","test_update_default_stock","","","","test_update_default_stock_positive[partner-payload0]","Позитивные тесты на изменение дефолтного склада"
"skipped","Thu Jul 10 01:14:30 UTC 2025","Thu Jul 10 01:14:31 UTC 2025","1245","tests.tickets","test_06_close_ticket","","","","test_close_tickets_negative[client-None-400]","Негативные тесты: закрытие с некорректными данными"
"passed","Thu Jul 10 01:12:55 UTC 2025","Thu Jul 10 01:12:56 UTC 2025","443","tests.admin_panel.promo","test_74_update_promotion","","","","test_update_promotion_unauthorized","Негативный тест: попытка обновления акции без авторизации."
"passed","Thu Jul 10 01:12:33 UTC 2025","Thu Jul 10 01:12:34 UTC 2025","574","tests.admin_panel.categories","test_47_get_categories_by_id","","","","test_get_categories_invalid_id[None]","Негативный тест: получение категории по невалидному ID."
"passed","Thu Jul 10 01:13:20 UTC 2025","Thu Jul 10 01:13:21 UTC 2025","670","tests.admin_panel.slides","test_60_delete_slides","","","","test_delete_slide_invalid_id[0]","Негативный тест: удаление несуществующего или некорректного слайда."
"passed","Thu Jul 10 01:14:08 UTC 2025","Thu Jul 10 01:14:08 UTC 2025","133","tests.statistic","test_team_activations","","","","test_get_team_activation_statistic_positive[payload0-admin]","Позитивный тест: получение статистики по активации команды с валидным телом запроса"
"skipped","Thu Jul 10 01:12:16 UTC 2025","Thu Jul 10 01:12:16 UTC 2025","0","tests.account","test_get_languages","","","","test_get_languages_success[client--400]","Возвращает список языков, доступных для перевода"
"skipped","Thu Jul 10 01:14:16 UTC 2025","Thu Jul 10 01:14:16 UTC 2025","144","tests.statistic","test_team_activations","","","","test_get_team_activation_statistic_negative[payload1-client]","Негативный тест: ошибка при получении статистики активации команды с невалидным телом запроса"
"passed","Thu Jul 10 01:12:34 UTC 2025","Thu Jul 10 01:12:35 UTC 2025","569","tests.admin_panel.categories","test_47_get_categories_by_id","","","","test_get_categories_invalid_id[1.5]","Негативный тест: получение категории по невалидному ID."
"passed","Thu Jul 10 01:15:01 UTC 2025","Thu Jul 10 01:15:01 UTC 2025","144","tests.tickets","test_01_get_tickets","","","","test_get_tickets_success[filter1-sort1-search0-pagination0-partner]","Позитивный тест: получение списка тикетов с разными комбинациями параметров"
"passed","Thu Jul 10 01:14:17 UTC 2025","Thu Jul 10 01:14:18 UTC 2025","1123","tests.tickets","test_02_get_ticket_by_id","","","","test_get_ticket_success[admin]","Позитивный тест: успешное получение тикета по ID для клиента, партнера и администратора."
"passed","Thu Jul 10 01:14:08 UTC 2025","Thu Jul 10 01:14:09 UTC 2025","143","tests.statistic","test_0_dashboard","","","","test_get_dashboard_statistic[admin]","Позитивный тест: получение статистики для дашборда ""прирост или убыль в числовом виде"
"passed","Thu Jul 10 01:13:57 UTC 2025","Thu Jul 10 01:13:57 UTC 2025","436","tests.fund","test_get_top_donors","","","","test_get_top_donors_invalid_params[invalid_param0-https://dev.ewahelps.com/api]","Негативный тест: переданы некорректные параметры."
"skipped","Thu Jul 10 01:14:18 UTC 2025","Thu Jul 10 01:14:18 UTC 2025","140","tests.statistic","test_team_activations","","","","test_get_team_activation_statistic_negative[payload2-partner]","Негативный тест: ошибка при получении статистики активации команды с невалидным телом запроса"
"passed","Thu Jul 10 01:13:18 UTC 2025","Thu Jul 10 01:13:18 UTC 2025","576","tests.admin_panel.slides","test_58_get_slides_by_id","","","","test_get_slides_invalid_id[-1]","Негативный тест: невалидный ID в path-параметре."
"passed","Thu Jul 10 01:15:07 UTC 2025","Thu Jul 10 01:15:07 UTC 2025","154","tests.tickets","test_01_get_tickets","","","","test_get_tickets_success[filter1-sort1-search1-pagination1-admin]","Позитивный тест: получение списка тикетов с разными комбинациями параметров"
"passed","Thu Jul 10 01:13:04 UTC 2025","Thu Jul 10 01:13:05 UTC 2025","1238","tests.admin_panel.promo","test_77_create_promotion_item","","","","test_create_promotion_item_invalid_payload[payload4-422]",""
"passed","Thu Jul 10 01:13:37 UTC 2025","Thu Jul 10 01:13:38 UTC 2025","562","tests.admin_panel.slides","test_57_create_slide","","","","test_create_slide_invalid_payload[payload11-400]","Негативные тесты: некорректные и неполные payload'ы."
"passed","Thu Jul 10 01:12:50 UTC 2025","Thu Jul 10 01:12:51 UTC 2025","577","tests.admin_panel.promo","test_73_get_promotion_by_id","","","","test_get_promotion_invalid_id[abc]","Негативный тест: получение акции по невалидному ID."
"passed","Thu Jul 10 01:14:13 UTC 2025","Thu Jul 10 01:14:14 UTC 2025","434","tests.temporary","test_get_account_exist","","","","test_account_exist[None-400]",""
"passed","Thu Jul 10 01:12:15 UTC 2025","Thu Jul 10 01:12:15 UTC 2025","141","tests.account","test_0_family_agreement_get","","","","test_get_family_agreement_positive[payload0-client]","Позитивные тесты на получение данных о семейном соглашении"
"passed","Thu Jul 10 01:14:15 UTC 2025","Thu Jul 10 01:14:15 UTC 2025","141","tests.delivery","test_01_save_delivery_address","","","","test_save_delivery_address_negative[client-payload8-500]","Негативные тесты на сохранение адреса доставки (отсутствие обязательных полей, некорректные данные)"
"passed","Thu Jul 10 01:14:26 UTC 2025","Thu Jul 10 01:14:27 UTC 2025","139","tests.delivery","test_01_save_delivery_address","","","","test_save_delivery_address_negative[admin-payload8-500]","Негативные тесты на сохранение адреса доставки (отсутствие обязательных полей, некорректные данные)"
"skipped","Thu Jul 10 01:12:16 UTC 2025","Thu Jul 10 01:12:16 UTC 2025","0","tests.account","test_pass_change","","","","test_change_password_positive[admin-payload1]","Позитивные тесты на изменение пароля"
"skipped","Thu Jul 10 01:14:00 UTC 2025","Thu Jul 10 01:14:00 UTC 2025","140","tests.orders","test_group_order_change_country","","","","test_change_country_invalid_data[invalid_payload1-client]","Негативные тесты: передача некорректных данных"
"skipped","Thu Jul 10 01:12:14 UTC 2025","Thu Jul 10 01:12:14 UTC 2025","0","tests.account","test_0_marathon","","","","test_get_marathon_is_purchased_negative[client-400]","Негативный кейс — проверяет приобретал ли аккаунт марафонский набор (все поля)"
"passed","Thu Jul 10 01:12:34 UTC 2025","Thu Jul 10 01:12:35 UTC 2025","1687","tests.admin_panel.categories","test_80_create_category_translation","","","","test_create_category_translation_success[ka]","Позитивный тест: создание/обновление перевода категории для разных языков."
"passed","Thu Jul 10 01:12:50 UTC 2025","Thu Jul 10 01:12:51 UTC 2025","575","tests.admin_panel.promo","test_72_create_promotion","","","","test_create_promotion_invalid_data[payload9-422]","Негативные тесты: невалидные данные"
"passed","Thu Jul 10 01:15:48 UTC 2025","Thu Jul 10 01:15:49 UTC 2025","1203","tests.tickets","test_04_create_ticket","","","","test_create_ticket_success[partner-attachments1-ChangePersonalData]","Позитивный тест: создание тикета с разными темами и вложениями для клиента, партнера и админа"
"passed","Thu Jul 10 01:12:33 UTC 2025","Thu Jul 10 01:12:33 UTC 2025","628","tests.admin_panel.categories","test_81_delete_category_translation","","","","test_delete_category_translation_invalid_id[-1]","Негативный тест: удаление перевода с невалидным ID категории."
"skipped","Thu Jul 10 01:12:16 UTC 2025","Thu Jul 10 01:12:16 UTC 2025","0","tests.account","test_funds_transfer_list","","","","test_get_funds_transfer_list_positive[partner-payload0]","Позитивные тесты на получение истории переводов/выводов средств"
"skipped","Thu Jul 10 01:13:34 UTC 2025","Thu Jul 10 01:13:35 UTC 2025","137","tests.cart","test_user_locale","","","","test_update_user_locale_valid_payload_1[client-payload7]","
    Позитивный тест: Обновление языка/склада/локали авторизованным пользователем."
"passed","Thu Jul 10 01:14:32 UTC 2025","Thu Jul 10 01:14:33 UTC 2025","940","tests.tickets","test_12_delete_message","","","","test_delete_ticket_message_not_admin[client]","Негативный тест: клиент/партнёр пытается удалить своё сообщение"
"passed","Thu Jul 10 01:12:59 UTC 2025","Thu Jul 10 01:12:59 UTC 2025","572","tests.admin_panel.promo","test_73_get_promotion_by_id","","","","test_get_promotion_not_found","Негативный тест: акция не найдена."
"passed","Thu Jul 10 01:13:35 UTC 2025","Thu Jul 10 01:13:37 UTC 2025","2065","tests.admin_panel.slides","test_61_upload_slides_images","","","","test_upload_slide_images_file_too_large[5.3-fields_to_send1-400]","Негативный тест: загрузка слишком большого изображения."
"passed","Thu Jul 10 01:15:16 UTC 2025","Thu Jul 10 01:15:16 UTC 2025","145","tests.tickets","test_01_get_tickets","","","","test_get_tickets_success[filter2-sort0-search1-pagination0-partner]","Позитивный тест: получение списка тикетов с разными комбинациями параметров"
"passed","Thu Jul 10 01:12:21 UTC 2025","Thu Jul 10 01:12:22 UTC 2025","563","tests.admin_panel.categories","test_46_create_category","","","","test_create_category_invalid_payload[payload0-expected_code0]","Негативные тесты: проверка различных некорректных payload'ов."
"failed","Thu Jul 10 01:13:34 UTC 2025","Thu Jul 10 01:13:35 UTC 2025","897","tests.catalog","test_create_admin_product_translation","","","","test_create_admin_product_translation_success[en]",""
"skipped","Thu Jul 10 01:12:16 UTC 2025","Thu Jul 10 01:12:16 UTC 2025","0","tests.account","test_family_agreement_create_one","","","","test_create_family_agreement_one_positive[admin-payload1]","Позитивные тесты на создание семейного соглашения при отсутствующем втором партнере"
"passed","Thu Jul 10 01:13:41 UTC 2025","Thu Jul 10 01:13:42 UTC 2025","604","tests.admin_panel.slides","test_57_create_slide","","","","test_create_slide_invalid_payload[payload18-422]","Негативные тесты: некорректные и неполные payload'ы."
"passed","Thu Jul 10 01:15:40 UTC 2025","Thu Jul 10 01:15:40 UTC 2025","134","tests.tickets","test_01_get_tickets","","","","test_get_tickets_invalid_search[invalid_search1-400-client]","Негативный тест: передаем некорректные параметры поиска"
"passed","Thu Jul 10 01:15:20 UTC 2025","Thu Jul 10 01:15:21 UTC 2025","147","tests.tickets","test_01_get_tickets","","","","test_get_tickets_success[filter2-sort0-search2-pagination1-client]","Позитивный тест: получение списка тикетов с разными комбинациями параметров"
"passed","Thu Jul 10 01:15:08 UTC 2025","Thu Jul 10 01:15:09 UTC 2025","1083","tests.tickets","test_04_create_ticket","","","","test_create_ticket_success[client-attachments2-OtherQuestions]","Позитивный тест: создание тикета с разными темами и вложениями для клиента, партнера и админа"
"skipped","Thu Jul 10 01:14:02 UTC 2025","Thu Jul 10 01:14:02 UTC 2025","133","tests.orders","test_group_order_change_country","","","","test_change_country_invalid_data[invalid_payload2-client]","Негативные тесты: передача некорректных данных"
"passed","Thu Jul 10 01:12:30 UTC 2025","Thu Jul 10 01:12:30 UTC 2025","591","tests.admin_panel.categories","test_79_get_category_translation","","","","test_get_category_translation_invalid_id[abc]",""
"passed","Thu Jul 10 01:12:42 UTC 2025","Thu Jul 10 01:12:42 UTC 2025","416","tests.admin_panel.products","test_03_recommended_products_delete","","","","test_remove_recommendation_unauthorized","Неавторизованный пользователь пытается удалить рекомендации."
"skipped","Thu Jul 10 01:12:16 UTC 2025","Thu Jul 10 01:12:16 UTC 2025","0","tests.account","test_history","","","","test_get_history_positive[admin-payload1]","Позитивные тесты на получение истории аккаунта"
"skipped","Thu Jul 10 01:12:14 UTC 2025","Thu Jul 10 01:12:14 UTC 2025","0","tests.account","test_0_marathon","","","","test_create_product_brand_invalid_payload[params1-400-partner]",""
"passed","Thu Jul 10 01:14:36 UTC 2025","Thu Jul 10 01:14:36 UTC 2025","136","tests.statistic","test_team_go","","","","test_get_team_go_statistic_negative[payload6-client]","Негативный тест: ошибка при получении статистики по команде с невалидным телом запроса"
"passed","Thu Jul 10 01:14:53 UTC 2025","Thu Jul 10 01:14:53 UTC 2025","149","tests.tickets","test_01_get_tickets","","","","test_get_tickets_success[filter1-sort0-search1-pagination0-admin]","Позитивный тест: получение списка тикетов с разными комбинациями параметров"
"skipped","Thu Jul 10 01:12:16 UTC 2025","Thu Jul 10 01:12:16 UTC 2025","0","tests.account","test_token_revoke","","","","test_revoke_token_positive[client-payload1]","Позитивные тесты на удаление токена"
"passed","Thu Jul 10 01:12:41 UTC 2025","Thu Jul 10 01:12:42 UTC 2025","1145","tests.admin_panel.categories","test_57_v2_update_category","","","","test_v2_update_category_invalid_payload[payload6-422]","Негативный тест: обновление категории с невалидным или неполным телом запроса."
"passed","Thu Jul 10 01:13:39 UTC 2025","Thu Jul 10 01:13:40 UTC 2025","568","tests.catalog","test_create_admin_product","","","","test_create_product_invalid_payload[payload1-400]",""
"skipped","Thu Jul 10 01:17:19 UTC 2025","Thu Jul 10 01:17:19 UTC 2025","1","tests.tickets","test_04_create_ticket","","","","test_create_ticket_invalid_message[client-None]","Негативный тест: создание тикета без сообщения"
"passed","Thu Jul 10 01:14:04 UTC 2025","Thu Jul 10 01:14:04 UTC 2025","619","tests.register","test_02_register_partner","","","","test_register_partner_negative[payload3-400]","Тест: негативные тесты для регистрации партнера вручную"
"passed","Thu Jul 10 01:12:53 UTC 2025","Thu Jul 10 01:12:54 UTC 2025","1146","tests.admin_panel.products","test_42_update_product_brand","","","","test_update_product_brand_invalid_payload[payload4-expected_code4]","Негативный тест: обновление бренда с невалидным или неполным телом запроса."
"passed","Thu Jul 10 01:14:26 UTC 2025","Thu Jul 10 01:14:26 UTC 2025","685","tests.tickets","test_07_delete_ticket","","","","test_delete_ticket_not_admin[partner]","Негативный тест: попытка удаления тикета клиентом, партнёром"
"passed","Thu Jul 10 01:13:16 UTC 2025","Thu Jul 10 01:13:17 UTC 2025","1168","tests.admin_panel.sliders","test_54_update_slider","","","","test_update_slider_forbidden[partner]","Негативный тест: попытка обновления слайдера не-админом."
"passed","Thu Jul 10 01:15:09 UTC 2025","Thu Jul 10 01:15:10 UTC 2025","146","tests.tickets","test_01_get_tickets","","","","test_get_tickets_success[filter1-sort1-search2-pagination1-client]","Позитивный тест: получение списка тикетов с разными комбинациями параметров"
"passed","Thu Jul 10 01:13:33 UTC 2025","Thu Jul 10 01:13:34 UTC 2025","1146","tests.admin_panel.slides","test_59_update_slide","","","","test_update_slide_invalid_payload[payload6-expected_code6]","Негативный тест: обновление слайда с невалидным или неполным телом запроса."
"passed","Thu Jul 10 01:17:14 UTC 2025","Thu Jul 10 01:17:14 UTC 2025","540","tests.tickets","test_04_create_ticket","","","","test_create_ticket_invalid_request_type[partner-None-200]","Негативный тест: попытка создания тикета с неверным типом request_type"
"skipped","Thu Jul 10 01:12:16 UTC 2025","Thu Jul 10 01:12:16 UTC 2025","0","tests.account","test_funds_transfer_list","","","","test_get_funds_transfer_list_positive[client-payload1]","Позитивные тесты на получение истории переводов/выводов средств"
"passed","Thu Jul 10 01:14:43 UTC 2025","Thu Jul 10 01:14:44 UTC 2025","1212","tests.tickets","test_04_create_ticket","","","","test_create_ticket_success[client-attachments1-QuestionsAboutTheMarriageContract]","Позитивный тест: создание тикета с разными темами и вложениями для клиента, партнера и админа"
"passed","Thu Jul 10 01:12:52 UTC 2025","Thu Jul 10 01:12:55 UTC 2025","2283","tests.admin_panel.categories","test_50_upload_category_images","","","","test_upload_category_images_file_too_large[5.3-fields_to_send3-400]","Негативный тест: загрузка слишком большого изображения."
"passed","Thu Jul 10 01:14:23 UTC 2025","Thu Jul 10 01:14:23 UTC 2025","134","tests.statistic","test_team_go","","","","test_get_team_go_statistic_negative[payload0-partner]","Негативный тест: ошибка при получении статистики по команде с невалидным телом запроса"
"passed","Thu Jul 10 01:12:24 UTC 2025","Thu Jul 10 01:12:25 UTC 2025","1128","tests.admin_panel.categories","test_48_update_category","","","","test_update_category_forbidden[partner]","Негативный тест: попытка обновления категории не-админом."
"passed","Thu Jul 10 01:14:44 UTC 2025","Thu Jul 10 01:14:44 UTC 2025","149","tests.tickets","test_01_get_tickets","","","","test_get_tickets_success[filter0-sort1-search1-pagination1-admin]","Позитивный тест: получение списка тикетов с разными комбинациями параметров"
"skipped","Thu Jul 10 01:12:16 UTC 2025","Thu Jul 10 01:12:16 UTC 2025","0","tests.account","test_history_group_volumes","","","","test_get_group_volumes_history_positive[partner-payload0]","Позитивные тесты на получение истории начисления групповых объемов"
"passed","Thu Jul 10 01:15:29 UTC 2025","Thu Jul 10 01:15:30 UTC 2025","562","tests.tickets","test_04_create_ticket","","","","test_create_ticket_success[partner-attachments0-ReceivingProductsShortage]","Позитивный тест: создание тикета с разными темами и вложениями для клиента, партнера и админа"
"passed","Thu Jul 10 01:14:09 UTC 2025","Thu Jul 10 01:14:09 UTC 2025","133","tests.statistic","test_team_activations","","","","test_get_team_activation_statistic_positive[payload1-partner]","Позитивный тест: получение статистики по активации команды с валидным телом запроса"
"skipped","Thu Jul 10 01:14:27 UTC 2025","Thu Jul 10 01:14:28 UTC 2025","599","tests.tickets","test_09_get_ticket_messages","","","","test_get_ticket_messages_invalid_id","Негативный тест: запрос с несуществующим ID тикета"
"skipped","Thu Jul 10 01:12:28 UTC 2025","Thu Jul 10 01:12:28 UTC 2025","0","tests.admin_panel.products","test_01_create_product_group","","","","test_create_product_group_success_2","Позитивный тест: успешное создание продукт группы (только обязательное поле)."
"passed","Thu Jul 10 01:13:25 UTC 2025","Thu Jul 10 01:13:25 UTC 2025","417","tests.auth","test_01_check_version","","","","test_check_version[Android--400]","Тест проверяет API /check_version для разных платформ и версий."
"passed","Thu Jul 10 01:15:14 UTC 2025","Thu Jul 10 01:15:14 UTC 2025","144","tests.tickets","test_01_get_tickets","","","","test_get_tickets_success[filter2-sort0-search0-pagination1-admin]","Позитивный тест: получение списка тикетов с разными комбинациями параметров"
"passed","Thu Jul 10 01:12:35 UTC 2025","Thu Jul 10 01:12:36 UTC 2025","1012","tests.admin_panel.products","test_40_create_product_brand","","","","test_create_product_brand_success","Позитивный тест: успешное создание бренда (все поля)."
"skipped","Thu Jul 10 01:12:28 UTC 2025","Thu Jul 10 01:12:28 UTC 2025","0","tests.admin_panel.products","test_01_delete_product_group","","","","test_delete_product_group_success","Позитивный тест: успешное удаление продукт группы."
"passed","Thu Jul 10 01:15:18 UTC 2025","Thu Jul 10 01:15:19 UTC 2025","579","tests.tickets","test_04_create_ticket","","","","test_create_ticket_success[partner-attachments0-QuestionsAboutOrders]","Позитивный тест: создание тикета с разными темами и вложениями для клиента, партнера и админа"
"skipped","Thu Jul 10 01:13:30 UTC 2025","Thu Jul 10 01:13:30 UTC 2025","144","tests.cart","test_user_locale","","","","test_update_user_locale_valid_payload_1[client-payload0]","
    Позитивный тест: Обновление языка/склада/локали авторизованным пользователем."
"passed","Thu Jul 10 01:12:54 UTC 2025","Thu Jul 10 01:12:55 UTC 2025","1260","tests.admin_panel.promo","test_75_delete_promotion_by_id","","","","test_delete_promotion_forbidden[partner]","Негативный тест: попытка удаления акции не-админом."
"passed","Thu Jul 10 01:12:45 UTC 2025","Thu Jul 10 01:12:46 UTC 2025","625","tests.admin_panel.categories","test_80_create_category_translation","","","","test_create_category_translation_invalid_payload[payload2-400]","Негативный тест: создание перевода с невалидным payload."
"passed","Thu Jul 10 01:12:26 UTC 2025","Thu Jul 10 01:12:27 UTC 2025","579","tests.admin_panel.categories","test_46_create_category","","","","test_create_category_invalid_payload[payload8-422]","Негативные тесты: проверка различных некорректных payload'ов."
"passed","Thu Jul 10 01:14:02 UTC 2025","Thu Jul 10 01:14:02 UTC 2025","156","tests.register","test_01_register_form","","","","test_register_form_positive[admin-payload0]",""
"passed","Thu Jul 10 01:14:57 UTC 2025","Thu Jul 10 01:14:57 UTC 2025","146","tests.tickets","test_01_get_tickets","","","","test_get_tickets_success[filter1-sort0-search2-pagination0-admin]","Позитивный тест: получение списка тикетов с разными комбинациями параметров"
"passed","Thu Jul 10 01:14:14 UTC 2025","Thu Jul 10 01:14:14 UTC 2025","133","tests.statistic","test_team_go","","","","test_get_team_go_statistic_positive[payload0-admin]","Позитивный тест: получение статистики по команде с валидным телом запроса"
"passed","Thu Jul 10 01:13:03 UTC 2025","Thu Jul 10 01:13:06 UTC 2025","3569","tests.admin_panel.sliders","test_53_get_sliders_by_id","","","","test_get_sliders_by_id_success","Позитивный тест: успешное получение слайдера по ID админом"
"skipped","Thu Jul 10 01:14:00 UTC 2025","Thu Jul 10 01:14:00 UTC 2025","0","tests.orders","test_orders_v2_pay","","","","test_orders_v2_pay_success[Card]","Позитивный тест: успешная оплата заказа"
"skipped","Thu Jul 10 01:13:58 UTC 2025","Thu Jul 10 01:13:58 UTC 2025","137","tests.orders","test_group_order_change_country","","","","test_change_country_invalid_data[invalid_payload0-client]","Негативные тесты: передача некорректных данных"
"passed","Thu Jul 10 01:15:15 UTC 2025","Thu Jul 10 01:15:15 UTC 2025","150","tests.tickets","test_01_get_tickets","","","","test_get_tickets_success[filter2-sort0-search1-pagination0-client]","Позитивный тест: получение списка тикетов с разными комбинациями параметров"
"skipped","Thu Jul 10 01:14:06 UTC 2025","Thu Jul 10 01:14:06 UTC 2025","203","tests.register","test_01_register_form","","","","test_register_form_negative[partner-payload1-400]",""
"passed","Thu Jul 10 01:17:09 UTC 2025","Thu Jul 10 01:17:09 UTC 2025","133","tests.tickets","test_04_create_ticket","","","","test_create_ticket_invalid_request_type[client-invalid_request_type-400]","Негативный тест: попытка создания тикета с неверным типом request_type"
"passed","Thu Jul 10 01:13:12 UTC 2025","Thu Jul 10 01:13:13 UTC 2025","1351","tests.admin_panel.promo","test_74_update_promotion","","","","test_update_promotion_invalid_payload[payload6-400]","Негативный тест: обновление акции с невалидным или неполным телом запроса."
"passed","Thu Jul 10 01:13:27 UTC 2025","Thu Jul 10 01:13:30 UTC 2025","3016","tests.admin_panel.slides","test_57_create_slide","","","","test_create_slide_invalid_payload[payload7-expected_code7]","Негативные тесты: некорректные и неполные payload'ы."
"passed","Thu Jul 10 01:12:27 UTC 2025","Thu Jul 10 01:12:27 UTC 2025","598","tests.admin_panel.categories","test_46_create_category","","","","test_create_category_invalid_payload[payload9-422]","Негативные тесты: проверка различных некорректных payload'ов."
"skipped","Thu Jul 10 01:13:53 UTC 2025","Thu Jul 10 01:13:53 UTC 2025","137","tests.cart","test_user_locale","","","","test_update_user_locale_invalid_payload[partner-payload2-422]","Негативный тест: обновление локали с невалидным payload."
"failed","Thu Jul 10 01:14:07 UTC 2025","Thu Jul 10 01:14:08 UTC 2025","912","tests.catalog","test_update_admin_product","","","","test_update_admin_product_invalid_payload[update_payload1-400]",""
"passed","Thu Jul 10 01:13:09 UTC 2025","Thu Jul 10 01:13:15 UTC 2025","5516","tests.admin_panel.slides","test_0_slides_sort","","","","test_slides_sort_invalid_id[-1]","Негативный тест: невалидный path parameter."
"passed","Thu Jul 10 01:15:51 UTC 2025","Thu Jul 10 01:15:52 UTC 2025","1228","tests.tickets","test_04_create_ticket","","","","test_create_ticket_success[partner-attachments1-ReceivingDefectiveProducts]","Позитивный тест: создание тикета с разными темами и вложениями для клиента, партнера и админа"
"passed","Thu Jul 10 01:13:04 UTC 2025","Thu Jul 10 01:13:04 UTC 2025","564","tests.admin_panel.sliders","test_52_create_slider","","","","test_create_slider_invalid_payload[payload2-expected_code2]","Негативный тест: попытка создать слайдер с невалидным payload."
"passed","Thu Jul 10 01:12:42 UTC 2025","Thu Jul 10 01:12:43 UTC 2025","1531","tests.admin_panel.categories","test_80_create_category_translation","","","","test_create_category_translation_forbidden[partner]","Негативный тест: создание перевода не-админом запрещено."
"passed","Thu Jul 10 01:13:39 UTC 2025","Thu Jul 10 01:13:40 UTC 2025","1365","tests.cart","test_get_delivery_cost","","","","test_get_delivery_cost_success_partial_payload[client-payload1-200]","Позитивный тест: успешное получение ТК при неполном наборе (город без региона, без ID и т.п.)"
"passed","Thu Jul 10 01:15:42 UTC 2025","Thu Jul 10 01:15:42 UTC 2025","137","tests.tickets","test_01_get_tickets","","","","test_get_tickets_invalid_search[invalid_search2-400-partner]","Негативный тест: передаем некорректные параметры поиска"
"passed","Thu Jul 10 01:13:26 UTC 2025","Thu Jul 10 01:13:27 UTC 2025","1115","tests.admin_panel.slides","test_59_update_slide","","","","test_update_slide_invalid_payload[payload0-expected_code0]","Негативный тест: обновление слайда с невалидным или неполным телом запроса."
"skipped","Thu Jul 10 01:12:16 UTC 2025","Thu Jul 10 01:12:16 UTC 2025","0","tests.account","test_get_languages","","","","test_get_languages_unauthorized","Негативный тест: получение списка языков без авторизации."
"passed","Thu Jul 10 01:12:35 UTC 2025","Thu Jul 10 01:12:40 UTC 2025","4169","tests.admin_panel.categories","test_80_create_category_translation","","","","test_create_category_translation_success[mn]","Позитивный тест: создание/обновление перевода категории для разных языков."
"passed","Thu Jul 10 01:12:27 UTC 2025","Thu Jul 10 01:12:31 UTC 2025","4077","tests.admin_panel.categories","test_47_get_categories_by_id","","","","test_get_categories_by_id_forbidden[partner]","Негативный тест: получение категории по ID не-админом."
"passed","Thu Jul 10 01:12:44 UTC 2025","Thu Jul 10 01:12:48 UTC 2025","4853","tests.admin_panel.products","test_02_recommended_products_add","","","","test_add_recommendation_no_rights[client]","Пользователь без прав пытается добавить рекомендации"
"passed","Thu Jul 10 01:13:15 UTC 2025","Thu Jul 10 01:13:16 UTC 2025","573","tests.admin_panel.slides","test_0_slides_sort","","","","test_slides_sort_invalid_id[None]","Негативный тест: невалидный path parameter."
"passed","Thu Jul 10 01:16:23 UTC 2025","Thu Jul 10 01:16:23 UTC 2025","558","tests.tickets","test_04_create_ticket","","","","test_create_ticket_success[admin-attachments0-OtherQuestions]","Позитивный тест: создание тикета с разными темами и вложениями для клиента, партнера и админа"
"skipped","Thu Jul 10 01:13:57 UTC 2025","Thu Jul 10 01:13:57 UTC 2025","0","tests.orders","test_create_order_by_delivery_address","","","","test_create_order_permissions[authorize_partner-authorize_partner-200]","Тест: проверка прав доступа при создании заказа по сохраненному адресу"
"passed","Thu Jul 10 01:13:49 UTC 2025","Thu Jul 10 01:13:50 UTC 2025","582","tests.admin_panel.slides","test_57_create_slide","","","","test_create_slide_title_color_validation[#1234567-400]","Валидация поля title_color при создании слайда."
"passed","Thu Jul 10 01:15:19 UTC 2025","Thu Jul 10 01:15:19 UTC 2025","141","tests.tickets","test_01_get_tickets","","","","test_get_tickets_success[filter2-sort0-search2-pagination0-client]","Позитивный тест: получение списка тикетов с разными комбинациями параметров"
"passed","Thu Jul 10 01:12:21 UTC 2025","Thu Jul 10 01:12:23 UTC 2025","1771","tests.admin_panel.categories","test_80_create_category_translation","","","","test_create_category_translation_success[ru]","Позитивный тест: создание/обновление перевода категории для разных языков."
"passed","Thu Jul 10 01:12:33 UTC 2025","Thu Jul 10 01:12:38 UTC 2025","5734","tests.admin_panel.categories","test_50_upload_category_images","","","","test_upload_category_images_invalid_format[invalid.exe-application/octet-stream-400]","Негативный тест: загрузка изображений в неверном формате (например, .txt)."
"skipped","Thu Jul 10 01:12:16 UTC 2025","Thu Jul 10 01:12:16 UTC 2025","0","tests.account","test_history_admin","","","","test_get_admin_history_positive[client-payload1]","Позитивные тесты на получение истории бонусов для админа"
"skipped","Thu Jul 10 01:14:06 UTC 2025","Thu Jul 10 01:14:06 UTC 2025","0","tests.orders","test_group_order_change_country","","","","test_change_country_not_found_or_forbidden[authorize_partner-100-403]","Негативные тесты: изменение несуществующего заказа или без прав"
"passed","Thu Jul 10 01:12:51 UTC 2025","Thu Jul 10 01:12:52 UTC 2025","578","tests.admin_panel.promo","test_72_create_promotion","","","","test_create_promotion_invalid_data[payload11-422]","Негативные тесты: невалидные данные"
"passed","Thu Jul 10 01:13:05 UTC 2025","Thu Jul 10 01:13:06 UTC 2025","1307","tests.admin_panel.promo","test_77_create_promotion_item","","","","test_create_promotion_item_invalid_payload[payload5-422]",""
"passed","Thu Jul 10 01:15:09 UTC 2025","Thu Jul 10 01:15:09 UTC 2025","147","tests.tickets","test_01_get_tickets","","","","test_get_tickets_success[filter1-sort1-search2-pagination0-admin]","Позитивный тест: получение списка тикетов с разными комбинациями параметров"
"passed","Thu Jul 10 01:14:04 UTC 2025","Thu Jul 10 01:14:05 UTC 2025","162","tests.cart","test_get_delivery_cost","","","","test_get_delivery_cost_success_partial_payload[admin-payload5-400]","Позитивный тест: успешное получение ТК при неполном наборе (город без региона, без ID и т.п.)"
"passed","Thu Jul 10 01:15:26 UTC 2025","Thu Jul 10 01:15:26 UTC 2025","148","tests.tickets","test_01_get_tickets","","","","test_get_tickets_success[filter2-sort1-search1-pagination0-client]","Позитивный тест: получение списка тикетов с разными комбинациями параметров"
"skipped","Thu Jul 10 01:12:14 UTC 2025","Thu Jul 10 01:12:14 UTC 2025","0","tests.account","test_0_marathon","","","","test_create_product_brand_invalid_payload[params0-400-client]",""
"passed","Thu Jul 10 01:13:20 UTC 2025","Thu Jul 10 01:13:21 UTC 2025","144","tests.admin_panel.slides","test_0_slides_sort","","","","test_slides_sort_by_id_forbidden[client]","Негативный тест: не админом."
"passed","Thu Jul 10 01:12:41 UTC 2025","Thu Jul 10 01:12:42 UTC 2025","1116","tests.admin_panel.categories","test_48_update_category","","","","test_update_category_invalid_payload[payload7-422]","Негативный тест: обновление категории с невалидным телом запроса."
"passed","Thu Jul 10 01:12:55 UTC 2025","Thu Jul 10 01:12:56 UTC 2025","1193","tests.admin_panel.products","test_44_upload_product_brand_images","","","","test_upload_product_brand_images_formats[valid.webp-image/webp-204]","Проверка загрузки изображений бренда в разных форматах: негативные и позитивные кейсы."
"passed","Thu Jul 10 01:15:44 UTC 2025","Thu Jul 10 01:15:45 UTC 2025","140","tests.tickets","test_01_get_tickets","","","","test_get_tickets_invalid_filter[invalid_filter1-400-partner]","Негативный тест: передаем некорректные параметры фильтрации"
"skipped","Thu Jul 10 01:12:16 UTC 2025","Thu Jul 10 01:12:16 UTC 2025","0","tests.account","test_history_personal_volumes","","","","test_get_personal_volumes_history_positive[partner-payload0]","Позитивные тесты на получение истории начисления личных объемов"
"skipped","Thu Jul 10 01:12:16 UTC 2025","Thu Jul 10 01:12:16 UTC 2025","0","tests.account","test_token_revoke","","","","test_revoke_token_positive[admin-payload0]","Позитивные тесты на удаление токена"
"passed","Thu Jul 10 01:12:46 UTC 2025","Thu Jul 10 01:12:46 UTC 2025","134","tests.admin_panel.products","test_44_upload_product_brand_images","","","","test_upload_product_brand_images_forbidden[partner]","Негативный тест: неадмин не может загрузить изображения."
"passed","Thu Jul 10 01:13:23 UTC 2025","Thu Jul 10 01:13:23 UTC 2025","143","tests.auth","test_02_login","","","","test_admin_login[admin-Admin-wrong_password-401]",""
"passed","Thu Jul 10 01:16:18 UTC 2025","Thu Jul 10 01:16:18 UTC 2025","539","tests.tickets","test_04_create_ticket","","","","test_create_ticket_success[admin-attachments0-QuestionsAboutInternationalDelivery]","Позитивный тест: создание тикета с разными темами и вложениями для клиента, партнера и админа"
"passed","Thu Jul 10 01:13:51 UTC 2025","Thu Jul 10 01:13:51 UTC 2025","585","tests.admin_panel.promo","test_71_get_promotions","","","","test_get_promotions_list_default","Позитивный кейс — Получение списка всех промоакций"
"skipped","Thu Jul 10 01:12:16 UTC 2025","Thu Jul 10 01:12:16 UTC 2025","0","tests.account","test_get_default_stock","","","","test_get_default_stock_positive[partner]","Позитивные тесты на получение дефолтного склада"
"failed","Thu Jul 10 01:13:40 UTC 2025","Thu Jul 10 01:13:41 UTC 2025","1031","tests.catalog","test_create_admin_product_translation","","","","test_create_admin_product_translation_success[ka]",""
"passed","Thu Jul 10 01:14:45 UTC 2025","Thu Jul 10 01:14:45 UTC 2025","415","tests.tickets","test_10_send_message_to_ticket","","","","test_send_message_unauthorized","Проверка отправки сообщений без авторизации"
"skipped","Thu Jul 10 01:13:57 UTC 2025","Thu Jul 10 01:13:57 UTC 2025","0","tests.integration","test_auth_01_full_auth_cycle","","","","test_full_auth_flow[authorize_admin]","Сценарный тест: полный цикл авторизации и выхода"
"passed","Thu Jul 10 01:13:24 UTC 2025","Thu Jul 10 01:13:25 UTC 2025","566","tests.admin_panel.slides","test_59_update_slide","","","","test_update_slide_invalid_id[0]","Негативный тест: несуществующий или некорректный ID."
"passed","Thu Jul 10 01:12:28 UTC 2025","Thu Jul 10 01:12:28 UTC 2025","437","tests.admin_panel.categories","test_57_v2_update_category","","","","test_v2_update_category_unauthorized","Негативный тест: попытка обновления категории без авторизации."
"passed","Thu Jul 10 01:13:55 UTC 2025","Thu Jul 10 01:13:55 UTC 2025","166","tests.cart","test_get_delivery_cost","","","","test_get_delivery_cost_success_partial_payload[partner-payload6-400]","Позитивный тест: успешное получение ТК при неполном наборе (город без региона, без ID и т.п.)"
"passed","Thu Jul 10 01:12:39 UTC 2025","Thu Jul 10 01:12:40 UTC 2025","1210","tests.admin_panel.categories","test_48_update_category","","","","test_update_category_invalid_payload[payload5-422]","Негативный тест: обновление категории с невалидным телом запроса."
"passed","Thu Jul 10 01:15:23 UTC 2025","Thu Jul 10 01:15:23 UTC 2025","139","tests.tickets","test_01_get_tickets","","","","test_get_tickets_success[filter2-sort1-search0-pagination0-partner]","Позитивный тест: получение списка тикетов с разными комбинациями параметров"
"passed","Thu Jul 10 01:14:23 UTC 2025","Thu Jul 10 01:14:24 UTC 2025","1269","tests.tickets","test_07_delete_ticket","","","","test_delete_ticket_positive","Позитивный тест: успешное удаление тикета"
"skipped","Thu Jul 10 01:12:16 UTC 2025","Thu Jul 10 01:12:16 UTC 2025","0","tests.account","test_history","","","","test_get_history_positive[partner-payload1]","Позитивные тесты на получение истории аккаунта"
"passed","Thu Jul 10 01:14:26 UTC 2025","Thu Jul 10 01:14:26 UTC 2025","145","tests.tickets","test_01_get_tickets","","","","test_get_tickets_success[filter0-sort0-search1-pagination1-client]","Позитивный тест: получение списка тикетов с разными комбинациями параметров"
"passed","Thu Jul 10 01:13:37 UTC 2025","Thu Jul 10 01:13:38 UTC 2025","1150","tests.admin_panel.slides","test_59_update_slide","","","","test_update_slide_invalid_payload[payload9-400]","Негативный тест: обновление слайда с невалидным или неполным телом запроса."
"passed","Thu Jul 10 01:14:46 UTC 2025","Thu Jul 10 01:14:46 UTC 2025","141","tests.tickets","test_01_get_tickets","","","","test_get_tickets_success[filter0-sort1-search2-pagination1-client]","Позитивный тест: получение списка тикетов с разными комбинациями параметров"
"passed","Thu Jul 10 01:12:45 UTC 2025","Thu Jul 10 01:12:45 UTC 2025","607","tests.admin_panel.products","test_41_get_product_brand_by_id","","","","test_get_product_brand_not_found","Негативный тест: бренд не найден"
"skipped","Thu Jul 10 01:12:16 UTC 2025","Thu Jul 10 01:12:16 UTC 2025","0","tests.account","test_update_avatar","","","","test_update_avatar_positive[client-payload0]","Позитивные тесты на обновление аватара"
"passed","Thu Jul 10 01:13:31 UTC 2025","Thu Jul 10 01:13:37 UTC 2025","6369","tests.admin_panel.slides","test_57_create_slide","","","","test_create_slide_invalid_payload[payload10-422]","Негативные тесты: некорректные и неполные payload'ы."
"passed","Thu Jul 10 01:14:01 UTC 2025","Thu Jul 10 01:14:01 UTC 2025","144","tests.delivery","test_02_get_delivery_address","","","","test_get_delivery_addresses_invalid_pagination[invalid_pagination3-partner]","Негативные тесты: передача некорректных параметров пагинации"
"passed","Thu Jul 10 01:13:06 UTC 2025","Thu Jul 10 01:13:09 UTC 2025","3080","tests.admin_panel.sliders","test_52_create_slider","","","","test_create_slider_invalid_payload[payload6-400]","Негативный тест: попытка создать слайдер с невалидным payload."
"passed","Thu Jul 10 01:12:36 UTC 2025","Thu Jul 10 01:12:37 UTC 2025","1154","tests.admin_panel.products","test_41_get_product_brand_by_id","","","","test_get_product_brand_by_id_success","Позитивный тест: успешное получение бренда по ID админом"
"skipped","Thu Jul 10 01:14:07 UTC 2025","Thu Jul 10 01:14:07 UTC 2025","151","tests.register","test_01_register_form","","","","test_register_form_negative[partner-payload3-400]",""
"passed","Thu Jul 10 01:13:16 UTC 2025","Thu Jul 10 01:13:16 UTC 2025","569","tests.admin_panel.slides","test_0_slides_sort","","","","test_slides_sort_invalid_id[]","Негативный тест: невалидный path parameter."
"passed","Thu Jul 10 01:13:12 UTC 2025","Thu Jul 10 01:13:12 UTC 2025","589","tests.admin_panel.sliders","test_52_create_slider","","","","test_create_slider_invalid_payload[payload11-422]","Негативный тест: попытка создать слайдер с невалидным payload."
"passed","Thu Jul 10 01:12:20 UTC 2025","Thu Jul 10 01:12:20 UTC 2025","139","tests.account","test_0_referral_links","","","","test_get_referral_links_positive[admin-403]","Позитивные тесты на получение реферальных ссылок"
"passed","Thu Jul 10 01:13:23 UTC 2025","Thu Jul 10 01:13:24 UTC 2025","453","tests.auth","test_01_check_version","","","","test_check_version[Frontend-3.0.0-200]","Тест проверяет API /check_version для разных платформ и версий."
"passed","Thu Jul 10 01:12:44 UTC 2025","Thu Jul 10 01:12:45 UTC 2025","608","tests.admin_panel.products","test_41_get_product_brand_by_id","","","","test_get_product_brand_invalid_id[1.5]","Негативный тест: получение бренда по невалидному ID"
"skipped","Thu Jul 10 01:13:33 UTC 2025","Thu Jul 10 01:13:33 UTC 2025","132","tests.cart","test_user_locale","","","","test_update_user_locale_valid_payload_1[client-payload4]","
    Позитивный тест: Обновление языка/склада/локали авторизованным пользователем."
"passed","Thu Jul 10 01:13:13 UTC 2025","Thu Jul 10 01:13:13 UTC 2025","648","tests.admin_panel.sliders","test_53_get_sliders_by_id","","","","test_get_sliders_invalid_id[-1]","Негативный тест: получение слайдера по невалидному ID"
"passed","Thu Jul 10 01:15:18 UTC 2025","Thu Jul 10 01:15:18 UTC 2025","148","tests.tickets","test_01_get_tickets","","","","test_get_tickets_success[filter2-sort0-search1-pagination1-admin]","Позитивный тест: получение списка тикетов с разными комбинациями параметров"
"passed","Thu Jul 10 01:17:16 UTC 2025","Thu Jul 10 01:17:17 UTC 2025","548","tests.tickets","test_04_create_ticket","","","","test_create_ticket_invalid_request_type[admin-None-200]","Негативный тест: попытка создания тикета с неверным типом request_type"
"passed","Thu Jul 10 01:17:00 UTC 2025","Thu Jul 10 01:17:01 UTC 2025","1091","tests.tickets","test_04_create_ticket","","","","test_create_ticket_success[admin-attachments2-QuestionsAboutTheRewardSystemMarketingPlan]","Позитивный тест: создание тикета с разными темами и вложениями для клиента, партнера и админа"
"passed","Thu Jul 10 01:13:18 UTC 2025","Thu Jul 10 01:13:20 UTC 2025","2292","tests.admin_panel.slides","test_61_upload_slides_images","","","","test_upload_slide_images_success","Позитивный тест: успешная загрузка изображений слайда через multipart/form-data."
"passed","Thu Jul 10 01:13:57 UTC 2025","Thu Jul 10 01:13:57 UTC 2025","141","tests.orders","test_create_order_by_delivery_address","","","","test_create_order_invalid_data[invalid_payload0-client]","Негативные тесты: создание заказа с некорректными данными"
"passed","Thu Jul 10 01:13:11 UTC 2025","Thu Jul 10 01:13:12 UTC 2025","1293","tests.admin_panel.promo","test_74_update_promotion","","","","test_update_promotion_invalid_payload[payload5-400]","Негативный тест: обновление акции с невалидным или неполным телом запроса."
"passed","Thu Jul 10 01:14:12 UTC 2025","Thu Jul 10 01:14:15 UTC 2025","3057","tests.register","test_03_register_client","","","","test_register_client_negative[payload3-400]","Тест: негативные тесты для регистрации клиента вручную"
"passed","Thu Jul 10 01:13:24 UTC 2025","Thu Jul 10 01:13:25 UTC 2025","414","tests.auth","test_01_check_version","","","","test_check_version[unknown-1.0.0-400]","Тест проверяет API /check_version для разных платформ и версий."
"passed","Thu Jul 10 01:12:26 UTC 2025","Thu Jul 10 01:12:27 UTC 2025","1410","tests.admin_panel.categories","test_50_upload_category_images","","","","test_upload_only_single_image_field_should_not_fill_others[image-test_jpg.jpg-image/jpeg-image]","Проверка: загрузка только одного из полей (icon, image, image_site) не должна заполнять другие."
"passed","Thu Jul 10 01:14:21 UTC 2025","Thu Jul 10 01:14:21 UTC 2025","134","tests.statistic","test_team_activations","","","","test_get_team_activation_statistic_negative[payload3-client]","Негативный тест: ошибка при получении статистики активации команды с невалидным телом запроса"
"passed","Thu Jul 10 01:14:43 UTC 2025","Thu Jul 10 01:14:43 UTC 2025","149","tests.tickets","test_01_get_tickets","","","","test_get_tickets_success[filter0-sort1-search1-pagination1-partner]","Позитивный тест: получение списка тикетов с разными комбинациями параметров"
"passed","Thu Jul 10 01:14:31 UTC 2025","Thu Jul 10 01:14:31 UTC 2025","133","tests.statistic","test_team_go","","","","test_get_team_go_statistic_negative[payload3-client]","Негативный тест: ошибка при получении статистики по команде с невалидным телом запроса"
"skipped","Thu Jul 10 01:12:16 UTC 2025","Thu Jul 10 01:12:16 UTC 2025","0","tests.account","test_history_personal_volumes_admin","","","","test_get_personal_volumes_history_admin_positive[admin-payload1]","Позитивные тесты на получение истории начисления личных объемов для админа"
"passed","Thu Jul 10 01:12:29 UTC 2025","Thu Jul 10 01:12:33 UTC 2025","4144","tests.admin_panel.categories","test_81_delete_category_translation","","","","test_delete_category_translation_forbidden[partner]","Негативный тест: удаление перевода не-админом запрещено."
"passed","Thu Jul 10 01:14:13 UTC 2025","Thu Jul 10 01:14:13 UTC 2025","144","tests.statistic","test_team_activations","","","","test_get_team_activation_statistic_positive[payload3-admin]","Позитивный тест: получение статистики по активации команды с валидным телом запроса"
"passed","Thu Jul 10 01:12:52 UTC 2025","Thu Jul 10 01:12:53 UTC 2025","416","tests.admin_panel.promo","test_72_create_promotion","","","","test_create_promotion_unauthorized","Негативный тест: создание акции без авторизации."
"passed","Thu Jul 10 01:14:16 UTC 2025","Thu Jul 10 01:14:16 UTC 2025","134","tests.cart","test_get_delivery_cost","","","","test_get_delivery_cost_invalid_payload[partner-payload2]","Негативный тест: некорректные входные данные"
"passed","Thu Jul 10 01:13:13 UTC 2025","Thu Jul 10 01:13:14 UTC 2025","1143","tests.admin_panel.slides","test_58_get_slides_by_id","","","","test_get_slides_by_id_success","Позитивный тест: успешное получение слайда по ID админом."
"passed","Thu Jul 10 01:13:10 UTC 2025","Thu Jul 10 01:13:13 UTC 2025","3017","tests.admin_panel.sliders","test_53_get_sliders_by_id","","","","test_get_sliders_invalid_id[abc]","Негативный тест: получение слайдера по невалидному ID"
"passed","Thu Jul 10 01:12:37 UTC 2025","Thu Jul 10 01:12:37 UTC 2025","133","tests.admin_panel.products","test_39_get_product_brands","","","","test_get_product_brands_forbidden[partner]","Негативный тест: получение списка брендов не админом."
"passed","Thu Jul 10 01:12:40 UTC 2025","Thu Jul 10 01:12:41 UTC 2025","1121","tests.admin_panel.categories","test_57_v2_update_category","","","","test_v2_update_category_invalid_payload[payload5-422]","Негативный тест: обновление категории с невалидным или неполным телом запроса."
"passed","Thu Jul 10 01:12:42 UTC 2025","Thu Jul 10 01:12:43 UTC 2025","562","tests.admin_panel.products","test_40_create_product_brand","","","","test_create_product_brand_invalid_payload[payload7-expected_codes7]","Негативные кейсы: невалидные поля при создании бренда."
"passed","Thu Jul 10 01:14:03 UTC 2025","Thu Jul 10 01:14:03 UTC 2025","668","tests.delivery","test_01_save_delivery_address","","","","test_save_delivery_address_positive[partner-payload4]","Позитивные тесты на сохранение адреса доставки"
"passed","Thu Jul 10 01:17:01 UTC 2025","Thu Jul 10 01:17:03 UTC 2025","1242","tests.tickets","test_04_create_ticket","","","","test_create_ticket_success[admin-attachments2-OtherQuestions]","Позитивный тест: создание тикета с разными темами и вложениями для клиента, партнера и админа"
"passed","Thu Jul 10 01:14:53 UTC 2025","Thu Jul 10 01:14:53 UTC 2025","149","tests.tickets","test_01_get_tickets","","","","test_get_tickets_success[filter1-sort0-search1-pagination0-partner]","Позитивный тест: получение списка тикетов с разными комбинациями параметров"
"passed","Thu Jul 10 01:14:00 UTC 2025","Thu Jul 10 01:14:00 UTC 2025","134","tests.delivery","test_02_get_delivery_address","","","","test_get_delivery_addresses_invalid_pagination[invalid_pagination3-client]","Негативные тесты: передача некорректных параметров пагинации"
"passed","Thu Jul 10 01:14:13 UTC 2025","Thu Jul 10 01:14:13 UTC 2025","132","tests.delivery","test_01_save_delivery_address","","","","test_save_delivery_address_negative[client-payload5-400]","Негативные тесты на сохранение адреса доставки (отсутствие обязательных полей, некорректные данные)"
"passed","Thu Jul 10 01:14:01 UTC 2025","Thu Jul 10 01:14:04 UTC 2025","2985","tests.admin_panel.slides","test_61_upload_slides_images","","","","test_upload_slide_images_file_too_large[5.3-fields_to_send9-expected_status9]","Негативный тест: загрузка слишком большого изображения."
"passed","Thu Jul 10 01:14:14 UTC 2025","Thu Jul 10 01:14:14 UTC 2025","570","tests.catalog","test_create_admin_product_translation","","","","test_create_admin_product_translation_invalid_payload[payload3-400]",""
"passed","Thu Jul 10 01:14:48 UTC 2025","Thu Jul 10 01:14:48 UTC 2025","139","tests.tickets","test_01_get_tickets","","","","test_get_tickets_success[filter1-sort0-search0-pagination0-client]","Позитивный тест: получение списка тикетов с разными комбинациями параметров"
"skipped","Thu Jul 10 01:13:30 UTC 2025","Thu Jul 10 01:13:30 UTC 2025","135","tests.cart","test_user_locale","","","","test_update_user_locale_valid_payload_1[client-payload1]","
    Позитивный тест: Обновление языка/склада/локали авторизованным пользователем."
"skipped","Thu Jul 10 01:13:47 UTC 2025","Thu Jul 10 01:13:47 UTC 2025","133","tests.cart","test_user_locale","","","","test_update_user_locale_invalid_payload[client-payload3-422]","Негативный тест: обновление локали с невалидным payload."
"passed","Thu Jul 10 01:16:10 UTC 2025","Thu Jul 10 01:16:11 UTC 2025","1115","tests.tickets","test_04_create_ticket","","","","test_create_ticket_success[partner-attachments2-ReceivingDefectiveProductsOrShortage]","Позитивный тест: создание тикета с разными темами и вложениями для клиента, партнера и админа"
"passed","Thu Jul 10 01:15:04 UTC 2025","Thu Jul 10 01:15:05 UTC 2025","148","tests.tickets","test_01_get_tickets","","","","test_get_tickets_success[filter1-sort1-search1-pagination0-partner]","Позитивный тест: получение списка тикетов с разными комбинациями параметров"
"passed","Thu Jul 10 01:12:39 UTC 2025","Thu Jul 10 01:12:40 UTC 2025","1172","tests.admin_panel.products","test_42_update_product_brand","","","","test_update_product_brand_success","Позитивный тест: успешное обновление бренда (все поля)."
"failed","Thu Jul 10 01:14:17 UTC 2025","Thu Jul 10 01:14:18 UTC 2025","902","tests.catalog","test_create_admin_product_translation","","","","test_product_translation_update_duplicate_lang_code",""
"passed","Thu Jul 10 01:15:11 UTC 2025","Thu Jul 10 01:15:11 UTC 2025","142","tests.tickets","test_01_get_tickets","","","","test_get_tickets_success[filter2-sort0-search0-pagination0-client]","Позитивный тест: получение списка тикетов с разными комбинациями параметров"
"failed","Thu Jul 10 01:13:53 UTC 2025","Thu Jul 10 01:13:54 UTC 2025","1065","tests.catalog","test_create_admin_product_translation","","","","test_create_admin_product_translation_success[kk]",""
"passed","Thu Jul 10 01:12:40 UTC 2025","Thu Jul 10 01:12:41 UTC 2025","1126","tests.admin_panel.categories","test_48_update_category","","","","test_update_category_invalid_payload[payload6-422]","Негативный тест: обновление категории с невалидным телом запроса."
"passed","Thu Jul 10 01:14:31 UTC 2025","Thu Jul 10 01:14:31 UTC 2025","139","tests.statistic","test_team_registrations","","","","test_get_team_registration_statistic_negative[payload3-admin]","Негативный тест: ошибка при получении статистики регистрации команды с невалидным телом запроса"
"skipped","Thu Jul 10 01:12:16 UTC 2025","Thu Jul 10 01:12:16 UTC 2025","0","tests.account","test_pass_change","","","","test_change_password_positive[admin-payload0]","Позитивные тесты на изменение пароля"
"skipped","Thu Jul 10 01:12:16 UTC 2025","Thu Jul 10 01:12:16 UTC 2025","0","tests.account","test_history_group_volumes","","","","test_get_group_volumes_history_positive[admin-payload0]","Позитивные тесты на получение истории начисления групповых объемов"
"passed","Thu Jul 10 01:16:54 UTC 2025","Thu Jul 10 01:16:55 UTC 2025","1063","tests.tickets","test_04_create_ticket","","","","test_create_ticket_success[admin-attachments2-QuestionsAboutInternationalDelivery]","Позитивный тест: создание тикета с разными темами и вложениями для клиента, партнера и админа"
"passed","Thu Jul 10 01:13:38 UTC 2025","Thu Jul 10 01:13:39 UTC 2025","669","tests.catalog","test_create_admin_product","","","","test_create_product_unauthorized",""
"passed","Thu Jul 10 01:12:55 UTC 2025","Thu Jul 10 01:12:59 UTC 2025","3276","tests.admin_panel.promo","test_78_delete_promotion_item","","","","test_delete_promotion_item_success","Позитивный тест: удаление элемента акции из двух админом."
"passed","Thu Jul 10 01:13:28 UTC 2025","Thu Jul 10 01:13:29 UTC 2025","1114","tests.admin_panel.sliders","test_54_update_slider","","","","test_update_slider_invalid_payload[payload7-422]","Негативный тест: обновление слайдера с невалидным или неполным телом запроса."
"passed","Thu Jul 10 01:14:25 UTC 2025","Thu Jul 10 01:14:25 UTC 2025","134","tests.delivery","test_01_save_delivery_address","","","","test_save_delivery_address_negative[admin-payload6-400]","Негативные тесты на сохранение адреса доставки (отсутствие обязательных полей, некорректные данные)"
"passed","Thu Jul 10 01:13:43 UTC 2025","Thu Jul 10 01:13:44 UTC 2025","630","tests.catalog","test_create_admin_product","","","","test_create_product_invalid_payload[payload3-400]",""
"passed","Thu Jul 10 01:12:44 UTC 2025","Thu Jul 10 01:12:44 UTC 2025","558","tests.admin_panel.products","test_41_get_product_brand_by_id","","","","test_get_product_brand_invalid_id[]","Негативный тест: получение бренда по невалидному ID"
"passed","Thu Jul 10 01:13:34 UTC 2025","Thu Jul 10 01:13:35 UTC 2025","1119","tests.admin_panel.slides","test_59_update_slide","","","","test_update_slide_invalid_payload[payload7-expected_code7]","Негативный тест: обновление слайда с невалидным или неполным телом запроса."
"passed","Thu Jul 10 01:13:47 UTC 2025","Thu Jul 10 01:13:47 UTC 2025","162","tests.cart","test_get_delivery_cost","","","","test_get_delivery_cost_success_partial_payload[partner-payload0-400]","Позитивный тест: успешное получение ТК при неполном наборе (город без региона, без ID и т.п.)"
"skipped","Thu Jul 10 01:13:48 UTC 2025","Thu Jul 10 01:13:48 UTC 2025","134","tests.cart","test_user_locale","","","","test_update_user_locale_invalid_payload[client-payload5-400]","Негативный тест: обновление локали с невалидным payload."
"skipped","Thu Jul 10 01:12:14 UTC 2025","Thu Jul 10 01:12:14 UTC 2025","0","tests.account","test_0_marathon","","","","test_get_marathon_is_purchased[client-200]","Позитивный кейс — проверяет приобретал ли аккаунт марафонский набор (все поля)"
"skipped","Thu Jul 10 01:12:16 UTC 2025","Thu Jul 10 01:12:16 UTC 2025","0","tests.account","test_history_group_volumes_admin","","","","test_get_group_volumes_history_admin_positive[client-payload1]","Позитивные тесты на получение истории начисления групповых объемов для админа"
"passed","Thu Jul 10 01:13:47 UTC 2025","Thu Jul 10 01:13:47 UTC 2025","585","tests.admin_panel.slides","test_57_create_slide","","","","test_create_slide_title_color_validation[#FFFFF-400]","Валидация поля title_color при создании слайда."
"passed","Thu Jul 10 01:14:14 UTC 2025","Thu Jul 10 01:14:14 UTC 2025","475","tests.temporary","test_get_account_exist","","","","test_account_exist[-400]",""
"passed","Thu Jul 10 01:12:58 UTC 2025","Thu Jul 10 01:12:59 UTC 2025","1298","tests.admin_panel.promo","test_74_update_promotion","","","","test_update_promotion_forbidden[partner]","Негативный тест: попытка обновления акции не-админом."
"skipped","Thu Jul 10 01:12:16 UTC 2025","Thu Jul 10 01:12:16 UTC 2025","0","tests.account","test_update","","","","test_update_account_positive[partner-payload0]","Позитивные тесты на обновление данных аккаунта"
"passed","Thu Jul 10 01:14:21 UTC 2025","Thu Jul 10 01:14:21 UTC 2025","133","tests.cart","test_get_delivery_cost","","","","test_get_delivery_cost_invalid_payload[admin-payload4]","Негативный тест: некорректные входные данные"
"passed","Thu Jul 10 01:15:04 UTC 2025","Thu Jul 10 01:15:04 UTC 2025","151","tests.tickets","test_01_get_tickets","","","","test_get_tickets_success[filter1-sort1-search1-pagination0-client]","Позитивный тест: получение списка тикетов с разными комбинациями параметров"
"passed","Thu Jul 10 01:14:37 UTC 2025","Thu Jul 10 01:14:37 UTC 2025","141","tests.statistic","test_team_go","","","","test_get_team_go_statistic_negative[payload6-admin]","Негативный тест: ошибка при получении статистики по команде с невалидным телом запроса"
"passed","Thu Jul 10 01:12:32 UTC 2025","Thu Jul 10 01:12:33 UTC 2025","1122","tests.admin_panel.categories","test_48_update_category","","","","test_update_category_invalid_payload[payload1-400]","Негативный тест: обновление категории с невалидным телом запроса."
"failed","Thu Jul 10 01:14:12 UTC 2025","Thu Jul 10 01:14:13 UTC 2025","911","tests.catalog","test_update_admin_product","","","","test_update_admin_product_invalid_payload[update_payload3-400]",""
"skipped","Thu Jul 10 01:14:08 UTC 2025","Thu Jul 10 01:14:08 UTC 2025","147","tests.register","test_01_register_form","","","","test_register_form_negative[admin-payload0-400]",""
"skipped","Thu Jul 10 01:12:14 UTC 2025","Thu Jul 10 01:12:14 UTC 2025","0","tests.account","test_0_marathon","","","","test_create_product_brand_invalid_payload[params0-400-admin]",""
"passed","Thu Jul 10 01:15:33 UTC 2025","Thu Jul 10 01:15:33 UTC 2025","147","tests.tickets","test_01_get_tickets","","","","test_get_tickets_success[filter2-sort1-search2-pagination0-admin]","Позитивный тест: получение списка тикетов с разными комбинациями параметров"
"passed","Thu Jul 10 01:12:50 UTC 2025","Thu Jul 10 01:12:51 UTC 2025","1121","tests.admin_panel.products","test_42_update_product_brand","","","","test_update_product_brand_invalid_payload[payload1-expected_code1]","Негативный тест: обновление бренда с невалидным или неполным телом запроса."
"passed","Thu Jul 10 01:16:46 UTC 2025","Thu Jul 10 01:16:47 UTC 2025","1209","tests.tickets","test_04_create_ticket","","","","test_create_ticket_success[admin-attachments1-ReceivingDefectiveProducts]","Позитивный тест: создание тикета с разными темами и вложениями для клиента, партнера и админа"
"passed","Thu Jul 10 01:13:21 UTC 2025","Thu Jul 10 01:13:22 UTC 2025","585","tests.admin_panel.slides","test_58_get_slides_by_id","","","","test_get_slides_invalid_id[None]","Негативный тест: невалидный ID в path-параметре."
"passed","Thu Jul 10 01:14:45 UTC 2025","Thu Jul 10 01:14:46 UTC 2025","1220","tests.tickets","test_04_create_ticket","","","","test_create_ticket_success[client-attachments1-QuestionsAboutTheRewardSystemMarketingPlan]","Позитивный тест: создание тикета с разными темами и вложениями для клиента, партнера и админа"
"passed","Thu Jul 10 01:13:42 UTC 2025","Thu Jul 10 01:13:43 UTC 2025","584","tests.admin_panel.slides","test_57_create_slide","","","","test_create_slide_invalid_payload[payload19-422]","Негативные тесты: некорректные и неполные payload'ы."
"passed","Thu Jul 10 01:15:06 UTC 2025","Thu Jul 10 01:15:06 UTC 2025","150","tests.tickets","test_01_get_tickets","","","","test_get_tickets_success[filter1-sort1-search1-pagination1-client]","Позитивный тест: получение списка тикетов с разными комбинациями параметров"
"passed","Thu Jul 10 01:13:28 UTC 2025","Thu Jul 10 01:13:29 UTC 2025","436","tests.admin_panel.slides","test_62_slides_get_upload_urls","","","","test_get_upload_urls_unauthorized","Негативный тест: попытка получить ссылки без авторизации."
"skipped","Thu Jul 10 01:14:32 UTC 2025","Thu Jul 10 01:14:34 UTC 2025","2199","tests.tickets","test_10_send_message_to_ticket","","","","test_send_message_role_permissions[authorize_partner-authorize_partner-200]","Проверка доступа к отправке сообщений в тикеты в зависимости от роли"
"passed","Thu Jul 10 01:17:11 UTC 2025","Thu Jul 10 01:17:12 UTC 2025","601","tests.tickets","test_04_create_ticket","","","","test_create_ticket_invalid_request_type[client-None-200]","Негативный тест: попытка создания тикета с неверным типом request_type"
"skipped","Thu Jul 10 01:12:16 UTC 2025","Thu Jul 10 01:12:16 UTC 2025","0","tests.account","test_family_agreement_update_status","","","","test_update_family_agreement_status_positive[client-payload1]","Позитивные тесты на изменение статуса семейного соглашения"
"passed","Thu Jul 10 01:14:34 UTC 2025","Thu Jul 10 01:14:34 UTC 2025","852","tests.tickets","test_12_delete_message","","","","test_delete_ticket_message_not_admin[partner]","Негативный тест: клиент/партнёр пытается удалить своё сообщение"
"passed","Thu Jul 10 01:12:23 UTC 2025","Thu Jul 10 01:12:23 UTC 2025","415","tests.admin_panel.categories","test_49_delete_category","","","","test_delete_category_unauthorized","Негативный тест: попытка удаления категории без авторизации."
"passed","Thu Jul 10 01:15:45 UTC 2025","Thu Jul 10 01:15:45 UTC 2025","135","tests.tickets","test_01_get_tickets","","","","test_get_tickets_invalid_filter[invalid_filter2-400-client]","Негативный тест: передаем некорректные параметры фильтрации"
"passed","Thu Jul 10 01:13:29 UTC 2025","Thu Jul 10 01:13:30 UTC 2025","138","tests.auth","test_02_login","","","","test_partner_login[partner---400]",""
"passed","Thu Jul 10 01:12:16 UTC 2025","Thu Jul 10 01:12:16 UTC 2025","135","tests.account","test_0_family_agreement_get","","","","test_get_family_agreement_positive[payload0-admin]","Позитивные тесты на получение данных о семейном соглашении"
"passed","Thu Jul 10 01:14:17 UTC 2025","Thu Jul 10 01:14:17 UTC 2025","139","tests.cart","test_get_delivery_cost","","","","test_get_delivery_cost_invalid_payload[partner-payload3]","Негативный тест: некорректные входные данные"
"skipped","Thu Jul 10 01:12:16 UTC 2025","Thu Jul 10 01:12:16 UTC 2025","0","tests.account","test_update_avatar","","","","test_update_avatar_positive[client-payload1]","Позитивные тесты на обновление аватара"
"skipped","Thu Jul 10 01:14:27 UTC 2025","Thu Jul 10 01:14:27 UTC 2025","589","tests.tickets","test_07_delete_ticket","","","","test_delete_tickets_negative[ticket_ids0-400]","Негативные тесты: удаление с некорректными данными"
"passed","Thu Jul 10 01:14:01 UTC 2025","Thu Jul 10 01:14:01 UTC 2025","596","tests.catalog","test_update_admin_product","","","","test_update_admin_product_invalid_id[0]",""
"skipped","Thu Jul 10 01:12:16 UTC 2025","Thu Jul 10 01:12:16 UTC 2025","0","tests.account","test_history_group_volumes_admin","","","","test_get_group_volumes_history_admin_positive[partner-payload1]","Позитивные тесты на получение истории начисления групповых объемов для админа"
"passed","Thu Jul 10 01:15:11 UTC 2025","Thu Jul 10 01:15:12 UTC 2025","1092","tests.tickets","test_04_create_ticket","","","","test_create_ticket_success[client-attachments2-ReceivingDefectiveProductsOrShortage]","Позитивный тест: создание тикета с разными темами и вложениями для клиента, партнера и админа"
"passed","Thu Jul 10 01:13:53 UTC 2025","Thu Jul 10 01:13:54 UTC 2025","1135","tests.admin_panel.slides","test_59_update_slide","","","","test_update_slide_invalid_payload[payload19-422]","Негативный тест: обновление слайда с невалидным или неполным телом запроса."
"passed","Thu Jul 10 01:14:01 UTC 2025","Thu Jul 10 01:14:02 UTC 2025","151","tests.register","test_01_register_form","","","","test_register_form_positive[partner-payload0]",""
"skipped","Thu Jul 10 01:14:29 UTC 2025","Thu Jul 10 01:14:29 UTC 2025","135","tests.statistic","test_team_registrations","","","","test_get_team_registration_statistic_negative[payload2-admin]","Негативный тест: ошибка при получении статистики регистрации команды с невалидным телом запроса"
"passed","Thu Jul 10 01:13:59 UTC 2025","Thu Jul 10 01:13:59 UTC 2025","134","tests.delivery","test_02_get_delivery_address","","","","test_get_delivery_addresses_invalid_pagination[invalid_pagination2-partner]","Негативные тесты: передача некорректных параметров пагинации"
"passed","Thu Jul 10 01:16:51 UTC 2025","Thu Jul 10 01:16:52 UTC 2025","1078","tests.tickets","test_04_create_ticket","","","","test_create_ticket_success[admin-attachments2-QuestionsAboutTheHousingAndCarProgram]","Позитивный тест: создание тикета с разными темами и вложениями для клиента, партнера и админа"
"passed","Thu Jul 10 01:13:16 UTC 2025","Thu Jul 10 01:13:17 UTC 2025","138","tests.admin_panel.slides","test_57_create_slide","","","","test_create_slide_forbidden[client]","Негативный тест: создание слайда не-админом запрещено."
"passed","Thu Jul 10 01:13:48 UTC 2025","Thu Jul 10 01:13:49 UTC 2025","579","tests.catalog","test_create_admin_product","","","","test_create_product_invalid_payload[payload8-422]",""
"passed","Thu Jul 10 01:12:45 UTC 2025","Thu Jul 10 01:12:46 UTC 2025","141","tests.admin_panel.products","test_44_upload_product_brand_images","","","","test_upload_product_brand_images_forbidden[client]","Негативный тест: неадмин не может загрузить изображения."
"failed","Thu Jul 10 01:14:18 UTC 2025","Thu Jul 10 01:14:19 UTC 2025","907","tests.catalog","test_update_admin_product","","","","test_update_admin_product_invalid_payload[update_payload5-422]",""
"skipped","Thu Jul 10 01:14:28 UTC 2025","Thu Jul 10 01:14:28 UTC 2025","136","tests.statistic","test_team_registrations","","","","test_get_team_registration_statistic_negative[payload2-partner]","Негативный тест: ошибка при получении статистики регистрации команды с невалидным телом запроса"
"passed","Thu Jul 10 01:14:02 UTC 2025","Thu Jul 10 01:14:07 UTC 2025","5251","tests.delivery","test_03_delete_delivery_address","","","","test_delete_delivery_address_permissions[authorize_client-authorize_admin-True]","Тест: проверка прав доступа при удалении адресов"
"passed","Thu Jul 10 01:13:54 UTC 2025","Thu Jul 10 01:13:55 UTC 2025","1168","tests.admin_panel.slides","test_59_update_slide","","","","test_update_slide_invalid_payload[payload20-422]","Негативный тест: обновление слайда с невалидным или неполным телом запроса."
"failed","Thu Jul 10 01:14:28 UTC 2025","Thu Jul 10 01:14:29 UTC 2025","911","tests.catalog","test_update_admin_product","","","","test_update_admin_product_invalid_payload[update_payload9-422]",""
"passed","Thu Jul 10 01:14:36 UTC 2025","Thu Jul 10 01:14:36 UTC 2025","146","tests.tickets","test_01_get_tickets","","","","test_get_tickets_success[filter0-sort0-search2-pagination1-admin]","Позитивный тест: получение списка тикетов с разными комбинациями параметров"
"passed","Thu Jul 10 01:15:47 UTC 2025","Thu Jul 10 01:15:47 UTC 2025","134","tests.tickets","test_01_get_tickets","","","","test_get_tickets_invalid_filter[invalid_filter3-400-partner]","Негативный тест: передаем некорректные параметры фильтрации"
"passed","Thu Jul 10 01:12:18 UTC 2025","Thu Jul 10 01:12:19 UTC 2025","641","tests.PROJECT_FUND.initiatives","test_get_report_by_id","","","","test_get_report_by_invalid_id[-https://dev.ewahelps.com/api]","Негативный тест: невалидный или несуществующий path-параметр"
"passed","Thu Jul 10 01:13:18 UTC 2025","Thu Jul 10 01:13:21 UTC 2025","3037","tests.admin_panel.slides","test_58_get_slides_by_id","","","","test_get_slides_invalid_id[0]","Негативный тест: невалидный ID в path-параметре."
"passed","Thu Jul 10 01:17:12 UTC 2025","Thu Jul 10 01:17:12 UTC 2025","133","tests.tickets","test_04_create_ticket","","","","test_create_ticket_invalid_request_type[partner-invalid_request_type-400]","Негативный тест: попытка создания тикета с неверным типом request_type"
"passed","Thu Jul 10 01:14:35 UTC 2025","Thu Jul 10 01:14:36 UTC 2025","1229","tests.tickets","test_04_create_ticket","","","","test_create_ticket_success[client-attachments1-QuestionsAboutTheHousingAndCarProgram]","Позитивный тест: создание тикета с разными темами и вложениями для клиента, партнера и админа"
"passed","Thu Jul 10 01:13:47 UTC 2025","Thu Jul 10 01:13:48 UTC 2025","568","tests.admin_panel.slides","test_57_create_slide","","","","test_create_slide_title_color_validation[#GGGGGG-400]","Валидация поля title_color при создании слайда."
"passed","Thu Jul 10 01:16:58 UTC 2025","Thu Jul 10 01:16:59 UTC 2025","1082","tests.tickets","test_04_create_ticket","","","","test_create_ticket_success[admin-attachments2-QuestionsAboutTheMarriageContract]","Позитивный тест: создание тикета с разными темами и вложениями для клиента, партнера и админа"
"passed","Thu Jul 10 01:14:52 UTC 2025","Thu Jul 10 01:14:52 UTC 2025","150","tests.tickets","test_01_get_tickets","","","","test_get_tickets_success[filter1-sort0-search1-pagination0-client]","Позитивный тест: получение списка тикетов с разными комбинациями параметров"
"passed","Thu Jul 10 01:14:02 UTC 2025","Thu Jul 10 01:14:02 UTC 2025","590","tests.catalog","test_update_admin_product","","","","test_update_admin_product_invalid_id[abc]",""
"skipped","Thu Jul 10 01:14:29 UTC 2025","Thu Jul 10 01:14:29 UTC 2025","134","tests.statistic","test_team_go","","","","test_get_team_go_statistic_negative[payload2-client]","Негативный тест: ошибка при получении статистики по команде с невалидным телом запроса"
"passed","Thu Jul 10 01:12:54 UTC 2025","Thu Jul 10 01:12:55 UTC 2025","1982","tests.admin_panel.promo","test_74_update_promotion","","","","test_update_promotion_name_should_fail_if_not_unique","Негативный тест: попытка обновить имя акции на уже существующий."
"passed","Thu Jul 10 01:13:12 UTC 2025","Thu Jul 10 01:13:13 UTC 2025","430","tests.admin_panel.sliders","test_54_update_slider","","","","test_update_slider_unauthorized","Негативный тест: попытка обновления слайдера без авторизации."
"passed","Thu Jul 10 01:13:15 UTC 2025","Thu Jul 10 01:13:16 UTC 2025","600","tests.admin_panel.promo","test_77_create_promotion_item","","","","test_create_promotion_item_invalid_ids[abc-1-404]",""
"passed","Thu Jul 10 01:15:22 UTC 2025","Thu Jul 10 01:15:22 UTC 2025","146","tests.tickets","test_01_get_tickets","","","","test_get_tickets_success[filter2-sort0-search2-pagination1-admin]","Позитивный тест: получение списка тикетов с разными комбинациями параметров"
"passed","Thu Jul 10 01:13:18 UTC 2025","Thu Jul 10 01:13:19 UTC 2025","596","tests.admin_panel.sliders","test_54_update_slider","","","","test_update_slider_invalid_id[9999999]","Негативный тест: несуществующий или некорректный ID."
"skipped","Thu Jul 10 01:12:17 UTC 2025","Thu Jul 10 01:12:17 UTC 2025","0","tests.account","test_delete_avatar","","","","test_delete_avatar_positive[client]","Позитивные тесты на удаление аватара"
"passed","Thu Jul 10 01:12:14 UTC 2025","Thu Jul 10 01:12:15 UTC 2025","134","tests.account","test_0_grades_rating","","","","test_get_grades_rating_positive[client]","Позитивные тесты на получение рейтинга квалификаций"
"passed","Thu Jul 10 01:12:38 UTC 2025","Thu Jul 10 01:12:39 UTC 2025","1569","tests.admin_panel.products","test_41_get_product_brand_by_id","","","","test_get_product_brands_by_id_forbidden[client]","Негативный тест: получение бренда по ID не админом"
"skipped","Thu Jul 10 01:14:32 UTC 2025","Thu Jul 10 01:14:33 UTC 2025","1187","tests.tickets","test_06_close_ticket","","","","test_close_tickets_negative[partner-ticket_ids1-400]","Негативные тесты: закрытие с некорректными данными"
"passed","Thu Jul 10 01:13:18 UTC 2025","Thu Jul 10 01:13:18 UTC 2025","576","tests.admin_panel.sliders","test_54_update_slider","","","","test_update_slider_invalid_id[0]","Негативный тест: несуществующий или некорректный ID."
"passed","Thu Jul 10 01:15:56 UTC 2025","Thu Jul 10 01:15:57 UTC 2025","1180","tests.tickets","test_04_create_ticket","","","","test_create_ticket_success[partner-attachments2-QuestionsAboutTheHousingAndCarProgram]","Позитивный тест: создание тикета с разными темами и вложениями для клиента, партнера и админа"
"failed","Thu Jul 10 01:13:34 UTC 2025","Thu Jul 10 01:13:35 UTC 2025","921","tests.catalog","test_delete_admin_product_translation","","","","test_delete_admin_product_translation_success",""
"passed","Thu Jul 10 01:12:52 UTC 2025","Thu Jul 10 01:12:53 UTC 2025","575","tests.admin_panel.products","test_43_delete_product_brand","","","","test_delete_product_brand_invalid_id[abc]","Негативный тест: удаление несуществующего или некорректного бренда."
"passed","Thu Jul 10 01:15:37 UTC 2025","Thu Jul 10 01:15:37 UTC 2025","143","tests.tickets","test_01_get_tickets","","","","test_get_tickets_invalid_pagination[invalid_pagination0-client]","Негативный тест: передаем некорректные значения в pagination"
"passed","Thu Jul 10 01:16:26 UTC 2025","Thu Jul 10 01:16:26 UTC 2025","545","tests.tickets","test_04_create_ticket","","","","test_create_ticket_success[admin-attachments0-ReceivingDefectiveProducts]","Позитивный тест: создание тикета с разными темами и вложениями для клиента, партнера и админа"
"skipped","Thu Jul 10 01:12:14 UTC 2025","Thu Jul 10 01:12:14 UTC 2025","0","tests.account","test_0_marathon","","","","test_create_product_brand_invalid_payload[params2-400-admin]",""
"passed","Thu Jul 10 01:13:26 UTC 2025","Thu Jul 10 01:13:26 UTC 2025","570","tests.admin_panel.slides","test_59_update_slide","","","","test_update_slide_invalid_id[abc]","Негативный тест: несуществующий или некорректный ID."
"passed","Thu Jul 10 01:12:49 UTC 2025","Thu Jul 10 01:12:49 UTC 2025","588","tests.admin_panel.promo","test_72_create_promotion","","","","test_create_promotion_invalid_data[payload7-400]","Негативные тесты: невалидные данные"
"passed","Thu Jul 10 01:14:21 UTC 2025","Thu Jul 10 01:14:21 UTC 2025","133","tests.statistic","test_team_activations","","","","test_get_team_activation_statistic_negative[payload3-partner]","Негативный тест: ошибка при получении статистики активации команды с невалидным телом запроса"
"passed","Thu Jul 10 01:15:46 UTC 2025","Thu Jul 10 01:15:46 UTC 2025","138","tests.tickets","test_01_get_tickets","","","","test_get_tickets_invalid_filter[invalid_filter2-400-partner]","Негативный тест: передаем некорректные параметры фильтрации"
"skipped","Thu Jul 10 01:14:41 UTC 2025","Thu Jul 10 01:14:43 UTC 2025","2167","tests.tickets","test_10_send_message_to_ticket","","","","test_send_message_role_permissions[authorize_client-authorize_partner-403]","Проверка доступа к отправке сообщений в тикеты в зависимости от роли"
"passed","Thu Jul 10 01:15:46 UTC 2025","Thu Jul 10 01:15:47 UTC 2025","1204","tests.tickets","test_04_create_ticket","","","","test_create_ticket_success[partner-attachments1-OtherQuestions]","Позитивный тест: создание тикета с разными темами и вложениями для клиента, партнера и админа"
"skipped","Thu Jul 10 01:17:18 UTC 2025","Thu Jul 10 01:17:18 UTC 2025","0","tests.tickets","test_04_create_ticket","","","","test_create_ticket_invalid_title[client-None]","Негативный тест: создание тикета без заголовка"
"failed","Thu Jul 10 01:13:48 UTC 2025","Thu Jul 10 01:13:49 UTC 2025","930","tests.catalog","test_get_admin_product_translation","","","","test_get_admin_product_translation_forbidden[client]",""
"passed","Thu Jul 10 01:16:31 UTC 2025","Thu Jul 10 01:16:32 UTC 2025","1221","tests.tickets","test_04_create_ticket","","","","test_create_ticket_success[admin-attachments1-QuestionsAboutOrders]","Позитивный тест: создание тикета с разными темами и вложениями для клиента, партнера и админа"
"passed","Thu Jul 10 01:13:35 UTC 2025","Thu Jul 10 01:13:37 UTC 2025","1160","tests.admin_panel.slides","test_59_update_slide","","","","test_update_slide_invalid_payload[payload8-422]","Негативный тест: обновление слайда с невалидным или неполным телом запроса."
"passed","Thu Jul 10 01:12:15 UTC 2025","Thu Jul 10 01:12:15 UTC 2025","583","tests.PROJECT_FUND.initiatives","test_get_report_by_id","","","","test_get_report_by_invalid_id[abc-https://dev.ewahelps.com/api]","Негативный тест: невалидный или несуществующий path-параметр"
"passed","Thu Jul 10 01:14:42 UTC 2025","Thu Jul 10 01:14:43 UTC 2025","1420","tests.tickets","test_12_delete_message","","","","test_delete_ticket_message_admin_other_client[partner]","Негативный тест: админ пытается удалить сообщение клиента/партнёра"
"passed","Thu Jul 10 01:13:02 UTC 2025","Thu Jul 10 01:13:03 UTC 2025","431","tests.admin_panel.sliders","test_52_create_slider","","","","test_create_slider_unauthorized","Негативный тест: создание слайдера без авторизации."
"passed","Thu Jul 10 01:12:46 UTC 2025","Thu Jul 10 01:12:47 UTC 2025","578","tests.admin_panel.products","test_44_upload_product_brand_images","","","","test_upload_product_brand_images_invalid_id","Негативный тест: несуществующий ID бренда."
"passed","Thu Jul 10 01:13:00 UTC 2025","Thu Jul 10 01:13:01 UTC 2025","620","tests.admin_panel.promo","test_74_update_promotion","","","","test_update_promotion_invalid_id[0]","Негативный тест: несуществующий или некорректный ID."
"passed","Thu Jul 10 01:14:12 UTC 2025","Thu Jul 10 01:14:12 UTC 2025","133","tests.cart","test_get_delivery_cost","","","","test_get_delivery_cost_invalid_payload[client-payload3]","Негативный тест: некорректные входные данные"
"passed","Thu Jul 10 01:13:24 UTC 2025","Thu Jul 10 01:13:25 UTC 2025","1124","tests.admin_panel.sliders","test_54_update_slider","","","","test_update_slider_invalid_payload[payload4-expected_code4]","Негативный тест: обновление слайдера с невалидным или неполным телом запроса."
"skipped","Thu Jul 10 01:12:16 UTC 2025","Thu Jul 10 01:12:16 UTC 2025","0","tests.account","test_token","","","","test_add_token_positive[admin-payload0]","Позитивные тесты на добавление токена"
"skipped","Thu Jul 10 01:13:42 UTC 2025","Thu Jul 10 01:13:42 UTC 2025","434","tests.cart","test_user_locale","","","","test_update_user_locale_valid_payload[payload3]","
    Позитивный и чтест: Обновление языка/склада/локали НЕавторизованным пользователем."
"passed","Thu Jul 10 01:12:35 UTC 2025","Thu Jul 10 01:12:36 UTC 2025","1157","tests.admin_panel.categories","test_57_v2_update_category","","","","test_v2_update_category_invalid_payload[payload1-expected_code1]","Негативный тест: обновление категории с невалидным или неполным телом запроса."
"skipped","Thu Jul 10 01:12:14 UTC 2025","Thu Jul 10 01:12:14 UTC 2025","0","tests.account","test_0_marathon","","","","test_create_product_brand_invalid_payload[params2-400-client]",""
"passed","Thu Jul 10 01:13:57 UTC 2025","Thu Jul 10 01:13:57 UTC 2025","678","tests.delivery","test_01_save_delivery_address","","","","test_save_delivery_address_positive[client-payload5]","Позитивные тесты на сохранение адреса доставки"
"passed","Thu Jul 10 01:16:16 UTC 2025","Thu Jul 10 01:16:16 UTC 2025","540","tests.tickets","test_04_create_ticket","","","","test_create_ticket_success[admin-attachments0-QuestionsAboutTheHousingAndCarProgram]","Позитивный тест: создание тикета с разными темами и вложениями для клиента, партнера и админа"
"passed","Thu Jul 10 01:12:35 UTC 2025","Thu Jul 10 01:12:35 UTC 2025","571","tests.admin_panel.categories","test_81_delete_category_translation","","","","test_delete_category_translation_invalid_id[abc]","Негативный тест: удаление перевода с невалидным ID категории."
"passed","Thu Jul 10 01:12:55 UTC 2025","Thu Jul 10 01:12:58 UTC 2025","3008","tests.admin_panel.promo","test_73_get_promotion_by_id","","","","test_get_promotion_invalid_id[]","Негативный тест: получение акции по невалидному ID."
"passed","Thu Jul 10 01:14:34 UTC 2025","Thu Jul 10 01:14:35 UTC 2025","846","tests.tickets","test_11_update_message","","","","test_update_message_validation[partner-update_payload1-403]","Негативные тесты: невалидные поля при редактировании сообщения"
"skipped","Thu Jul 10 01:12:16 UTC 2025","Thu Jul 10 01:12:16 UTC 2025","0","tests.account","test_family_agreement_create_one","","","","test_create_family_agreement_one_positive[client-payload1]","Позитивные тесты на создание семейного соглашения при отсутствующем втором партнере"
"passed","Thu Jul 10 01:13:03 UTC 2025","Thu Jul 10 01:13:04 UTC 2025","584","tests.admin_panel.sliders","test_52_create_slider","","","","test_create_slider_invalid_payload[payload1-expected_code1]","Негативный тест: попытка создать слайдер с невалидным payload."
"passed","Thu Jul 10 01:13:57 UTC 2025","Thu Jul 10 01:13:58 UTC 2025","1097","tests.cart","test_get_delivery_cost","","","","test_get_delivery_cost_success_partial_payload[admin-payload1-200]","Позитивный тест: успешное получение ТК при неполном наборе (город без региона, без ID и т.п.)"
"passed","Thu Jul 10 01:13:10 UTC 2025","Thu Jul 10 01:13:11 UTC 2025","1279","tests.admin_panel.promo","test_74_update_promotion","","","","test_update_promotion_invalid_payload[payload4-400]","Негативный тест: обновление акции с невалидным или неполным телом запроса."
"passed","Thu Jul 10 01:12:45 UTC 2025","Thu Jul 10 01:12:46 UTC 2025","642","tests.admin_panel.products","test_42_update_product_brand","","","","test_update_product_brand_invalid_id[9999999]","Негативный тест: несуществующий или некорректный ID."
"passed","Thu Jul 10 01:15:44 UTC 2025","Thu Jul 10 01:15:44 UTC 2025","135","tests.tickets","test_01_get_tickets","","","","test_get_tickets_invalid_filter[invalid_filter1-400-client]","Негативный тест: передаем некорректные параметры фильтрации"
"passed","Thu Jul 10 01:16:25 UTC 2025","Thu Jul 10 01:16:25 UTC 2025","552","tests.tickets","test_04_create_ticket","","","","test_create_ticket_success[admin-attachments0-ReceivingDefectiveProductsOrShortage]","Позитивный тест: создание тикета с разными темами и вложениями для клиента, партнера и админа"
"passed","Thu Jul 10 01:15:25 UTC 2025","Thu Jul 10 01:15:25 UTC 2025","139","tests.tickets","test_01_get_tickets","","","","test_get_tickets_success[filter2-sort1-search0-pagination1-admin]","Позитивный тест: получение списка тикетов с разными комбинациями параметров"
"passed","Thu Jul 10 01:13:24 UTC 2025","Thu Jul 10 01:13:25 UTC 2025","615","tests.admin_panel.slides","test_57_create_slide","","","","test_create_slide_invalid_payload[payload3-expected_code3]","Негативные тесты: некорректные и неполные payload'ы."
"passed","Thu Jul 10 01:13:24 UTC 2025","Thu Jul 10 01:13:25 UTC 2025","1031","tests.admin_panel.slides","test_61_upload_slides_images","","","","test_upload_slide_images_invalid_format[invalid.txt-text/plain-400]","Негативный и позитивный тест: загрузка изображений в разных форматах."
"passed","Thu Jul 10 01:14:16 UTC 2025","Thu Jul 10 01:14:16 UTC 2025","134","tests.delivery","test_01_save_delivery_address","","","","test_save_delivery_address_negative[partner-payload0-400]","Негативные тесты на сохранение адреса доставки (отсутствие обязательных полей, некорректные данные)"
"passed","Thu Jul 10 01:13:28 UTC 2025","Thu Jul 10 01:13:29 UTC 2025","1212","tests.admin_panel.slides","test_61_upload_slides_images","","","","test_upload_slide_images_invalid_format[valid.png-image/png-204]","Негативный и позитивный тест: загрузка изображений в разных форматах."
"failed","Thu Jul 10 01:12:41 UTC 2025","Thu Jul 10 01:13:50 UTC 2025","69596","tests.admin_panel.products","test_01_recommended_products_sort","","","","test_sort_recommendations_no_rights[partner]","Пользователь без прав пытается отсортировать рекомендации"
"skipped","Thu Jul 10 01:13:50 UTC 2025","Thu Jul 10 01:13:50 UTC 2025","0","tests.catalog","test_create_admin_product","","","","test_create_product_duplicate_slug[de]",""
"passed","Thu Jul 10 01:12:30 UTC 2025","Thu Jul 10 01:12:30 UTC 2025","581","tests.admin_panel.categories","test_49_delete_category","","","","test_delete_category_invalid_id[9999999]","Негативный тест: удаление несуществующей или некорректной категории."
"passed","Thu Jul 10 01:14:55 UTC 2025","Thu Jul 10 01:14:56 UTC 2025","1221","tests.tickets","test_04_create_ticket","","","","test_create_ticket_success[client-attachments2-QuestionsAboutPaymentsToIP]","Позитивный тест: создание тикета с разными темами и вложениями для клиента, партнера и админа"
"passed","Thu Jul 10 01:14:13 UTC 2025","Thu Jul 10 01:14:13 UTC 2025","139","tests.statistic","test_team_go","","","","test_get_team_go_statistic_positive[payload0-client]","Позитивный тест: получение статистики по команде с валидным телом запроса"
"passed","Thu Jul 10 01:15:44 UTC 2025","Thu Jul 10 01:15:46 UTC 2025","1246","tests.tickets","test_04_create_ticket","","","","test_create_ticket_success[partner-attachments1-QuestionsAboutTheRewardSystemMarketingPlan]","Позитивный тест: создание тикета с разными темами и вложениями для клиента, партнера и админа"
"passed","Thu Jul 10 01:16:28 UTC 2025","Thu Jul 10 01:16:29 UTC 2025","1221","tests.tickets","test_04_create_ticket","","","","test_create_ticket_success[admin-attachments1-QuestionsAboutPaymentsToIP]","Позитивный тест: создание тикета с разными темами и вложениями для клиента, партнера и админа"
"passed","Thu Jul 10 01:12:51 UTC 2025","Thu Jul 10 01:12:52 UTC 2025","456","tests.admin_panel.products","test_02_recommended_products_add","","","","test_add_recommendation_unauthorized","Неавторизованный пользователь"
"passed","Thu Jul 10 01:13:31 UTC 2025","Thu Jul 10 01:13:35 UTC 2025","3609","tests.admin_panel.sliders","test_54_update_slider","","","","test_update_slider_invalid_payload[payload10-422]","Негативный тест: обновление слайдера с невалидным или неполным телом запроса."
"skipped","Thu Jul 10 01:13:43 UTC 2025","Thu Jul 10 01:13:44 UTC 2025","415","tests.cart","test_user_locale","","","","test_update_user_locale_valid_payload[payload6]","
    Позитивный и чтест: Обновление языка/склада/локали НЕавторизованным пользователем."
"passed","Thu Jul 10 01:12:49 UTC 2025","Thu Jul 10 01:12:51 UTC 2025","2388","tests.admin_panel.products","test_02_recommended_products_add","","","","test_add_recommendation_no_rights[partner]","Пользователь без прав пытается добавить рекомендации"
"passed","Thu Jul 10 01:12:32 UTC 2025","Thu Jul 10 01:12:33 UTC 2025","569","tests.admin_panel.categories","test_47_get_categories_by_id","","","","test_get_categories_invalid_id[-1]","Негативный тест: получение категории по невалидному ID."
"skipped","Thu Jul 10 01:14:10 UTC 2025","Thu Jul 10 01:14:10 UTC 2025","144","tests.register","test_01_register_form","","","","test_register_form_negative[admin-payload3-400]",""
"passed","Thu Jul 10 01:13:05 UTC 2025","Thu Jul 10 01:13:05 UTC 2025","590","tests.admin_panel.promo","test_78_delete_promotion_item","","","","test_delete_promotion_item_invalid_id[1.5-1.5]","Негативный тест: удаление элемента акции с невалидным ID продукта."
"passed","Thu Jul 10 01:13:19 UTC 2025","Thu Jul 10 01:13:19 UTC 2025","567","tests.admin_panel.sliders","test_54_update_slider","","","","test_update_slider_invalid_id[abc]","Негативный тест: несуществующий или некорректный ID."
"passed","Thu Jul 10 01:14:46 UTC 2025","Thu Jul 10 01:14:46 UTC 2025","416","tests.tickets","test_12_delete_message","","","","test_delete_ticket_message_without_auth","Негативный тест: удаление сообщения без авторизации"
"passed","Thu Jul 10 01:14:07 UTC 2025","Thu Jul 10 01:14:07 UTC 2025","139","tests.statistic","test_team_activations","","","","test_get_team_activation_statistic_positive[payload0-client]","Позитивный тест: получение статистики по активации команды с валидным телом запроса"
"passed","Thu Jul 10 01:14:17 UTC 2025","Thu Jul 10 01:14:17 UTC 2025","138","tests.cart","test_get_delivery_cost","","","","test_get_delivery_cost_invalid_payload[partner-payload4]","Негативный тест: некорректные входные данные"
"skipped","Thu Jul 10 01:17:18 UTC 2025","Thu Jul 10 01:17:18 UTC 2025","0","tests.tickets","test_04_create_ticket","","","","test_create_ticket_invalid_title[partner-]","Негативный тест: создание тикета без заголовка"
"passed","Thu Jul 10 01:12:37 UTC 2025","Thu Jul 10 01:12:40 UTC 2025","2067","tests.admin_panel.products","test_03_recommended_products_delete","","","","test_remove_recommendation_db_no_rights[client]","Пользователь без прав пытается удалить рекомендации."
"skipped","Thu Jul 10 01:12:16 UTC 2025","Thu Jul 10 01:12:16 UTC 2025","0","tests.account","test_history_personal_volumes","","","","test_get_personal_volumes_history_positive[partner-payload1]","Позитивные тесты на получение истории начисления личных объемов"
"skipped","Thu Jul 10 01:12:16 UTC 2025","Thu Jul 10 01:12:16 UTC 2025","0","tests.account","test_get_default_stock","","","","test_get_default_stock_positive[admin]","Позитивные тесты на получение дефолтного склада"
"passed","Thu Jul 10 01:13:16 UTC 2025","Thu Jul 10 01:13:16 UTC 2025","574","tests.admin_panel.promo","test_77_create_promotion_item","","","","test_create_promotion_item_invalid_ids[1-xyz-404]",""
"passed","Thu Jul 10 01:14:56 UTC 2025","Thu Jul 10 01:14:56 UTC 2025","144","tests.tickets","test_01_get_tickets","","","","test_get_tickets_success[filter1-sort0-search2-pagination0-partner]","Позитивный тест: получение списка тикетов с разными комбинациями параметров"
"passed","Thu Jul 10 01:12:15 UTC 2025","Thu Jul 10 01:12:15 UTC 2025","133","tests.account","test_0_grades_rating","","","","test_get_grades_rating_positive[partner]","Позитивные тесты на получение рейтинга квалификаций"
"passed","Thu Jul 10 01:14:35 UTC 2025","Thu Jul 10 01:14:36 UTC 2025","798","tests.delivery","test_01_save_delivery_address","","","","test_create_two_identical_addresses[partner]","Тест на невозможность создать два полностью одинаковых адреса"
"passed","Thu Jul 10 01:13:24 UTC 2025","Thu Jul 10 01:13:24 UTC 2025","140","tests.auth","test_02_login","","","","test_admin_login[admin-Admin--401]",""
"skipped","Thu Jul 10 01:17:21 UTC 2025","Thu Jul 10 01:17:21 UTC 2025","0","tests.tickets","test_04_create_ticket","","","","test_create_ticket_invalid_attachment[client]","Негативный тест: попытка загрузки вложения с некорректными данными"
"failed","Thu Jul 10 01:14:10 UTC 2025","Thu Jul 10 01:14:11 UTC 2025","942","tests.catalog","test_create_admin_product_translation","","","","test_create_admin_product_translation_forbidden[partner]",""
"passed","Thu Jul 10 01:16:49 UTC 2025","Thu Jul 10 01:16:50 UTC 2025","1140","tests.tickets","test_04_create_ticket","","","","test_create_ticket_success[admin-attachments2-QuestionsAboutPaymentsToIP]","Позитивный тест: создание тикета с разными темами и вложениями для клиента, партнера и админа"
"skipped","Thu Jul 10 01:12:16 UTC 2025","Thu Jul 10 01:12:16 UTC 2025","0","tests.account","test_history_group_volumes","","","","test_get_group_volumes_history_positive[admin-payload1]","Позитивные тесты на получение истории начисления групповых объемов"
"passed","Thu Jul 10 01:13:49 UTC 2025","Thu Jul 10 01:13:49 UTC 2025","579","tests.admin_panel.slides","test_57_create_slide","","","","test_create_slide_title_color_validation[#12345G-400]","Валидация поля title_color при создании слайда."
"passed","Thu Jul 10 01:14:23 UTC 2025","Thu Jul 10 01:14:23 UTC 2025","136","tests.delivery","test_03_delete_delivery_address","","","","test_delete_delivery_address_invalid_id[None-admin]","Негативные тесты: удаление адреса с некорректным ID"
"passed","Thu Jul 10 01:15:46 UTC 2025","Thu Jul 10 01:15:46 UTC 2025","139","tests.tickets","test_01_get_tickets","","","","test_get_tickets_invalid_filter[invalid_filter3-400-client]","Негативный тест: передаем некорректные параметры фильтрации"
"skipped","Thu Jul 10 01:12:16 UTC 2025","Thu Jul 10 01:12:16 UTC 2025","0","tests.account","test_list_csv","","","","test_get_account_list_csv_positive[client-payload1]","Позитивные тесты на выгрузку структуры партнеров в CSV"
"failed","Thu Jul 10 01:14:04 UTC 2025","Thu Jul 10 01:14:05 UTC 2025","926","tests.catalog","test_create_admin_product_translation","","","","test_create_admin_product_translation_forbidden[client]",""
"skipped","Thu Jul 10 01:14:28 UTC 2025","Thu Jul 10 01:14:28 UTC 2025","596","tests.tickets","test_07_delete_ticket","","","","test_delete_tickets_negative[ticket_ids1-400]","Негативные тесты: удаление с некорректными данными"
"passed","Thu Jul 10 01:12:18 UTC 2025","Thu Jul 10 01:12:18 UTC 2025","135","tests.account","test_0_funds_transfer_withdrawal_info","","","","test_get_withdrawal_info_positive[admin-403]","Позитивные тесты на получение информации о выводе средств"
"passed","Thu Jul 10 01:14:38 UTC 2025","Thu Jul 10 01:14:39 UTC 2025","1214","tests.tickets","test_04_create_ticket","","","","test_create_ticket_success[client-attachments1-QuestionsAboutInternationalDelivery]","Позитивный тест: создание тикета с разными темами и вложениями для клиента, партнера и админа"
"passed","Thu Jul 10 01:12:55 UTC 2025","Thu Jul 10 01:12:55 UTC 2025","569","tests.admin_panel.promo","test_73_get_promotion_by_id","","","","test_get_promotion_invalid_id[None]","Негативный тест: получение акции по невалидному ID."
"passed","Thu Jul 10 01:12:38 UTC 2025","Thu Jul 10 01:12:38 UTC 2025","441","tests.admin_panel.products","test_40_create_product_brand","","","","test_create_product_brand_unauthorized","Негативный тест: создание бренда без авторизации."
"passed","Thu Jul 10 01:14:22 UTC 2025","Thu Jul 10 01:14:22 UTC 2025","136","tests.statistic","test_team_go","","","","test_get_team_go_statistic_positive[payload3-admin]","Позитивный тест: получение статистики по команде с валидным телом запроса"
"skipped","Thu Jul 10 01:14:24 UTC 2025","Thu Jul 10 01:14:24 UTC 2025","133","tests.statistic","test_team_registrations","","","","test_get_team_registration_statistic_negative[payload1-client]","Негативный тест: ошибка при получении статистики регистрации команды с невалидным телом запроса"
"passed","Thu Jul 10 01:14:32 UTC 2025","Thu Jul 10 01:14:33 UTC 2025","136","tests.statistic","test_team_registrations","","","","test_get_team_registration_statistic_negative[payload4-admin]","Негативный тест: ошибка при получении статистики регистрации команды с невалидным телом запроса"
"passed","Thu Jul 10 01:14:00 UTC 2025","Thu Jul 10 01:14:00 UTC 2025","134","tests.delivery","test_02_get_delivery_address","","","","test_get_delivery_addresses_invalid_pagination[invalid_pagination2-admin]","Негативные тесты: передача некорректных параметров пагинации"
"skipped","Thu Jul 10 01:13:41 UTC 2025","Thu Jul 10 01:13:41 UTC 2025","437","tests.cart","test_user_locale","","","","test_update_user_locale_valid_payload[payload0]","
    Позитивный и чтест: Обновление языка/склада/локали НЕавторизованным пользователем."
"passed","Thu Jul 10 01:15:26 UTC 2025","Thu Jul 10 01:15:27 UTC 2025","149","tests.tickets","test_01_get_tickets","","","","test_get_tickets_success[filter2-sort1-search1-pagination0-partner]","Позитивный тест: получение списка тикетов с разными комбинациями параметров"
"passed","Thu Jul 10 01:13:16 UTC 2025","Thu Jul 10 01:13:17 UTC 2025","577","tests.admin_panel.slides","test_0_slides_sort","","","","test_slides_sort_invalid_id[1.5]","Негативный тест: невалидный path parameter."
"passed","Thu Jul 10 01:12:28 UTC 2025","Thu Jul 10 01:12:30 UTC 2025","1732","tests.admin_panel.categories","test_79_get_category_translation","","","","test_get_category_translation_forbidden[partner]",""
"skipped","Thu Jul 10 01:12:16 UTC 2025","Thu Jul 10 01:12:16 UTC 2025","0","tests.account","test_token_revoke","","","","test_revoke_token_positive[partner-payload1]","Позитивные тесты на удаление токена"
"passed","Thu Jul 10 01:12:20 UTC 2025","Thu Jul 10 01:12:21 UTC 2025","1068","tests.admin_panel.categories","test_56_v2_create_category","","","","test_v2_create_category_success","Позитивный тест: успешное создание категории (все поля)."
"passed","Thu Jul 10 01:14:25 UTC 2025","Thu Jul 10 01:14:25 UTC 2025","139","tests.delivery","test_01_save_delivery_address","","","","test_save_delivery_address_negative[admin-payload5-400]","Негативные тесты на сохранение адреса доставки (отсутствие обязательных полей, некорректные данные)"
"passed","Thu Jul 10 01:15:39 UTC 2025","Thu Jul 10 01:15:39 UTC 2025","139","tests.tickets","test_01_get_tickets","","","","test_get_tickets_invalid_search[invalid_search0-400-client]","Негативный тест: передаем некорректные параметры поиска"
"passed","Thu Jul 10 01:12:58 UTC 2025","Thu Jul 10 01:12:59 UTC 2025","563","tests.admin_panel.promo","test_76_get_promotion_items","","","","test_get_promotion_item_invalid_id[0-0]","Негативный тест: получение элемента с невалидным ID."
"passed","Thu Jul 10 01:13:18 UTC 2025","Thu Jul 10 01:13:24 UTC 2025","5538","tests.admin_panel.slides","test_57_create_slide","","","","test_create_slide_invalid_payload[payload1-expected_code1]","Негативные тесты: некорректные и неполные payload'ы."
"failed","Thu Jul 10 01:13:31 UTC 2025","Thu Jul 10 01:13:32 UTC 2025","963","tests.catalog","test_create_admin_product","","","","test_create_admin_product_full_payload",""
"passed","Thu Jul 10 01:13:05 UTC 2025","Thu Jul 10 01:13:08 UTC 2025","2172","tests.admin_panel.products","test_44_upload_product_brand_images","","","","test_upload_product_brand_images_various_fields[5.3-fields_to_send3-400]","Негативный тест. Загрузка слишком большого изображения."
"passed","Thu Jul 10 01:13:43 UTC 2025","Thu Jul 10 01:13:43 UTC 2025","166","tests.cart","test_get_delivery_cost","","","","test_get_delivery_cost_success_partial_payload[client-payload5-400]","Позитивный тест: успешное получение ТК при неполном наборе (город без региона, без ID и т.п.)"
"passed","Thu Jul 10 01:14:11 UTC 2025","Thu Jul 10 01:14:12 UTC 2025","577","tests.register","test_03_register_client","","","","test_register_client_negative[payload1-400]","Тест: негативные тесты для регистрации клиента вручную"
"passed","Thu Jul 10 01:15:41 UTC 2025","Thu Jul 10 01:15:42 UTC 2025","1206","tests.tickets","test_04_create_ticket","","","","test_create_ticket_success[partner-attachments1-QuestionsAboutTheWorkOfTheStructureAndMentors]","Позитивный тест: создание тикета с разными темами и вложениями для клиента, партнера и админа"
"passed","Thu Jul 10 01:15:20 UTC 2025","Thu Jul 10 01:15:21 UTC 2025","552","tests.tickets","test_04_create_ticket","","","","test_create_ticket_success[partner-attachments0-QuestionsAboutProducts]","Позитивный тест: создание тикета с разными темами и вложениями для клиента, партнера и админа"
"passed","Thu Jul 10 01:14:12 UTC 2025","Thu Jul 10 01:14:12 UTC 2025","134","tests.delivery","test_01_save_delivery_address","","","","test_save_delivery_address_negative[client-payload3-400]","Негативные тесты на сохранение адреса доставки (отсутствие обязательных полей, некорректные данные)"
"passed","Thu Jul 10 01:13:36 UTC 2025","Thu Jul 10 01:13:40 UTC 2025","3658","tests.admin_panel.sliders","test_54_update_slider","","","","test_update_slider_invalid_payload[payload12-422]","Негативный тест: обновление слайдера с невалидным или неполным телом запроса."
"passed","Thu Jul 10 01:12:26 UTC 2025","Thu Jul 10 01:12:28 UTC 2025","1777","tests.admin_panel.categories","test_57_v2_update_category","","","","test_v2_update_category_slug_should_fail_if_not_unique","Негативный тест: попытка обновить slug категории на уже существующий."
"passed","Thu Jul 10 01:13:30 UTC 2025","Thu Jul 10 01:13:31 UTC 2025","568","tests.auth","test_06_full_logout","","","","test_full_logout_success[partner]","Тест полного разлогина всех сессий клиента, партнера и админа."
"skipped","Thu Jul 10 01:12:16 UTC 2025","Thu Jul 10 01:12:16 UTC 2025","0","tests.account","test_family_agreement_create_three","","","","test_create_family_agreement_three_positive[partner-payload1]","Позитивные тесты на создание семейного соглашения при аннулировании второго партнера"
"passed","Thu Jul 10 01:14:14 UTC 2025","Thu Jul 10 01:14:15 UTC 2025","620","tests.catalog","test_create_admin_product_translation","","","","test_create_admin_product_translation_invalid_payload[payload4-400]",""
"passed","Thu Jul 10 01:16:02 UTC 2025","Thu Jul 10 01:16:03 UTC 2025","1121","tests.tickets","test_04_create_ticket","","","","test_create_ticket_success[partner-attachments2-QuestionsAboutTheWorkOfTheStructureAndMentors]","Позитивный тест: создание тикета с разными темами и вложениями для клиента, партнера и админа"
"passed","Thu Jul 10 01:12:19 UTC 2025","Thu Jul 10 01:12:20 UTC 2025","1060","tests.admin_panel.categories","test_46_create_category","","","","test_create_category_success","Позитивный тест: успешное создание категории (все поля)."
"passed","Thu Jul 10 01:12:17 UTC 2025","Thu Jul 10 01:12:17 UTC 2025","143","tests.account","test_0_top_partners_game_0824","","","","test_get_top_partners_game_0824_positive[partner]","Позитивные тесты на получение топ-партнеров в игре 08/24"
"skipped","Thu Jul 10 01:14:05 UTC 2025","Thu Jul 10 01:14:05 UTC 2025","183","tests.register","test_01_register_form","","","","test_register_form_negative[client-payload3-400]",""
"passed","Thu Jul 10 01:13:48 UTC 2025","Thu Jul 10 01:13:51 UTC 2025","3312","tests.admin_panel.slides","test_61_upload_slides_images","","","","test_upload_slide_images_file_too_large[4.7-fields_to_send6-204]","Негативный тест: загрузка слишком большого изображения."
"skipped","Thu Jul 10 01:12:28 UTC 2025","Thu Jul 10 01:12:28 UTC 2025","0","tests.admin_panel.products","test_01_delete_product_group","","","","test_delete_product_group_unauthorized","Негативный тест: попытка удаления продукт группы без авторизации."
"passed","Thu Jul 10 01:12:20 UTC 2025","Thu Jul 10 01:12:21 UTC 2025","1191","tests.admin_panel.categories","test_45_get_categories","","","","test_get_categories_after_adding","Интеграционный тест: добавление категории и проверка её наличия в списке по ID."
"passed","Thu Jul 10 01:13:52 UTC 2025","Thu Jul 10 01:13:53 UTC 2025","134","tests.admin_panel.promo","test_71_get_promotions","","","","test_get_promotions_list_forbidden[partner]","Негативный тест: получение списка акций не админом."
"passed","Thu Jul 10 01:16:27 UTC 2025","Thu Jul 10 01:16:27 UTC 2025","568","tests.tickets","test_04_create_ticket","","","","test_create_ticket_success[admin-attachments0-ReceivingProductsShortage]","Позитивный тест: создание тикета с разными темами и вложениями для клиента, партнера и админа"
"skipped","Thu Jul 10 01:12:16 UTC 2025","Thu Jul 10 01:12:16 UTC 2025","0","tests.account","test_funds_transfer_send","","","","test_send_funds_transfer_positive[client-payload0]","Позитивные тесты на перевод/вывод средств по visibleId"
"passed","Thu Jul 10 01:13:00 UTC 2025","Thu Jul 10 01:13:06 UTC 2025","6163","tests.admin_panel.categories","test_50_upload_category_images","","","","test_upload_category_images_file_too_large[4.7-fields_to_send6-204]","Негативный тест: загрузка слишком большого изображения."
"skipped","Thu Jul 10 01:12:14 UTC 2025","Thu Jul 10 01:12:14 UTC 2025","0","tests.account","test_0_marathon","","","","test_get_marathon_is_purchased[partner-200]","Позитивный кейс — проверяет приобретал ли аккаунт марафонский набор (все поля)"
"passed","Thu Jul 10 01:13:54 UTC 2025","Thu Jul 10 01:13:55 UTC 2025","661","tests.delivery","test_01_save_delivery_address","","","","test_save_delivery_address_positive[client-payload3]","Позитивные тесты на сохранение адреса доставки"
"passed","Thu Jul 10 01:13:54 UTC 2025","Thu Jul 10 01:13:54 UTC 2025","141","tests.delivery","test_02_get_delivery_address","","","","test_get_empty_delivery_addresses[admin]","Тест: получение пустого списка"
"passed","Thu Jul 10 01:15:12 UTC 2025","Thu Jul 10 01:15:13 UTC 2025","143","tests.tickets","test_01_get_tickets","","","","test_get_tickets_success[filter2-sort0-search0-pagination0-admin]","Позитивный тест: получение списка тикетов с разными комбинациями параметров"
"skipped","Thu Jul 10 01:14:03 UTC 2025","Thu Jul 10 01:14:03 UTC 2025","148","tests.register","test_01_register_form","","","","test_register_form_negative[client-payload0-400]",""
"passed","Thu Jul 10 01:12:20 UTC 2025","Thu Jul 10 01:12:20 UTC 2025","133","tests.account","test_0_top_partners_top_recruiters","","","","test_get_top_partners_top_recruiters_positive[partner]","Позитивные тесты на получение топ-партнеров по количеству активных партнеров"
"passed","Thu Jul 10 01:14:20 UTC 2025","Thu Jul 10 01:14:20 UTC 2025","133","tests.cart","test_get_delivery_cost","","","","test_get_delivery_cost_invalid_payload[admin-payload1]","Негативный тест: некорректные входные данные"
"skipped","Thu Jul 10 01:13:48 UTC 2025","Thu Jul 10 01:13:48 UTC 2025","137","tests.cart","test_user_locale","","","","test_update_user_locale_invalid_payload[client-payload4-422]","Негативный тест: обновление локали с невалидным payload."
"passed","Thu Jul 10 01:13:38 UTC 2025","Thu Jul 10 01:13:38 UTC 2025","169","tests.cart","test_get_delivery_cost","","","","test_get_delivery_cost_success_partial_payload[client-payload0-400]","Позитивный тест: успешное получение ТК при неполном наборе (город без региона, без ID и т.п.)"
"passed","Thu Jul 10 01:15:02 UTC 2025","Thu Jul 10 01:15:03 UTC 2025","1133","tests.tickets","test_04_create_ticket","","","","test_create_ticket_success[client-attachments2-QuestionsAboutProducts]","Позитивный тест: создание тикета с разными темами и вложениями для клиента, партнера и админа"
"passed","Thu Jul 10 01:13:28 UTC 2025","Thu Jul 10 01:13:28 UTC 2025","135","tests.auth","test_03_token_auth","","","","test_auth_by_valid_token[admin]","Тест успешной авторизации по валидному токену"
"passed","Thu Jul 10 01:13:28 UTC 2025","Thu Jul 10 01:13:28 UTC 2025","134","tests.admin_panel.slides","test_62_slides_update_video_url","","","","test_update_video_url_forbidden[client]","Негативный тест: не-админ не может обновить ссылку на мастер-файл"
"passed","Thu Jul 10 01:13:08 UTC 2025","Thu Jul 10 01:13:09 UTC 2025","586","tests.admin_panel.promo","test_77_create_promotion_item","","","","test_create_promotion_item_invalid_ids[1-None-404]",""
"passed","Thu Jul 10 01:12:31 UTC 2025","Thu Jul 10 01:12:31 UTC 2025","599","tests.admin_panel.categories","test_79_get_category_translation","","","","test_get_category_translation_invalid_id[0]",""
"passed","Thu Jul 10 01:12:21 UTC 2025","Thu Jul 10 01:12:21 UTC 2025","433","tests.admin_panel.categories","test_46_create_category","","","","test_create_category_unauthorized","Негативный тест: создание категории без авторизации."
"passed","Thu Jul 10 01:12:20 UTC 2025","Thu Jul 10 01:12:22 UTC 2025","1791","tests.admin_panel.categories","test_48_update_category","","","","test_update_category_slug_should_fail_if_not_unique","Негативный тест: попытка обновить slug категории на уже существующий."
"skipped","Thu Jul 10 01:12:28 UTC 2025","Thu Jul 10 01:12:28 UTC 2025","0","tests.admin_panel.products","test_01_create_product_group","","","","test_create_product_group_invalid_payload[payload3-422]",""
"skipped","Thu Jul 10 01:14:27 UTC 2025","Thu Jul 10 01:14:27 UTC 2025","136","tests.statistic","test_team_go","","","","test_get_team_go_statistic_negative[payload1-client]","Негативный тест: ошибка при получении статистики по команде с невалидным телом запроса"
"passed","Thu Jul 10 01:12:46 UTC 2025","Thu Jul 10 01:12:47 UTC 2025","591","tests.admin_panel.categories","test_80_create_category_translation","","","","test_create_category_translation_invalid_payload[payload4-400]","Негативный тест: создание перевода с невалидным payload."
"passed","Thu Jul 10 01:12:18 UTC 2025","Thu Jul 10 01:12:18 UTC 2025","135","tests.account","test_0_top_partners_game_0824","","","","test_get_top_partners_game_0824_positive[admin]","Позитивные тесты на получение топ-партнеров в игре 08/24"
"skipped","Thu Jul 10 01:13:50 UTC 2025","Thu Jul 10 01:13:50 UTC 2025","0","tests.catalog","test_create_admin_product","","","","test_create_product_duplicate_slug[kk]",""
"passed","Thu Jul 10 01:14:42 UTC 2025","Thu Jul 10 01:14:42 UTC 2025","138","tests.statistic","test_team_registrations","","","","test_get_team_registration_statistic_negative[payload7-partner]","Негативный тест: ошибка при получении статистики регистрации команды с невалидным телом запроса"
"passed","Thu Jul 10 01:12:16 UTC 2025","Thu Jul 10 01:12:17 UTC 2025","142","tests.account","test_0_top_partners_game_0824","","","","test_get_top_partners_game_0824_positive[client]","Позитивные тесты на получение топ-партнеров в игре 08/24"
"passed","Thu Jul 10 01:13:23 UTC 2025","Thu Jul 10 01:13:24 UTC 2025","1139","tests.admin_panel.sliders","test_54_update_slider","","","","test_update_slider_invalid_payload[payload3-expected_code3]","Негативный тест: обновление слайдера с невалидным или неполным телом запроса."
"passed","Thu Jul 10 01:16:29 UTC 2025","Thu Jul 10 01:16:30 UTC 2025","1222","tests.tickets","test_04_create_ticket","","","","test_create_ticket_success[admin-attachments1-QuestionsAboutTheHousingAndCarProgram]","Позитивный тест: создание тикета с разными темами и вложениями для клиента, партнера и админа"
"passed","Thu Jul 10 01:14:50 UTC 2025","Thu Jul 10 01:14:50 UTC 2025","140","tests.tickets","test_01_get_tickets","","","","test_get_tickets_success[filter1-sort0-search0-pagination1-client]","Позитивный тест: получение списка тикетов с разными комбинациями параметров"
"passed","Thu Jul 10 01:12:57 UTC 2025","Thu Jul 10 01:12:58 UTC 2025","602","tests.admin_panel.promo","test_76_get_promotion_items","","","","test_get_promotion_item_invalid_id[-1--1]","Негативный тест: получение элемента с невалидным ID."
"passed","Thu Jul 10 01:12:45 UTC 2025","Thu Jul 10 01:12:45 UTC 2025","589","tests.admin_panel.promo","test_72_create_promotion","","","","test_create_promotion_invalid_data[payload0-400]","Негативные тесты: невалидные данные"
"passed","Thu Jul 10 01:13:48 UTC 2025","Thu Jul 10 01:13:48 UTC 2025","589","tests.catalog","test_create_admin_product","","","","test_create_product_invalid_payload[payload7-422]",""
"skipped","Thu Jul 10 01:14:00 UTC 2025","Thu Jul 10 01:14:00 UTC 2025","0","tests.register","test_02_register_partner","","","","test_register_partner_positive[admin-403]","Тест: позитивные тесты для регистрации партнера вручную"
"passed","Thu Jul 10 01:15:41 UTC 2025","Thu Jul 10 01:15:42 UTC 2025","133","tests.tickets","test_01_get_tickets","","","","test_get_tickets_invalid_search[invalid_search2-400-client]","Негативный тест: передаем некорректные параметры поиска"
"passed","Thu Jul 10 01:14:41 UTC 2025","Thu Jul 10 01:14:41 UTC 2025","153","tests.tickets","test_01_get_tickets","","","","test_get_tickets_success[filter0-sort1-search1-pagination0-client]","Позитивный тест: получение списка тикетов с разными комбинациями параметров"
"passed","Thu Jul 10 01:14:24 UTC 2025","Thu Jul 10 01:14:24 UTC 2025","870","tests.tickets","test_09_get_ticket_messages","","","","test_get_ticket_messages_positive[client]","Позитивный тест: успешное получение списка сообщений тикета"
"passed","Thu Jul 10 01:14:09 UTC 2025","Thu Jul 10 01:14:12 UTC 2025","2483","tests.delivery","test_03_delete_delivery_address","","","","test_delete_delivery_address_permissions[authorize_client-authorize_partner-True]","Тест: проверка прав доступа при удалении адресов"
"passed","Thu Jul 10 01:14:08 UTC 2025","Thu Jul 10 01:14:10 UTC 2025","1657","tests.admin_panel.slides","test_61_upload_slides_images","","","","test_upload_only_single_slide_image_field[desktop_preview-test_png.png-image/png-desktop_preview]","Проверка: загрузка только одного изображения не должна заполнять другие поля."
"passed","Thu Jul 10 01:12:51 UTC 2025","Thu Jul 10 01:12:52 UTC 2025","1148","tests.admin_panel.products","test_42_update_product_brand","","","","test_update_product_brand_invalid_payload[payload2-expected_code2]","Негативный тест: обновление бренда с невалидным или неполным телом запроса."
"passed","Thu Jul 10 01:12:33 UTC 2025","Thu Jul 10 01:12:35 UTC 2025","2104","tests.admin_panel.products","test_03_recommended_products_delete","","","","test_remove_nonexistent_recommendation","Удаление несуществующей рекомендации не вызывает ошибку."
"skipped","Thu Jul 10 01:14:06 UTC 2025","Thu Jul 10 01:14:06 UTC 2025","0","tests.orders","test_group_order_change_country","","","","test_change_country_not_found_or_forbidden[authorize_client-99999999-403]","Негативные тесты: изменение несуществующего заказа или без прав"
"passed","Thu Jul 10 01:13:17 UTC 2025","Thu Jul 10 01:13:19 UTC 2025","2006","tests.admin_panel.slides","test_0_slides_sort","","","","test_slides_sort_invalid_payload","Негативный тест: невалидный payload."
"passed","Thu Jul 10 01:13:37 UTC 2025","Thu Jul 10 01:13:37 UTC 2025","320","tests.cart","test_get_delivery_cost","","","","test_get_delivery_cost_success_region_available_false[admin]","Позитивный тест: успешное получение ТК отправляя название региона без айдишника (Country.is_region_available = false)"
"passed","Thu Jul 10 01:12:18 UTC 2025","Thu Jul 10 01:12:18 UTC 2025","137","tests.admin_panel.categories","test_45_get_categories","","","","test_get_categories_forbidden[client]","Негативный тест: получение списка категорий не админом."
"passed","Thu Jul 10 01:13:15 UTC 2025","Thu Jul 10 01:13:21 UTC 2025","5553","tests.admin_panel.sliders","test_53_get_sliders_by_id","","","","test_get_sliders_invalid_id[1.5]","Негативный тест: получение слайдера по невалидному ID"
"skipped","Thu Jul 10 01:12:16 UTC 2025","Thu Jul 10 01:12:16 UTC 2025","0","tests.account","test_list_csv","","","","test_get_account_list_csv_positive[admin-payload0]","Позитивные тесты на выгрузку структуры партнеров в CSV"
"passed","Thu Jul 10 01:12:33 UTC 2025","Thu Jul 10 01:12:34 UTC 2025","586","tests.admin_panel.categories","test_81_delete_category_translation","","","","test_delete_category_translation_invalid_id[0]","Негативный тест: удаление перевода с невалидным ID категории."
"passed","Thu Jul 10 01:15:36 UTC 2025","Thu Jul 10 01:15:36 UTC 2025","133","tests.tickets","test_01_get_tickets","","","","test_get_tickets_no_pagination[partner]","Негативный тест: запрос без обязательного параметра pagination"
"passed","Thu Jul 10 01:16:04 UTC 2025","Thu Jul 10 01:16:05 UTC 2025","1058","tests.tickets","test_04_create_ticket","","","","test_create_ticket_success[partner-attachments2-QuestionsAboutTheMarriageContract]","Позитивный тест: создание тикета с разными темами и вложениями для клиента, партнера и админа"
"passed","Thu Jul 10 01:12:58 UTC 2025","Thu Jul 10 01:12:58 UTC 2025","418","tests.admin_panel.promo","test_77_create_promotion_item","","","","test_create_promotion_item_unauthorized","Негативный тест: создание элемента акции без авторизации."
"skipped","Thu Jul 10 01:14:00 UTC 2025","Thu Jul 10 01:14:00 UTC 2025","0","tests.register","test_02_register_partner","","","","test_register_partner_positive[partner-200]","Тест: позитивные тесты для регистрации партнера вручную"
"passed","Thu Jul 10 01:12:27 UTC 2025","Thu Jul 10 01:12:28 UTC 2025","1151","tests.admin_panel.categories","test_46_create_category","","","","test_create_category_should_false","Негативный тест: попытка создать категорию с тем же slug."
"passed","Thu Jul 10 01:13:02 UTC 2025","Thu Jul 10 01:13:03 UTC 2025","1543","tests.admin_panel.promo","test_78_delete_promotion_item","","","","test_delete_promotion_item_forbidden[partner]","Негативный тест: удаление элемента акции не-админом запрещено."
"skipped","Thu Jul 10 01:13:34 UTC 2025","Thu Jul 10 01:13:34 UTC 2025","137","tests.cart","test_user_locale","","","","test_update_user_locale_valid_payload_1[client-payload6]","
    Позитивный тест: Обновление языка/склада/локали авторизованным пользователем."
"passed","Thu Jul 10 01:12:23 UTC 2025","Thu Jul 10 01:12:23 UTC 2025","616","tests.admin_panel.categories","test_56_v2_create_category","","","","test_v2_create_category_invalid_payload[payload0-expected_code0]","Негативный тест: создание категории с невалидным телом запроса."
"passed","Thu Jul 10 01:16:55 UTC 2025","Thu Jul 10 01:16:56 UTC 2025","1096","tests.tickets","test_04_create_ticket","","","","test_create_ticket_success[admin-attachments2-QuestionsAboutProducts]","Позитивный тест: создание тикета с разными темами и вложениями для клиента, партнера и админа"
"passed","Thu Jul 10 01:12:17 UTC 2025","Thu Jul 10 01:12:17 UTC 2025","138","tests.account","test_0_profile","","","","test_get_profile_positive[client]","Позитивные тесты на получение данных пользовательского аккаунта"
"passed","Thu Jul 10 01:13:07 UTC 2025","Thu Jul 10 01:13:08 UTC 2025","588","tests.admin_panel.promo","test_77_create_promotion_item","","","","test_create_promotion_item_invalid_ids[None-None-404]",""
"passed","Thu Jul 10 01:14:32 UTC 2025","Thu Jul 10 01:14:33 UTC 2025","549","tests.tickets","test_04_create_ticket","","","","test_create_ticket_success[client-attachments0-ReceivingProductsShortage]","Позитивный тест: создание тикета с разными темами и вложениями для клиента, партнера и админа"
"failed","Thu Jul 10 01:13:40 UTC 2025","Thu Jul 10 01:13:43 UTC 2025","3431","tests.catalog","test_delete_admin_product_translation","","","","test_delete_admin_product_translation_forbidden[partner]",""
"passed","Thu Jul 10 01:14:12 UTC 2025","Thu Jul 10 01:14:13 UTC 2025","429","tests.temporary","test_get_account_exist","","","","test_account_exist[-1-400]",""
"skipped","Thu Jul 10 01:13:37 UTC 2025","Thu Jul 10 01:13:37 UTC 2025","131","tests.cart","test_user_locale","","","","test_update_user_locale_valid_payload_1[partner-payload2]","
    Позитивный тест: Обновление языка/склада/локали авторизованным пользователем."
"passed","Thu Jul 10 01:13:59 UTC 2025","Thu Jul 10 01:14:00 UTC 2025","695","tests.delivery","test_01_save_delivery_address","","","","test_save_delivery_address_positive[partner-payload1]","Позитивные тесты на сохранение адреса доставки"
"skipped","Thu Jul 10 01:12:16 UTC 2025","Thu Jul 10 01:12:16 UTC 2025","0","tests.account","test_get_languages","","","","test_get_languages_success[client-ios-200]","Возвращает список языков, доступных для перевода"
"passed","Thu Jul 10 01:14:58 UTC 2025","Thu Jul 10 01:14:58 UTC 2025","144","tests.tickets","test_01_get_tickets","","","","test_get_tickets_success[filter1-sort0-search2-pagination1-client]","Позитивный тест: получение списка тикетов с разными комбинациями параметров"
"passed","Thu Jul 10 01:13:36 UTC 2025","Thu Jul 10 01:13:36 UTC 2025","325","tests.cart","test_get_delivery_cost","","","","test_get_delivery_cost_success_region_available_false[client]","Позитивный тест: успешное получение ТК отправляя название региона без айдишника (Country.is_region_available = false)"
"passed","Thu Jul 10 01:13:41 UTC 2025","Thu Jul 10 01:13:42 UTC 2025","1121","tests.cart","test_get_delivery_cost","","","","test_get_delivery_cost_success_partial_payload[client-payload3-200]","Позитивный тест: успешное получение ТК при неполном наборе (город без региона, без ID и т.п.)"
"passed","Thu Jul 10 01:14:16 UTC 2025","Thu Jul 10 01:14:17 UTC 2025","139","tests.delivery","test_01_save_delivery_address","","","","test_save_delivery_address_negative[partner-payload1-400]","Негативные тесты на сохранение адреса доставки (отсутствие обязательных полей, некорректные данные)"
"skipped","Thu Jul 10 01:12:16 UTC 2025","Thu Jul 10 01:12:16 UTC 2025","0","tests.account","test_funds_transfer_list","","","","test_get_funds_transfer_list_positive[admin-payload1]","Позитивные тесты на получение истории переводов/выводов средств"
"skipped","Thu Jul 10 01:13:43 UTC 2025","Thu Jul 10 01:13:43 UTC 2025","430","tests.cart","test_user_locale","","","","test_update_user_locale_valid_payload[payload5]","
    Позитивный и чтест: Обновление языка/склада/локали НЕавторизованным пользователем."
"passed","Thu Jul 10 01:13:03 UTC 2025","Thu Jul 10 01:13:03 UTC 2025","631","tests.admin_panel.sliders","test_52_create_slider","","","","test_create_slider_invalid_payload[payload0-expected_code0]","Негативный тест: попытка создать слайдер с невалидным payload."
"passed","Thu Jul 10 01:13:43 UTC 2025","Thu Jul 10 01:13:44 UTC 2025","572","tests.admin_panel.slides","test_57_create_slide","","","","test_create_slide_invalid_payload[payload21-422]","Негативные тесты: некорректные и неполные payload'ы."
"passed","Thu Jul 10 01:13:45 UTC 2025","Thu Jul 10 01:13:46 UTC 2025","1400","tests.cart","test_get_delivery_cost","","","","test_get_delivery_cost_success_partial_payload[client-payload7-200]","Позитивный тест: успешное получение ТК при неполном наборе (город без региона, без ID и т.п.)"
"passed","Thu Jul 10 01:12:42 UTC 2025","Thu Jul 10 01:12:45 UTC 2025","3449","tests.admin_panel.categories","test_50_upload_category_images","","","","test_upload_category_images_file_too_large[4.7-fields_to_send0-204]","Негативный тест: загрузка слишком большого изображения."
"passed","Thu Jul 10 01:15:23 UTC 2025","Thu Jul 10 01:15:24 UTC 2025","145","tests.tickets","test_01_get_tickets","","","","test_get_tickets_success[filter2-sort1-search0-pagination0-admin]","Позитивный тест: получение списка тикетов с разными комбинациями параметров"
"passed","Thu Jul 10 01:14:22 UTC 2025","Thu Jul 10 01:14:22 UTC 2025","135","tests.delivery","test_01_save_delivery_address","","","","test_save_delivery_address_negative[admin-payload0-400]","Негативные тесты на сохранение адреса доставки (отсутствие обязательных полей, некорректные данные)"
"passed","Thu Jul 10 01:14:00 UTC 2025","Thu Jul 10 01:14:01 UTC 2025","750","tests.catalog","test_update_admin_product","","","","test_update_admin_product_invalid_id[-1]",""
"passed","Thu Jul 10 01:14:39 UTC 2025","Thu Jul 10 01:14:39 UTC 2025","134","tests.statistic","test_team_registrations","","","","test_get_team_registration_statistic_negative[payload5-partner]","Негативный тест: ошибка при получении статистики регистрации команды с невалидным телом запроса"
"skipped","Thu Jul 10 01:12:28 UTC 2025","Thu Jul 10 01:12:28 UTC 2025","0","tests.admin_panel.products","test_01_create_product_group","","","","test_create_product_group_forbidden[client]","Негативный тест: создание продукт группы не-админом запрещено."
"passed","Thu Jul 10 01:14:47 UTC 2025","Thu Jul 10 01:14:47 UTC 2025","146","tests.tickets","test_01_get_tickets","","","","test_get_tickets_success[filter0-sort1-search2-pagination1-partner]","Позитивный тест: получение списка тикетов с разными комбинациями параметров"
"passed","Thu Jul 10 01:13:36 UTC 2025","Thu Jul 10 01:13:37 UTC 2025","310","tests.cart","test_get_delivery_cost","","","","test_get_delivery_cost_success_region_available_false[partner]","Позитивный тест: успешное получение ТК отправляя название региона без айдишника (Country.is_region_available = false)"
"passed","Thu Jul 10 01:14:14 UTC 2025","Thu Jul 10 01:14:14 UTC 2025","133","tests.cart","test_get_delivery_cost","","","","test_get_delivery_cost_invalid_payload[client-payload6]","Негативный тест: некорректные входные данные"
"passed","Thu Jul 10 01:12:40 UTC 2025","Thu Jul 10 01:12:41 UTC 2025","1517","tests.admin_panel.categories","test_80_create_category_translation","","","","test_create_category_translation_forbidden[client]","Негативный тест: создание перевода не-админом запрещено."
"passed","Thu Jul 10 01:12:35 UTC 2025","Thu Jul 10 01:12:37 UTC 2025","1506","tests.admin_panel.products","test_03_recommended_products_delete","","","","test_remove_empty_recommendation_list","Удаление с пустым списком рекомендаций."
"passed","Thu Jul 10 01:12:45 UTC 2025","Thu Jul 10 01:12:46 UTC 2025","584","tests.admin_panel.promo","test_72_create_promotion","","","","test_create_promotion_invalid_data[payload1-400]","Негативные тесты: невалидные данные"
"skipped","Thu Jul 10 01:13:42 UTC 2025","Thu Jul 10 01:13:42 UTC 2025","436","tests.cart","test_user_locale","","","","test_update_user_locale_valid_payload[payload2]","
    Позитивный и чтест: Обновление языка/склада/локали НЕавторизованным пользователем."
"passed","Thu Jul 10 01:14:15 UTC 2025","Thu Jul 10 01:14:15 UTC 2025","140","tests.statistic","test_team_go","","","","test_get_team_go_statistic_positive[payload1-client]","Позитивный тест: получение статистики по команде с валидным телом запроса"
"passed","Thu Jul 10 01:14:20 UTC 2025","Thu Jul 10 01:14:20 UTC 2025","136","tests.statistic","test_team_registrations","","","","test_get_team_registration_statistic_negative[payload0-client]","Негативный тест: ошибка при получении статистики регистрации команды с невалидным телом запроса"
"passed","Thu Jul 10 01:14:24 UTC 2025","Thu Jul 10 01:14:24 UTC 2025","139","tests.statistic","test_team_activations","","","","test_get_team_activation_statistic_negative[payload5-client]","Негативный тест: ошибка при получении статистики активации команды с невалидным телом запроса"
"skipped","Thu Jul 10 01:12:16 UTC 2025","Thu Jul 10 01:12:16 UTC 2025","0","tests.account","test_history_admin","","","","test_get_admin_history_positive[partner-payload1]","Позитивные тесты на получение истории бонусов для админа"
"skipped","Thu Jul 10 01:12:16 UTC 2025","Thu Jul 10 01:12:16 UTC 2025","0","tests.account","test_family_agreement_update_status","","","","test_update_family_agreement_status_positive[partner-payload0]","Позитивные тесты на изменение статуса семейного соглашения"
"passed","Thu Jul 10 01:14:45 UTC 2025","Thu Jul 10 01:14:45 UTC 2025","142","tests.tickets","test_01_get_tickets","","","","test_get_tickets_success[filter0-sort1-search2-pagination0-partner]","Позитивный тест: получение списка тикетов с разными комбинациями параметров"
"passed","Thu Jul 10 01:16:48 UTC 2025","Thu Jul 10 01:16:49 UTC 2025","1239","tests.tickets","test_04_create_ticket","","","","test_create_ticket_success[admin-attachments1-ReceivingProductsShortage]","Позитивный тест: создание тикета с разными темами и вложениями для клиента, партнера и админа"
"passed","Thu Jul 10 01:14:08 UTC 2025","Thu Jul 10 01:14:10 UTC 2025","1788","tests.cart","test_get_delivery_cost","","","","test_get_delivery_cost_success_partial_payload[admin-payload7-200]","Позитивный тест: успешное получение ТК при неполном наборе (город без региона, без ID и т.п.)"
"skipped","Thu Jul 10 01:12:14 UTC 2025","Thu Jul 10 01:12:14 UTC 2025","0","tests.account","test_0_marathon","","","","test_get_marathon_is_purchased[admin-200]","Позитивный кейс — проверяет приобретал ли аккаунт марафонский набор (все поля)"
"passed","Thu Jul 10 01:13:21 UTC 2025","Thu Jul 10 01:13:22 UTC 2025","1177","tests.admin_panel.slides","test_62_slides_update_video_url","","","","test_update_video_url_success","Позитивный тест: успешное обновление ссылки на видео мастер-файл"
"passed","Thu Jul 10 01:12:34 UTC 2025","Thu Jul 10 01:12:35 UTC 2025","1209","tests.admin_panel.categories","test_57_v2_update_category","","","","test_v2_update_category_invalid_payload[payload0-expected_code0]","Негативный тест: обновление категории с невалидным или неполным телом запроса."
"passed","Thu Jul 10 01:14:24 UTC 2025","Thu Jul 10 01:14:24 UTC 2025","150","tests.tickets","test_01_get_tickets","","","","test_get_tickets_success[filter0-sort0-search1-pagination0-client]","Позитивный тест: получение списка тикетов с разными комбинациями параметров"
"passed","Thu Jul 10 01:14:14 UTC 2025","Thu Jul 10 01:14:14 UTC 2025","133","tests.statistic","test_team_registrations","","","","test_get_team_registration_statistic_positive[payload0-admin]","Позитивный тест: получение статистики по регистрации команды с валидным телом запроса"
"passed","Thu Jul 10 01:14:10 UTC 2025","Thu Jul 10 01:14:11 UTC 2025","591","tests.register","test_03_register_client","","","","test_register_client_negative[payload0-400]","Тест: негативные тесты для регистрации клиента вручную"
"passed","Thu Jul 10 01:14:03 UTC 2025","Thu Jul 10 01:14:03 UTC 2025","637","tests.register","test_02_register_partner","","","","test_register_partner_negative[payload2-400]","Тест: негативные тесты для регистрации партнера вручную"
"passed","Thu Jul 10 01:12:54 UTC 2025","Thu Jul 10 01:12:55 UTC 2025","1258","tests.admin_panel.promo","test_72_create_promotion","","","","test_create_duplicate_promotion_should_fail","Негативный тест: попытка создать акцию с тем же уникальным полем name."
"passed","Thu Jul 10 01:13:55 UTC 2025","Thu Jul 10 01:13:56 UTC 2025","1040","tests.cart","test_get_delivery_cost","","","","test_get_delivery_cost_success_partial_payload[partner-payload7-200]","Позитивный тест: успешное получение ТК при неполном наборе (город без региона, без ID и т.п.)"
"passed","Thu Jul 10 01:14:57 UTC 2025","Thu Jul 10 01:14:58 UTC 2025","1093","tests.tickets","test_04_create_ticket","","","","test_create_ticket_success[client-attachments2-QuestionsAboutTheHousingAndCarProgram]","Позитивный тест: создание тикета с разными темами и вложениями для клиента, партнера и админа"
"passed","Thu Jul 10 01:13:29 UTC 2025","Thu Jul 10 01:13:29 UTC 2025","150","tests.auth","test_02_login","","","","test_partner_login[partner-0709--401]",""
"passed","Thu Jul 10 01:12:23 UTC 2025","Thu Jul 10 01:12:25 UTC 2025","2018","tests.admin_panel.categories","test_79_get_category_translation","","","","test_get_category_two_translations_success",""
"passed","Thu Jul 10 01:12:17 UTC 2025","Thu Jul 10 01:12:17 UTC 2025","134","tests.account","test_0_top_partners_client_service","","","","test_get_top_partners_client_service_positive[admin]","Позитивные тесты на получение топ-партнеров по количеству клиентов"
"passed","Thu Jul 10 01:16:21 UTC 2025","Thu Jul 10 01:16:21 UTC 2025","545","tests.tickets","test_04_create_ticket","","","","test_create_ticket_success[admin-attachments0-QuestionsAboutTheMarriageContract]","Позитивный тест: создание тикета с разными темами и вложениями для клиента, партнера и админа"
"passed","Thu Jul 10 01:13:23 UTC 2025","Thu Jul 10 01:13:23 UTC 2025","210","tests.auth","test_02_login","","","","test_admin_login[admin-Admin-1c1c1c1c-200]",""
"passed","Thu Jul 10 01:12:33 UTC 2025","Thu Jul 10 01:12:33 UTC 2025","640","tests.admin_panel.categories","test_47_get_categories_by_id","","","","test_get_categories_invalid_id[0]","Негативный тест: получение категории по невалидному ID."
"passed","Thu Jul 10 01:13:49 UTC 2025","Thu Jul 10 01:13:49 UTC 2025","164","tests.cart","test_get_delivery_cost","","","","test_get_delivery_cost_success_partial_payload[partner-payload2-400]","Позитивный тест: успешное получение ТК при неполном наборе (город без региона, без ID и т.п.)"
"passed","Thu Jul 10 01:12:31 UTC 2025","Thu Jul 10 01:12:33 UTC 2025","2295","tests.admin_panel.products","test_02_recommended_products_add","","","","test_add_recommendation_success","Успешное добавление рекомендованного товара"
"passed","Thu Jul 10 01:14:20 UTC 2025","Thu Jul 10 01:14:20 UTC 2025","145","tests.statistic","test_team_go","","","","test_get_team_go_statistic_positive[payload2-partner]","Позитивный тест: получение статистики по команде с валидным телом запроса"
"skipped","Thu Jul 10 01:13:59 UTC 2025","Thu Jul 10 01:14:00 UTC 2025","133","tests.orders","test_group_order_change_country","","","","test_change_country_invalid_data[invalid_payload0-admin]","Негативные тесты: передача некорректных данных"
"passed","Thu Jul 10 01:13:55 UTC 2025","Thu Jul 10 01:13:56 UTC 2025","133","tests.delivery","test_02_get_delivery_address","","","","test_get_delivery_addresses_invalid_pagination[invalid_pagination0-partner]","Негативные тесты: передача некорректных параметров пагинации"
"passed","Thu Jul 10 01:13:40 UTC 2025","Thu Jul 10 01:13:40 UTC 2025","562","tests.admin_panel.slides","test_57_create_slide","","","","test_create_slide_invalid_payload[payload15-422]","Негативные тесты: некорректные и неполные payload'ы."
"passed","Thu Jul 10 01:15:29 UTC 2025","Thu Jul 10 01:15:29 UTC 2025","146","tests.tickets","test_01_get_tickets","","","","test_get_tickets_success[filter2-sort1-search1-pagination1-admin]","Позитивный тест: получение списка тикетов с разными комбинациями параметров"
"skipped","Thu Jul 10 01:12:16 UTC 2025","Thu Jul 10 01:12:16 UTC 2025","0","tests.account","test_family_agreement_create_one","","","","test_create_family_agreement_one_positive[client-payload0]","Позитивные тесты на создание семейного соглашения при отсутствующем втором партнере"
"skipped","Thu Jul 10 01:13:50 UTC 2025","Thu Jul 10 01:13:50 UTC 2025","0","tests.catalog","test_create_admin_product","","","","test_create_product_duplicate_slug[ky]",""
"passed","Thu Jul 10 01:12:26 UTC 2025","Thu Jul 10 01:12:29 UTC 2025","3537","tests.admin_panel.categories","test_48_update_category","","","","test_update_category_invalid_id[0]","Негативный тест: несуществующий или некорректный ID."
"skipped","Thu Jul 10 01:14:18 UTC 2025","Thu Jul 10 01:14:18 UTC 2025","137","tests.statistic","test_team_activations","","","","test_get_team_activation_statistic_negative[payload2-client]","Негативный тест: ошибка при получении статистики активации команды с невалидным телом запроса"
"passed","Thu Jul 10 01:14:15 UTC 2025","Thu Jul 10 01:14:16 UTC 2025","133","tests.statistic","test_team_registrations","","","","test_get_team_registration_statistic_positive[payload1-admin]","Позитивный тест: получение статистики по регистрации команды с валидным телом запроса"
"passed","Thu Jul 10 01:13:32 UTC 2025","Thu Jul 10 01:13:33 UTC 2025","1241","tests.cart","test_get_delivery_cost","","","","test_get_delivery_cost_success_full_payload[partner]","Позитивный тест: успешное получение ТК при полном наборе параметров"
"passed","Thu Jul 10 01:13:54 UTC 2025","Thu Jul 10 01:13:54 UTC 2025","143","tests.delivery","test_02_get_delivery_address","","","","test_get_empty_delivery_addresses[partner]","Тест: получение пустого списка"
"skipped","Thu Jul 10 01:12:16 UTC 2025","Thu Jul 10 01:12:16 UTC 2025","0","tests.account","test_funds_transfer_send","","","","test_send_funds_transfer_positive[admin-payload0]","Позитивные тесты на перевод/вывод средств по visibleId"
"passed","Thu Jul 10 01:13:58 UTC 2025","Thu Jul 10 01:13:59 UTC 2025","133","tests.delivery","test_02_get_delivery_address","","","","test_get_delivery_addresses_invalid_pagination[invalid_pagination2-client]","Негативные тесты: передача некорректных параметров пагинации"
"passed","Thu Jul 10 01:14:50 UTC 2025","Thu Jul 10 01:14:51 UTC 2025","1229","tests.tickets","test_04_create_ticket","","","","test_create_ticket_success[client-attachments1-ReceivingDefectiveProductsOrShortage]","Позитивный тест: создание тикета с разными темами и вложениями для клиента, партнера и админа"
"skipped","Thu Jul 10 01:12:16 UTC 2025","Thu Jul 10 01:12:16 UTC 2025","0","tests.account","test_update","","","","test_update_account_positive[partner-payload1]","Позитивные тесты на обновление данных аккаунта"
"passed","Thu Jul 10 01:14:23 UTC 2025","Thu Jul 10 01:14:23 UTC 2025","134","tests.delivery","test_01_save_delivery_address","","","","test_save_delivery_address_negative[admin-payload2-400]","Негативные тесты на сохранение адреса доставки (отсутствие обязательных полей, некорректные данные)"
"passed","Thu Jul 10 01:14:28 UTC 2025","Thu Jul 10 01:14:28 UTC 2025","141","tests.tickets","test_01_get_tickets","","","","test_get_tickets_success[filter0-sort0-search2-pagination0-client]","Позитивный тест: получение списка тикетов с разными комбинациями параметров"
"passed","Thu Jul 10 01:14:48 UTC 2025","Thu Jul 10 01:14:49 UTC 2025","1273","tests.tickets","test_04_create_ticket","","","","test_create_ticket_success[client-attachments1-ChangePersonalData]","Позитивный тест: создание тикета с разными темами и вложениями для клиента, партнера и админа"
"passed","Thu Jul 10 01:14:39 UTC 2025","Thu Jul 10 01:14:39 UTC 2025","142","tests.tickets","test_01_get_tickets","","","","test_get_tickets_success[filter0-sort1-search0-pagination1-client]","Позитивный тест: получение списка тикетов с разными комбинациями параметров"
"skipped","Thu Jul 10 01:12:16 UTC 2025","Thu Jul 10 01:12:16 UTC 2025","0","tests.account","test_update","","","","test_update_account_positive[client-payload1]","Позитивные тесты на обновление данных аккаунта"
"skipped","Thu Jul 10 01:12:16 UTC 2025","Thu Jul 10 01:12:16 UTC 2025","0","tests.account","test_update_avatar","","","","test_update_avatar_positive[partner-payload1]","Позитивные тесты на обновление аватара"
"skipped","Thu Jul 10 01:14:06 UTC 2025","Thu Jul 10 01:14:06 UTC 2025","0","tests.orders","test_group_order_change_country","","","","test_change_country_updates_sub_orders","Интеграционный тест: проверка обновления страны у всех привязанных заказов"
"passed","Thu Jul 10 01:12:17 UTC 2025","Thu Jul 10 01:12:17 UTC 2025","613","tests.PROJECT_FUND.initiatives","test_get_reports","","","","test_get_reports_invalid_query_params[query0-https://dev.ewahelps.com/api]","Негативный тест: запрос с некорректными query-параметрами"
"passed","Thu Jul 10 01:15:05 UTC 2025","Thu Jul 10 01:15:05 UTC 2025","147","tests.tickets","test_01_get_tickets","","","","test_get_tickets_success[filter1-sort1-search1-pagination0-admin]","Позитивный тест: получение списка тикетов с разными комбинациями параметров"
"passed","Thu Jul 10 01:15:36 UTC 2025","Thu Jul 10 01:15:37 UTC 2025","1237","tests.tickets","test_04_create_ticket","","","","test_create_ticket_success[partner-attachments1-QuestionsAboutOrders]","Позитивный тест: создание тикета с разными темами и вложениями для клиента, партнера и админа"
"passed","Thu Jul 10 01:13:10 UTC 2025","Thu Jul 10 01:13:11 UTC 2025","572","tests.admin_panel.sliders","test_55_delete_sliders","","","","test_delete_slider_invalid_id[-1]","Негативный тест: удаление несуществующего или некорректного слайдера."
"passed","Thu Jul 10 01:14:01 UTC 2025","Thu Jul 10 01:14:01 UTC 2025","151","tests.register","test_01_register_form","","","","test_register_form_positive[client-payload0]",""
"passed","Thu Jul 10 01:12:59 UTC 2025","Thu Jul 10 01:13:01 UTC 2025","1648","tests.admin_panel.promo","test_78_delete_promotion_item","","","","test_delete_promotion_item_forbidden[client]","Негативный тест: удаление элемента акции не-админом запрещено."
"passed","Thu Jul 10 01:16:12 UTC 2025","Thu Jul 10 01:16:13 UTC 2025","1087","tests.tickets","test_04_create_ticket","","","","test_create_ticket_success[partner-attachments2-ReceivingDefectiveProducts]","Позитивный тест: создание тикета с разными темами и вложениями для клиента, партнера и админа"
"passed","Thu Jul 10 01:12:30 UTC 2025","Thu Jul 10 01:12:31 UTC 2025","606","tests.admin_panel.categories","test_49_delete_category","","","","test_delete_category_invalid_id[abc]","Негативный тест: удаление несуществующей или некорректной категории."
"passed","Thu Jul 10 01:13:29 UTC 2025","Thu Jul 10 01:13:29 UTC 2025","144","tests.auth","test_05_logout","","","","test_logout_success[partner]","Тест разлогинивания с валидным токеном (клиент, партнёр, админ)"
"skipped","Thu Jul 10 01:12:16 UTC 2025","Thu Jul 10 01:12:16 UTC 2025","0","tests.account","test_family_agreement_update_status","","","","test_update_family_agreement_status_positive[admin-payload0]","Позитивные тесты на изменение статуса семейного соглашения"
"skipped","Thu Jul 10 01:12:16 UTC 2025","Thu Jul 10 01:12:16 UTC 2025","0","tests.account","test_token","","","","test_add_token_positive[partner-payload1]","Позитивные тесты на добавление токена"
"failed","Thu Jul 10 01:12:15 UTC 2025","Thu Jul 10 01:12:16 UTC 2025","602","tests.PROJECT_FUND.initiatives","test_get_reports","","","","test_get_reports_with_query_params[query2-https://dev.ewahelps.com/api]","Позитивный тест: получение списка отчетов с query-параметрами"
"passed","Thu Jul 10 01:14:22 UTC 2025","Thu Jul 10 01:14:23 UTC 2025","136","tests.delivery","test_01_save_delivery_address","","","","test_save_delivery_address_negative[admin-payload1-400]","Негативные тесты на сохранение адреса доставки (отсутствие обязательных полей, некорректные данные)"
"skipped","Thu Jul 10 01:13:45 UTC 2025","Thu Jul 10 01:13:45 UTC 2025","133","tests.cart","test_user_locale","","","","test_update_user_locale_invalid_payload[client-payload0-400]","Негативный тест: обновление локали с невалидным payload."
"passed","Thu Jul 10 01:14:21 UTC 2025","Thu Jul 10 01:14:21 UTC 2025","613","tests.tickets","test_02_get_ticket_by_id","","","","test_get_ticket_invalid_id[]","Негативный тест: передан некорректный ID."
"passed","Thu Jul 10 01:12:31 UTC 2025","Thu Jul 10 01:12:32 UTC 2025","1196","tests.admin_panel.categories","test_48_update_category","","","","test_update_category_invalid_payload[payload0-400]","Негативный тест: обновление категории с невалидным телом запроса."
"passed","Thu Jul 10 01:13:26 UTC 2025","Thu Jul 10 01:13:26 UTC 2025","161","tests.auth","test_02_login","","","","test_client_login[client-2403-123123-200]",""
"passed","Thu Jul 10 01:12:52 UTC 2025","Thu Jul 10 01:12:53 UTC 2025","1420","tests.admin_panel.promo","test_76_get_promotion_items","","","","test_get_promotion_item_success","Позитивный тест: получение элемента акции админом."
"passed","Thu Jul 10 01:16:41 UTC 2025","Thu Jul 10 01:16:42 UTC 2025","1201","tests.tickets","test_04_create_ticket","","","","test_create_ticket_success[admin-attachments1-OtherQuestions]","Позитивный тест: создание тикета с разными темами и вложениями для клиента, партнера и админа"
"passed","Thu Jul 10 01:12:46 UTC 2025","Thu Jul 10 01:12:46 UTC 2025","570","tests.admin_panel.categories","test_80_create_category_translation","","","","test_create_category_translation_invalid_payload[payload3-400]","Негативный тест: создание перевода с невалидным payload."
"passed","Thu Jul 10 01:12:51 UTC 2025","Thu Jul 10 01:12:52 UTC 2025","618","tests.admin_panel.promo","test_73_get_promotion_by_id","","","","test_get_promotion_invalid_id[-1]","Негативный тест: получение акции по невалидному ID."
"passed","Thu Jul 10 01:13:27 UTC 2025","Thu Jul 10 01:13:28 UTC 2025","421","tests.auth","test_04_refresh","","","","test_refresh_token_without_token","Тест обновления токена без передачи refresh-токена."
"passed","Thu Jul 10 01:12:58 UTC 2025","Thu Jul 10 01:13:00 UTC 2025","2201","tests.admin_panel.categories","test_50_upload_category_images","","","","test_upload_category_images_file_too_large[5.3-fields_to_send5-400]","Негативный тест: загрузка слишком большого изображения."
"passed","Thu Jul 10 01:15:02 UTC 2025","Thu Jul 10 01:15:03 UTC 2025","143","tests.tickets","test_01_get_tickets","","","","test_get_tickets_success[filter1-sort1-search0-pagination1-partner]","Позитивный тест: получение списка тикетов с разными комбинациями параметров"
"skipped","Thu Jul 10 01:14:30 UTC 2025","Thu Jul 10 01:14:31 UTC 2025","624","tests.tickets","test_09_get_ticket_messages","","","","test_get_ticket_messages_invalid_id_format[None]","Негативный тест: запрос с некорректным ID (строка, спецсимволы, пустое значение)"
"skipped","Thu Jul 10 01:12:28 UTC 2025","Thu Jul 10 01:12:28 UTC 2025","0","tests.admin_panel.products","test_01_create_product_group","","","","test_create_product_group_invalid_payload[payload0-400]",""
"passed","Thu Jul 10 01:13:37 UTC 2025","Thu Jul 10 01:13:41 UTC 2025","3376","tests.admin_panel.slides","test_61_upload_slides_images","","","","test_upload_slide_images_file_too_large[4.7-fields_to_send2-204]","Негативный тест: загрузка слишком большого изображения."
"skipped","Thu Jul 10 01:14:06 UTC 2025","Thu Jul 10 01:14:06 UTC 2025","131","tests.orders","test_group_order_change_country","","","","test_change_country_invalid_data[invalid_payload2-admin]","Негативные тесты: передача некорректных данных"
"passed","Thu Jul 10 01:12:44 UTC 2025","Thu Jul 10 01:12:44 UTC 2025","593","tests.admin_panel.products","test_40_create_product_brand","","","","test_create_product_brand_invalid_payload[payload10-expected_codes10]","Негативные кейсы: невалидные поля при создании бренда."
"passed","Thu Jul 10 01:14:14 UTC 2025","Thu Jul 10 01:14:14 UTC 2025","415","tests.temporary","test_get_account_exist","","","","test_account_exist[1.5-400]",""
"skipped","Thu Jul 10 01:13:32 UTC 2025","Thu Jul 10 01:13:32 UTC 2025","134","tests.cart","test_user_locale","","","","test_update_user_locale_valid_payload_1[client-payload3]","
    Позитивный тест: Обновление языка/склада/локали авторизованным пользователем."
"passed","Thu Jul 10 01:14:14 UTC 2025","Thu Jul 10 01:14:14 UTC 2025","139","tests.delivery","test_01_save_delivery_address","","","","test_save_delivery_address_negative[client-payload7-500]","Негативные тесты на сохранение адреса доставки (отсутствие обязательных полей, некорректные данные)"
"failed","Thu Jul 10 01:13:37 UTC 2025","Thu Jul 10 01:13:38 UTC 2025","901","tests.catalog","test_create_admin_product_translation","","","","test_create_admin_product_translation_success[de]",""
"passed","Thu Jul 10 01:13:28 UTC 2025","Thu Jul 10 01:13:29 UTC 2025","422","tests.auth","test_03_token_auth","","","","test_auth_by_invalid_token","Тест авторизации с невалидным токеном"
"passed","Thu Jul 10 01:12:33 UTC 2025","Thu Jul 10 01:12:34 UTC 2025","558","tests.admin_panel.categories","test_57_v2_update_category","","","","test_v2_update_category_invalid_id[abc]","Негативный тест: несуществующий или некорректный ID."
"passed","Thu Jul 10 01:13:12 UTC 2025","Thu Jul 10 01:13:15 UTC 2025","2512","tests.admin_panel.products","test_44_upload_product_brand_images","","","","test_upload_product_brand_images_various_fields[5.3-fields_to_send5-400]","Негативный тест. Загрузка слишком большого изображения."
"passed","Thu Jul 10 01:12:30 UTC 2025","Thu Jul 10 01:12:34 UTC 2025","4127","tests.admin_panel.categories","test_80_create_category_translation","","","","test_create_category_translation_success[ky]","Позитивный тест: создание/обновление перевода категории для разных языков."
"passed","Thu Jul 10 01:12:16 UTC 2025","Thu Jul 10 01:12:16 UTC 2025","136","tests.account","test_0_top_partners_client_service","","","","test_get_top_partners_client_service_positive[partner]","Позитивные тесты на получение топ-партнеров по количеству клиентов"
"passed","Thu Jul 10 01:14:40 UTC 2025","Thu Jul 10 01:14:40 UTC 2025","134","tests.statistic","test_team_registrations","","","","test_get_team_registration_statistic_negative[payload6-client]","Негативный тест: ошибка при получении статистики регистрации команды с невалидным телом запроса"
"passed","Thu Jul 10 01:14:00 UTC 2025","Thu Jul 10 01:14:01 UTC 2025","677","tests.delivery","test_01_save_delivery_address","","","","test_save_delivery_address_positive[partner-payload2]","Позитивные тесты на сохранение адреса доставки"
"passed","Thu Jul 10 01:13:54 UTC 2025","Thu Jul 10 01:13:55 UTC 2025","591","tests.catalog","test_get_admin_product_translation","","","","test_get_admin_product_translation_invalid_id[abc]",""
"passed","Thu Jul 10 01:12:17 UTC 2025","Thu Jul 10 01:12:18 UTC 2025","617","tests.admin_panel.categories","test_45_get_categories","","","","test_get_categories_success","Позитивный тест: успешное получение списка категорий админом."
"passed","Thu Jul 10 01:16:13 UTC 2025","Thu Jul 10 01:16:14 UTC 2025","1070","tests.tickets","test_04_create_ticket","","","","test_create_ticket_success[partner-attachments2-ReceivingProductsShortage]","Позитивный тест: создание тикета с разными темами и вложениями для клиента, партнера и админа"
"passed","Thu Jul 10 01:14:30 UTC 2025","Thu Jul 10 01:14:31 UTC 2025","901","tests.tickets","test_11_update_message","","","","test_update_message_validation[client-update_payload0-403]","Негативные тесты: невалидные поля при редактировании сообщения"
"passed","Thu Jul 10 01:12:43 UTC 2025","Thu Jul 10 01:12:44 UTC 2025","429","tests.admin_panel.categories","test_80_create_category_translation","","","","test_create_category_translation_unauthorized","Негативный тест: создание перевода без авторизации."
"passed","Thu Jul 10 01:13:15 UTC 2025","Thu Jul 10 01:13:16 UTC 2025","1297","tests.admin_panel.promo","test_74_update_promotion","","","","test_update_promotion_invalid_payload[payload8-400]","Негативный тест: обновление акции с невалидным или неполным телом запроса."
"skipped","Thu Jul 10 01:12:16 UTC 2025","Thu Jul 10 01:12:16 UTC 2025","0","tests.account","test_token","","","","test_add_token_positive[admin-payload1]","Позитивные тесты на добавление токена"
"skipped","Thu Jul 10 01:12:16 UTC 2025","Thu Jul 10 01:12:16 UTC 2025","0","tests.account","test_history_admin","","","","test_get_admin_history_positive[admin-payload0]","Позитивные тесты на получение истории бонусов для админа"
"passed","Thu Jul 10 01:13:41 UTC 2025","Thu Jul 10 01:13:42 UTC 2025","1095","tests.admin_panel.slides","test_59_update_slide","","","","test_update_slide_invalid_payload[payload13-400]","Негативный тест: обновление слайда с невалидным или неполным телом запроса."
"passed","Thu Jul 10 01:12:39 UTC 2025","Thu Jul 10 01:12:40 UTC 2025","567","tests.admin_panel.products","test_40_create_product_brand","","","","test_create_product_brand_invalid_payload[payload2-expected_codes2]","Негативные кейсы: невалидные поля при создании бренда."
"passed","Thu Jul 10 01:13:18 UTC 2025","Thu Jul 10 01:13:18 UTC 2025","578","tests.admin_panel.slides","test_57_create_slide","","","","test_create_slide_invalid_payload[payload0-expected_code0]","Негативные тесты: некорректные и неполные payload'ы."
"passed","Thu Jul 10 01:12:20 UTC 2025","Thu Jul 10 01:12:26 UTC 2025","6150","tests.admin_panel.categories","test_57_v2_update_category","","","","test_v2_update_category_success","Позитивный тест: успешное обновление категории (все поля)."
"passed","Thu Jul 10 01:12:21 UTC 2025","Thu Jul 10 01:12:21 UTC 2025","136","tests.account","test_0_top_partners_client_service_v2","","","","test_get_top_partners_client_service_v2_positive[client]","Позитивные тесты на получение топ-партнеров по сумме ЛО клиентов"
"skipped","Thu Jul 10 01:14:28 UTC 2025","Thu Jul 10 01:14:28 UTC 2025","133","tests.statistic","test_team_go","","","","test_get_team_go_statistic_negative[payload1-admin]","Негативный тест: ошибка при получении статистики по команде с невалидным телом запроса"
"passed","Thu Jul 10 01:14:12 UTC 2025","Thu Jul 10 01:14:12 UTC 2025","140","tests.statistic","test_team_activations","","","","test_get_team_activation_statistic_positive[payload3-client]","Позитивный тест: получение статистики по активации команды с валидным телом запроса"
"passed","Thu Jul 10 01:15:53 UTC 2025","Thu Jul 10 01:15:54 UTC 2025","1220","tests.tickets","test_04_create_ticket","","","","test_create_ticket_success[partner-attachments1-ReceivingProductsShortage]","Позитивный тест: создание тикета с разными темами и вложениями для клиента, партнера и админа"
"passed","Thu Jul 10 01:14:33 UTC 2025","Thu Jul 10 01:14:33 UTC 2025","133","tests.statistic","test_team_go","","","","test_get_team_go_statistic_negative[payload4-partner]","Негативный тест: ошибка при получении статистики по команде с невалидным телом запроса"
"passed","Thu Jul 10 01:14:32 UTC 2025","Thu Jul 10 01:14:32 UTC 2025","134","tests.statistic","test_team_go","","","","test_get_team_go_statistic_negative[payload4-client]","Негативный тест: ошибка при получении статистики по команде с невалидным телом запроса"
"passed","Thu Jul 10 01:14:16 UTC 2025","Thu Jul 10 01:14:16 UTC 2025","605","tests.catalog","test_create_admin_product_translation","","","","test_create_admin_product_translation_invalid_payload[payload6-422]",""
"passed","Thu Jul 10 01:13:30 UTC 2025","Thu Jul 10 01:13:31 UTC 2025","591","tests.admin_panel.slides","test_57_create_slide","","","","test_create_slide_invalid_payload[payload9-400]","Негативные тесты: некорректные и неполные payload'ы."
"failed","Thu Jul 10 01:14:15 UTC 2025","Thu Jul 10 01:14:16 UTC 2025","910","tests.catalog","test_update_admin_product","","","","test_update_admin_product_invalid_payload[update_payload4-400]",""
"skipped","Thu Jul 10 01:14:29 UTC 2025","Thu Jul 10 01:14:29 UTC 2025","575","tests.tickets","test_09_get_ticket_messages","","","","test_get_ticket_messages_invalid_id_format[-1]","Негативный тест: запрос с некорректным ID (строка, спецсимволы, пустое значение)"
"passed","Thu Jul 10 01:14:01 UTC 2025","Thu Jul 10 01:14:02 UTC 2025","133","tests.delivery","test_02_get_delivery_address","","","","test_get_delivery_addresses_invalid_pagination[invalid_pagination3-admin]","Негативные тесты: передача некорректных параметров пагинации"
"passed","Thu Jul 10 01:14:12 UTC 2025","Thu Jul 10 01:14:12 UTC 2025","574","tests.register","test_03_register_client","","","","test_register_client_negative[payload2-400]","Тест: негативные тесты для регистрации клиента вручную"
"passed","Thu Jul 10 01:13:23 UTC 2025","Thu Jul 10 01:13:23 UTC 2025","423","tests.auth","test_01_check_version","","","","test_check_version[Ios-1.5.3-200]","Тест проверяет API /check_version для разных платформ и версий."
"passed","Thu Jul 10 01:15:15 UTC 2025","Thu Jul 10 01:15:16 UTC 2025","1092","tests.tickets","test_04_create_ticket","","","","test_create_ticket_success[client-attachments2-ReceivingProductsShortage]","Позитивный тест: создание тикета с разными темами и вложениями для клиента, партнера и админа"
"failed","Thu Jul 10 01:13:56 UTC 2025","Thu Jul 10 01:13:57 UTC 2025","940","tests.catalog","test_update_admin_product","","","","test_update_admin_product_forbidden[client]",""
"skipped","Thu Jul 10 01:12:16 UTC 2025","Thu Jul 10 01:12:16 UTC 2025","0","tests.account","test_list_csv","","","","test_get_account_list_csv_positive[partner-payload0]","Позитивные тесты на выгрузку структуры партнеров в CSV"
"failed","Thu Jul 10 01:12:15 UTC 2025","Thu Jul 10 01:12:15 UTC 2025","693","tests.PROJECT_FUND.initiatives","test_get_reports","","","","test_get_reports_with_query_params[query1-https://dev.ewahelps.com/api]","Позитивный тест: получение списка отчетов с query-параметрами"
"passed","Thu Jul 10 01:13:29 UTC 2025","Thu Jul 10 01:13:29 UTC 2025","150","tests.auth","test_05_logout","","","","test_logout_success[admin]","Тест разлогинивания с валидным токеном (клиент, партнёр, админ)"
"passed","Thu Jul 10 01:14:32 UTC 2025","Thu Jul 10 01:14:34 UTC 2025","1378","tests.delivery","test_01_save_delivery_address","","","","test_create_two_addresses_with_different_delivery[partner]","Тест на создание двух адресов с одинаковыми данными, кроме street в delivery"
"skipped","Thu Jul 10 01:14:29 UTC 2025","Thu Jul 10 01:14:30 UTC 2025","578","tests.tickets","test_09_get_ticket_messages","","","","test_get_ticket_messages_invalid_id_format[0]","Негативный тест: запрос с некорректным ID (строка, спецсимволы, пустое значение)"
"skipped","Thu Jul 10 01:12:16 UTC 2025","Thu Jul 10 01:12:16 UTC 2025","0","tests.account","test_history","","","","test_get_history_positive[client-payload1]","Позитивные тесты на получение истории аккаунта"
"passed","Thu Jul 10 01:17:10 UTC 2025","Thu Jul 10 01:17:10 UTC 2025","543","tests.tickets","test_04_create_ticket","","","","test_create_ticket_invalid_request_type[client--200]","Негативный тест: попытка создания тикета с неверным типом request_type"
"passed","Thu Jul 10 01:14:07 UTC 2025","Thu Jul 10 01:14:09 UTC 2025","2451","tests.delivery","test_03_delete_delivery_address","","","","test_delete_delivery_address_permissions[authorize_partner-authorize_admin-True]","Тест: проверка прав доступа при удалении адресов"
"passed","Thu Jul 10 01:12:50 UTC 2025","Thu Jul 10 01:12:52 UTC 2025","1432","tests.admin_panel.promo","test_75_delete_promotion_by_id","","","","test_delete_promotion_success","Позитивный тест: успешное удаление акции."
"passed","Thu Jul 10 01:14:35 UTC 2025","Thu Jul 10 01:14:41 UTC 2025","6329","tests.tickets","test_12_delete_message","","","","test_delete_ticket_message_admin_other_client[client]","Негативный тест: админ пытается удалить сообщение клиента/партнёра"
"passed","Thu Jul 10 01:13:39 UTC 2025","Thu Jul 10 01:13:39 UTC 2025","627","tests.catalog","test_create_admin_product","","","","test_create_product_invalid_payload[payload0-400]",""
"skipped","Thu Jul 10 01:14:29 UTC 2025","Thu Jul 10 01:14:30 UTC 2025","134","tests.statistic","test_team_go","","","","test_get_team_go_statistic_negative[payload2-partner]","Негативный тест: ошибка при получении статистики по команде с невалидным телом запроса"
"passed","Thu Jul 10 01:12:42 UTC 2025","Thu Jul 10 01:12:42 UTC 2025","588","tests.admin_panel.products","test_40_create_product_brand","","","","test_create_product_brand_invalid_payload[payload6-expected_codes6]","Негативные кейсы: невалидные поля при создании бренда."
"passed","Thu Jul 10 01:14:18 UTC 2025","Thu Jul 10 01:14:19 UTC 2025","599","tests.tickets","test_02_get_ticket_by_id","","","","test_get_ticket_invalid_id[abc]","Негативный тест: передан некорректный ID."
"passed","Thu Jul 10 01:13:26 UTC 2025","Thu Jul 10 01:13:28 UTC 2025","1148","tests.admin_panel.sliders","test_54_update_slider","","","","test_update_slider_invalid_payload[payload6-400]","Негативный тест: обновление слайдера с невалидным или неполным телом запроса."
"passed","Thu Jul 10 01:14:15 UTC 2025","Thu Jul 10 01:14:16 UTC 2025","623","tests.tickets","test_02_get_ticket_by_id","","","","test_get_ticket_success[client]","Позитивный тест: успешное получение тикета по ID для клиента, партнера и администратора."
"passed","Thu Jul 10 01:13:56 UTC 2025","Thu Jul 10 01:13:57 UTC 2025","672","tests.fund","test_get_top_donors","","","","test_get_top_donors_success[optional_params0-https://dev.ewahelps.com/api]","Позитивный тест: успешное получение списка топ доноров с разными комбинациями необязательных параметров."
"failed","Thu Jul 10 01:13:51 UTC 2025","Thu Jul 10 01:13:54 UTC 2025","3034","tests.catalog","test_update_admin_product","","","","test_update_admin_product_duplicate_slug",""
"passed","Thu Jul 10 01:12:24 UTC 2025","Thu Jul 10 01:12:26 UTC 2025","1664","tests.admin_panel.categories","test_80_create_category_translation","","","","test_create_category_translation_success[de]","Позитивный тест: создание/обновление перевода категории для разных языков."
"passed","Thu Jul 10 01:15:27 UTC 2025","Thu Jul 10 01:15:28 UTC 2025","572","tests.tickets","test_04_create_ticket","","","","test_create_ticket_success[partner-attachments0-ReceivingDefectiveProductsOrShortage]","Позитивный тест: создание тикета с разными темами и вложениями для клиента, партнера и админа"
"passed","Thu Jul 10 01:14:21 UTC 2025","Thu Jul 10 01:14:21 UTC 2025","140","tests.delivery","test_01_save_delivery_address","","","","test_save_delivery_address_negative[partner-payload8-500]","Негативные тесты на сохранение адреса доставки (отсутствие обязательных полей, некорректные данные)"
"passed","Thu Jul 10 01:12:37 UTC 2025","Thu Jul 10 01:12:37 UTC 2025","133","tests.admin_panel.products","test_39_get_product_brands","","","","test_get_product_brands_forbidden[client]","Негативный тест: получение списка брендов не админом."
"passed","Thu Jul 10 01:17:15 UTC 2025","Thu Jul 10 01:17:15 UTC 2025","136","tests.tickets","test_04_create_ticket","","","","test_create_ticket_invalid_request_type[admin-invalid_request_type-400]","Негативный тест: попытка создания тикета с неверным типом request_type"
"passed","Thu Jul 10 01:12:36 UTC 2025","Thu Jul 10 01:12:36 UTC 2025","418","tests.admin_panel.categories","test_47_get_categories_by_id","","","","test_get_categories_unauthorized","Негативный тест: получение категории без авторизации."
"passed","Thu Jul 10 01:13:01 UTC 2025","Thu Jul 10 01:13:02 UTC 2025","607","tests.admin_panel.promo","test_74_update_promotion","","","","test_update_promotion_invalid_id[abc]","Негативный тест: несуществующий или некорректный ID."
"passed","Thu Jul 10 01:13:16 UTC 2025","Thu Jul 10 01:13:17 UTC 2025","1266","tests.admin_panel.promo","test_74_update_promotion","","","","test_update_promotion_invalid_payload[payload9-422]","Негативный тест: обновление акции с невалидным или неполным телом запроса."
"passed","Thu Jul 10 01:14:29 UTC 2025","Thu Jul 10 01:14:29 UTC 2025","148","tests.tickets","test_01_get_tickets","","","","test_get_tickets_success[filter0-sort0-search2-pagination0-admin]","Позитивный тест: получение списка тикетов с разными комбинациями параметров"
"passed","Thu Jul 10 01:13:46 UTC 2025","Thu Jul 10 01:13:48 UTC 2025","2057","tests.admin_panel.slides","test_61_upload_slides_images","","","","test_upload_slide_images_file_too_large[5.3-fields_to_send5-400]","Негативный тест: загрузка слишком большого изображения."
"passed","Thu Jul 10 01:13:55 UTC 2025","Thu Jul 10 01:13:55 UTC 2025","139","tests.delivery","test_02_get_delivery_address","","","","test_get_delivery_addresses_invalid_pagination[invalid_pagination0-client]","Негативные тесты: передача некорректных параметров пагинации"
"passed","Thu Jul 10 01:12:46 UTC 2025","Thu Jul 10 01:12:47 UTC 2025","1252","tests.admin_panel.promo","test_73_get_promotion_by_id","","","","test_get_promotion_by_id","Позитивный тест: получение акции по ID"
"passed","Thu Jul 10 01:12:40 UTC 2025","Thu Jul 10 01:12:42 UTC 2025","2058","tests.admin_panel.products","test_03_recommended_products_delete","","","","test_remove_recommendation_db_no_rights[partner]","Пользователь без прав пытается удалить рекомендации."
"passed","Thu Jul 10 01:14:11 UTC 2025","Thu Jul 10 01:14:12 UTC 2025","427","tests.temporary","test_get_account_exist","","","","test_account_exist[99999-400]",""
"skipped","Thu Jul 10 01:13:27 UTC 2025","Thu Jul 10 01:13:27 UTC 2025","0","tests.auth","test_04_refresh","","","","test_refresh_token_success[admin]","Тест успешного обновления токена через refresh-токен."
"passed","Thu Jul 10 01:12:48 UTC 2025","Thu Jul 10 01:12:48 UTC 2025","607","tests.admin_panel.promo","test_72_create_promotion","","","","test_create_promotion_invalid_data[payload5-400]","Негативные тесты: невалидные данные"
"skipped","Thu Jul 10 01:12:16 UTC 2025","Thu Jul 10 01:12:16 UTC 2025","0","tests.account","test_list_csv","","","","test_get_account_list_csv_positive[partner-payload1]","Позитивные тесты на выгрузку структуры партнеров в CSV"
"passed","Thu Jul 10 01:15:26 UTC 2025","Thu Jul 10 01:15:26 UTC 2025","544","tests.tickets","test_04_create_ticket","","","","test_create_ticket_success[partner-attachments0-ChangePersonalData]","Позитивный тест: создание тикета с разными темами и вложениями для клиента, партнера и админа"
"passed","Thu Jul 10 01:12:44 UTC 2025","Thu Jul 10 01:12:45 UTC 2025","417","tests.admin_panel.products","test_44_upload_product_brand_images","","","","test_upload_product_brand_images_unauthorized","Негативный тест: загрузка изображений без авторизации."
"passed","Thu Jul 10 01:12:44 UTC 2025","Thu Jul 10 01:12:47 UTC 2025","2470","tests.admin_panel.products","test_43_delete_product_brand","","","","test_delete_product_brand_forbidden[client]","Негативный тест: попытка удаления бренда не-админом."
"passed","Thu Jul 10 01:13:51 UTC 2025","Thu Jul 10 01:13:52 UTC 2025","746","tests.delivery","test_01_save_delivery_address","","","","test_save_delivery_address_positive[client-payload0]","Позитивные тесты на сохранение адреса доставки"
"passed","Thu Jul 10 01:12:26 UTC 2025","Thu Jul 10 01:12:27 UTC 2025","1702","tests.admin_panel.categories","test_79_get_category_translation","","","","test_get_category_translation_forbidden[client]",""
"passed","Thu Jul 10 01:14:26 UTC 2025","Thu Jul 10 01:14:27 UTC 2025","880","tests.tickets","test_09_get_ticket_messages","","","","test_get_ticket_messages_positive[admin]","Позитивный тест: успешное получение списка сообщений тикета"
"passed","Thu Jul 10 01:12:15 UTC 2025","Thu Jul 10 01:12:15 UTC 2025","138","tests.account","test_0_bonus_tokens","","","","test_get_bonus_tokens_positive[partner]","Позитивные тесты на получение списка токенов"
"skipped","Thu Jul 10 01:12:16 UTC 2025","Thu Jul 10 01:12:16 UTC 2025","0","tests.account","test_update","","","","test_update_account_positive[client-payload0]","Позитивные тесты на обновление данных аккаунта"
"passed","Thu Jul 10 01:16:44 UTC 2025","Thu Jul 10 01:16:45 UTC 2025","1216","tests.tickets","test_04_create_ticket","","","","test_create_ticket_success[admin-attachments1-ReceivingDefectiveProductsOrShortage]","Позитивный тест: создание тикета с разными темами и вложениями для клиента, партнера и админа"
"passed","Thu Jul 10 01:14:18 UTC 2025","Thu Jul 10 01:14:19 UTC 2025","135","tests.statistic","test_team_go","","","","test_get_team_go_statistic_positive[payload1-admin]","Позитивный тест: получение статистики по команде с валидным телом запроса"
"skipped","Thu Jul 10 01:14:31 UTC 2025","Thu Jul 10 01:14:32 UTC 2025","583","tests.tickets","test_09_get_ticket_messages","","","","test_get_ticket_messages_invalid_id_format[1.5]","Негативный тест: запрос с некорректным ID (строка, спецсимволы, пустое значение)"
"skipped","Thu Jul 10 01:12:16 UTC 2025","Thu Jul 10 01:12:16 UTC 2025","0","tests.account","test_history_group_volumes_admin","","","","test_get_group_volumes_history_admin_positive[admin-payload1]","Позитивные тесты на получение истории начисления групповых объемов для админа"
"passed","Thu Jul 10 01:12:14 UTC 2025","Thu Jul 10 01:12:15 UTC 2025","953","tests.PROJECT_FUND.initiatives","test_get_report_by_id","","","","test_get_report_by_valid_id[https://dev.ewahelps.com/api]","Позитивный тест: получение отчета по существующему ID"
"passed","Thu Jul 10 01:12:24 UTC 2025","Thu Jul 10 01:12:24 UTC 2025","607","tests.admin_panel.categories","test_46_create_category","","","","test_create_category_invalid_payload[payload4-400]","Негативные тесты: проверка различных некорректных payload'ов."
"passed","Thu Jul 10 01:15:03 UTC 2025","Thu Jul 10 01:15:04 UTC 2025","1177","tests.tickets","test_04_create_ticket","","","","test_create_ticket_success[client-attachments2-QuestionsAboutTheWorkOfTheStructureAndMentors]","Позитивный тест: создание тикета с разными темами и вложениями для клиента, партнера и админа"
"passed","Thu Jul 10 01:13:21 UTC 2025","Thu Jul 10 01:13:22 UTC 2025","1129","tests.admin_panel.slides","test_62_slides_get_upload_urls","","","","test_get_upload_urls_success","Позитивный тест: успешное получение временных ссылок на загрузку видео файлов у слайдера типа 'video'."
"passed","Thu Jul 10 01:15:25 UTC 2025","Thu Jul 10 01:15:25 UTC 2025","140","tests.tickets","test_01_get_tickets","","","","test_get_tickets_success[filter2-sort1-search0-pagination1-partner]","Позитивный тест: получение списка тикетов с разными комбинациями параметров"
"passed","Thu Jul 10 01:13:07 UTC 2025","Thu Jul 10 01:13:07 UTC 2025","944","tests.admin_panel.sliders","test_51_get_sliders","","","","test_get_sliders_unauthorized","Негативный тест: получение списка слайдеров без авторизации"
"passed","Thu Jul 10 01:15:29 UTC 2025","Thu Jul 10 01:15:30 UTC 2025","144","tests.tickets","test_01_get_tickets","","","","test_get_tickets_success[filter2-sort1-search2-pagination0-client]","Позитивный тест: получение списка тикетов с разными комбинациями параметров"
"passed","Thu Jul 10 01:15:34 UTC 2025","Thu Jul 10 01:15:34 UTC 2025","141","tests.tickets","test_01_get_tickets","","","","test_get_tickets_success[filter2-sort1-search2-pagination1-client]","Позитивный тест: получение списка тикетов с разными комбинациями параметров"
"passed","Thu Jul 10 01:13:04 UTC 2025","Thu Jul 10 01:13:04 UTC 2025","424","tests.admin_panel.sliders","test_55_delete_sliders","","","","test_delete_slider_unauthorized","Негативный тест: попытка удаления слайдера без авторизации."
"passed","Thu Jul 10 01:12:23 UTC 2025","Thu Jul 10 01:12:24 UTC 2025","1708","tests.admin_panel.categories","test_80_create_category_translation","","","","test_create_category_translation_success[en]","Позитивный тест: создание/обновление перевода категории для разных языков."
"passed","Thu Jul 10 01:12:57 UTC 2025","Thu Jul 10 01:12:58 UTC 2025","1267","tests.admin_panel.promo","test_77_create_promotion_item","","","","test_create_promotion_item_forbidden[partner]","Негативный тест: создание элемента акции не-админом запрещено."
"passed","Thu Jul 10 01:13:10 UTC 2025","Thu Jul 10 01:13:12 UTC 2025","1680","tests.admin_panel.sliders","test_54_update_slider","","","","test_update_slider_unique_name_should_fail_if_not_unique","Негативный тест: попытка обновить unique_name слайдера на уже существующий."
"passed","Thu Jul 10 01:17:06 UTC 2025","Thu Jul 10 01:17:07 UTC 2025","1083","tests.tickets","test_04_create_ticket","","","","test_create_ticket_success[admin-attachments2-ReceivingDefectiveProducts]","Позитивный тест: создание тикета с разными темами и вложениями для клиента, партнера и админа"
"passed","Thu Jul 10 01:13:52 UTC 2025","Thu Jul 10 01:13:53 UTC 2025","1113","tests.admin_panel.slides","test_59_update_slide","","","","test_update_slide_invalid_payload[payload18-422]","Негативный тест: обновление слайда с невалидным или неполным телом запроса."
"passed","Thu Jul 10 01:12:29 UTC 2025","Thu Jul 10 01:12:31 UTC 2025","1181","tests.admin_panel.categories","test_56_v2_create_category","","","","test_v2_create_category_slug_should_fail_if_not_unique","Негативный тест: попытка создать категорию с уже существующим slug."
"passed","Thu Jul 10 01:14:51 UTC 2025","Thu Jul 10 01:14:51 UTC 2025","138","tests.tickets","test_01_get_tickets","","","","test_get_tickets_success[filter1-sort0-search0-pagination1-partner]","Позитивный тест: получение списка тикетов с разными комбинациями параметров"
"passed","Thu Jul 10 01:12:40 UTC 2025","Thu Jul 10 01:12:41 UTC 2025","1566","tests.admin_panel.products","test_41_get_product_brand_by_id","","","","test_get_product_brands_by_id_forbidden[partner]","Негативный тест: получение бренда по ID не админом"
"passed","Thu Jul 10 01:12:54 UTC 2025","Thu Jul 10 01:12:55 UTC 2025","1400","tests.admin_panel.promo","test_76_get_promotion_items","","","","test_get_promotion_item_forbidden[client]","Негативный тест: получение элемента акции не-админом запрещено."
"passed","Thu Jul 10 01:13:30 UTC 2025","Thu Jul 10 01:13:30 UTC 2025","747","tests.admin_panel.slides","test_57_create_slide","","","","test_create_slide_invalid_payload[payload8-422]","Негативные тесты: некорректные и неполные payload'ы."
"passed","Thu Jul 10 01:14:12 UTC 2025","Thu Jul 10 01:14:14 UTC 2025","2401","tests.delivery","test_03_delete_delivery_address","","","","test_delete_delivery_address_permissions[authorize_partner-authorize_client-True]","Тест: проверка прав доступа при удалении адресов"
"passed","Thu Jul 10 01:13:25 UTC 2025","Thu Jul 10 01:13:25 UTC 2025","131","tests.auth","test_02_login","","","","test_admin_login[admin--123123-400]",""
"passed","Thu Jul 10 01:12:25 UTC 2025","Thu Jul 10 01:12:26 UTC 2025","570","tests.admin_panel.categories","test_48_update_category","","","","test_update_category_invalid_id[-1]","Негативный тест: несуществующий или некорректный ID."
"passed","Thu Jul 10 01:13:02 UTC 2025","Thu Jul 10 01:13:04 UTC 2025","1330","tests.admin_panel.promo","test_77_create_promotion_item","","","","test_create_promotion_item_invalid_payload[payload3-422]",""
"passed","Thu Jul 10 01:14:29 UTC 2025","Thu Jul 10 01:14:29 UTC 2025","136","tests.statistic","test_team_activations","","","","test_get_team_activation_statistic_negative[payload6-partner]","Негативный тест: ошибка при получении статистики активации команды с невалидным телом запроса"
"skipped","Thu Jul 10 01:12:16 UTC 2025","Thu Jul 10 01:12:16 UTC 2025","0","tests.account","test_pass_change","","","","test_change_password_positive[client-payload1]","Позитивные тесты на изменение пароля"
"passed","Thu Jul 10 01:13:03 UTC 2025","Thu Jul 10 01:13:07 UTC 2025","3727","tests.admin_panel.promo","test_74_update_promotion","","","","test_update_promotion_invalid_payload[payload1-400]","Негативный тест: обновление акции с невалидным или неполным телом запроса."
"skipped","Thu Jul 10 01:12:16 UTC 2025","Thu Jul 10 01:12:16 UTC 2025","0","tests.account","test_family_agreement_create_three","","","","test_create_family_agreement_three_positive[admin-payload0]","Позитивные тесты на создание семейного соглашения при аннулировании второго партнера"
"passed","Thu Jul 10 01:12:52 UTC 2025","Thu Jul 10 01:12:53 UTC 2025","1117","tests.admin_panel.products","test_42_update_product_brand","","","","test_update_product_brand_invalid_payload[payload3-expected_code3]","Негативный тест: обновление бренда с невалидным или неполным телом запроса."
"passed","Thu Jul 10 01:12:59 UTC 2025","Thu Jul 10 01:13:02 UTC 2025","3065","tests.admin_panel.promo","test_76_get_promotion_items","","","","test_get_promotion_item_not_found","Негативный тест: получение элемента для несуществующей акции."
"passed","Thu Jul 10 01:12:15 UTC 2025","Thu Jul 10 01:12:16 UTC 2025","609","tests.PROJECT_FUND.initiatives","test_get_report_by_id","","","","test_get_report_by_invalid_id[-1-https://dev.ewahelps.com/api]","Негативный тест: невалидный или несуществующий path-параметр"
"passed","Thu Jul 10 01:13:22 UTC 2025","Thu Jul 10 01:13:24 UTC 2025","1211","tests.admin_panel.slides","test_62_slides_update_video_url","","","","test_update_video_url_empty","Позитивный тест: передача пустой строки — должен быть сгенерирован мастер-файл"
"passed","Thu Jul 10 01:12:59 UTC 2025","Thu Jul 10 01:12:59 UTC 2025","565","tests.admin_panel.promo","test_76_get_promotion_items","","","","test_get_promotion_item_invalid_id[1.5-1.5]","Негативный тест: получение элемента с невалидным ID."
"passed","Thu Jul 10 01:12:40 UTC 2025","Thu Jul 10 01:12:41 UTC 2025","416","tests.admin_panel.products","test_42_update_product_brand","","","","test_update_product_brand_unauthorized","Негативный тест: попытка обновления бренда без авторизации."
"passed","Thu Jul 10 01:14:02 UTC 2025","Thu Jul 10 01:14:05 UTC 2025","2363","tests.delivery","test_02_get_delivery_address","","","","test_get_delivery_addresses_pagination[client]","Тест: корректная работа пагинации"
"passed","Thu Jul 10 01:14:33 UTC 2025","Thu Jul 10 01:14:34 UTC 2025","1236","tests.tickets","test_04_create_ticket","","","","test_create_ticket_success[client-attachments1-QuestionsAboutPaymentsToIP]","Позитивный тест: создание тикета с разными темами и вложениями для клиента, партнера и админа"
"passed","Thu Jul 10 01:15:23 UTC 2025","Thu Jul 10 01:15:23 UTC 2025","574","tests.tickets","test_04_create_ticket","","","","test_create_ticket_success[partner-attachments0-QuestionsAboutTheMarriageContract]","Позитивный тест: создание тикета с разными темами и вложениями для клиента, партнера и админа"
"passed","Thu Jul 10 01:13:24 UTC 2025","Thu Jul 10 01:13:27 UTC 2025","3603","tests.admin_panel.slides","test_62_slides_get_upload_urls","","","","test_get_upload_urls_invalid_files[data0-400]","Негативный тест: пустой список файлов, отсутствие 'filenames' в теле запроса."
"passed","Thu Jul 10 01:12:42 UTC 2025","Thu Jul 10 01:12:43 UTC 2025","557","tests.admin_panel.products","test_41_get_product_brand_by_id","","","","test_get_product_brand_invalid_id[0]","Негативный тест: получение бренда по невалидному ID"
"passed","Thu Jul 10 01:12:46 UTC 2025","Thu Jul 10 01:12:50 UTC 2025","3588","tests.admin_panel.products","test_42_update_product_brand","","","","test_update_product_brand_invalid_payload[payload0-expected_code0]","Негативный тест: обновление бренда с невалидным или неполным телом запроса."
"passed","Thu Jul 10 01:12:35 UTC 2025","Thu Jul 10 01:12:40 UTC 2025","5050","tests.admin_panel.products","test_01_recommended_products_sort","","","","test_sort_recommendations_no_rights[client]","Пользователь без прав пытается отсортировать рекомендации"
"passed","Thu Jul 10 01:14:22 UTC 2025","Thu Jul 10 01:14:23 UTC 2025","425","tests.tickets","test_02_get_ticket_by_id","","","","test_get_ticket_unauthorized","Негативный тест: запрос без авторизации."
"passed","Thu Jul 10 01:13:59 UTC 2025","Thu Jul 10 01:14:02 UTC 2025","2450","tests.delivery","test_03_delete_delivery_address","","","","test_delete_delivery_address_permissions[authorize_partner-authorize_partner-False]","Тест: проверка прав доступа при удалении адресов"
"passed","Thu Jul 10 01:12:48 UTC 2025","Thu Jul 10 01:12:49 UTC 2025","1270","tests.admin_panel.promo","test_73_get_promotion_by_id","","","","test_get_promotion_by_id_forbidden[client]","Негативный тест: получение акции по ID не админом."
"passed","Thu Jul 10 01:13:34 UTC 2025","Thu Jul 10 01:13:35 UTC 2025","1256","tests.cart","test_get_delivery_cost","","","","test_get_delivery_cost_success_full_payload[admin]","Позитивный тест: успешное получение ТК при полном наборе параметров"
"passed","Thu Jul 10 01:13:38 UTC 2025","Thu Jul 10 01:13:38 UTC 2025","398","tests.catalog","test_create_admin_product","","","","test_create_admin_product_forbidden_for_non_admin[partner]",""
"passed","Thu Jul 10 01:15:10 UTC 2025","Thu Jul 10 01:15:11 UTC 2025","1087","tests.tickets","test_04_create_ticket","","","","test_create_ticket_success[client-attachments2-ChangePersonalData]","Позитивный тест: создание тикета с разными темами и вложениями для клиента, партнера и админа"
"passed","Thu Jul 10 01:12:36 UTC 2025","Thu Jul 10 01:12:38 UTC 2025","1197","tests.admin_panel.categories","test_57_v2_update_category","","","","test_v2_update_category_invalid_payload[payload2-expected_code2]","Негативный тест: обновление категории с невалидным или неполным телом запроса."
"passed","Thu Jul 10 01:13:53 UTC 2025","Thu Jul 10 01:13:54 UTC 2025","1272","tests.admin_panel.promo","test_71_get_promotions","","","","test_get_promotions_after_adding","Интеграционный тест: добавление акции и проверка ее наличия в списке по ID."
"passed","Thu Jul 10 01:12:19 UTC 2025","Thu Jul 10 01:12:19 UTC 2025","172","tests.account","test_0_top_partners_top_recruiters","","","","test_get_top_partners_top_recruiters_positive[client]","Позитивные тесты на получение топ-партнеров по количеству активных партнеров"
"passed","Thu Jul 10 01:14:08 UTC 2025","Thu Jul 10 01:14:08 UTC 2025","137","tests.statistic","test_0_dashboard","","","","test_get_dashboard_statistic[partner]","Позитивный тест: получение статистики для дашборда ""прирост или убыль в числовом виде"
"passed","Thu Jul 10 01:13:49 UTC 2025","Thu Jul 10 01:13:50 UTC 2025","605","tests.catalog","test_create_admin_product","","","","test_create_product_invalid_payload[payload9-422]",""
"passed","Thu Jul 10 01:16:43 UTC 2025","Thu Jul 10 01:16:44 UTC 2025","1204","tests.tickets","test_04_create_ticket","","","","test_create_ticket_success[admin-attachments1-ChangePersonalData]","Позитивный тест: создание тикета с разными темами и вложениями для клиента, партнера и админа"
"passed","Thu Jul 10 01:13:40 UTC 2025","Thu Jul 10 01:13:41 UTC 2025","162","tests.cart","test_get_delivery_cost","","","","test_get_delivery_cost_success_partial_payload[client-payload2-400]","Позитивный тест: успешное получение ТК при неполном наборе (город без региона, без ID и т.п.)"
"passed","Thu Jul 10 01:15:39 UTC 2025","Thu Jul 10 01:15:41 UTC 2025","1295","tests.tickets","test_04_create_ticket","","","","test_create_ticket_success[partner-attachments1-QuestionsAboutProducts]","Позитивный тест: создание тикета с разными темами и вложениями для клиента, партнера и админа"
"passed","Thu Jul 10 01:12:58 UTC 2025","Thu Jul 10 01:12:59 UTC 2025","577","tests.admin_panel.promo","test_73_get_promotion_by_id","","","","test_get_promotion_invalid_id[1.5]","Негативный тест: получение акции по невалидному ID."
"passed","Thu Jul 10 01:16:36 UTC 2025","Thu Jul 10 01:16:37 UTC 2025","1230","tests.tickets","test_04_create_ticket","","","","test_create_ticket_success[admin-attachments1-QuestionsAboutTheWorkOfTheStructureAndMentors]","Позитивный тест: создание тикета с разными темами и вложениями для клиента, партнера и админа"
"passed","Thu Jul 10 01:12:15 UTC 2025","Thu Jul 10 01:12:15 UTC 2025","141","tests.account","test_0_top_partners_client_service","","","","test_get_top_partners_client_service_positive[client]","Позитивные тесты на получение топ-партнеров по количеству клиентов"
"passed","Thu Jul 10 01:13:00 UTC 2025","Thu Jul 10 01:13:02 UTC 2025","1234","tests.admin_panel.products","test_42_update_product_brand","","","","test_update_product_brand_invalid_payload[payload8-422]","Негативный тест: обновление бренда с невалидным или неполным телом запроса."
"passed","Thu Jul 10 01:14:55 UTC 2025","Thu Jul 10 01:14:55 UTC 2025","143","tests.tickets","test_01_get_tickets","","","","test_get_tickets_success[filter1-sort0-search1-pagination1-admin]","Позитивный тест: получение списка тикетов с разными комбинациями параметров"
"skipped","Thu Jul 10 01:12:16 UTC 2025","Thu Jul 10 01:12:16 UTC 2025","0","tests.account","test_funds_transfer_list","","","","test_get_funds_transfer_list_positive[client-payload0]","Позитивные тесты на получение истории переводов/выводов средств"
"passed","Thu Jul 10 01:13:52 UTC 2025","Thu Jul 10 01:13:53 UTC 2025","674","tests.delivery","test_01_save_delivery_address","","","","test_save_delivery_address_positive[client-payload1]","Позитивные тесты на сохранение адреса доставки"
"passed","Thu Jul 10 01:13:20 UTC 2025","Thu Jul 10 01:13:21 UTC 2025","416","tests.admin_panel.slides","test_61_upload_slides_images","","","","test_upload_slide_images_unauthorized","Негативный тест: загрузка изображений слайда без авторизации."
"passed","Thu Jul 10 01:14:43 UTC 2025","Thu Jul 10 01:14:43 UTC 2025","143","tests.tickets","test_01_get_tickets","","","","test_get_tickets_success[filter0-sort1-search1-pagination1-client]","Позитивный тест: получение списка тикетов с разными комбинациями параметров"
"passed","Thu Jul 10 01:13:03 UTC 2025","Thu Jul 10 01:13:04 UTC 2025","1295","tests.admin_panel.sliders","test_55_delete_sliders","","","","test_delete_slider_success","Позитивный тест: успешное удаление слайдера."
"passed","Thu Jul 10 01:14:05 UTC 2025","Thu Jul 10 01:14:07 UTC 2025","1565","tests.admin_panel.slides","test_61_upload_slides_images","","","","test_upload_only_single_slide_image_field[preview-test_png.png-image/png-preview]","Проверка: загрузка только одного изображения не должна заполнять другие поля."
"passed","Thu Jul 10 01:14:19 UTC 2025","Thu Jul 10 01:14:19 UTC 2025","564","tests.tickets","test_02_get_ticket_by_id","","","","test_get_ticket_invalid_id[-1]","Негативный тест: передан некорректный ID."
"passed","Thu Jul 10 01:13:52 UTC 2025","Thu Jul 10 01:13:52 UTC 2025","901","tests.delivery","test_02_get_delivery_address","","","","test_get_delivery_addresses_permissions[partner]","Тест: проверка получения адресов"
"passed","Thu Jul 10 01:15:24 UTC 2025","Thu Jul 10 01:15:24 UTC 2025","558","tests.tickets","test_04_create_ticket","","","","test_create_ticket_success[partner-attachments0-QuestionsAboutTheRewardSystemMarketingPlan]","Позитивный тест: создание тикета с разными темами и вложениями для клиента, партнера и админа"
"passed","Thu Jul 10 01:13:13 UTC 2025","Thu Jul 10 01:13:14 UTC 2025","1159","tests.admin_panel.sliders","test_54_update_slider","","","","test_update_slider_forbidden[client]","Негативный тест: попытка обновления слайдера не-админом."
"passed","Thu Jul 10 01:13:10 UTC 2025","Thu Jul 10 01:13:11 UTC 2025","586","tests.admin_panel.sliders","test_52_create_slider","","","","test_create_slider_invalid_payload[payload9-400]","Негативный тест: попытка создать слайдер с невалидным payload."
"failed","Thu Jul 10 01:14:20 UTC 2025","Thu Jul 10 01:14:21 UTC 2025","895","tests.catalog","test_update_admin_product","","","","test_update_admin_product_invalid_payload[update_payload6-422]",""
"passed","Thu Jul 10 01:14:20 UTC 2025","Thu Jul 10 01:14:20 UTC 2025","131","tests.cart","test_get_delivery_cost","","","","test_get_delivery_cost_invalid_payload[admin-payload2]","Негативный тест: некорректные входные данные"
"passed","Thu Jul 10 01:15:40 UTC 2025","Thu Jul 10 01:15:40 UTC 2025","133","tests.tickets","test_01_get_tickets","","","","test_get_tickets_invalid_search[invalid_search0-400-partner]","Негативный тест: передаем некорректные параметры поиска"
"passed","Thu Jul 10 01:13:40 UTC 2025","Thu Jul 10 01:13:43 UTC 2025","3166","tests.catalog","test_create_admin_product","","","","test_create_product_invalid_payload[payload2-400]",""
"passed","Thu Jul 10 01:13:13 UTC 2025","Thu Jul 10 01:13:14 UTC 2025","445","tests.admin_panel.slides","test_56_get_slides","","","","test_get_slides_unauthorized","Негативный тест: получение слайдов без авторизации."
"passed","Thu Jul 10 01:13:23 UTC 2025","Thu Jul 10 01:13:24 UTC 2025","1135","tests.admin_panel.slides","test_59_update_slide","","","","test_update_slide_forbidden[partner]","Негативный тест: попытка обновления слайда не-админом."
"passed","Thu Jul 10 01:12:25 UTC 2025","Thu Jul 10 01:12:26 UTC 2025","419","tests.admin_panel.categories","test_81_delete_category_translation","","","","test_delete_category_translation_unauthorized","Негативный тест: удаление перевода без авторизации."
"passed","Thu Jul 10 01:16:52 UTC 2025","Thu Jul 10 01:16:53 UTC 2025","1074","tests.tickets","test_04_create_ticket","","","","test_create_ticket_success[admin-attachments2-QuestionsAboutOrders]","Позитивный тест: создание тикета с разными темами и вложениями для клиента, партнера и админа"
"passed","Thu Jul 10 01:16:20 UTC 2025","Thu Jul 10 01:16:20 UTC 2025","577","tests.tickets","test_04_create_ticket","","","","test_create_ticket_success[admin-attachments0-QuestionsAboutTheWorkOfTheStructureAndMentors]","Позитивный тест: создание тикета с разными темами и вложениями для клиента, партнера и админа"
"passed","Thu Jul 10 01:14:20 UTC 2025","Thu Jul 10 01:14:21 UTC 2025","557","tests.tickets","test_04_create_ticket","","","","test_create_ticket_success[client-attachments0-QuestionsAboutTheHousingAndCarProgram]","Позитивный тест: создание тикета с разными темами и вложениями для клиента, партнера и админа"
"passed","Thu Jul 10 01:14:44 UTC 2025","Thu Jul 10 01:14:45 UTC 2025","148","tests.tickets","test_01_get_tickets","","","","test_get_tickets_success[filter0-sort1-search2-pagination0-client]","Позитивный тест: получение списка тикетов с разными комбинациями параметров"
"passed","Thu Jul 10 01:13:44 UTC 2025","Thu Jul 10 01:13:45 UTC 2025","614","tests.catalog","test_create_admin_product","","","","test_create_product_invalid_payload[payload5-422]",""
"passed","Thu Jul 10 01:14:36 UTC 2025","Thu Jul 10 01:14:38 UTC 2025","1239","tests.tickets","test_04_create_ticket","","","","test_create_ticket_success[client-attachments1-QuestionsAboutOrders]","Позитивный тест: создание тикета с разными темами и вложениями для клиента, партнера и админа"
"passed","Thu Jul 10 01:14:24 UTC 2025","Thu Jul 10 01:14:25 UTC 2025","548","tests.tickets","test_04_create_ticket","","","","test_create_ticket_success[client-attachments0-QuestionsAboutTheWorkOfTheStructureAndMentors]","Позитивный тест: создание тикета с разными темами и вложениями для клиента, партнера и админа"
"passed","Thu Jul 10 01:14:14 UTC 2025","Thu Jul 10 01:14:15 UTC 2025","136","tests.statistic","test_team_activations","","","","test_get_team_activation_statistic_negative[payload0-partner]","Негативный тест: ошибка при получении статистики активации команды с невалидным телом запроса"
"passed","Thu Jul 10 01:15:49 UTC 2025","Thu Jul 10 01:15:51 UTC 2025","1215","tests.tickets","test_04_create_ticket","","","","test_create_ticket_success[partner-attachments1-ReceivingDefectiveProductsOrShortage]","Позитивный тест: создание тикета с разными темами и вложениями для клиента, партнера и админа"
"passed","Thu Jul 10 01:13:27 UTC 2025","Thu Jul 10 01:13:27 UTC 2025","146","tests.auth","test_03_token_auth","","","","test_auth_by_valid_token[client]","Тест успешной авторизации по валидному токену"
"passed","Thu Jul 10 01:12:44 UTC 2025","Thu Jul 10 01:12:44 UTC 2025","588","tests.admin_panel.products","test_42_update_product_brand","","","","test_update_product_brand_invalid_id[-1]","Негативный тест: несуществующий или некорректный ID."
"passed","Thu Jul 10 01:14:29 UTC 2025","Thu Jul 10 01:14:29 UTC 2025","579","tests.tickets","test_04_create_ticket","","","","test_create_ticket_success[client-attachments0-ChangePersonalData]","Позитивный тест: создание тикета с разными темами и вложениями для клиента, партнера и админа"
"skipped","Thu Jul 10 01:14:46 UTC 2025","Thu Jul 10 01:14:47 UTC 2025","1500","tests.tickets","test_12_delete_message","","","","test_delete_ticket_message_after_closure","Негативный тест: попытка удалить сообщение после закрытия тикета"
"skipped","Thu Jul 10 01:17:17 UTC 2025","Thu Jul 10 01:17:17 UTC 2025","0","tests.tickets","test_04_create_ticket","","","","test_create_ticket_invalid_title[client-]","Негативный тест: создание тикета без заголовка"
"passed","Thu Jul 10 01:14:22 UTC 2025","Thu Jul 10 01:14:22 UTC 2025","578","tests.tickets","test_02_get_ticket_by_id","","","","test_get_ticket_not_found[99999999]","Негативный тест: тикет с указанным ID не найден."
"skipped","Thu Jul 10 01:12:16 UTC 2025","Thu Jul 10 01:12:16 UTC 2025","0","tests.account","test_delete","","","","test_delete_account_positive[partner]","Позитивные тесты на удаление аккаунта"
"passed","Thu Jul 10 01:13:07 UTC 2025","Thu Jul 10 01:13:11 UTC 2025","3545","tests.admin_panel.sliders","test_51_get_sliders","","","","test_get_sliders_after_adding","Интеграционный тест: добавление слайдера и проверка его наличия в списке"
"skipped","Thu Jul 10 01:12:16 UTC 2025","Thu Jul 10 01:12:16 UTC 2025","0","tests.account","test_token","","","","test_add_token_positive[client-payload1]","Позитивные тесты на добавление токена"
"passed","Thu Jul 10 01:12:29 UTC 2025","Thu Jul 10 01:12:29 UTC 2025","594","tests.admin_panel.categories","test_56_v2_create_category","","","","test_v2_create_category_invalid_payload[payload6-422]","Негативный тест: создание категории с невалидным телом запроса."
"passed","Thu Jul 10 01:15:05 UTC 2025","Thu Jul 10 01:15:06 UTC 2025","1211","tests.tickets","test_04_create_ticket","","","","test_create_ticket_success[client-attachments2-QuestionsAboutTheMarriageContract]","Позитивный тест: создание тикета с разными темами и вложениями для клиента, партнера и админа"
"skipped","Thu Jul 10 01:12:14 UTC 2025","Thu Jul 10 01:12:14 UTC 2025","0","tests.account","test_0_marathon","","","","test_create_product_brand_invalid_payload[params3-400-partner]",""
"passed","Thu Jul 10 01:12:38 UTC 2025","Thu Jul 10 01:12:39 UTC 2025","1297","tests.admin_panel.products","test_39_get_product_brands","","","","test_get_product_brands_after_adding","Интеграционный тест: добавление бренда и проверка его наличия в списке по ID."
"skipped","Thu Jul 10 01:12:16 UTC 2025","Thu Jul 10 01:12:16 UTC 2025","0","tests.account","test_funds_transfer_send","","","","test_send_funds_transfer_positive[partner-payload0]","Позитивные тесты на перевод/вывод средств по visibleId"
"passed","Thu Jul 10 01:14:38 UTC 2025","Thu Jul 10 01:14:39 UTC 2025","141","tests.tickets","test_01_get_tickets","","","","test_get_tickets_success[filter0-sort1-search0-pagination0-admin]","Позитивный тест: получение списка тикетов с разными комбинациями параметров"
"skipped","Thu Jul 10 01:13:35 UTC 2025","Thu Jul 10 01:13:35 UTC 2025","133","tests.cart","test_user_locale","","","","test_update_user_locale_valid_payload_1[client-payload8]","
    Позитивный тест: Обновление языка/склада/локали авторизованным пользователем."
"passed","Thu Jul 10 01:12:53 UTC 2025","Thu Jul 10 01:12:54 UTC 2025","1203","tests.admin_panel.products","test_44_upload_product_brand_images","","","","test_upload_product_brand_images_formats[valid.png-image/png-204]","Проверка загрузки изображений бренда в разных форматах: негативные и позитивные кейсы."
"passed","Thu Jul 10 01:14:15 UTC 2025","Thu Jul 10 01:14:15 UTC 2025","133","tests.statistic","test_team_activations","","","","test_get_team_activation_statistic_negative[payload0-admin]","Негативный тест: ошибка при получении статистики активации команды с невалидным телом запроса"
"passed","Thu Jul 10 01:13:53 UTC 2025","Thu Jul 10 01:14:01 UTC 2025","7467","tests.admin_panel.slides","test_61_upload_slides_images","","","","test_upload_slide_images_file_too_large[4.7-fields_to_send8-204]","Негативный тест: загрузка слишком большого изображения."
"passed","Thu Jul 10 01:13:55 UTC 2025","Thu Jul 10 01:13:56 UTC 2025","797","tests.delivery","test_01_save_delivery_address","","","","test_save_delivery_address_positive[client-payload4]","Позитивные тесты на сохранение адреса доставки"
"skipped","Thu Jul 10 01:12:14 UTC 2025","Thu Jul 10 01:12:14 UTC 2025","0","tests.account","test_0_marathon","","","","test_create_product_brand_invalid_payload[params0-400-partner]",""
"passed","Thu Jul 10 01:13:06 UTC 2025","Thu Jul 10 01:13:07 UTC 2025","139","tests.admin_panel.sliders","test_51_get_sliders","","","","test_get_sliders_forbidden[partner]","Негативный тест: получение списка слайдеров не админом"
"failed","Thu Jul 10 01:13:47 UTC 2025","Thu Jul 10 01:13:48 UTC 2025","956","tests.catalog","test_update_admin_product","","","","test_update_admin_product_full_payload",""
"passed","Thu Jul 10 01:13:22 UTC 2025","Thu Jul 10 01:13:23 UTC 2025","597","tests.admin_panel.slides","test_58_get_slides_by_id","","","","test_get_slides_invalid_id[]","Негативный тест: невалидный ID в path-параметре."
"passed","Thu Jul 10 01:13:09 UTC 2025","Thu Jul 10 01:13:10 UTC 2025","1225","tests.admin_panel.sliders","test_55_delete_sliders","","","","test_delete_slider_forbidden[partner]","Негативный тест: попытка удаления слайдера не-админом."
"skipped","Thu Jul 10 01:12:16 UTC 2025","Thu Jul 10 01:12:16 UTC 2025","0","tests.account","test_get_languages","","","","test_get_languages_success[partner--400]","Возвращает список языков, доступных для перевода"
"passed","Thu Jul 10 01:13:30 UTC 2025","Thu Jul 10 01:13:30 UTC 2025","136","tests.admin_panel.slides","test_62_slides_get_upload_urls","","","","test_get_upload_urls_forbidden[partner]","Негативный тест: неадмин не может получить ссылки на загрузку видео файлов."
"passed","Thu Jul 10 01:13:21 UTC 2025","Thu Jul 10 01:13:21 UTC 2025","135","tests.admin_panel.slides","test_0_slides_sort","","","","test_slides_sort_by_id_forbidden[partner]","Негативный тест: не админом."
"passed","Thu Jul 10 01:14:23 UTC 2025","Thu Jul 10 01:14:24 UTC 2025","540","tests.tickets","test_04_create_ticket","","","","test_create_ticket_success[client-attachments0-QuestionsAboutProducts]","Позитивный тест: создание тикета с разными темами и вложениями для клиента, партнера и админа"
"passed","Thu Jul 10 01:15:19 UTC 2025","Thu Jul 10 01:15:19 UTC 2025","142","tests.tickets","test_01_get_tickets","","","","test_get_tickets_success[filter2-sort0-search2-pagination0-partner]","Позитивный тест: получение списка тикетов с разными комбинациями параметров"
"skipped","Thu Jul 10 01:14:34 UTC 2025","Thu Jul 10 01:14:36 UTC 2025","2609","tests.tickets","test_10_send_message_to_ticket","","","","test_send_message_role_permissions[authorize_client-authorize_admin-200]","Проверка доступа к отправке сообщений в тикеты в зависимости от роли"
"passed","Thu Jul 10 01:12:18 UTC 2025","Thu Jul 10 01:12:19 UTC 2025","137","tests.account","test_0_profile","","","","test_get_profile_positive[admin]","Позитивные тесты на получение данных пользовательского аккаунта"
"passed","Thu Jul 10 01:13:43 UTC 2025","Thu Jul 10 01:13:43 UTC 2025","580","tests.admin_panel.slides","test_57_create_slide","","","","test_create_slide_invalid_payload[payload20-422]","Негативные тесты: некорректные и неполные payload'ы."
"passed","Thu Jul 10 01:14:24 UTC 2025","Thu Jul 10 01:14:24 UTC 2025","140","tests.tickets","test_01_get_tickets","","","","test_get_tickets_success[filter0-sort0-search0-pagination1-admin]","Позитивный тест: получение списка тикетов с разными комбинациями параметров"
"passed","Thu Jul 10 01:13:05 UTC 2025","Thu Jul 10 01:13:06 UTC 2025","579","tests.admin_panel.promo","test_78_delete_promotion_item","","","","test_delete_promotion_item_invalid_id[999999-999999]","Негативный тест: удаление элемента акции с невалидным ID продукта."
"skipped","Thu Jul 10 01:13:38 UTC 2025","Thu Jul 10 01:13:38 UTC 2025","132","tests.cart","test_user_locale","","","","test_update_user_locale_valid_payload_1[partner-payload3]","
    Позитивный тест: Обновление языка/склада/локали авторизованным пользователем."
"passed","Thu Jul 10 01:13:23 UTC 2025","Thu Jul 10 01:13:26 UTC 2025","3033","tests.admin_panel.slides","test_58_get_slides_by_id","","","","test_get_slide_not_found","Негативный тест: слайд с несуществующим ID не найден."
"passed","Thu Jul 10 01:14:34 UTC 2025","Thu Jul 10 01:14:34 UTC 2025","139","tests.statistic","test_team_go","","","","test_get_team_go_statistic_negative[payload5-client]","Негативный тест: ошибка при получении статистики по команде с невалидным телом запроса"
"passed","Thu Jul 10 01:14:15 UTC 2025","Thu Jul 10 01:14:15 UTC 2025","136","tests.statistic","test_team_registrations","","","","test_get_team_registration_statistic_positive[payload1-partner]","Позитивный тест: получение статистики по регистрации команды с валидным телом запроса"
"passed","Thu Jul 10 01:13:44 UTC 2025","Thu Jul 10 01:13:45 UTC 2025","597","tests.catalog","test_delete_admin_product_translation","","","","test_delete_admin_product_translation_invalid_id[9999999]",""
"passed","Thu Jul 10 01:13:24 UTC 2025","Thu Jul 10 01:13:24 UTC 2025","575","tests.admin_panel.slides","test_59_update_slide","","","","test_update_slide_invalid_id[-1]","Негативный тест: несуществующий или некорректный ID."
"passed","Thu Jul 10 01:12:26 UTC 2025","Thu Jul 10 01:12:27 UTC 2025","577","tests.admin_panel.categories","test_56_v2_create_category","","","","test_v2_create_category_invalid_payload[payload2-expected_code2]","Негативный тест: создание категории с невалидным телом запроса."
"passed","Thu Jul 10 01:13:29 UTC 2025","Thu Jul 10 01:13:30 UTC 2025","662","tests.auth","test_06_full_logout","","","","test_full_logout_success[client]","Тест полного разлогина всех сессий клиента, партнера и админа."
"passed","Thu Jul 10 01:12:48 UTC 2025","Thu Jul 10 01:12:52 UTC 2025","4626","tests.admin_panel.categories","test_50_upload_category_images","","","","test_upload_category_images_file_too_large[4.7-fields_to_send2-204]","Негативный тест: загрузка слишком большого изображения."
"skipped","Thu Jul 10 01:14:31 UTC 2025","Thu Jul 10 01:14:32 UTC 2025","1170","tests.tickets","test_06_close_ticket","","","","test_close_tickets_negative[partner-ticket_ids0-400]","Негативные тесты: закрытие с некорректными данными"
"passed","Thu Jul 10 01:12:16 UTC 2025","Thu Jul 10 01:12:16 UTC 2025","141","tests.account","test_0_bonus_tokens","","","","test_get_bonus_tokens_positive[admin]","Позитивные тесты на получение списка токенов"
"skipped","Thu Jul 10 01:17:21 UTC 2025","Thu Jul 10 01:17:21 UTC 2025","0","tests.tickets","test_04_create_ticket","","","","test_create_ticket_invalid_attachment[partner]","Негативный тест: попытка загрузки вложения с некорректными данными"
"skipped","Thu Jul 10 01:13:50 UTC 2025","Thu Jul 10 01:13:50 UTC 2025","0","tests.catalog","test_create_admin_product","","","","test_create_product_duplicate_slug[ka]",""
"passed","Thu Jul 10 01:13:53 UTC 2025","Thu Jul 10 01:13:53 UTC 2025","135","tests.delivery","test_02_get_delivery_address","","","","test_get_empty_delivery_addresses[client]","Тест: получение пустого списка"
"passed","Thu Jul 10 01:13:16 UTC 2025","Thu Jul 10 01:13:18 UTC 2025","1703","tests.admin_panel.promo","test_77_create_promotion_item","","","","test_update_promotion_item_success","Позитивный тест: успешное обновление элемента акции"
"failed","Thu Jul 10 01:13:43 UTC 2025","Thu Jul 10 01:13:44 UTC 2025","901","tests.catalog","test_get_admin_product_translation","","","","test_get_admin_product_two_translations_success",""
"passed","Thu Jul 10 01:12:54 UTC 2025","Thu Jul 10 01:12:55 UTC 2025","1183","tests.admin_panel.products","test_44_upload_product_brand_images","","","","test_upload_product_brand_images_formats[valid.jpg-image/jpeg-204]","Проверка загрузки изображений бренда в разных форматах: негативные и позитивные кейсы."
"passed","Thu Jul 10 01:14:07 UTC 2025","Thu Jul 10 01:14:07 UTC 2025","134","tests.statistic","test_team_activations","","","","test_get_team_activation_statistic_positive[payload0-partner]","Позитивный тест: получение статистики по активации команды с валидным телом запроса"
"passed","Thu Jul 10 01:13:24 UTC 2025","Thu Jul 10 01:13:24 UTC 2025","582","tests.admin_panel.slides","test_57_create_slide","","","","test_create_slide_invalid_payload[payload2-expected_code2]","Негативные тесты: некорректные и неполные payload'ы."
"passed","Thu Jul 10 01:12:53 UTC 2025","Thu Jul 10 01:12:53 UTC 2025","135","tests.admin_panel.promo","test_72_create_promotion","","","","test_create_promotion_forbidden[client]","Негативный тест: создание акции не-админом запрещено."
"passed","Thu Jul 10 01:14:30 UTC 2025","Thu Jul 10 01:14:32 UTC 2025","1511","tests.tickets","test_12_delete_message","","","","test_delete_ticket_message_admin","Позитивный тест: админ удаляет своё сообщение в тикете"
"passed","Thu Jul 10 01:17:03 UTC 2025","Thu Jul 10 01:17:04 UTC 2025","1064","tests.tickets","test_04_create_ticket","","","","test_create_ticket_success[admin-attachments2-ChangePersonalData]","Позитивный тест: создание тикета с разными темами и вложениями для клиента, партнера и админа"
"passed","Thu Jul 10 01:13:22 UTC 2025","Thu Jul 10 01:13:22 UTC 2025","415","tests.auth","test_01_check_version","","","","test_check_version[Android-0.9.0-200]","Тест проверяет API /check_version для разных платформ и версий."
"passed","Thu Jul 10 01:12:27 UTC 2025","Thu Jul 10 01:12:29 UTC 2025","1722","tests.admin_panel.categories","test_50_upload_category_images","","","","test_upload_only_single_image_field_should_not_fill_others[image_site-test_png.png-image/png-image_site]","Проверка: загрузка только одного из полей (icon, image, image_site) не должна заполнять другие."
"passed","Thu Jul 10 01:14:16 UTC 2025","Thu Jul 10 01:14:17 UTC 2025","732","tests.tickets","test_02_get_ticket_by_id","","","","test_get_ticket_success[partner]","Позитивный тест: успешное получение тикета по ID для клиента, партнера и администратора."
"skipped","Thu Jul 10 01:12:16 UTC 2025","Thu Jul 10 01:12:16 UTC 2025","0","tests.account","test_history_personal_volumes_admin","","","","test_get_personal_volumes_history_admin_positive[client-payload0]","Позитивные тесты на получение истории начисления личных объемов для админа"
"passed","Thu Jul 10 01:12:29 UTC 2025","Thu Jul 10 01:12:30 UTC 2025","1208","tests.admin_panel.categories","test_50_upload_category_images","","","","test_upload_category_images_invalid_format[invalid.txt-text/plain-400]","Негативный тест: загрузка изображений в неверном формате (например, .txt)."
"passed","Thu Jul 10 01:14:13 UTC 2025","Thu Jul 10 01:14:13 UTC 2025","137","tests.cart","test_get_delivery_cost","","","","test_get_delivery_cost_invalid_payload[client-payload4]","Негативный тест: некорректные входные данные"
"passed","Thu Jul 10 01:14:54 UTC 2025","Thu Jul 10 01:14:54 UTC 2025","147","tests.tickets","test_01_get_tickets","","","","test_get_tickets_success[filter1-sort0-search1-pagination1-client]","Позитивный тест: получение списка тикетов с разными комбинациями параметров"
"passed","Thu Jul 10 01:13:44 UTC 2025","Thu Jul 10 01:13:44 UTC 2025","598","tests.catalog","test_delete_admin_product_translation","","","","test_delete_admin_product_translation_invalid_id[0]",""
"passed","Thu Jul 10 01:14:11 UTC 2025","Thu Jul 10 01:14:11 UTC 2025","141","tests.statistic","test_team_activations","","","","test_get_team_activation_statistic_positive[payload2-partner]","Позитивный тест: получение статистики по активации команды с валидным телом запроса"
"passed","Thu Jul 10 01:14:17 UTC 2025","Thu Jul 10 01:14:17 UTC 2025","146","tests.statistic","test_team_registrations","","","","test_get_team_registration_statistic_positive[payload2-partner]","Позитивный тест: получение статистики по регистрации команды с валидным телом запроса"
"skipped","Thu Jul 10 01:13:26 UTC 2025","Thu Jul 10 01:13:26 UTC 2025","0","tests.auth","test_04_refresh","","","","test_refresh_token_success[partner]","Тест успешного обновления токена через refresh-токен."
"passed","Thu Jul 10 01:12:18 UTC 2025","Thu Jul 10 01:12:18 UTC 2025","622","tests.PROJECT_FUND.initiatives","test_get_report_by_id","","","","test_get_report_by_invalid_id[None-https://dev.ewahelps.com/api]","Негативный тест: невалидный или несуществующий path-параметр"
"passed","Thu Jul 10 01:13:17 UTC 2025","Thu Jul 10 01:13:19 UTC 2025","1294","tests.admin_panel.promo","test_74_update_promotion","","","","test_update_promotion_invalid_payload[payload10-422]","Негативный тест: обновление акции с невалидным или неполным телом запроса."
"passed","Thu Jul 10 01:13:25 UTC 2025","Thu Jul 10 01:13:25 UTC 2025","131","tests.auth","test_02_login","","","","test_admin_login[admin---400]",""
"passed","Thu Jul 10 01:12:45 UTC 2025","Thu Jul 10 01:12:46 UTC 2025","421","tests.admin_panel.products","test_41_get_product_brand_by_id","","","","test_get_product_brand_unauthorized","Негативный тест: без авторизации"
"passed","Thu Jul 10 01:12:29 UTC 2025","Thu Jul 10 01:12:30 UTC 2025","576","tests.admin_panel.categories","test_49_delete_category","","","","test_delete_category_invalid_id[0]","Негативный тест: удаление несуществующей или некорректной категории."
"passed","Thu Jul 10 01:13:27 UTC 2025","Thu Jul 10 01:13:27 UTC 2025","611","tests.admin_panel.slides","test_62_slides_update_video_url","","","","test_update_video_url_invalid[]","Негативный тест: передача некорректной ссылки без предварительной загрузки"
"passed","Thu Jul 10 01:14:28 UTC 2025","Thu Jul 10 01:14:28 UTC 2025","132","tests.statistic","test_team_activations","","","","test_get_team_activation_statistic_negative[payload5-admin]","Негативный тест: ошибка при получении статистики активации команды с невалидным телом запроса"
"skipped","Thu Jul 10 01:12:16 UTC 2025","Thu Jul 10 01:12:16 UTC 2025","0","tests.account","test_pass_change","","","","test_change_password_positive[partner-payload0]","Позитивные тесты на изменение пароля"
"passed","Thu Jul 10 01:14:00 UTC 2025","Thu Jul 10 01:14:01 UTC 2025","625","tests.register","test_02_register_partner","","","","test_register_partner_negative[payload0-400]","Тест: негативные тесты для регистрации партнера вручную"
"passed","Thu Jul 10 01:14:15 UTC 2025","Thu Jul 10 01:14:15 UTC 2025","132","tests.cart","test_get_delivery_cost","","","","test_get_delivery_cost_invalid_payload[partner-payload1]","Негативный тест: некорректные входные данные"
"passed","Thu Jul 10 01:12:19 UTC 2025","Thu Jul 10 01:12:20 UTC 2025","1227","tests.admin_panel.categories","test_48_update_category","","","","test_update_category_success","Позитивный тест: успешное обновление категории (все поля)."
"skipped","Thu Jul 10 01:12:16 UTC 2025","Thu Jul 10 01:12:16 UTC 2025","0","tests.account","test_get_languages","","","","test_get_languages_success[client-web-200]","Возвращает список языков, доступных для перевода"
"passed","Thu Jul 10 01:13:17 UTC 2025","Thu Jul 10 01:13:18 UTC 2025","435","tests.admin_panel.slides","test_57_create_slide","","","","test_create_slide_unauthorized","Негативный тест: создание слайда без авторизации."
"passed","Thu Jul 10 01:12:23 UTC 2025","Thu Jul 10 01:12:23 UTC 2025","140","tests.admin_panel.categories","test_50_upload_category_images","","","","test_upload_category_images_forbidden[client]","Негативный тест: неадмин не может загрузить изображения категории."
"passed","Thu Jul 10 01:15:38 UTC 2025","Thu Jul 10 01:15:39 UTC 2025","1226","tests.tickets","test_04_create_ticket","","","","test_create_ticket_success[partner-attachments1-QuestionsAboutInternationalDelivery]","Позитивный тест: создание тикета с разными темами и вложениями для клиента, партнера и админа"
"passed","Thu Jul 10 01:13:25 UTC 2025","Thu Jul 10 01:13:26 UTC 2025","1193","tests.admin_panel.sliders","test_54_update_slider","","","","test_update_slider_invalid_payload[payload5-400]","Негативный тест: обновление слайдера с невалидным или неполным телом запроса."
"passed","Thu Jul 10 01:13:29 UTC 2025","Thu Jul 10 01:13:31 UTC 2025","1270","tests.admin_panel.slides","test_61_upload_slides_images","","","","test_upload_slide_images_invalid_format[valid.jpg-image/jpeg-204]","Негативный и позитивный тест: загрузка изображений в разных форматах."
"passed","Thu Jul 10 01:14:49 UTC 2025","Thu Jul 10 01:14:49 UTC 2025","140","tests.tickets","test_01_get_tickets","","","","test_get_tickets_success[filter1-sort0-search0-pagination0-partner]","Позитивный тест: получение списка тикетов с разными комбинациями параметров"
"passed","Thu Jul 10 01:14:15 UTC 2025","Thu Jul 10 01:14:16 UTC 2025","594","tests.catalog","test_create_admin_product_translation","","","","test_create_admin_product_translation_invalid_payload[payload5-422]",""
"passed","Thu Jul 10 01:15:43 UTC 2025","Thu Jul 10 01:15:43 UTC 2025","132","tests.tickets","test_01_get_tickets","","","","test_get_tickets_invalid_filter[invalid_filter0-400-partner]","Негативный тест: передаем некорректные параметры фильтрации"
"passed","Thu Jul 10 01:14:41 UTC 2025","Thu Jul 10 01:14:42 UTC 2025","147","tests.tickets","test_01_get_tickets","","","","test_get_tickets_success[filter0-sort1-search1-pagination0-partner]","Позитивный тест: получение списка тикетов с разными комбинациями параметров"
"passed","Thu Jul 10 01:12:23 UTC 2025","Thu Jul 10 01:12:27 UTC 2025","4037","tests.admin_panel.categories","test_47_get_categories_by_id","","","","test_get_categories_by_id_forbidden[client]","Негативный тест: получение категории по ID не-админом."
"passed","Thu Jul 10 01:13:48 UTC 2025","Thu Jul 10 01:13:49 UTC 2025","574","tests.admin_panel.slides","test_57_create_slide","","","","test_create_slide_title_color_validation[123456-400]","Валидация поля title_color при создании слайда."
"passed","Thu Jul 10 01:15:59 UTC 2025","Thu Jul 10 01:16:00 UTC 2025","1081","tests.tickets","test_04_create_ticket","","","","test_create_ticket_success[partner-attachments2-QuestionsAboutInternationalDelivery]","Позитивный тест: создание тикета с разными темами и вложениями для клиента, партнера и админа"
"passed","Thu Jul 10 01:12:52 UTC 2025","Thu Jul 10 01:12:55 UTC 2025","3014","tests.admin_panel.promo","test_73_get_promotion_by_id","","","","test_get_promotion_invalid_id[0]","Негативный тест: получение акции по невалидному ID."
"failed","Thu Jul 10 01:14:10 UTC 2025","Thu Jul 10 01:14:11 UTC 2025","923","tests.catalog","test_update_admin_product","","","","test_update_admin_product_invalid_payload[update_payload2-400]",""
"passed","Thu Jul 10 01:14:17 UTC 2025","Thu Jul 10 01:14:17 UTC 2025","131","tests.delivery","test_03_delete_delivery_address","","","","test_delete_delivery_address_invalid_id[None-client]","Негативные тесты: удаление адреса с некорректным ID"
"passed","Thu Jul 10 01:12:21 UTC 2025","Thu Jul 10 01:12:23 UTC 2025","1862","tests.admin_panel.categories","test_79_get_category_translation","","","","test_get_category_translation_success",""
"skipped","Thu Jul 10 01:12:16 UTC 2025","Thu Jul 10 01:12:16 UTC 2025","0","tests.account","test_update","","","","test_update_account_positive[admin-payload0]","Позитивные тесты на обновление данных аккаунта"
"passed","Thu Jul 10 01:12:24 UTC 2025","Thu Jul 10 01:12:25 UTC 2025","594","tests.admin_panel.categories","test_46_create_category","","","","test_create_category_invalid_payload[payload5-400]","Негативные тесты: проверка различных некорректных payload'ов."
"passed","Thu Jul 10 01:12:44 UTC 2025","Thu Jul 10 01:12:44 UTC 2025","565","tests.admin_panel.categories","test_80_create_category_translation","","","","test_create_category_translation_invalid_payload[payload0-400]","Негативный тест: создание перевода с невалидным payload."
"passed","Thu Jul 10 01:14:30 UTC 2025","Thu Jul 10 01:14:30 UTC 2025","132","tests.statistic","test_team_registrations","","","","test_get_team_registration_statistic_negative[payload3-partner]","Негативный тест: ошибка при получении статистики регистрации команды с невалидным телом запроса"
"passed","Thu Jul 10 01:16:19 UTC 2025","Thu Jul 10 01:16:19 UTC 2025","554","tests.tickets","test_04_create_ticket","","","","test_create_ticket_success[admin-attachments0-QuestionsAboutProducts]","Позитивный тест: создание тикета с разными темами и вложениями для клиента, партнера и админа"
"passed","Thu Jul 10 01:15:22 UTC 2025","Thu Jul 10 01:15:22 UTC 2025","140","tests.tickets","test_01_get_tickets","","","","test_get_tickets_success[filter2-sort1-search0-pagination0-client]","Позитивный тест: получение списка тикетов с разными комбинациями параметров"
"passed","Thu Jul 10 01:13:56 UTC 2025","Thu Jul 10 01:13:57 UTC 2025","586","tests.catalog","test_get_admin_product_translation","","","","test_get_admin_product_translation_invalid_id[1.5]",""
"skipped","Thu Jul 10 01:13:39 UTC 2025","Thu Jul 10 01:13:39 UTC 2025","132","tests.cart","test_user_locale","","","","test_update_user_locale_valid_payload_1[partner-payload5]","
    Позитивный тест: Обновление языка/склада/локали авторизованным пользователем."
"skipped","Thu Jul 10 01:14:00 UTC 2025","Thu Jul 10 01:14:00 UTC 2025","0","tests.orders","test_orders_v2_pay","","","","test_orders_v2_pay_invalid_data[invalid_payload2-400]","Негативный тест: отправка некорректных данных"
"passed","Thu Jul 10 01:13:24 UTC 2025","Thu Jul 10 01:13:24 UTC 2025","600","tests.admin_panel.slides","test_61_upload_slides_images","","","","test_upload_slide_images_invalid_id","Негативный тест: несуществующий ID слайда."
"skipped","Thu Jul 10 01:14:30 UTC 2025","Thu Jul 10 01:14:30 UTC 2025","0","tests.tickets","test_11_update_message","","","","test_update_message_role_permissions[authorize_client-200]","Проверка прав на редактирование сообщения в тикете"
"passed","Thu Jul 10 01:13:23 UTC 2025","Thu Jul 10 01:13:23 UTC 2025","565","tests.admin_panel.slides","test_58_get_slides_by_id","","","","test_get_slides_invalid_id[1.5]","Негативный тест: невалидный ID в path-параметре."
"failed","Thu Jul 10 01:14:26 UTC 2025","Thu Jul 10 01:14:27 UTC 2025","927","tests.catalog","test_update_admin_product","","","","test_update_admin_product_invalid_payload[update_payload8-422]",""
"passed","Thu Jul 10 01:14:13 UTC 2025","Thu Jul 10 01:14:14 UTC 2025","139","tests.delivery","test_01_save_delivery_address","","","","test_save_delivery_address_negative[client-payload6-400]","Негативные тесты на сохранение адреса доставки (отсутствие обязательных полей, некорректные данные)"
"passed","Thu Jul 10 01:12:49 UTC 2025","Thu Jul 10 01:12:50 UTC 2025","601","tests.admin_panel.promo","test_72_create_promotion","","","","test_create_promotion_invalid_data[payload8-400]","Негативные тесты: невалидные данные"
"passed","Thu Jul 10 01:14:23 UTC 2025","Thu Jul 10 01:14:23 UTC 2025","134","tests.statistic","test_team_registrations","","","","test_get_team_registration_statistic_negative[payload0-partner]","Негативный тест: ошибка при получении статистики регистрации команды с невалидным телом запроса"
"skipped","Thu Jul 10 01:13:26 UTC 2025","Thu Jul 10 01:13:26 UTC 2025","0","tests.auth","test_04_refresh","","","","test_refresh_token_success[client]","Тест успешного обновления токена через refresh-токен."
"passed","Thu Jul 10 01:14:24 UTC 2025","Thu Jul 10 01:14:24 UTC 2025","134","tests.delivery","test_01_save_delivery_address","","","","test_save_delivery_address_negative[admin-payload3-400]","Негативные тесты на сохранение адреса доставки (отсутствие обязательных полей, некорректные данные)"
"skipped","Thu Jul 10 01:14:30 UTC 2025","Thu Jul 10 01:14:30 UTC 2025","0","tests.tickets","test_11_update_message","","","","test_update_message_role_permissions[authorize_partner-200]","Проверка прав на редактирование сообщения в тикете"
"skipped","Thu Jul 10 01:14:30 UTC 2025","Thu Jul 10 01:14:30 UTC 2025","136","tests.statistic","test_team_go","","","","test_get_team_go_statistic_negative[payload2-admin]","Негативный тест: ошибка при получении статистики по команде с невалидным телом запроса"
"passed","Thu Jul 10 01:13:50 UTC 2025","Thu Jul 10 01:13:51 UTC 2025","430","tests.admin_panel.products","test_01_recommended_products_sort","","","","test_sort_recommendations_unauthorized","Неавторизованный пользователь пытается отсортировать рекомендации"
"skipped","Thu Jul 10 01:12:14 UTC 2025","Thu Jul 10 01:12:14 UTC 2025","0","tests.account","test_0_marathon","","","","test_create_product_brand_invalid_payload[params1-400-admin]",""
"passed","Thu Jul 10 01:13:05 UTC 2025","Thu Jul 10 01:13:09 UTC 2025","3585","tests.admin_panel.sliders","test_55_delete_sliders","","","","test_delete_slider_forbidden[client]","Негативный тест: попытка удаления слайдера не-админом."
"passed","Thu Jul 10 01:14:12 UTC 2025","Thu Jul 10 01:14:12 UTC 2025","138","tests.cart","test_get_delivery_cost","","","","test_get_delivery_cost_invalid_payload[client-payload2]","Негативный тест: некорректные входные данные"
"passed","Thu Jul 10 01:13:55 UTC 2025","Thu Jul 10 01:13:56 UTC 2025","1121","tests.admin_panel.slides","test_59_update_slide","","","","test_update_slide_invalid_payload[payload21-422]","Негативный тест: обновление слайда с невалидным или неполным телом запроса."
"passed","Thu Jul 10 01:13:53 UTC 2025","Thu Jul 10 01:13:53 UTC 2025","422","tests.admin_panel.promo","test_71_get_promotions","","","","test_get_promotions_list_unauthorized","Негативный тест: получение списка акций без авторизации."
"passed","Thu Jul 10 01:13:35 UTC 2025","Thu Jul 10 01:13:35 UTC 2025","433","tests.catalog","test_delete_admin_product_translation","","","","test_delete_admin_product_translation_unauthorized",""
"skipped","Thu Jul 10 01:13:50 UTC 2025","Thu Jul 10 01:13:50 UTC 2025","0","tests.catalog","test_create_admin_product","","","","test_create_product_duplicate_slug[uz]",""
"passed","Thu Jul 10 01:12:57 UTC 2025","Thu Jul 10 01:12:57 UTC 2025","573","tests.admin_panel.promo","test_76_get_promotion_items","","","","test_get_promotion_item_invalid_id[abc-abc]","Негативный тест: получение элемента с невалидным ID."
"passed","Thu Jul 10 01:12:48 UTC 2025","Thu Jul 10 01:12:52 UTC 2025","4049","tests.admin_panel.products","test_40_create_product_brand","","","","test_create_duplicate_brand_should_true","Позитивный тест: попытка создать бренд с теми же параметрами (разрешено)."
"passed","Thu Jul 10 01:13:27 UTC 2025","Thu Jul 10 01:13:28 UTC 2025","1015","tests.admin_panel.slides","test_61_upload_slides_images","","","","test_upload_slide_images_invalid_format[invalid.exe-application/octet-stream-400]","Негативный и позитивный тест: загрузка изображений в разных форматах."
"passed","Thu Jul 10 01:12:15 UTC 2025","Thu Jul 10 01:12:15 UTC 2025","135","tests.account","test_0_family_agreement_get","","","","test_get_family_agreement_positive[payload0-partner]","Позитивные тесты на получение данных о семейном соглашении"
"passed","Thu Jul 10 01:14:29 UTC 2025","Thu Jul 10 01:14:30 UTC 2025","587","tests.tickets","test_07_delete_ticket","","","","test_delete_tickets_negative[None-400]","Негативные тесты: удаление с некорректными данными"
"passed","Thu Jul 10 01:14:26 UTC 2025","Thu Jul 10 01:14:27 UTC 2025","598","tests.tickets","test_04_create_ticket","","","","test_create_ticket_success[client-attachments0-QuestionsAboutTheRewardSystemMarketingPlan]","Позитивный тест: создание тикета с разными темами и вложениями для клиента, партнера и админа"
"passed","Thu Jul 10 01:13:14 UTC 2025","Thu Jul 10 01:13:17 UTC 2025","3006","tests.admin_panel.slides","test_59_update_slide","","","","test_update_slide_success","Позитивный тест: успешное обновление слайда (все поля)."
"skipped","Thu Jul 10 01:14:31 UTC 2025","Thu Jul 10 01:14:31 UTC 2025","608","tests.tickets","test_09_get_ticket_messages","","","","test_get_ticket_messages_invalid_id_format[]","Негативный тест: запрос с некорректным ID (строка, спецсимволы, пустое значение)"
"passed","Thu Jul 10 01:14:34 UTC 2025","Thu Jul 10 01:14:35 UTC 2025","812","tests.delivery","test_01_save_delivery_address","","","","test_create_two_identical_addresses[client]","Тест на невозможность создать два полностью одинаковых адреса"
"passed","Thu Jul 10 01:13:18 UTC 2025","Thu Jul 10 01:13:18 UTC 2025","413","tests.admin_panel.slides","test_59_update_slide","","","","test_update_slide_unauthorized","Негативный тест: попытка обновления слайда без авторизации."
"skipped","Thu Jul 10 01:12:16 UTC 2025","Thu Jul 10 01:12:16 UTC 2025","0","tests.account","test_family_agreement_create_one","","","","test_create_family_agreement_one_positive[admin-payload0]","Позитивные тесты на создание семейного соглашения при отсутствующем втором партнере"
"passed","Thu Jul 10 01:14:41 UTC 2025","Thu Jul 10 01:14:43 UTC 2025","1237","tests.tickets","test_04_create_ticket","","","","test_create_ticket_success[client-attachments1-QuestionsAboutTheWorkOfTheStructureAndMentors]","Позитивный тест: создание тикета с разными темами и вложениями для клиента, партнера и админа"
"skipped","Thu Jul 10 01:12:16 UTC 2025","Thu Jul 10 01:12:16 UTC 2025","0","tests.account","test_delete","","","","test_delete_account_positive[client]","Позитивные тесты на удаление аккаунта"
"passed","Thu Jul 10 01:12:18 UTC 2025","Thu Jul 10 01:12:18 UTC 2025","136","tests.account","test_0_profile","","","","test_get_profile_positive[partner]","Позитивные тесты на получение данных пользовательского аккаунта"
"passed","Thu Jul 10 01:12:25 UTC 2025","Thu Jul 10 01:12:29 UTC 2025","3601","tests.admin_panel.categories","test_49_delete_category","","","","test_delete_category_forbidden[partner]","Негативный тест: попытка удаления категории не-админом."
"passed","Thu Jul 10 01:13:22 UTC 2025","Thu Jul 10 01:13:24 UTC 2025","1130","tests.admin_panel.slides","test_62_slides_get_upload_urls","","","","test_get_upload_urls_slider_not_video","Негативный тест: получение временных ссылок у слайда с типом 'image' вместо 'video'."
"skipped","Thu Jul 10 01:12:16 UTC 2025","Thu Jul 10 01:12:16 UTC 2025","0","tests.account","test_history_group_volumes_admin","","","","test_get_group_volumes_history_admin_positive[partner-payload0]","Позитивные тесты на получение истории начисления групповых объемов для админа"
"passed","Thu Jul 10 01:13:22 UTC 2025","Thu Jul 10 01:13:23 UTC 2025","1121","tests.admin_panel.sliders","test_54_update_slider","","","","test_update_slider_invalid_payload[payload2-expected_code2]","Негативный тест: обновление слайдера с невалидным или неполным телом запроса."
"passed","Thu Jul 10 01:12:28 UTC 2025","Thu Jul 10 01:12:30 UTC 2025","1698","tests.admin_panel.categories","test_80_create_category_translation","","","","test_create_category_translation_success[uz]","Позитивный тест: создание/обновление перевода категории для разных языков."
"skipped","Thu Jul 10 01:14:27 UTC 2025","Thu Jul 10 01:14:27 UTC 2025","141","tests.statistic","test_team_registrations","","","","test_get_team_registration_statistic_negative[payload1-admin]","Негативный тест: ошибка при получении статистики регистрации команды с невалидным телом запроса"
"passed","Thu Jul 10 01:14:09 UTC 2025","Thu Jul 10 01:14:09 UTC 2025","137","tests.register","test_01_register_form","","","","test_register_form_negative[admin-payload2-400]",""
"passed","Thu Jul 10 01:12:28 UTC 2025","Thu Jul 10 01:12:31 UTC 2025","2287","tests.admin_panel.products","test_01_recommended_products_sort","","","","test_sort_recommendations_partial","Сортировка по рекомендациям"
"passed","Thu Jul 10 01:12:32 UTC 2025","Thu Jul 10 01:12:33 UTC 2025","571","tests.admin_panel.categories","test_57_v2_update_category","","","","test_v2_update_category_invalid_id[0]","Негативный тест: несуществующий или некорректный ID."
"passed","Thu Jul 10 01:13:17 UTC 2025","Thu Jul 10 01:13:18 UTC 2025","596","tests.admin_panel.slides","test_58_get_slides_by_id","","","","test_get_slides_invalid_id[abc]","Негативный тест: невалидный ID в path-параметре."
"passed","Thu Jul 10 01:13:17 UTC 2025","Thu Jul 10 01:13:18 UTC 2025","1126","tests.admin_panel.slides","test_60_delete_slides","","","","test_delete_slide_forbidden[client]","Негативный тест: попытка удаления слайда не-админом."
"passed","Thu Jul 10 01:13:27 UTC 2025","Thu Jul 10 01:13:28 UTC 2025","1189","tests.admin_panel.slides","test_62_slides_get_upload_urls","","","","test_get_upload_urls_invalid_files[data1-400]","Негативный тест: пустой список файлов, отсутствие 'filenames' в теле запроса."
"passed","Thu Jul 10 01:13:51 UTC 2025","Thu Jul 10 01:13:53 UTC 2025","2056","tests.admin_panel.slides","test_61_upload_slides_images","","","","test_upload_slide_images_file_too_large[5.3-fields_to_send7-400]","Негативный тест: загрузка слишком большого изображения."
"passed","Thu Jul 10 01:15:38 UTC 2025","Thu Jul 10 01:15:38 UTC 2025","139","tests.tickets","test_01_get_tickets","","","","test_get_tickets_invalid_pagination[invalid_pagination1-client]","Негативный тест: передаем некорректные значения в pagination"
"passed","Thu Jul 10 01:12:46 UTC 2025","Thu Jul 10 01:12:46 UTC 2025","591","tests.admin_panel.promo","test_72_create_promotion","","","","test_create_promotion_invalid_data[payload2-400]","Негативные тесты: невалидные данные"
"passed","Thu Jul 10 01:13:54 UTC 2025","Thu Jul 10 01:13:54 UTC 2025","159","tests.cart","test_get_delivery_cost","","","","test_get_delivery_cost_success_partial_payload[partner-payload5-400]","Позитивный тест: успешное получение ТК при неполном наборе (город без региона, без ID и т.п.)"
"passed","Thu Jul 10 01:17:13 UTC 2025","Thu Jul 10 01:17:13 UTC 2025","553","tests.tickets","test_04_create_ticket","","","","test_create_ticket_invalid_request_type[partner--200]","Негативный тест: попытка создания тикета с неверным типом request_type"
"skipped","Thu Jul 10 01:13:38 UTC 2025","Thu Jul 10 01:13:38 UTC 2025","133","tests.cart","test_user_locale","","","","test_update_user_locale_valid_payload_1[partner-payload4]","
    Позитивный тест: Обновление языка/склада/локали авторизованным пользователем."
"passed","Thu Jul 10 01:14:10 UTC 2025","Thu Jul 10 01:14:10 UTC 2025","136","tests.statistic","test_team_activations","","","","test_get_team_activation_statistic_positive[payload1-admin]","Позитивный тест: получение статистики по активации команды с валидным телом запроса"
"passed","Thu Jul 10 01:15:08 UTC 2025","Thu Jul 10 01:15:08 UTC 2025","147","tests.tickets","test_01_get_tickets","","","","test_get_tickets_success[filter1-sort1-search2-pagination0-client]","Позитивный тест: получение списка тикетов с разными комбинациями параметров"
"passed","Thu Jul 10 01:12:42 UTC 2025","Thu Jul 10 01:12:44 UTC 2025","2318","tests.admin_panel.products","test_44_upload_product_brand_images","","","","test_upload_product_brand_images_success","Позитивный тест: успешная загрузка изображений бренда через multipart/form-data."
"skipped","Thu Jul 10 01:12:16 UTC 2025","Thu Jul 10 01:12:16 UTC 2025","0","tests.account","test_family_agreement_create_three","","","","test_create_family_agreement_three_positive[client-payload0]","Позитивные тесты на создание семейного соглашения при аннулировании второго партнера"
"passed","Thu Jul 10 01:13:25 UTC 2025","Thu Jul 10 01:13:26 UTC 2025","559","tests.admin_panel.slides","test_57_create_slide","","","","test_create_slide_invalid_payload[payload5-expected_code5]","Негативные тесты: некорректные и неполные payload'ы."
"skipped","Thu Jul 10 01:13:40 UTC 2025","Thu Jul 10 01:13:40 UTC 2025","132","tests.cart","test_user_locale","","","","test_update_user_locale_valid_payload_1[partner-payload7]","
    Позитивный тест: Обновление языка/склада/локали авторизованным пользователем."
"passed","Thu Jul 10 01:13:02 UTC 2025","Thu Jul 10 01:13:05 UTC 2025","3325","tests.admin_panel.products","test_44_upload_product_brand_images","","","","test_upload_product_brand_images_various_fields[4.7-fields_to_send2-204]","Негативный тест. Загрузка слишком большого изображения."
"skipped","Thu Jul 10 01:12:14 UTC 2025","Thu Jul 10 01:12:14 UTC 2025","0","tests.account","test_0_marathon","","","","test_create_product_brand_invalid_payload[params4-400-client]",""
"passed","Thu Jul 10 01:12:38 UTC 2025","Thu Jul 10 01:12:39 UTC 2025","1145","tests.admin_panel.categories","test_57_v2_update_category","","","","test_v2_update_category_invalid_payload[payload3-400]","Негативный тест: обновление категории с невалидным или неполным телом запроса."
"passed","Thu Jul 10 01:13:16 UTC 2025","Thu Jul 10 01:13:17 UTC 2025","1163","tests.admin_panel.slides","test_58_get_slides_by_id","","","","test_get_slides_by_id_forbidden[partner]","Негативный тест: попытка получения слайда по ID не-админом."
"passed","Thu Jul 10 01:12:32 UTC 2025","Thu Jul 10 01:12:32 UTC 2025","577","tests.admin_panel.categories","test_79_get_category_translation","","","","test_get_category_translation_not_found",""
"passed","Thu Jul 10 01:14:51 UTC 2025","Thu Jul 10 01:14:52 UTC 2025","141","tests.tickets","test_01_get_tickets","","","","test_get_tickets_success[filter1-sort0-search0-pagination1-admin]","Позитивный тест: получение списка тикетов с разными комбинациями параметров"
"passed","Thu Jul 10 01:15:00 UTC 2025","Thu Jul 10 01:15:00 UTC 2025","140","tests.tickets","test_01_get_tickets","","","","test_get_tickets_success[filter1-sort1-search0-pagination0-client]","Позитивный тест: получение списка тикетов с разными комбинациями параметров"
"passed","Thu Jul 10 01:13:47 UTC 2025","Thu Jul 10 01:13:48 UTC 2025","954","tests.cart","test_get_delivery_cost","","","","test_get_delivery_cost_success_partial_payload[partner-payload1-200]","Позитивный тест: успешное получение ТК при неполном наборе (город без региона, без ID и т.п.)"
"passed","Thu Jul 10 01:12:43 UTC 2025","Thu Jul 10 01:12:44 UTC 2025","1143","tests.admin_panel.products","test_42_update_product_brand","","","","test_update_product_brand_forbidden[partner]","Негативный тест: попытка обновления бренда не-админом."
"passed","Thu Jul 10 01:13:17 UTC 2025","Thu Jul 10 01:13:18 UTC 2025","586","tests.admin_panel.sliders","test_54_update_slider","","","","test_update_slider_invalid_id[-1]","Негативный тест: несуществующий или некорректный ID."
"passed","Thu Jul 10 01:12:20 UTC 2025","Thu Jul 10 01:12:20 UTC 2025","132","tests.admin_panel.categories","test_46_create_category","","","","test_create_category_forbidden[client]","Негативный тест: создание категории не-админом запрещено."
"skipped","Thu Jul 10 01:17:19 UTC 2025","Thu Jul 10 01:17:19 UTC 2025","0","tests.tickets","test_04_create_ticket","","","","test_create_ticket_invalid_message[client-]","Негативный тест: создание тикета без сообщения"
"passed","Thu Jul 10 01:14:18 UTC 2025","Thu Jul 10 01:14:18 UTC 2025","138","tests.cart","test_get_delivery_cost","","","","test_get_delivery_cost_invalid_payload[partner-payload5]","Негативный тест: некорректные входные данные"
"passed","Thu Jul 10 01:14:07 UTC 2025","Thu Jul 10 01:14:07 UTC 2025","133","tests.register","test_01_register_form","","","","test_register_form_negative[partner-payload2-400]",""
"passed","Thu Jul 10 01:14:31 UTC 2025","Thu Jul 10 01:14:32 UTC 2025","869","tests.tickets","test_11_update_message","","","","test_update_message_validation[client-update_payload1-403]","Негативные тесты: невалидные поля при редактировании сообщения"
"passed","Thu Jul 10 01:13:14 UTC 2025","Thu Jul 10 01:13:15 UTC 2025","597","tests.admin_panel.sliders","test_53_get_sliders_by_id","","","","test_get_sliders_invalid_id[]","Негативный тест: получение слайдера по невалидному ID"
"skipped","Thu Jul 10 01:14:01 UTC 2025","Thu Jul 10 01:14:02 UTC 2025","138","tests.orders","test_group_order_change_country","","","","test_change_country_invalid_data[invalid_payload1-admin]","Негативные тесты: передача некорректных данных"
"skipped","Thu Jul 10 01:12:16 UTC 2025","Thu Jul 10 01:12:16 UTC 2025","0","tests.account","test_get_languages","","","","test_get_languages_success[client-unknown-400]","Возвращает список языков, доступных для перевода"
"passed","Thu Jul 10 01:13:04 UTC 2025","Thu Jul 10 01:13:05 UTC 2025","570","tests.admin_panel.sliders","test_52_create_slider","","","","test_create_slider_invalid_payload[payload3-expected_code3]","Негативный тест: попытка создать слайдер с невалидным payload."
"passed","Thu Jul 10 01:12:25 UTC 2025","Thu Jul 10 01:12:25 UTC 2025","576","tests.admin_panel.categories","test_46_create_category","","","","test_create_category_invalid_payload[payload6-422]","Негативные тесты: проверка различных некорректных payload'ов."
"passed","Thu Jul 10 01:14:44 UTC 2025","Thu Jul 10 01:14:46 UTC 2025","1318","tests.tickets","test_12_delete_message","","","","test_delete_ticket_message_negative[invalid-500]","Негативные тесты: удаление с некорректными данными"
"passed","Thu Jul 10 01:13:05 UTC 2025","Thu Jul 10 01:13:05 UTC 2025","609","tests.admin_panel.sliders","test_51_get_sliders","","","","test_get_sliders_success","Позитивный тест: успешное получение списка слайдеров админом"
"passed","Thu Jul 10 01:16:22 UTC 2025","Thu Jul 10 01:16:22 UTC 2025","544","tests.tickets","test_04_create_ticket","","","","test_create_ticket_success[admin-attachments0-QuestionsAboutTheRewardSystemMarketingPlan]","Позитивный тест: создание тикета с разными темами и вложениями для клиента, партнера и админа"
"passed","Thu Jul 10 01:12:51 UTC 2025","Thu Jul 10 01:12:52 UTC 2025","590","tests.admin_panel.products","test_43_delete_product_brand","","","","test_delete_product_brand_invalid_id[0]","Негативный тест: удаление несуществующего или некорректного бренда."
"skipped","Thu Jul 10 01:13:55 UTC 2025","Thu Jul 10 01:13:56 UTC 2025","131","tests.cart","test_user_locale","","","","test_update_user_locale_invalid_payload[partner-payload4-422]","Негативный тест: обновление локали с невалидным payload."
"skipped","Thu Jul 10 01:12:16 UTC 2025","Thu Jul 10 01:12:16 UTC 2025","0","tests.account","test_token_revoke","","","","test_revoke_token_positive[client-payload0]","Позитивные тесты на удаление токена"
"skipped","Thu Jul 10 01:14:27 UTC 2025","Thu Jul 10 01:14:28 UTC 2025","1152","tests.tickets","test_06_close_ticket","","","","test_close_tickets_negative[client-ticket_ids0-400]","Негативные тесты: закрытие с некорректными данными"
"passed","Thu Jul 10 01:14:43 UTC 2025","Thu Jul 10 01:14:44 UTC 2025","565","tests.tickets","test_12_delete_message","","","","test_delete_ticket_message_negative[None-400]","Негативные тесты: удаление с некорректными данными"
"passed","Thu Jul 10 01:14:28 UTC 2025","Thu Jul 10 01:14:28 UTC 2025","537","tests.tickets","test_04_create_ticket","","","","test_create_ticket_success[client-attachments0-OtherQuestions]","Позитивный тест: создание тикета с разными темами и вложениями для клиента, партнера и админа"
"passed","Thu Jul 10 01:13:08 UTC 2025","Thu Jul 10 01:13:09 UTC 2025","591","tests.admin_panel.slides","test_0_slides_sort","","","","test_slides_sort_invalid_id[abc]","Негативный тест: невалидный path parameter."
"passed","Thu Jul 10 01:13:27 UTC 2025","Thu Jul 10 01:13:28 UTC 2025","412","tests.admin_panel.slides","test_62_slides_update_video_url","","","","test_update_video_url_unauthorized","Негативный тест: попытка обновления ссылки без авторизации"
"passed","Thu Jul 10 01:15:13 UTC 2025","Thu Jul 10 01:15:13 UTC 2025","145","tests.tickets","test_01_get_tickets","","","","test_get_tickets_success[filter2-sort0-search0-pagination1-client]","Позитивный тест: получение списка тикетов с разными комбинациями параметров"
"skipped","Thu Jul 10 01:12:57 UTC 2025","Thu Jul 10 01:13:04 UTC 2025","7391","tests.admin_panel.promo","test_75_delete_promotion_by_id","","","","test_delete_promotion_invalid_id[9999999]","Негативный тест: удаление несуществующей или некорректной акции."
"passed","Thu Jul 10 01:13:24 UTC 2025","Thu Jul 10 01:13:27 UTC 2025","3067","tests.admin_panel.slides","test_62_slides_update_video_url","","","","test_update_video_url_invalid[https://bucket.yandex.ru/other_video.m3u8]","Негативный тест: передача некорректной ссылки без предварительной загрузки"
"passed","Thu Jul 10 01:14:06 UTC 2025","Thu Jul 10 01:14:06 UTC 2025","139","tests.delivery","test_01_save_delivery_address","","","","test_save_delivery_address_negative[client-payload2-400]","Негативные тесты на сохранение адреса доставки (отсутствие обязательных полей, некорректные данные)"
"skipped","Thu Jul 10 01:13:49 UTC 2025","Thu Jul 10 01:13:49 UTC 2025","133","tests.cart","test_user_locale","","","","test_update_user_locale_invalid_payload[client-payload6-400]","Негативный тест: обновление локали с невалидным payload."
"passed","Thu Jul 10 01:13:01 UTC 2025","Thu Jul 10 01:13:02 UTC 2025","1321","tests.admin_panel.promo","test_77_create_promotion_item","","","","test_create_promotion_item_invalid_payload[payload2-400]",""
"passed","Thu Jul 10 01:15:13 UTC 2025","Thu Jul 10 01:15:14 UTC 2025","1143","tests.tickets","test_04_create_ticket","","","","test_create_ticket_success[client-attachments2-ReceivingDefectiveProducts]","Позитивный тест: создание тикета с разными темами и вложениями для клиента, партнера и админа"
"passed","Thu Jul 10 01:12:31 UTC 2025","Thu Jul 10 01:12:35 UTC 2025","3946","tests.admin_panel.products","test_01_recommended_products_sort","","","","test_sort_recommendations_empty_list","Попытка сортировки с пустым списком рекомендаций"
"passed","Thu Jul 10 01:13:26 UTC 2025","Thu Jul 10 01:13:27 UTC 2025","607","tests.admin_panel.slides","test_57_create_slide","","","","test_create_slide_invalid_payload[payload6-expected_code6]","Негативные тесты: некорректные и неполные payload'ы."
"passed","Thu Jul 10 01:14:19 UTC 2025","Thu Jul 10 01:14:20 UTC 2025","584","tests.tickets","test_04_create_ticket","","","","test_create_ticket_success[client-attachments0-QuestionsAboutPaymentsToIP]","Позитивный тест: создание тикета с разными темами и вложениями для клиента, партнера и админа"
"passed","Thu Jul 10 01:12:40 UTC 2025","Thu Jul 10 01:12:40 UTC 2025","559","tests.admin_panel.products","test_40_create_product_brand","","","","test_create_product_brand_invalid_payload[payload3-expected_codes3]","Негативные кейсы: невалидные поля при создании бренда."
"passed","Thu Jul 10 01:14:13 UTC 2025","Thu Jul 10 01:14:13 UTC 2025","607","tests.catalog","test_create_admin_product_translation","","","","test_create_admin_product_translation_invalid_payload[payload1-400]",""
"passed","Thu Jul 10 01:13:21 UTC 2025","Thu Jul 10 01:13:22 UTC 2025","1181","tests.admin_panel.sliders","test_54_update_slider","","","","test_update_slider_invalid_payload[payload1-expected_code1]","Негативный тест: обновление слайдера с невалидным или неполным телом запроса."
"skipped","Thu Jul 10 01:12:16 UTC 2025","Thu Jul 10 01:12:16 UTC 2025","0","tests.account","test_history_group_volumes_admin","","","","test_get_group_volumes_history_admin_positive[client-payload0]","Позитивные тесты на получение истории начисления групповых объемов для админа"
"passed","Thu Jul 10 01:15:37 UTC 2025","Thu Jul 10 01:15:37 UTC 2025","142","tests.tickets","test_01_get_tickets","","","","test_get_tickets_invalid_pagination[invalid_pagination0-partner]","Негативный тест: передаем некорректные значения в pagination"
"passed","Thu Jul 10 01:13:58 UTC 2025","Thu Jul 10 01:13:59 UTC 2025","690","tests.delivery","test_01_save_delivery_address","","","","test_save_delivery_address_positive[partner-payload0]","Позитивные тесты на сохранение адреса доставки"
"skipped","Thu Jul 10 01:12:33 UTC 2025","Thu Jul 10 01:12:33 UTC 2025","0","tests.admin_panel.products","test_0_create_product","","","","test_create_product",""
"skipped","Thu Jul 10 01:12:14 UTC 2025","Thu Jul 10 01:12:14 UTC 2025","0","tests.account","test_0_marathon","","","","test_create_product_brand_invalid_payload[params4-400-admin]",""
"skipped","Thu Jul 10 01:14:30 UTC 2025","Thu Jul 10 01:14:30 UTC 2025","0","tests.tickets","test_11_update_message","","","","test_update_message_role_permissions[authorize_admin-200]","Проверка прав на редактирование сообщения в тикете"
"skipped","Thu Jul 10 01:12:16 UTC 2025","Thu Jul 10 01:12:16 UTC 2025","0","tests.account","test_list_csv","","","","test_get_account_list_csv_positive[client-payload0]","Позитивные тесты на выгрузку структуры партнеров в CSV"
"skipped","Thu Jul 10 01:14:00 UTC 2025","Thu Jul 10 01:14:00 UTC 2025","0","tests.register","test_02_register_partner","","","","test_register_partner_positive[client-403]","Тест: позитивные тесты для регистрации партнера вручную"
"passed","Thu Jul 10 01:14:23 UTC 2025","Thu Jul 10 01:14:23 UTC 2025","438","tests.cart","test_get_delivery_cost","","","","test_get_delivery_cost_unauthorized","Негативный тест: запрос без авторизации"
"skipped","Thu Jul 10 01:13:54 UTC 2025","Thu Jul 10 01:13:54 UTC 2025","133","tests.cart","test_user_locale","","","","test_update_user_locale_invalid_payload[partner-payload3-422]","Негативный тест: обновление локали с невалидным payload."
"passed","Thu Jul 10 01:13:31 UTC 2025","Thu Jul 10 01:13:32 UTC 2025","1138","tests.admin_panel.slides","test_59_update_slide","","","","test_update_slide_invalid_payload[payload4-expected_code4]","Негативный тест: обновление слайда с невалидным или неполным телом запроса."
"passed","Thu Jul 10 01:13:02 UTC 2025","Thu Jul 10 01:13:03 UTC 2025","1222","tests.admin_panel.products","test_42_update_product_brand","","","","test_update_product_brand_invalid_payload[payload9-422]","Негативный тест: обновление бренда с невалидным или неполным телом запроса."
"passed","Thu Jul 10 01:13:13 UTC 2025","Thu Jul 10 01:13:14 UTC 2025","1117","tests.admin_panel.sliders","test_52_create_slider","","","","test_create_slider_should_fail_on_duplicate","Негативный тест: дублирование уникальных полей слайдера."
"passed","Thu Jul 10 01:14:43 UTC 2025","Thu Jul 10 01:14:43 UTC 2025","136","tests.statistic","test_team_registrations","","","","test_get_team_registration_statistic_negative[payload7-admin]","Негативный тест: ошибка при получении статистики регистрации команды с невалидным телом запроса"
"skipped","Thu Jul 10 01:12:16 UTC 2025","Thu Jul 10 01:12:16 UTC 2025","0","tests.account","test_delete","","","","test_delete_account_positive[admin]","Позитивные тесты на удаление аккаунта"
"skipped","Thu Jul 10 01:12:16 UTC 2025","Thu Jul 10 01:12:16 UTC 2025","0","tests.account","test_token_revoke","","","","test_revoke_token_positive[admin-payload1]","Позитивные тесты на удаление токена"
"skipped","Thu Jul 10 01:14:43 UTC 2025","Thu Jul 10 01:14:44 UTC 2025","896","tests.tickets","test_10_send_message_to_ticket","","","","test_send_message_validation[message_payload0-400]","Проверка валидации входных данных при отправке сообщений"
"passed","Thu Jul 10 01:15:21 UTC 2025","Thu Jul 10 01:15:22 UTC 2025","546","tests.tickets","test_04_create_ticket","","","","test_create_ticket_success[partner-attachments0-QuestionsAboutTheWorkOfTheStructureAndMentors]","Позитивный тест: создание тикета с разными темами и вложениями для клиента, партнера и админа"
"skipped","Thu Jul 10 01:12:14 UTC 2025","Thu Jul 10 01:12:14 UTC 2025","0","tests.account","test_0_marathon","","","","test_create_product_brand_invalid_payload[params4-400-partner]",""
"passed","Thu Jul 10 01:14:42 UTC 2025","Thu Jul 10 01:14:42 UTC 2025","134","tests.statistic","test_team_registrations","","","","test_get_team_registration_statistic_negative[payload7-client]","Негативный тест: ошибка при получении статистики регистрации команды с невалидным телом запроса"
"skipped","Thu Jul 10 01:13:39 UTC 2025","Thu Jul 10 01:13:39 UTC 2025","131","tests.cart","test_user_locale","","","","test_update_user_locale_valid_payload_1[partner-payload6]","
    Позитивный тест: Обновление языка/склада/локали авторизованным пользователем."
"skipped","Thu Jul 10 01:12:16 UTC 2025","Thu Jul 10 01:12:16 UTC 2025","0","tests.account","test_funds_transfer_list","","","","test_get_funds_transfer_list_positive[admin-payload0]","Позитивные тесты на получение истории переводов/выводов средств"
"skipped","Thu Jul 10 01:12:16 UTC 2025","Thu Jul 10 01:12:16 UTC 2025","0","tests.account","test_update_avatar","","","","test_update_avatar_positive[admin-payload1]","Позитивные тесты на обновление аватара"
"skipped","Thu Jul 10 01:12:16 UTC 2025","Thu Jul 10 01:12:16 UTC 2025","0","tests.account","test_update_avatar","","","","test_update_avatar_positive[partner-payload0]","Позитивные тесты на обновление аватара"
"passed","Thu Jul 10 01:14:23 UTC 2025","Thu Jul 10 01:14:23 UTC 2025","133","tests.statistic","test_team_registrations","","","","test_get_team_registration_statistic_negative[payload0-admin]","Негативный тест: ошибка при получении статистики регистрации команды с невалидным телом запроса"
"passed","Thu Jul 10 01:14:31 UTC 2025","Thu Jul 10 01:14:31 UTC 2025","134","tests.statistic","test_team_registrations","","","","test_get_team_registration_statistic_negative[payload4-client]","Негативный тест: ошибка при получении статистики регистрации команды с невалидным телом запроса"
"passed","Thu Jul 10 01:14:05 UTC 2025","Thu Jul 10 01:14:08 UTC 2025","2683","tests.delivery","test_02_get_delivery_address","","","","test_get_delivery_addresses_pagination[partner]","Тест: корректная работа пагинации"
"skipped","Thu Jul 10 01:17:20 UTC 2025","Thu Jul 10 01:17:20 UTC 2025","0","tests.tickets","test_04_create_ticket","","","","test_create_ticket_invalid_message[partner-]","Негативный тест: создание тикета без сообщения"
"passed","Thu Jul 10 01:15:12 UTC 2025","Thu Jul 10 01:15:12 UTC 2025","141","tests.tickets","test_01_get_tickets","","","","test_get_tickets_success[filter2-sort0-search0-pagination0-partner]","Позитивный тест: получение списка тикетов с разными комбинациями параметров"
"passed","Thu Jul 10 01:13:32 UTC 2025","Thu Jul 10 01:13:33 UTC 2025","1140","tests.admin_panel.slides","test_59_update_slide","","","","test_update_slide_invalid_payload[payload5-expected_code5]","Негативный тест: обновление слайда с невалидным или неполным телом запроса."
"passed","Thu Jul 10 01:15:30 UTC 2025","Thu Jul 10 01:15:31 UTC 2025","1253","tests.tickets","test_04_create_ticket","","","","test_create_ticket_success[partner-attachments1-QuestionsAboutPaymentsToIP]","Позитивный тест: создание тикета с разными темами и вложениями для клиента, партнера и админа"
"passed","Thu Jul 10 01:15:25 UTC 2025","Thu Jul 10 01:15:25 UTC 2025","597","tests.tickets","test_04_create_ticket","","","","test_create_ticket_success[partner-attachments0-OtherQuestions]","Позитивный тест: создание тикета с разными темами и вложениями для клиента, партнера и админа"
"passed","Thu Jul 10 01:12:48 UTC 2025","Thu Jul 10 01:12:51 UTC 2025","2996","tests.admin_panel.products","test_43_delete_product_brand","","","","test_delete_product_brand_invalid_id[-1]","Негативный тест: удаление несуществующего или некорректного бренда."
"passed","Thu Jul 10 01:12:54 UTC 2025","Thu Jul 10 01:12:55 UTC 2025","1123","tests.admin_panel.products","test_42_update_product_brand","","","","test_update_product_brand_invalid_payload[payload5-422]","Негативный тест: обновление бренда с невалидным или неполным телом запроса."
"passed","Thu Jul 10 01:12:44 UTC 2025","Thu Jul 10 01:12:45 UTC 2025","580","tests.admin_panel.products","test_42_update_product_brand","","","","test_update_product_brand_invalid_id[0]","Негативный тест: несуществующий или некорректный ID."
"skipped","Thu Jul 10 01:12:14 UTC 2025","Thu Jul 10 01:12:14 UTC 2025","0","tests.account","test_0_marathon","","","","test_create_product_brand_invalid_payload[params5-400-partner]",""
"passed","Thu Jul 10 01:13:27 UTC 2025","Thu Jul 10 01:13:27 UTC 2025","140","tests.auth","test_02_login","","","","test_client_login[client-1398--401]",""
"passed","Thu Jul 10 01:14:22 UTC 2025","Thu Jul 10 01:14:22 UTC 2025","137","tests.delivery","test_03_delete_delivery_address","","","","test_delete_delivery_address_invalid_id[None-partner]","Негативные тесты: удаление адреса с некорректным ID"
"passed","Thu Jul 10 01:14:16 UTC 2025","Thu Jul 10 01:14:16 UTC 2025","141","tests.tickets","test_01_get_tickets","","","","test_get_tickets_success[filter0-sort0-search0-pagination0-client]","Позитивный тест: получение списка тикетов с разными комбинациями параметров"
"skipped","Thu Jul 10 01:12:16 UTC 2025","Thu Jul 10 01:12:16 UTC 2025","0","tests.account","test_pass_recovery","","","","test_pass_recovery_positive[payload1]","Позитивные тесты на восстановление пароля"
"passed","Thu Jul 10 01:13:14 UTC 2025","Thu Jul 10 01:13:14 UTC 2025","588","tests.admin_panel.sliders","test_53_get_sliders_by_id","","","","test_get_sliders_invalid_id[None]","Негативный тест: получение слайдера по невалидному ID"
"passed","Thu Jul 10 01:15:35 UTC 2025","Thu Jul 10 01:15:35 UTC 2025","148","tests.tickets","test_01_get_tickets","","","","test_get_tickets_success[filter2-sort1-search2-pagination1-admin]","Позитивный тест: получение списка тикетов с разными комбинациями параметров"
"skipped","Thu Jul 10 01:12:16 UTC 2025","Thu Jul 10 01:12:16 UTC 2025","0","tests.account","test_get_languages","","","","test_get_languages_success[partner-unknown-400]","Возвращает список языков, доступных для перевода"
"passed","Thu Jul 10 01:14:48 UTC 2025","Thu Jul 10 01:14:48 UTC 2025","145","tests.tickets","test_01_get_tickets","","","","test_get_tickets_success[filter0-sort1-search2-pagination1-admin]","Позитивный тест: получение списка тикетов с разными комбинациями параметров"
"passed","Thu Jul 10 01:12:39 UTC 2025","Thu Jul 10 01:12:40 UTC 2025","1130","tests.admin_panel.categories","test_57_v2_update_category","","","","test_v2_update_category_invalid_payload[payload4-422]","Негативный тест: обновление категории с невалидным или неполным телом запроса."
"skipped","Thu Jul 10 01:12:16 UTC 2025","Thu Jul 10 01:12:16 UTC 2025","0","tests.account","test_token","","","","test_add_token_positive[client-payload0]","Позитивные тесты на добавление токена"
"passed","Thu Jul 10 01:14:13 UTC 2025","Thu Jul 10 01:14:13 UTC 2025","425","tests.temporary","test_get_account_exist","","","","test_account_exist[0-400]",""
"passed","Thu Jul 10 01:12:37 UTC 2025","Thu Jul 10 01:12:38 UTC 2025","417","tests.admin_panel.products","test_39_get_product_brands","","","","test_get_product_brands_unauthorized","Негативный тест: получение брендов без авторизации."
"skipped","Thu Jul 10 01:12:16 UTC 2025","Thu Jul 10 01:12:16 UTC 2025","0","tests.account","test_history_group_volumes","","","","test_get_group_volumes_history_positive[partner-payload1]","Позитивные тесты на получение истории начисления групповых объемов"
"skipped","Thu Jul 10 01:12:16 UTC 2025","Thu Jul 10 01:12:16 UTC 2025","0","tests.account","test_funds_transfer_send","","","","test_send_funds_transfer_positive[partner-payload1]","Позитивные тесты на перевод/вывод средств по visibleId"
"passed","Thu Jul 10 01:13:13 UTC 2025","Thu Jul 10 01:13:14 UTC 2025","560","tests.admin_panel.sliders","test_53_get_sliders_by_id","","","","test_get_sliders_invalid_id[0]","Негативный тест: получение слайдера по невалидному ID"
"skipped","Thu Jul 10 01:12:16 UTC 2025","Thu Jul 10 01:12:16 UTC 2025","0","tests.account","test_history_personal_volumes_admin","","","","test_get_personal_volumes_history_admin_positive[partner-payload1]","Позитивные тесты на получение истории начисления личных объемов для админа"
"passed","Thu Jul 10 01:15:54 UTC 2025","Thu Jul 10 01:15:56 UTC 2025","1084","tests.tickets","test_04_create_ticket","","","","test_create_ticket_success[partner-attachments2-QuestionsAboutPaymentsToIP]","Позитивный тест: создание тикета с разными темами и вложениями для клиента, партнера и админа"
"passed","Thu Jul 10 01:12:30 UTC 2025","Thu Jul 10 01:12:32 UTC 2025","1184","tests.admin_panel.categories","test_57_v2_update_category","","","","test_v2_update_category_forbidden[partner]","Негативный тест: попытка обновления категории не-админом."
"passed","Thu Jul 10 01:15:28 UTC 2025","Thu Jul 10 01:15:28 UTC 2025","145","tests.tickets","test_01_get_tickets","","","","test_get_tickets_success[filter2-sort1-search1-pagination1-client]","Позитивный тест: получение списка тикетов с разными комбинациями параметров"
"passed","Thu Jul 10 01:13:15 UTC 2025","Thu Jul 10 01:13:16 UTC 2025","986","tests.admin_panel.slides","test_57_create_slide","","","","test_create_slide_success","Позитивный тест: успешное создание слайда (все поля)."
"passed","Thu Jul 10 01:12:45 UTC 2025","Thu Jul 10 01:12:48 UTC 2025","3072","tests.admin_panel.products","test_40_create_product_brand","","","","test_create_product_brand_invalid_payload[payload12-expected_codes12]","Негативные кейсы: невалидные поля при создании бренда."
"skipped","Thu Jul 10 01:12:28 UTC 2025","Thu Jul 10 01:12:28 UTC 2025","0","tests.admin_panel.products","test_01_delete_product_group","","","","test_delete_product_group_invalid_id[-1]","Негативный тест: удаление несуществующей или некорректной продукт группы."
"passed","Thu Jul 10 01:13:06 UTC 2025","Thu Jul 10 01:13:09 UTC 2025","2818","tests.admin_panel.categories","test_50_upload_category_images","","","","test_upload_category_images_file_too_large[5.3-fields_to_send7-400]","Негативный тест: загрузка слишком большого изображения."
"passed","Thu Jul 10 01:14:36 UTC 2025","Thu Jul 10 01:14:36 UTC 2025","133","tests.tickets","test_11_update_message","","","","test_update_nonexistent_message[client]","Негативный тест: попытка редактирования несуществующего сообщения"
"passed","Thu Jul 10 01:13:04 UTC 2025","Thu Jul 10 01:13:05 UTC 2025","573","tests.admin_panel.promo","test_75_delete_promotion_by_id","","","","test_delete_promotion_invalid_id[abc]","Негативный тест: удаление несуществующей или некорректной акции."
"passed","Thu Jul 10 01:14:52 UTC 2025","Thu Jul 10 01:14:53 UTC 2025","1244","tests.tickets","test_04_create_ticket","","","","test_create_ticket_success[client-attachments1-ReceivingDefectiveProducts]","Позитивный тест: создание тикета с разными темами и вложениями для клиента, партнера и админа"
"passed","Thu Jul 10 01:13:20 UTC 2025","Thu Jul 10 01:13:20 UTC 2025","571","tests.admin_panel.slides","test_60_delete_slides","","","","test_delete_slide_invalid_id[-1]","Негативный тест: удаление несуществующего или некорректного слайда."
"passed","Thu Jul 10 01:12:47 UTC 2025","Thu Jul 10 01:12:48 UTC 2025","577","tests.admin_panel.categories","test_80_create_category_translation","","","","test_create_category_translation_invalid_payload[payload6-422]","Негативный тест: создание перевода с невалидным payload."
"passed","Thu Jul 10 01:12:30 UTC 2025","Thu Jul 10 01:12:31 UTC 2025","581","tests.admin_panel.categories","test_79_get_category_translation","","","","test_get_category_translation_invalid_id[-1]",""
"passed","Thu Jul 10 01:12:52 UTC 2025","Thu Jul 10 01:12:53 UTC 2025","1126","tests.admin_panel.products","test_44_upload_product_brand_images","","","","test_upload_product_brand_images_formats[invalid.exe-application/octet-stream-400]","Проверка загрузки изображений бренда в разных форматах: негативные и позитивные кейсы."
"passed","Thu Jul 10 01:13:30 UTC 2025","Thu Jul 10 01:13:31 UTC 2025","1181","tests.admin_panel.sliders","test_54_update_slider","","","","test_update_slider_invalid_payload[payload9-400]","Негативный тест: обновление слайдера с невалидным или неполным телом запроса."
"passed","Thu Jul 10 01:14:10 UTC 2025","Thu Jul 10 01:14:10 UTC 2025","135","tests.register","test_03_register_client","","","","test_register_client_positive[admin-403]","Тест: позитивные тесты для регистрации клиента вручную"
"passed","Thu Jul 10 01:14:44 UTC 2025","Thu Jul 10 01:14:44 UTC 2025","566","tests.tickets","test_12_delete_message","","","","test_delete_ticket_message_negative[999999-400]","Негативные тесты: удаление с некорректными данными"
"passed","Thu Jul 10 01:16:38 UTC 2025","Thu Jul 10 01:16:39 UTC 2025","1202","tests.tickets","test_04_create_ticket","","","","test_create_ticket_success[admin-attachments1-QuestionsAboutTheMarriageContract]","Позитивный тест: создание тикета с разными темами и вложениями для клиента, партнера и админа"
"passed","Thu Jul 10 01:13:14 UTC 2025","Thu Jul 10 01:13:15 UTC 2025","570","tests.admin_panel.promo","test_77_create_promotion_item","","","","test_create_promotion_item_invalid_ids[999999-1-404]",""
"passed","Thu Jul 10 01:12:21 UTC 2025","Thu Jul 10 01:12:22 UTC 2025","133","tests.account","test_0_top_partners_client_service_v2","","","","test_get_top_partners_client_service_v2_positive[partner]","Позитивные тесты на получение топ-партнеров по сумме ЛО клиентов"
"passed","Thu Jul 10 01:13:04 UTC 2025","Thu Jul 10 01:13:05 UTC 2025","577","tests.admin_panel.promo","test_78_delete_promotion_item","","","","test_delete_promotion_item_invalid_id[0-0]","Негативный тест: удаление элемента акции с невалидным ID продукта."
"passed","Thu Jul 10 01:12:16 UTC 2025","Thu Jul 10 01:12:17 UTC 2025","671","tests.PROJECT_FUND.initiatives","test_get_report_by_id","","","","test_get_report_by_invalid_id[0-https://dev.ewahelps.com/api]","Негативный тест: невалидный или несуществующий path-параметр"
"passed","Thu Jul 10 01:14:22 UTC 2025","Thu Jul 10 01:14:23 UTC 2025","546","tests.tickets","test_04_create_ticket","","","","test_create_ticket_success[client-attachments0-QuestionsAboutInternationalDelivery]","Позитивный тест: создание тикета с разными темами и вложениями для клиента, партнера и админа"
"passed","Thu Jul 10 01:14:40 UTC 2025","Thu Jul 10 01:14:40 UTC 2025","139","tests.tickets","test_01_get_tickets","","","","test_get_tickets_success[filter0-sort1-search0-pagination1-admin]","Позитивный тест: получение списка тикетов с разными комбинациями параметров"
"passed","Thu Jul 10 01:13:41 UTC 2025","Thu Jul 10 01:13:41 UTC 2025","566","tests.admin_panel.slides","test_57_create_slide","","","","test_create_slide_invalid_payload[payload17-422]","Негативные тесты: некорректные и неполные payload'ы."
"skipped","Thu Jul 10 01:13:41 UTC 2025","Thu Jul 10 01:13:42 UTC 2025","417","tests.cart","test_user_locale","","","","test_update_user_locale_valid_payload[payload1]","
    Позитивный и чтест: Обновление языка/склада/локали НЕавторизованным пользователем."
"passed","Thu Jul 10 01:13:51 UTC 2025","Thu Jul 10 01:13:51 UTC 2025","187","tests.cart","test_get_delivery_cost","","","","test_get_delivery_cost_success_partial_payload[partner-payload4-400]","Позитивный тест: успешное получение ТК при неполном наборе (город без региона, без ID и т.п.)"
"passed","Thu Jul 10 01:13:09 UTC 2025","Thu Jul 10 01:13:14 UTC 2025","5456","tests.admin_panel.promo","test_77_create_promotion_item","","","","test_create_promotion_item_invalid_ids[None-1-404]",""
"passed","Thu Jul 10 01:13:24 UTC 2025","Thu Jul 10 01:13:24 UTC 2025","427","tests.auth","test_01_check_version","","","","test_check_version[Frontend-2.9.9-200]","Тест проверяет API /check_version для разных платформ и версий."
"skipped","Thu Jul 10 01:13:57 UTC 2025","Thu Jul 10 01:13:57 UTC 2025","0","tests.orders","test_create_order_by_delivery_address","","","","test_create_order_permissions[authorize_partner-authorize_client-404]","Тест: проверка прав доступа при создании заказа по сохраненному адресу"
"skipped","Thu Jul 10 01:12:28 UTC 2025","Thu Jul 10 01:12:28 UTC 2025","0","tests.admin_panel.products","test_01_create_product_group","","","","test_create_product_group_invalid_payload[payload1-400]",""
"passed","Thu Jul 10 01:13:44 UTC 2025","Thu Jul 10 01:13:45 UTC 2025","998","tests.admin_panel.slides","test_57_create_slide","","","","test_create_slide_title_color_validation[#ffffff-201]","Валидация поля title_color при создании слайда."
"passed","Thu Jul 10 01:15:47 UTC 2025","Thu Jul 10 01:15:47 UTC 2025","431","tests.tickets","test_01_get_tickets","","","","test_get_tickets_unauthorized","Негативный тест: запрос без авторизации"
"skipped","Thu Jul 10 01:13:33 UTC 2025","Thu Jul 10 01:13:33 UTC 2025","134","tests.cart","test_user_locale","","","","test_update_user_locale_valid_payload_1[client-payload5]","
    Позитивный тест: Обновление языка/склада/локали авторизованным пользователем."
"passed","Thu Jul 10 01:12:23 UTC 2025","Thu Jul 10 01:12:24 UTC 2025","1148","tests.admin_panel.categories","test_48_update_category","","","","test_update_category_forbidden[client]","Негативный тест: попытка обновления категории не-админом."
"passed","Thu Jul 10 01:12:28 UTC 2025","Thu Jul 10 01:12:28 UTC 2025","576","tests.admin_panel.categories","test_56_v2_create_category","","","","test_v2_create_category_invalid_payload[payload4-422]","Негативный тест: создание категории с невалидным телом запроса."
"passed","Thu Jul 10 01:14:08 UTC 2025","Thu Jul 10 01:14:09 UTC 2025","136","tests.statistic","test_team_activations","","","","test_get_team_activation_statistic_positive[payload1-client]","Позитивный тест: получение статистики по активации команды с валидным телом запроса"
"passed","Thu Jul 10 01:12:53 UTC 2025","Thu Jul 10 01:12:54 UTC 2025","1401","tests.admin_panel.promo","test_77_create_promotion_item","","","","test_create_promotion_item_success","Позитивный тест: создание/обновление элемента акции"
"skipped","Thu Jul 10 01:12:28 UTC 2025","Thu Jul 10 01:12:28 UTC 2025","0","tests.admin_panel.products","test_01_create_product_group","","","","test_create_duplicate_product_group_should_fail","Негативный тест: попытка создать идентичные продукт группы"
"passed","Thu Jul 10 01:13:38 UTC 2025","Thu Jul 10 01:13:39 UTC 2025","558","tests.admin_panel.slides","test_57_create_slide","","","","test_create_slide_invalid_payload[payload12-400]","Негативные тесты: некорректные и неполные payload'ы."
"passed","Thu Jul 10 01:12:22 UTC 2025","Thu Jul 10 01:12:22 UTC 2025","133","tests.admin_panel.categories","test_56_v2_create_category","","","","test_v2_create_category_forbidden[client]","Негативный тест: создание категории не-админом запрещено."
"passed","Thu Jul 10 01:14:18 UTC 2025","Thu Jul 10 01:14:19 UTC 2025","142","tests.statistic","test_team_registrations","","","","test_get_team_registration_statistic_positive[payload3-partner]","Позитивный тест: получение статистики по регистрации команды с валидным телом запроса"
"passed","Thu Jul 10 01:12:34 UTC 2025","Thu Jul 10 01:12:35 UTC 2025","795","tests.admin_panel.categories","test_81_delete_category_translation","","","","test_delete_category_translation_invalid_id[9999999]","Негативный тест: удаление перевода с невалидным ID категории."
"passed","Thu Jul 10 01:13:11 UTC 2025","Thu Jul 10 01:13:12 UTC 2025","600","tests.admin_panel.sliders","test_55_delete_sliders","","","","test_delete_slider_invalid_id[9999999]","Негативный тест: удаление несуществующего или некорректного слайдера."
"passed","Thu Jul 10 01:14:16 UTC 2025","Thu Jul 10 01:14:16 UTC 2025","134","tests.delivery","test_03_delete_delivery_address","","","","test_delete_delivery_address_invalid_id[abc-admin]","Негативные тесты: удаление адреса с некорректным ID"
"passed","Thu Jul 10 01:13:08 UTC 2025","Thu Jul 10 01:13:10 UTC 2025","1346","tests.admin_panel.promo","test_74_update_promotion","","","","test_update_promotion_invalid_payload[payload3-400]","Негативный тест: обновление акции с невалидным или неполным телом запроса."
"passed","Thu Jul 10 01:14:25 UTC 2025","Thu Jul 10 01:14:25 UTC 2025","681","tests.tickets","test_07_delete_ticket","","","","test_delete_ticket_not_admin[client]","Негативный тест: попытка удаления тикета клиентом, партнёром"
"passed","Thu Jul 10 01:14:30 UTC 2025","Thu Jul 10 01:14:30 UTC 2025","145","tests.tickets","test_01_get_tickets","","","","test_get_tickets_success[filter0-sort0-search2-pagination1-client]","Позитивный тест: получение списка тикетов с разными комбинациями параметров"
"passed","Thu Jul 10 01:15:20 UTC 2025","Thu Jul 10 01:15:20 UTC 2025","152","tests.tickets","test_01_get_tickets","","","","test_get_tickets_success[filter2-sort0-search2-pagination0-admin]","Позитивный тест: получение списка тикетов с разными комбинациями параметров"
"passed","Thu Jul 10 01:12:33 UTC 2025","Thu Jul 10 01:12:36 UTC 2025","3194","tests.admin_panel.products","test_39_get_product_brands","","","","test_get_product_brands_success","Позитивный тест: успешное получение списка брендов админом."
"passed","Thu Jul 10 01:17:15 UTC 2025","Thu Jul 10 01:17:16 UTC 2025","551","tests.tickets","test_04_create_ticket","","","","test_create_ticket_invalid_request_type[admin--200]","Негативный тест: попытка создания тикета с неверным типом request_type"
"passed","Thu Jul 10 01:13:09 UTC 2025","Thu Jul 10 01:13:10 UTC 2025","1172","tests.admin_panel.sliders","test_54_update_slider","","","","test_update_slider_success","Позитивный тест: успешное обновление слайдера (все поля)."
"passed","Thu Jul 10 01:12:24 UTC 2025","Thu Jul 10 01:12:26 UTC 2025","1741","tests.admin_panel.categories","test_50_upload_category_images","","","","test_upload_only_single_image_field_should_not_fill_others[icon-test_png.png-image/png-icon]","Проверка: загрузка только одного из полей (icon, image, image_site) не должна заполнять другие."
"passed","Thu Jul 10 01:13:26 UTC 2025","Thu Jul 10 01:13:27 UTC 2025","414","tests.admin_panel.slides","test_58_get_slides_by_id","","","","test_get_slides_unauthorized","Негативный тест: попытка получения слайда без авторизации."
"skipped","Thu Jul 10 01:12:16 UTC 2025","Thu Jul 10 01:12:16 UTC 2025","0","tests.account","test_token_revoke","","","","test_revoke_token_positive[partner-payload0]","Позитивные тесты на удаление токена"
"passed","Thu Jul 10 01:16:33 UTC 2025","Thu Jul 10 01:16:34 UTC 2025","1195","tests.tickets","test_04_create_ticket","","","","test_create_ticket_success[admin-attachments1-QuestionsAboutInternationalDelivery]","Позитивный тест: создание тикета с разными темами и вложениями для клиента, партнера и админа"
"passed","Thu Jul 10 01:12:40 UTC 2025","Thu Jul 10 01:12:41 UTC 2025","1183","tests.admin_panel.categories","test_50_upload_category_images","","","","test_upload_category_images_invalid_format[valid.jpg-image/jpeg-204]","Негативный тест: загрузка изображений в неверном формате (например, .txt)."
"passed","Thu Jul 10 01:14:00 UTC 2025","Thu Jul 10 01:14:00 UTC 2025","134","tests.orders","test_create_order_by_delivery_address","","","","test_create_order_invalid_data[invalid_payload1-partner]","Негативные тесты: создание заказа с некорректными данными"
"skipped","Thu Jul 10 01:13:43 UTC 2025","Thu Jul 10 01:13:43 UTC 2025","446","tests.cart","test_user_locale","","","","test_update_user_locale_valid_payload[payload4]","
    Позитивный и чтест: Обновление языка/склада/локали НЕавторизованным пользователем."
"skipped","Thu Jul 10 01:17:19 UTC 2025","Thu Jul 10 01:17:19 UTC 2025","0","tests.tickets","test_04_create_ticket","","","","test_create_ticket_invalid_title[partner-None]","Негативный тест: создание тикета без заголовка"
"passed","Thu Jul 10 01:13:28 UTC 2025","Thu Jul 10 01:13:28 UTC 2025","142","tests.auth","test_05_logout","","","","test_logout_success[client]","Тест разлогинивания с валидным токеном (клиент, партнёр, админ)"
"passed","Thu Jul 10 01:12:41 UTC 2025","Thu Jul 10 01:12:42 UTC 2025","1211","tests.admin_panel.categories","test_50_upload_category_images","","","","test_upload_category_images_invalid_format[valid.webp-image/webp-204]","Негативный тест: загрузка изображений в неверном формате (например, .txt)."
"skipped","Thu Jul 10 01:12:16 UTC 2025","Thu Jul 10 01:12:17 UTC 2025","621","tests.admin_panel","test_delete_user","","","","test_delete_user[authorize_partner-authorize_admin]","Удаление клиента/ партнера админом"
"passed","Thu Jul 10 01:12:47 UTC 2025","Thu Jul 10 01:12:48 UTC 2025","1104","tests.admin_panel.products","test_43_delete_product_brand","","","","test_delete_product_brand_forbidden[partner]","Негативный тест: попытка удаления бренда не-админом."
"skipped","Thu Jul 10 01:12:16 UTC 2025","Thu Jul 10 01:12:16 UTC 2025","0","tests.account","test_history_personal_volumes","","","","test_get_personal_volumes_history_positive[client-payload1]","Позитивные тесты на получение истории начисления личных объемов"
"passed","Thu Jul 10 01:14:11 UTC 2025","Thu Jul 10 01:14:12 UTC 2025","140","tests.statistic","test_team_activations","","","","test_get_team_activation_statistic_positive[payload2-admin]","Позитивный тест: получение статистики по активации команды с валидным телом запроса"
"passed","Thu Jul 10 01:12:43 UTC 2025","Thu Jul 10 01:12:44 UTC 2025","411","tests.admin_panel.products","test_43_delete_product_brand","","","","test_delete_product_brand_unauthorized","Негативный тест: попытка удаления бренда без авторизации."
"passed","Thu Jul 10 01:15:16 UTC 2025","Thu Jul 10 01:15:17 UTC 2025","570","tests.tickets","test_04_create_ticket","","","","test_create_ticket_success[partner-attachments0-QuestionsAboutPaymentsToIP]","Позитивный тест: создание тикета с разными темами и вложениями для клиента, партнера и админа"
"passed","Thu Jul 10 01:13:08 UTC 2025","Thu Jul 10 01:13:10 UTC 2025","1281","tests.admin_panel.sliders","test_53_get_sliders_by_id","","","","test_get_sliders_by_id_forbidden[partner]","Негативный тест: получение слайдера по ID не-админом запрещено"
"passed","Thu Jul 10 01:14:35 UTC 2025","Thu Jul 10 01:14:35 UTC 2025","133","tests.statistic","test_team_go","","","","test_get_team_go_statistic_negative[payload5-partner]","Негативный тест: ошибка при получении статистики по команде с невалидным телом запроса"
"passed","Thu Jul 10 01:13:45 UTC 2025","Thu Jul 10 01:13:46 UTC 2025","1028","tests.admin_panel.slides","test_57_create_slide","","","","test_create_slide_title_color_validation[#ABCDEF-201]","Валидация поля title_color при создании слайда."
"passed","Thu Jul 10 01:12:41 UTC 2025","Thu Jul 10 01:12:42 UTC 2025","567","tests.admin_panel.products","test_40_create_product_brand","","","","test_create_product_brand_invalid_payload[payload5-expected_codes5]","Негативные кейсы: невалидные поля при создании бренда."
"passed","Thu Jul 10 01:13:07 UTC 2025","Thu Jul 10 01:13:08 UTC 2025","1151","tests.admin_panel.sliders","test_53_get_sliders_by_id","","","","test_get_sliders_by_id_forbidden[client]","Негативный тест: получение слайдера по ID не-админом запрещено"
"skipped","Thu Jul 10 01:14:28 UTC 2025","Thu Jul 10 01:14:29 UTC 2025","575","tests.tickets","test_09_get_ticket_messages","","","","test_get_ticket_messages_invalid_id_format[abc]","Негативный тест: запрос с некорректным ID (строка, спецсимволы, пустое значение)"
"passed","Thu Jul 10 01:14:58 UTC 2025","Thu Jul 10 01:14:58 UTC 2025","141","tests.tickets","test_01_get_tickets","","","","test_get_tickets_success[filter1-sort0-search2-pagination1-partner]","Позитивный тест: получение списка тикетов с разными комбинациями параметров"
"passed","Thu Jul 10 01:13:25 UTC 2025","Thu Jul 10 01:13:25 UTC 2025","571","tests.admin_panel.slides","test_57_create_slide","","","","test_create_slide_invalid_payload[payload4-expected_code4]","Негативные тесты: некорректные и неполные payload'ы."
"passed","Thu Jul 10 01:13:56 UTC 2025","Thu Jul 10 01:13:56 UTC 2025","576","tests.catalog","test_get_admin_product_translation","","","","test_get_admin_product_translation_invalid_id[0]",""
"skipped","Thu Jul 10 01:12:16 UTC 2025","Thu Jul 10 01:12:16 UTC 2025","0","tests.account","test_history_admin","","","","test_get_admin_history_positive[client-payload0]","Позитивные тесты на получение истории бонусов для админа"
"skipped","Thu Jul 10 01:14:44 UTC 2025","Thu Jul 10 01:14:45 UTC 2025","853","tests.tickets","test_10_send_message_to_ticket","","","","test_send_message_validation[message_payload1-400]","Проверка валидации входных данных при отправке сообщений"
"passed","Thu Jul 10 01:13:57 UTC 2025","Thu Jul 10 01:13:57 UTC 2025","161","tests.cart","test_get_delivery_cost","","","","test_get_delivery_cost_success_partial_payload[admin-payload0-400]","Позитивный тест: успешное получение ТК при неполном наборе (город без региона, без ID и т.п.)"
"passed","Thu Jul 10 01:14:10 UTC 2025","Thu Jul 10 01:14:11 UTC 2025","529","tests.statistic","test_team_registrations","","","","test_get_team_registration_statistic_positive[payload0-partner]","Позитивный тест: получение статистики по регистрации команды с валидным телом запроса"
"passed","Thu Jul 10 01:14:11 UTC 2025","Thu Jul 10 01:14:12 UTC 2025","431","tests.catalog","test_create_admin_product_translation","","","","test_create_admin_product_translation_unauthorized",""
"passed","Thu Jul 10 01:12:16 UTC 2025","Thu Jul 10 01:12:16 UTC 2025","143","tests.account","test_0_grades_rating","","","","test_get_grades_rating_positive[admin]","Позитивные тесты на получение рейтинга квалификаций"
"passed","Thu Jul 10 01:14:41 UTC 2025","Thu Jul 10 01:14:41 UTC 2025","139","tests.statistic","test_team_registrations","","","","test_get_team_registration_statistic_negative[payload6-partner]","Негативный тест: ошибка при получении статистики регистрации команды с невалидным телом запроса"
"skipped","Thu Jul 10 01:12:16 UTC 2025","Thu Jul 10 01:12:16 UTC 2025","0","tests.account","test_update_default_stock","","","","test_update_default_stock_positive[admin-payload1]","Позитивные тесты на изменение дефолтного склада"
"passed","Thu Jul 10 01:14:40 UTC 2025","Thu Jul 10 01:14:41 UTC 2025","1200","tests.tickets","test_04_create_ticket","","","","test_create_ticket_success[client-attachments1-QuestionsAboutProducts]","Позитивный тест: создание тикета с разными темами и вложениями для клиента, партнера и админа"
"passed","Thu Jul 10 01:14:28 UTC 2025","Thu Jul 10 01:14:28 UTC 2025","435","tests.tickets","test_09_get_ticket_messages","","","","test_get_ticket_messages_no_auth","Негативный тест: запрос без токена (отсутствие авторизации)"
"skipped","Thu Jul 10 01:12:16 UTC 2025","Thu Jul 10 01:12:16 UTC 2025","0","tests.account","test_pass_recovery","","","","test_pass_recovery_positive[payload0]","Позитивные тесты на восстановление пароля"
"skipped","Thu Jul 10 01:12:28 UTC 2025","Thu Jul 10 01:12:28 UTC 2025","0","tests.admin_panel.products","test_01_delete_product_group","","","","test_delete_product_group_forbidden[partner]","Негативный тест: попытка удаления продукт группы не-админом."
"skipped","Thu Jul 10 01:14:00 UTC 2025","Thu Jul 10 01:14:00 UTC 2025","0","tests.orders","test_orders_v2_pay","","","","test_orders_v2_pay_invalid_data[invalid_payload3-400]","Негативный тест: отправка некорректных данных"
"passed","Thu Jul 10 01:14:31 UTC 2025","Thu Jul 10 01:14:31 UTC 2025","139","tests.statistic","test_team_go","","","","test_get_team_go_statistic_negative[payload3-partner]","Негативный тест: ошибка при получении статистики по команде с невалидным телом запроса"
"skipped","Thu Jul 10 01:12:16 UTC 2025","Thu Jul 10 01:12:16 UTC 2025","0","tests.account","test_history_personal_volumes","","","","test_get_personal_volumes_history_positive[admin-payload0]","Позитивные тесты на получение истории начисления личных объемов"
"passed","Thu Jul 10 01:12:23 UTC 2025","Thu Jul 10 01:12:23 UTC 2025","603","tests.admin_panel.categories","test_46_create_category","","","","test_create_category_invalid_payload[payload2-expected_code2]","Негативные тесты: проверка различных некорректных payload'ов."
"passed","Thu Jul 10 01:12:26 UTC 2025","Thu Jul 10 01:12:28 UTC 2025","1711","tests.admin_panel.categories","test_80_create_category_translation","","","","test_create_category_translation_success[kk]","Позитивный тест: создание/обновление перевода категории для разных языков."
"passed","Thu Jul 10 01:14:32 UTC 2025","Thu Jul 10 01:14:32 UTC 2025","135","tests.statistic","test_team_go","","","","test_get_team_go_statistic_negative[payload3-admin]","Негативный тест: ошибка при получении статистики по команде с невалидным телом запроса"
"passed","Thu Jul 10 01:13:19 UTC 2025","Thu Jul 10 01:13:21 UTC 2025","1153","tests.admin_panel.sliders","test_54_update_slider","","","","test_update_slider_invalid_payload[payload0-expected_code0]","Негативный тест: обновление слайдера с невалидным или неполным телом запроса."
"passed","Thu Jul 10 01:13:50 UTC 2025","Thu Jul 10 01:13:51 UTC 2025","1009","tests.delivery","test_02_get_delivery_address","","","","test_get_delivery_addresses_permissions[client]","Тест: проверка получения адресов"
"passed","Thu Jul 10 01:12:55 UTC 2025","Thu Jul 10 01:12:58 UTC 2025","3402","tests.admin_panel.categories","test_50_upload_category_images","","","","test_upload_category_images_file_too_large[4.7-fields_to_send4-204]","Негативный тест: загрузка слишком большого изображения."
"passed","Thu Jul 10 01:14:16 UTC 2025","Thu Jul 10 01:14:16 UTC 2025","148","tests.statistic","test_team_registrations","","","","test_get_team_registration_statistic_positive[payload2-client]","Позитивный тест: получение статистики по регистрации команды с валидным телом запроса"
"passed","Thu Jul 10 01:13:55 UTC 2025","Thu Jul 10 01:13:56 UTC 2025","691","tests.catalog","test_get_admin_product_translation","","","","test_get_admin_product_translation_invalid_id[-1]",""
"passed","Thu Jul 10 01:14:22 UTC 2025","Thu Jul 10 01:14:23 UTC 2025","136","tests.cart","test_get_delivery_cost","","","","test_get_delivery_cost_invalid_payload[admin-payload6]","Негативный тест: некорректные входные данные"
"passed","Thu Jul 10 01:13:00 UTC 2025","Thu Jul 10 01:13:01 UTC 2025","1051","tests.admin_panel.sliders","test_52_create_slider","","","","test_create_slider_success","Позитивный тест: успешное создание слайдера (все поля)."
"passed","Thu Jul 10 01:13:29 UTC 2025","Thu Jul 10 01:13:29 UTC 2025","136","tests.admin_panel.slides","test_62_slides_update_video_url","","","","test_update_video_url_forbidden[partner]","Негативный тест: не-админ не может обновить ссылку на мастер-файл"
"skipped","Thu Jul 10 01:14:28 UTC 2025","Thu Jul 10 01:14:28 UTC 2025","133","tests.statistic","test_team_go","","","","test_get_team_go_statistic_negative[payload1-partner]","Негативный тест: ошибка при получении статистики по команде с невалидным телом запроса"
"passed","Thu Jul 10 01:12:52 UTC 2025","Thu Jul 10 01:12:52 UTC 2025","417","tests.admin_panel.promo","test_75_delete_promotion_by_id","","","","test_delete_promotion_unauthorized","Негативный тест: попытка удаления акции без авторизации."
"skipped","Thu Jul 10 01:12:16 UTC 2025","Thu Jul 10 01:12:16 UTC 2025","0","tests.account","test_history_personal_volumes_admin","","","","test_get_personal_volumes_history_admin_positive[partner-payload0]","Позитивные тесты на получение истории начисления личных объемов для админа"
"passed","Thu Jul 10 01:14:18 UTC 2025","Thu Jul 10 01:14:18 UTC 2025","133","tests.delivery","test_01_save_delivery_address","","","","test_save_delivery_address_negative[partner-payload3-400]","Негативные тесты на сохранение адреса доставки (отсутствие обязательных полей, некорректные данные)"
"passed","Thu Jul 10 01:15:19 UTC 2025","Thu Jul 10 01:15:20 UTC 2025","561","tests.tickets","test_04_create_ticket","","","","test_create_ticket_success[partner-attachments0-QuestionsAboutInternationalDelivery]","Позитивный тест: создание тикета с разными темами и вложениями для клиента, партнера и админа"
"passed","Thu Jul 10 01:13:59 UTC 2025","Thu Jul 10 01:13:59 UTC 2025","162","tests.cart","test_get_delivery_cost","","","","test_get_delivery_cost_success_partial_payload[admin-payload2-400]","Позитивный тест: успешное получение ТК при неполном наборе (город без региона, без ID и т.п.)"
"passed","Thu Jul 10 01:15:17 UTC 2025","Thu Jul 10 01:15:18 UTC 2025","149","tests.tickets","test_01_get_tickets","","","","test_get_tickets_success[filter2-sort0-search1-pagination1-partner]","Позитивный тест: получение списка тикетов с разными комбинациями параметров"
"passed","Thu Jul 10 01:14:37 UTC 2025","Thu Jul 10 01:14:37 UTC 2025","146","tests.tickets","test_01_get_tickets","","","","test_get_tickets_success[filter0-sort1-search0-pagination0-partner]","Позитивный тест: получение списка тикетов с разными комбинациями параметров"
"passed","Thu Jul 10 01:12:50 UTC 2025","Thu Jul 10 01:12:52 UTC 2025","1131","tests.admin_panel.products","test_44_upload_product_brand_images","","","","test_upload_product_brand_images_formats[invalid.docx-application/vnd.openxmlformats-officedocument.wordprocessingml.document-400]","Проверка загрузки изображений бренда в разных форматах: негативные и позитивные кейсы."
"skipped","Thu Jul 10 01:12:14 UTC 2025","Thu Jul 10 01:12:14 UTC 2025","0","tests.account","test_0_marathon","","","","test_create_product_brand_invalid_payload[params3-400-client]",""
"passed","Thu Jul 10 01:13:50 UTC 2025","Thu Jul 10 01:13:51 UTC 2025","1144","tests.admin_panel.slides","test_59_update_slide","","","","test_update_slide_invalid_payload[payload16-422]","Негативный тест: обновление слайда с невалидным или неполным телом запроса."
"skipped","Thu Jul 10 01:12:14 UTC 2025","Thu Jul 10 01:12:14 UTC 2025","0","tests.account","test_0_marathon","","","","test_create_product_brand_invalid_payload[params2-400-partner]",""
"skipped","Thu Jul 10 01:13:57 UTC 2025","Thu Jul 10 01:13:57 UTC 2025","0","tests.integration","test_auth_01_full_auth_cycle","","","","test_full_auth_flow[authorize_partner]","Сценарный тест: полный цикл авторизации и выхода"
"skipped","Thu Jul 10 01:12:28 UTC 2025","Thu Jul 10 01:12:28 UTC 2025","0","tests.admin_panel.products","test_01_delete_product_group","","","","test_delete_product_group_invalid_id[abc]","Негативный тест: удаление несуществующей или некорректной продукт группы."
"passed","Thu Jul 10 01:14:18 UTC 2025","Thu Jul 10 01:14:18 UTC 2025","143","tests.tickets","test_01_get_tickets","","","","test_get_tickets_success[filter0-sort0-search0-pagination1-client]","Позитивный тест: получение списка тикетов с разными комбинациями параметров"
"passed","Thu Jul 10 01:15:34 UTC 2025","Thu Jul 10 01:15:35 UTC 2025","1216","tests.tickets","test_04_create_ticket","","","","test_create_ticket_success[partner-attachments1-QuestionsAboutTheHousingAndCarProgram]","Позитивный тест: создание тикета с разными темами и вложениями для клиента, партнера и админа"
"passed","Thu Jul 10 01:15:03 UTC 2025","Thu Jul 10 01:15:03 UTC 2025","142","tests.tickets","test_01_get_tickets","","","","test_get_tickets_success[filter1-sort1-search0-pagination1-admin]","Позитивный тест: получение списка тикетов с разными комбинациями параметров"
"passed","Thu Jul 10 01:12:49 UTC 2025","Thu Jul 10 01:12:50 UTC 2025","1134","tests.admin_panel.products","test_44_upload_product_brand_images","","","","test_upload_product_brand_images_formats[invalid.pdf-application/pdf-400]","Проверка загрузки изображений бренда в разных форматах: негативные и позитивные кейсы."
"passed","Thu Jul 10 01:13:12 UTC 2025","Thu Jul 10 01:13:13 UTC 2025","567","tests.admin_panel.sliders","test_52_create_slider","","","","test_create_slider_invalid_payload[payload12-422]","Негативный тест: попытка создать слайдер с невалидным payload."
"passed","Thu Jul 10 01:12:46 UTC 2025","Thu Jul 10 01:12:46 UTC 2025","591","tests.admin_panel.products","test_42_update_product_brand","","","","test_update_product_brand_invalid_id[abc]","Негативный тест: несуществующий или некорректный ID."
"passed","Thu Jul 10 01:14:22 UTC 2025","Thu Jul 10 01:14:22 UTC 2025","133","tests.statistic","test_team_activations","","","","test_get_team_activation_statistic_negative[payload3-admin]","Негативный тест: ошибка при получении статистики активации команды с невалидным телом запроса"
"passed","Thu Jul 10 01:14:36 UTC 2025","Thu Jul 10 01:14:36 UTC 2025","136","tests.tickets","test_11_update_message","","","","test_update_nonexistent_message[partner]","Негативный тест: попытка редактирования несуществующего сообщения"
"passed","Thu Jul 10 01:12:43 UTC 2025","Thu Jul 10 01:12:45 UTC 2025","1185","tests.admin_panel.promo","test_72_create_promotion","","","","test_create_promotion_success","Позитивный тест: успешное создание акции (все поля)."
"passed","Thu Jul 10 01:12:55 UTC 2025","Thu Jul 10 01:12:56 UTC 2025","1261","tests.admin_panel.promo","test_77_create_promotion_item","","","","test_create_promotion_item_forbidden[client]","Негативный тест: создание элемента акции не-админом запрещено."
"passed","Thu Jul 10 01:14:21 UTC 2025","Thu Jul 10 01:14:21 UTC 2025","135","tests.cart","test_get_delivery_cost","","","","test_get_delivery_cost_invalid_payload[admin-payload3]","Негативный тест: некорректные входные данные"
"skipped","Thu Jul 10 01:12:16 UTC 2025","Thu Jul 10 01:12:16 UTC 2025","0","tests.account","test_history_admin","","","","test_get_admin_history_positive[admin-payload1]","Позитивные тесты на получение истории бонусов для админа"
"passed","Thu Jul 10 01:12:17 UTC 2025","Thu Jul 10 01:12:18 UTC 2025","427","tests.PROJECT_FUND.initiatives","test_get_reports","","","","test_get_reports_invalid_query_params[query1-https://dev.ewahelps.com/api]","Негативный тест: запрос с некорректными query-параметрами"
"passed","Thu Jul 10 01:14:25 UTC 2025","Thu Jul 10 01:14:26 UTC 2025","546","tests.tickets","test_04_create_ticket","","","","test_create_ticket_success[client-attachments0-QuestionsAboutTheMarriageContract]","Позитивный тест: создание тикета с разными темами и вложениями для клиента, партнера и админа"
"passed","Thu Jul 10 01:14:14 UTC 2025","Thu Jul 10 01:14:14 UTC 2025","133","tests.statistic","test_team_activations","","","","test_get_team_activation_statistic_negative[payload0-client]","Негативный тест: ошибка при получении статистики активации команды с невалидным телом запроса"
"passed","Thu Jul 10 01:15:43 UTC 2025","Thu Jul 10 01:15:43 UTC 2025","134","tests.tickets","test_01_get_tickets","","","","test_get_tickets_invalid_filter[invalid_filter0-400-client]","Негативный тест: передаем некорректные параметры фильтрации"
"passed","Thu Jul 10 01:14:02 UTC 2025","Thu Jul 10 01:14:03 UTC 2025","1313","tests.cart","test_get_delivery_cost","","","","test_get_delivery_cost_success_partial_payload[admin-payload3-200]","Позитивный тест: успешное получение ТК при неполном наборе (город без региона, без ID и т.п.)"
"passed","Thu Jul 10 01:12:48 UTC 2025","Thu Jul 10 01:12:49 UTC 2025","613","tests.admin_panel.promo","test_72_create_promotion","","","","test_create_promotion_invalid_data[payload6-400]","Негативные тесты: невалидные данные"
"passed","Thu Jul 10 01:13:54 UTC 2025","Thu Jul 10 01:13:54 UTC 2025","420","tests.catalog","test_update_admin_product","","","","test_update_admin_product_unauthorized",""
"passed","Thu Jul 10 01:13:01 UTC 2025","Thu Jul 10 01:13:01 UTC 2025","635","tests.admin_panel.promo","test_74_update_promotion","","","","test_update_promotion_invalid_id[9999999]","Негативный тест: несуществующий или некорректный ID."
"passed","Thu Jul 10 01:14:22 UTC 2025","Thu Jul 10 01:14:22 UTC 2025","133","tests.statistic","test_team_activations","","","","test_get_team_activation_statistic_negative[payload4-client]","Негативный тест: ошибка при получении статистики активации команды с невалидным телом запроса"
"passed","Thu Jul 10 01:13:19 UTC 2025","Thu Jul 10 01:13:20 UTC 2025","1340","tests.admin_panel.promo","test_74_update_promotion","","","","test_update_promotion_invalid_payload[payload11-422]","Негативный тест: обновление акции с невалидным или неполным телом запроса."
"passed","Thu Jul 10 01:12:25 UTC 2025","Thu Jul 10 01:12:26 UTC 2025","566","tests.admin_panel.categories","test_46_create_category","","","","test_create_category_invalid_payload[payload7-422]","Негативные тесты: проверка различных некорректных payload'ов."
"passed","Thu Jul 10 01:14:10 UTC 2025","Thu Jul 10 01:14:10 UTC 2025","136","tests.register","test_03_register_client","","","","test_register_client_positive[client-403]","Тест: позитивные тесты для регистрации клиента вручную"
"skipped","Thu Jul 10 01:12:16 UTC 2025","Thu Jul 10 01:12:16 UTC 2025","0","tests.account","test_family_agreement_create_three","","","","test_create_family_agreement_three_positive[partner-payload0]","Позитивные тесты на создание семейного соглашения при аннулировании второго партнера"
"passed","Thu Jul 10 01:12:52 UTC 2025","Thu Jul 10 01:12:52 UTC 2025","590","tests.admin_panel.products","test_43_delete_product_brand","","","","test_delete_product_brand_invalid_id[9999999]","Негативный тест: удаление несуществующего или некорректного бренда."
"passed","Thu Jul 10 01:12:30 UTC 2025","Thu Jul 10 01:12:31 UTC 2025","1160","tests.admin_panel.categories","test_50_upload_category_images","","","","test_upload_category_images_invalid_format[invalid.pdf-application/pdf-400]","Негативный тест: загрузка изображений в неверном формате (например, .txt)."
"passed","Thu Jul 10 01:15:06 UTC 2025","Thu Jul 10 01:15:06 UTC 2025","143","tests.tickets","test_01_get_tickets","","","","test_get_tickets_success[filter1-sort1-search1-pagination1-partner]","Позитивный тест: получение списка тикетов с разными комбинациями параметров"
"passed","Thu Jul 10 01:14:23 UTC 2025","Thu Jul 10 01:14:24 UTC 2025","139","tests.statistic","test_team_activations","","","","test_get_team_activation_statistic_negative[payload4-admin]","Негативный тест: ошибка при получении статистики активации команды с невалидным телом запроса"
"passed","Thu Jul 10 01:13:00 UTC 2025","Thu Jul 10 01:13:02 UTC 2025","2239","tests.admin_panel.products","test_44_upload_product_brand_images","","","","test_upload_product_brand_images_various_fields[5.3-fields_to_send1-400]","Негативный тест. Загрузка слишком большого изображения."
"passed","Thu Jul 10 01:13:35 UTC 2025","Thu Jul 10 01:13:36 UTC 2025","1194","tests.admin_panel.sliders","test_54_update_slider","","","","test_update_slider_invalid_payload[payload11-422]","Негативный тест: обновление слайдера с невалидным или неполным телом запроса."
"passed","Thu Jul 10 01:14:42 UTC 2025","Thu Jul 10 01:14:42 UTC 2025","150","tests.tickets","test_01_get_tickets","","","","test_get_tickets_success[filter0-sort1-search1-pagination0-admin]","Позитивный тест: получение списка тикетов с разными комбинациями параметров"
"passed","Thu Jul 10 01:14:25 UTC 2025","Thu Jul 10 01:14:25 UTC 2025","132","tests.statistic","test_team_activations","","","","test_get_team_activation_statistic_negative[payload5-partner]","Негативный тест: ошибка при получении статистики активации команды с невалидным телом запроса"
"passed","Thu Jul 10 01:13:45 UTC 2025","Thu Jul 10 01:13:46 UTC 2025","585","tests.catalog","test_delete_admin_product_translation","","","","test_delete_admin_product_translation_invalid_id[abc]",""
"passed","Thu Jul 10 01:15:33 UTC 2025","Thu Jul 10 01:15:33 UTC 2025","145","tests.tickets","test_01_get_tickets","","","","test_get_tickets_success[filter2-sort1-search2-pagination0-partner]","Позитивный тест: получение списка тикетов с разными комбинациями параметров"
"skipped","Thu Jul 10 01:12:16 UTC 2025","Thu Jul 10 01:12:16 UTC 2025","0","tests.account","test_update_default_stock","","","","test_update_default_stock_positive[client-payload0]","Позитивные тесты на изменение дефолтного склада"
"passed","Thu Jul 10 01:12:38 UTC 2025","Thu Jul 10 01:12:39 UTC 2025","568","tests.admin_panel.products","test_40_create_product_brand","","","","test_create_product_brand_invalid_payload[payload0-expected_codes0]","Негативные кейсы: невалидные поля при создании бренда."
"passed","Thu Jul 10 01:15:10 UTC 2025","Thu Jul 10 01:15:10 UTC 2025","145","tests.tickets","test_01_get_tickets","","","","test_get_tickets_success[filter1-sort1-search2-pagination1-partner]","Позитивный тест: получение списка тикетов с разными комбинациями параметров"
"passed","Thu Jul 10 01:13:32 UTC 2025","Thu Jul 10 01:13:35 UTC 2025","3284","tests.admin_panel.slides","test_61_upload_slides_images","","","","test_upload_slide_images_file_too_large[4.7-fields_to_send0-204]","Негативный тест: загрузка слишком большого изображения."
"passed","Thu Jul 10 01:13:04 UTC 2025","Thu Jul 10 01:13:04 UTC 2025","587","tests.admin_panel.promo","test_78_delete_promotion_item","","","","test_delete_promotion_item_invalid_id[-1--1]","Негативный тест: удаление элемента акции с невалидным ID продукта."
"passed","Thu Jul 10 01:12:23 UTC 2025","Thu Jul 10 01:12:25 UTC 2025","2019","tests.admin_panel.categories","test_81_delete_category_translation","","","","test_delete_category_translation_success","Позитивный тест: удаление одного из двух переводов категории."
"passed","Thu Jul 10 01:15:28 UTC 2025","Thu Jul 10 01:15:28 UTC 2025","543","tests.tickets","test_04_create_ticket","","","","test_create_ticket_success[partner-attachments0-ReceivingDefectiveProducts]","Позитивный тест: создание тикета с разными темами и вложениями для клиента, партнера и админа"
"passed","Thu Jul 10 01:12:19 UTC 2025","Thu Jul 10 01:12:22 UTC 2025","3655","tests.admin_panel.categories","test_47_get_categories_by_id","","","","test_get_categories_by_id_success","Позитивный тест: успешное получение категории по ID админом."
"passed","Thu Jul 10 01:13:26 UTC 2025","Thu Jul 10 01:13:26 UTC 2025","140","tests.auth","test_02_login","","","","test_client_login[client-invalid_email@example.com-123123-401]",""
"passed","Thu Jul 10 01:14:32 UTC 2025","Thu Jul 10 01:14:32 UTC 2025","134","tests.statistic","test_team_registrations","","","","test_get_team_registration_statistic_negative[payload4-partner]","Негативный тест: ошибка при получении статистики регистрации команды с невалидным телом запроса"
"passed","Thu Jul 10 01:12:41 UTC 2025","Thu Jul 10 01:12:42 UTC 2025","573","tests.admin_panel.products","test_41_get_product_brand_by_id","","","","test_get_product_brand_invalid_id[abc]","Негативный тест: получение бренда по невалидному ID"
"passed","Thu Jul 10 01:13:22 UTC 2025","Thu Jul 10 01:13:23 UTC 2025","431","tests.auth","test_01_check_version","","","","test_check_version[Ios-2.0.1-200]","Тест проверяет API /check_version для разных платформ и версий."
"passed","Thu Jul 10 01:14:59 UTC 2025","Thu Jul 10 01:14:59 UTC 2025","147","tests.tickets","test_01_get_tickets","","","","test_get_tickets_success[filter1-sort0-search2-pagination1-admin]","Позитивный тест: получение списка тикетов с разными комбинациями параметров"
"passed","Thu Jul 10 01:14:12 UTC 2025","Thu Jul 10 01:14:12 UTC 2025","134","tests.delivery","test_01_save_delivery_address","","","","test_save_delivery_address_negative[client-payload4-400]","Негативные тесты на сохранение адреса доставки (отсутствие обязательных полей, некорректные данные)"
"passed","Thu Jul 10 01:12:14 UTC 2025","Thu Jul 10 01:12:15 UTC 2025","942","tests.PROJECT_FUND.donation","test_get_donation_last","","","","test_get_donation_last[https://dev.ewahelps.com/api]","Позитивные тесты на получение списка топ 100 пожертвований"
"passed","Thu Jul 10 01:13:54 UTC 2025","Thu Jul 10 01:13:59 UTC 2025","4986","tests.delivery","test_03_delete_delivery_address","","","","test_delete_delivery_address_permissions[authorize_client-authorize_client-False]","Тест: проверка прав доступа при удалении адресов"
"passed","Thu Jul 10 01:13:30 UTC 2025","Thu Jul 10 01:13:32 UTC 2025","1592","tests.cart","test_get_delivery_cost","","","","test_get_delivery_cost_success_full_payload[client]","Позитивный тест: успешное получение ТК при полном наборе параметров"
"passed","Thu Jul 10 01:14:19 UTC 2025","Thu Jul 10 01:14:20 UTC 2025","574","tests.tickets","test_02_get_ticket_by_id","","","","test_get_ticket_invalid_id[0]","Негативный тест: передан некорректный ID."
"passed","Thu Jul 10 01:14:23 UTC 2025","Thu Jul 10 01:14:23 UTC 2025","135","tests.statistic","test_team_go","","","","test_get_team_go_statistic_negative[payload0-client]","Негативный тест: ошибка при получении статистики по команде с невалидным телом запроса"
"passed","Thu Jul 10 01:13:58 UTC 2025","Thu Jul 10 01:13:58 UTC 2025","134","tests.orders","test_create_order_by_delivery_address","","","","test_create_order_invalid_data[invalid_payload0-partner]","Негативные тесты: создание заказа с некорректными данными"
"skipped","Thu Jul 10 01:12:16 UTC 2025","Thu Jul 10 01:12:16 UTC 2025","0","tests.account","test_history_personal_volumes","","","","test_get_personal_volumes_history_positive[admin-payload1]","Позитивные тесты на получение истории начисления личных объемов"
"skipped","Thu Jul 10 01:14:00 UTC 2025","Thu Jul 10 01:14:00 UTC 2025","0","tests.orders","test_orders_v2_pay","","","","test_orders_v2_pay_invalid_data[invalid_payload4-500]","Негативный тест: отправка некорректных данных"
"passed","Thu Jul 10 01:13:05 UTC 2025","Thu Jul 10 01:13:06 UTC 2025","586","tests.admin_panel.sliders","test_52_create_slider","","","","test_create_slider_invalid_payload[payload4-expected_code4]","Негативный тест: попытка создать слайдер с невалидным payload."
"passed","Thu Jul 10 01:12:19 UTC 2025","Thu Jul 10 01:12:19 UTC 2025","136","tests.admin_panel.categories","test_45_get_categories","","","","test_get_categories_forbidden[partner]","Негативный тест: получение списка категорий не админом."
"skipped","Thu Jul 10 01:13:57 UTC 2025","Thu Jul 10 01:13:57 UTC 2025","0","tests.orders","test_create_order_by_delivery_address","","","","test_create_order_permissions[authorize_client-authorize_partner-404]","Тест: проверка прав доступа при создании заказа по сохраненному адресу"
"passed","Thu Jul 10 01:12:59 UTC 2025","Thu Jul 10 01:13:00 UTC 2025","1171","tests.admin_panel.products","test_42_update_product_brand","","","","test_update_product_brand_invalid_payload[payload7-422]","Негативный тест: обновление бренда с невалидным или неполным телом запроса."
"passed","Thu Jul 10 01:14:37 UTC 2025","Thu Jul 10 01:14:37 UTC 2025","134","tests.statistic","test_team_go","","","","test_get_team_go_statistic_negative[payload6-partner]","Негативный тест: ошибка при получении статистики по команде с невалидным телом запроса"
"passed","Thu Jul 10 01:13:21 UTC 2025","Thu Jul 10 01:13:21 UTC 2025","609","tests.admin_panel.sliders","test_53_get_sliders_by_id","","","","test_get_slider_not_found","Негативный тест: слайдер не найден"
"passed","Thu Jul 10 01:15:58 UTC 2025","Thu Jul 10 01:15:59 UTC 2025","1070","tests.tickets","test_04_create_ticket","","","","test_create_ticket_success[partner-attachments2-QuestionsAboutOrders]","Позитивный тест: создание тикета с разными темами и вложениями для клиента, партнера и админа"
"skipped","Thu Jul 10 01:12:16 UTC 2025","Thu Jul 10 01:12:16 UTC 2025","0","tests.account","test_update_default_stock","","","","test_update_default_stock_positive[admin-payload0]","Позитивные тесты на изменение дефолтного склада"
"passed","Thu Jul 10 01:13:11 UTC 2025","Thu Jul 10 01:13:12 UTC 2025","580","tests.admin_panel.sliders","test_52_create_slider","","","","test_create_slider_invalid_payload[payload10-422]","Негативный тест: попытка создать слайдер с невалидным payload."
"skipped","Thu Jul 10 01:12:16 UTC 2025","Thu Jul 10 01:12:16 UTC 2025","0","tests.account","test_get_languages","","","","test_get_languages_forbidden[admin]","Негативный тест: получение списка языков админом."
"skipped","Thu Jul 10 01:14:17 UTC 2025","Thu Jul 10 01:14:17 UTC 2025","139","tests.statistic","test_team_activations","","","","test_get_team_activation_statistic_negative[payload1-admin]","Негативный тест: ошибка при получении статистики активации команды с невалидным телом запроса"
"passed","Thu Jul 10 01:12:56 UTC 2025","Thu Jul 10 01:12:57 UTC 2025","576","tests.admin_panel.promo","test_75_delete_promotion_by_id","","","","test_delete_promotion_invalid_id[0]","Негативный тест: удаление несуществующей или некорректной акции."
"skipped","Thu Jul 10 01:12:16 UTC 2025","Thu Jul 10 01:12:16 UTC 2025","0","tests.account","test_family_agreement_create_one","","","","test_create_family_agreement_one_positive[partner-payload0]","Позитивные тесты на создание семейного соглашения при отсутствующем втором партнере"
"passed","Thu Jul 10 01:13:29 UTC 2025","Thu Jul 10 01:13:30 UTC 2025","1203","tests.admin_panel.sliders","test_54_update_slider","","","","test_update_slider_invalid_payload[payload8-422]","Негативный тест: обновление слайдера с невалидным или неполным телом запроса."
"passed","Thu Jul 10 01:13:02 UTC 2025","Thu Jul 10 01:13:03 UTC 2025","413","tests.admin_panel.promo","test_76_get_promotion_items","","","","test_get_promotion_item_unauthorized","Негативный тест: без авторизации."
"passed","Thu Jul 10 01:14:58 UTC 2025","Thu Jul 10 01:15:00 UTC 2025","1094","tests.tickets","test_04_create_ticket","","","","test_create_ticket_success[client-attachments2-QuestionsAboutOrders]","Позитивный тест: создание тикета с разными темами и вложениями для клиента, партнера и админа"
"passed","Thu Jul 10 01:12:35 UTC 2025","Thu Jul 10 01:12:39 UTC 2025","3558","tests.admin_panel.categories","test_48_update_category","","","","test_update_category_invalid_payload[payload4-400]","Негативный тест: обновление категории с невалидным телом запроса."
"passed","Thu Jul 10 01:14:21 UTC 2025","Thu Jul 10 01:14:22 UTC 2025","136","tests.statistic","test_team_go","","","","test_get_team_go_statistic_positive[payload3-partner]","Позитивный тест: получение статистики по команде с валидным телом запроса"
"passed","Thu Jul 10 01:12:47 UTC 2025","Thu Jul 10 01:12:48 UTC 2025","596","tests.admin_panel.promo","test_72_create_promotion","","","","test_create_promotion_invalid_data[payload4-400]","Негативные тесты: невалидные данные"
"passed","Thu Jul 10 01:13:13 UTC 2025","Thu Jul 10 01:13:15 UTC 2025","1282","tests.admin_panel.promo","test_74_update_promotion","","","","test_update_promotion_invalid_payload[payload7-400]","Негативный тест: обновление акции с невалидным или неполным телом запроса."
"passed","Thu Jul 10 01:13:39 UTC 2025","Thu Jul 10 01:13:40 UTC 2025","606","tests.admin_panel.slides","test_57_create_slide","","","","test_create_slide_invalid_payload[payload14-expected_code14]","Негативные тесты: некорректные и неполные payload'ы."
"passed","Thu Jul 10 01:13:44 UTC 2025","Thu Jul 10 01:13:44 UTC 2025","577","tests.catalog","test_create_admin_product","","","","test_create_product_invalid_payload[payload4-400]",""
"skipped","Thu Jul 10 01:12:16 UTC 2025","Thu Jul 10 01:12:16 UTC 2025","0","tests.account","test_history_group_volumes","","","","test_get_group_volumes_history_positive[client-payload0]","Позитивные тесты на получение истории начисления групповых объемов"
"passed","Thu Jul 10 01:16:17 UTC 2025","Thu Jul 10 01:16:17 UTC 2025","542","tests.tickets","test_04_create_ticket","","","","test_create_ticket_success[admin-attachments0-QuestionsAboutOrders]","Позитивный тест: создание тикета с разными темами и вложениями для клиента, партнера и админа"
"skipped","Thu Jul 10 01:14:16 UTC 2025","Thu Jul 10 01:14:16 UTC 2025","137","tests.statistic","test_team_activations","","","","test_get_team_activation_statistic_negative[payload1-partner]","Негативный тест: ошибка при получении статистики активации команды с невалидным телом запроса"
"skipped","Thu Jul 10 01:14:29 UTC 2025","Thu Jul 10 01:14:32 UTC 2025","2341","tests.tickets","test_10_send_message_to_ticket","","","","test_send_message_role_permissions[authorize_client-authorize_client-200]","Проверка доступа к отправке сообщений в тикеты в зависимости от роли"
"passed","Thu Jul 10 01:13:01 UTC 2025","Thu Jul 10 01:13:02 UTC 2025","136","tests.admin_panel.sliders","test_52_create_slider","","","","test_create_slider_forbidden[client]","Негативный тест: создание слайдера не-админом запрещено."
"skipped","Thu Jul 10 01:13:57 UTC 2025","Thu Jul 10 01:13:57 UTC 2025","131","tests.cart","test_user_locale","","","","test_update_user_locale_invalid_payload[partner-payload6-400]","Негативный тест: обновление локали с невалидным payload."
"passed","Thu Jul 10 01:12:48 UTC 2025","Thu Jul 10 01:12:49 UTC 2025","1185","tests.admin_panel.products","test_44_upload_product_brand_images","","","","test_upload_product_brand_images_formats[invalid.txt-text/plain-400]","Проверка загрузки изображений бренда в разных форматах: негативные и позитивные кейсы."
"skipped","Thu Jul 10 01:13:57 UTC 2025","Thu Jul 10 01:13:57 UTC 2025","0","tests.integration","test_auth_01_full_auth_cycle","","","","test_full_auth_flow[authorize_client]","Сценарный тест: полный цикл авторизации и выхода"
"passed","Thu Jul 10 01:14:18 UTC 2025","Thu Jul 10 01:14:19 UTC 2025","136","tests.cart","test_get_delivery_cost","","","","test_get_delivery_cost_invalid_payload[partner-payload6]","Негативный тест: некорректные входные данные"
"passed","Thu Jul 10 01:12:23 UTC 2025","Thu Jul 10 01:12:26 UTC 2025","3032","tests.admin_panel.categories","test_56_v2_create_category","","","","test_v2_create_category_invalid_payload[payload1-expected_code1]","Негативный тест: создание категории с невалидным телом запроса."
"skipped","Thu Jul 10 01:13:44 UTC 2025","Thu Jul 10 01:13:45 UTC 2025","419","tests.cart","test_user_locale","","","","test_update_user_locale_valid_payload[payload8]","
    Позитивный и чтест: Обновление языка/склада/локали НЕавторизованным пользователем."
"passed","Thu Jul 10 01:12:56 UTC 2025","Thu Jul 10 01:12:58 UTC 2025","1256","tests.admin_panel.promo","test_74_update_promotion","","","","test_update_promotion_forbidden[client]","Негативный тест: попытка обновления акции не-админом."
"skipped","Thu Jul 10 01:14:19 UTC 2025","Thu Jul 10 01:14:20 UTC 2025","547","tests.statistic","test_team_activations","","","","test_get_team_activation_statistic_negative[payload2-admin]","Негативный тест: ошибка при получении статистики активации команды с невалидным телом запроса"
"passed","Thu Jul 10 01:12:23 UTC 2025","Thu Jul 10 01:12:24 UTC 2025","580","tests.admin_panel.categories","test_46_create_category","","","","test_create_category_invalid_payload[payload3-expected_code3]","Негативные тесты: проверка различных некорректных payload'ов."
"passed","Thu Jul 10 01:13:21 UTC 2025","Thu Jul 10 01:13:22 UTC 2025","445","tests.admin_panel.sliders","test_53_get_sliders_by_id","","","","test_get_sliders_unauthorized","Негативный тест: получение слайдера без авторизации"
"passed","Thu Jul 10 01:13:29 UTC 2025","Thu Jul 10 01:13:29 UTC 2025","418","tests.auth","test_03_token_auth","","","","test_auth_without_token","Тест авторизации без передачи токена"
"passed","Thu Jul 10 01:13:09 UTC 2025","Thu Jul 10 01:13:10 UTC 2025","566","tests.admin_panel.sliders","test_52_create_slider","","","","test_create_slider_invalid_payload[payload7-422]","Негативный тест: попытка создать слайдер с невалидным payload."
"passed","Thu Jul 10 01:13:30 UTC 2025","Thu Jul 10 01:13:30 UTC 2025","455","tests.auth","test_05_logout","","","","test_logout_without_token","Тест разлогинивания без токена"
"passed","Thu Jul 10 01:14:33 UTC 2025","Thu Jul 10 01:14:34 UTC 2025","857","tests.tickets","test_11_update_message","","","","test_update_message_validation[partner-update_payload0-403]","Негативные тесты: невалидные поля при редактировании сообщения"
"passed","Thu Jul 10 01:13:02 UTC 2025","Thu Jul 10 01:13:03 UTC 2025","1283","tests.admin_panel.promo","test_74_update_promotion","","","","test_update_promotion_invalid_payload[payload0-400]","Негативный тест: обновление акции с невалидным или неполным телом запроса."
"passed","Thu Jul 10 01:15:36 UTC 2025","Thu Jul 10 01:15:36 UTC 2025","134","tests.tickets","test_01_get_tickets","","","","test_get_tickets_no_pagination[client]","Негативный тест: запрос без обязательного параметра pagination"
"skipped","Thu Jul 10 01:12:16 UTC 2025","Thu Jul 10 01:12:16 UTC 2025","0","tests.account","test_list_csv","","","","test_get_account_list_csv_positive[admin-payload1]","Позитивные тесты на выгрузку структуры партнеров в CSV"
"passed","Thu Jul 10 01:12:17 UTC 2025","Thu Jul 10 01:12:17 UTC 2025","607","tests.PROJECT_FUND.initiatives","test_get_report_by_id","","","","test_get_report_by_invalid_id[1.5-https://dev.ewahelps.com/api]","Негативный тест: невалидный или несуществующий path-параметр"
"passed","Thu Jul 10 01:13:06 UTC 2025","Thu Jul 10 01:13:08 UTC 2025","2365","tests.admin_panel.slides","test_0_slides_sort","","","","test_slides_sort_success","Позитивный тест: успешная сортировка слайдов в слайдере."
"passed","Thu Jul 10 01:12:42 UTC 2025","Thu Jul 10 01:12:42 UTC 2025","583","tests.admin_panel.products","test_41_get_product_brand_by_id","","","","test_get_product_brand_invalid_id[-1]","Негативный тест: получение бренда по невалидному ID"
"passed","Thu Jul 10 01:12:23 UTC 2025","Thu Jul 10 01:12:25 UTC 2025","1156","tests.admin_panel.categories","test_49_delete_category","","","","test_delete_category_forbidden[client]","Негативный тест: попытка удаления категории не-админом."
"passed","Thu Jul 10 01:12:54 UTC 2025","Thu Jul 10 01:12:54 UTC 2025","139","tests.admin_panel.promo","test_72_create_promotion","","","","test_create_promotion_forbidden[partner]","Негативный тест: создание акции не-админом запрещено."
"passed","Thu Jul 10 01:14:19 UTC 2025","Thu Jul 10 01:14:19 UTC 2025","132","tests.cart","test_get_delivery_cost","","","","test_get_delivery_cost_invalid_payload[admin-payload0]","Негативный тест: некорректные входные данные"
"passed","Thu Jul 10 01:14:14 UTC 2025","Thu Jul 10 01:14:14 UTC 2025","139","tests.cart","test_get_delivery_cost","","","","test_get_delivery_cost_invalid_payload[client-payload5]","Негативный тест: некорректные входные данные"
"passed","Thu Jul 10 01:15:24 UTC 2025","Thu Jul 10 01:15:24 UTC 2025","153","tests.tickets","test_01_get_tickets","","","","test_get_tickets_success[filter2-sort1-search0-pagination1-client]","Позитивный тест: получение списка тикетов с разными комбинациями параметров"
"skipped","Thu Jul 10 01:14:36 UTC 2025","Thu Jul 10 01:14:37 UTC 2025","1145","tests.tickets","test_06_close_ticket","","","","test_close_tickets_negative[admin-ticket_ids1-400]","Негативные тесты: закрытие с некорректными данными"
"failed","Thu Jul 10 01:13:45 UTC 2025","Thu Jul 10 01:13:46 UTC 2025","932","tests.catalog","test_create_admin_product_translation","","","","test_create_admin_product_translation_success[ky]",""
"skipped","Thu Jul 10 01:12:16 UTC 2025","Thu Jul 10 01:12:16 UTC 2025","0","tests.account","test_update","","","","test_update_account_positive[admin-payload1]","Позитивные тесты на обновление данных аккаунта"
"passed","Thu Jul 10 01:12:19 UTC 2025","Thu Jul 10 01:12:19 UTC 2025","433","tests.admin_panel.categories","test_45_get_categories","","","","test_get_categories_unauthorized","Негативный тест: получение категорий без авторизации."
"skipped","Thu Jul 10 01:13:46 UTC 2025","Thu Jul 10 01:13:47 UTC 2025","138","tests.cart","test_user_locale","","","","test_update_user_locale_invalid_payload[client-payload2-422]","Негативный тест: обновление локали с невалидным payload."
"passed","Thu Jul 10 01:12:35 UTC 2025","Thu Jul 10 01:12:36 UTC 2025","595","tests.admin_panel.categories","test_47_get_categories_by_id","","","","test_get_category_not_found","Негативный тест: категория не найдена (несуществующий ID)."
"passed","Thu Jul 10 01:12:27 UTC 2025","Thu Jul 10 01:12:28 UTC 2025","1681","tests.admin_panel.categories","test_81_delete_category_translation","","","","test_delete_category_translation_forbidden[client]","Негативный тест: удаление перевода не-админом запрещено."
"passed","Thu Jul 10 01:13:29 UTC 2025","Thu Jul 10 01:13:29 UTC 2025","135","tests.admin_panel.slides","test_62_slides_get_upload_urls","","","","test_get_upload_urls_forbidden[client]","Негативный тест: неадмин не может получить ссылки на загрузку видео файлов."
"skipped","Thu Jul 10 01:14:39 UTC 2025","Thu Jul 10 01:14:41 UTC 2025","2139","tests.tickets","test_10_send_message_to_ticket","","","","test_send_message_role_permissions[authorize_partner-authorize_client-403]","Проверка доступа к отправке сообщений в тикеты в зависимости от роли"
"passed","Thu Jul 10 01:13:39 UTC 2025","Thu Jul 10 01:13:40 UTC 2025","1197","tests.admin_panel.slides","test_59_update_slide","","","","test_update_slide_invalid_payload[payload11-400]","Негативный тест: обновление слайда с невалидным или неполным телом запроса."
"passed","Thu Jul 10 01:12:40 UTC 2025","Thu Jul 10 01:12:41 UTC 2025","566","tests.admin_panel.products","test_40_create_product_brand","","","","test_create_product_brand_invalid_payload[payload4-expected_codes4]","Негативные кейсы: невалидные поля при создании бренда."
"passed","Thu Jul 10 01:12:42 UTC 2025","Thu Jul 10 01:12:43 UTC 2025","911","tests.admin_panel.products","test_43_delete_product_brand","","","","test_delete_product_brand_success","Позитивный тест: успешное удаление бренда."
"passed","Thu Jul 10 01:14:19 UTC 2025","Thu Jul 10 01:14:19 UTC 2025","142","tests.statistic","test_team_go","","","","test_get_team_go_statistic_positive[payload2-client]","Позитивный тест: получение статистики по команде с валидным телом запроса"
"failed","Thu Jul 10 01:13:41 UTC 2025","Thu Jul 10 01:13:42 UTC 2025","890","tests.catalog","test_get_admin_product_translation","","","","test_get_admin_product_translation_success",""
"skipped","Thu Jul 10 01:14:26 UTC 2025","Thu Jul 10 01:14:27 UTC 2025","135","tests.statistic","test_team_registrations","","","","test_get_team_registration_statistic_negative[payload1-partner]","Негативный тест: ошибка при получении статистики регистрации команды с невалидным телом запроса"
"skipped","Thu Jul 10 01:12:16 UTC 2025","Thu Jul 10 01:12:16 UTC 2025","0","tests.account","test_token","","","","test_add_token_positive[partner-payload0]","Позитивные тесты на добавление токена"
"passed","Thu Jul 10 01:12:32 UTC 2025","Thu Jul 10 01:12:33 UTC 2025","412","tests.admin_panel.categories","test_79_get_category_translation","","","","test_get_category_translation_unauthorized",""
"skipped","Thu Jul 10 01:12:16 UTC 2025","Thu Jul 10 01:12:16 UTC 2025","0","tests.account","test_update_avatar","","","","test_update_avatar_positive[admin-payload0]","Позитивные тесты на обновление аватара"
"passed","Thu Jul 10 01:14:19 UTC 2025","Thu Jul 10 01:14:19 UTC 2025","133","tests.delivery","test_01_save_delivery_address","","","","test_save_delivery_address_negative[partner-payload5-400]","Негативные тесты на сохранение адреса доставки (отсутствие обязательных полей, некорректные данные)"
"passed","Thu Jul 10 01:12:43 UTC 2025","Thu Jul 10 01:12:44 UTC 2025","563","tests.admin_panel.products","test_40_create_product_brand","","","","test_create_product_brand_invalid_payload[payload9-expected_codes9]","Негативные кейсы: невалидные поля при создании бренда."
"passed","Thu Jul 10 01:17:08 UTC 2025","Thu Jul 10 01:17:09 UTC 2025","1070","tests.tickets","test_04_create_ticket","","","","test_create_ticket_success[admin-attachments2-ReceivingProductsShortage]","Позитивный тест: создание тикета с разными темами и вложениями для клиента, партнера и админа"
"skipped","Thu Jul 10 01:12:16 UTC 2025","Thu Jul 10 01:12:16 UTC 2025","0","tests.account","test_family_agreement_update_status","","","","test_update_family_agreement_status_positive[partner-payload1]","Позитивные тесты на изменение статуса семейного соглашения"
"passed","Thu Jul 10 01:13:48 UTC 2025","Thu Jul 10 01:13:50 UTC 2025","1119","tests.admin_panel.slides","test_59_update_slide","","","","test_update_slide_invalid_payload[payload15-422]","Негативный тест: обновление слайда с невалидным или неполным телом запроса."
"passed","Thu Jul 10 01:12:31 UTC 2025","Thu Jul 10 01:12:33 UTC 2025","2352","tests.admin_panel.products","test_03_recommended_products_delete","","","","test_remove_recommendation_success","Успешное удаление рекомендованного товара."
"passed","Thu Jul 10 01:14:10 UTC 2025","Thu Jul 10 01:14:11 UTC 2025","1159","tests.temporary","test_compare_api_postgreSQL","","","","test_create_and_get_categories_by_id",""
"passed","Thu Jul 10 01:12:39 UTC 2025","Thu Jul 10 01:12:41 UTC 2025","1540","tests.admin_panel.products","test_02_recommended_products_add","","","","test_add_empty_recommendation_list","Попытка добавить пустой список рекомендованных товаров"
"failed","Thu Jul 10 01:14:24 UTC 2025","Thu Jul 10 01:14:25 UTC 2025","907","tests.catalog","test_update_admin_product","","","","test_update_admin_product_invalid_payload[update_payload7-422]",""
"skipped","Thu Jul 10 01:17:20 UTC 2025","Thu Jul 10 01:17:20 UTC 2025","0","tests.tickets","test_04_create_ticket","","","","test_create_ticket_invalid_message[partner-None]","Негативный тест: создание тикета без сообщения"
"skipped","Thu Jul 10 01:12:28 UTC 2025","Thu Jul 10 01:12:28 UTC 2025","0","tests.admin_panel.products","test_01_create_product_group","","","","test_create_product_group_forbidden[partner]","Негативный тест: создание продукт группы не-админом запрещено."
"passed","Thu Jul 10 01:12:52 UTC 2025","Thu Jul 10 01:12:52 UTC 2025","560","tests.admin_panel.promo","test_72_create_promotion","","","","test_create_promotion_invalid_data[payload12-422]","Негативные тесты: невалидные данные"
"passed","Thu Jul 10 01:14:20 UTC 2025","Thu Jul 10 01:14:20 UTC 2025","140","tests.statistic","test_team_go","","","","test_get_team_go_statistic_positive[payload2-admin]","Позитивный тест: получение статистики по команде с валидным телом запроса"
"passed","Thu Jul 10 01:13:17 UTC 2025","Thu Jul 10 01:13:17 UTC 2025","136","tests.admin_panel.slides","test_57_create_slide","","","","test_create_slide_forbidden[partner]","Негативный тест: создание слайда не-админом запрещено."
"passed","Thu Jul 10 01:13:11 UTC 2025","Thu Jul 10 01:13:11 UTC 2025","574","tests.admin_panel.sliders","test_55_delete_sliders","","","","test_delete_slider_invalid_id[0]","Негативный тест: удаление несуществующего или некорректного слайдера."
"skipped","Thu Jul 10 01:13:50 UTC 2025","Thu Jul 10 01:13:50 UTC 2025","0","tests.catalog","test_create_admin_product","","","","test_create_product_duplicate_slug[mn]",""
"skipped","Thu Jul 10 01:12:16 UTC 2025","Thu Jul 10 01:12:16 UTC 2025","0","tests.account","test_family_agreement_update_status","","","","test_update_family_agreement_status_positive[client-payload0]","Позитивные тесты на изменение статуса семейного соглашения"
"passed","Thu Jul 10 01:13:00 UTC 2025","Thu Jul 10 01:13:01 UTC 2025","1239","tests.admin_panel.promo","test_77_create_promotion_item","","","","test_create_promotion_item_invalid_payload[payload1-400]",""
"passed","Thu Jul 10 01:14:12 UTC 2025","Thu Jul 10 01:14:12 UTC 2025","412","tests.temporary","test_get_account_exist","","","","test_account_exist[abc-400]",""
"skipped","Thu Jul 10 01:12:16 UTC 2025","Thu Jul 10 01:12:16 UTC 2025","0","tests.account","test_pass_change","","","","test_change_password_positive[partner-payload1]","Позитивные тесты на изменение пароля"
"skipped","Thu Jul 10 01:14:05 UTC 2025","Thu Jul 10 01:14:05 UTC 2025","131","tests.orders","test_group_order_change_country","","","","test_change_country_invalid_data[invalid_payload2-partner]","Негативные тесты: передача некорректных данных"
"passed","Thu Jul 10 01:14:17 UTC 2025","Thu Jul 10 01:14:17 UTC 2025","133","tests.delivery","test_01_save_delivery_address","","","","test_save_delivery_address_negative[partner-payload2-400]","Негативные тесты на сохранение адреса доставки (отсутствие обязательных полей, некорректные данные)"
"passed","Thu Jul 10 01:13:43 UTC 2025","Thu Jul 10 01:13:44 UTC 2025","575","tests.catalog","test_delete_admin_product_translation","","","","test_delete_admin_product_translation_invalid_id[-1]",""
"passed","Thu Jul 10 01:14:11 UTC 2025","Thu Jul 10 01:14:11 UTC 2025","132","tests.cart","test_get_delivery_cost","","","","test_get_delivery_cost_invalid_payload[client-payload1]","Негативный тест: некорректные входные данные"
"passed","Thu Jul 10 01:12:18 UTC 2025","Thu Jul 10 01:12:20 UTC 2025","1558","tests.account","test_0_referral_links","","","","test_get_referral_links_positive[partner-200]","Позитивные тесты на получение реферальных ссылок"
"passed","Thu Jul 10 01:16:24 UTC 2025","Thu Jul 10 01:16:24 UTC 2025","575","tests.tickets","test_04_create_ticket","","","","test_create_ticket_success[admin-attachments0-ChangePersonalData]","Позитивный тест: создание тикета с разными темами и вложениями для клиента, партнера и админа"
"passed","Thu Jul 10 01:14:21 UTC 2025","Thu Jul 10 01:14:21 UTC 2025","141","tests.delivery","test_01_save_delivery_address","","","","test_save_delivery_address_negative[partner-payload9-500]","Негативные тесты на сохранение адреса доставки (отсутствие обязательных полей, некорректные данные)"
"passed","Thu Jul 10 01:14:25 UTC 2025","Thu Jul 10 01:14:25 UTC 2025","915","tests.tickets","test_06_close_ticket","","","","test_close_ticket_success[partner]","Позитивный тест: закрытие тикета для клиента, партнера и админа."
"passed","Thu Jul 10 01:14:29 UTC 2025","Thu Jul 10 01:14:29 UTC 2025","144","tests.tickets","test_01_get_tickets","","","","test_get_tickets_success[filter0-sort0-search2-pagination0-partner]","Позитивный тест: получение списка тикетов с разными комбинациями параметров"
"passed","Thu Jul 10 01:14:05 UTC 2025","Thu Jul 10 01:14:06 UTC 2025","135","tests.delivery","test_01_save_delivery_address","","","","test_save_delivery_address_negative[client-payload1-400]","Негативные тесты на сохранение адреса доставки (отсутствие обязательных полей, некорректные данные)"
"passed","Thu Jul 10 01:14:27 UTC 2025","Thu Jul 10 01:14:27 UTC 2025","138","tests.delivery","test_01_save_delivery_address","","","","test_save_delivery_address_negative[admin-payload9-500]","Негативные тесты на сохранение адреса доставки (отсутствие обязательных полей, некорректные данные)"
"passed","Thu Jul 10 01:15:34 UTC 2025","Thu Jul 10 01:15:34 UTC 2025","141","tests.tickets","test_01_get_tickets","","","","test_get_tickets_success[filter2-sort1-search2-pagination1-partner]","Позитивный тест: получение списка тикетов с разными комбинациями параметров"
"passed","Thu Jul 10 01:14:34 UTC 2025","Thu Jul 10 01:14:34 UTC 2025","132","tests.statistic","test_team_go","","","","test_get_team_go_statistic_negative[payload4-admin]","Негативный тест: ошибка при получении статистики по команде с невалидным телом запроса"
"skipped","Thu Jul 10 01:12:16 UTC 2025","Thu Jul 10 01:12:16 UTC 2025","0","tests.account","test_update_default_stock","","","","test_update_default_stock_positive[partner-payload1]","Позитивные тесты на изменение дефолтного склада"
"passed","Thu Jul 10 01:14:23 UTC 2025","Thu Jul 10 01:14:23 UTC 2025","141","tests.tickets","test_01_get_tickets","","","","test_get_tickets_success[filter0-sort0-search0-pagination1-partner]","Позитивный тест: получение списка тикетов с разными комбинациями параметров"
"passed","Thu Jul 10 01:13:06 UTC 2025","Thu Jul 10 01:13:06 UTC 2025","132","tests.admin_panel.sliders","test_51_get_sliders","","","","test_get_sliders_forbidden[client]","Негативный тест: получение списка слайдеров не админом"
"passed","Thu Jul 10 01:12:53 UTC 2025","Thu Jul 10 01:12:54 UTC 2025","1241","tests.admin_panel.promo","test_75_delete_promotion_by_id","","","","test_delete_promotion_forbidden[client]","Негативный тест: попытка удаления акции не-админом."
"passed","Thu Jul 10 01:13:43 UTC 2025","Thu Jul 10 01:13:43 UTC 2025","163","tests.cart","test_get_delivery_cost","","","","test_get_delivery_cost_success_partial_payload[client-payload4-400]","Позитивный тест: успешное получение ТК при неполном наборе (город без региона, без ID и т.п.)"
"skipped","Thu Jul 10 01:13:59 UTC 2025","Thu Jul 10 01:13:59 UTC 2025","132","tests.orders","test_group_order_change_country","","","","test_change_country_invalid_data[invalid_payload0-partner]","Негативные тесты: передача некорректных данных"
"passed","Thu Jul 10 01:13:59 UTC 2025","Thu Jul 10 01:14:00 UTC 2025","736","tests.fund","test_get_top_donors","","","","test_get_top_donors_invalid_params[invalid_param3-https://dev.ewahelps.com/api]","Негативный тест: переданы некорректные параметры."
"passed","Thu Jul 10 01:14:14 UTC 2025","Thu Jul 10 01:14:14 UTC 2025","141","tests.statistic","test_team_registrations","","","","test_get_team_registration_statistic_positive[payload1-client]","Позитивный тест: получение статистики по регистрации команды с валидным телом запроса"
"skipped","Thu Jul 10 01:12:14 UTC 2025","Thu Jul 10 01:12:14 UTC 2025","0","tests.account","test_0_marathon","","","","test_create_product_brand_invalid_payload[params5-400-client]",""
"passed","Thu Jul 10 01:13:11 UTC 2025","Thu Jul 10 01:13:12 UTC 2025","899","tests.admin_panel.slides","test_56_get_slides","","","","test_get_slides_success","Позитивный тест: успешное получение списка слайдов админом"
"passed","Thu Jul 10 01:12:38 UTC 2025","Thu Jul 10 01:12:39 UTC 2025","1517","tests.admin_panel.products","test_02_recommended_products_add","","","","test_add_same_product_as_recommended","Попытка добавить товар в рекомендации к самому себе"
"skipped","Thu Jul 10 01:12:16 UTC 2025","Thu Jul 10 01:12:16 UTC 2025","0","tests.account","test_family_agreement_create_three","","","","test_create_family_agreement_three_positive[admin-payload1]","Позитивные тесты на создание семейного соглашения при аннулировании второго партнера"
"passed","Thu Jul 10 01:13:57 UTC 2025","Thu Jul 10 01:13:57 UTC 2025","570","tests.catalog","test_get_admin_product_translation","","","","test_get_admin_product_translation_not_found",""
"passed","Thu Jul 10 01:12:15 UTC 2025","Thu Jul 10 01:12:15 UTC 2025","142","tests.account","test_0_bonus_tokens","","","","test_get_bonus_tokens_positive[client]","Позитивные тесты на получение списка токенов"
"passed","Thu Jul 10 01:13:14 UTC 2025","Thu Jul 10 01:13:15 UTC 2025","1201","tests.admin_panel.slides","test_58_get_slides_by_id","","","","test_get_slides_by_id_forbidden[client]","Негативный тест: попытка получения слайда по ID не-админом."
"passed","Thu Jul 10 01:13:51 UTC 2025","Thu Jul 10 01:13:52 UTC 2025","1148","tests.admin_panel.slides","test_59_update_slide","","","","test_update_slide_invalid_payload[payload17-422]","Негативный тест: обновление слайда с невалидным или неполным телом запроса."
"passed","Thu Jul 10 01:12:24 UTC 2025","Thu Jul 10 01:12:24 UTC 2025","139","tests.admin_panel.categories","test_50_upload_category_images","","","","test_upload_category_images_forbidden[partner]","Негативный тест: неадмин не может загрузить изображения категории."
"passed","Thu Jul 10 01:12:51 UTC 2025","Thu Jul 10 01:12:51 UTC 2025","581","tests.admin_panel.promo","test_72_create_promotion","","","","test_create_promotion_invalid_data[payload10-422]","Негативные тесты: невалидные данные"
"passed","Thu Jul 10 01:12:47 UTC 2025","Thu Jul 10 01:12:47 UTC 2025","560","tests.admin_panel.categories","test_80_create_category_translation","","","","test_create_category_translation_invalid_payload[payload5-422]","Негативный тест: создание перевода с невалидным payload."
"passed","Thu Jul 10 01:12:29 UTC 2025","Thu Jul 10 01:12:30 UTC 2025","1130","tests.admin_panel.categories","test_57_v2_update_category","","","","test_v2_update_category_forbidden[client]","Негативный тест: попытка обновления категории не-админом."
"skipped","Thu Jul 10 01:14:35 UTC 2025","Thu Jul 10 01:14:36 UTC 2025","1170","tests.tickets","test_06_close_ticket","","","","test_close_tickets_negative[admin-ticket_ids0-400]","Негативные тесты: закрытие с некорректными данными"
"passed","Thu Jul 10 01:14:01 UTC 2025","Thu Jul 10 01:14:02 UTC 2025","585","tests.catalog","test_update_admin_product","","","","test_update_admin_product_invalid_id[9999999]",""
"passed","Thu Jul 10 01:13:39 UTC 2025","Thu Jul 10 01:13:39 UTC 2025","581","tests.admin_panel.slides","test_57_create_slide","","","","test_create_slide_invalid_payload[payload13-400]","Негативные тесты: некорректные и неполные payload'ы."
"passed","Thu Jul 10 01:12:18 UTC 2025","Thu Jul 10 01:12:18 UTC 2025","662","tests.PROJECT_FUND.initiatives","test_get_reports","","","","test_get_reports_invalid_query_params[query2-https://dev.ewahelps.com/api]","Негативный тест: запрос с некорректными query-параметрами"
"passed","Thu Jul 10 01:13:03 UTC 2025","Thu Jul 10 01:13:04 UTC 2025","604","tests.admin_panel.promo","test_78_delete_promotion_item","","","","test_delete_promotion_item_invalid_id[abc-abc]","Негативный тест: удаление элемента акции с невалидным ID продукта."
"passed","Thu Jul 10 01:13:19 UTC 2025","Thu Jul 10 01:13:20 UTC 2025","429","tests.admin_panel.slides","test_0_slides_sort","","","","test_slides_sort_unauthorized","Негативный тест: без авторизации."
"passed","Thu Jul 10 01:13:15 UTC 2025","Thu Jul 10 01:13:15 UTC 2025","587","tests.admin_panel.slides","test_0_slides_sort","","","","test_slides_sort_invalid_id[0]","Негативный тест: невалидный path parameter."
"passed","Thu Jul 10 01:14:27 UTC 2025","Thu Jul 10 01:14:27 UTC 2025","140","tests.tickets","test_01_get_tickets","","","","test_get_tickets_success[filter0-sort0-search1-pagination1-partner]","Позитивный тест: получение списка тикетов с разными комбинациями параметров"
"skipped","Thu Jul 10 01:12:16 UTC 2025","Thu Jul 10 01:12:16 UTC 2025","0","tests.account","test_funds_transfer_send","","","","test_send_funds_transfer_positive[admin-payload1]","Позитивные тесты на перевод/вывод средств по visibleId"
"passed","Thu Jul 10 01:12:43 UTC 2025","Thu Jul 10 01:12:44 UTC 2025","622","tests.admin_panel.products","test_41_get_product_brand_by_id","","","","test_get_product_brand_invalid_id[None]","Негативный тест: получение бренда по невалидному ID"
"passed","Thu Jul 10 01:12:29 UTC 2025","Thu Jul 10 01:12:29 UTC 2025","626","tests.admin_panel.categories","test_49_delete_category","","","","test_delete_category_invalid_id[-1]","Негативный тест: удаление несуществующей или некорректной категории."
"passed","Thu Jul 10 01:12:31 UTC 2025","Thu Jul 10 01:12:32 UTC 2025","562","tests.admin_panel.categories","test_47_get_categories_by_id","","","","test_get_categories_invalid_id[abc]","Негативный тест: получение категории по невалидному ID."
"passed","Thu Jul 10 01:12:29 UTC 2025","Thu Jul 10 01:12:30 UTC 2025","621","tests.admin_panel.categories","test_48_update_category","","","","test_update_category_invalid_id[9999999]","Негативный тест: несуществующий или некорректный ID."
"passed","Thu Jul 10 01:14:40 UTC 2025","Thu Jul 10 01:14:40 UTC 2025","145","tests.tickets","test_01_get_tickets","","","","test_get_tickets_success[filter0-sort1-search0-pagination1-partner]","Позитивный тест: получение списка тикетов с разными комбинациями параметров"
"skipped","Thu Jul 10 01:13:50 UTC 2025","Thu Jul 10 01:13:50 UTC 2025","0","tests.catalog","test_create_admin_product","","","","test_create_product_duplicate_slug[en]",""
"skipped","Thu Jul 10 01:12:14 UTC 2025","Thu Jul 10 01:12:14 UTC 2025","0","tests.account","test_0_marathon","","","","test_create_product_brand_invalid_payload[params3-400-admin]",""
"skipped","Thu Jul 10 01:12:14 UTC 2025","Thu Jul 10 01:12:14 UTC 2025","0","tests.account","test_0_marathon","","","","test_create_product_brand_invalid_payload[params6-400-admin]",""
"passed","Thu Jul 10 01:12:55 UTC 2025","Thu Jul 10 01:12:59 UTC 2025","3621","tests.admin_panel.products","test_42_update_product_brand","","","","test_update_product_brand_invalid_payload[payload6-422]","Негативный тест: обновление бренда с невалидным или неполным телом запроса."
"passed","Thu Jul 10 01:15:00 UTC 2025","Thu Jul 10 01:15:01 UTC 2025","1090","tests.tickets","test_04_create_ticket","","","","test_create_ticket_success[client-attachments2-QuestionsAboutInternationalDelivery]","Позитивный тест: создание тикета с разными темами и вложениями для клиента, партнера и админа"
"passed","Thu Jul 10 01:14:56 UTC 2025","Thu Jul 10 01:14:56 UTC 2025","149","tests.tickets","test_01_get_tickets","","","","test_get_tickets_success[filter1-sort0-search2-pagination0-client]","Позитивный тест: получение списка тикетов с разными комбинациями параметров"
"passed","Thu Jul 10 01:12:44 UTC 2025","Thu Jul 10 01:12:45 UTC 2025","582","tests.admin_panel.categories","test_80_create_category_translation","","","","test_create_category_translation_invalid_payload[payload1-400]","Негативный тест: создание перевода с невалидным payload."
"passed","Thu Jul 10 01:14:38 UTC 2025","Thu Jul 10 01:14:38 UTC 2025","137","tests.statistic","test_team_registrations","","","","test_get_team_registration_statistic_negative[payload5-client]","Негативный тест: ошибка при получении статистики регистрации команды с невалидным телом запроса"
"passed","Thu Jul 10 01:12:44 UTC 2025","Thu Jul 10 01:12:45 UTC 2025","576","tests.admin_panel.products","test_40_create_product_brand","","","","test_create_product_brand_invalid_payload[payload11-expected_codes11]","Негативные кейсы: невалидные поля при создании бренда."
"skipped","Thu Jul 10 01:12:17 UTC 2025","Thu Jul 10 01:12:17 UTC 2025","0","tests.account","test_delete_avatar","","","","test_delete_avatar_positive[admin]","Позитивные тесты на удаление аватара"
"passed","Thu Jul 10 01:13:20 UTC 2025","Thu Jul 10 01:13:21 UTC 2025","1279","tests.admin_panel.promo","test_74_update_promotion","","","","test_update_promotion_invalid_payload[payload12-422]","Негативный тест: обновление акции с невалидным или неполным телом запроса."
"passed","Thu Jul 10 01:14:13 UTC 2025","Thu Jul 10 01:14:14 UTC 2025","569","tests.catalog","test_create_admin_product_translation","","","","test_create_admin_product_translation_invalid_payload[payload2-400]",""
"skipped","Thu Jul 10 01:12:16 UTC 2025","Thu Jul 10 01:12:16 UTC 2025","0","tests.account","test_history","","","","test_get_history_positive[admin-payload0]","Позитивные тесты на получение истории аккаунта"
"passed","Thu Jul 10 01:13:57 UTC 2025","Thu Jul 10 01:13:58 UTC 2025","430","tests.catalog","test_get_admin_product_translation","","","","test_get_admin_product_translation_unauthorized",""
"skipped","Thu Jul 10 01:12:16 UTC 2025","Thu Jul 10 01:12:16 UTC 2025","0","tests.account","test_funds_transfer_send","","","","test_send_funds_transfer_positive[client-payload1]","Позитивные тесты на перевод/вывод средств по visibleId"
"skipped","Thu Jul 10 01:14:37 UTC 2025","Thu Jul 10 01:14:38 UTC 2025","1139","tests.tickets","test_06_close_ticket","","","","test_close_tickets_negative[admin-None-400]","Негативные тесты: закрытие с некорректными данными"
"failed","Thu Jul 10 01:13:32 UTC 2025","Thu Jul 10 01:13:33 UTC 2025","919","tests.catalog","test_create_admin_product_translation","","","","test_create_admin_product_translation_success[ru]",""
"passed","Thu Jul 10 01:14:15 UTC 2025","Thu Jul 10 01:14:15 UTC 2025","132","tests.cart","test_get_delivery_cost","","","","test_get_delivery_cost_invalid_payload[partner-payload0]","Негативный тест: некорректные входные данные"
"skipped","Thu Jul 10 01:13:58 UTC 2025","Thu Jul 10 01:13:58 UTC 2025","0","tests.orders","test_group_order_change_country","","","","test_change_country_success[authorize_partner-200]","Позитивные тесты: успешное изменение страны в групповом заказе"
"passed","Thu Jul 10 01:14:04 UTC 2025","Thu Jul 10 01:14:04 UTC 2025","134","tests.register","test_01_register_form","","","","test_register_form_negative[client-payload2-400]",""
"passed","Thu Jul 10 01:14:10 UTC 2025","Thu Jul 10 01:14:11 UTC 2025","133","tests.cart","test_get_delivery_cost","","","","test_get_delivery_cost_invalid_payload[client-payload0]","Негативный тест: некорректные входные данные"
"passed","Thu Jul 10 01:14:41 UTC 2025","Thu Jul 10 01:14:41 UTC 2025","134","tests.statistic","test_team_registrations","","","","test_get_team_registration_statistic_negative[payload6-admin]","Негативный тест: ошибка при получении статистики регистрации команды с невалидным телом запроса"
"passed","Thu Jul 10 01:12:38 UTC 2025","Thu Jul 10 01:12:40 UTC 2025","1249","tests.admin_panel.categories","test_50_upload_category_images","","","","test_upload_category_images_invalid_format[valid.png-image/png-204]","Негативный тест: загрузка изображений в неверном формате (например, .txt)."
"passed","Thu Jul 10 01:13:12 UTC 2025","Thu Jul 10 01:13:12 UTC 2025","136","tests.admin_panel.slides","test_56_get_slides","","","","test_get_slides_forbidden[client]","Негативный тест: получение списка слайдов не админом."
"skipped","Thu Jul 10 01:14:08 UTC 2025","Thu Jul 10 01:14:09 UTC 2025","146","tests.register","test_01_register_form","","","","test_register_form_negative[admin-payload1-400]",""
"passed","Thu Jul 10 01:13:25 UTC 2025","Thu Jul 10 01:13:25 UTC 2025","420","tests.auth","test_01_check_version","","","","test_check_version[-1.0.0-400]","Тест проверяет API /check_version для разных платформ и версий."
"failed","Thu Jul 10 01:13:58 UTC 2025","Thu Jul 10 01:13:59 UTC 2025","890","tests.catalog","test_create_admin_product_translation","","","","test_create_admin_product_translation_success[mn]",""
"passed","Thu Jul 10 01:14:08 UTC 2025","Thu Jul 10 01:14:08 UTC 2025","171","tests.cart","test_get_delivery_cost","","","","test_get_delivery_cost_success_partial_payload[admin-payload6-400]","Позитивный тест: успешное получение ТК при неполном наборе (город без региона, без ID и т.п.)"
"passed","Thu Jul 10 01:12:59 UTC 2025","Thu Jul 10 01:13:00 UTC 2025","580","tests.admin_panel.promo","test_74_update_promotion","","","","test_update_promotion_invalid_id[-1]","Негативный тест: несуществующий или некорректный ID."
"passed","Thu Jul 10 01:13:07 UTC 2025","Thu Jul 10 01:13:08 UTC 2025","1327","tests.admin_panel.promo","test_74_update_promotion","","","","test_update_promotion_invalid_payload[payload2-400]","Негативный тест: обновление акции с невалидным или неполным телом запроса."
"skipped","Thu Jul 10 01:12:28 UTC 2025","Thu Jul 10 01:12:28 UTC 2025","0","tests.admin_panel.products","test_01_create_product_group","","","","test_create_product_group_invalid_payload[payload2-400]",""
"passed","Thu Jul 10 01:14:00 UTC 2025","Thu Jul 10 01:14:00 UTC 2025","137","tests.orders","test_create_order_by_delivery_address","","","","test_create_order_invalid_data[invalid_payload1-admin]","Негативные тесты: создание заказа с некорректными данными"
"passed","Thu Jul 10 01:13:25 UTC 2025","Thu Jul 10 01:13:26 UTC 2025","1062","tests.admin_panel.slides","test_61_upload_slides_images","","","","test_upload_slide_images_invalid_format[invalid.pdf-application/pdf-400]","Негативный и позитивный тест: загрузка изображений в разных форматах."
"passed","Thu Jul 10 01:12:22 UTC 2025","Thu Jul 10 01:12:22 UTC 2025","438","tests.admin_panel.categories","test_50_upload_category_images","","","","test_upload_category_images_unauthorized","Негативный тест: загрузка изображений категории без авторизации."
"passed","Thu Jul 10 01:12:33 UTC 2025","Thu Jul 10 01:12:33 UTC 2025","600","tests.admin_panel.categories","test_57_v2_update_category","","","","test_v2_update_category_invalid_id[9999999]","Негативный тест: несуществующий или некорректный ID."
"passed","Thu Jul 10 01:13:26 UTC 2025","Thu Jul 10 01:13:27 UTC 2025","1019","tests.admin_panel.slides","test_61_upload_slides_images","","","","test_upload_slide_images_invalid_format[invalid.docx-application/vnd.openxmlformats-officedocument.wordprocessingml.document-400]","Негативный и позитивный тест: загрузка изображений в разных форматах."
"passed","Thu Jul 10 01:13:12 UTC 2025","Thu Jul 10 01:13:13 UTC 2025","577","tests.admin_panel.sliders","test_55_delete_sliders","","","","test_delete_slider_invalid_id[abc]","Негативный тест: удаление несуществующего или некорректного слайдера."
"failed","Thu Jul 10 01:13:59 UTC 2025","Thu Jul 10 01:14:00 UTC 2025","932","tests.catalog","test_update_admin_product","","","","test_update_admin_product_forbidden[partner]",""
"passed","Thu Jul 10 01:15:11 UTC 2025","Thu Jul 10 01:15:11 UTC 2025","151","tests.tickets","test_01_get_tickets","","","","test_get_tickets_success[filter1-sort1-search2-pagination1-admin]","Позитивный тест: получение списка тикетов с разными комбинациями параметров"
"passed","Thu Jul 10 01:14:23 UTC 2025","Thu Jul 10 01:14:24 UTC 2025","831","tests.tickets","test_06_close_ticket","","","","test_close_ticket_success[client]","Позитивный тест: закрытие тикета для клиента, партнера и админа."
"failed","Thu Jul 10 01:12:14 UTC 2025","Thu Jul 10 01:12:15 UTC 2025","787","tests.PROJECT_FUND.initiatives","test_get_reports","","","","test_get_reports_with_query_params[query0-https://dev.ewahelps.com/api]","Позитивный тест: получение списка отчетов с query-параметрами"
"passed","Thu Jul 10 01:14:07 UTC 2025","Thu Jul 10 01:14:07 UTC 2025","137","tests.statistic","test_0_dashboard","","","","test_get_dashboard_statistic[client]","Позитивный тест: получение статистики для дашборда ""прирост или убыль в числовом виде"
"passed","Thu Jul 10 01:14:18 UTC 2025","Thu Jul 10 01:14:18 UTC 2025","138","tests.statistic","test_team_registrations","","","","test_get_team_registration_statistic_positive[payload3-client]","Позитивный тест: получение статистики по регистрации команды с валидным телом запроса"
"passed","Thu Jul 10 01:15:21 UTC 2025","Thu Jul 10 01:15:21 UTC 2025","143","tests.tickets","test_01_get_tickets","","","","test_get_tickets_success[filter2-sort0-search2-pagination1-partner]","Позитивный тест: получение списка тикетов с разными комбинациями параметров"
"passed","Thu Jul 10 01:12:22 UTC 2025","Thu Jul 10 01:12:22 UTC 2025","434","tests.admin_panel.categories","test_48_update_category","","","","test_update_category_unauthorized","Негативный тест: попытка обновления категории без авторизации."
"passed","Thu Jul 10 01:14:25 UTC 2025","Thu Jul 10 01:14:26 UTC 2025","909","tests.tickets","test_09_get_ticket_messages","","","","test_get_ticket_messages_positive[partner]","Позитивный тест: успешное получение списка сообщений тикета"
"skipped","Thu Jul 10 01:12:16 UTC 2025","Thu Jul 10 01:12:16 UTC 2025","0","tests.account","test_history","","","","test_get_history_positive[partner-payload0]","Позитивные тесты на получение истории аккаунта"
"passed","Thu Jul 10 01:12:52 UTC 2025","Thu Jul 10 01:12:54 UTC 2025","1366","tests.admin_panel.promo","test_74_update_promotion","","","","test_update_promotion_success","Позитивный тест: успешное обновление акции (все поля)."
"passed","Thu Jul 10 01:14:19 UTC 2025","Thu Jul 10 01:14:19 UTC 2025","140","tests.statistic","test_team_registrations","","","","test_get_team_registration_statistic_positive[payload3-admin]","Позитивный тест: получение статистики по регистрации команды с валидным телом запроса"
"passed","Thu Jul 10 01:16:57 UTC 2025","Thu Jul 10 01:16:58 UTC 2025","1098","tests.tickets","test_04_create_ticket","","","","test_create_ticket_success[admin-attachments2-QuestionsAboutTheWorkOfTheStructureAndMentors]","Позитивный тест: создание тикета с разными темами и вложениями для клиента, партнера и админа"
"passed","Thu Jul 10 01:14:25 UTC 2025","Thu Jul 10 01:14:26 UTC 2025","151","tests.tickets","test_01_get_tickets","","","","test_get_tickets_success[filter0-sort0-search1-pagination0-admin]","Позитивный тест: получение списка тикетов с разными комбинациями параметров"
"skipped","Thu Jul 10 01:12:28 UTC 2025","Thu Jul 10 01:12:28 UTC 2025","0","tests.admin_panel.products","test_01_create_product_group","","","","test_create_product_group_unauthorized","Негативный тест: создание продукт группы без авторизации."
"passed","Thu Jul 10 01:14:04 UTC 2025","Thu Jul 10 01:14:04 UTC 2025","639","tests.delivery","test_01_save_delivery_address","","","","test_save_delivery_address_positive[partner-payload5]","Позитивные тесты на сохранение адреса доставки"
"passed","Thu Jul 10 01:14:13 UTC 2025","Thu Jul 10 01:14:13 UTC 2025","141","tests.statistic","test_team_activations","","","","test_get_team_activation_statistic_positive[payload3-partner]","Позитивный тест: получение статистики по активации команды с валидным телом запроса"
"passed","Thu Jul 10 01:14:10 UTC 2025","Thu Jul 10 01:14:10 UTC 2025","140","tests.statistic","test_team_activations","","","","test_get_team_activation_statistic_positive[payload2-client]","Позитивный тест: получение статистики по активации команды с валидным телом запроса"
"skipped","Thu Jul 10 01:12:17 UTC 2025","Thu Jul 10 01:12:17 UTC 2025","0","tests.account","test_delete_avatar","","","","test_delete_avatar_positive[partner]","Позитивные тесты на удаление аватара"
"passed","Thu Jul 10 01:12:32 UTC 2025","Thu Jul 10 01:12:32 UTC 2025","620","tests.admin_panel.categories","test_57_v2_update_category","","","","test_v2_update_category_invalid_id[-1]","Негативный тест: несуществующий или некорректный ID."
"passed","Thu Jul 10 01:15:16 UTC 2025","Thu Jul 10 01:15:16 UTC 2025","150","tests.tickets","test_01_get_tickets","","","","test_get_tickets_success[filter2-sort0-search1-pagination0-admin]","Позитивный тест: получение списка тикетов с разными комбинациями параметров"
"passed","Thu Jul 10 01:12:15 UTC 2025","Thu Jul 10 01:12:15 UTC 2025","133","tests.account","test_0_funds_transfer_withdrawal_info","","","","test_get_withdrawal_info_positive[client-403]","Позитивные тесты на получение информации о выводе средств"
"passed","Thu Jul 10 01:15:43 UTC 2025","Thu Jul 10 01:15:44 UTC 2025","1228","tests.tickets","test_04_create_ticket","","","","test_create_ticket_success[partner-attachments1-QuestionsAboutTheMarriageContract]","Позитивный тест: создание тикета с разными темами и вложениями для клиента, партнера и админа"
"passed","Thu Jul 10 01:14:17 UTC 2025","Thu Jul 10 01:14:17 UTC 2025","142","tests.statistic","test_team_registrations","","","","test_get_team_registration_statistic_positive[payload2-admin]","Позитивный тест: получение статистики по регистрации команды с валидным телом запроса"
"passed","Thu Jul 10 01:15:28 UTC 2025","Thu Jul 10 01:15:28 UTC 2025","144","tests.tickets","test_01_get_tickets","","","","test_get_tickets_success[filter2-sort1-search1-pagination1-partner]","Позитивный тест: получение списка тикетов с разными комбинациями параметров"
"passed","Thu Jul 10 01:13:21 UTC 2025","Thu Jul 10 01:13:21 UTC 2025","142","tests.admin_panel.slides","test_61_upload_slides_images","","","","test_upload_slide_images_forbidden[client]","Негативный тест: неадмин не может загрузить изображения слайда."
"passed","Thu Jul 10 01:13:28 UTC 2025","Thu Jul 10 01:13:28 UTC 2025","163","tests.auth","test_02_login","","","","test_partner_login[partner-2404-123123-200]",""
"passed","Thu Jul 10 01:12:21 UTC 2025","Thu Jul 10 01:12:23 UTC 2025","1262","tests.admin_panel.categories","test_49_delete_category","","","","test_delete_category_success","Позитивный тест: успешное удаление категории."
"passed","Thu Jul 10 01:12:49 UTC 2025","Thu Jul 10 01:12:50 UTC 2025","1250","tests.admin_panel.promo","test_73_get_promotion_by_id","","","","test_get_promotion_by_id_forbidden[partner]","Негативный тест: получение акции по ID не админом."
"passed","Thu Jul 10 01:13:06 UTC 2025","Thu Jul 10 01:13:06 UTC 2025","593","tests.admin_panel.sliders","test_52_create_slider","","","","test_create_slider_invalid_payload[payload5-400]","Негативный тест: попытка создать слайдер с невалидным payload."
"skipped","Thu Jul 10 01:12:16 UTC 2025","Thu Jul 10 01:12:16 UTC 2025","0","tests.account","test_update_default_stock","","","","test_update_default_stock_positive[client-payload1]","Позитивные тесты на изменение дефолтного склада"
"passed","Thu Jul 10 01:14:07 UTC 2025","Thu Jul 10 01:14:08 UTC 2025","1422","tests.admin_panel.slides","test_61_upload_slides_images","","","","test_upload_only_single_slide_image_field[desktop_image-test_jpg.jpg-image/jpeg-desktop_image]","Проверка: загрузка только одного изображения не должна заполнять другие поля."
"passed","Thu Jul 10 01:12:17 UTC 2025","Thu Jul 10 01:12:18 UTC 2025","451","tests.PROJECT_FUND.initiatives","test_get_report_by_id","","","","test_get_report_by_invalid_id[9999999-https://dev.ewahelps.com/api]","Негативный тест: невалидный или несуществующий path-параметр"
"skipped","Thu Jul 10 01:12:16 UTC 2025","Thu Jul 10 01:12:16 UTC 2025","0","tests.account","test_get_default_stock","","","","test_get_default_stock_positive[client]","Позитивные тесты на получение дефолтного склада"
"passed","Thu Jul 10 01:12:58 UTC 2025","Thu Jul 10 01:13:00 UTC 2025","1326","tests.admin_panel.promo","test_77_create_promotion_item","","","","test_create_promotion_item_invalid_payload[payload0-400]",""
"skipped","Thu Jul 10 01:12:16 UTC 2025","Thu Jul 10 01:12:16 UTC 2025","0","tests.account","test_funds_transfer_list","","","","test_get_funds_transfer_list_positive[partner-payload1]","Позитивные тесты на получение истории переводов/выводов средств"
"passed","Thu Jul 10 01:14:02 UTC 2025","Thu Jul 10 01:14:02 UTC 2025","610","tests.register","test_02_register_partner","","","","test_register_partner_negative[payload1-400]","Тест: негативные тесты для регистрации партнера вручную"
"passed","Thu Jul 10 01:13:16 UTC 2025","Thu Jul 10 01:13:16 UTC 2025","474","tests.admin_panel.slides","test_60_delete_slides","","","","test_delete_slide_unauthorized","Негативный тест: попытка удаления слайда без авторизации."
"passed","Thu Jul 10 01:12:43 UTC 2025","Thu Jul 10 01:12:43 UTC 2025","605","tests.admin_panel.products","test_40_create_product_brand","","","","test_create_product_brand_invalid_payload[payload8-expected_codes8]","Негативные кейсы: невалидные поля при создании бренда."
"passed","Thu Jul 10 01:13:57 UTC 2025","Thu Jul 10 01:13:57 UTC 2025","132","tests.delivery","test_02_get_delivery_address","","","","test_get_delivery_addresses_invalid_pagination[invalid_pagination1-client]","Негативные тесты: передача некорректных параметров пагинации"
"skipped","Thu Jul 10 01:12:16 UTC 2025","Thu Jul 10 01:12:16 UTC 2025","0","tests.account","test_history_personal_volumes_admin","","","","test_get_personal_volumes_history_admin_positive[client-payload1]","Позитивные тесты на получение истории начисления личных объемов для админа"
"failed","Thu Jul 10 01:13:37 UTC 2025","Thu Jul 10 01:13:38 UTC 2025","953","tests.catalog","test_delete_admin_product_translation","","","","test_delete_admin_product_translation_forbidden[client]",""
"passed","Thu Jul 10 01:12:34 UTC 2025","Thu Jul 10 01:12:35 UTC 2025","1165","tests.admin_panel.categories","test_48_update_category","","","","test_update_category_invalid_payload[payload3-400]","Негативный тест: обновление категории с невалидным телом запроса."
"passed","Thu Jul 10 01:12:22 UTC 2025","Thu Jul 10 01:12:22 UTC 2025","139","tests.account","test_0_top_partners_client_service_v2","","","","test_get_top_partners_client_service_v2_positive[admin]","Позитивные тесты на получение топ-партнеров по сумме ЛО клиентов"
"passed","Thu Jul 10 01:13:02 UTC 2025","Thu Jul 10 01:13:02 UTC 2025","135","tests.admin_panel.sliders","test_52_create_slider","","","","test_create_slider_forbidden[partner]","Негативный тест: создание слайдера не-админом запрещено."
"passed","Thu Jul 10 01:12:37 UTC 2025","Thu Jul 10 01:12:38 UTC 2025","132","tests.admin_panel.products","test_40_create_product_brand","","","","test_create_product_brand_forbidden[partner]","Негативный тест: создание бренда не-админом запрещено."
"passed","Thu Jul 10 01:17:05 UTC 2025","Thu Jul 10 01:17:06 UTC 2025","1117","tests.tickets","test_04_create_ticket","","","","test_create_ticket_success[admin-attachments2-ReceivingDefectiveProductsOrShortage]","Позитивный тест: создание тикета с разными темами и вложениями для клиента, партнера и админа"
"skipped","Thu Jul 10 01:12:14 UTC 2025","Thu Jul 10 01:12:14 UTC 2025","0","tests.account","test_0_marathon","","","","test_create_product_brand_invalid_payload[params5-400-admin]",""
"passed","Thu Jul 10 01:13:28 UTC 2025","Thu Jul 10 01:13:30 UTC 2025","1117","tests.admin_panel.slides","test_59_update_slide","","","","test_update_slide_invalid_payload[payload2-expected_code2]","Негативный тест: обновление слайда с невалидным или неполным телом запроса."
"passed","Thu Jul 10 01:12:17 UTC 2025","Thu Jul 10 01:12:17 UTC 2025","135","tests.account","test_0_users_by_lo_rating","","","","test_get_users_by_lo_rating_positive[partner]","Позитивные тесты на получение рейтинга продавцов по личному объему"
"passed","Thu Jul 10 01:13:15 UTC 2025","Thu Jul 10 01:13:16 UTC 2025","968","tests.admin_panel.slides","test_60_delete_slides","","","","test_delete_slide_success","Позитивный тест: успешное удаление слайда."
"passed","Thu Jul 10 01:12:59 UTC 2025","Thu Jul 10 01:12:59 UTC 2025","428","tests.admin_panel.promo","test_78_delete_promotion_item","","","","test_delete_promotion_item_unauthorized","Негативный тест: удаление элемента акции без авторизации."
"passed","Thu Jul 10 01:13:08 UTC 2025","Thu Jul 10 01:13:12 UTC 2025","4849","tests.admin_panel.products","test_44_upload_product_brand_images","","","","test_upload_product_brand_images_various_fields[4.7-fields_to_send4-204]","Негативный тест. Загрузка слишком большого изображения."
"passed","Thu Jul 10 01:12:20 UTC 2025","Thu Jul 10 01:12:20 UTC 2025","133","tests.account","test_0_top_partners_top_recruiters","","","","test_get_top_partners_top_recruiters_positive[admin]","Позитивные тесты на получение топ-партнеров по количеству активных партнеров"
"passed","Thu Jul 10 01:14:26 UTC 2025","Thu Jul 10 01:14:27 UTC 2025","1294","tests.tickets","test_06_close_ticket","","","","test_close_ticket_success[admin]","Позитивный тест: закрытие тикета для клиента, партнера и админа."
"skipped","Thu Jul 10 01:12:28 UTC 2025","Thu Jul 10 01:12:28 UTC 2025","0","tests.admin_panel.products","test_01_create_product_group","","","","test_create_product_group_success","Позитивный тест: успешное создание продукт группы (все поля)."
"passed","Thu Jul 10 01:12:22 UTC 2025","Thu Jul 10 01:12:23 UTC 2025","580","tests.admin_panel.categories","test_46_create_category","","","","test_create_category_invalid_payload[payload1-expected_code1]","Негативные тесты: проверка различных некорректных payload'ов."
"passed","Thu Jul 10 01:13:38 UTC 2025","Thu Jul 10 01:13:39 UTC 2025","1108","tests.admin_panel.slides","test_59_update_slide","","","","test_update_slide_invalid_payload[payload10-422]","Негативный тест: обновление слайда с невалидным или неполным телом запроса."
"passed","Thu Jul 10 01:14:01 UTC 2025","Thu Jul 10 01:14:02 UTC 2025","724","tests.delivery","test_01_save_delivery_address","","","","test_save_delivery_address_positive[partner-payload3]","Позитивные тесты на сохранение адреса доставки"
"skipped","Thu Jul 10 01:12:14 UTC 2025","Thu Jul 10 01:12:14 UTC 2025","0","tests.account","test_0_marathon","","","","test_create_product_brand_invalid_payload[params1-400-client]",""
"passed","Thu Jul 10 01:14:25 UTC 2025","Thu Jul 10 01:14:25 UTC 2025","150","tests.tickets","test_01_get_tickets","","","","test_get_tickets_success[filter0-sort0-search1-pagination0-partner]","Позитивный тест: получение списка тикетов с разными комбинациями параметров"
"passed","Thu Jul 10 01:14:30 UTC 2025","Thu Jul 10 01:14:30 UTC 2025","132","tests.statistic","test_team_activations","","","","test_get_team_activation_statistic_negative[payload6-admin]","Негативный тест: ошибка при получении статистики активации команды с невалидным телом запроса"
"passed","Thu Jul 10 01:12:28 UTC 2025","Thu Jul 10 01:12:29 UTC 2025","569","tests.admin_panel.categories","test_56_v2_create_category","","","","test_v2_create_category_invalid_payload[payload5-422]","Негативный тест: создание категории с невалидным телом запроса."
"passed","Thu Jul 10 01:13:58 UTC 2025","Thu Jul 10 01:13:58 UTC 2025","569","tests.fund","test_get_top_donors","","","","test_get_top_donors_invalid_params[invalid_param1-https://dev.ewahelps.com/api]","Негативный тест: переданы некорректные параметры."
"passed","Thu Jul 10 01:16:39 UTC 2025","Thu Jul 10 01:16:40 UTC 2025","1200","tests.tickets","test_04_create_ticket","","","","test_create_ticket_success[admin-attachments1-QuestionsAboutTheRewardSystemMarketingPlan]","Позитивный тест: создание тикета с разными темами и вложениями для клиента, партнера и админа"
"skipped","Thu Jul 10 01:13:31 UTC 2025","Thu Jul 10 01:13:32 UTC 2025","132","tests.cart","test_user_locale","","","","test_update_user_locale_valid_payload_1[client-payload2]","
    Позитивный тест: Обновление языка/склада/локали авторизованным пользователем."
"passed","Thu Jul 10 01:13:49 UTC 2025","Thu Jul 10 01:13:50 UTC 2025","947","tests.cart","test_get_delivery_cost","","","","test_get_delivery_cost_success_partial_payload[partner-payload3-200]","Позитивный тест: успешное получение ТК при неполном наборе (город без региона, без ID и т.п.)"
"passed","Thu Jul 10 01:12:47 UTC 2025","Thu Jul 10 01:12:48 UTC 2025","1292","tests.admin_panel.products","test_44_upload_product_brand_images","","","","test_upload_only_mobile_image_should_not_fill_other_fields","Проверка: при загрузке только mobile_image другие поля не должны заполняться."
"skipped","Thu Jul 10 01:14:03 UTC 2025","Thu Jul 10 01:14:04 UTC 2025","151","tests.register","test_01_register_form","","","","test_register_form_negative[client-payload1-400]",""
"skipped","Thu Jul 10 01:12:16 UTC 2025","Thu Jul 10 01:12:16 UTC 2025","0","tests.account","test_history_admin","","","","test_get_admin_history_positive[partner-payload0]","Позитивные тесты на получение истории бонусов для админа"
"failed","Thu Jul 10 01:13:43 UTC 2025","Thu Jul 10 01:13:43 UTC 2025","928","tests.catalog","test_create_admin_product_translation","","","","test_create_admin_product_translation_success[uz]",""
"passed","Thu Jul 10 01:13:56 UTC 2025","Thu Jul 10 01:13:56 UTC 2025","133","tests.delivery","test_02_get_delivery_address","","","","test_get_delivery_addresses_invalid_pagination[invalid_pagination0-admin]","Негативные тесты: передача некорректных параметров пагинации"
"skipped","Thu Jul 10 01:12:16 UTC 2025","Thu Jul 10 01:12:16 UTC 2025","0","tests.account","test_history_personal_volumes","","","","test_get_personal_volumes_history_positive[client-payload0]","Позитивные тесты на получение истории начисления личных объемов"
"failed","Thu Jul 10 01:14:04 UTC 2025","Thu Jul 10 01:14:05 UTC 2025","930","tests.catalog","test_update_admin_product","","","","test_update_admin_product_invalid_payload[update_payload0-400]",""
"passed","Thu Jul 10 01:12:27 UTC 2025","Thu Jul 10 01:12:28 UTC 2025","589","tests.admin_panel.categories","test_56_v2_create_category","","","","test_v2_create_category_invalid_payload[payload3-400]","Негативный тест: создание категории с невалидным телом запроса."
"passed","Thu Jul 10 01:13:53 UTC 2025","Thu Jul 10 01:13:54 UTC 2025","642","tests.delivery","test_01_save_delivery_address","","","","test_save_delivery_address_positive[client-payload2]","Позитивные тесты на сохранение адреса доставки"
"passed","Thu Jul 10 01:16:05 UTC 2025","Thu Jul 10 01:16:06 UTC 2025","1078","tests.tickets","test_04_create_ticket","","","","test_create_ticket_success[partner-attachments2-QuestionsAboutTheRewardSystemMarketingPlan]","Позитивный тест: создание тикета с разными темами и вложениями для клиента, партнера и админа"
"passed","Thu Jul 10 01:14:15 UTC 2025","Thu Jul 10 01:14:16 UTC 2025","134","tests.delivery","test_03_delete_delivery_address","","","","test_delete_delivery_address_invalid_id[abc-partner]","Негативные тесты: удаление адреса с некорректным ID"
"failed","Thu Jul 10 01:13:33 UTC 2025","Thu Jul 10 01:13:34 UTC 2025","583","tests.catalog","test_create_admin_product","","","","test_create_admin_product_minimal_payload",""
"passed","Thu Jul 10 01:13:21 UTC 2025","Thu Jul 10 01:13:22 UTC 2025","596","tests.admin_panel.slides","test_60_delete_slides","","","","test_delete_slide_invalid_id[abc]","Негативный тест: удаление несуществующего или некорректного слайда."
"skipped","Thu Jul 10 01:14:28 UTC 2025","Thu Jul 10 01:14:28 UTC 2025","139","tests.statistic","test_team_registrations","","","","test_get_team_registration_statistic_negative[payload2-client]","Негативный тест: ошибка при получении статистики регистрации команды с невалидным телом запроса"
"passed","Thu Jul 10 01:12:22 UTC 2025","Thu Jul 10 01:12:23 UTC 2025","417","tests.admin_panel.categories","test_56_v2_create_category","","","","test_v2_create_category_unauthorized","Негативный тест: создание категории без авторизации."
"passed","Thu Jul 10 01:14:14 UTC 2025","Thu Jul 10 01:14:14 UTC 2025","134","tests.statistic","test_team_go","","","","test_get_team_go_statistic_positive[payload0-partner]","Позитивный тест: получение статистики по команде с валидным телом запроса"
"passed","Thu Jul 10 01:14:05 UTC 2025","Thu Jul 10 01:14:05 UTC 2025","139","tests.delivery","test_01_save_delivery_address","","","","test_save_delivery_address_negative[client-payload0-400]","Негативные тесты на сохранение адреса доставки (отсутствие обязательных полей, некорректные данные)"
"passed","Thu Jul 10 01:13:31 UTC 2025","Thu Jul 10 01:13:32 UTC 2025","639","tests.auth","test_06_full_logout","","","","test_full_logout_success[admin]","Тест полного разлогина всех сессий клиента, партнера и админа."
"passed","Thu Jul 10 01:12:39 UTC 2025","Thu Jul 10 01:12:39 UTC 2025","605","tests.admin_panel.products","test_40_create_product_brand","","","","test_create_product_brand_invalid_payload[payload1-expected_codes1]","Негативные кейсы: невалидные поля при создании бренда."
"passed","Thu Jul 10 01:13:44 UTC 2025","Thu Jul 10 01:13:44 UTC 2025","167","tests.cart","test_get_delivery_cost","","","","test_get_delivery_cost_success_partial_payload[client-payload6-400]","Позитивный тест: успешное получение ТК при неполном наборе (город без региона, без ID и т.п.)"
"passed","Thu Jul 10 01:13:35 UTC 2025","Thu Jul 10 01:13:36 UTC 2025","393","tests.catalog","test_create_admin_product","","","","test_create_admin_product_forbidden_for_non_admin[client]",""
"skipped","Thu Jul 10 01:13:41 UTC 2025","Thu Jul 10 01:13:41 UTC 2025","138","tests.cart","test_user_locale","","","","test_update_user_locale_valid_payload_1[partner-payload8]","
    Позитивный тест: Обновление языка/склада/локали авторизованным пользователем."
"skipped","Thu Jul 10 01:13:56 UTC 2025","Thu Jul 10 01:13:56 UTC 2025","131","tests.cart","test_user_locale","","","","test_update_user_locale_invalid_payload[partner-payload5-400]","Негативный тест: обновление локали с невалидным payload."
"passed","Thu Jul 10 01:13:17 UTC 2025","Thu Jul 10 01:13:17 UTC 2025","597","tests.admin_panel.slides","test_0_slides_sort","","","","test_slides_sort_invalid_id[999999]","Негативный тест: невалидный path parameter."
"passed","Thu Jul 10 01:14:30 UTC 2025","Thu Jul 10 01:14:30 UTC 2025","705","tests.tickets","test_04_create_ticket","","","","test_create_ticket_success[client-attachments0-ReceivingDefectiveProductsOrShortage]","Позитивный тест: создание тикета с разными темами и вложениями для клиента, партнера и админа"
"skipped","Thu Jul 10 01:14:06 UTC 2025","Thu Jul 10 01:14:06 UTC 2025","413","tests.orders","test_group_order_change_country","","","","test_change_country_without_auth","Негативный тест: изменение страны без авторизации"
"passed","Thu Jul 10 01:15:08 UTC 2025","Thu Jul 10 01:15:08 UTC 2025","144","tests.tickets","test_01_get_tickets","","","","test_get_tickets_success[filter1-sort1-search2-pagination0-partner]","Позитивный тест: получение списка тикетов с разными комбинациями параметров"
"passed","Thu Jul 10 01:13:23 UTC 2025","Thu Jul 10 01:13:24 UTC 2025","516","tests.admin_panel.slides","test_61_upload_slides_images","","","","test_upload_slide_images_forbidden[partner]","Негативный тест: неадмин не может загрузить изображения слайда."
"passed","Thu Jul 10 01:12:37 UTC 2025","Thu Jul 10 01:12:37 UTC 2025","135","tests.admin_panel.products","test_40_create_product_brand","","","","test_create_product_brand_forbidden[client]","Негативный тест: создание бренда не-админом запрещено."
"skipped","Thu Jul 10 01:13:57 UTC 2025","Thu Jul 10 01:13:57 UTC 2025","0","tests.orders","test_create_order_by_delivery_address","","","","test_create_order_permissions[authorize_client-authorize_client-200]","Тест: проверка прав доступа при создании заказа по сохраненному адресу"
"passed","Thu Jul 10 01:15:02 UTC 2025","Thu Jul 10 01:15:02 UTC 2025","140","tests.tickets","test_01_get_tickets","","","","test_get_tickets_success[filter1-sort1-search0-pagination1-client]","Позитивный тест: получение списка тикетов с разными комбинациями параметров"
"passed","Thu Jul 10 01:14:19 UTC 2025","Thu Jul 10 01:14:20 UTC 2025","136","tests.delivery","test_01_save_delivery_address","","","","test_save_delivery_address_negative[partner-payload6-400]","Негативные тесты на сохранение адреса доставки (отсутствие обязательных полей, некорректные данные)"
"passed","Thu Jul 10 01:14:20 UTC 2025","Thu Jul 10 01:14:20 UTC 2025","133","tests.delivery","test_01_save_delivery_address","","","","test_save_delivery_address_negative[partner-payload7-500]","Негативные тесты на сохранение адреса доставки (отсутствие обязательных полей, некорректные данные)"
"passed","Thu Jul 10 01:14:08 UTC 2025","Thu Jul 10 01:14:09 UTC 2025","1126","tests.register","test_03_register_client","","","","test_register_client_positive[partner-200]","Тест: позитивные тесты для регистрации клиента вручную"
"passed","Thu Jul 10 01:15:01 UTC 2025","Thu Jul 10 01:15:01 UTC 2025","141","tests.tickets","test_01_get_tickets","","","","test_get_tickets_success[filter1-sort1-search0-pagination0-admin]","Позитивный тест: получение списка тикетов с разными комбинациями параметров"
"skipped","Thu Jul 10 01:14:36 UTC 2025","Thu Jul 10 01:14:39 UTC 2025","2100","tests.tickets","test_10_send_message_to_ticket","","","","test_send_message_role_permissions[authorize_partner-authorize_admin-200]","Проверка доступа к отправке сообщений в тикеты в зависимости от роли"
"passed","Thu Jul 10 01:13:25 UTC 2025","Thu Jul 10 01:13:26 UTC 2025","584","tests.admin_panel.slides","test_59_update_slide","","","","test_update_slide_invalid_id[9999999]","Негативный тест: несуществующий или некорректный ID."
"passed","Thu Jul 10 01:14:29 UTC 2025","Thu Jul 10 01:14:30 UTC 2025","135","tests.statistic","test_team_registrations","","","","test_get_team_registration_statistic_negative[payload3-client]","Негативный тест: ошибка при получении статистики регистрации команды с невалидным телом запроса"
"passed","Thu Jul 10 01:12:18 UTC 2025","Thu Jul 10 01:12:18 UTC 2025","134","tests.account","test_0_users_by_lo_rating","","","","test_get_users_by_lo_rating_positive[admin]","Позитивные тесты на получение рейтинга продавцов по личному объему"
"passed","Thu Jul 10 01:12:59 UTC 2025","Thu Jul 10 01:13:00 UTC 2025","413","tests.admin_panel.promo","test_73_get_promotion_by_id","","","","test_get_promotions_unauthorized","Негативный тест: без авторизации."
"passed","Thu Jul 10 01:13:58 UTC 2025","Thu Jul 10 01:13:59 UTC 2025","703","tests.fund","test_get_top_donors","","","","test_get_top_donors_invalid_params[invalid_param2-https://dev.ewahelps.com/api]","Негативный тест: переданы некорректные параметры."
"passed","Thu Jul 10 01:13:52 UTC 2025","Thu Jul 10 01:13:52 UTC 2025","140","tests.admin_panel.promo","test_71_get_promotions","","","","test_get_promotions_list_forbidden[client]","Негативный тест: получение списка акций не админом."
"passed","Thu Jul 10 01:14:09 UTC 2025","Thu Jul 10 01:14:09 UTC 2025","136","tests.statistic","test_team_registrations","","","","test_get_team_registration_statistic_positive[payload0-client]","Позитивный тест: получение статистики по регистрации команды с валидным телом запроса"
"passed","Thu Jul 10 01:13:32 UTC 2025","Thu Jul 10 01:13:33 UTC 2025","414","tests.auth","test_06_full_logout","","","","test_full_logout_without_auth","Тест полного выхода без авторизации."
"passed","Thu Jul 10 01:13:43 UTC 2025","Thu Jul 10 01:13:46 UTC 2025","3292","tests.admin_panel.slides","test_61_upload_slides_images","","","","test_upload_slide_images_file_too_large[4.7-fields_to_send4-204]","Негативный тест: загрузка слишком большого изображения."
"passed","Thu Jul 10 01:12:22 UTC 2025","Thu Jul 10 01:12:22 UTC 2025","136","tests.admin_panel.categories","test_56_v2_create_category","","","","test_v2_create_category_forbidden[partner]","Негативный тест: создание категории не-админом запрещено."
"passed","Thu Jul 10 01:14:28 UTC 2025","Thu Jul 10 01:14:28 UTC 2025","134","tests.statistic","test_team_activations","","","","test_get_team_activation_statistic_negative[payload6-client]","Негативный тест: ошибка при получении статистики активации команды с невалидным телом запроса"
"passed","Thu Jul 10 01:13:28 UTC 2025","Thu Jul 10 01:13:28 UTC 2025","158","tests.auth","test_03_token_auth","","","","test_auth_by_valid_token[partner]","Тест успешной авторизации по валидному токену"
"skipped","Thu Jul 10 01:13:36 UTC 2025","Thu Jul 10 01:13:37 UTC 2025","132","tests.cart","test_user_locale","","","","test_update_user_locale_valid_payload_1[partner-payload1]","
    Позитивный тест: Обновление языка/склада/локали авторизованным пользователем."
"passed","Thu Jul 10 01:13:31 UTC 2025","Thu Jul 10 01:13:32 UTC 2025","1090","tests.admin_panel.slides","test_61_upload_slides_images","","","","test_upload_slide_images_invalid_format[valid.webp-image/webp-204]","Негативный и позитивный тест: загрузка изображений в разных форматах."
"passed","Thu Jul 10 01:14:11 UTC 2025","Thu Jul 10 01:14:11 UTC 2025","470","tests.temporary","test_get_account_exist","","","","test_account_exist[1-200]",""
"passed","Thu Jul 10 01:15:17 UTC 2025","Thu Jul 10 01:15:18 UTC 2025","574","tests.tickets","test_04_create_ticket","","","","test_create_ticket_success[partner-attachments0-QuestionsAboutTheHousingAndCarProgram]","Позитивный тест: создание тикета с разными темами и вложениями для клиента, партнера и админа"
"skipped","Thu Jul 10 01:12:16 UTC 2025","Thu Jul 10 01:12:16 UTC 2025","0","tests.account","test_get_languages","","","","test_get_languages_success[client-123-400]","Возвращает список языков, доступных для перевода"
"passed","Thu Jul 10 01:14:26 UTC 2025","Thu Jul 10 01:14:26 UTC 2025","134","tests.delivery","test_01_save_delivery_address","","","","test_save_delivery_address_negative[admin-payload7-500]","Негативные тесты на сохранение адреса доставки (отсутствие обязательных полей, некорректные данные)"
"passed","Thu Jul 10 01:14:17 UTC 2025","Thu Jul 10 01:14:17 UTC 2025","142","tests.tickets","test_01_get_tickets","","","","test_get_tickets_success[filter0-sort0-search0-pagination0-admin]","Позитивный тест: получение списка тикетов с разными комбинациями параметров"
"passed","Thu Jul 10 01:15:14 UTC 2025","Thu Jul 10 01:15:14 UTC 2025","144","tests.tickets","test_01_get_tickets","","","","test_get_tickets_success[filter2-sort0-search0-pagination1-partner]","Позитивный тест: получение списка тикетов с разными комбинациями параметров"
"failed","Thu Jul 10 01:13:49 UTC 2025","Thu Jul 10 01:13:50 UTC 2025","928","tests.catalog","test_update_admin_product","","","","test_update_admin_product_type_not_allowed",""
"passed","Thu Jul 10 01:13:46 UTC 2025","Thu Jul 10 01:13:47 UTC 2025","984","tests.admin_panel.slides","test_57_create_slide","","","","test_create_slide_title_color_validation[#12FaBc-201]","Валидация поля title_color при создании слайда."
"passed","Thu Jul 10 01:13:19 UTC 2025","Thu Jul 10 01:13:22 UTC 2025","3582","tests.admin_panel.slides","test_59_update_slide","","","","test_update_slide_forbidden[client]","Негативный тест: попытка обновления слайда не-админом."
