"Status","Start Time","Stop Time","Duration in ms","Parent Suite","Suite","Sub Suite","Test Class","Test Method","Name","Description"
"passed","Sat Aug 23 00:47:37 UTC 2025","Sat Aug 23 00:47:39 UTC 2025","1400","tests.admin_panel.items","test_update_item","","","","test_update_item_invalid_payload[payload1-expected_code1]","Негативный тест: обновление item с невалидным или неполным телом запроса."
"skipped","Sat Aug 23 00:46:40 UTC 2025","Sat Aug 23 00:46:40 UTC 2025","0","tests.account","test_0_marathon","","","","test_create_product_brand_invalid_payload[params4-400-partner]",""
"passed","Sat Aug 23 00:47:51 UTC 2025","Sat Aug 23 00:47:51 UTC 2025","145","tests.admin_panel.promo","test_72_create_promotion","","","","test_create_promotion_forbidden[client]","Негативный тест: создание акции не-админом запрещено."
"passed","Sat Aug 23 00:49:38 UTC 2025","Sat Aug 23 00:49:38 UTC 2025","139","tests.statistic","test_team_go","","","","test_get_team_go_statistic_negative[payload5-admin]","Негативный тест: ошибка при получении статистики по команде с невалидным телом запроса"
"passed","Sat Aug 23 00:49:19 UTC 2025","Sat Aug 23 00:49:19 UTC 2025","139","tests.cart","test_get_delivery_cost","","","","test_get_delivery_cost_invalid_payload[admin-payload5]","Негативный тест: некорректные входные данные"
"passed","Sat Aug 23 00:46:59 UTC 2025","Sat Aug 23 00:47:05 UTC 2025","5566","tests.admin_panel.categories","test_81_delete_category_translation","","","","test_delete_category_translation_invalid_id[abc]","Негативный тест: удаление перевода с невалидным ID категории."
"skipped","Sat Aug 23 00:49:25 UTC 2025","Sat Aug 23 00:49:25 UTC 2025","307","tests.stock","test_get_stocks","","","","test_get_stocks_invalid_country_id[1.5-admin]","Проверка получения складов по невалидному country_id"
"passed","Sat Aug 23 00:48:37 UTC 2025","Sat Aug 23 00:48:38 UTC 2025","308","tests.cart","test_get_delivery_cost","","","","test_get_delivery_cost_success_partial_payload[client-payload6-400]","Позитивный тест: успешное получение ТК при неполном наборе (город без региона, без ID и т.п.)"
"passed","Sat Aug 23 00:48:41 UTC 2025","Sat Aug 23 00:48:43 UTC 2025","2191","tests.cart","test_user_locale","","","","test_update_user_locale_valid_payload_1[partner-payload2]","
    Позитивный тест: Обновление языка/склада/локали авторизованным пользователем."
"passed","Sat Aug 23 00:47:54 UTC 2025","Sat Aug 23 00:47:55 UTC 2025","588","tests.admin_panel.sliders","test_53_get_sliders_by_id","","","","test_get_sliders_invalid_id[None]","Негативный тест: получение слайдера по невалидному ID"
"passed","Sat Aug 23 00:49:44 UTC 2025","Sat Aug 23 00:49:45 UTC 2025","928","tests.tickets","test_11_update_message","","","","test_update_message_validation[client-update_payload0-403]","Негативные тесты: невалидные поля при редактировании сообщения"
"skipped","Sat Aug 23 00:48:59 UTC 2025","Sat Aug 23 00:48:59 UTC 2025","133","tests.orders","test_group_order_change_country","","","","test_change_country_invalid_data[invalid_payload0-client]","Негативные тесты: передача некорректных данных"
"passed","Sat Aug 23 00:50:37 UTC 2025","Sat Aug 23 00:50:37 UTC 2025","544","tests.tickets","test_04_create_ticket","","","","test_create_ticket_success[partner-attachments0-ReceivingDefectiveProductsOrShortage]","Позитивный тест: создание тикета с разными темами и вложениями для клиента, партнера и админа"
"passed","Sat Aug 23 00:50:21 UTC 2025","Sat Aug 23 00:50:22 UTC 2025","166","tests.tickets","test_01_get_tickets","","","","test_get_tickets_success[filter2-sort0-search0-pagination1-admin]","Позитивный тест: получение списка тикетов с разными комбинациями параметров"
"passed","Sat Aug 23 00:48:55 UTC 2025","Sat Aug 23 00:49:00 UTC 2025","5596","tests.delivery","test_03_delete_delivery_address","","","","test_delete_delivery_address_permissions[authorize_client-authorize_partner-True]","Тест: проверка прав доступа при удалении адресов"
"skipped","Sat Aug 23 00:46:39 UTC 2025","Sat Aug 23 00:46:39 UTC 2025","0","tests.PROJECT_EDUCATION.test_system","01_start_test","","","","test_start_test_unauthorized","Негативный тест: запуск теста без авторизации"
"passed","Sat Aug 23 00:49:02 UTC 2025","Sat Aug 23 00:49:02 UTC 2025","138","tests.delivery","test_01_save_delivery_address","","","","test_save_delivery_address_negative[admin-payload1-400]","Негативные тесты на сохранение адреса доставки (отсутствие обязательных полей, некорректные данные)"
"passed","Sat Aug 23 00:49:26 UTC 2025","Sat Aug 23 00:49:26 UTC 2025","176","tests.tickets","test_01_get_tickets","","","","test_get_tickets_success[filter0-sort0-search0-pagination0-partner]","Позитивный тест: получение списка тикетов с разными комбинациями параметров"
"passed","Sat Aug 23 00:48:03 UTC 2025","Sat Aug 23 00:48:03 UTC 2025","419","tests.auth","test_01_check_version","","","","test_check_version[Android-0.9.0-200]","Тест проверяет API /check_version для разных платформ и версий."
"skipped","Sat Aug 23 00:48:43 UTC 2025","Sat Aug 23 00:48:43 UTC 2025","0","tests.catalog","test_create_admin_product","","","","test_create_product_duplicate_slug[kk]",""
"passed","Sat Aug 23 00:47:58 UTC 2025","Sat Aug 23 00:47:58 UTC 2025","140","tests.admin_panel.slides","test_0_slides_sort","","","","test_slides_sort_by_id_forbidden[partner]","Негативный тест: не админом."
"skipped","Sat Aug 23 00:49:23 UTC 2025","Sat Aug 23 00:49:23 UTC 2025","147","tests.statistic","test_team_activations","","","","test_get_team_activation_statistic_negative[payload2-client]","Негативный тест: ошибка при получении статистики активации команды с невалидным телом запроса"
"passed","Sat Aug 23 00:46:41 UTC 2025","Sat Aug 23 00:46:41 UTC 2025","146","tests.account","test_0_funds_transfer_withdrawal_info","","","","test_get_withdrawal_info_positive[admin-403]","Позитивные тесты на получение информации о выводе средств"
"passed","Sat Aug 23 00:47:28 UTC 2025","Sat Aug 23 00:47:29 UTC 2025","979","tests.admin_panel.products","test_42_update_product_brand","","","","test_update_product_brand_invalid_payload[payload2-expected_code2]","Негативный тест: обновление бренда с невалидным или неполным телом запроса."
"passed","Sat Aug 23 00:50:53 UTC 2025","Sat Aug 23 00:50:53 UTC 2025","140","tests.tickets","test_01_get_tickets","","","","test_get_tickets_invalid_search[invalid_search0-400-partner]","Негативный тест: передаем некорректные параметры поиска"
"skipped","Sat Aug 23 00:49:03 UTC 2025","Sat Aug 23 00:49:03 UTC 2025","0","tests.orders","test_orders_v2_pay","","","","test_orders_v2_pay_invalid_data[invalid_payload2-400]","Негативный тест: отправка некорректных данных"
"passed","Sat Aug 23 00:49:24 UTC 2025","Sat Aug 23 00:49:24 UTC 2025","139","tests.statistic","test_team_registrations","","","","test_get_team_registration_statistic_negative[payload0-admin]","Негативный тест: ошибка при получении статистики регистрации команды с невалидным телом запроса"
"passed","Sat Aug 23 00:49:10 UTC 2025","Sat Aug 23 00:49:10 UTC 2025","148","tests.statistic","test_team_activations","","","","test_get_team_activation_statistic_positive[payload1-client]","Позитивный тест: получение статистики по активации команды с валидным телом запроса"
"passed","Sat Aug 23 00:50:07 UTC 2025","Sat Aug 23 00:50:09 UTC 2025","1097","tests.tickets","test_04_create_ticket","","","","test_create_ticket_success[client-attachments2-QuestionsAboutOrders]","Позитивный тест: создание тикета с разными темами и вложениями для клиента, партнера и админа"
"passed","Sat Aug 23 00:49:12 UTC 2025","Sat Aug 23 00:49:12 UTC 2025","164","tests.statistic","test_team_activations","","","","test_get_team_activation_statistic_positive[payload2-client]","Позитивный тест: получение статистики по активации команды с валидным телом запроса"
"passed","Sat Aug 23 00:51:59 UTC 2025","Sat Aug 23 00:52:00 UTC 2025","1092","tests.tickets","test_04_create_ticket","","","","test_create_ticket_success[admin-attachments2-QuestionsAboutPaymentsToIP]","Позитивный тест: создание тикета с разными темами и вложениями для клиента, партнера и админа"
"skipped","Sat Aug 23 00:46:43 UTC 2025","Sat Aug 23 00:46:43 UTC 2025","0","tests.account","test_update","","","","test_update_account_positive[partner-payload1]","Позитивные тесты на обновление данных аккаунта"
"passed","Sat Aug 23 00:49:20 UTC 2025","Sat Aug 23 00:49:20 UTC 2025","156","tests.statistic","test_team_go","","","","test_get_team_go_statistic_positive[payload3-partner]","Позитивный тест: получение статистики по команде с валидным телом запроса"
"passed","Sat Aug 23 00:49:14 UTC 2025","Sat Aug 23 00:49:15 UTC 2025","427","tests.one_c","test_create_1c_stock","","","","test_post_bad_request_or_unprocessable[<lambda>8]",""
"passed","Sat Aug 23 00:48:32 UTC 2025","Sat Aug 23 00:48:36 UTC 2025","3496","tests.admin_panel.slides","test_59_update_slide","","","","test_update_slide_invalid_payload[payload14-expected_code14]","Негативный тест: обновление слайда с невалидным или неполным телом запроса."
"passed","Sat Aug 23 00:46:49 UTC 2025","Sat Aug 23 00:46:50 UTC 2025","1183","tests.account","test_add_cover_url","","","","test_add_cover_min_payload[partner]",""
"skipped","Sat Aug 23 00:49:27 UTC 2025","Sat Aug 23 00:49:27 UTC 2025","146","tests.statistic","test_team_registrations","","","","test_get_team_registration_statistic_negative[payload2-partner]","Негативный тест: ошибка при получении статистики регистрации команды с невалидным телом запроса"
"passed","Sat Aug 23 00:48:53 UTC 2025","Sat Aug 23 00:48:54 UTC 2025","144","tests.cart","test_user_locale","","","","test_update_user_locale_valid_payload_1[partner-payload6]","
    Позитивный тест: Обновление языка/склада/локали авторизованным пользователем."
"passed","Sat Aug 23 00:49:03 UTC 2025","Sat Aug 23 00:49:03 UTC 2025","312","tests.cart","test_get_delivery_cost","","","","test_get_delivery_cost_success_partial_payload[admin-payload5-400]","Позитивный тест: успешное получение ТК при неполном наборе (город без региона, без ID и т.п.)"
"passed","Sat Aug 23 00:47:08 UTC 2025","Sat Aug 23 00:47:09 UTC 2025","614","tests.admin_panel.categories","test_80_create_category_translation","","","","test_create_category_translation_invalid_payload[payload2-400]","Негативный тест: создание перевода с невалидным payload."
"passed","Sat Aug 23 00:48:42 UTC 2025","Sat Aug 23 00:48:43 UTC 2025","802","tests.catalog","test_create_admin_product","","","","test_create_product_invalid_payload[payload9-422]",""
"skipped","Sat Aug 23 00:49:14 UTC 2025","Sat Aug 23 00:49:14 UTC 2025","0","tests.stock","test_create_stock","","","","test_create_stock_with_empty_string_log_if_not_200[user_has_access]",""
"skipped","Sat Aug 23 00:49:14 UTC 2025","Sat Aug 23 00:49:14 UTC 2025","0","tests.stock","test_create_stock","","","","test_create_stock_with_empty_string_log_if_not_200[timezone.name]",""
"passed","Sat Aug 23 00:48:10 UTC 2025","Sat Aug 23 00:48:19 UTC 2025","8798","tests.cart","test_user_locale","","","","test_update_user_locale_valid_payload_1[client-payload0]","
    Позитивный тест: Обновление языка/склада/локали авторизованным пользователем."
"skipped","Sat Aug 23 00:48:59 UTC 2025","Sat Aug 23 00:48:59 UTC 2025","0","tests.orders","test_group_order_change_country","","","","test_change_country_success[authorize_partner-200]","Позитивные тесты: успешное изменение страны в групповом заказе"
"skipped","Sat Aug 23 00:46:43 UTC 2025","Sat Aug 23 00:46:43 UTC 2025","0","tests.admin_panel","test_accrue_gold_pro_gift","","","","test_accrue_gold_pro_gift_invalid_payload[payload2-400]",""
"passed","Sat Aug 23 00:48:41 UTC 2025","Sat Aug 23 00:48:42 UTC 2025","978","tests.admin_panel.slides","test_59_update_slide","","","","test_update_slide_invalid_payload[payload20-422]","Негативный тест: обновление слайда с невалидным или неполным телом запроса."
"passed","Sat Aug 23 00:47:20 UTC 2025","Sat Aug 23 00:47:21 UTC 2025","960","tests.admin_panel.products","test_42_update_product_brand","","","","test_update_product_brand_forbidden[partner]","Негативный тест: попытка обновления бренда не-админом."
"skipped","Sat Aug 23 00:46:43 UTC 2025","Sat Aug 23 00:46:43 UTC 2025","0","tests.account","test_pass_change","","","","test_change_password_positive[client-payload0]","Позитивные тесты на изменение пароля"
"passed","Sat Aug 23 00:47:13 UTC 2025","Sat Aug 23 00:47:14 UTC 2025","837","tests.admin_panel.items","test_create_item","","","","test_create_item_invalid_payload[payload8-expected_code8]","
    Негативный тест: создание варианта с невалидным телом запроса.
    Если сервер внезапно вернул успех — удаляем созданный item из БД.
    "
"passed","Sat Aug 23 00:51:08 UTC 2025","Sat Aug 23 00:51:09 UTC 2025","1072","tests.tickets","test_04_create_ticket","","","","test_create_ticket_success[partner-attachments2-QuestionsAboutInternationalDelivery]","Позитивный тест: создание тикета с разными темами и вложениями для клиента, партнера и админа"
"passed","Sat Aug 23 00:46:43 UTC 2025","Sat Aug 23 00:46:43 UTC 2025","139","tests.account","test_0_top_partners_client_service_v2","","","","test_get_top_partners_client_service_v2_positive[admin]","Позитивные тесты на получение топ-партнеров по сумме ЛО клиентов"
"passed","Sat Aug 23 00:48:57 UTC 2025","Sat Aug 23 00:48:58 UTC 2025","1313","tests.one_c","test_create_1c_stock","","","","test_post_work_hours_closed_day_structure",""
"passed","Sat Aug 23 00:47:50 UTC 2025","Sat Aug 23 00:47:50 UTC 2025","419","tests.admin_panel.sliders","test_55_delete_sliders","","","","test_delete_slider_unauthorized","Негативный тест: попытка удаления слайдера без авторизации."
"passed","Sat Aug 23 00:49:01 UTC 2025","Sat Aug 23 00:49:01 UTC 2025","420","tests.one_c","test_get_1с_stock","","","","test_get_stock_bad_request[params1]",""
"passed","Sat Aug 23 00:47:17 UTC 2025","Sat Aug 23 00:47:18 UTC 2025","986","tests.admin_panel.products","test_42_update_product_brand","","","","test_update_product_brand_success","Позитивный тест: успешное обновление бренда (все поля)."
"skipped","Sat Aug 23 00:49:32 UTC 2025","Sat Aug 23 00:49:33 UTC 2025","1193","tests.tickets","test_06_close_ticket","","","","test_close_tickets_negative[client-ticket_ids0-400]","Негативные тесты: закрытие с некорректными данными"
"skipped","Sat Aug 23 00:46:39 UTC 2025","Sat Aug 23 00:46:39 UTC 2025","0","tests.PROJECT_EDUCATION.test_system","04_finish_test","","","","test_finish_test_invalid_id[999999]","Негативный тест: запуск теста с невалидным ID"
"skipped","Sat Aug 23 00:49:03 UTC 2025","Sat Aug 23 00:49:03 UTC 2025","0","tests.register","test_02_register_partner","","","","test_register_partner_positive[client-403]","Тест: позитивные тесты для регистрации партнера вручную"
"skipped","Sat Aug 23 00:49:02 UTC 2025","Sat Aug 23 00:49:02 UTC 2025","128","tests.orders","test_group_order_change_country","","","","test_change_country_invalid_data[invalid_payload1-partner]","Негативные тесты: передача некорректных данных"
"passed","Sat Aug 23 00:46:49 UTC 2025","Sat Aug 23 00:46:49 UTC 2025","229","tests.account","test_0_top_partners_top_recruiters","","","","test_get_top_partners_top_recruiters_positive[partner]","Позитивные тесты на получение топ-партнеров по количеству активных партнеров"
"skipped","Sat Aug 23 00:46:40 UTC 2025","Sat Aug 23 00:46:40 UTC 2025","0","tests.account","test_0_marathon","","","","test_get_marathon_is_purchased[client-200]","Позитивный кейс — проверяет приобретал ли аккаунт марафонский набор (все поля)"
"skipped","Sat Aug 23 00:46:43 UTC 2025","Sat Aug 23 00:46:43 UTC 2025","0","tests.account","test_history","","","","test_get_history_positive[admin-payload0]","Позитивные тесты на получение истории аккаунта"
"passed","Sat Aug 23 00:47:15 UTC 2025","Sat Aug 23 00:47:17 UTC 2025","1613","tests.admin_panel.items","test_update_item","","","","test_update_item_forbidden[partner]","Негативный тест: попытка обновления item не-админом."
"skipped","Sat Aug 23 00:47:05 UTC 2025","Sat Aug 23 00:47:05 UTC 2025","0","tests.admin_panel.products","test_01_create_product_group","","","","test_create_product_group_with_duplicate_items","Негативный тест: попытка создать продукт группы с одинаковыми items."
"passed","Sat Aug 23 00:46:53 UTC 2025","Sat Aug 23 00:46:54 UTC 2025","663","tests.admin_panel.categories","test_47_get_categories_by_id","","","","test_get_categories_invalid_id[]","Негативный тест: получение категории по невалидному ID."
"passed","Sat Aug 23 00:47:00 UTC 2025","Sat Aug 23 00:47:02 UTC 2025","1401","tests.admin_panel.categories","test_80_create_category_translation","","","","test_create_category_translation_success[ka]","Позитивный тест: создание/обновление перевода категории для разных языков."
"passed","Sat Aug 23 00:49:06 UTC 2025","Sat Aug 23 00:49:08 UTC 2025","1464","tests.one_c","test_create_1c_stock","","","","test_full_address_autobuild_compact_without_parentheses",""
"skipped","Sat Aug 23 00:46:43 UTC 2025","Sat Aug 23 00:46:43 UTC 2025","0","tests.account","test_history_personal_volumes","","","","test_get_personal_volumes_history_positive[client-payload1]","Позитивные тесты на получение истории начисления личных объемов"
"passed","Sat Aug 23 00:49:30 UTC 2025","Sat Aug 23 00:49:30 UTC 2025","173","tests.tickets","test_01_get_tickets","","","","test_get_tickets_success[filter0-sort0-search1-pagination0-partner]","Позитивный тест: получение списка тикетов с разными комбинациями параметров"
"passed","Sat Aug 23 00:49:09 UTC 2025","Sat Aug 23 00:49:10 UTC 2025","129","tests.register","test_01_register_form","","","","test_register_form_negative[partner-payload2-400]",""
"skipped","Sat Aug 23 00:49:14 UTC 2025","Sat Aug 23 00:49:14 UTC 2025","0","tests.stock","test_create_stock","","","","test_create_stock_with_empty_string_log_if_not_200[address.floor]",""
"passed","Sat Aug 23 00:47:04 UTC 2025","Sat Aug 23 00:47:06 UTC 2025","2361","tests.admin_panel.items","test_create_item_translation","","","","test_create_item_translation_success[mn]",""
"passed","Sat Aug 23 00:47:15 UTC 2025","Sat Aug 23 00:47:17 UTC 2025","1776","tests.admin_panel.items","test_create_item","","","","test_create_item_unique_article","
    Проверка уникальности article: второй item с тем же article создать нельзя.
    "
"passed","Sat Aug 23 00:46:56 UTC 2025","Sat Aug 23 00:46:57 UTC 2025","596","tests.admin_panel.categories","test_49_delete_category","","","","test_delete_category_invalid_id[abc]","Негативный тест: удаление несуществующей или некорректной категории."
"passed","Sat Aug 23 00:48:59 UTC 2025","Sat Aug 23 00:48:59 UTC 2025","147","tests.orders","test_create_order_by_delivery_address","","","","test_create_order_invalid_data[invalid_payload1-admin]","Негативные тесты: создание заказа с некорректными данными"
"passed","Sat Aug 23 00:46:53 UTC 2025","Sat Aug 23 00:46:57 UTC 2025","4134","tests.admin_panel.categories","test_50_upload_category_images","","","","test_upload_only_single_image_field_should_not_fill_others[icon-test_png.png-image/png-icon]","Проверка: загрузка только одного из полей (icon, image, image_site) не должна заполнять другие."
"passed","Sat Aug 23 00:47:33 UTC 2025","Sat Aug 23 00:47:34 UTC 2025","1123","tests.admin_panel.promo","test_76_get_promotion_items","","","","test_get_promotion_item_forbidden[client]","Негативный тест: получение элемента акции не-админом запрещено."
"passed","Sat Aug 23 00:47:32 UTC 2025","Sat Aug 23 00:47:38 UTC 2025","5568","tests.admin_panel.promo","test_72_create_promotion","","","","test_create_promotion_invalid_data[payload4-400]","Негативные тесты: невалидные данные"
"passed","Sat Aug 23 00:47:59 UTC 2025","Sat Aug 23 00:48:04 UTC 2025","4602","tests.admin_panel.products","test_44_upload_product_brand_images","","","","test_upload_product_brand_images_various_fields[5.3-fields_to_send3-400]","Негативный тест. Загрузка слишком большого изображения."
"passed","Sat Aug 23 00:47:15 UTC 2025","Sat Aug 23 00:47:15 UTC 2025","138","tests.admin_panel.products","test_39_get_product_brands","","","","test_get_product_brands_forbidden[client]","Негативный тест: получение списка брендов не админом."
"passed","Sat Aug 23 00:51:23 UTC 2025","Sat Aug 23 00:51:24 UTC 2025","1068","tests.tickets","test_04_create_ticket","","","","test_create_ticket_success[partner-attachments2-ReceivingProductsShortage]","Позитивный тест: создание тикета с разными темами и вложениями для клиента, партнера и админа"
"passed","Sat Aug 23 00:49:19 UTC 2025","Sat Aug 23 00:49:19 UTC 2025","161","tests.statistic","test_team_go","","","","test_get_team_go_statistic_positive[payload3-client]","Позитивный тест: получение статистики по команде с валидным телом запроса"
"skipped","Sat Aug 23 00:52:28 UTC 2025","Sat Aug 23 00:52:28 UTC 2025","0","tests.tickets","test_04_create_ticket","","","","test_create_ticket_invalid_title[client-None]","Негативный тест: создание тикета без заголовка"
"passed","Sat Aug 23 00:51:25 UTC 2025","Sat Aug 23 00:51:26 UTC 2025","530","tests.tickets","test_04_create_ticket","","","","test_create_ticket_success[admin-attachments0-QuestionsAboutTheHousingAndCarProgram]","Позитивный тест: создание тикета с разными темами и вложениями для клиента, партнера и админа"
"passed","Sat Aug 23 00:48:03 UTC 2025","Sat Aug 23 00:48:06 UTC 2025","3483","tests.admin_panel.slides","test_59_update_slide","","","","test_update_slide_forbidden[partner]","Негативный тест: попытка обновления слайда не-админом."
"passed","Sat Aug 23 00:49:04 UTC 2025","Sat Aug 23 00:49:04 UTC 2025","147","tests.register","test_01_register_form","","","","test_register_form_positive[partner-payload0]",""
"passed","Sat Aug 23 00:47:29 UTC 2025","Sat Aug 23 00:47:32 UTC 2025","3061","tests.admin_panel.items","test_update_item","","","","test_update_item_invalid_id[0]","Негативный тест: несуществующий или некорректный ID."
"passed","Sat Aug 23 00:51:11 UTC 2025","Sat Aug 23 00:51:12 UTC 2025","1105","tests.tickets","test_04_create_ticket","","","","test_create_ticket_success[partner-attachments2-QuestionsAboutTheWorkOfTheStructureAndMentors]","Позитивный тест: создание тикета с разными темами и вложениями для клиента, партнера и админа"
"passed","Sat Aug 23 00:51:02 UTC 2025","Sat Aug 23 00:51:02 UTC 2025","138","tests.tickets","test_01_get_tickets","","","","test_get_tickets_invalid_filter[invalid_filter2-400-partner]","Негативный тест: передаем некорректные параметры фильтрации"
"passed","Sat Aug 23 00:49:05 UTC 2025","Sat Aug 23 00:49:05 UTC 2025","138","tests.cart","test_user_locale","","","","test_update_user_locale_invalid_payload[partner-payload2-400]","Негативный тест: обновление локали с невалидным payload."
"passed","Sat Aug 23 00:49:02 UTC 2025","Sat Aug 23 00:49:02 UTC 2025","416","tests.one_c","test_get_1с_stock","","","","test_get_stock_bad_request[params3]",""
"passed","Sat Aug 23 00:49:28 UTC 2025","Sat Aug 23 00:49:28 UTC 2025","847","tests.tickets","test_06_close_ticket","","","","test_close_ticket_success[client]","Позитивный тест: закрытие тикета для клиента, партнера и админа."
"skipped","Sat Aug 23 00:46:46 UTC 2025","Sat Aug 23 00:46:46 UTC 2025","0","tests.account","test_family_agreement_create_one","","","","test_create_family_agreement_one_positive[admin-payload0]","Позитивные тесты на создание семейного соглашения при отсутствующем втором партнере"
"skipped","Sat Aug 23 00:46:40 UTC 2025","Sat Aug 23 00:46:40 UTC 2025","0","tests.account","test_0_marathon","","","","test_create_product_brand_invalid_payload[params0-400-client]",""
"passed","Sat Aug 23 00:47:35 UTC 2025","Sat Aug 23 00:47:36 UTC 2025","1251","tests.admin_panel.promo","test_76_get_promotion_items","","","","test_get_promotion_item_forbidden[partner]","Негативный тест: получение элемента акции не-админом запрещено."
"passed","Sat Aug 23 00:49:06 UTC 2025","Sat Aug 23 00:49:06 UTC 2025","138","tests.cart","test_get_delivery_cost","","","","test_get_delivery_cost_invalid_payload[client-payload0]","Негативный тест: некорректные входные данные"
"passed","Sat Aug 23 00:49:35 UTC 2025","Sat Aug 23 00:49:35 UTC 2025","140","tests.statistic","test_team_activations","","","","test_get_team_activation_statistic_negative[payload5-partner]","Негативный тест: ошибка при получении статистики активации команды с невалидным телом запроса"
"passed","Sat Aug 23 00:49:52 UTC 2025","Sat Aug 23 00:49:52 UTC 2025","169","tests.tickets","test_01_get_tickets","","","","test_get_tickets_success[filter1-sort0-search0-pagination0-admin]","Позитивный тест: получение списка тикетов с разными комбинациями параметров"
"passed","Sat Aug 23 00:46:41 UTC 2025","Sat Aug 23 00:46:42 UTC 2025","620","tests.PROJECT_FUND.initiatives","test_get_reports","","","","test_get_reports_invalid_query_params[query0-https://dev.ewahelps.com/api]","Негативный тест: запрос с некорректными query-параметрами"
"passed","Sat Aug 23 00:47:20 UTC 2025","Sat Aug 23 00:47:21 UTC 2025","399","tests.admin_panel.items","test_create_item_translation","","","","test_create_item_translation_unauthorized","Негативный тест: создание перевода без авторизации."
"skipped","Sat Aug 23 00:52:30 UTC 2025","Sat Aug 23 00:52:30 UTC 2025","0","tests.tickets","test_04_create_ticket","","","","test_create_ticket_invalid_message[client-None]","Негативный тест: создание тикета без сообщения"
"passed","Sat Aug 23 00:47:54 UTC 2025","Sat Aug 23 00:47:56 UTC 2025","1886","tests.admin_panel.slides","test_0_slides_sort","","","","test_slides_sort_invalid_payload","Негативный тест: невалидный payload."
"passed","Sat Aug 23 00:49:56 UTC 2025","Sat Aug 23 00:49:56 UTC 2025","181","tests.tickets","test_01_get_tickets","","","","test_get_tickets_success[filter1-sort0-search0-pagination1-partner]","Позитивный тест: получение списка тикетов с разными комбинациями параметров"
"skipped","Sat Aug 23 00:46:43 UTC 2025","Sat Aug 23 00:46:43 UTC 2025","0","tests.account","test_history","","","","test_get_history_positive[partner-payload0]","Позитивные тесты на получение истории аккаунта"
"passed","Sat Aug 23 00:51:26 UTC 2025","Sat Aug 23 00:51:27 UTC 2025","537","tests.tickets","test_04_create_ticket","","","","test_create_ticket_success[admin-attachments0-QuestionsAboutOrders]","Позитивный тест: создание тикета с разными темами и вложениями для клиента, партнера и админа"
"passed","Sat Aug 23 00:47:18 UTC 2025","Sat Aug 23 00:47:21 UTC 2025","2207","tests.admin_panel.products","test_02_recommended_products_add","","","","test_add_recommendation_no_rights[partner]","Пользователь без прав пытается добавить рекомендации"
"passed","Sat Aug 23 00:47:59 UTC 2025","Sat Aug 23 00:48:00 UTC 2025","846","tests.admin_panel.slides","test_57_create_slide","","","","test_create_slide_success","Позитивный тест: успешное создание слайда (все поля)."
"passed","Sat Aug 23 00:47:01 UTC 2025","Sat Aug 23 00:47:04 UTC 2025","3203","tests.account","test_update_avatar","","","","test_update_avatar_positive[admin-payload0]","Позитивные тесты на обновление аватара"
"passed","Sat Aug 23 00:48:11 UTC 2025","Sat Aug 23 00:48:12 UTC 2025","593","tests.admin_panel.slides","test_57_create_slide","","","","test_create_slide_invalid_payload[payload11-400]","Негативные тесты: некорректные и неполные payload'ы."
"passed","Sat Aug 23 00:50:49 UTC 2025","Sat Aug 23 00:50:49 UTC 2025","167","tests.tickets","test_01_get_tickets","","","","test_get_tickets_invalid_pagination[invalid_pagination0-client]","Негативный тест: передаем некорректные значения в pagination"
"skipped","Sat Aug 23 00:47:05 UTC 2025","Sat Aug 23 00:47:05 UTC 2025","0","tests.admin_panel.products","test_01_create_product_group","","","","test_create_product_group_invalid_payload[payload3-422]",""
"passed","Sat Aug 23 00:51:18 UTC 2025","Sat Aug 23 00:51:19 UTC 2025","1052","tests.tickets","test_04_create_ticket","","","","test_create_ticket_success[partner-attachments2-ChangePersonalData]","Позитивный тест: создание тикета с разными темами и вложениями для клиента, партнера и админа"
"passed","Sat Aug 23 00:48:50 UTC 2025","Sat Aug 23 00:48:56 UTC 2025","5777","tests.catalog","test_create_admin_product_translation","","","","test_create_admin_product_translation_success[ky]","Создание и обновление перевода продукта на разных языках."
"skipped","Sat Aug 23 00:46:43 UTC 2025","Sat Aug 23 00:46:43 UTC 2025","0","tests.account","test_history_personal_volumes_admin","","","","test_get_personal_volumes_history_admin_positive[partner-payload1]","Позитивные тесты на получение истории начисления личных объемов для админа"
"passed","Sat Aug 23 00:51:34 UTC 2025","Sat Aug 23 00:51:35 UTC 2025","619","tests.tickets","test_04_create_ticket","","","","test_create_ticket_success[admin-attachments0-ReceivingDefectiveProductsOrShortage]","Позитивный тест: создание тикета с разными темами и вложениями для клиента, партнера и админа"
"passed","Sat Aug 23 00:47:26 UTC 2025","Sat Aug 23 00:47:26 UTC 2025","408","tests.admin_panel.products","test_44_upload_product_brand_images","","","","test_upload_product_brand_images_unauthorized","Негативный тест: загрузка изображений без авторизации."
"passed","Sat Aug 23 00:47:11 UTC 2025","Sat Aug 23 00:47:12 UTC 2025","934","tests.admin_panel.categories","test_57_v2_update_category","","","","test_v2_update_category_invalid_payload[payload1-expected_code1]","Негативный тест: обновление категории с невалидным или неполным телом запроса."
"skipped","Sat Aug 23 00:47:05 UTC 2025","Sat Aug 23 00:47:05 UTC 2025","0","tests.admin_panel.products","test_01_create_product_group","","","","test_create_product_group_success","Позитивный тест: успешное создание продукт группы (все поля)."
"passed","Sat Aug 23 00:49:31 UTC 2025","Sat Aug 23 00:49:31 UTC 2025","169","tests.tickets","test_01_get_tickets","","","","test_get_tickets_success[filter0-sort0-search1-pagination0-admin]","Позитивный тест: получение списка тикетов с разными комбинациями параметров"
"passed","Sat Aug 23 00:48:43 UTC 2025","Sat Aug 23 00:48:43 UTC 2025","154","tests.delivery","test_02_get_delivery_address","","","","test_get_empty_delivery_addresses[admin]","Тест: получение пустого списка"
"passed","Sat Aug 23 00:47:14 UTC 2025","Sat Aug 23 00:47:16 UTC 2025","2270","tests.admin_panel.products","test_03_recommended_products_delete","","","","test_remove_recommendation_success","Успешное удаление рекомендованного товара."
"passed","Sat Aug 23 00:52:22 UTC 2025","Sat Aug 23 00:52:22 UTC 2025","141","tests.tickets","test_04_create_ticket","","","","test_create_ticket_invalid_request_type[partner-invalid_request_type-400]","Негативный тест: попытка создания тикета с неверным типом request_type"
"passed","Sat Aug 23 00:46:52 UTC 2025","Sat Aug 23 00:46:53 UTC 2025","1065","tests.admin_panel.categories","test_49_delete_category","","","","test_delete_category_forbidden[client]","Негативный тест: попытка удаления категории не-админом."
"passed","Sat Aug 23 00:47:21 UTC 2025","Sat Aug 23 00:47:22 UTC 2025","1031","tests.admin_panel.products","test_43_delete_product_brand","","","","test_delete_product_brand_success","Позитивный тест: успешное удаление бренда."
"skipped","Sat Aug 23 00:49:19 UTC 2025","Sat Aug 23 00:49:19 UTC 2025","260","tests.stock","test_get_group_orders","","","","test_get_group_orders_invalid_country_id[1.5-admin]","Проверка получения складов по невалидному country_id"
"passed","Sat Aug 23 00:49:07 UTC 2025","Sat Aug 23 00:49:08 UTC 2025","283","tests.cart","test_user_locale","","","","test_update_user_locale_invalid_payload[partner-payload6-400]","Негативный тест: обновление локали с невалидным payload."
"skipped","Sat Aug 23 00:46:43 UTC 2025","Sat Aug 23 00:46:43 UTC 2025","0","tests.account","test_funds_transfer_list","","","","test_get_funds_transfer_list_positive[admin-payload1]","Позитивные тесты на получение истории переводов/выводов средств"
"passed","Sat Aug 23 00:51:47 UTC 2025","Sat Aug 23 00:51:48 UTC 2025","1197","tests.tickets","test_04_create_ticket","","","","test_create_ticket_success[admin-attachments1-QuestionsAboutTheMarriageContract]","Позитивный тест: создание тикета с разными темами и вложениями для клиента, партнера и админа"
"passed","Sat Aug 23 00:47:45 UTC 2025","Sat Aug 23 00:47:46 UTC 2025","679","tests.admin_panel.promo","test_77_create_promotion_item","","","","test_create_promotion_item_invalid_ids[1-999999-404]",""
"passed","Sat Aug 23 00:49:05 UTC 2025","Sat Aug 23 00:49:05 UTC 2025","140","tests.cart","test_user_locale","","","","test_update_user_locale_invalid_payload[partner-payload3-400]","Негативный тест: обновление локали с невалидным payload."
"skipped","Sat Aug 23 00:49:26 UTC 2025","Sat Aug 23 00:49:27 UTC 2025","150","tests.statistic","test_team_registrations","","","","test_get_team_registration_statistic_negative[payload2-client]","Негативный тест: ошибка при получении статистики регистрации команды с невалидным телом запроса"
"skipped","Sat Aug 23 00:49:14 UTC 2025","Sat Aug 23 00:49:14 UTC 2025","0","tests.stock","test_create_stock","","","","test_create_stock_with_empty_string_log_if_not_200[is_pickup_only]",""
"passed","Sat Aug 23 00:47:20 UTC 2025","Sat Aug 23 00:47:26 UTC 2025","5613","tests.admin_panel.items","test_update_item","","","","test_update_item_invalid_id[-1]","Негативный тест: несуществующий или некорректный ID."
"skipped","Sat Aug 23 00:49:03 UTC 2025","Sat Aug 23 00:49:03 UTC 2025","0","tests.register","test_02_register_partner","","","","test_register_partner_positive[partner-200]","Тест: позитивные тесты для регистрации партнера вручную"
"passed","Sat Aug 23 00:47:40 UTC 2025","Sat Aug 23 00:47:40 UTC 2025","611","tests.admin_panel.promo","test_75_delete_promotion_by_id","","","","test_delete_promotion_invalid_id[abc]","Негативный тест: удаление несуществующей или некорректной акции."
"passed","Sat Aug 23 00:48:49 UTC 2025","Sat Aug 23 00:48:49 UTC 2025","138","tests.delivery","test_02_get_delivery_address","","","","test_get_delivery_addresses_invalid_pagination[invalid_pagination2-partner]","Негативные тесты: передача некорректных параметров пагинации"
"passed","Sat Aug 23 00:50:21 UTC 2025","Sat Aug 23 00:50:21 UTC 2025","168","tests.tickets","test_01_get_tickets","","","","test_get_tickets_success[filter2-sort0-search0-pagination1-partner]","Позитивный тест: получение списка тикетов с разными комбинациями параметров"
"passed","Sat Aug 23 00:49:08 UTC 2025","Sat Aug 23 00:49:08 UTC 2025","140","tests.register","test_03_register_client","","","","test_register_client_positive[admin-403]","Тест: позитивные тесты для регистрации клиента вручную"
"passed","Sat Aug 23 00:47:48 UTC 2025","Sat Aug 23 00:47:49 UTC 2025","982","tests.admin_panel.sliders","test_53_get_sliders_by_id","","","","test_get_sliders_by_id_success","Позитивный тест: успешное получение слайдера по ID админом"
"passed","Sat Aug 23 00:51:46 UTC 2025","Sat Aug 23 00:51:47 UTC 2025","1217","tests.tickets","test_04_create_ticket","","","","test_create_ticket_success[admin-attachments1-QuestionsAboutTheWorkOfTheStructureAndMentors]","Позитивный тест: создание тикета с разными темами и вложениями для клиента, партнера и админа"
"passed","Sat Aug 23 00:49:48 UTC 2025","Sat Aug 23 00:49:48 UTC 2025","172","tests.tickets","test_01_get_tickets","","","","test_get_tickets_success[filter0-sort1-search2-pagination0-admin]","Позитивный тест: получение списка тикетов с разными комбинациями параметров"
"skipped","Sat Aug 23 00:46:43 UTC 2025","Sat Aug 23 00:46:43 UTC 2025","0","tests.account","test_funds_transfer_list","","","","test_get_funds_transfer_list_positive[partner-payload1]","Позитивные тесты на получение истории переводов/выводов средств"
"passed","Sat Aug 23 00:47:40 UTC 2025","Sat Aug 23 00:47:44 UTC 2025","3967","tests.admin_panel.items","test_update_item","","","","test_update_item_invalid_payload[payload2-expected_code2]","Негативный тест: обновление item с невалидным или неполным телом запроса."
"skipped","Sat Aug 23 00:46:44 UTC 2025","Sat Aug 23 00:46:44 UTC 2025","0","tests.account","test_family_agreement_create_three","","","","test_create_family_agreement_three_positive[partner-payload1]","Позитивные тесты на создание семейного соглашения при аннулировании второго партнера"
"passed","Sat Aug 23 00:49:48 UTC 2025","Sat Aug 23 00:49:49 UTC 2025","1164","tests.tickets","test_04_create_ticket","","","","test_create_ticket_success[client-attachments1-QuestionsAboutProducts]","Позитивный тест: создание тикета с разными темами и вложениями для клиента, партнера и админа"
"skipped","Sat Aug 23 00:49:14 UTC 2025","Sat Aug 23 00:49:14 UTC 2025","0","tests.stock","test_create_stock","","","","test_create_stock_with_empty_string_log_if_not_200[is_office_entry_enabled]",""
"passed","Sat Aug 23 00:47:31 UTC 2025","Sat Aug 23 00:47:32 UTC 2025","1109","tests.admin_panel.promo","test_76_get_promotion_items","","","","test_get_promotion_item_success","Позитивный тест: получение элемента акции админом."
"passed","Sat Aug 23 00:49:10 UTC 2025","Sat Aug 23 00:49:10 UTC 2025","429","tests.one_c","test_create_1c_stock","","","","test_post_forbidden[False-None]",""
"passed","Sat Aug 23 00:48:19 UTC 2025","Sat Aug 23 00:48:20 UTC 2025","803","tests.admin_panel.slides","test_57_create_slide","","","","test_create_slide_title_color_validation[#ABCDEF-201]","Валидация поля title_color при создании слайда."
"passed","Sat Aug 23 00:51:42 UTC 2025","Sat Aug 23 00:51:43 UTC 2025","1162","tests.tickets","test_04_create_ticket","","","","test_create_ticket_success[admin-attachments1-QuestionsAboutInternationalDelivery]","Позитивный тест: создание тикета с разными темами и вложениями для клиента, партнера и админа"
"passed","Sat Aug 23 00:50:58 UTC 2025","Sat Aug 23 00:50:59 UTC 2025","1165","tests.tickets","test_04_create_ticket","","","","test_create_ticket_success[partner-attachments1-ReceivingDefectiveProductsOrShortage]","Позитивный тест: создание тикета с разными темами и вложениями для клиента, партнера и админа"
"passed","Sat Aug 23 00:49:48 UTC 2025","Sat Aug 23 00:49:49 UTC 2025","415","tests.tickets","test_12_delete_message","","","","test_delete_ticket_message_without_auth","Негативный тест: удаление сообщения без авторизации"
"skipped","Sat Aug 23 00:49:03 UTC 2025","Sat Aug 23 00:49:03 UTC 2025","127","tests.orders","test_group_order_change_country","","","","test_change_country_invalid_data[invalid_payload2-client]","Негативные тесты: передача некорректных данных"
"passed","Sat Aug 23 00:46:57 UTC 2025","Sat Aug 23 00:46:59 UTC 2025","2449","tests.admin_panel.items","test_create_item_translation","","","","test_create_item_translation_success[ru]",""
"passed","Sat Aug 23 00:47:22 UTC 2025","Sat Aug 23 00:47:22 UTC 2025","624","tests.admin_panel.products","test_40_create_product_brand","","","","test_create_product_brand_invalid_payload[payload0-expected_codes0]","Негативные кейсы: невалидные поля при создании бренда."
"skipped","Sat Aug 23 00:49:27 UTC 2025","Sat Aug 23 00:49:27 UTC 2025","145","tests.statistic","test_team_go","","","","test_get_team_go_statistic_negative[payload2-admin]","Негативный тест: ошибка при получении статистики по команде с невалидным телом запроса"
"passed","Sat Aug 23 00:50:56 UTC 2025","Sat Aug 23 00:50:56 UTC 2025","142","tests.tickets","test_01_get_tickets","","","","test_get_tickets_invalid_filter[invalid_filter0-400-client]","Негативный тест: передаем некорректные параметры фильтрации"
"passed","Sat Aug 23 00:47:22 UTC 2025","Sat Aug 23 00:47:22 UTC 2025","598","tests.admin_panel.products","test_41_get_product_brand_by_id","","","","test_get_product_brand_invalid_id[abc]","Негативный тест: получение бренда по невалидному ID"
"failed","Sat Aug 23 00:48:06 UTC 2025","Sat Aug 23 00:48:11 UTC 2025","4844","tests.admin_panel.products","test_44_upload_product_brand_images","","","","test_upload_product_brand_images_various_fields[5.3-fields_to_send5-400]","Негативный тест. Загрузка слишком большого изображения."
"passed","Sat Aug 23 00:46:59 UTC 2025","Sat Aug 23 00:47:00 UTC 2025","1415","tests.admin_panel.categories","test_80_create_category_translation","","","","test_create_category_translation_success[ky]","Позитивный тест: создание/обновление перевода категории для разных языков."
"passed","Sat Aug 23 00:49:33 UTC 2025","Sat Aug 23 00:49:33 UTC 2025","139","tests.statistic","test_team_registrations","","","","test_get_team_registration_statistic_negative[payload5-partner]","Негативный тест: ошибка при получении статистики регистрации команды с невалидным телом запроса"
"passed","Sat Aug 23 00:49:30 UTC 2025","Sat Aug 23 00:49:30 UTC 2025","145","tests.statistic","test_team_activations","","","","test_get_team_activation_statistic_negative[payload4-client]","Негативный тест: ошибка при получении статистики активации команды с невалидным телом запроса"
"passed","Sat Aug 23 00:47:23 UTC 2025","Sat Aug 23 00:47:24 UTC 2025","651","tests.admin_panel.products","test_41_get_product_brand_by_id","","","","test_get_product_brand_invalid_id[0]","Негативный тест: получение бренда по невалидному ID"
"passed","Sat Aug 23 00:47:56 UTC 2025","Sat Aug 23 00:47:59 UTC 2025","3596","tests.admin_panel.slides","test_58_get_slides_by_id","","","","test_get_slides_by_id_success","Позитивный тест: успешное получение слайда по ID админом."
"passed","Sat Aug 23 00:48:36 UTC 2025","Sat Aug 23 00:48:36 UTC 2025","306","tests.cart","test_get_delivery_cost","","","","test_get_delivery_cost_success_partial_payload[client-payload4-400]","Позитивный тест: успешное получение ТК при неполном наборе (город без региона, без ID и т.п.)"
"passed","Sat Aug 23 00:46:44 UTC 2025","Sat Aug 23 00:46:45 UTC 2025","156","tests.account","test_0_family_agreement_get","","","","test_get_family_agreement_positive[payload0-client]","Позитивные тесты на получение данных о семейном соглашении"
"skipped","Sat Aug 23 00:49:14 UTC 2025","Sat Aug 23 00:49:14 UTC 2025","0","tests.stock","test_create_stock","","","","test_create_stock_with_empty_string_log_if_not_200[type]",""
"passed","Sat Aug 23 00:46:42 UTC 2025","Sat Aug 23 00:46:43 UTC 2025","1000","tests.account","test_add_cover_url","","","","test_add_cover_full_payload[client]",""
"passed","Sat Aug 23 00:48:06 UTC 2025","Sat Aug 23 00:48:07 UTC 2025","614","tests.admin_panel.slides","test_59_update_slide","","","","test_update_slide_invalid_id[-1]","Негативный тест: несуществующий или некорректный ID."
"passed","Sat Aug 23 00:49:29 UTC 2025","Sat Aug 23 00:49:29 UTC 2025","172","tests.tickets","test_01_get_tickets","","","","test_get_tickets_success[filter0-sort0-search0-pagination1-admin]","Позитивный тест: получение списка тикетов с разными комбинациями параметров"
"passed","Sat Aug 23 00:49:05 UTC 2025","Sat Aug 23 00:49:05 UTC 2025","146","tests.delivery","test_03_delete_delivery_address","","","","test_delete_delivery_address_invalid_id[abc-admin]","Негативные тесты: удаление адреса с некорректным ID"
"passed","Sat Aug 23 00:46:50 UTC 2025","Sat Aug 23 00:46:51 UTC 2025","404","tests.admin_panel.categories","test_50_upload_category_images","","","","test_upload_category_images_unauthorized","Негативный тест: загрузка изображений категории без авторизации."
"passed","Sat Aug 23 00:47:46 UTC 2025","Sat Aug 23 00:47:47 UTC 2025","605","tests.admin_panel.promo","test_77_create_promotion_item","","","","test_create_promotion_item_invalid_ids[abc-1-404]",""
"skipped","Sat Aug 23 00:46:46 UTC 2025","Sat Aug 23 00:46:47 UTC 2025","615","tests.admin_panel","test_accrue_auto_bonus","","","","test_accrue_auto_bonus_invalid_payload[payload1-400]",""
"skipped","Sat Aug 23 00:46:48 UTC 2025","Sat Aug 23 00:46:49 UTC 2025","596","tests.admin_panel","test_accrue_auto_bonus","","","","test_accrue_auto_bonus_invalid_payload[payload4-400]",""
"passed","Sat Aug 23 00:48:06 UTC 2025","Sat Aug 23 00:48:09 UTC 2025","3617","tests.admin_panel.slides","test_61_upload_slides_images","","","","test_upload_slide_images_invalid_format[invalid.pdf-application/pdf-400]","Негативный и позитивный тест: загрузка изображений в разных форматах."
"passed","Sat Aug 23 00:46:40 UTC 2025","Sat Aug 23 00:46:41 UTC 2025","657","tests.PROJECT_FUND.initiatives","test_get_report_by_id","","","","test_get_report_by_invalid_id[-1-https://dev.ewahelps.com/api]","Негативный тест: невалидный или несуществующий path-параметр"
"passed","Sat Aug 23 00:49:45 UTC 2025","Sat Aug 23 00:49:46 UTC 2025","168","tests.tickets","test_01_get_tickets","","","","test_get_tickets_success[filter0-sort1-search1-pagination1-admin]","Позитивный тест: получение списка тикетов с разными комбинациями параметров"
"passed","Sat Aug 23 00:48:49 UTC 2025","Sat Aug 23 00:48:49 UTC 2025","140","tests.delivery","test_02_get_delivery_address","","","","test_get_delivery_addresses_invalid_pagination[invalid_pagination2-admin]","Негативные тесты: передача некорректных параметров пагинации"
"passed","Sat Aug 23 00:48:26 UTC 2025","Sat Aug 23 00:48:27 UTC 2025","977","tests.admin_panel.slides","test_59_update_slide","","","","test_update_slide_invalid_payload[payload8-422]","Негативный тест: обновление слайда с невалидным или неполным телом запроса."
"passed","Sat Aug 23 00:47:14 UTC 2025","Sat Aug 23 00:47:15 UTC 2025","1011","tests.admin_panel.categories","test_57_v2_update_category","","","","test_v2_update_category_invalid_payload[payload4-422]","Негативный тест: обновление категории с невалидным или неполным телом запроса."
"skipped","Sat Aug 23 00:46:40 UTC 2025","Sat Aug 23 00:46:40 UTC 2025","0","tests.account","test_0_marathon","","","","test_create_product_brand_invalid_payload[params3-400-admin]",""
"passed","Sat Aug 23 00:48:51 UTC 2025","Sat Aug 23 00:48:52 UTC 2025","1615","tests.one_c","test_create_1c_stock","","","","test_post_idempotent_update_same_payload",""
"skipped","Sat Aug 23 00:49:13 UTC 2025","Sat Aug 23 00:49:13 UTC 2025","0","tests.stock","test_create_stock","","","","test_create_stock_with_empty_string_log_if_not_200[city.region_id]",""
"passed","Sat Aug 23 00:49:12 UTC 2025","Sat Aug 23 00:49:12 UTC 2025","147","tests.statistic","test_team_activations","","","","test_get_team_activation_statistic_positive[payload1-admin]","Позитивный тест: получение статистики по активации команды с валидным телом запроса"
"skipped","Sat Aug 23 00:46:43 UTC 2025","Sat Aug 23 00:46:43 UTC 2025","0","tests.admin_panel","test_accrue_gold_pro_gift","","","","test_accrue_gold_pro_gift_forbidden[client]",""
"passed","Sat Aug 23 00:49:14 UTC 2025","Sat Aug 23 00:49:14 UTC 2025","145","tests.statistic","test_team_go","","","","test_get_team_go_statistic_positive[payload0-partner]","Позитивный тест: получение статистики по команде с валидным телом запроса"
"passed","Sat Aug 23 00:46:45 UTC 2025","Sat Aug 23 00:46:45 UTC 2025","149","tests.admin_panel","test_accrue_auto_bonus","","","","test_accrue_auto_bonus_forbidden[partner]",""
"passed","Sat Aug 23 00:47:21 UTC 2025","Sat Aug 23 00:47:22 UTC 2025","626","tests.admin_panel.products","test_42_update_product_brand","","","","test_update_product_brand_invalid_id[-1]","Негативный тест: несуществующий или некорректный ID."
"skipped","Sat Aug 23 00:49:03 UTC 2025","Sat Aug 23 00:49:03 UTC 2025","0","tests.orders","test_orders_v2_pay","","","","test_orders_v2_pay_success[Card]","Позитивный тест: успешная оплата заказа"
"skipped","Sat Aug 23 00:46:43 UTC 2025","Sat Aug 23 00:46:43 UTC 2025","0","tests.account","test_history","","","","test_get_history_positive[client-payload0]","Позитивные тесты на получение истории аккаунта"
"passed","Sat Aug 23 00:47:42 UTC 2025","Sat Aug 23 00:47:42 UTC 2025","599","tests.admin_panel.promo","test_74_update_promotion","","","","test_update_promotion_invalid_id[-1]","Негативный тест: несуществующий или некорректный ID."
"passed","Sat Aug 23 00:47:05 UTC 2025","Sat Aug 23 00:47:07 UTC 2025","2218","tests.admin_panel.products","test_02_recommended_products_add","","","","test_add_recommendation_success","Успешное добавление рекомендованного товара"
"skipped","Sat Aug 23 00:49:24 UTC 2025","Sat Aug 23 00:49:25 UTC 2025","146","tests.statistic","test_team_registrations","","","","test_get_team_registration_statistic_negative[payload1-client]","Негативный тест: ошибка при получении статистики регистрации команды с невалидным телом запроса"
"skipped","Sat Aug 23 00:49:14 UTC 2025","Sat Aug 23 00:49:14 UTC 2025","0","tests.stock","test_create_stock","","","","test_create_stock_with_empty_string_log_if_not_200[address.phones]",""
"passed","Sat Aug 23 00:46:55 UTC 2025","Sat Aug 23 00:46:57 UTC 2025","1489","tests.admin_panel.items","test_create_item","","","","test_create_item_success","Позитивный тест: успешное создание варианта товара (все поля)."
"passed","Sat Aug 23 00:47:52 UTC 2025","Sat Aug 23 00:47:52 UTC 2025","659","tests.admin_panel.sliders","test_52_create_slider","","","","test_create_slider_invalid_payload[payload1-expected_code1]","Негативный тест: попытка создать слайдер с невалидным payload."
"passed","Sat Aug 23 00:49:16 UTC 2025","Sat Aug 23 00:49:16 UTC 2025","421","tests.stock","test_delete_stock","","","","test_delete_stock_unauthorized",""
"skipped","Sat Aug 23 00:46:43 UTC 2025","Sat Aug 23 00:46:43 UTC 2025","0","tests.account","test_token_revoke","","","","test_revoke_token_positive[partner-payload0]","Позитивные тесты на удаление токена"
"passed","Sat Aug 23 00:49:22 UTC 2025","Sat Aug 23 00:49:22 UTC 2025","158","tests.statistic","test_team_registrations","","","","test_get_team_registration_statistic_positive[payload3-admin]","Позитивный тест: получение статистики по регистрации команды с валидным телом запроса"
"passed","Sat Aug 23 00:49:13 UTC 2025","Sat Aug 23 00:49:14 UTC 2025","692","tests.stock","test_delete_stock","","","","test_delete_stock_invalid_id[-1]",""
"passed","Sat Aug 23 00:49:13 UTC 2025","Sat Aug 23 00:49:13 UTC 2025","137","tests.cart","test_get_delivery_cost","","","","test_get_delivery_cost_invalid_payload[partner-payload3]","Негативный тест: некорректные входные данные"
"passed","Sat Aug 23 00:49:27 UTC 2025","Sat Aug 23 00:49:28 UTC 2025","585","tests.tickets","test_04_create_ticket","","","","test_create_ticket_success[client-attachments0-QuestionsAboutInternationalDelivery]","Позитивный тест: создание тикета с разными темами и вложениями для клиента, партнера и админа"
"passed","Sat Aug 23 00:46:43 UTC 2025","Sat Aug 23 00:46:43 UTC 2025","172","tests.account","test_0_top_partners_game_0824","","","","test_get_top_partners_game_0824_positive[admin]","Позитивные тесты на получение топ-партнеров в игре 08/24"
"skipped","Sat Aug 23 00:46:43 UTC 2025","Sat Aug 23 00:46:43 UTC 2025","0","tests.account","test_history_personal_volumes_admin","","","","test_get_personal_volumes_history_admin_positive[admin-payload1]","Позитивные тесты на получение истории начисления личных объемов для админа"
"passed","Sat Aug 23 00:49:28 UTC 2025","Sat Aug 23 00:49:29 UTC 2025","628","tests.tickets","test_02_get_ticket_by_id","","","","test_get_ticket_invalid_id[-1]","Негативный тест: передан некорректный ID."
"skipped","Sat Aug 23 00:46:43 UTC 2025","Sat Aug 23 00:46:43 UTC 2025","0","tests.account","test_history_personal_volumes","","","","test_get_personal_volumes_history_positive[admin-payload0]","Позитивные тесты на получение истории начисления личных объемов"
"skipped","Sat Aug 23 00:46:43 UTC 2025","Sat Aug 23 00:46:43 UTC 2025","0","tests.account","test_pass_change","","","","test_change_password_positive[partner-payload1]","Позитивные тесты на изменение пароля"
"skipped","Sat Aug 23 00:46:43 UTC 2025","Sat Aug 23 00:46:43 UTC 2025","0","tests.account","test_get_default_stock","","","","test_get_default_stock_positive[client]","Позитивные тесты на получение дефолтного склада"
"passed","Sat Aug 23 00:46:59 UTC 2025","Sat Aug 23 00:47:02 UTC 2025","3040","tests.admin_panel.categories","test_79_get_category_translation","","","","test_get_category_translation_invalid_id[1.5]",""
"skipped","Sat Aug 23 00:46:44 UTC 2025","Sat Aug 23 00:46:44 UTC 2025","0","tests.account","test_family_agreement_create_three","","","","test_create_family_agreement_three_positive[admin-payload0]","Позитивные тесты на создание семейного соглашения при аннулировании второго партнера"
"passed","Sat Aug 23 00:50:08 UTC 2025","Sat Aug 23 00:50:08 UTC 2025","172","tests.tickets","test_01_get_tickets","","","","test_get_tickets_success[filter1-sort1-search0-pagination1-client]","Позитивный тест: получение списка тикетов с разными комбинациями параметров"
"skipped","Sat Aug 23 00:49:14 UTC 2025","Sat Aug 23 00:49:14 UTC 2025","0","tests.stock","test_create_stock","","","","test_create_stock_with_empty_string_log_if_not_200[address.street]",""
"skipped","Sat Aug 23 00:49:45 UTC 2025","Sat Aug 23 00:49:48 UTC 2025","2715","tests.tickets","test_10_send_message_to_ticket","","","","test_send_message_role_permissions[authorize_partner-authorize_client-403]","Проверка доступа к отправке сообщений в тикеты в зависимости от роли"
"passed","Sat Aug 23 00:46:42 UTC 2025","Sat Aug 23 00:46:42 UTC 2025","159","tests.account","test_0_bonus_tokens","","","","test_get_bonus_tokens_positive[client]","Позитивные тесты на получение списка токенов"
"passed","Sat Aug 23 00:49:34 UTC 2025","Sat Aug 23 00:49:34 UTC 2025","166","tests.tickets","test_01_get_tickets","","","","test_get_tickets_success[filter0-sort0-search2-pagination0-client]","Позитивный тест: получение списка тикетов с разными комбинациями параметров"
"passed","Sat Aug 23 00:47:22 UTC 2025","Sat Aug 23 00:47:24 UTC 2025","1947","tests.admin_panel.products","test_03_recommended_products_delete","","","","test_remove_recommendation_db_no_rights[partner]","Пользователь без прав пытается удалить рекомендации."
"passed","Sat Aug 23 00:48:23 UTC 2025","Sat Aug 23 00:48:27 UTC 2025","3308","tests.admin_panel.slides","test_61_upload_slides_images","","","","test_upload_slide_images_file_too_large[4.7-fields_to_send2-204]","Негативный тест: загрузка слишком большого изображения."
"skipped","Sat Aug 23 00:46:40 UTC 2025","Sat Aug 23 00:46:40 UTC 2025","0","tests.account","test_0_marathon","","","","test_get_marathon_is_purchased[partner-200]","Позитивный кейс — проверяет приобретал ли аккаунт марафонский набор (все поля)"
"passed","Sat Aug 23 00:49:25 UTC 2025","Sat Aug 23 00:49:29 UTC 2025","4689","tests.catalog","test_create_admin_product_translation","","","","test_create_admin_product_translation_forbidden[partner]","Проверка запрета на создание перевода продукта не-админом."
"passed","Sat Aug 23 00:52:19 UTC 2025","Sat Aug 23 00:52:19 UTC 2025","139","tests.tickets","test_04_create_ticket","","","","test_create_ticket_invalid_request_type[client-invalid_request_type-400]","Негативный тест: попытка создания тикета с неверным типом request_type"
"passed","Sat Aug 23 00:47:06 UTC 2025","Sat Aug 23 00:47:06 UTC 2025","400","tests.admin_panel.items","test_update_item","","","","test_update_item_unauthorized","Негативный тест: попытка обновления item без авторизации."
"passed","Sat Aug 23 00:49:18 UTC 2025","Sat Aug 23 00:49:23 UTC 2025","4673","tests.catalog","test_create_admin_product_translation","","","","test_create_admin_product_translation_forbidden[client]","Проверка запрета на создание перевода продукта не-админом."
"passed","Sat Aug 23 00:47:06 UTC 2025","Sat Aug 23 00:47:09 UTC 2025","2398","tests.admin_panel.items","test_create_item_translation","","","","test_create_item_translation_success[uz]",""
"passed","Sat Aug 23 00:50:01 UTC 2025","Sat Aug 23 00:50:02 UTC 2025","1307","tests.tickets","test_04_create_ticket","","","","test_create_ticket_success[client-attachments1-ReceivingDefectiveProducts]","Позитивный тест: создание тикета с разными темами и вложениями для клиента, партнера и админа"
"passed","Sat Aug 23 00:47:18 UTC 2025","Sat Aug 23 00:47:19 UTC 2025","1526","tests.admin_panel.products","test_03_recommended_products_delete","","","","test_remove_empty_recommendation_list","Удаление с пустым списком рекомендаций."
"skipped","Sat Aug 23 00:46:43 UTC 2025","Sat Aug 23 00:46:43 UTC 2025","0","tests.account","test_history_group_volumes","","","","test_get_group_volumes_history_positive[partner-payload1]","Позитивные тесты на получение истории начисления групповых объемов"
"skipped","Sat Aug 23 00:46:38 UTC 2025","Sat Aug 23 00:46:38 UTC 2025","0","tests.PROJECT_EDUCATION.test_system","01_start_test","","","","test_start_test_session","Позитивный тест: успешный запуск теста"
"passed","Sat Aug 23 00:47:11 UTC 2025","Sat Aug 23 00:47:12 UTC 2025","1101","tests.admin_panel.categories","test_50_upload_category_images","","","","test_upload_category_images_invalid_format[valid.webp-image/webp-204]","Негативный тест: загрузка изображений в неверном формате (например, .txt)."
"passed","Sat Aug 23 00:49:36 UTC 2025","Sat Aug 23 00:49:37 UTC 2025","159","tests.tickets","test_01_get_tickets","","","","test_get_tickets_success[filter0-sort0-search2-pagination1-partner]","Позитивный тест: получение списка тикетов с разными комбинациями параметров"
"passed","Sat Aug 23 00:47:05 UTC 2025","Sat Aug 23 00:47:07 UTC 2025","2595","tests.admin_panel.items","test_get_item_translation","","","","test_get_item_translation_success",""
"skipped","Sat Aug 23 00:52:27 UTC 2025","Sat Aug 23 00:52:27 UTC 2025","0","tests.tickets","test_04_create_ticket","","","","test_create_ticket_invalid_title[client-]","Негативный тест: создание тикета без заголовка"
"passed","Sat Aug 23 00:49:12 UTC 2025","Sat Aug 23 00:49:17 UTC 2025","4699","tests.catalog","test_create_admin_product_translation","","","","test_create_admin_product_translation_minimal_payload","Создание перевода продукта с минимальными полями."
"passed","Sat Aug 23 00:49:17 UTC 2025","Sat Aug 23 00:49:17 UTC 2025","137","tests.cart","test_get_delivery_cost","","","","test_get_delivery_cost_invalid_payload[admin-payload2]","Негативный тест: некорректные входные данные"
"passed","Sat Aug 23 00:51:09 UTC 2025","Sat Aug 23 00:51:11 UTC 2025","1053","tests.tickets","test_04_create_ticket","","","","test_create_ticket_success[partner-attachments2-QuestionsAboutProducts]","Позитивный тест: создание тикета с разными темами и вложениями для клиента, партнера и админа"
"passed","Sat Aug 23 00:48:30 UTC 2025","Sat Aug 23 00:48:33 UTC 2025","2754","tests.cart","test_user_locale","","","","test_update_user_locale_valid_payload_1[client-payload5]","
    Позитивный тест: Обновление языка/склада/локали авторизованным пользователем."
"passed","Sat Aug 23 00:47:30 UTC 2025","Sat Aug 23 00:47:31 UTC 2025","635","tests.admin_panel.items","test_delete_item_translation","","","","test_delete_item_translation_invalid_id[999999999]","Негативный тест: удаление перевода с невалидным или несуществующим ID item."
"skipped","Sat Aug 23 00:46:43 UTC 2025","Sat Aug 23 00:46:43 UTC 2025","0","tests.account","test_funds_transfer_list","","","","test_get_funds_transfer_list_positive[client-payload0]","Позитивные тесты на получение истории переводов/выводов средств"
"passed","Sat Aug 23 00:47:37 UTC 2025","Sat Aug 23 00:47:38 UTC 2025","612","tests.admin_panel.promo","test_76_get_promotion_items","","","","test_get_promotion_item_invalid_id[0-0]","Негативный тест: получение элемента с невалидным ID."
"passed","Sat Aug 23 00:48:33 UTC 2025","Sat Aug 23 00:48:33 UTC 2025","950","tests.delivery","test_01_save_delivery_address","","","","test_save_delivery_address_positive[client-payload2]","Позитивные тесты на сохранение адреса доставки"
"skipped","Sat Aug 23 00:46:43 UTC 2025","Sat Aug 23 00:46:43 UTC 2025","0","tests.account","test_history_group_volumes_admin","","","","test_get_group_volumes_history_admin_positive[client-payload1]","Позитивные тесты на получение истории начисления групповых объемов для админа"
"passed","Sat Aug 23 00:46:45 UTC 2025","Sat Aug 23 00:46:46 UTC 2025","331","tests.account","test_0_referral_links","","","","test_get_referral_links_positive[partner-200]","Позитивные тесты на получение реферальных ссылок"
"passed","Sat Aug 23 00:47:38 UTC 2025","Sat Aug 23 00:47:39 UTC 2025","590","tests.admin_panel.promo","test_75_delete_promotion_by_id","","","","test_delete_promotion_invalid_id[0]","Негативный тест: удаление несуществующей или некорректной акции."
"passed","Sat Aug 23 00:50:44 UTC 2025","Sat Aug 23 00:50:45 UTC 2025","1218","tests.tickets","test_04_create_ticket","","","","test_create_ticket_success[partner-attachments1-QuestionsAboutOrders]","Позитивный тест: создание тикета с разными темами и вложениями для клиента, партнера и админа"
"passed","Sat Aug 23 00:46:40 UTC 2025","Sat Aug 23 00:46:41 UTC 2025","622","tests.PROJECT_FUND.initiatives","test_get_initiative_by_id","","","","test_get_initiative_by_invalid_id[0-https://dev.ewahelps.com/api]",""
"passed","Sat Aug 23 00:47:43 UTC 2025","Sat Aug 23 00:47:43 UTC 2025","139","tests.admin_panel.sliders","test_52_create_slider","","","","test_create_slider_forbidden[client]","Негативный тест: создание слайдера не-админом запрещено."
"passed","Sat Aug 23 00:46:47 UTC 2025","Sat Aug 23 00:46:48 UTC 2025","886","tests.admin_panel.categories","test_56_v2_create_category","","","","test_v2_create_category_success","Позитивный тест: успешное создание категории (все поля)."
"passed","Sat Aug 23 00:47:43 UTC 2025","Sat Aug 23 00:47:46 UTC 2025","3059","tests.admin_panel.promo","test_73_get_promotion_by_id","","","","test_get_promotion_invalid_id[None]","Негативный тест: получение акции по невалидному ID."
"passed","Sat Aug 23 00:49:26 UTC 2025","Sat Aug 23 00:49:27 UTC 2025","546","tests.tickets","test_04_create_ticket","","","","test_create_ticket_success[client-attachments0-QuestionsAboutOrders]","Позитивный тест: создание тикета с разными темами и вложениями для клиента, партнера и админа"
"passed","Sat Aug 23 00:47:07 UTC 2025","Sat Aug 23 00:47:09 UTC 2025","2099","tests.admin_panel.products","test_02_recommended_products_add","","","","test_add_duplicate_recommendation","Повторное добавление того же рекомендованного товара"
"passed","Sat Aug 23 00:47:39 UTC 2025","Sat Aug 23 00:47:42 UTC 2025","3082","tests.admin_panel.promo","test_72_create_promotion","","","","test_create_promotion_invalid_data[payload7-400]","Негативные тесты: невалидные данные"
"passed","Sat Aug 23 00:48:59 UTC 2025","Sat Aug 23 00:48:59 UTC 2025","438","tests.one_c","test_get_1с_stock","","","","test_get_stock_success[540001]",""
"passed","Sat Aug 23 00:47:49 UTC 2025","Sat Aug 23 00:47:49 UTC 2025","607","tests.admin_panel.promo","test_72_create_promotion","","","","test_create_promotion_invalid_data[payload11-422]","Негативные тесты: невалидные данные"
"skipped","Sat Aug 23 00:46:43 UTC 2025","Sat Aug 23 00:46:43 UTC 2025","0","tests.account","test_pass_change","","","","test_change_password_positive[admin-payload1]","Позитивные тесты на изменение пароля"
"passed","Sat Aug 23 00:47:52 UTC 2025","Sat Aug 23 00:47:52 UTC 2025","139","tests.admin_panel.promo","test_72_create_promotion","","","","test_create_promotion_forbidden[partner]","Негативный тест: создание акции не-админом запрещено."
"passed","Sat Aug 23 00:48:40 UTC 2025","Sat Aug 23 00:48:41 UTC 2025","1377","tests.delivery","test_02_get_delivery_address","","","","test_get_delivery_addresses_permissions[partner]","Тест: проверка получения адресов"
"passed","Sat Aug 23 00:47:33 UTC 2025","Sat Aug 23 00:47:34 UTC 2025","919","tests.admin_panel.promo","test_77_create_promotion_item","","","","test_create_promotion_item_forbidden[client]","Негативный тест: создание элемента акции не-админом запрещено."
"passed","Sat Aug 23 00:47:11 UTC 2025","Sat Aug 23 00:47:13 UTC 2025","2447","tests.admin_panel.products","test_01_recommended_products_sort","","","","test_sort_recommendations_no_rights[partner]","Пользователь без прав пытается отсортировать рекомендации"
"skipped","Sat Aug 23 00:46:43 UTC 2025","Sat Aug 23 00:46:43 UTC 2025","0","tests.account","test_delete","","","","test_delete_account_positive[admin]","Позитивные тесты на удаление аккаунта"
"passed","Sat Aug 23 00:48:43 UTC 2025","Sat Aug 23 00:48:45 UTC 2025","2111","tests.admin_panel.slides","test_61_upload_slides_images","","","","test_upload_slide_images_file_too_large[5.3-fields_to_send7-400]","Негативный тест: загрузка слишком большого изображения."
"skipped","Sat Aug 23 00:49:13 UTC 2025","Sat Aug 23 00:49:13 UTC 2025","0","tests.stock","test_create_stock","","","","test_create_stock_with_empty_string_log_if_not_200[postcode]",""
"skipped","Sat Aug 23 00:48:55 UTC 2025","Sat Aug 23 00:48:55 UTC 2025","0","tests.cart","test_user_locale","","","","test_update_user_locale_valid_payload[payload8]","
    Позитивный тест: Обновление языка/склада/локали НЕавторизованным пользователем с указанной корзиной в cookie.
    "
"passed","Sat Aug 23 00:49:25 UTC 2025","Sat Aug 23 00:49:25 UTC 2025","172","tests.tickets","test_01_get_tickets","","","","test_get_tickets_success[filter0-sort0-search0-pagination0-client]","Позитивный тест: получение списка тикетов с разными комбинациями параметров"
"passed","Sat Aug 23 00:49:09 UTC 2025","Sat Aug 23 00:49:09 UTC 2025","139","tests.cart","test_get_delivery_cost","","","","test_get_delivery_cost_invalid_payload[client-payload5]","Негативный тест: некорректные входные данные"
"passed","Sat Aug 23 00:48:02 UTC 2025","Sat Aug 23 00:48:06 UTC 2025","3650","tests.admin_panel.slides","test_61_upload_slides_images","","","","test_upload_slide_images_invalid_format[invalid.txt-text/plain-400]","Негативный и позитивный тест: загрузка изображений в разных форматах."
"passed","Sat Aug 23 00:48:12 UTC 2025","Sat Aug 23 00:48:16 UTC 2025","3397","tests.admin_panel.slides","test_59_update_slide","","","","test_update_slide_invalid_payload[payload1-expected_code1]","Негативный тест: обновление слайда с невалидным или неполным телом запроса."
"passed","Sat Aug 23 00:48:20 UTC 2025","Sat Aug 23 00:48:21 UTC 2025","940","tests.admin_panel.slides","test_59_update_slide","","","","test_update_slide_invalid_payload[payload4-expected_code4]","Негативный тест: обновление слайда с невалидным или неполным телом запроса."
"skipped","Sat Aug 23 00:46:43 UTC 2025","Sat Aug 23 00:46:43 UTC 2025","0","tests.account","test_history_personal_volumes_admin","","","","test_get_personal_volumes_history_admin_positive[client-payload1]","Позитивные тесты на получение истории начисления личных объемов для админа"
"skipped","Sat Aug 23 00:49:13 UTC 2025","Sat Aug 23 00:49:13 UTC 2025","0","tests.stock","test_create_stock","","","","test_create_stock_with_empty_string_log_if_not_200[city.name]",""
"passed","Sat Aug 23 00:47:46 UTC 2025","Sat Aug 23 00:47:46 UTC 2025","591","tests.admin_panel.promo","test_73_get_promotion_by_id","","","","test_get_promotion_invalid_id[]","Негативный тест: получение акции по невалидному ID."
"passed","Sat Aug 23 00:48:00 UTC 2025","Sat Aug 23 00:48:01 UTC 2025","1002","tests.admin_panel.slides","test_60_delete_slides","","","","test_delete_slide_forbidden[partner]","Негативный тест: попытка удаления слайда не-админом."
"passed","Sat Aug 23 00:47:18 UTC 2025","Sat Aug 23 00:47:18 UTC 2025","144","tests.admin_panel.products","test_40_create_product_brand","","","","test_create_product_brand_forbidden[client]","Негативный тест: создание бренда не-админом запрещено."
"passed","Sat Aug 23 00:47:57 UTC 2025","Sat Aug 23 00:47:57 UTC 2025","617","tests.admin_panel.sliders","test_52_create_slider","","","","test_create_slider_invalid_payload[payload5-400]","Негативный тест: попытка создать слайдер с невалидным payload."
"skipped","Sat Aug 23 00:46:39 UTC 2025","Sat Aug 23 00:46:39 UTC 2025","0","tests.PROJECT_EDUCATION.test_system","04_finish_test","","","","test_finish_test_unauthorized","Негативный тест: запуск теста без авторизации"
"passed","Sat Aug 23 00:46:48 UTC 2025","Sat Aug 23 00:46:49 UTC 2025","166","tests.account","test_0_family_agreement_get","","","","test_get_family_agreement_positive[payload0-admin]","Позитивные тесты на получение данных о семейном соглашении"
"passed","Sat Aug 23 00:46:42 UTC 2025","Sat Aug 23 00:46:43 UTC 2025","644","tests.PROJECT_FUND.initiatives","test_get_reports","","","","test_get_reports_invalid_query_params[query2-https://dev.ewahelps.com/api]","Негативный тест: запрос с некорректными query-параметрами"
"passed","Sat Aug 23 00:46:41 UTC 2025","Sat Aug 23 00:46:41 UTC 2025","455","tests.PROJECT_FUND.initiatives","test_get_reports","","","","test_get_reports_with_query_params[query3-https://dev.ewahelps.com/api]","Позитивный тест: получение списка отчетов с query-параметрами"
"passed","Sat Aug 23 00:50:24 UTC 2025","Sat Aug 23 00:50:24 UTC 2025","168","tests.tickets","test_01_get_tickets","","","","test_get_tickets_success[filter2-sort0-search1-pagination1-client]","Позитивный тест: получение списка тикетов с разными комбинациями параметров"
"passed","Sat Aug 23 00:46:44 UTC 2025","Sat Aug 23 00:46:44 UTC 2025","419","tests.PROJECT_FUND.initiatives","test_get_report_by_id","","","","test_get_report_by_invalid_id[-https://dev.ewahelps.com/api]","Негативный тест: невалидный или несуществующий path-параметр"
"passed","Sat Aug 23 00:48:53 UTC 2025","Sat Aug 23 00:48:56 UTC 2025","3151","tests.admin_panel.slides","test_61_upload_slides_images","","","","test_upload_slide_images_file_too_large[5.3-fields_to_send9-expected_status9]","Негативный тест: загрузка слишком большого изображения."
"skipped","Sat Aug 23 00:46:39 UTC 2025","Sat Aug 23 00:46:39 UTC 2025","0","tests.account","test_0_grades_rating","","","","test_get_grades_rating_positive[partner]","Позитивные тесты на получение рейтинга квалификаций"
"passed","Sat Aug 23 00:48:44 UTC 2025","Sat Aug 23 00:48:44 UTC 2025","657","tests.fund","test_get_top_donors","","","","test_get_top_donors_success[optional_params0-https://dev.ewahelps.com/api]","Позитивный тест: успешное получение списка топ доноров с разными комбинациями необязательных параметров."
"passed","Sat Aug 23 00:48:13 UTC 2025","Sat Aug 23 00:48:14 UTC 2025","587","tests.admin_panel.slides","test_57_create_slide","","","","test_create_slide_invalid_payload[payload14-expected_code14]","Негативные тесты: некорректные и неполные payload'ы."
"passed","Sat Aug 23 00:49:48 UTC 2025","Sat Aug 23 00:49:48 UTC 2025","605","tests.tickets","test_12_delete_message","","","","test_delete_ticket_message_negative[invalid-500]","Негативные тесты: удаление с некорректными данными"
"passed","Sat Aug 23 00:47:02 UTC 2025","Sat Aug 23 00:47:04 UTC 2025","2378","tests.admin_panel.items","test_create_item_translation","","","","test_create_item_translation_success[kk]",""
"skipped","Sat Aug 23 00:46:40 UTC 2025","Sat Aug 23 00:46:40 UTC 2025","0","tests.account","test_0_marathon","","","","test_get_marathon_is_purchased_negative[client-400]","Негативный кейс — проверяет приобретал ли аккаунт марафонский набор (все поля)"
"passed","Sat Aug 23 00:49:01 UTC 2025","Sat Aug 23 00:49:01 UTC 2025","144","tests.delivery","test_01_save_delivery_address","","","","test_save_delivery_address_negative[admin-payload0-400]","Негативные тесты на сохранение адреса доставки (отсутствие обязательных полей, некорректные данные)"
"passed","Sat Aug 23 00:48:35 UTC 2025","Sat Aug 23 00:48:38 UTC 2025","3314","tests.catalog","test_create_admin_product","","","","test_create_product_invalid_payload[payload3-400]",""
"passed","Sat Aug 23 00:47:55 UTC 2025","Sat Aug 23 00:47:56 UTC 2025","620","tests.admin_panel.sliders","test_53_get_sliders_by_id","","","","test_get_sliders_invalid_id[1.5]","Негативный тест: получение слайдера по невалидному ID"
"passed","Sat Aug 23 00:49:13 UTC 2025","Sat Aug 23 00:49:13 UTC 2025","145","tests.statistic","test_team_registrations","","","","test_get_team_registration_statistic_positive[payload0-admin]","Позитивный тест: получение статистики по регистрации команды с валидным телом запроса"
"passed","Sat Aug 23 00:47:12 UTC 2025","Sat Aug 23 00:47:13 UTC 2025","928","tests.admin_panel.categories","test_57_v2_update_category","","","","test_v2_update_category_invalid_payload[payload2-expected_code2]","Негативный тест: обновление категории с невалидным или неполным телом запроса."
"passed","Sat Aug 23 00:48:23 UTC 2025","Sat Aug 23 00:48:28 UTC 2025","4829","tests.catalog","test_delete_admin_product_translation","","","","test_delete_admin_product_translation_forbidden[client]","Удаление перевода не-админом — должно вернуть 403."
"passed","Sat Aug 23 00:49:32 UTC 2025","Sat Aug 23 00:49:32 UTC 2025","140","tests.statistic","test_team_registrations","","","","test_get_team_registration_statistic_negative[payload4-admin]","Негативный тест: ошибка при получении статистики регистрации команды с невалидным телом запроса"
"passed","Sat Aug 23 00:50:17 UTC 2025","Sat Aug 23 00:50:19 UTC 2025","1086","tests.tickets","test_04_create_ticket","","","","test_create_ticket_success[client-attachments2-OtherQuestions]","Позитивный тест: создание тикета с разными темами и вложениями для клиента, партнера и админа"
"skipped","Sat Aug 23 00:46:43 UTC 2025","Sat Aug 23 00:46:43 UTC 2025","0","tests.account","test_family_agreement_update_status","","","","test_update_family_agreement_status_positive[client-payload0]","Позитивные тесты на изменение статуса семейного соглашения"
"passed","Sat Aug 23 00:48:19 UTC 2025","Sat Aug 23 00:48:22 UTC 2025","2208","tests.cart","test_user_locale","","","","test_update_user_locale_valid_payload_1[client-payload1]","
    Позитивный тест: Обновление языка/склада/локали авторизованным пользователем."
"passed","Sat Aug 23 00:50:33 UTC 2025","Sat Aug 23 00:50:34 UTC 2025","565","tests.tickets","test_04_create_ticket","","","","test_create_ticket_success[partner-attachments0-QuestionsAboutTheRewardSystemMarketingPlan]","Позитивный тест: создание тикета с разными темами и вложениями для клиента, партнера и админа"
"skipped","Sat Aug 23 00:49:14 UTC 2025","Sat Aug 23 00:49:14 UTC 2025","0","tests.stock","test_create_stock","","","","test_create_stock_with_empty_string_log_if_not_200[is_closed]",""
"passed","Sat Aug 23 00:50:40 UTC 2025","Sat Aug 23 00:50:40 UTC 2025","160","tests.tickets","test_01_get_tickets","","","","test_get_tickets_success[filter2-sort1-search1-pagination0-partner]","Позитивный тест: получение списка тикетов с разными комбинациями параметров"
"passed","Sat Aug 23 00:52:22 UTC 2025","Sat Aug 23 00:52:23 UTC 2025","540","tests.tickets","test_04_create_ticket","","","","test_create_ticket_invalid_request_type[partner--200]","Негативный тест: попытка создания тикета с неверным типом request_type"
"passed","Sat Aug 23 00:47:34 UTC 2025","Sat Aug 23 00:47:35 UTC 2025","583","tests.admin_panel.items","test_update_item","","","","test_update_item_invalid_id[abc]","Негативный тест: несуществующий или некорректный ID."
"passed","Sat Aug 23 00:47:58 UTC 2025","Sat Aug 23 00:47:59 UTC 2025","1025","tests.admin_panel.promo","test_74_update_promotion","","","","test_update_promotion_invalid_payload[payload12-422]","Негативный тест: обновление акции с невалидным или неполным телом запроса."
"passed","Sat Aug 23 00:50:42 UTC 2025","Sat Aug 23 00:50:42 UTC 2025","163","tests.tickets","test_01_get_tickets","","","","test_get_tickets_success[filter2-sort1-search1-pagination1-client]","Позитивный тест: получение списка тикетов с разными комбинациями параметров"
"passed","Sat Aug 23 00:48:17 UTC 2025","Sat Aug 23 00:48:18 UTC 2025","589","tests.admin_panel.slides","test_57_create_slide","","","","test_create_slide_invalid_payload[payload21-422]","Негативные тесты: некорректные и неполные payload'ы."
"passed","Sat Aug 23 00:47:10 UTC 2025","Sat Aug 23 00:47:11 UTC 2025","582","tests.admin_panel.categories","test_80_create_category_translation","","","","test_create_category_translation_invalid_payload[payload5-422]","Негативный тест: создание перевода с невалидным payload."
"skipped","Sat Aug 23 00:52:32 UTC 2025","Sat Aug 23 00:52:32 UTC 2025","0","tests.tickets","test_04_create_ticket","","","","test_create_ticket_invalid_attachment[partner]","Негативный тест: попытка загрузки вложения с некорректными данными"
"passed","Sat Aug 23 00:52:08 UTC 2025","Sat Aug 23 00:52:09 UTC 2025","1074","tests.tickets","test_04_create_ticket","","","","test_create_ticket_success[admin-attachments2-QuestionsAboutTheMarriageContract]","Позитивный тест: создание тикета с разными темами и вложениями для клиента, партнера и админа"
"passed","Sat Aug 23 00:50:42 UTC 2025","Sat Aug 23 00:50:43 UTC 2025","1223","tests.tickets","test_04_create_ticket","","","","test_create_ticket_success[partner-attachments1-QuestionsAboutTheHousingAndCarProgram]","Позитивный тест: создание тикета с разными темами и вложениями для клиента, партнера и админа"
"skipped","Sat Aug 23 00:46:40 UTC 2025","Sat Aug 23 00:46:40 UTC 2025","0","tests.account","test_0_marathon","","","","test_create_product_brand_invalid_payload[params2-400-client]",""
"passed","Sat Aug 23 00:48:44 UTC 2025","Sat Aug 23 00:48:49 UTC 2025","5065","tests.catalog","test_create_admin_product_translation","","","","test_create_admin_product_translation_success[uz]","Создание и обновление перевода продукта на разных языках."
"passed","Sat Aug 23 00:51:06 UTC 2025","Sat Aug 23 00:51:07 UTC 2025","1063","tests.tickets","test_04_create_ticket","","","","test_create_ticket_success[partner-attachments2-QuestionsAboutOrders]","Позитивный тест: создание тикета с разными темами и вложениями для клиента, партнера и админа"
"passed","Sat Aug 23 00:49:00 UTC 2025","Sat Aug 23 00:49:00 UTC 2025","400","tests.one_c","test_get_1с_stock","","","","test_get_stock_forbidden[params1]",""
"passed","Sat Aug 23 00:46:59 UTC 2025","Sat Aug 23 00:46:59 UTC 2025","628","tests.admin_panel.categories","test_79_get_category_translation","","","","test_get_category_translation_invalid_id[0]",""
"passed","Sat Aug 23 00:49:00 UTC 2025","Sat Aug 23 00:49:00 UTC 2025","311","tests.cart","test_get_delivery_cost","","","","test_get_delivery_cost_success_partial_payload[admin-payload2-400]","Позитивный тест: успешное получение ТК при неполном наборе (город без региона, без ID и т.п.)"
"passed","Sat Aug 23 00:49:31 UTC 2025","Sat Aug 23 00:49:31 UTC 2025","593","tests.tickets","test_02_get_ticket_by_id","","","","test_get_ticket_invalid_id[1.5]","Негативный тест: передан некорректный ID."
"skipped","Sat Aug 23 00:49:26 UTC 2025","Sat Aug 23 00:49:26 UTC 2025","146","tests.statistic","test_team_registrations","","","","test_get_team_registration_statistic_negative[payload1-admin]","Негативный тест: ошибка при получении статистики регистрации команды с невалидным телом запроса"
"passed","Sat Aug 23 00:47:23 UTC 2025","Sat Aug 23 00:47:23 UTC 2025","592","tests.admin_panel.items","test_create_item_translation","","","","test_create_item_translation_invalid_payload[payload3-code3]","Негативный тест: создание перевода с невалидным payload."
"passed","Sat Aug 23 00:51:19 UTC 2025","Sat Aug 23 00:51:20 UTC 2025","1113","tests.tickets","test_04_create_ticket","","","","test_create_ticket_success[partner-attachments2-ReceivingDefectiveProductsOrShortage]","Позитивный тест: создание тикета с разными темами и вложениями для клиента, партнера и админа"
"passed","Sat Aug 23 00:49:34 UTC 2025","Sat Aug 23 00:49:34 UTC 2025","141","tests.statistic","test_team_activations","","","","test_get_team_activation_statistic_negative[payload5-client]","Негативный тест: ошибка при получении статистики активации команды с невалидным телом запроса"
"skipped","Sat Aug 23 00:49:08 UTC 2025","Sat Aug 23 00:49:08 UTC 2025","191","tests.register","test_01_register_form","","","","test_register_form_negative[partner-payload0-400]",""
"passed","Sat Aug 23 00:48:54 UTC 2025","Sat Aug 23 00:48:54 UTC 2025","631","tests.catalog","test_get_admin_product_translation","","","","test_get_admin_product_translation_not_found","Запрос перевода для несуществующего product_id — 404."
"passed","Sat Aug 23 00:51:56 UTC 2025","Sat Aug 23 00:51:57 UTC 2025","1193","tests.tickets","test_04_create_ticket","","","","test_create_ticket_success[admin-attachments1-ReceivingDefectiveProducts]","Позитивный тест: создание тикета с разными темами и вложениями для клиента, партнера и админа"
"passed","Sat Aug 23 00:49:19 UTC 2025","Sat Aug 23 00:49:19 UTC 2025","158","tests.stock","test_get_group_orders","","","","test_get_group_orders_country_id_not_found[admin]","Проверка получения складов по несуществующему country_id"
"skipped","Sat Aug 23 00:49:28 UTC 2025","Sat Aug 23 00:49:28 UTC 2025","148","tests.statistic","test_team_registrations","","","","test_get_team_registration_statistic_negative[payload2-admin]","Негативный тест: ошибка при получении статистики регистрации команды с невалидным телом запроса"
"passed","Sat Aug 23 00:49:04 UTC 2025","Sat Aug 23 00:49:05 UTC 2025","165","tests.register","test_01_register_form","","","","test_register_form_positive[admin-payload0]",""
"skipped","Sat Aug 23 00:46:43 UTC 2025","Sat Aug 23 00:46:43 UTC 2025","0","tests.account","test_history_group_volumes_admin","","","","test_get_group_volumes_history_admin_positive[admin-payload0]","Позитивные тесты на получение истории начисления групповых объемов для админа"
"passed","Sat Aug 23 00:48:06 UTC 2025","Sat Aug 23 00:48:12 UTC 2025","5854","tests.admin_panel.sliders","test_54_update_slider","","","","test_update_slider_invalid_payload[payload4-expected_code4]","Негативный тест: обновление слайдера с невалидным или неполным телом запроса."
"passed","Sat Aug 23 00:49:47 UTC 2025","Sat Aug 23 00:49:47 UTC 2025","179","tests.tickets","test_01_get_tickets","","","","test_get_tickets_success[filter0-sort1-search2-pagination0-partner]","Позитивный тест: получение списка тикетов с разными комбинациями параметров"
"passed","Sat Aug 23 00:49:10 UTC 2025","Sat Aug 23 00:49:10 UTC 2025","140","tests.delivery","test_03_delete_delivery_address","","","","test_delete_delivery_address_invalid_id[None-admin]","Негативные тесты: удаление адреса с некорректным ID"
"skipped","Sat Aug 23 00:49:43 UTC 2025","Sat Aug 23 00:49:43 UTC 2025","0","tests.tickets","test_11_update_message","","","","test_update_message_role_permissions[authorize_client-200]","Проверка прав на редактирование сообщения в тикете"
"passed","Sat Aug 23 00:50:32 UTC 2025","Sat Aug 23 00:50:32 UTC 2025","171","tests.tickets","test_01_get_tickets","","","","test_get_tickets_success[filter2-sort0-search2-pagination1-admin]","Позитивный тест: получение списка тикетов с разными комбинациями параметров"
"passed","Sat Aug 23 00:49:00 UTC 2025","Sat Aug 23 00:49:01 UTC 2025","1622","tests.one_c","test_create_1c_stock","","","","test_timezone_same_name_different_offset_creates_new",""
"skipped","Sat Aug 23 00:46:43 UTC 2025","Sat Aug 23 00:46:43 UTC 2025","0","tests.account","test_funds_transfer_list","","","","test_get_funds_transfer_list_positive[client-payload1]","Позитивные тесты на получение истории переводов/выводов средств"
"passed","Sat Aug 23 00:46:53 UTC 2025","Sat Aug 23 00:46:54 UTC 2025","1409","tests.admin_panel.categories","test_57_v2_update_category","","","","test_v2_update_category_slug_should_fail_if_not_unique","Негативный тест: попытка обновить slug категории на уже существующий."
"passed","Sat Aug 23 00:46:43 UTC 2025","Sat Aug 23 00:46:44 UTC 2025","637","tests.PROJECT_FUND.initiatives","test_get_report_by_id","","","","test_get_report_by_invalid_id[None-https://dev.ewahelps.com/api]","Негативный тест: невалидный или несуществующий path-параметр"
"skipped","Sat Aug 23 00:47:03 UTC 2025","Sat Aug 23 00:47:03 UTC 2025","0","tests.admin_panel.products","test_01_delete_product_group","","","","test_delete_product_group_forbidden[partner]","Негативный тест: попытка удаления продукт группы не-админом."
"passed","Sat Aug 23 00:47:25 UTC 2025","Sat Aug 23 00:47:28 UTC 2025","3072","tests.admin_panel.items","test_get_item_translation","","","","test_get_item_translation_invalid_id[1.5]",""
"passed","Sat Aug 23 00:48:10 UTC 2025","Sat Aug 23 00:48:11 UTC 2025","400","tests.auth","test_06_full_logout","","","","test_full_logout_without_auth","Тест полного выхода без авторизации."
"passed","Sat Aug 23 00:47:27 UTC 2025","Sat Aug 23 00:47:27 UTC 2025","590","tests.admin_panel.products","test_40_create_product_brand","","","","test_create_product_brand_invalid_payload[payload8-expected_codes8]","Негативные кейсы: невалидные поля при создании бренда."
"passed","Sat Aug 23 00:47:41 UTC 2025","Sat Aug 23 00:47:41 UTC 2025","615","tests.admin_panel.promo","test_76_get_promotion_items","","","","test_get_promotion_item_not_found","Негативный тест: получение элемента для несуществующей акции."
"passed","Sat Aug 23 00:48:06 UTC 2025","Sat Aug 23 00:48:07 UTC 2025","598","tests.admin_panel.slides","test_57_create_slide","","","","test_create_slide_invalid_payload[payload3-expected_code3]","Негативные тесты: некорректные и неполные payload'ы."
"failed","Sat Aug 23 00:48:09 UTC 2025","Sat Aug 23 00:48:09 UTC 2025","0","tests.catalog","test_create_admin_product","","","","test_create_admin_product_full_payload",""
"passed","Sat Aug 23 00:49:35 UTC 2025","Sat Aug 23 00:49:35 UTC 2025","174","tests.tickets","test_01_get_tickets","","","","test_get_tickets_success[filter0-sort0-search2-pagination0-admin]","Позитивный тест: получение списка тикетов с разными комбинациями параметров"
"passed","Sat Aug 23 00:49:29 UTC 2025","Sat Aug 23 00:49:29 UTC 2025","141","tests.statistic","test_team_activations","","","","test_get_team_activation_statistic_negative[payload3-admin]","Негативный тест: ошибка при получении статистики активации команды с невалидным телом запроса"
"passed","Sat Aug 23 00:48:11 UTC 2025","Sat Aug 23 00:48:15 UTC 2025","3753","tests.admin_panel.slides","test_61_upload_slides_images","","","","test_upload_slide_images_invalid_format[valid.png-image/png-204]","Негативный и позитивный тест: загрузка изображений в разных форматах."
"passed","Sat Aug 23 00:47:22 UTC 2025","Sat Aug 23 00:47:23 UTC 2025","668","tests.admin_panel.products","test_40_create_product_brand","","","","test_create_product_brand_invalid_payload[payload1-expected_codes1]","Негативные кейсы: невалидные поля при создании бренда."
"passed","Sat Aug 23 00:46:46 UTC 2025","Sat Aug 23 00:46:46 UTC 2025","145","tests.admin_panel","test_report_accruals","","","","test_report_accruals_forbidden[client]",""
"passed","Sat Aug 23 00:50:14 UTC 2025","Sat Aug 23 00:50:20 UTC 2025","6062","tests.catalog","test_update_admin_product","","","","test_update_admin_product_full_payload_2",""
"passed","Sat Aug 23 00:48:07 UTC 2025","Sat Aug 23 00:48:08 UTC 2025","611","tests.admin_panel.slides","test_57_create_slide","","","","test_create_slide_invalid_payload[payload4-expected_code4]","Негативные тесты: некорректные и неполные payload'ы."
"passed","Sat Aug 23 00:49:40 UTC 2025","Sat Aug 23 00:49:40 UTC 2025","173","tests.tickets","test_01_get_tickets","","","","test_get_tickets_success[filter0-sort1-search0-pagination1-client]","Позитивный тест: получение списка тикетов с разными комбинациями параметров"
"passed","Sat Aug 23 00:47:52 UTC 2025","Sat Aug 23 00:47:54 UTC 2025","1258","tests.admin_panel.promo","test_78_delete_promotion_item","","","","test_delete_promotion_item_forbidden[partner]","Негативный тест: удаление элемента акции не-админом запрещено."
"passed","Sat Aug 23 00:46:51 UTC 2025","Sat Aug 23 00:46:52 UTC 2025","583","tests.admin_panel.categories","test_47_get_categories_by_id","","","","test_get_categories_invalid_id[-1]","Негативный тест: получение категории по невалидному ID."
"passed","Sat Aug 23 00:47:43 UTC 2025","Sat Aug 23 00:47:44 UTC 2025","604","tests.admin_panel.promo","test_74_update_promotion","","","","test_update_promotion_invalid_id[abc]","Негативный тест: несуществующий или некорректный ID."
"passed","Sat Aug 23 00:52:10 UTC 2025","Sat Aug 23 00:52:11 UTC 2025","1045","tests.tickets","test_04_create_ticket","","","","test_create_ticket_success[admin-attachments2-QuestionsAboutTheRewardSystemMarketingPlan]","Позитивный тест: создание тикета с разными темами и вложениями для клиента, партнера и админа"
"passed","Sat Aug 23 00:48:20 UTC 2025","Sat Aug 23 00:48:20 UTC 2025","128","tests.auth","test_02_login","","","","test_client_login[client---400]",""
"passed","Sat Aug 23 00:47:13 UTC 2025","Sat Aug 23 00:47:16 UTC 2025","2285","tests.admin_panel.items","test_create_item_translation","","","","test_create_item_translation_success[de]",""
"passed","Sat Aug 23 00:48:47 UTC 2025","Sat Aug 23 00:48:47 UTC 2025","139","tests.delivery","test_02_get_delivery_address","","","","test_get_delivery_addresses_invalid_pagination[invalid_pagination1-partner]","Негативные тесты: передача некорректных параметров пагинации"
"passed","Sat Aug 23 00:49:45 UTC 2025","Sat Aug 23 00:49:45 UTC 2025","165","tests.tickets","test_01_get_tickets","","","","test_get_tickets_success[filter0-sort1-search1-pagination1-partner]","Позитивный тест: получение списка тикетов с разными комбинациями параметров"
"passed","Sat Aug 23 00:48:51 UTC 2025","Sat Aug 23 00:48:51 UTC 2025","145","tests.delivery","test_01_save_delivery_address","","","","test_save_delivery_address_negative[client-payload5-400]","Негативные тесты на сохранение адреса доставки (отсутствие обязательных полей, некорректные данные)"
"passed","Sat Aug 23 00:46:58 UTC 2025","Sat Aug 23 00:46:59 UTC 2025","604","tests.account","test_add_cover_url","","","","test_add_cover_invalid_payload[payload2]",""
"skipped","Sat Aug 23 00:46:44 UTC 2025","Sat Aug 23 00:46:44 UTC 2025","0","tests.account","test_family_agreement_create_three","","","","test_create_family_agreement_three_positive[admin-payload1]","Позитивные тесты на создание семейного соглашения при аннулировании второго партнера"
"passed","Sat Aug 23 00:49:19 UTC 2025","Sat Aug 23 00:49:19 UTC 2025","144","tests.statistic","test_team_activations","","","","test_get_team_activation_statistic_negative[payload0-client]","Негативный тест: ошибка при получении статистики активации команды с невалидным телом запроса"
"passed","Sat Aug 23 00:48:38 UTC 2025","Sat Aug 23 00:48:40 UTC 2025","2048","tests.cart","test_user_locale","","","","test_update_user_locale_valid_payload_1[partner-payload1]","
    Позитивный тест: Обновление языка/склада/локали авторизованным пользователем."
"passed","Sat Aug 23 00:48:20 UTC 2025","Sat Aug 23 00:48:20 UTC 2025","154","tests.auth","test_02_login","","","","test_client_login[client-1398--401]",""
"passed","Sat Aug 23 00:48:51 UTC 2025","Sat Aug 23 00:48:51 UTC 2025","138","tests.delivery","test_02_get_delivery_address","","","","test_get_delivery_addresses_invalid_pagination[invalid_pagination3-admin]","Негативные тесты: передача некорректных параметров пагинации"
"passed","Sat Aug 23 00:49:33 UTC 2025","Sat Aug 23 00:49:33 UTC 2025","144","tests.statistic","test_team_go","","","","test_get_team_go_statistic_negative[payload4-partner]","Негативный тест: ошибка при получении статистики по команде с невалидным телом запроса"
"passed","Sat Aug 23 00:47:23 UTC 2025","Sat Aug 23 00:47:24 UTC 2025","575","tests.admin_panel.products","test_42_update_product_brand","","","","test_update_product_brand_invalid_id[abc]","Негативный тест: несуществующий или некорректный ID."
"passed","Sat Aug 23 00:50:04 UTC 2025","Sat Aug 23 00:50:05 UTC 2025","1114","tests.tickets","test_04_create_ticket","","","","test_create_ticket_success[client-attachments2-QuestionsAboutPaymentsToIP]","Позитивный тест: создание тикета с разными темами и вложениями для клиента, партнера и админа"
"passed","Sat Aug 23 00:47:11 UTC 2025","Sat Aug 23 00:47:13 UTC 2025","2061","tests.admin_panel.categories","test_80_create_category_translation","","","","test_category_translation_update_duplicate_lang_code","Позитивный тест: обновление перевода при повторной отправке с тем же lang_code."
"passed","Sat Aug 23 00:48:57 UTC 2025","Sat Aug 23 00:48:57 UTC 2025","146","tests.orders","test_create_order_by_delivery_address","","","","test_create_order_invalid_data[invalid_payload1-client]","Негативные тесты: создание заказа с некорректными данными"
"passed","Sat Aug 23 00:49:15 UTC 2025","Sat Aug 23 00:49:15 UTC 2025","146","tests.statistic","test_team_registrations","","","","test_get_team_registration_statistic_positive[payload1-partner]","Позитивный тест: получение статистики по регистрации команды с валидным телом запроса"
"passed","Sat Aug 23 00:48:22 UTC 2025","Sat Aug 23 00:48:24 UTC 2025","2165","tests.cart","test_user_locale","","","","test_update_user_locale_valid_payload_1[client-payload2]","
    Позитивный тест: Обновление языка/склада/локали авторизованным пользователем."
"passed","Sat Aug 23 00:47:42 UTC 2025","Sat Aug 23 00:47:43 UTC 2025","612","tests.admin_panel.promo","test_74_update_promotion","","","","test_update_promotion_invalid_id[0]","Негативный тест: несуществующий или некорректный ID."
"passed","Sat Aug 23 00:49:34 UTC 2025","Sat Aug 23 00:49:34 UTC 2025","572","tests.tickets","test_04_create_ticket","","","","test_create_ticket_success[client-attachments0-ChangePersonalData]","Позитивный тест: создание тикета с разными темами и вложениями для клиента, партнера и админа"
"passed","Sat Aug 23 00:47:44 UTC 2025","Sat Aug 23 00:47:46 UTC 2025","1350","tests.admin_panel.products","test_44_upload_product_brand_images","","","","test_upload_product_brand_images_formats[valid.png-image/png-204]","Проверка загрузки изображений бренда в разных форматах: негативные и позитивные кейсы."
"passed","Sat Aug 23 00:47:58 UTC 2025","Sat Aug 23 00:47:58 UTC 2025","405","tests.admin_panel.slides","test_60_delete_slides","","","","test_delete_slide_unauthorized","Негативный тест: попытка удаления слайда без авторизации."
"passed","Sat Aug 23 00:48:38 UTC 2025","Sat Aug 23 00:48:40 UTC 2025","1346","tests.delivery","test_02_get_delivery_address","","","","test_get_delivery_addresses_permissions[client]","Тест: проверка получения адресов"
"passed","Sat Aug 23 00:49:26 UTC 2025","Sat Aug 23 00:49:27 UTC 2025","929","tests.delivery","test_01_save_delivery_address","","","","test_create_two_identical_addresses[partner]","Тест на невозможность создать два полностью одинаковых адреса"
"passed","Sat Aug 23 00:47:27 UTC 2025","Sat Aug 23 00:47:27 UTC 2025","137","tests.admin_panel.products","test_44_upload_product_brand_images","","","","test_upload_product_brand_images_forbidden[client]","Негативный тест: неадмин не может загрузить изображения."
"passed","Sat Aug 23 00:47:17 UTC 2025","Sat Aug 23 00:47:20 UTC 2025","2498","tests.admin_panel.items","test_delete_item_translation","","","","test_delete_item_translation_forbidden[client]","Негативный тест: удаление перевода не-админом запрещено."
"passed","Sat Aug 23 00:49:25 UTC 2025","Sat Aug 23 00:49:26 UTC 2025","545","tests.tickets","test_04_create_ticket","","","","test_create_ticket_success[client-attachments0-QuestionsAboutTheHousingAndCarProgram]","Позитивный тест: создание тикета с разными темами и вложениями для клиента, партнера и админа"
"passed","Sat Aug 23 00:48:56 UTC 2025","Sat Aug 23 00:48:59 UTC 2025","2984","tests.delivery","test_02_get_delivery_address","","","","test_get_delivery_addresses_pagination[partner]","Тест: корректная работа пагинации"
"passed","Sat Aug 23 00:47:09 UTC 2025","Sat Aug 23 00:47:11 UTC 2025","1649","tests.admin_panel.products","test_02_recommended_products_add","","","","test_add_same_product_as_recommended","Попытка добавить товар в рекомендации к самому себе"
"passed","Sat Aug 23 00:47:38 UTC 2025","Sat Aug 23 00:47:41 UTC 2025","3056","tests.admin_panel.promo","test_76_get_promotion_items","","","","test_get_promotion_item_invalid_id[1.5-1.5]","Негативный тест: получение элемента с невалидным ID."
"passed","Sat Aug 23 00:47:51 UTC 2025","Sat Aug 23 00:47:51 UTC 2025","604","tests.admin_panel.slides","test_0_slides_sort","","","","test_slides_sort_invalid_id[-1]","Негативный тест: невалидный path parameter."
"passed","Sat Aug 23 00:47:57 UTC 2025","Sat Aug 23 00:47:57 UTC 2025","141","tests.admin_panel.slides","test_0_slides_sort","","","","test_slides_sort_by_id_forbidden[client]","Негативный тест: не админом."
"passed","Sat Aug 23 00:47:50 UTC 2025","Sat Aug 23 00:47:51 UTC 2025","602","tests.admin_panel.slides","test_0_slides_sort","","","","test_slides_sort_invalid_id[abc]","Негативный тест: невалидный path parameter."
"passed","Sat Aug 23 00:49:01 UTC 2025","Sat Aug 23 00:49:03 UTC 2025","1557","tests.one_c","test_create_1c_stock","","","","test_timezone_same_name_same_offset_reuses_existing",""
"passed","Sat Aug 23 00:47:56 UTC 2025","Sat Aug 23 00:47:56 UTC 2025","790","tests.admin_panel.slides","test_56_get_slides","","","","test_get_slides_success","Позитивный тест: успешное получение списка слайдов админом"
"passed","Sat Aug 23 00:47:42 UTC 2025","Sat Aug 23 00:47:43 UTC 2025","593","tests.admin_panel.promo","test_72_create_promotion","","","","test_create_promotion_invalid_data[payload8-400]","Негативные тесты: невалидные данные"
"passed","Sat Aug 23 00:49:21 UTC 2025","Sat Aug 23 00:49:21 UTC 2025","139","tests.statistic","test_team_go","","","","test_get_team_go_statistic_negative[payload0-client]","Негативный тест: ошибка при получении статистики по команде с невалидным телом запроса"
"skipped","Sat Aug 23 00:48:43 UTC 2025","Sat Aug 23 00:48:43 UTC 2025","0","tests.catalog","test_create_admin_product","","","","test_create_product_duplicate_slug[de]",""
"passed","Sat Aug 23 00:49:11 UTC 2025","Sat Aug 23 00:49:11 UTC 2025","696","tests.register","test_03_register_client","","","","test_register_client_negative[payload3-400]","Тест: негативные тесты для регистрации клиента вручную"
"passed","Sat Aug 23 00:46:40 UTC 2025","Sat Aug 23 00:46:40 UTC 2025","657","tests.PROJECT_FUND.initiatives","test_get_report_by_id","","","","test_get_report_by_invalid_id[abc-https://dev.ewahelps.com/api]","Негативный тест: невалидный или несуществующий path-параметр"
"skipped","Sat Aug 23 00:47:05 UTC 2025","Sat Aug 23 00:47:05 UTC 2025","0","tests.admin_panel.products","test_01_create_product_group","","","","test_create_duplicate_product_group_should_fail","Негативный тест: попытка создать идентичные продукт группы"
"skipped","Sat Aug 23 00:47:05 UTC 2025","Sat Aug 23 00:47:05 UTC 2025","0","tests.admin_panel.products","test_01_create_product_group","","","","test_create_product_group_unauthorized","Негативный тест: создание продукт группы без авторизации."
"skipped","Sat Aug 23 00:46:43 UTC 2025","Sat Aug 23 00:46:43 UTC 2025","0","tests.account","test_delete","","","","test_delete_account_positive[partner]","Позитивные тесты на удаление аккаунта"
"passed","Sat Aug 23 00:47:46 UTC 2025","Sat Aug 23 00:47:47 UTC 2025","640","tests.admin_panel.promo","test_73_get_promotion_by_id","","","","test_get_promotion_invalid_id[1.5]","Негативный тест: получение акции по невалидному ID."
"passed","Sat Aug 23 00:52:11 UTC 2025","Sat Aug 23 00:52:12 UTC 2025","1046","tests.tickets","test_04_create_ticket","","","","test_create_ticket_success[admin-attachments2-OtherQuestions]","Позитивный тест: создание тикета с разными темами и вложениями для клиента, партнера и админа"
"skipped","Sat Aug 23 00:46:43 UTC 2025","Sat Aug 23 00:46:43 UTC 2025","0","tests.account","test_funds_transfer_list","","","","test_get_funds_transfer_list_positive[partner-payload0]","Позитивные тесты на получение истории переводов/выводов средств"
"passed","Sat Aug 23 00:49:29 UTC 2025","Sat Aug 23 00:49:30 UTC 2025","618","tests.tickets","test_04_create_ticket","","","","test_create_ticket_success[client-attachments0-QuestionsAboutTheWorkOfTheStructureAndMentors]","Позитивный тест: создание тикета с разными темами и вложениями для клиента, партнера и админа"
"passed","Sat Aug 23 00:47:07 UTC 2025","Sat Aug 23 00:47:07 UTC 2025","881","tests.admin_panel.items","test_create_item","","","","test_create_item_invalid_payload[payload0-expected_code0]","
    Негативный тест: создание варианта с невалидным телом запроса.
    Если сервер внезапно вернул успех — удаляем созданный item из БД.
    "
"skipped","Sat Aug 23 00:48:55 UTC 2025","Sat Aug 23 00:48:55 UTC 2025","0","tests.orders","test_create_order_by_delivery_address","","","","test_create_order_permissions[authorize_partner-authorize_partner-200]","Тест: проверка прав доступа при создании заказа по сохраненному адресу"
"passed","Sat Aug 23 00:49:01 UTC 2025","Sat Aug 23 00:49:02 UTC 2025","414","tests.one_c","test_get_1с_stock","","","","test_get_stock_bad_request[params2]",""
"skipped","Sat Aug 23 00:49:25 UTC 2025","Sat Aug 23 00:49:25 UTC 2025","144","tests.statistic","test_team_registrations","","","","test_get_team_registration_statistic_negative[payload1-partner]","Негативный тест: ошибка при получении статистики регистрации команды с невалидным телом запроса"
"passed","Sat Aug 23 00:49:11 UTC 2025","Sat Aug 23 00:49:12 UTC 2025","412","tests.one_c","test_create_1c_stock","","","","test_post_bad_request_or_unprocessable[<lambda>1]",""
"passed","Sat Aug 23 00:48:03 UTC 2025","Sat Aug 23 00:48:04 UTC 2025","1178","tests.admin_panel.slides","test_62_slides_get_upload_urls","","","","test_get_upload_urls_invalid_files[data0-400]","Негативный тест: пустой список файлов, отсутствие 'filenames' в теле запроса."
"skipped","Sat Aug 23 00:48:55 UTC 2025","Sat Aug 23 00:48:55 UTC 2025","0","tests.cart","test_user_locale","","","","test_update_user_locale_valid_payload[payload1]","
    Позитивный тест: Обновление языка/склада/локали НЕавторизованным пользователем с указанной корзиной в cookie.
    "
"skipped","Sat Aug 23 00:49:03 UTC 2025","Sat Aug 23 00:49:03 UTC 2025","0","tests.orders","test_orders_v2_pay","","","","test_orders_v2_pay_invalid_data[invalid_payload1-400]","Негативный тест: отправка некорректных данных"
"passed","Sat Aug 23 00:50:52 UTC 2025","Sat Aug 23 00:50:54 UTC 2025","1176","tests.tickets","test_04_create_ticket","","","","test_create_ticket_success[partner-attachments1-QuestionsAboutTheRewardSystemMarketingPlan]","Позитивный тест: создание тикета с разными темами и вложениями для клиента, партнера и админа"
"passed","Sat Aug 23 00:47:45 UTC 2025","Sat Aug 23 00:47:46 UTC 2025","936","tests.admin_panel.sliders","test_51_get_sliders","","","","test_get_sliders_after_adding","Интеграционный тест: добавление слайдера и проверка его наличия в списке"
"passed","Sat Aug 23 00:49:53 UTC 2025","Sat Aug 23 00:49:54 UTC 2025","402","tests.tickets","test_10_send_message_to_ticket","","","","test_send_message_unauthorized","Проверка отправки сообщений без авторизации"
"passed","Sat Aug 23 00:47:36 UTC 2025","Sat Aug 23 00:47:42 UTC 2025","6106","tests.admin_panel.products","test_44_upload_product_brand_images","","","","test_upload_product_brand_images_formats[invalid.pdf-application/pdf-400]","Проверка загрузки изображений бренда в разных форматах: негативные и позитивные кейсы."
"passed","Sat Aug 23 00:49:53 UTC 2025","Sat Aug 23 00:49:55 UTC 2025","1179","tests.tickets","test_04_create_ticket","","","","test_create_ticket_success[client-attachments1-QuestionsAboutTheRewardSystemMarketingPlan]","Позитивный тест: создание тикета с разными темами и вложениями для клиента, партнера и админа"
"passed","Sat Aug 23 00:47:38 UTC 2025","Sat Aug 23 00:47:38 UTC 2025","585","tests.admin_panel.promo","test_72_create_promotion","","","","test_create_promotion_invalid_data[payload5-400]","Негативные тесты: невалидные данные"
"skipped","Sat Aug 23 00:46:43 UTC 2025","Sat Aug 23 00:46:43 UTC 2025","0","tests.admin_panel","test_accrue_presidential_pool","","","","test_accrue_presidential_pool_invalid_payload[payload3-400]",""
"passed","Sat Aug 23 00:51:39 UTC 2025","Sat Aug 23 00:51:40 UTC 2025","1162","tests.tickets","test_04_create_ticket","","","","test_create_ticket_success[admin-attachments1-QuestionsAboutTheHousingAndCarProgram]","Позитивный тест: создание тикета с разными темами и вложениями для клиента, партнера и админа"
"passed","Sat Aug 23 00:48:57 UTC 2025","Sat Aug 23 00:48:57 UTC 2025","139","tests.cart","test_user_locale","","","","test_update_user_locale_invalid_payload[client-payload2-400]","Негативный тест: обновление локали с невалидным payload."
"passed","Sat Aug 23 00:49:43 UTC 2025","Sat Aug 23 00:49:43 UTC 2025","422","tests.tickets","test_09_get_ticket_messages","","","","test_get_ticket_messages_no_auth","Негативный тест: запрос без токена (отсутствие авторизации)"
"passed","Sat Aug 23 00:47:10 UTC 2025","Sat Aug 23 00:47:11 UTC 2025","951","tests.admin_panel.categories","test_57_v2_update_category","","","","test_v2_update_category_invalid_payload[payload0-expected_code0]","Негативный тест: обновление категории с невалидным или неполным телом запроса."
"passed","Sat Aug 23 00:48:57 UTC 2025","Sat Aug 23 00:48:58 UTC 2025","138","tests.delivery","test_01_save_delivery_address","","","","test_save_delivery_address_negative[partner-payload5-400]","Негативные тесты на сохранение адреса доставки (отсутствие обязательных полей, некорректные данные)"
"passed","Sat Aug 23 00:47:51 UTC 2025","Sat Aug 23 00:47:52 UTC 2025","592","tests.admin_panel.slides","test_0_slides_sort","","","","test_slides_sort_invalid_id[0]","Негативный тест: невалидный path parameter."
"passed","Sat Aug 23 00:47:51 UTC 2025","Sat Aug 23 00:47:52 UTC 2025","960","tests.admin_panel.sliders","test_55_delete_sliders","","","","test_delete_slider_forbidden[client]","Негативный тест: попытка удаления слайдера не-админом."
"passed","Sat Aug 23 00:47:31 UTC 2025","Sat Aug 23 00:47:31 UTC 2025","618","tests.admin_panel.items","test_delete_item_translation","","","","test_delete_item_translation_invalid_id[abc]","Негативный тест: удаление перевода с невалидным или несуществующим ID item."
"passed","Sat Aug 23 00:49:56 UTC 2025","Sat Aug 23 00:49:57 UTC 2025","170","tests.tickets","test_01_get_tickets","","","","test_get_tickets_success[filter1-sort0-search0-pagination1-admin]","Позитивный тест: получение списка тикетов с разными комбинациями параметров"
"skipped","Sat Aug 23 00:46:40 UTC 2025","Sat Aug 23 00:46:40 UTC 2025","0","tests.account","test_0_marathon","","","","test_get_marathon_is_purchased_negative[partner-400]","Негативный кейс — проверяет приобретал ли аккаунт марафонский набор (все поля)"
"skipped","Sat Aug 23 00:49:23 UTC 2025","Sat Aug 23 00:49:23 UTC 2025","297","tests.stock","test_get_stocks","","","","test_get_stocks_invalid_country_id[abc-admin]","Проверка получения складов по невалидному country_id"
"failed","Sat Aug 23 00:48:09 UTC 2025","Sat Aug 23 00:48:10 UTC 2025","597","tests.admin_panel.slides","test_57_create_slide","","","","test_create_slide_invalid_payload[payload8-422]","Негативные тесты: некорректные и неполные payload'ы."
"passed","Sat Aug 23 00:47:24 UTC 2025","Sat Aug 23 00:47:24 UTC 2025","612","tests.admin_panel.items","test_create_item_translation","","","","test_create_item_translation_invalid_payload[payload5-code5]","Негативный тест: создание перевода с невалидным payload."
"passed","Sat Aug 23 00:46:56 UTC 2025","Sat Aug 23 00:46:57 UTC 2025","1430","tests.admin_panel.categories","test_79_get_category_translation","","","","test_get_category_translation_forbidden[partner]",""
"passed","Sat Aug 23 00:49:15 UTC 2025","Sat Aug 23 00:49:15 UTC 2025","406","tests.one_c","test_create_1c_stock","","","","test_post_bad_request_or_unprocessable[<lambda>10]",""
"skipped","Sat Aug 23 00:46:40 UTC 2025","Sat Aug 23 00:46:40 UTC 2025","0","tests.account","test_0_marathon","","","","test_create_product_brand_invalid_payload[params0-400-partner]",""
"passed","Sat Aug 23 00:47:53 UTC 2025","Sat Aug 23 00:47:54 UTC 2025","596","tests.admin_panel.sliders","test_53_get_sliders_by_id","","","","test_get_sliders_invalid_id[-1]","Негативный тест: получение слайдера по невалидному ID"
"passed","Sat Aug 23 00:46:49 UTC 2025","Sat Aug 23 00:46:51 UTC 2025","1565","tests.admin_panel.categories","test_47_get_categories_by_id","","","","test_get_categories_by_id_forbidden[partner]","Негативный тест: получение категории по ID не-админом."
"skipped","Sat Aug 23 00:46:47 UTC 2025","Sat Aug 23 00:46:50 UTC 2025","3078","tests.admin_panel","test_report_accruals","","","","test_report_accruals_invalid_payload[payload1-400]",""
"passed","Sat Aug 23 00:51:51 UTC 2025","Sat Aug 23 00:51:52 UTC 2025","1173","tests.tickets","test_04_create_ticket","","","","test_create_ticket_success[admin-attachments1-OtherQuestions]","Позитивный тест: создание тикета с разными темами и вложениями для клиента, партнера и админа"
"passed","Sat Aug 23 00:49:23 UTC 2025","Sat Aug 23 00:49:23 UTC 2025","133","tests.stock","test_get_stock_by_id","","","","test_get_stock_by_invalid_id[1.5-admin]","Невалидные значения ID склада"
"passed","Sat Aug 23 00:47:29 UTC 2025","Sat Aug 23 00:47:30 UTC 2025","676","tests.admin_panel.items","test_delete_item_translation","","","","test_delete_item_translation_invalid_id[0]","Негативный тест: удаление перевода с невалидным или несуществующим ID item."
"passed","Sat Aug 23 00:47:23 UTC 2025","Sat Aug 23 00:47:23 UTC 2025","603","tests.admin_panel.products","test_42_update_product_brand","","","","test_update_product_brand_invalid_id[9999999]","Негативный тест: несуществующий или некорректный ID."
"passed","Sat Aug 23 00:50:00 UTC 2025","Sat Aug 23 00:50:00 UTC 2025","163","tests.tickets","test_01_get_tickets","","","","test_get_tickets_success[filter1-sort0-search1-pagination1-partner]","Позитивный тест: получение списка тикетов с разными комбинациями параметров"
"passed","Sat Aug 23 00:48:57 UTC 2025","Sat Aug 23 00:49:01 UTC 2025","4538","tests.catalog","test_update_admin_product","","","","test_update_admin_product_forbidden[partner]",""
"passed","Sat Aug 23 00:47:58 UTC 2025","Sat Aug 23 00:47:59 UTC 2025","590","tests.admin_panel.sliders","test_52_create_slider","","","","test_create_slider_invalid_payload[payload7-422]","Негативный тест: попытка создать слайдер с невалидным payload."
"passed","Sat Aug 23 00:48:35 UTC 2025","Sat Aug 23 00:48:38 UTC 2025","2143","tests.cart","test_user_locale","","","","test_update_user_locale_valid_payload_1[partner-payload0]","
    Позитивный тест: Обновление языка/склада/локали авторизованным пользователем."
"passed","Sat Aug 23 00:48:52 UTC 2025","Sat Aug 23 00:48:54 UTC 2025","1514","tests.one_c","test_create_1c_stock","","","","test_post_boxes_processing_remove_unmentioned",""
"skipped","Sat Aug 23 00:46:43 UTC 2025","Sat Aug 23 00:46:43 UTC 2025","0","tests.account","test_update_default_stock","","","","test_update_default_stock_positive[admin-payload0]","Позитивные тесты на изменение дефолтного склада"
"skipped","Sat Aug 23 00:46:43 UTC 2025","Sat Aug 23 00:46:43 UTC 2025","0","tests.admin_panel","test_accrue_presidential_pool","","","","test_accrue_presidential_pool_unauthorized",""
"passed","Sat Aug 23 00:47:08 UTC 2025","Sat Aug 23 00:47:09 UTC 2025","797","tests.admin_panel.items","test_create_item","","","","test_create_item_invalid_payload[payload2-expected_code2]","
    Негативный тест: создание варианта с невалидным телом запроса.
    Если сервер внезапно вернул успех — удаляем созданный item из БД.
    "
"passed","Sat Aug 23 00:52:20 UTC 2025","Sat Aug 23 00:52:20 UTC 2025","551","tests.tickets","test_04_create_ticket","","","","test_create_ticket_invalid_request_type[client--200]","Негативный тест: попытка создания тикета с неверным типом request_type"
"passed","Sat Aug 23 00:48:08 UTC 2025","Sat Aug 23 00:48:08 UTC 2025","590","tests.admin_panel.slides","test_58_get_slides_by_id","","","","test_get_slides_invalid_id[1.5]","Негативный тест: невалидный ID в path-параметре."
"passed","Sat Aug 23 00:47:09 UTC 2025","Sat Aug 23 00:47:10 UTC 2025","786","tests.admin_panel.items","test_create_item","","","","test_create_item_invalid_payload[payload3-expected_code3]","
    Негативный тест: создание варианта с невалидным телом запроса.
    Если сервер внезапно вернул успех — удаляем созданный item из БД.
    "
"passed","Sat Aug 23 00:46:43 UTC 2025","Sat Aug 23 00:46:43 UTC 2025","154","tests.account","test_0_bonus_tokens","","","","test_get_bonus_tokens_positive[admin]","Позитивные тесты на получение списка токенов"
"passed","Sat Aug 23 00:49:17 UTC 2025","Sat Aug 23 00:49:17 UTC 2025","146","tests.stock","test_get_stock_by_id","","","","test_get_stock_by_id[partner]","Запрос склада по ID"
"passed","Sat Aug 23 00:51:04 UTC 2025","Sat Aug 23 00:51:04 UTC 2025","404","tests.tickets","test_01_get_tickets","","","","test_get_tickets_unauthorized","Негативный тест: запрос без авторизации"
"passed","Sat Aug 23 00:52:02 UTC 2025","Sat Aug 23 00:52:03 UTC 2025","1044","tests.tickets","test_04_create_ticket","","","","test_create_ticket_success[admin-attachments2-QuestionsAboutOrders]","Позитивный тест: создание тикета с разными темами и вложениями для клиента, партнера и админа"
"passed","Sat Aug 23 00:48:55 UTC 2025","Sat Aug 23 00:48:57 UTC 2025","1298","tests.one_c","test_create_1c_stock","","","","test_post_is_storage_false_pickup_point",""
"passed","Sat Aug 23 00:48:13 UTC 2025","Sat Aug 23 00:48:13 UTC 2025","242","tests.auth","test_03_token_auth","","","","test_auth_by_valid_token[partner]","Тест успешной авторизации по валидному токену"
"passed","Sat Aug 23 00:50:51 UTC 2025","Sat Aug 23 00:50:52 UTC 2025","1199","tests.tickets","test_04_create_ticket","","","","test_create_ticket_success[partner-attachments1-QuestionsAboutTheMarriageContract]","Позитивный тест: создание тикета с разными темами и вложениями для клиента, партнера и админа"
"passed","Sat Aug 23 00:48:56 UTC 2025","Sat Aug 23 00:48:57 UTC 2025","1480","tests.admin_panel.slides","test_61_upload_slides_images","","","","test_upload_only_single_slide_image_field[image-test_jpg.jpg-image/jpeg-image]","Проверка: загрузка только одного изображения не должна заполнять другие поля."
"skipped","Sat Aug 23 00:48:55 UTC 2025","Sat Aug 23 00:48:55 UTC 2025","0","tests.orders","test_create_order_by_delivery_address","","","","test_create_order_permissions[authorize_client-authorize_partner-404]","Тест: проверка прав доступа при создании заказа по сохраненному адресу"
"passed","Sat Aug 23 00:47:07 UTC 2025","Sat Aug 23 00:47:11 UTC 2025","4100","tests.admin_panel.items","test_update_item","","","","test_update_item_forbidden[client]","Негативный тест: попытка обновления item не-админом."
"passed","Sat Aug 23 00:49:42 UTC 2025","Sat Aug 23 00:49:42 UTC 2025","167","tests.tickets","test_01_get_tickets","","","","test_get_tickets_success[filter0-sort1-search1-pagination0-client]","Позитивный тест: получение списка тикетов с разными комбинациями параметров"
"passed","Sat Aug 23 00:49:08 UTC 2025","Sat Aug 23 00:49:09 UTC 2025","140","tests.delivery","test_01_save_delivery_address","","","","test_save_delivery_address_negative[admin-payload4-400]","Негативные тесты на сохранение адреса доставки (отсутствие обязательных полей, некорректные данные)"
"skipped","Sat Aug 23 00:46:50 UTC 2025","Sat Aug 23 00:46:51 UTC 2025","607","tests.admin_panel","test_report_accruals","","","","test_report_accruals_invalid_payload[payload2-400]",""
"passed","Sat Aug 23 00:48:10 UTC 2025","Sat Aug 23 00:48:10 UTC 2025","592","tests.auth","test_06_full_logout","","","","test_full_logout_success[admin]","Тест полного разлогина всех сессий клиента, партнера и админа."
"passed","Sat Aug 23 00:49:17 UTC 2025","Sat Aug 23 00:49:17 UTC 2025","153","tests.stock","test_get_stock_by_id","","","","test_get_stock_by_id[client]","Запрос склада по ID"
"skipped","Sat Aug 23 00:48:08 UTC 2025","Sat Aug 23 00:48:08 UTC 2025","0","tests.auth","test_04_refresh","","","","test_refresh_token_success[admin]","Тест успешного обновления токена через refresh-токен."
"passed","Sat Aug 23 00:49:50 UTC 2025","Sat Aug 23 00:49:50 UTC 2025","169","tests.tickets","test_01_get_tickets","","","","test_get_tickets_success[filter0-sort1-search2-pagination1-admin]","Позитивный тест: получение списка тикетов с разными комбинациями параметров"
"passed","Sat Aug 23 00:50:12 UTC 2025","Sat Aug 23 00:50:13 UTC 2025","1099","tests.tickets","test_04_create_ticket","","","","test_create_ticket_success[client-attachments2-QuestionsAboutTheWorkOfTheStructureAndMentors]","Позитивный тест: создание тикета с разными темами и вложениями для клиента, партнера и админа"
"passed","Sat Aug 23 00:48:13 UTC 2025","Sat Aug 23 00:48:17 UTC 2025","3582","tests.catalog","test_create_admin_product","","","","test_create_admin_product_minimal_payload_variants[slug+categories]",""
"passed","Sat Aug 23 00:48:00 UTC 2025","Sat Aug 23 00:48:00 UTC 2025","602","tests.admin_panel.sliders","test_52_create_slider","","","","test_create_slider_invalid_payload[payload10-422]","Негативный тест: попытка создать слайдер с невалидным payload."
"passed","Sat Aug 23 00:51:32 UTC 2025","Sat Aug 23 00:51:33 UTC 2025","533","tests.tickets","test_04_create_ticket","","","","test_create_ticket_success[admin-attachments0-OtherQuestions]","Позитивный тест: создание тикета с разными темами и вложениями для клиента, партнера и админа"
"skipped","Sat Aug 23 00:46:43 UTC 2025","Sat Aug 23 00:46:43 UTC 2025","0","tests.account","test_get_languages","","","","test_get_languages_success[client-unknown-400]","Возвращает список языков, доступных для перевода"
"passed","Sat Aug 23 00:50:56 UTC 2025","Sat Aug 23 00:50:57 UTC 2025","1209","tests.tickets","test_04_create_ticket","","","","test_create_ticket_success[partner-attachments1-ChangePersonalData]","Позитивный тест: создание тикета с разными темами и вложениями для клиента, партнера и админа"
"skipped","Sat Aug 23 00:46:43 UTC 2025","Sat Aug 23 00:46:43 UTC 2025","0","tests.account","test_history_group_volumes","","","","test_get_group_volumes_history_positive[admin-payload0]","Позитивные тесты на получение истории начисления групповых объемов"
"passed","Sat Aug 23 00:49:10 UTC 2025","Sat Aug 23 00:49:10 UTC 2025","155","tests.statistic","test_team_activations","","","","test_get_team_activation_statistic_positive[payload0-admin]","Позитивный тест: получение статистики по активации команды с валидным телом запроса"
"passed","Sat Aug 23 00:46:54 UTC 2025","Sat Aug 23 00:46:56 UTC 2025","1498","tests.admin_panel.categories","test_80_create_category_translation","","","","test_create_category_translation_success[de]","Позитивный тест: создание/обновление перевода категории для разных языков."
"passed","Sat Aug 23 00:50:11 UTC 2025","Sat Aug 23 00:50:12 UTC 2025","1065","tests.tickets","test_04_create_ticket","","","","test_create_ticket_success[client-attachments2-QuestionsAboutProducts]","Позитивный тест: создание тикета с разными темами и вложениями для клиента, партнера и админа"
"passed","Sat Aug 23 00:46:44 UTC 2025","Sat Aug 23 00:46:44 UTC 2025","138","tests.admin_panel","test_accrue_auto_bonus","","","","test_accrue_auto_bonus_forbidden[client]",""
"passed","Sat Aug 23 00:48:37 UTC 2025","Sat Aug 23 00:48:38 UTC 2025","993","tests.admin_panel.slides","test_59_update_slide","","","","test_update_slide_invalid_payload[payload16-422]","Негативный тест: обновление слайда с невалидным или неполным телом запроса."
"passed","Sat Aug 23 00:48:12 UTC 2025","Sat Aug 23 00:48:13 UTC 2025","616","tests.admin_panel.slides","test_57_create_slide","","","","test_create_slide_invalid_payload[payload13-400]","Негативные тесты: некорректные и неполные payload'ы."
"passed","Sat Aug 23 00:47:50 UTC 2025","Sat Aug 23 00:47:51 UTC 2025","932","tests.admin_panel.sliders","test_53_get_sliders_by_id","","","","test_get_sliders_by_id_forbidden[client]","Негативный тест: получение слайдера по ID не-админом запрещено"
"passed","Sat Aug 23 00:48:38 UTC 2025","Sat Aug 23 00:48:39 UTC 2025","810","tests.catalog","test_create_admin_product","","","","test_create_product_invalid_payload[payload4-400]",""
"passed","Sat Aug 23 00:49:40 UTC 2025","Sat Aug 23 00:49:41 UTC 2025","1187","tests.tickets","test_04_create_ticket","","","","test_create_ticket_success[client-attachments1-QuestionsAboutTheHousingAndCarProgram]","Позитивный тест: создание тикета с разными темами и вложениями для клиента, партнера и админа"
"passed","Sat Aug 23 00:48:57 UTC 2025","Sat Aug 23 00:48:58 UTC 2025","311","tests.cart","test_get_delivery_cost","","","","test_get_delivery_cost_success_partial_payload[admin-payload0-400]","Позитивный тест: успешное получение ТК при неполном наборе (город без региона, без ID и т.п.)"
"passed","Sat Aug 23 00:49:30 UTC 2025","Sat Aug 23 00:49:30 UTC 2025","145","tests.statistic","test_team_registrations","","","","test_get_team_registration_statistic_negative[payload3-admin]","Негативный тест: ошибка при получении статистики регистрации команды с невалидным телом запроса"
"passed","Sat Aug 23 00:48:06 UTC 2025","Sat Aug 23 00:48:06 UTC 2025","401","tests.auth","test_01_check_version","","","","test_check_version[-1.0.0-400]","Тест проверяет API /check_version для разных платформ и версий."
"passed","Sat Aug 23 00:46:58 UTC 2025","Sat Aug 23 00:46:59 UTC 2025","594","tests.admin_panel.categories","test_79_get_category_translation","","","","test_get_category_translation_invalid_id[-1]",""
"passed","Sat Aug 23 00:49:15 UTC 2025","Sat Aug 23 00:49:15 UTC 2025","155","tests.statistic","test_team_activations","","","","test_get_team_activation_statistic_positive[payload3-partner]","Позитивный тест: получение статистики по активации команды с валидным телом запроса"
"passed","Sat Aug 23 00:48:53 UTC 2025","Sat Aug 23 00:48:54 UTC 2025","304","tests.cart","test_get_delivery_cost","","","","test_get_delivery_cost_success_partial_payload[partner-payload5-400]","Позитивный тест: успешное получение ТК при неполном наборе (город без региона, без ID и т.п.)"
"passed","Sat Aug 23 00:51:03 UTC 2025","Sat Aug 23 00:51:04 UTC 2025","139","tests.tickets","test_01_get_tickets","","","","test_get_tickets_invalid_filter[invalid_filter3-400-partner]","Негативный тест: передаем некорректные параметры фильтрации"
"passed","Sat Aug 23 00:47:42 UTC 2025","Sat Aug 23 00:47:43 UTC 2025","1348","tests.admin_panel.promo","test_78_delete_promotion_item","","","","test_delete_promotion_item_success","Позитивный тест: удаление элемента акции из двух админом."
"skipped","Sat Aug 23 00:46:43 UTC 2025","Sat Aug 23 00:46:43 UTC 2025","0","tests.account","test_pass_change","","","","test_change_password_positive[partner-payload0]","Позитивные тесты на изменение пароля"
"passed","Sat Aug 23 00:46:41 UTC 2025","Sat Aug 23 00:46:41 UTC 2025","166","tests.account","test_0_top_partners_client_service_v2","","","","test_get_top_partners_client_service_v2_positive[client]","Позитивные тесты на получение топ-партнеров по сумме ЛО клиентов"
"passed","Sat Aug 23 00:47:39 UTC 2025","Sat Aug 23 00:47:40 UTC 2025","920","tests.admin_panel.promo","test_77_create_promotion_item","","","","test_create_promotion_item_invalid_payload[payload3-422]",""
"passed","Sat Aug 23 00:49:47 UTC 2025","Sat Aug 23 00:49:47 UTC 2025","634","tests.tickets","test_12_delete_message","","","","test_delete_ticket_message_negative[None-400]","Негативные тесты: удаление с некорректными данными"
"passed","Sat Aug 23 00:47:15 UTC 2025","Sat Aug 23 00:47:15 UTC 2025","144","tests.admin_panel.products","test_39_get_product_brands","","","","test_get_product_brands_forbidden[partner]","Негативный тест: получение списка брендов не админом."
"passed","Sat Aug 23 00:47:53 UTC 2025","Sat Aug 23 00:47:55 UTC 2025","1720","tests.admin_panel.items","test_update_item","","","","test_update_item_required_fields_only","Позитивный тест: успешное обновление варианта товара (только обязательные поля)."
"passed","Sat Aug 23 00:48:17 UTC 2025","Sat Aug 23 00:48:19 UTC 2025","1848","tests.cart","test_get_delivery_cost","","","","test_get_delivery_cost_success_full_payload[partner]","Позитивный тест: успешное получение ТК при полном наборе параметров"
"skipped","Sat Aug 23 00:47:03 UTC 2025","Sat Aug 23 00:47:03 UTC 2025","0","tests.admin_panel.products","test_01_delete_product_group","","","","test_delete_product_group_invalid_id[abc]","Негативный тест: удаление несуществующей или некорректной продукт группы."
"passed","Sat Aug 23 00:47:59 UTC 2025","Sat Aug 23 00:48:00 UTC 2025","1009","tests.admin_panel.slides","test_60_delete_slides","","","","test_delete_slide_forbidden[client]","Негативный тест: попытка удаления слайда не-админом."
"passed","Sat Aug 23 00:48:09 UTC 2025","Sat Aug 23 00:48:17 UTC 2025","7704","tests.cart","test_get_delivery_cost","","","","test_get_delivery_cost_success_full_payload[client]","Позитивный тест: успешное получение ТК при полном наборе параметров"
"passed","Sat Aug 23 00:48:00 UTC 2025","Sat Aug 23 00:48:01 UTC 2025","604","tests.admin_panel.sliders","test_52_create_slider","","","","test_create_slider_invalid_payload[payload11-422]","Негативный тест: попытка создать слайдер с невалидным payload."
"passed","Sat Aug 23 00:47:40 UTC 2025","Sat Aug 23 00:47:41 UTC 2025","959","tests.admin_panel.promo","test_73_get_promotion_by_id","","","","test_get_promotion_by_id_forbidden[partner]","Негативный тест: получение акции по ID не админом."
"passed","Sat Aug 23 00:49:35 UTC 2025","Sat Aug 23 00:49:39 UTC 2025","4643","tests.catalog","test_update_admin_product","","","","test_update_admin_product_invalid_payload[update_payload4-400]",""
"skipped","Sat Aug 23 00:49:10 UTC 2025","Sat Aug 23 00:49:10 UTC 2025","158","tests.register","test_01_register_form","","","","test_register_form_negative[partner-payload3-400]",""
"passed","Sat Aug 23 00:47:22 UTC 2025","Sat Aug 23 00:47:22 UTC 2025","661","tests.admin_panel.items","test_get_item_translation","","","","test_get_item_translation_invalid_id[-1]",""
"passed","Sat Aug 23 00:49:31 UTC 2025","Sat Aug 23 00:49:31 UTC 2025","137","tests.statistic","test_team_go","","","","test_get_team_go_statistic_negative[payload3-admin]","Негативный тест: ошибка при получении статистики по команде с невалидным телом запроса"
"passed","Sat Aug 23 00:49:00 UTC 2025","Sat Aug 23 00:49:00 UTC 2025","410","tests.one_c","test_get_1с_stock","","","","test_get_stock_forbidden[params2]",""
"passed","Sat Aug 23 00:50:44 UTC 2025","Sat Aug 23 00:50:44 UTC 2025","166","tests.tickets","test_01_get_tickets","","","","test_get_tickets_success[filter2-sort1-search2-pagination0-client]","Позитивный тест: получение списка тикетов с разными комбинациями параметров"
"passed","Sat Aug 23 00:49:48 UTC 2025","Sat Aug 23 00:49:49 UTC 2025","901","tests.tickets","test_11_update_message","","","","test_update_message_validation[partner-update_payload1-403]","Негативные тесты: невалидные поля при редактировании сообщения"
"passed","Sat Aug 23 00:51:41 UTC 2025","Sat Aug 23 00:51:42 UTC 2025","1187","tests.tickets","test_04_create_ticket","","","","test_create_ticket_success[admin-attachments1-QuestionsAboutOrders]","Позитивный тест: создание тикета с разными темами и вложениями для клиента, партнера и админа"
"skipped","Sat Aug 23 00:46:43 UTC 2025","Sat Aug 23 00:46:43 UTC 2025","0","tests.account","test_token_revoke","","","","test_revoke_token_positive[partner-payload1]","Позитивные тесты на удаление токена"
"passed","Sat Aug 23 00:47:48 UTC 2025","Sat Aug 23 00:47:49 UTC 2025","953","tests.admin_panel.promo","test_74_update_promotion","","","","test_update_promotion_invalid_payload[payload4-400]","Негативный тест: обновление акции с невалидным или неполным телом запроса."
"passed","Sat Aug 23 00:49:00 UTC 2025","Sat Aug 23 00:49:01 UTC 2025","145","tests.delivery","test_01_save_delivery_address","","","","test_save_delivery_address_negative[partner-payload9-500]","Негативные тесты на сохранение адреса доставки (отсутствие обязательных полей, некорректные данные)"
"passed","Sat Aug 23 00:50:44 UTC 2025","Sat Aug 23 00:50:45 UTC 2025","167","tests.tickets","test_01_get_tickets","","","","test_get_tickets_success[filter2-sort1-search2-pagination0-partner]","Позитивный тест: получение списка тикетов с разными комбинациями параметров"
"passed","Sat Aug 23 00:52:13 UTC 2025","Sat Aug 23 00:52:14 UTC 2025","1084","tests.tickets","test_04_create_ticket","","","","test_create_ticket_success[admin-attachments2-ChangePersonalData]","Позитивный тест: создание тикета с разными темами и вложениями для клиента, партнера и админа"
"passed","Sat Aug 23 00:49:30 UTC 2025","Sat Aug 23 00:49:31 UTC 2025","139","tests.statistic","test_team_activations","","","","test_get_team_activation_statistic_negative[payload4-partner]","Негативный тест: ошибка при получении статистики активации команды с невалидным телом запроса"
"passed","Sat Aug 23 00:47:41 UTC 2025","Sat Aug 23 00:47:44 UTC 2025","3423","tests.admin_panel.products","test_42_update_product_brand","","","","test_update_product_brand_invalid_payload[payload7-422]","Негативный тест: обновление бренда с невалидным или неполным телом запроса."
"passed","Sat Aug 23 00:49:21 UTC 2025","Sat Aug 23 00:49:22 UTC 2025","397","tests.temporary","test_get_account_exist","","","","test_account_exist[-1-400]",""
"passed","Sat Aug 23 00:49:37 UTC 2025","Sat Aug 23 00:49:37 UTC 2025","138","tests.statistic","test_team_go","","","","test_get_team_go_statistic_negative[payload5-partner]","Негативный тест: ошибка при получении статистики по команде с невалидным телом запроса"
"passed","Sat Aug 23 00:47:06 UTC 2025","Sat Aug 23 00:47:07 UTC 2025","1563","tests.admin_panel.products","test_01_recommended_products_sort","","","","test_sort_recommendations_empty_list","Попытка сортировки с пустым списком рекомендаций"
"passed","Sat Aug 23 00:49:15 UTC 2025","Sat Aug 23 00:49:15 UTC 2025","403","tests.one_c","test_create_1c_stock","","","","test_post_bad_request_or_unprocessable[<lambda>9]",""
"passed","Sat Aug 23 00:47:54 UTC 2025","Sat Aug 23 00:47:56 UTC 2025","2083","tests.admin_panel.products","test_44_upload_product_brand_images","","","","test_upload_product_brand_images_various_fields[5.3-fields_to_send1-400]","Негативный тест. Загрузка слишком большого изображения."
"passed","Sat Aug 23 00:48:57 UTC 2025","Sat Aug 23 00:48:57 UTC 2025","145","tests.delivery","test_01_save_delivery_address","","","","test_save_delivery_address_negative[partner-payload4-400]","Негативные тесты на сохранение адреса доставки (отсутствие обязательных полей, некорректные данные)"
"passed","Sat Aug 23 00:47:30 UTC 2025","Sat Aug 23 00:47:33 UTC 2025","3583","tests.admin_panel.products","test_40_create_product_brand","","","","test_create_duplicate_brand_should_true","Позитивный тест: попытка создать бренд с теми же параметрами (разрешено)."
"passed","Sat Aug 23 00:48:05 UTC 2025","Sat Aug 23 00:48:06 UTC 2025","622","tests.admin_panel.slides","test_57_create_slide","","","","test_create_slide_invalid_payload[payload1-expected_code1]","Негативные тесты: некорректные и неполные payload'ы."
"passed","Sat Aug 23 00:48:37 UTC 2025","Sat Aug 23 00:48:38 UTC 2025","905","tests.delivery","test_01_save_delivery_address","","","","test_save_delivery_address_positive[client-payload5]","Позитивные тесты на сохранение адреса доставки"
"passed","Sat Aug 23 00:47:56 UTC 2025","Sat Aug 23 00:47:59 UTC 2025","3535","tests.admin_panel.products","test_44_upload_product_brand_images","","","","test_upload_product_brand_images_various_fields[4.7-fields_to_send2-204]","Негативный тест. Загрузка слишком большого изображения."
"passed","Sat Aug 23 00:48:01 UTC 2025","Sat Aug 23 00:48:02 UTC 2025","636","tests.admin_panel.slides","test_61_upload_slides_images","","","","test_upload_slide_images_invalid_id","Негативный тест: несуществующий ID слайда."
"passed","Sat Aug 23 00:49:20 UTC 2025","Sat Aug 23 00:49:20 UTC 2025","391","tests.temporary","test_cleanup_products","","","","test_cleanup_test_products","
    Удаляет тестовые продукты из БД (например, с rgba_big_circle как 'rgba%'),
    включая связи: переводы, категории.
    "
"passed","Sat Aug 23 00:49:38 UTC 2025","Sat Aug 23 00:49:38 UTC 2025","150","tests.statistic","test_team_go","","","","test_get_team_go_statistic_negative[payload6-client]","Негативный тест: ошибка при получении статистики по команде с невалидным телом запроса"
"passed","Sat Aug 23 00:48:09 UTC 2025","Sat Aug 23 00:48:09 UTC 2025","404","tests.auth","test_05_logout","","","","test_logout_without_token","Тест разлогинивания без токена"
"passed","Sat Aug 23 00:47:04 UTC 2025","Sat Aug 23 00:47:05 UTC 2025","918","tests.admin_panel.categories","test_56_v2_create_category","","","","test_v2_create_category_slug_should_fail_if_not_unique","Негативный тест: попытка создать категорию с уже существующим slug."
"skipped","Sat Aug 23 00:46:43 UTC 2025","Sat Aug 23 00:46:43 UTC 2025","0","tests.account","test_family_agreement_update_status","","","","test_update_family_agreement_status_positive[partner-payload1]","Позитивные тесты на изменение статуса семейного соглашения"
"passed","Sat Aug 23 00:48:04 UTC 2025","Sat Aug 23 00:48:05 UTC 2025","621","tests.admin_panel.slides","test_60_delete_slides","","","","test_delete_slide_invalid_id[0]","Негативный тест: удаление несуществующего или некорректного слайда."
"passed","Sat Aug 23 00:48:31 UTC 2025","Sat Aug 23 00:48:32 UTC 2025","883","tests.catalog","test_create_admin_product","","","","test_create_product_unauthorized",""
"passed","Sat Aug 23 00:49:11 UTC 2025","Sat Aug 23 00:49:11 UTC 2025","140","tests.cart","test_get_delivery_cost","","","","test_get_delivery_cost_invalid_payload[partner-payload1]","Негативный тест: некорректные входные данные"
"passed","Sat Aug 23 00:51:49 UTC 2025","Sat Aug 23 00:51:50 UTC 2025","1177","tests.tickets","test_04_create_ticket","","","","test_create_ticket_success[admin-attachments1-QuestionsAboutTheRewardSystemMarketingPlan]","Позитивный тест: создание тикета с разными темами и вложениями для клиента, партнера и админа"
"passed","Sat Aug 23 00:49:14 UTC 2025","Sat Aug 23 00:49:14 UTC 2025","663","tests.stock","test_delete_stock","","","","test_delete_stock_invalid_id[0]",""
"passed","Sat Aug 23 00:48:01 UTC 2025","Sat Aug 23 00:48:02 UTC 2025","140","tests.admin_panel.slides","test_57_create_slide","","","","test_create_slide_forbidden[partner]","Негативный тест: создание слайда не-админом запрещено."
"passed","Sat Aug 23 00:47:14 UTC 2025","Sat Aug 23 00:47:15 UTC 2025","800","tests.admin_panel.items","test_create_item","","","","test_create_item_invalid_payload[payload9-expected_code9]","
    Негативный тест: создание варианта с невалидным телом запроса.
    Если сервер внезапно вернул успех — удаляем созданный item из БД.
    "
"passed","Sat Aug 23 00:47:29 UTC 2025","Sat Aug 23 00:47:32 UTC 2025","3204","tests.admin_panel.products","test_43_delete_product_brand","","","","test_delete_product_brand_invalid_id[9999999]","Негативный тест: удаление несуществующего или некорректного бренда."
"passed","Sat Aug 23 00:48:59 UTC 2025","Sat Aug 23 00:48:59 UTC 2025","153","tests.delivery","test_01_save_delivery_address","","","","test_save_delivery_address_negative[partner-payload7-500]","Негативные тесты на сохранение адреса доставки (отсутствие обязательных полей, некорректные данные)"
"passed","Sat Aug 23 00:49:09 UTC 2025","Sat Aug 23 00:49:09 UTC 2025","145","tests.cart","test_get_delivery_cost","","","","test_get_delivery_cost_invalid_payload[client-payload4]","Негативный тест: некорректные входные данные"
"passed","Sat Aug 23 00:46:46 UTC 2025","Sat Aug 23 00:46:47 UTC 2025","983","tests.account","test_add_cover_url","","","","test_add_cover_full_payload[admin]",""
"passed","Sat Aug 23 00:49:30 UTC 2025","Sat Aug 23 00:49:30 UTC 2025","432","tests.catalog","test_create_admin_product_translation","","","","test_create_admin_product_translation_unauthorized","Проверка запрета для неавторизованного пользователя."
"passed","Sat Aug 23 00:48:07 UTC 2025","Sat Aug 23 00:48:07 UTC 2025","140","tests.admin_panel.slides","test_62_slides_get_upload_urls","","","","test_get_upload_urls_forbidden[partner]","Негативный тест: неадмин не может получить ссылки на загрузку видео файлов."
"passed","Sat Aug 23 00:50:45 UTC 2025","Sat Aug 23 00:50:45 UTC 2025","168","tests.tickets","test_01_get_tickets","","","","test_get_tickets_success[filter2-sort1-search2-pagination0-admin]","Позитивный тест: получение списка тикетов с разными комбинациями параметров"
"passed","Sat Aug 23 00:50:16 UTC 2025","Sat Aug 23 00:50:16 UTC 2025","165","tests.tickets","test_01_get_tickets","","","","test_get_tickets_success[filter1-sort1-search2-pagination1-client]","Позитивный тест: получение списка тикетов с разными комбинациями параметров"
"passed","Sat Aug 23 00:48:21 UTC 2025","Sat Aug 23 00:48:22 UTC 2025","1042","tests.admin_panel.sliders","test_54_update_slider","","","","test_update_slider_invalid_payload[payload10-422]","Негативный тест: обновление слайдера с невалидным или неполным телом запроса."
"passed","Sat Aug 23 00:47:45 UTC 2025","Sat Aug 23 00:47:46 UTC 2025","909","tests.admin_panel.promo","test_74_update_promotion","","","","test_update_promotion_invalid_payload[payload1-400]","Негативный тест: обновление акции с невалидным или неполным телом запроса."
"passed","Sat Aug 23 00:47:49 UTC 2025","Sat Aug 23 00:47:50 UTC 2025","948","tests.admin_panel.promo","test_74_update_promotion","","","","test_update_promotion_invalid_payload[payload5-400]","Негативный тест: обновление акции с невалидным или неполным телом запроса."
"passed","Sat Aug 23 00:47:47 UTC 2025","Sat Aug 23 00:47:48 UTC 2025","1289","tests.admin_panel.sliders","test_54_update_slider","","","","test_update_slider_unique_name_should_fail_if_not_unique","Негативный тест: попытка обновить unique_name слайдера на уже существующий."
"passed","Sat Aug 23 00:48:34 UTC 2025","Sat Aug 23 00:48:34 UTC 2025","138","tests.cart","test_user_locale","","","","test_update_user_locale_valid_payload_1[client-payload7]","
    Позитивный тест: Обновление языка/склада/локали авторизованным пользователем."
"passed","Sat Aug 23 00:50:24 UTC 2025","Sat Aug 23 00:50:25 UTC 2025","1077","tests.tickets","test_04_create_ticket","","","","test_create_ticket_success[client-attachments2-ReceivingProductsShortage]","Позитивный тест: создание тикета с разными темами и вложениями для клиента, партнера и админа"
"passed","Sat Aug 23 00:51:29 UTC 2025","Sat Aug 23 00:51:30 UTC 2025","590","tests.tickets","test_04_create_ticket","","","","test_create_ticket_success[admin-attachments0-QuestionsAboutTheWorkOfTheStructureAndMentors]","Позитивный тест: создание тикета с разными темами и вложениями для клиента, партнера и админа"
"passed","Sat Aug 23 00:47:59 UTC 2025","Sat Aug 23 00:48:00 UTC 2025","441","tests.admin_panel.slides","test_61_upload_slides_images","","","","test_upload_slide_images_unauthorized","Негативный тест: загрузка изображений слайда без авторизации."
"passed","Sat Aug 23 00:47:59 UTC 2025","Sat Aug 23 00:48:01 UTC 2025","1327","tests.admin_panel.slides","test_62_slides_update_video_url","","","","test_update_video_url_success","Позитивный тест: успешное обновление ссылки на видео мастер-файл"
"passed","Sat Aug 23 00:48:45 UTC 2025","Sat Aug 23 00:48:46 UTC 2025","1424","tests.cart","test_get_delivery_cost","","","","test_get_delivery_cost_success_partial_payload[partner-payload2-400]","Позитивный тест: успешное получение ТК при неполном наборе (город без региона, без ID и т.п.)"
"skipped","Sat Aug 23 00:49:13 UTC 2025","Sat Aug 23 00:49:13 UTC 2025","0","tests.stock","test_create_stock","","","","test_create_stock_with_empty_string_log_if_not_200[city.longitude]",""
"skipped","Sat Aug 23 00:49:44 UTC 2025","Sat Aug 23 00:49:45 UTC 2025","1200","tests.tickets","test_06_close_ticket","","","","test_close_tickets_negative[admin-None-400]","Негативные тесты: закрытие с некорректными данными"
"passed","Sat Aug 23 00:46:41 UTC 2025","Sat Aug 23 00:46:41 UTC 2025","170","tests.account","test_0_top_partners_game_0824","","","","test_get_top_partners_game_0824_positive[client]","Позитивные тесты на получение топ-партнеров в игре 08/24"
"passed","Sat Aug 23 00:48:15 UTC 2025","Sat Aug 23 00:48:17 UTC 2025","1375","tests.admin_panel.slides","test_61_upload_slides_images","","","","test_upload_slide_images_invalid_format[valid.jpg-image/jpeg-204]","Негативный и позитивный тест: загрузка изображений в разных форматах."
"passed","Sat Aug 23 00:47:20 UTC 2025","Sat Aug 23 00:47:22 UTC 2025","1894","tests.admin_panel.products","test_03_recommended_products_delete","","","","test_remove_recommendation_db_no_rights[client]","Пользователь без прав пытается удалить рекомендации."
"passed","Sat Aug 23 00:49:14 UTC 2025","Sat Aug 23 00:49:14 UTC 2025","146","tests.statistic","test_team_registrations","","","","test_get_team_registration_statistic_positive[payload1-client]","Позитивный тест: получение статистики по регистрации команды с валидным телом запроса"
"passed","Sat Aug 23 00:49:21 UTC 2025","Sat Aug 23 00:49:21 UTC 2025","158","tests.statistic","test_team_registrations","","","","test_get_team_registration_statistic_positive[payload3-partner]","Позитивный тест: получение статистики по регистрации команды с валидным телом запроса"
"passed","Sat Aug 23 00:47:23 UTC 2025","Sat Aug 23 00:47:24 UTC 2025","929","tests.admin_panel.products","test_43_delete_product_brand","","","","test_delete_product_brand_forbidden[client]","Негативный тест: попытка удаления бренда не-админом."
"passed","Sat Aug 23 00:46:54 UTC 2025","Sat Aug 23 00:46:55 UTC 2025","448","tests.admin_panel.categories","test_57_v2_update_category","","","","test_v2_update_category_unauthorized","Негативный тест: попытка обновления категории без авторизации."
"skipped","Sat Aug 23 00:49:13 UTC 2025","Sat Aug 23 00:49:13 UTC 2025","0","tests.stock","test_create_stock","","","","test_create_stock_with_empty_string_log_if_not_200[id_1c]",""
"skipped","Sat Aug 23 00:46:40 UTC 2025","Sat Aug 23 00:46:40 UTC 2025","0","tests.account","test_0_marathon","","","","test_get_marathon_is_purchased_negative[admin-400]","Негативный кейс — проверяет приобретал ли аккаунт марафонский набор (все поля)"
"passed","Sat Aug 23 00:48:22 UTC 2025","Sat Aug 23 00:48:23 UTC 2025","127","tests.auth","test_02_login","","","","test_partner_login[partner---400]",""
"passed","Sat Aug 23 00:49:15 UTC 2025","Sat Aug 23 00:49:15 UTC 2025","258","tests.stock","test_get_group_orders","","","","test_get_group_orders[partner]","Запрос всех складов для групповых заказов"
"passed","Sat Aug 23 00:50:06 UTC 2025","Sat Aug 23 00:50:06 UTC 2025","163","tests.tickets","test_01_get_tickets","","","","test_get_tickets_success[filter1-sort1-search0-pagination0-client]","Позитивный тест: получение списка тикетов с разными комбинациями параметров"
"passed","Sat Aug 23 00:49:38 UTC 2025","Sat Aug 23 00:49:38 UTC 2025","174","tests.tickets","test_01_get_tickets","","","","test_get_tickets_success[filter0-sort1-search0-pagination0-client]","Позитивный тест: получение списка тикетов с разными комбинациями параметров"
"passed","Sat Aug 23 00:47:59 UTC 2025","Sat Aug 23 00:47:59 UTC 2025","613","tests.admin_panel.sliders","test_52_create_slider","","","","test_create_slider_invalid_payload[payload8-422]","Негативный тест: попытка создать слайдер с невалидным payload."
"passed","Sat Aug 23 00:47:00 UTC 2025","Sat Aug 23 00:47:01 UTC 2025","589","tests.admin_panel.categories","test_56_v2_create_category","","","","test_v2_create_category_invalid_payload[payload5-422]","Негативный тест: создание категории с невалидным телом запроса."
"skipped","Sat Aug 23 00:49:14 UTC 2025","Sat Aug 23 00:49:14 UTC 2025","0","tests.stock","test_create_stock","","","","test_create_stock_with_empty_string_log_if_not_200[address.longitude]",""
"passed","Sat Aug 23 00:47:28 UTC 2025","Sat Aug 23 00:47:28 UTC 2025","610","tests.admin_panel.products","test_40_create_product_brand","","","","test_create_product_brand_invalid_payload[payload10-expected_codes10]","Негативные кейсы: невалидные поля при создании бренда."
"passed","Sat Aug 23 00:47:33 UTC 2025","Sat Aug 23 00:47:39 UTC 2025","5967","tests.admin_panel.promo","test_73_get_promotion_by_id","","","","test_get_promotion_by_id_forbidden[client]","Негативный тест: получение акции по ID не админом."
"passed","Sat Aug 23 00:50:28 UTC 2025","Sat Aug 23 00:50:28 UTC 2025","172","tests.tickets","test_01_get_tickets","","","","test_get_tickets_success[filter2-sort0-search2-pagination0-admin]","Позитивный тест: получение списка тикетов с разными комбинациями параметров"
"passed","Sat Aug 23 00:48:47 UTC 2025","Sat Aug 23 00:48:47 UTC 2025","138","tests.delivery","test_02_get_delivery_address","","","","test_get_delivery_addresses_invalid_pagination[invalid_pagination1-admin]","Негативные тесты: передача некорректных параметров пагинации"
"skipped","Sat Aug 23 00:49:34 UTC 2025","Sat Aug 23 00:49:34 UTC 2025","0","tests.tickets","test_07_delete_ticket","","","","test_delete_tickets_negative[None-400]","Негативные тесты: удаление с некорректными данными"
"passed","Sat Aug 23 00:48:28 UTC 2025","Sat Aug 23 00:48:31 UTC 2025","3008","tests.cart","test_get_delivery_cost","","","","test_get_delivery_cost_success_partial_payload[client-payload1-200]","Позитивный тест: успешное получение ТК при неполном наборе (город без региона, без ID и т.п.)"
"passed","Sat Aug 23 00:47:25 UTC 2025","Sat Aug 23 00:47:29 UTC 2025","3075","tests.admin_panel.products","test_43_delete_product_brand","","","","test_delete_product_brand_invalid_id[-1]","Негативный тест: удаление несуществующего или некорректного бренда."
"passed","Sat Aug 23 00:48:23 UTC 2025","Sat Aug 23 00:48:24 UTC 2025","593","tests.admin_panel.slides","test_57_create_slide","","","","test_create_slide_title_color_validation[#GGGGGG-400]","Валидация поля title_color при создании слайда."
"passed","Sat Aug 23 00:47:39 UTC 2025","Sat Aug 23 00:47:42 UTC 2025","2643","tests.admin_panel.categories","test_50_upload_category_images","","","","test_upload_category_images_file_too_large[5.3-fields_to_send7-400]","Негативный тест: загрузка слишком большого изображения."
"passed","Sat Aug 23 00:48:54 UTC 2025","Sat Aug 23 00:48:54 UTC 2025","139","tests.cart","test_user_locale","","","","test_update_user_locale_valid_payload_1[partner-payload7]","
    Позитивный тест: Обновление языка/склада/локали авторизованным пользователем."
"passed","Sat Aug 23 00:50:28 UTC 2025","Sat Aug 23 00:50:28 UTC 2025","542","tests.tickets","test_04_create_ticket","","","","test_create_ticket_success[partner-attachments0-QuestionsAboutOrders]","Позитивный тест: создание тикета с разными темами и вложениями для клиента, партнера и админа"
"passed","Sat Aug 23 00:48:35 UTC 2025","Sat Aug 23 00:48:36 UTC 2025","628","tests.catalog","test_delete_admin_product_translation","","","","test_delete_admin_product_translation_invalid_id[-1]","Удаление перевода по невалидному product_id — должно вернуть 400 или 404."
"passed","Sat Aug 23 00:49:31 UTC 2025","Sat Aug 23 00:49:35 UTC 2025","3104","tests.tickets","test_02_get_ticket_by_id","","","","test_get_ticket_not_found[99999999]","Негативный тест: тикет с указанным ID не найден."
"passed","Sat Aug 23 00:49:37 UTC 2025","Sat Aug 23 00:49:37 UTC 2025","170","tests.tickets","test_01_get_tickets","","","","test_get_tickets_success[filter0-sort0-search2-pagination1-admin]","Позитивный тест: получение списка тикетов с разными комбинациями параметров"
"passed","Sat Aug 23 00:50:48 UTC 2025","Sat Aug 23 00:50:48 UTC 2025","138","tests.tickets","test_01_get_tickets","","","","test_get_tickets_no_pagination[client]","Негативный тест: запрос без обязательного параметра pagination"
"skipped","Sat Aug 23 00:46:43 UTC 2025","Sat Aug 23 00:46:43 UTC 2025","0","tests.account","test_pass_recovery","","","","test_pass_recovery_positive[payload1]","Позитивные тесты на восстановление пароля"
"passed","Sat Aug 23 00:48:54 UTC 2025","Sat Aug 23 00:48:55 UTC 2025","423","tests.catalog","test_get_admin_product_translation","","","","test_get_admin_product_translation_unauthorized","Запрос перевода без авторизации — 401."
"skipped","Sat Aug 23 00:47:05 UTC 2025","Sat Aug 23 00:47:05 UTC 2025","0","tests.admin_panel.products","test_01_create_product_group","","","","test_create_product_group_invalid_payload[payload0-400]",""
"passed","Sat Aug 23 00:46:43 UTC 2025","Sat Aug 23 00:46:43 UTC 2025","161","tests.account","test_0_bonus_tokens","","","","test_get_bonus_tokens_positive[partner]","Позитивные тесты на получение списка токенов"
"passed","Sat Aug 23 00:48:53 UTC 2025","Sat Aug 23 00:48:53 UTC 2025","147","tests.delivery","test_01_save_delivery_address","","","","test_save_delivery_address_negative[client-payload8-500]","Негативные тесты на сохранение адреса доставки (отсутствие обязательных полей, некорректные данные)"
"passed","Sat Aug 23 00:48:32 UTC 2025","Sat Aug 23 00:48:33 UTC 2025","874","tests.catalog","test_create_admin_product","","","","test_create_product_invalid_payload[payload0-400]",""
"passed","Sat Aug 23 00:47:43 UTC 2025","Sat Aug 23 00:47:43 UTC 2025","579","tests.admin_panel.promo","test_77_create_promotion_item","","","","test_create_promotion_item_invalid_ids[None-None-404]",""
"passed","Sat Aug 23 00:46:44 UTC 2025","Sat Aug 23 00:46:45 UTC 2025","1173","tests.account","test_add_cover_url","","","","test_add_cover_full_payload[partner]",""
"skipped","Sat Aug 23 00:46:43 UTC 2025","Sat Aug 23 00:46:43 UTC 2025","0","tests.account","test_history_personal_volumes_admin","","","","test_get_personal_volumes_history_admin_positive[partner-payload0]","Позитивные тесты на получение истории начисления личных объемов для админа"
"skipped","Sat Aug 23 00:49:43 UTC 2025","Sat Aug 23 00:49:43 UTC 2025","0","tests.tickets","test_11_update_message","","","","test_update_message_role_permissions[authorize_admin-200]","Проверка прав на редактирование сообщения в тикете"
"skipped","Sat Aug 23 00:48:55 UTC 2025","Sat Aug 23 00:48:55 UTC 2025","0","tests.cart","test_user_locale","","","","test_update_user_locale_valid_payload[payload0]","
    Позитивный тест: Обновление языка/склада/локали НЕавторизованным пользователем с указанной корзиной в cookie.
    "
"passed","Sat Aug 23 00:47:52 UTC 2025","Sat Aug 23 00:47:53 UTC 2025","582","tests.admin_panel.slides","test_0_slides_sort","","","","test_slides_sort_invalid_id[None]","Негативный тест: невалидный path parameter."
"skipped","Sat Aug 23 00:49:13 UTC 2025","Sat Aug 23 00:49:13 UTC 2025","0","tests.stock","test_create_stock","","","","test_create_stock_with_empty_string_log_if_not_200[city]",""
"passed","Sat Aug 23 00:46:54 UTC 2025","Sat Aug 23 00:46:55 UTC 2025","643","tests.admin_panel.categories","test_49_delete_category","","","","test_delete_category_invalid_id[-1]","Негативный тест: удаление несуществующей или некорректной категории."
"passed","Sat Aug 23 00:47:30 UTC 2025","Sat Aug 23 00:47:31 UTC 2025","953","tests.admin_panel.promo","test_71_get_promotions","","","","test_get_promotions_after_adding","Интеграционный тест: добавление акции и проверка ее наличия в списке по ID."
"passed","Sat Aug 23 00:49:07 UTC 2025","Sat Aug 23 00:49:07 UTC 2025","622","tests.catalog","test_update_admin_product","","","","test_update_admin_product_invalid_id[abc]",""
"passed","Sat Aug 23 00:47:03 UTC 2025","Sat Aug 23 00:47:04 UTC 2025","933","tests.admin_panel.categories","test_50_upload_category_images","","","","test_upload_category_images_invalid_format[invalid.exe-application/octet-stream-400]","Негативный тест: загрузка изображений в неверном формате (например, .txt)."
"passed","Sat Aug 23 00:47:25 UTC 2025","Sat Aug 23 00:47:28 UTC 2025","3452","tests.admin_panel.products","test_42_update_product_brand","","","","test_update_product_brand_invalid_payload[payload1-expected_code1]","Негативный тест: обновление бренда с невалидным или неполным телом запроса."
"passed","Sat Aug 23 00:47:23 UTC 2025","Sat Aug 23 00:47:24 UTC 2025","601","tests.admin_panel.items","test_create_item_translation","","","","test_create_item_translation_invalid_payload[payload4-code4]","Негативный тест: создание перевода с невалидным payload."
"passed","Sat Aug 23 00:48:07 UTC 2025","Sat Aug 23 00:48:07 UTC 2025","227","tests.auth","test_05_logout","","","","test_logout_success[client]","Тест разлогинивания с валидным токеном (клиент, партнёр, админ)"
"skipped","Sat Aug 23 00:49:14 UTC 2025","Sat Aug 23 00:49:14 UTC 2025","0","tests.stock","test_create_stock","","","","test_create_stock_with_empty_string_log_if_not_200[address.address_full]",""
"skipped","Sat Aug 23 00:49:05 UTC 2025","Sat Aug 23 00:49:05 UTC 2025","147","tests.register","test_01_register_form","","","","test_register_form_negative[client-payload0-400]",""
"failed","Sat Aug 23 00:48:04 UTC 2025","Sat Aug 23 00:48:06 UTC 2025","2393","tests.admin_panel.products","test_44_upload_product_brand_images","","","","test_upload_product_brand_images_various_fields[4.7-fields_to_send4-204]","Негативный тест. Загрузка слишком большого изображения."
"passed","Sat Aug 23 00:49:14 UTC 2025","Sat Aug 23 00:49:15 UTC 2025","147","tests.statistic","test_team_go","","","","test_get_team_go_statistic_positive[payload0-admin]","Позитивный тест: получение статистики по команде с валидным телом запроса"
"passed","Sat Aug 23 00:47:40 UTC 2025","Sat Aug 23 00:47:41 UTC 2025","894","tests.admin_panel.promo","test_77_create_promotion_item","","","","test_create_promotion_item_invalid_payload[payload4-422]",""
"skipped","Sat Aug 23 00:49:14 UTC 2025","Sat Aug 23 00:49:14 UTC 2025","0","tests.stock","test_create_stock","","","","test_create_stock_with_empty_string_log_if_not_200[address.building]",""
"skipped","Sat Aug 23 00:46:43 UTC 2025","Sat Aug 23 00:46:43 UTC 2025","0","tests.admin_panel","test_accrue_gold_pro_gift","","","","test_accrue_gold_pro_gift_invalid_payload[payload1-400]",""
"passed","Sat Aug 23 00:52:25 UTC 2025","Sat Aug 23 00:52:26 UTC 2025","532","tests.tickets","test_04_create_ticket","","","","test_create_ticket_invalid_request_type[admin--200]","Негативный тест: попытка создания тикета с неверным типом request_type"
"passed","Sat Aug 23 00:48:55 UTC 2025","Sat Aug 23 00:48:55 UTC 2025","139","tests.delivery","test_01_save_delivery_address","","","","test_save_delivery_address_negative[partner-payload1-400]","Негативные тесты на сохранение адреса доставки (отсутствие обязательных полей, некорректные данные)"
"skipped","Sat Aug 23 00:49:14 UTC 2025","Sat Aug 23 00:49:14 UTC 2025","0","tests.stock","test_create_stock","","","","test_create_stock_with_empty_string_log_if_not_200[address]",""
"passed","Sat Aug 23 00:48:57 UTC 2025","Sat Aug 23 00:48:59 UTC 2025","1737","tests.admin_panel.slides","test_61_upload_slides_images","","","","test_upload_only_single_slide_image_field[preview-test_png.png-image/png-preview]","Проверка: загрузка только одного изображения не должна заполнять другие поля."
"passed","Sat Aug 23 00:47:38 UTC 2025","Sat Aug 23 00:47:38 UTC 2025","596","tests.admin_panel.promo","test_75_delete_promotion_by_id","","","","test_delete_promotion_invalid_id[-1]","Негативный тест: удаление несуществующей или некорректной акции."
"skipped","Sat Aug 23 00:49:24 UTC 2025","Sat Aug 23 00:49:24 UTC 2025","303","tests.stock","test_get_stocks","","","","test_get_stocks_invalid_country_id[0-admin]","Проверка получения складов по невалидному country_id"
"passed","Sat Aug 23 00:46:43 UTC 2025","Sat Aug 23 00:46:43 UTC 2025","434","tests.PROJECT_FUND.initiatives","test_get_initiative_by_id","","","","test_get_initiative_by_invalid_id[999999-https://dev.ewahelps.com/api]",""
"passed","Sat Aug 23 00:48:40 UTC 2025","Sat Aug 23 00:48:41 UTC 2025","306","tests.cart","test_get_delivery_cost","","","","test_get_delivery_cost_success_partial_payload[partner-payload0-400]","Позитивный тест: успешное получение ТК при неполном наборе (город без региона, без ID и т.п.)"
"passed","Sat Aug 23 00:47:41 UTC 2025","Sat Aug 23 00:47:42 UTC 2025","606","tests.admin_panel.promo","test_73_get_promotion_by_id","","","","test_get_promotion_invalid_id[-1]","Негативный тест: получение акции по невалидному ID."
"skipped","Sat Aug 23 00:46:43 UTC 2025","Sat Aug 23 00:46:43 UTC 2025","0","tests.account","test_history_admin","","","","test_get_admin_history_positive[client-payload1]","Позитивные тесты на получение истории бонусов для админа"
"passed","Sat Aug 23 00:48:23 UTC 2025","Sat Aug 23 00:48:26 UTC 2025","3725","tests.catalog","test_create_admin_product","","","","test_create_admin_product_minimal_payload_variants[slug+categories+category_ids]",""
"passed","Sat Aug 23 00:46:52 UTC 2025","Sat Aug 23 00:46:55 UTC 2025","3082","tests.admin_panel.categories","test_56_v2_create_category","","","","test_v2_create_category_invalid_payload[payload0-expected_code0]","Негативный тест: создание категории с невалидным телом запроса."
"passed","Sat Aug 23 00:49:19 UTC 2025","Sat Aug 23 00:49:19 UTC 2025","156","tests.statistic","test_team_go","","","","test_get_team_go_statistic_positive[payload2-admin]","Позитивный тест: получение статистики по команде с валидным телом запроса"
"passed","Sat Aug 23 00:50:59 UTC 2025","Sat Aug 23 00:50:59 UTC 2025","138","tests.tickets","test_01_get_tickets","","","","test_get_tickets_invalid_filter[invalid_filter2-400-client]","Негативный тест: передаем некорректные параметры фильтрации"
"passed","Sat Aug 23 00:47:52 UTC 2025","Sat Aug 23 00:47:53 UTC 2025","612","tests.admin_panel.sliders","test_52_create_slider","","","","test_create_slider_invalid_payload[payload2-expected_code2]","Негативный тест: попытка создать слайдер с невалидным payload."
"passed","Sat Aug 23 00:51:36 UTC 2025","Sat Aug 23 00:51:37 UTC 2025","539","tests.tickets","test_04_create_ticket","","","","test_create_ticket_success[admin-attachments0-ReceivingProductsShortage]","Позитивный тест: создание тикета с разными темами и вложениями для клиента, партнера и админа"
"passed","Sat Aug 23 00:48:09 UTC 2025","Sat Aug 23 00:48:09 UTC 2025","587","tests.admin_panel.slides","test_57_create_slide","","","","test_create_slide_invalid_payload[payload7-expected_code7]","Негативные тесты: некорректные и неполные payload'ы."
"passed","Sat Aug 23 00:47:53 UTC 2025","Sat Aug 23 00:47:54 UTC 2025","591","tests.admin_panel.sliders","test_52_create_slider","","","","test_create_slider_invalid_payload[payload3-expected_code3]","Негативный тест: попытка создать слайдер с невалидным payload."
"skipped","Sat Aug 23 00:52:32 UTC 2025","Sat Aug 23 00:52:32 UTC 2025","0","tests.tickets","test_04_create_ticket","","","","test_create_ticket_invalid_attachment[client]","Негативный тест: попытка загрузки вложения с некорректными данными"
"passed","Sat Aug 23 00:49:38 UTC 2025","Sat Aug 23 00:49:38 UTC 2025","137","tests.statistic","test_team_activations","","","","test_get_team_activation_statistic_negative[payload5-admin]","Негативный тест: ошибка при получении статистики активации команды с невалидным телом запроса"
"passed","Sat Aug 23 00:48:55 UTC 2025","Sat Aug 23 00:48:55 UTC 2025","140","tests.delivery","test_01_save_delivery_address","","","","test_save_delivery_address_negative[partner-payload2-400]","Негативные тесты на сохранение адреса доставки (отсутствие обязательных полей, некорректные данные)"
"passed","Sat Aug 23 00:47:45 UTC 2025","Sat Aug 23 00:47:45 UTC 2025","622","tests.admin_panel.promo","test_77_create_promotion_item","","","","test_create_promotion_item_invalid_ids[999999-1-404]",""
"skipped","Sat Aug 23 00:47:03 UTC 2025","Sat Aug 23 00:47:03 UTC 2025","0","tests.admin_panel.products","test_01_delete_product_group","","","","test_delete_product_group_forbidden[client]","Негативный тест: попытка удаления продукт группы не-админом."
"passed","Sat Aug 23 00:50:03 UTC 2025","Sat Aug 23 00:50:04 UTC 2025","162","tests.tickets","test_01_get_tickets","","","","test_get_tickets_success[filter1-sort0-search2-pagination1-client]","Позитивный тест: получение списка тикетов с разными комбинациями параметров"
"passed","Sat Aug 23 00:47:34 UTC 2025","Sat Aug 23 00:47:35 UTC 2025","415","tests.admin_panel.promo","test_75_delete_promotion_by_id","","","","test_delete_promotion_unauthorized","Негативный тест: попытка удаления акции без авторизации."
"passed","Sat Aug 23 00:46:48 UTC 2025","Sat Aug 23 00:46:49 UTC 2025","144","tests.admin_panel.categories","test_56_v2_create_category","","","","test_v2_create_category_forbidden[client]","Негативный тест: создание категории не-админом запрещено."
"passed","Sat Aug 23 00:48:16 UTC 2025","Sat Aug 23 00:48:21 UTC 2025","5055","tests.catalog","test_delete_admin_product_translation","","","","test_delete_admin_product_translation_success","Удаление одного из переводов продукта (успешный сценарий)."
"skipped","Sat Aug 23 00:48:07 UTC 2025","Sat Aug 23 00:48:07 UTC 2025","0","tests.auth","test_04_refresh","","","","test_refresh_token_success[client]","Тест успешного обновления токена через refresh-токен."
"passed","Sat Aug 23 00:49:05 UTC 2025","Sat Aug 23 00:49:05 UTC 2025","140","tests.delivery","test_03_delete_delivery_address","","","","test_delete_delivery_address_invalid_id[abc-partner]","Негативные тесты: удаление адреса с некорректным ID"
"passed","Sat Aug 23 00:48:02 UTC 2025","Sat Aug 23 00:48:02 UTC 2025","407","tests.admin_panel.slides","test_57_create_slide","","","","test_create_slide_unauthorized","Негативный тест: создание слайда без авторизации."
"passed","Sat Aug 23 00:49:16 UTC 2025","Sat Aug 23 00:49:16 UTC 2025","156","tests.statistic","test_team_registrations","","","","test_get_team_registration_statistic_positive[payload2-client]","Позитивный тест: получение статистики по регистрации команды с валидным телом запроса"
"skipped","Sat Aug 23 00:49:14 UTC 2025","Sat Aug 23 00:49:14 UTC 2025","0","tests.stock","test_create_stock","","","","test_create_stock_with_empty_string_log_if_not_200[self_pickup_available]",""
"passed","Sat Aug 23 00:48:59 UTC 2025","Sat Aug 23 00:49:00 UTC 2025","404","tests.one_c","test_get_1с_stock","","","","test_get_stock_forbidden[params0]",""
"passed","Sat Aug 23 00:49:07 UTC 2025","Sat Aug 23 00:49:07 UTC 2025","138","tests.cart","test_get_delivery_cost","","","","test_get_delivery_cost_invalid_payload[client-payload2]","Негативный тест: некорректные входные данные"
"skipped","Sat Aug 23 00:46:40 UTC 2025","Sat Aug 23 00:46:40 UTC 2025","0","tests.account","test_0_marathon","","","","test_create_product_brand_invalid_payload[params0-400-admin]",""
"skipped","Sat Aug 23 00:47:05 UTC 2025","Sat Aug 23 00:47:05 UTC 2025","0","tests.admin_panel.products","test_01_create_product_group","","","","test_create_product_group_invalid_payload[payload2-400]",""
"passed","Sat Aug 23 00:48:51 UTC 2025","Sat Aug 23 00:48:51 UTC 2025","146","tests.delivery","test_02_get_delivery_address","","","","test_get_delivery_addresses_invalid_pagination[invalid_pagination3-partner]","Негативные тесты: передача некорректных параметров пагинации"
"passed","Sat Aug 23 00:47:31 UTC 2025","Sat Aug 23 00:47:39 UTC 2025","8763","tests.admin_panel.categories","test_50_upload_category_images","","","","test_upload_category_images_file_too_large[4.7-fields_to_send6-204]","Негативный тест: загрузка слишком большого изображения."
"passed","Sat Aug 23 00:46:39 UTC 2025","Sat Aug 23 00:46:39 UTC 2025","165","tests.account","test_0_profile","","","","test_get_profile_positive[client]","Позитивные тесты на получение данных пользовательского аккаунта"
"skipped","Sat Aug 23 00:46:43 UTC 2025","Sat Aug 23 00:46:43 UTC 2025","0","tests.admin_panel","test_accrue_presidential_pool","","","","test_accrue_presidential_pool_invalid_payload[payload2-400]",""
"passed","Sat Aug 23 00:49:45 UTC 2025","Sat Aug 23 00:49:46 UTC 2025","1259","tests.tickets","test_04_create_ticket","","","","test_create_ticket_success[client-attachments1-QuestionsAboutOrders]","Позитивный тест: создание тикета с разными темами и вложениями для клиента, партнера и админа"
"passed","Sat Aug 23 00:47:07 UTC 2025","Sat Aug 23 00:47:08 UTC 2025","812","tests.admin_panel.items","test_create_item","","","","test_create_item_invalid_payload[payload1-expected_code1]","
    Негативный тест: создание варианта с невалидным телом запроса.
    Если сервер внезапно вернул успех — удаляем созданный item из БД.
    "
"passed","Sat Aug 23 00:49:22 UTC 2025","Sat Aug 23 00:49:26 UTC 2025","4534","tests.catalog","test_update_admin_product","","","","test_update_admin_product_invalid_payload[update_payload2-400]",""
"passed","Sat Aug 23 00:50:43 UTC 2025","Sat Aug 23 00:50:43 UTC 2025","165","tests.tickets","test_01_get_tickets","","","","test_get_tickets_success[filter2-sort1-search1-pagination1-admin]","Позитивный тест: получение списка тикетов с разными комбинациями параметров"
"skipped","Sat Aug 23 00:47:44 UTC 2025","Sat Aug 23 00:47:52 UTC 2025","7437","tests.admin_panel.sliders","test_52_create_slider","","","","test_create_slider_invalid_payload[payload0-expected_code0]","Негативный тест: попытка создать слайдер с невалидным payload."
"passed","Sat Aug 23 00:48:08 UTC 2025","Sat Aug 23 00:48:09 UTC 2025","401","tests.auth","test_04_refresh","","","","test_refresh_token_without_token","Тест обновления токена без передачи refresh-токена."
"passed","Sat Aug 23 00:49:02 UTC 2025","Sat Aug 23 00:49:03 UTC 2025","410","tests.one_c","test_get_1с_stock","","","","test_get_stock_bad_request[params4]",""
"passed","Sat Aug 23 00:48:36 UTC 2025","Sat Aug 23 00:48:37 UTC 2025","354","tests.cart","test_get_delivery_cost","","","","test_get_delivery_cost_success_partial_payload[client-payload5-400]","Позитивный тест: успешное получение ТК при неполном наборе (город без региона, без ID и т.п.)"
"passed","Sat Aug 23 00:46:55 UTC 2025","Sat Aug 23 00:46:59 UTC 2025","3446","tests.admin_panel.categories","test_57_v2_update_category","","","","test_v2_update_category_forbidden[client]","Негативный тест: попытка обновления категории не-админом."
"passed","Sat Aug 23 00:50:54 UTC 2025","Sat Aug 23 00:50:54 UTC 2025","138","tests.tickets","test_01_get_tickets","","","","test_get_tickets_invalid_search[invalid_search1-400-partner]","Негативный тест: передаем некорректные параметры поиска"
"passed","Sat Aug 23 00:47:21 UTC 2025","Sat Aug 23 00:47:21 UTC 2025","416","tests.admin_panel.products","test_02_recommended_products_add","","","","test_add_recommendation_unauthorized","Неавторизованный пользователь"
"passed","Sat Aug 23 00:49:15 UTC 2025","Sat Aug 23 00:49:20 UTC 2025","4570","tests.catalog","test_update_admin_product","","","","test_update_admin_product_invalid_payload[update_payload1-400]",""
"passed","Sat Aug 23 00:50:23 UTC 2025","Sat Aug 23 00:50:24 UTC 2025","168","tests.tickets","test_01_get_tickets","","","","test_get_tickets_success[filter2-sort0-search1-pagination0-admin]","Позитивный тест: получение списка тикетов с разными комбинациями параметров"
"passed","Sat Aug 23 00:48:35 UTC 2025","Sat Aug 23 00:48:43 UTC 2025","7475","tests.catalog","test_create_admin_product_translation","","","","test_create_admin_product_translation_success[ka]","Создание и обновление перевода продукта на разных языках."
"passed","Sat Aug 23 00:48:19 UTC 2025","Sat Aug 23 00:48:24 UTC 2025","5656","tests.catalog","test_create_admin_product_translation","","","","test_create_admin_product_translation_success[en]","Создание и обновление перевода продукта на разных языках."
"passed","Sat Aug 23 00:47:02 UTC 2025","Sat Aug 23 00:47:03 UTC 2025","605","tests.admin_panel.categories","test_79_get_category_translation","","","","test_get_category_translation_not_found",""
"passed","Sat Aug 23 00:48:09 UTC 2025","Sat Aug 23 00:48:09 UTC 2025","424","tests.auth","test_05_logout","","","","test_logout_invalid_token","Тест разлогинивания с невалидным токеном"
"passed","Sat Aug 23 00:49:08 UTC 2025","Sat Aug 23 00:49:08 UTC 2025","144","tests.register","test_03_register_client","","","","test_register_client_positive[client-403]","Тест: позитивные тесты для регистрации клиента вручную"
"skipped","Sat Aug 23 00:49:05 UTC 2025","Sat Aug 23 00:49:05 UTC 2025","134","tests.orders","test_group_order_change_country","","","","test_change_country_invalid_data[invalid_payload2-admin]","Негативные тесты: передача некорректных данных"
"skipped","Sat Aug 23 00:49:05 UTC 2025","Sat Aug 23 00:49:05 UTC 2025","412","tests.orders","test_group_order_change_country","","","","test_change_country_without_auth","Негативный тест: изменение страны без авторизации"
"passed","Sat Aug 23 00:47:47 UTC 2025","Sat Aug 23 00:47:48 UTC 2025","988","tests.admin_panel.products","test_42_update_product_brand","","","","test_update_product_brand_invalid_payload[payload9-422]","Негативный тест: обновление бренда с невалидным или неполным телом запроса."
"passed","Sat Aug 23 00:48:15 UTC 2025","Sat Aug 23 00:48:16 UTC 2025","655","tests.admin_panel.slides","test_57_create_slide","","","","test_create_slide_invalid_payload[payload17-422]","Негативные тесты: некорректные и неполные payload'ы."
"passed","Sat Aug 23 00:48:31 UTC 2025","Sat Aug 23 00:48:35 UTC 2025","3377","tests.admin_panel.slides","test_61_upload_slides_images","","","","test_upload_slide_images_file_too_large[4.7-fields_to_send4-204]","Негативный тест: загрузка слишком большого изображения."
"passed","Sat Aug 23 00:49:08 UTC 2025","Sat Aug 23 00:49:08 UTC 2025","145","tests.cart","test_get_delivery_cost","","","","test_get_delivery_cost_invalid_payload[client-payload3]","Негативный тест: некорректные входные данные"
"passed","Sat Aug 23 00:48:39 UTC 2025","Sat Aug 23 00:48:40 UTC 2025","987","tests.admin_panel.slides","test_59_update_slide","","","","test_update_slide_invalid_payload[payload18-422]","Негативный тест: обновление слайда с невалидным или неполным телом запроса."
"passed","Sat Aug 23 00:46:43 UTC 2025","Sat Aug 23 00:46:44 UTC 2025","655","tests.PROJECT_FUND.initiatives","test_get_reports","","","","test_get_reports_invalid_query_params[query3-https://dev.ewahelps.com/api]","Негативный тест: запрос с некорректными query-параметрами"
"passed","Sat Aug 23 00:49:16 UTC 2025","Sat Aug 23 00:49:17 UTC 2025","147","tests.statistic","test_team_go","","","","test_get_team_go_statistic_positive[payload1-admin]","Позитивный тест: получение статистики по команде с валидным телом запроса"
"passed","Sat Aug 23 00:48:45 UTC 2025","Sat Aug 23 00:48:45 UTC 2025","145","tests.delivery","test_02_get_delivery_address","","","","test_get_delivery_addresses_invalid_pagination[invalid_pagination0-partner]","Негативные тесты: передача некорректных параметров пагинации"
"passed","Sat Aug 23 00:48:08 UTC 2025","Sat Aug 23 00:48:11 UTC 2025","3078","tests.admin_panel.slides","test_59_update_slide","","","","test_update_slide_invalid_id[9999999]","Негативный тест: несуществующий или некорректный ID."
"passed","Sat Aug 23 00:48:49 UTC 2025","Sat Aug 23 00:48:52 UTC 2025","3021","tests.delivery","test_03_delete_delivery_address","","","","test_delete_delivery_address_permissions[authorize_client-authorize_admin-True]","Тест: проверка прав доступа при удалении адресов"
"passed","Sat Aug 23 00:47:25 UTC 2025","Sat Aug 23 00:47:28 UTC 2025","3031","tests.admin_panel.items","test_create_item_translation","","","","test_item_translation_update_duplicate_lang_code","Позитивный тест: обновление перевода при повторной отправке с тем же lang_code."
"skipped","Sat Aug 23 00:49:51 UTC 2025","Sat Aug 23 00:49:52 UTC 2025","592","tests.tickets","test_09_get_ticket_messages","","","","test_get_ticket_messages_invalid_id_format[1.5]","Негативный тест: запрос с некорректным ID (строка, спецсимволы, пустое значение)"
"passed","Sat Aug 23 00:47:48 UTC 2025","Sat Aug 23 00:47:49 UTC 2025","414","tests.admin_panel.sliders","test_54_update_slider","","","","test_update_slider_unauthorized","Негативный тест: попытка обновления слайдера без авторизации."
"passed","Sat Aug 23 00:46:39 UTC 2025","Sat Aug 23 00:46:39 UTC 2025","813","tests.PROJECT_FUND.initiatives","test_get_reports","","","","test_get_reports_with_query_params[query0-https://dev.ewahelps.com/api]","Позитивный тест: получение списка отчетов с query-параметрами"
"passed","Sat Aug 23 00:47:00 UTC 2025","Sat Aug 23 00:47:01 UTC 2025","653","tests.account","test_add_cover_url","","","","test_add_cover_invalid_payload[payload4]",""
"passed","Sat Aug 23 00:48:18 UTC 2025","Sat Aug 23 00:48:19 UTC 2025","815","tests.admin_panel.slides","test_57_create_slide","","","","test_create_slide_title_color_validation[#ffffff-201]","Валидация поля title_color при создании слайда."
"passed","Sat Aug 23 00:47:05 UTC 2025","Sat Aug 23 00:47:07 UTC 2025","1137","tests.admin_panel.categories","test_80_create_category_translation","","","","test_create_category_translation_forbidden[partner]","Негативный тест: создание перевода не-админом запрещено."
"passed","Sat Aug 23 00:49:20 UTC 2025","Sat Aug 23 00:49:21 UTC 2025","399","tests.temporary","test_get_account_exist","","","","test_account_exist[99999-400]",""
"skipped","Sat Aug 23 00:49:37 UTC 2025","Sat Aug 23 00:49:38 UTC 2025","1257","tests.tickets","test_06_close_ticket","","","","test_close_tickets_negative[partner-ticket_ids1-400]","Негативные тесты: закрытие с некорректными данными"
"passed","Sat Aug 23 00:50:19 UTC 2025","Sat Aug 23 00:50:19 UTC 2025","159","tests.tickets","test_01_get_tickets","","","","test_get_tickets_success[filter2-sort0-search0-pagination0-partner]","Позитивный тест: получение списка тикетов с разными комбинациями параметров"
"skipped","Sat Aug 23 00:49:16 UTC 2025","Sat Aug 23 00:49:17 UTC 2025","253","tests.stock","test_get_group_orders","","","","test_get_group_orders_invalid_country_id[abc-admin]","Проверка получения складов по невалидному country_id"
"passed","Sat Aug 23 00:46:54 UTC 2025","Sat Aug 23 00:46:55 UTC 2025","1542","tests.admin_panel.categories","test_79_get_category_translation","","","","test_get_category_translation_forbidden[client]",""
"skipped","Sat Aug 23 00:46:40 UTC 2025","Sat Aug 23 00:46:40 UTC 2025","0","tests.account","test_0_marathon","","","","test_create_product_brand_invalid_payload[params5-400-admin]",""
"passed","Sat Aug 23 00:49:31 UTC 2025","Sat Aug 23 00:49:32 UTC 2025","163","tests.tickets","test_01_get_tickets","","","","test_get_tickets_success[filter0-sort0-search1-pagination1-client]","Позитивный тест: получение списка тикетов с разными комбинациями параметров"
"passed","Sat Aug 23 00:52:07 UTC 2025","Sat Aug 23 00:52:08 UTC 2025","1075","tests.tickets","test_04_create_ticket","","","","test_create_ticket_success[admin-attachments2-QuestionsAboutTheWorkOfTheStructureAndMentors]","Позитивный тест: создание тикета с разными темами и вложениями для клиента, партнера и админа"
"skipped","Sat Aug 23 00:49:11 UTC 2025","Sat Aug 23 00:49:12 UTC 2025","151","tests.register","test_01_register_form","","","","test_register_form_negative[admin-payload1-400]",""
"passed","Sat Aug 23 00:47:11 UTC 2025","Sat Aug 23 00:47:13 UTC 2025","2309","tests.admin_panel.items","test_create_item_translation","","","","test_create_item_translation_success[ka]",""
"passed","Sat Aug 23 00:47:29 UTC 2025","Sat Aug 23 00:47:29 UTC 2025","598","tests.admin_panel.products","test_43_delete_product_brand","","","","test_delete_product_brand_invalid_id[0]","Негативный тест: удаление несуществующего или некорректного бренда."
"passed","Sat Aug 23 00:47:55 UTC 2025","Sat Aug 23 00:47:55 UTC 2025","579","tests.admin_panel.sliders","test_53_get_sliders_by_id","","","","test_get_sliders_invalid_id[]","Негативный тест: получение слайдера по невалидному ID"
"skipped","Sat Aug 23 00:49:19 UTC 2025","Sat Aug 23 00:49:19 UTC 2025","0","tests.stock","test_update_stock","","","","test_update_stock_invalid_id[-1]",""
"skipped","Sat Aug 23 00:46:44 UTC 2025","Sat Aug 23 00:46:44 UTC 2025","0","tests.account","test_family_agreement_create_three","","","","test_create_family_agreement_three_positive[client-payload0]","Позитивные тесты на создание семейного соглашения при аннулировании второго партнера"
"skipped","Sat Aug 23 00:46:40 UTC 2025","Sat Aug 23 00:46:40 UTC 2025","0","tests.account","test_0_marathon","","","","test_get_marathon_is_purchased[admin-200]","Позитивный кейс — проверяет приобретал ли аккаунт марафонский набор (все поля)"
"passed","Sat Aug 23 00:46:56 UTC 2025","Sat Aug 23 00:46:57 UTC 2025","1520","tests.admin_panel.categories","test_81_delete_category_translation","","","","test_delete_category_translation_forbidden[partner]","Негативный тест: удаление перевода не-админом запрещено."
"passed","Sat Aug 23 00:49:38 UTC 2025","Sat Aug 23 00:49:38 UTC 2025","138","tests.statistic","test_team_registrations","","","","test_get_team_registration_statistic_negative[payload7-admin]","Негативный тест: ошибка при получении статистики регистрации команды с невалидным телом запроса"
"skipped","Sat Aug 23 00:49:33 UTC 2025","Sat Aug 23 00:49:34 UTC 2025","1222","tests.tickets","test_06_close_ticket","","","","test_close_tickets_negative[client-ticket_ids1-400]","Негативные тесты: закрытие с некорректными данными"
"skipped","Sat Aug 23 00:46:43 UTC 2025","Sat Aug 23 00:46:43 UTC 2025","0","tests.account","test_token_revoke","","","","test_revoke_token_positive[admin-payload1]","Позитивные тесты на удаление токена"
"passed","Sat Aug 23 00:47:11 UTC 2025","Sat Aug 23 00:47:18 UTC 2025","7240","tests.admin_panel.items","test_get_item_translation","","","","test_get_item_translation_forbidden[client]","
    Негативный тест: client/partner не может читать переводы item.
    Подготовку (создание item и добавление перевода) делает админ.
    "
"passed","Sat Aug 23 00:47:24 UTC 2025","Sat Aug 23 00:47:25 UTC 2025","625","tests.admin_panel.items","test_create_item_translation","","","","test_create_item_translation_invalid_payload[payload6-code6]","Негативный тест: создание перевода с невалидным payload."
"passed","Sat Aug 23 00:47:00 UTC 2025","Sat Aug 23 00:47:03 UTC 2025","3063","tests.admin_panel.categories","test_57_v2_update_category","","","","test_v2_update_category_invalid_id[-1]","Негативный тест: несуществующий или некорректный ID."
"passed","Sat Aug 23 00:49:37 UTC 2025","Sat Aug 23 00:49:37 UTC 2025","139","tests.statistic","test_team_registrations","","","","test_get_team_registration_statistic_negative[payload7-partner]","Негативный тест: ошибка при получении статистики регистрации команды с невалидным телом запроса"
"skipped","Sat Aug 23 00:49:46 UTC 2025","Sat Aug 23 00:49:47 UTC 2025","585","tests.tickets","test_09_get_ticket_messages","","","","test_get_ticket_messages_invalid_id_format[-1]","Негативный тест: запрос с некорректным ID (строка, спецсимволы, пустое значение)"
"passed","Sat Aug 23 00:49:30 UTC 2025","Sat Aug 23 00:49:31 UTC 2025","147","tests.statistic","test_team_registrations","","","","test_get_team_registration_statistic_negative[payload4-client]","Негативный тест: ошибка при получении статистики регистрации команды с невалидным телом запроса"
"passed","Sat Aug 23 00:49:09 UTC 2025","Sat Aug 23 00:49:09 UTC 2025","145","tests.delivery","test_03_delete_delivery_address","","","","test_delete_delivery_address_invalid_id[None-partner]","Негативные тесты: удаление адреса с некорректным ID"
"passed","Sat Aug 23 00:47:53 UTC 2025","Sat Aug 23 00:47:54 UTC 2025","575","tests.admin_panel.sliders","test_55_delete_sliders","","","","test_delete_slider_invalid_id[-1]","Негативный тест: удаление несуществующего или некорректного слайдера."
"passed","Sat Aug 23 00:48:58 UTC 2025","Sat Aug 23 00:48:58 UTC 2025","141","tests.cart","test_user_locale","","","","test_update_user_locale_invalid_payload[client-payload4-400]","Негативный тест: обновление локали с невалидным payload."
"passed","Sat Aug 23 00:49:05 UTC 2025","Sat Aug 23 00:49:06 UTC 2025","1478","tests.one_c","test_create_1c_stock","","","","test_name_not_overwritten_by_city",""
"passed","Sat Aug 23 00:51:13 UTC 2025","Sat Aug 23 00:51:14 UTC 2025","1076","tests.tickets","test_04_create_ticket","","","","test_create_ticket_success[partner-attachments2-QuestionsAboutTheMarriageContract]","Позитивный тест: создание тикета с разными темами и вложениями для клиента, партнера и админа"
"passed","Sat Aug 23 00:47:54 UTC 2025","Sat Aug 23 00:47:54 UTC 2025","633","tests.admin_panel.slides","test_0_slides_sort","","","","test_slides_sort_invalid_id[999999]","Негативный тест: невалидный path parameter."
"passed","Sat Aug 23 00:50:26 UTC 2025","Sat Aug 23 00:50:26 UTC 2025","536","tests.tickets","test_04_create_ticket","","","","test_create_ticket_success[partner-attachments0-QuestionsAboutPaymentsToIP]","Позитивный тест: создание тикета с разными темами и вложениями для клиента, партнера и админа"
"passed","Sat Aug 23 00:50:40 UTC 2025","Sat Aug 23 00:50:40 UTC 2025","163","tests.tickets","test_01_get_tickets","","","","test_get_tickets_success[filter2-sort1-search1-pagination0-client]","Позитивный тест: получение списка тикетов с разными комбинациями параметров"
"passed","Sat Aug 23 00:48:40 UTC 2025","Sat Aug 23 00:48:41 UTC 2025","957","tests.admin_panel.slides","test_59_update_slide","","","","test_update_slide_invalid_payload[payload19-422]","Негативный тест: обновление слайда с невалидным или неполным телом запроса."
"passed","Sat Aug 23 00:48:58 UTC 2025","Sat Aug 23 00:48:58 UTC 2025","140","tests.cart","test_user_locale","","","","test_update_user_locale_invalid_payload[client-payload3-400]","Негативный тест: обновление локали с невалидным payload."
"passed","Sat Aug 23 00:48:56 UTC 2025","Sat Aug 23 00:48:56 UTC 2025","139","tests.delivery","test_01_save_delivery_address","","","","test_save_delivery_address_negative[partner-payload3-400]","Негативные тесты на сохранение адреса доставки (отсутствие обязательных полей, некорректные данные)"
"skipped","Sat Aug 23 00:46:40 UTC 2025","Sat Aug 23 00:46:40 UTC 2025","0","tests.account","test_0_marathon","","","","test_create_product_brand_invalid_payload[params6-400-admin]",""
"skipped","Sat Aug 23 00:46:43 UTC 2025","Sat Aug 23 00:46:43 UTC 2025","0","tests.account","test_history_group_volumes_admin","","","","test_get_group_volumes_history_admin_positive[admin-payload1]","Позитивные тесты на получение истории начисления групповых объемов для админа"
"passed","Sat Aug 23 00:48:49 UTC 2025","Sat Aug 23 00:48:49 UTC 2025","138","tests.delivery","test_01_save_delivery_address","","","","test_save_delivery_address_negative[client-payload3-400]","Негативные тесты на сохранение адреса доставки (отсутствие обязательных полей, некорректные данные)"
"passed","Sat Aug 23 00:47:55 UTC 2025","Sat Aug 23 00:47:56 UTC 2025","588","tests.admin_panel.promo","test_78_delete_promotion_item","","","","test_delete_promotion_item_invalid_id[1.5-1.5]","Негативный тест: удаление элемента акции с невалидным ID продукта."
"passed","Sat Aug 23 00:51:14 UTC 2025","Sat Aug 23 00:51:16 UTC 2025","1105","tests.tickets","test_04_create_ticket","","","","test_create_ticket_success[partner-attachments2-QuestionsAboutTheRewardSystemMarketingPlan]","Позитивный тест: создание тикета с разными темами и вложениями для клиента, партнера и админа"
"passed","Sat Aug 23 00:49:00 UTC 2025","Sat Aug 23 00:49:01 UTC 2025","401","tests.one_c","test_get_1с_stock","","","","test_get_stock_bad_request[params0]",""
"passed","Sat Aug 23 00:47:58 UTC 2025","Sat Aug 23 00:47:58 UTC 2025","145","tests.admin_panel.slides","test_56_get_slides","","","","test_get_slides_forbidden[partner]","Негативный тест: получение списка слайдов не админом."
"passed","Sat Aug 23 00:47:25 UTC 2025","Sat Aug 23 00:47:25 UTC 2025","595","tests.admin_panel.products","test_40_create_product_brand","","","","test_create_product_brand_invalid_payload[payload5-expected_codes5]","Негативные кейсы: невалидные поля при создании бренда."
"passed","Sat Aug 23 00:49:28 UTC 2025","Sat Aug 23 00:49:28 UTC 2025","167","tests.tickets","test_01_get_tickets","","","","test_get_tickets_success[filter0-sort0-search0-pagination1-partner]","Позитивный тест: получение списка тикетов с разными комбинациями параметров"
"passed","Sat Aug 23 00:47:29 UTC 2025","Sat Aug 23 00:47:29 UTC 2025","140","tests.admin_panel.promo","test_71_get_promotions","","","","test_get_promotions_list_forbidden[client]","Негативный тест: получение списка акций не админом."
"passed","Sat Aug 23 00:47:58 UTC 2025","Sat Aug 23 00:47:59 UTC 2025","1163","tests.admin_panel.slides","test_62_slides_get_upload_urls","","","","test_get_upload_urls_success","Позитивный тест: успешное получение временных ссылок на загрузку видео файлов у слайдера типа 'video'."
"skipped","Sat Aug 23 00:46:43 UTC 2025","Sat Aug 23 00:46:43 UTC 2025","0","tests.account","test_history_personal_volumes_admin","","","","test_get_personal_volumes_history_admin_positive[admin-payload0]","Позитивные тесты на получение истории начисления личных объемов для админа"
"skipped","Sat Aug 23 00:46:48 UTC 2025","Sat Aug 23 00:46:48 UTC 2025","594","tests.admin_panel","test_accrue_auto_bonus","","","","test_accrue_auto_bonus_invalid_payload[payload3-400]",""
"skipped","Sat Aug 23 00:46:47 UTC 2025","Sat Aug 23 00:46:48 UTC 2025","599","tests.admin_panel","test_accrue_auto_bonus","","","","test_accrue_auto_bonus_invalid_payload[payload2-400]",""
"passed","Sat Aug 23 00:48:16 UTC 2025","Sat Aug 23 00:48:16 UTC 2025","629","tests.admin_panel.slides","test_57_create_slide","","","","test_create_slide_invalid_payload[payload18-422]","Негативные тесты: некорректные и неполные payload'ы."
"passed","Sat Aug 23 00:49:11 UTC 2025","Sat Aug 23 00:49:11 UTC 2025","424","tests.one_c","test_create_1c_stock","","","","test_post_bad_request_or_unprocessable[<lambda>0]",""
"passed","Sat Aug 23 00:50:49 UTC 2025","Sat Aug 23 00:50:50 UTC 2025","1174","tests.tickets","test_04_create_ticket","","","","test_create_ticket_success[partner-attachments1-QuestionsAboutTheWorkOfTheStructureAndMentors]","Позитивный тест: создание тикета с разными темами и вложениями для клиента, партнера и админа"
"passed","Sat Aug 23 00:47:56 UTC 2025","Sat Aug 23 00:47:57 UTC 2025","609","tests.admin_panel.sliders","test_53_get_sliders_by_id","","","","test_get_slider_not_found","Негативный тест: слайдер не найден"
"passed","Sat Aug 23 00:46:52 UTC 2025","Sat Aug 23 00:46:52 UTC 2025","145","tests.admin_panel.categories","test_56_v2_create_category","","","","test_v2_create_category_forbidden[partner]","Негативный тест: создание категории не-админом запрещено."
"passed","Sat Aug 23 00:48:40 UTC 2025","Sat Aug 23 00:48:44 UTC 2025","4687","tests.catalog","test_get_admin_product_translation","","","","test_get_admin_product_translation_forbidden[client]","Запрет получения переводов для клиента/партнёра."
"passed","Sat Aug 23 00:47:17 UTC 2025","Sat Aug 23 00:47:17 UTC 2025","794","tests.admin_panel.products","test_40_create_product_brand","","","","test_create_product_brand_success","Позитивный тест: успешное создание бренда (все поля)."
"passed","Sat Aug 23 00:49:16 UTC 2025","Sat Aug 23 00:49:16 UTC 2025","266","tests.stock","test_get_group_orders","","","","test_get_group_orders[admin]","Запрос всех складов для групповых заказов"
"skipped","Sat Aug 23 00:49:24 UTC 2025","Sat Aug 23 00:49:24 UTC 2025","152","tests.statistic","test_team_activations","","","","test_get_team_activation_statistic_negative[payload2-partner]","Негативный тест: ошибка при получении статистики активации команды с невалидным телом запроса"
"passed","Sat Aug 23 00:49:17 UTC 2025","Sat Aug 23 00:49:17 UTC 2025","145","tests.cart","test_get_delivery_cost","","","","test_get_delivery_cost_invalid_payload[admin-payload3]","Негативный тест: некорректные входные данные"
"passed","Sat Aug 23 00:46:59 UTC 2025","Sat Aug 23 00:47:02 UTC 2025","2400","tests.admin_panel.items","test_create_item_translation","","","","test_create_item_translation_success[en]",""
"skipped","Sat Aug 23 00:49:39 UTC 2025","Sat Aug 23 00:49:43 UTC 2025","3582","tests.tickets","test_06_close_ticket","","","","test_close_tickets_negative[admin-ticket_ids0-400]","Негативные тесты: закрытие с некорректными данными"
"passed","Sat Aug 23 00:46:45 UTC 2025","Sat Aug 23 00:46:46 UTC 2025","411","tests.admin_panel","test_accrue_auto_bonus","","","","test_accrue_auto_bonus_unauthorized",""
"passed","Sat Aug 23 00:46:55 UTC 2025","Sat Aug 23 00:46:55 UTC 2025","596","tests.admin_panel.categories","test_49_delete_category","","","","test_delete_category_invalid_id[0]","Негативный тест: удаление несуществующей или некорректной категории."
"passed","Sat Aug 23 00:49:16 UTC 2025","Sat Aug 23 00:49:16 UTC 2025","141","tests.cart","test_get_delivery_cost","","","","test_get_delivery_cost_invalid_payload[admin-payload0]","Негативный тест: некорректные входные данные"
"passed","Sat Aug 23 00:47:20 UTC 2025","Sat Aug 23 00:47:22 UTC 2025","1402","tests.admin_panel.products","test_41_get_product_brand_by_id","","","","test_get_product_brands_by_id_forbidden[partner]","Негативный тест: получение бренда по ID не админом"
"passed","Sat Aug 23 00:49:38 UTC 2025","Sat Aug 23 00:49:39 UTC 2025","955","tests.tickets","test_09_get_ticket_messages","","","","test_get_ticket_messages_positive[client]","Позитивный тест: успешное получение списка сообщений тикета"
"skipped","Sat Aug 23 00:48:43 UTC 2025","Sat Aug 23 00:48:43 UTC 2025","0","tests.catalog","test_create_admin_product","","","","test_create_product_duplicate_slug[ky]",""
"skipped","Sat Aug 23 00:49:01 UTC 2025","Sat Aug 23 00:49:01 UTC 2025","135","tests.orders","test_group_order_change_country","","","","test_change_country_invalid_data[invalid_payload1-client]","Негативные тесты: передача некорректных данных"
"passed","Sat Aug 23 00:46:45 UTC 2025","Sat Aug 23 00:46:46 UTC 2025","1086","tests.admin_panel.categories","test_47_get_categories_by_id","","","","test_get_categories_by_id_success","Позитивный тест: успешное получение категории по ID админом."
"skipped","Sat Aug 23 00:46:43 UTC 2025","Sat Aug 23 00:46:43 UTC 2025","0","tests.account","test_update","","","","test_update_account_positive[partner-payload0]","Позитивные тесты на обновление данных аккаунта"
"skipped","Sat Aug 23 00:49:26 UTC 2025","Sat Aug 23 00:49:26 UTC 2025","145","tests.statistic","test_team_go","","","","test_get_team_go_statistic_negative[payload2-partner]","Негативный тест: ошибка при получении статистики по команде с невалидным телом запроса"
"passed","Sat Aug 23 00:47:57 UTC 2025","Sat Aug 23 00:47:58 UTC 2025","635","tests.admin_panel.sliders","test_52_create_slider","","","","test_create_slider_invalid_payload[payload6-400]","Негативный тест: попытка создать слайдер с невалидным payload."
"passed","Sat Aug 23 00:47:08 UTC 2025","Sat Aug 23 00:47:08 UTC 2025","664","tests.admin_panel.categories","test_80_create_category_translation","","","","test_create_category_translation_invalid_payload[payload1-400]","Негативный тест: создание перевода с невалидным payload."
"passed","Sat Aug 23 00:50:01 UTC 2025","Sat Aug 23 00:50:01 UTC 2025","169","tests.tickets","test_01_get_tickets","","","","test_get_tickets_success[filter1-sort0-search2-pagination0-client]","Позитивный тест: получение списка тикетов с разными комбинациями параметров"
"passed","Sat Aug 23 00:49:31 UTC 2025","Sat Aug 23 00:49:34 UTC 2025","3085","tests.catalog","test_create_admin_product_translation","","","","test_create_admin_product_translation_invalid_payload[payload1-400]","Негативные проверки на создание перевода с некорректным payload."
"passed","Sat Aug 23 00:49:22 UTC 2025","Sat Aug 23 00:49:24 UTC 2025","1736","tests.delivery","test_01_save_delivery_address","","","","test_create_two_addresses_with_different_delivery[partner]","Тест на создание двух адресов с одинаковыми данными, кроме street в delivery"
"passed","Sat Aug 23 00:49:29 UTC 2025","Sat Aug 23 00:49:30 UTC 2025","873","tests.tickets","test_06_close_ticket","","","","test_close_ticket_success[partner]","Позитивный тест: закрытие тикета для клиента, партнера и админа."
"skipped","Sat Aug 23 00:48:44 UTC 2025","Sat Aug 23 00:48:44 UTC 2025","130","tests.for_test","test_get_last_message","","","","test_get_last_message[client]","Ручка для получения последнего сообщения для юзеров в тестовой среде"
"skipped","Sat Aug 23 00:49:13 UTC 2025","Sat Aug 23 00:49:13 UTC 2025","0","tests.stock","test_create_stock","","","","test_create_stock_with_empty_string_log_if_not_200[city.region]",""
"passed","Sat Aug 23 00:48:21 UTC 2025","Sat Aug 23 00:48:22 UTC 2025","919","tests.admin_panel.slides","test_59_update_slide","","","","test_update_slide_invalid_payload[payload5-expected_code5]","Негативный тест: обновление слайда с невалидным или неполным телом запроса."
"passed","Sat Aug 23 00:49:03 UTC 2025","Sat Aug 23 00:49:03 UTC 2025","162","tests.register","test_01_register_form","","","","test_register_form_positive[client-payload0]",""
"passed","Sat Aug 23 00:48:53 UTC 2025","Sat Aug 23 00:48:53 UTC 2025","149","tests.delivery","test_01_save_delivery_address","","","","test_save_delivery_address_negative[client-payload9-500]","Негативные тесты на сохранение адреса доставки (отсутствие обязательных полей, некорректные данные)"
"skipped","Sat Aug 23 00:46:43 UTC 2025","Sat Aug 23 00:46:43 UTC 2025","0","tests.account","test_update_default_stock","","","","test_update_default_stock_positive[partner-payload1]","Позитивные тесты на изменение дефолтного склада"
"passed","Sat Aug 23 00:49:39 UTC 2025","Sat Aug 23 00:49:39 UTC 2025","138","tests.statistic","test_team_activations","","","","test_get_team_activation_statistic_negative[payload6-partner]","Негативный тест: ошибка при получении статистики активации команды с невалидным телом запроса"
"passed","Sat Aug 23 00:50:14 UTC 2025","Sat Aug 23 00:50:15 UTC 2025","1163","tests.tickets","test_04_create_ticket","","","","test_create_ticket_success[client-attachments2-QuestionsAboutTheMarriageContract]","Позитивный тест: создание тикета с разными темами и вложениями для клиента, партнера и админа"
"passed","Sat Aug 23 00:47:49 UTC 2025","Sat Aug 23 00:47:50 UTC 2025","1083","tests.admin_panel.sliders","test_55_delete_sliders","","","","test_delete_slider_success","Позитивный тест: успешное удаление слайдера."
"passed","Sat Aug 23 00:47:44 UTC 2025","Sat Aug 23 00:47:45 UTC 2025","948","tests.admin_panel.promo","test_74_update_promotion","","","","test_update_promotion_invalid_payload[payload0-400]","Негативный тест: обновление акции с невалидным или неполным телом запроса."
"passed","Sat Aug 23 00:49:47 UTC 2025","Sat Aug 23 00:49:48 UTC 2025","967","tests.tickets","test_11_update_message","","","","test_update_message_validation[partner-update_payload0-403]","Негативные тесты: невалидные поля при редактировании сообщения"
"passed","Sat Aug 23 00:47:32 UTC 2025","Sat Aug 23 00:47:33 UTC 2025","675","tests.admin_panel.products","test_43_delete_product_brand","","","","test_delete_product_brand_invalid_id[abc]","Негативный тест: удаление несуществующего или некорректного бренда."
"passed","Sat Aug 23 00:49:22 UTC 2025","Sat Aug 23 00:49:23 UTC 2025","138","tests.statistic","test_team_registrations","","","","test_get_team_registration_statistic_negative[payload0-client]","Негативный тест: ошибка при получении статистики регистрации команды с невалидным телом запроса"
"passed","Sat Aug 23 00:46:48 UTC 2025","Sat Aug 23 00:46:48 UTC 2025","214","tests.account","test_0_family_agreement_get","","","","test_get_family_agreement_positive[payload0-partner]","Позитивные тесты на получение данных о семейном соглашении"
"passed","Sat Aug 23 00:47:58 UTC 2025","Sat Aug 23 00:47:58 UTC 2025","422","tests.admin_panel.slides","test_56_get_slides","","","","test_get_slides_unauthorized","Негативный тест: получение слайдов без авторизации."
"passed","Sat Aug 23 00:46:44 UTC 2025","Sat Aug 23 00:46:47 UTC 2025","3392","tests.account","test_update_avatar","","","","test_update_avatar_positive[client-payload0]","Позитивные тесты на обновление аватара"
"passed","Sat Aug 23 00:48:02 UTC 2025","Sat Aug 23 00:48:03 UTC 2025","605","tests.admin_panel.slides","test_58_get_slides_by_id","","","","test_get_slides_invalid_id[abc]","Негативный тест: невалидный ID в path-параметре."
"passed","Sat Aug 23 00:46:41 UTC 2025","Sat Aug 23 00:46:41 UTC 2025","161","tests.account","test_0_profile","","","","test_get_profile_positive[admin]","Позитивные тесты на получение данных пользовательского аккаунта"
"skipped","Sat Aug 23 00:46:43 UTC 2025","Sat Aug 23 00:46:43 UTC 2025","0","tests.account","test_pass_change","","","","test_change_password_positive[admin-payload0]","Позитивные тесты на изменение пароля"
"passed","Sat Aug 23 00:49:06 UTC 2025","Sat Aug 23 00:49:07 UTC 2025","144","tests.cart","test_get_delivery_cost","","","","test_get_delivery_cost_invalid_payload[client-payload1]","Негативный тест: некорректные входные данные"
"passed","Sat Aug 23 00:48:33 UTC 2025","Sat Aug 23 00:48:38 UTC 2025","5046","tests.catalog","test_update_admin_product","","","","test_update_admin_product_type_not_allowed",""
"passed","Sat Aug 23 00:50:27 UTC 2025","Sat Aug 23 00:50:27 UTC 2025","534","tests.tickets","test_04_create_ticket","","","","test_create_ticket_success[partner-attachments0-QuestionsAboutTheHousingAndCarProgram]","Позитивный тест: создание тикета с разными темами и вложениями для клиента, партнера и админа"
"passed","Sat Aug 23 00:49:33 UTC 2025","Sat Aug 23 00:49:33 UTC 2025","145","tests.statistic","test_team_registrations","","","","test_get_team_registration_statistic_negative[payload5-client]","Негативный тест: ошибка при получении статистики регистрации команды с невалидным телом запроса"
"passed","Sat Aug 23 00:47:07 UTC 2025","Sat Aug 23 00:47:07 UTC 2025","414","tests.admin_panel.categories","test_80_create_category_translation","","","","test_create_category_translation_unauthorized","Негативный тест: создание перевода без авторизации."
"skipped","Sat Aug 23 00:46:43 UTC 2025","Sat Aug 23 00:46:43 UTC 2025","0","tests.account","test_get_languages","","","","test_get_languages_success[partner-123-400]","Возвращает список языков, доступных для перевода"
"skipped","Sat Aug 23 00:46:46 UTC 2025","Sat Aug 23 00:46:46 UTC 2025","0","tests.account","test_family_agreement_create_one","","","","test_create_family_agreement_one_positive[admin-payload1]","Позитивные тесты на создание семейного соглашения при отсутствующем втором партнере"
"skipped","Sat Aug 23 00:49:07 UTC 2025","Sat Aug 23 00:49:07 UTC 2025","146","tests.register","test_01_register_form","","","","test_register_form_negative[client-payload3-400]",""
"passed","Sat Aug 23 00:47:11 UTC 2025","Sat Aug 23 00:47:11 UTC 2025","650","tests.admin_panel.categories","test_80_create_category_translation","","","","test_create_category_translation_invalid_payload[payload6-422]","Негативный тест: создание перевода с невалидным payload."
"passed","Sat Aug 23 00:46:48 UTC 2025","Sat Aug 23 00:46:48 UTC 2025","145","tests.account","test_0_grades_rating","","","","test_get_grades_rating_positive[admin]","Позитивные тесты на получение рейтинга квалификаций"
"passed","Sat Aug 23 00:47:12 UTC 2025","Sat Aug 23 00:47:12 UTC 2025","792","tests.admin_panel.items","test_create_item","","","","test_create_item_invalid_payload[payload6-expected_code6]","
    Негативный тест: создание варианта с невалидным телом запроса.
    Если сервер внезапно вернул успех — удаляем созданный item из БД.
    "
"skipped","Sat Aug 23 00:46:43 UTC 2025","Sat Aug 23 00:46:43 UTC 2025","0","tests.account","test_history_admin","","","","test_get_admin_history_positive[partner-payload1]","Позитивные тесты на получение истории бонусов для админа"
"passed","Sat Aug 23 00:49:30 UTC 2025","Sat Aug 23 00:49:31 UTC 2025","693","tests.tickets","test_07_delete_ticket","","","","test_delete_ticket_not_admin[client]","Негативный тест: попытка удаления тикета клиентом, партнёром"
"passed","Sat Aug 23 00:48:20 UTC 2025","Sat Aug 23 00:48:21 UTC 2025","958","tests.admin_panel.sliders","test_54_update_slider","","","","test_update_slider_invalid_payload[payload9-400]","Негативный тест: обновление слайдера с невалидным или неполным телом запроса."
"passed","Sat Aug 23 00:48:28 UTC 2025","Sat Aug 23 00:48:31 UTC 2025","3613","tests.catalog","test_create_admin_product","","","","test_create_admin_product_minimal_payload_variants[slug+mixed_named_categories]",""
"passed","Sat Aug 23 00:47:22 UTC 2025","Sat Aug 23 00:47:25 UTC 2025","3075","tests.admin_panel.items","test_get_item_translation","","","","test_get_item_translation_invalid_id[0]",""
"passed","Sat Aug 23 00:46:39 UTC 2025","Sat Aug 23 00:46:39 UTC 2025","148","tests.account","test_0_funds_transfer_withdrawal_info","","","","test_get_withdrawal_info_positive[client-403]","Позитивные тесты на получение информации о выводе средств"
"failed","Sat Aug 23 00:48:31 UTC 2025","Sat Aug 23 00:48:31 UTC 2025","0","tests.catalog","test_create_admin_product","","","","test_create_admin_product_forbidden_for_non_admin[partner]",""
"passed","Sat Aug 23 00:51:33 UTC 2025","Sat Aug 23 00:51:34 UTC 2025","557","tests.tickets","test_04_create_ticket","","","","test_create_ticket_success[admin-attachments0-ChangePersonalData]","Позитивный тест: создание тикета с разными темами и вложениями для клиента, партнера и админа"
"passed","Sat Aug 23 00:50:21 UTC 2025","Sat Aug 23 00:50:22 UTC 2025","1156","tests.tickets","test_04_create_ticket","","","","test_create_ticket_success[client-attachments2-ReceivingDefectiveProductsOrShortage]","Позитивный тест: создание тикета с разными темами и вложениями для клиента, партнера и админа"
"passed","Sat Aug 23 00:47:48 UTC 2025","Sat Aug 23 00:47:50 UTC 2025","2226","tests.admin_panel.slides","test_0_slides_sort","","","","test_slides_sort_success","Позитивный тест: успешная сортировка слайдов в слайдере."
"skipped","Sat Aug 23 00:46:43 UTC 2025","Sat Aug 23 00:46:43 UTC 2025","0","tests.account","test_family_agreement_update_status","","","","test_update_family_agreement_status_positive[partner-payload0]","Позитивные тесты на изменение статуса семейного соглашения"
"passed","Sat Aug 23 00:48:52 UTC 2025","Sat Aug 23 00:48:55 UTC 2025","3279","tests.delivery","test_02_get_delivery_address","","","","test_get_delivery_addresses_pagination[client]","Тест: корректная работа пагинации"
"skipped","Sat Aug 23 00:49:42 UTC 2025","Sat Aug 23 00:49:43 UTC 2025","647","tests.tickets","test_09_get_ticket_messages","","","","test_get_ticket_messages_invalid_id","Негативный тест: запрос с несуществующим ID тикета"
"passed","Sat Aug 23 00:47:12 UTC 2025","Sat Aug 23 00:47:16 UTC 2025","3355","tests.admin_panel.categories","test_50_upload_category_images","","","","test_upload_category_images_file_too_large[4.7-fields_to_send0-204]","Негативный тест: загрузка слишком большого изображения."
"passed","Sat Aug 23 00:49:29 UTC 2025","Sat Aug 23 00:49:29 UTC 2025","139","tests.statistic","test_team_registrations","","","","test_get_team_registration_statistic_negative[payload3-partner]","Негативный тест: ошибка при получении статистики регистрации команды с невалидным телом запроса"
"passed","Sat Aug 23 00:47:18 UTC 2025","Sat Aug 23 00:47:20 UTC 2025","1428","tests.admin_panel.products","test_41_get_product_brand_by_id","","","","test_get_product_brands_by_id_forbidden[client]","Негативный тест: получение бренда по ID не админом"
"passed","Sat Aug 23 00:51:28 UTC 2025","Sat Aug 23 00:51:29 UTC 2025","527","tests.tickets","test_04_create_ticket","","","","test_create_ticket_success[admin-attachments0-QuestionsAboutProducts]","Позитивный тест: создание тикета с разными темами и вложениями для клиента, партнера и админа"
"passed","Sat Aug 23 00:47:52 UTC 2025","Sat Aug 23 00:47:55 UTC 2025","3121","tests.admin_panel.sliders","test_54_update_slider","","","","test_update_slider_invalid_id[-1]","Негативный тест: несуществующий или некорректный ID."
"passed","Sat Aug 23 00:47:11 UTC 2025","Sat Aug 23 00:47:12 UTC 2025","812","tests.admin_panel.items","test_create_item","","","","test_create_item_invalid_payload[payload5-expected_code5]","
    Негативный тест: создание варианта с невалидным телом запроса.
    Если сервер внезапно вернул успех — удаляем созданный item из БД.
    "
"passed","Sat Aug 23 00:47:52 UTC 2025","Sat Aug 23 00:47:53 UTC 2025","572","tests.admin_panel.sliders","test_53_get_sliders_by_id","","","","test_get_sliders_invalid_id[abc]","Негативный тест: получение слайдера по невалидному ID"
"passed","Sat Aug 23 00:48:08 UTC 2025","Sat Aug 23 00:48:08 UTC 2025","171","tests.auth","test_05_logout","","","","test_logout_success[partner]","Тест разлогинивания с валидным токеном (клиент, партнёр, админ)"
"skipped","Sat Aug 23 00:49:13 UTC 2025","Sat Aug 23 00:49:13 UTC 2025","0","tests.stock","test_delete_stock","","","","test_delete_stock_success",""
"skipped","Sat Aug 23 00:46:46 UTC 2025","Sat Aug 23 00:46:46 UTC 2025","0","tests.account","test_family_agreement_create_one","","","","test_create_family_agreement_one_positive[partner-payload0]","Позитивные тесты на создание семейного соглашения при отсутствующем втором партнере"
"passed","Sat Aug 23 00:47:26 UTC 2025","Sat Aug 23 00:47:28 UTC 2025","2510","tests.admin_panel.items","test_delete_item_translation","","","","test_delete_item_translation_forbidden[partner]","Негативный тест: удаление перевода не-админом запрещено."
"passed","Sat Aug 23 00:47:35 UTC 2025","Sat Aug 23 00:47:36 UTC 2025","973","tests.admin_panel.promo","test_75_delete_promotion_by_id","","","","test_delete_promotion_forbidden[client]","Негативный тест: попытка удаления акции не-админом."
"passed","Sat Aug 23 00:50:27 UTC 2025","Sat Aug 23 00:50:27 UTC 2025","161","tests.tickets","test_01_get_tickets","","","","test_get_tickets_success[filter2-sort0-search2-pagination0-partner]","Позитивный тест: получение списка тикетов с разными комбинациями параметров"
"passed","Sat Aug 23 00:50:39 UTC 2025","Sat Aug 23 00:50:39 UTC 2025","168","tests.tickets","test_01_get_tickets","","","","test_get_tickets_success[filter2-sort1-search0-pagination1-admin]","Позитивный тест: получение списка тикетов с разными комбинациями параметров"
"skipped","Sat Aug 23 00:48:46 UTC 2025","Sat Aug 23 00:48:46 UTC 2025","0","tests.integration","test_auth_01_full_auth_cycle","","","","test_full_auth_flow[authorize_admin]","Сценарный тест: полный цикл авторизации и выхода"
"passed","Sat Aug 23 00:48:43 UTC 2025","Sat Aug 23 00:48:43 UTC 2025","153","tests.delivery","test_02_get_delivery_address","","","","test_get_empty_delivery_addresses[partner]","Тест: получение пустого списка"
"skipped","Sat Aug 23 00:46:43 UTC 2025","Sat Aug 23 00:46:43 UTC 2025","0","tests.account","test_history_group_volumes","","","","test_get_group_volumes_history_positive[client-payload1]","Позитивные тесты на получение истории начисления групповых объемов"
"passed","Sat Aug 23 00:48:52 UTC 2025","Sat Aug 23 00:48:52 UTC 2025","149","tests.delivery","test_01_save_delivery_address","","","","test_save_delivery_address_negative[client-payload7-500]","Негативные тесты на сохранение адреса доставки (отсутствие обязательных полей, некорректные данные)"
"passed","Sat Aug 23 00:50:45 UTC 2025","Sat Aug 23 00:50:47 UTC 2025","1185","tests.tickets","test_04_create_ticket","","","","test_create_ticket_success[partner-attachments1-QuestionsAboutInternationalDelivery]","Позитивный тест: создание тикета с разными темами и вложениями для клиента, партнера и админа"
"passed","Sat Aug 23 00:46:52 UTC 2025","Sat Aug 23 00:46:53 UTC 2025","1006","tests.admin_panel.categories","test_57_v2_update_category","","","","test_v2_update_category_success","Позитивный тест: успешное обновление категории (все поля)."
"passed","Sat Aug 23 00:47:25 UTC 2025","Sat Aug 23 00:47:26 UTC 2025","671","tests.admin_panel.products","test_41_get_product_brand_by_id","","","","test_get_product_brand_not_found","Негативный тест: бренд не найден"
"passed","Sat Aug 23 00:46:40 UTC 2025","Sat Aug 23 00:46:40 UTC 2025","467","tests.PROJECT_FUND.initiatives","test_get_initiative_by_id","","","","test_get_initiative_by_invalid_id[-1-https://dev.ewahelps.com/api]",""
"skipped","Sat Aug 23 00:46:43 UTC 2025","Sat Aug 23 00:46:44 UTC 2025","675","tests.admin_panel","test_accrue_auto_bonus","","","","test_accrue_auto_bonus_for_client",""
"passed","Sat Aug 23 00:47:22 UTC 2025","Sat Aug 23 00:47:23 UTC 2025","599","tests.admin_panel.items","test_create_item_translation","","","","test_create_item_translation_invalid_payload[payload2-code2]","Негативный тест: создание перевода с невалидным payload."
"passed","Sat Aug 23 00:49:00 UTC 2025","Sat Aug 23 00:49:00 UTC 2025","152","tests.delivery","test_01_save_delivery_address","","","","test_save_delivery_address_negative[partner-payload8-500]","Негативные тесты на сохранение адреса доставки (отсутствие обязательных полей, некорректные данные)"
"passed","Sat Aug 23 00:48:36 UTC 2025","Sat Aug 23 00:48:37 UTC 2025","996","tests.admin_panel.slides","test_59_update_slide","","","","test_update_slide_invalid_payload[payload15-422]","Негативный тест: обновление слайда с невалидным или неполным телом запроса."
"passed","Sat Aug 23 00:48:21 UTC 2025","Sat Aug 23 00:48:21 UTC 2025","259","tests.auth","test_02_login","","","","test_partner_login[partner-2877-123123-200]",""
"skipped","Sat Aug 23 00:49:43 UTC 2025","Sat Aug 23 00:49:43 UTC 2025","0","tests.tickets","test_11_update_message","","","","test_update_message_role_permissions[authorize_partner-200]","Проверка прав на редактирование сообщения в тикете"
"skipped","Sat Aug 23 00:48:55 UTC 2025","Sat Aug 23 00:48:55 UTC 2025","0","tests.cart","test_user_locale","","","","test_update_user_locale_valid_payload[payload4]","
    Позитивный тест: Обновление языка/склада/локали НЕавторизованным пользователем с указанной корзиной в cookie.
    "
"passed","Sat Aug 23 00:48:50 UTC 2025","Sat Aug 23 00:48:54 UTC 2025","4619","tests.catalog","test_update_admin_product","","","","test_update_admin_product_forbidden[client]",""
"passed","Sat Aug 23 00:47:03 UTC 2025","Sat Aug 23 00:47:04 UTC 2025","621","tests.admin_panel.categories","test_57_v2_update_category","","","","test_v2_update_category_invalid_id[0]","Негативный тест: несуществующий или некорректный ID."
"passed","Sat Aug 23 00:47:33 UTC 2025","Sat Aug 23 00:47:34 UTC 2025","1139","tests.admin_panel.promo","test_75_delete_promotion_by_id","","","","test_delete_promotion_success","Позитивный тест: успешное удаление акции."
"passed","Sat Aug 23 00:50:13 UTC 2025","Sat Aug 23 00:50:13 UTC 2025","165","tests.tickets","test_01_get_tickets","","","","test_get_tickets_success[filter1-sort1-search1-pagination1-admin]","Позитивный тест: получение списка тикетов с разными комбинациями параметров"
"passed","Sat Aug 23 00:49:35 UTC 2025","Sat Aug 23 00:49:38 UTC 2025","2693","tests.tickets","test_10_send_message_to_ticket","","","","test_send_message_role_permissions[authorize_client-authorize_client-200]","Проверка доступа к отправке сообщений в тикеты в зависимости от роли"
"passed","Sat Aug 23 00:48:40 UTC 2025","Sat Aug 23 00:48:41 UTC 2025","821","tests.catalog","test_create_admin_product","","","","test_create_product_invalid_payload[payload6-422]",""
"failed","Sat Aug 23 00:48:26 UTC 2025","Sat Aug 23 00:48:31 UTC 2025","5291","tests.catalog","test_update_admin_product","","","","test_update_admin_product_full_payload",""
"passed","Sat Aug 23 00:49:01 UTC 2025","Sat Aug 23 00:49:01 UTC 2025","142","tests.cart","test_user_locale","","","","test_update_user_locale_invalid_payload[partner-payload1-400]","Негативный тест: обновление локали с невалидным payload."
"passed","Sat Aug 23 00:50:12 UTC 2025","Sat Aug 23 00:50:13 UTC 2025","158","tests.tickets","test_01_get_tickets","","","","test_get_tickets_success[filter1-sort1-search1-pagination1-partner]","Позитивный тест: получение списка тикетов с разными комбинациями параметров"
"passed","Sat Aug 23 00:48:26 UTC 2025","Sat Aug 23 00:48:27 UTC 2025","618","tests.admin_panel.slides","test_57_create_slide","","","","test_create_slide_title_color_validation[ -400]","Валидация поля title_color при создании слайда."
"passed","Sat Aug 23 00:49:18 UTC 2025","Sat Aug 23 00:49:18 UTC 2025","158","tests.statistic","test_team_go","","","","test_get_team_go_statistic_positive[payload2-partner]","Позитивный тест: получение статистики по команде с валидным телом запроса"
"passed","Sat Aug 23 00:47:25 UTC 2025","Sat Aug 23 00:47:29 UTC 2025","3405","tests.admin_panel.categories","test_50_upload_category_images","","","","test_upload_category_images_file_too_large[4.7-fields_to_send4-204]","Негативный тест: загрузка слишком большого изображения."
"passed","Sat Aug 23 00:47:36 UTC 2025","Sat Aug 23 00:47:36 UTC 2025","653","tests.admin_panel.promo","test_76_get_promotion_items","","","","test_get_promotion_item_invalid_id[abc-abc]","Негативный тест: получение элемента с невалидным ID."
"skipped","Sat Aug 23 00:46:40 UTC 2025","Sat Aug 23 00:46:40 UTC 2025","0","tests.account","test_0_marathon","","","","test_create_product_brand_invalid_payload[params4-400-admin]",""
"passed","Sat Aug 23 00:48:48 UTC 2025","Sat Aug 23 00:48:48 UTC 2025","141","tests.delivery","test_01_save_delivery_address","","","","test_save_delivery_address_negative[client-payload1-400]","Негативные тесты на сохранение адреса доставки (отсутствие обязательных полей, некорректные данные)"
"passed","Sat Aug 23 00:51:01 UTC 2025","Sat Aug 23 00:51:02 UTC 2025","1235","tests.tickets","test_04_create_ticket","","","","test_create_ticket_success[partner-attachments1-ReceivingProductsShortage]","Позитивный тест: создание тикета с разными темами и вложениями для клиента, партнера и админа"
"passed","Sat Aug 23 00:49:32 UTC 2025","Sat Aug 23 00:49:32 UTC 2025","167","tests.tickets","test_01_get_tickets","","","","test_get_tickets_success[filter0-sort0-search1-pagination1-partner]","Позитивный тест: получение списка тикетов с разными комбинациями параметров"
"passed","Sat Aug 23 00:49:37 UTC 2025","Sat Aug 23 00:49:37 UTC 2025","139","tests.statistic","test_team_registrations","","","","test_get_team_registration_statistic_negative[payload7-client]","Негативный тест: ошибка при получении статистики регистрации команды с невалидным телом запроса"
"passed","Sat Aug 23 00:49:20 UTC 2025","Sat Aug 23 00:49:20 UTC 2025","144","tests.stock","test_get_stock_by_id","","","","test_get_stock_by_id[admin]","Запрос склада по ID"
"passed","Sat Aug 23 00:50:19 UTC 2025","Sat Aug 23 00:50:19 UTC 2025","168","tests.tickets","test_01_get_tickets","","","","test_get_tickets_success[filter2-sort0-search0-pagination0-admin]","Позитивный тест: получение списка тикетов с разными комбинациями параметров"
"passed","Sat Aug 23 00:46:40 UTC 2025","Sat Aug 23 00:46:40 UTC 2025","186","tests.account","test_0_funds_transfer_withdrawal_info","","","","test_get_withdrawal_info_positive[partner-200]","Позитивные тесты на получение информации о выводе средств"
"passed","Sat Aug 23 00:49:42 UTC 2025","Sat Aug 23 00:49:42 UTC 2025","890","tests.tickets","test_12_delete_message","","","","test_delete_ticket_message_not_admin[partner]","Негативный тест: клиент/партнёр пытается удалить своё сообщение"
"passed","Sat Aug 23 00:49:28 UTC 2025","Sat Aug 23 00:49:33 UTC 2025","4660","tests.catalog","test_update_admin_product","","","","test_update_admin_product_invalid_payload[update_payload3-400]",""
"skipped","Sat Aug 23 00:46:43 UTC 2025","Sat Aug 23 00:46:43 UTC 2025","0","tests.account","test_family_agreement_update_status","","","","test_update_family_agreement_status_positive[client-payload1]","Позитивные тесты на изменение статуса семейного соглашения"
"passed","Sat Aug 23 00:47:29 UTC 2025","Sat Aug 23 00:47:30 UTC 2025","1035","tests.admin_panel.products","test_42_update_product_brand","","","","test_update_product_brand_invalid_payload[payload3-expected_code3]","Негативный тест: обновление бренда с невалидным или неполным телом запроса."
"passed","Sat Aug 23 00:49:20 UTC 2025","Sat Aug 23 00:49:20 UTC 2025","424","tests.temporary","test_get_account_exist","","","","test_account_exist[1-200]",""
"passed","Sat Aug 23 00:49:41 UTC 2025","Sat Aug 23 00:49:41 UTC 2025","173","tests.tickets","test_01_get_tickets","","","","test_get_tickets_success[filter0-sort1-search0-pagination1-admin]","Позитивный тест: получение списка тикетов с разными комбинациями параметров"
"passed","Sat Aug 23 00:48:04 UTC 2025","Sat Aug 23 00:48:05 UTC 2025","1122","tests.admin_panel.slides","test_62_slides_get_upload_urls","","","","test_get_upload_urls_invalid_files[data1-400]","Негативный тест: пустой список файлов, отсутствие 'filenames' в теле запроса."
"passed","Sat Aug 23 00:48:03 UTC 2025","Sat Aug 23 00:48:03 UTC 2025","610","tests.admin_panel.slides","test_58_get_slides_by_id","","","","test_get_slides_invalid_id[-1]","Негативный тест: невалидный ID в path-параметре."
"passed","Sat Aug 23 00:49:21 UTC 2025","Sat Aug 23 00:49:21 UTC 2025","407","tests.temporary","test_get_account_exist","","","","test_account_exist[abc-400]",""
"passed","Sat Aug 23 00:47:15 UTC 2025","Sat Aug 23 00:47:15 UTC 2025","413","tests.admin_panel.items","test_delete_item_translation","","","","test_delete_item_translation_unauthorized","Негативный тест: удаление перевода без авторизации."
"passed","Sat Aug 23 00:50:08 UTC 2025","Sat Aug 23 00:50:09 UTC 2025","170","tests.tickets","test_01_get_tickets","","","","test_get_tickets_success[filter1-sort1-search0-pagination1-partner]","Позитивный тест: получение списка тикетов с разными комбинациями параметров"
"passed","Sat Aug 23 00:49:41 UTC 2025","Sat Aug 23 00:49:41 UTC 2025","165","tests.tickets","test_01_get_tickets","","","","test_get_tickets_success[filter0-sort1-search0-pagination1-partner]","Позитивный тест: получение списка тикетов с разными комбинациями параметров"
"passed","Sat Aug 23 00:48:12 UTC 2025","Sat Aug 23 00:48:12 UTC 2025","232","tests.auth","test_03_token_auth","","","","test_auth_by_valid_token[client]","Тест успешной авторизации по валидному токену"
"passed","Sat Aug 23 00:48:50 UTC 2025","Sat Aug 23 00:48:53 UTC 2025","3334","tests.cart","test_user_locale","","","","test_update_user_locale_valid_payload_1[partner-payload5]","
    Позитивный тест: Обновление языка/склада/локали авторизованным пользователем."
"passed","Sat Aug 23 00:48:14 UTC 2025","Sat Aug 23 00:48:14 UTC 2025","146","tests.auth","test_02_login","","","","test_admin_login[admin-Admin--401]",""
"passed","Sat Aug 23 00:47:48 UTC 2025","Sat Aug 23 00:47:54 UTC 2025","5748","tests.admin_panel.products","test_44_upload_product_brand_images","","","","test_upload_product_brand_images_various_fields[4.7-fields_to_send0-204]","Негативный тест. Загрузка слишком большого изображения."
"passed","Sat Aug 23 00:47:41 UTC 2025","Sat Aug 23 00:47:42 UTC 2025","908","tests.admin_panel.promo","test_77_create_promotion_item","","","","test_create_promotion_item_invalid_payload[payload5-422]",""
"skipped","Sat Aug 23 00:46:43 UTC 2025","Sat Aug 23 00:46:43 UTC 2025","0","tests.account","test_token","","","","test_add_token_positive[admin-payload0]","Позитивные тесты на добавление токена"
"passed","Sat Aug 23 00:48:12 UTC 2025","Sat Aug 23 00:48:13 UTC 2025","940","tests.admin_panel.sliders","test_54_update_slider","","","","test_update_slider_invalid_payload[payload5-400]","Негативный тест: обновление слайдера с невалидным или неполным телом запроса."
"passed","Sat Aug 23 00:49:06 UTC 2025","Sat Aug 23 00:49:06 UTC 2025","139","tests.cart","test_user_locale","","","","test_update_user_locale_invalid_payload[partner-payload4-400]","Негативный тест: обновление локали с невалидным payload."
"passed","Sat Aug 23 00:47:55 UTC 2025","Sat Aug 23 00:47:56 UTC 2025","595","tests.admin_panel.sliders","test_55_delete_sliders","","","","test_delete_slider_invalid_id[abc]","Негативный тест: удаление несуществующего или некорректного слайдера."
"passed","Sat Aug 23 00:49:17 UTC 2025","Sat Aug 23 00:49:18 UTC 2025","408","tests.one_c","test_create_1c_stock","","","","test_post_address_city_id_mismatch_explicit",""
"passed","Sat Aug 23 00:48:29 UTC 2025","Sat Aug 23 00:48:35 UTC 2025","5452","tests.catalog","test_delete_admin_product_translation","","","","test_delete_admin_product_translation_forbidden[partner]","Удаление перевода не-админом — должно вернуть 403."
"skipped","Sat Aug 23 00:49:19 UTC 2025","Sat Aug 23 00:49:19 UTC 2025","0","tests.stock","test_update_stock","","","","test_update_stock_invalid_id[0]",""
"passed","Sat Aug 23 00:49:28 UTC 2025","Sat Aug 23 00:49:28 UTC 2025","140","tests.statistic","test_team_activations","","","","test_get_team_activation_statistic_negative[payload3-client]","Негативный тест: ошибка при получении статистики активации команды с невалидным телом запроса"
"passed","Sat Aug 23 00:47:37 UTC 2025","Sat Aug 23 00:47:38 UTC 2025","990","tests.admin_panel.promo","test_74_update_promotion","","","","test_update_promotion_forbidden[client]","Негативный тест: попытка обновления акции не-админом."
"passed","Sat Aug 23 00:48:33 UTC 2025","Sat Aug 23 00:48:35 UTC 2025","1722","tests.cart","test_get_delivery_cost","","","","test_get_delivery_cost_success_partial_payload[client-payload3-200]","Позитивный тест: успешное получение ТК при неполном наборе (город без региона, без ID и т.п.)"
"passed","Sat Aug 23 00:47:09 UTC 2025","Sat Aug 23 00:47:11 UTC 2025","2254","tests.admin_panel.items","test_create_item_translation","","","","test_create_item_translation_success[ky]",""
"passed","Sat Aug 23 00:49:03 UTC 2025","Sat Aug 23 00:49:04 UTC 2025","309","tests.cart","test_get_delivery_cost","","","","test_get_delivery_cost_success_partial_payload[admin-payload6-400]","Позитивный тест: успешное получение ТК при неполном наборе (город без региона, без ID и т.п.)"
"passed","Sat Aug 23 00:48:17 UTC 2025","Sat Aug 23 00:48:17 UTC 2025","127","tests.auth","test_02_login","","","","test_admin_login[admin---400]",""
"passed","Sat Aug 23 00:47:47 UTC 2025","Sat Aug 23 00:47:48 UTC 2025","945","tests.admin_panel.promo","test_74_update_promotion","","","","test_update_promotion_invalid_payload[payload3-400]","Негативный тест: обновление акции с невалидным или неполным телом запроса."
"passed","Sat Aug 23 00:47:51 UTC 2025","Sat Aug 23 00:47:52 UTC 2025","916","tests.admin_panel.promo","test_74_update_promotion","","","","test_update_promotion_invalid_payload[payload7-400]","Негативный тест: обновление акции с невалидным или неполным телом запроса."
"passed","Sat Aug 23 00:48:42 UTC 2025","Sat Aug 23 00:48:42 UTC 2025","155","tests.delivery","test_02_get_delivery_address","","","","test_get_empty_delivery_addresses[client]","Тест: получение пустого списка"
"passed","Sat Aug 23 00:49:50 UTC 2025","Sat Aug 23 00:49:51 UTC 2025","1278","tests.tickets","test_04_create_ticket","","","","test_create_ticket_success[client-attachments1-QuestionsAboutTheWorkOfTheStructureAndMentors]","Позитивный тест: создание тикета с разными темами и вложениями для клиента, партнера и админа"
"passed","Sat Aug 23 00:47:24 UTC 2025","Sat Aug 23 00:47:24 UTC 2025","595","tests.admin_panel.products","test_41_get_product_brand_by_id","","","","test_get_product_brand_invalid_id[None]","Негативный тест: получение бренда по невалидному ID"
"passed","Sat Aug 23 00:49:03 UTC 2025","Sat Aug 23 00:49:04 UTC 2025","671","tests.register","test_02_register_partner","","","","test_register_partner_negative[payload0-400]","Тест: негативные тесты для регистрации партнера вручную"
"passed","Sat Aug 23 00:51:37 UTC 2025","Sat Aug 23 00:51:39 UTC 2025","1163","tests.tickets","test_04_create_ticket","","","","test_create_ticket_success[admin-attachments1-QuestionsAboutPaymentsToIP]","Позитивный тест: создание тикета с разными темами и вложениями для клиента, партнера и админа"
"passed","Sat Aug 23 00:46:54 UTC 2025","Sat Aug 23 00:46:54 UTC 2025","589","tests.admin_panel.categories","test_47_get_categories_by_id","","","","test_get_categories_invalid_id[1.5]","Негативный тест: получение категории по невалидному ID."
"passed","Sat Aug 23 00:48:05 UTC 2025","Sat Aug 23 00:48:06 UTC 2025","656","tests.admin_panel.slides","test_60_delete_slides","","","","test_delete_slide_invalid_id[9999999]","Негативный тест: удаление несуществующего или некорректного слайда."
"skipped","Sat Aug 23 00:46:43 UTC 2025","Sat Aug 23 00:46:43 UTC 2025","0","tests.account","test_history_group_volumes_admin","","","","test_get_group_volumes_history_admin_positive[partner-payload1]","Позитивные тесты на получение истории начисления групповых объемов для админа"
"passed","Sat Aug 23 00:47:37 UTC 2025","Sat Aug 23 00:47:38 UTC 2025","1008","tests.admin_panel.promo","test_75_delete_promotion_by_id","","","","test_delete_promotion_forbidden[partner]","Негативный тест: попытка удаления акции не-админом."
"passed","Sat Aug 23 00:49:26 UTC 2025","Sat Aug 23 00:49:27 UTC 2025","1307","tests.tickets","test_07_delete_ticket","","","","test_delete_ticket_positive","Позитивный тест: успешное удаление тикета"
"passed","Sat Aug 23 00:46:41 UTC 2025","Sat Aug 23 00:46:42 UTC 2025","664","tests.PROJECT_FUND.initiatives","test_get_report_by_id","","","","test_get_report_by_invalid_id[0-https://dev.ewahelps.com/api]","Негативный тест: невалидный или несуществующий path-параметр"
"passed","Sat Aug 23 00:49:36 UTC 2025","Sat Aug 23 00:49:36 UTC 2025","138","tests.statistic","test_team_registrations","","","","test_get_team_registration_statistic_negative[payload6-admin]","Негативный тест: ошибка при получении статистики регистрации команды с невалидным телом запроса"
"passed","Sat Aug 23 00:49:13 UTC 2025","Sat Aug 23 00:49:13 UTC 2025","145","tests.statistic","test_team_registrations","","","","test_get_team_registration_statistic_positive[payload0-partner]","Позитивный тест: получение статистики по регистрации команды с валидным телом запроса"
"passed","Sat Aug 23 00:47:59 UTC 2025","Sat Aug 23 00:48:00 UTC 2025","604","tests.admin_panel.sliders","test_52_create_slider","","","","test_create_slider_invalid_payload[payload9-400]","Негативный тест: попытка создать слайдер с невалидным payload."
"passed","Sat Aug 23 00:49:36 UTC 2025","Sat Aug 23 00:49:37 UTC 2025","591","tests.catalog","test_create_admin_product_translation","","","","test_create_admin_product_translation_invalid_payload[payload6-422]","Негативные проверки на создание перевода с некорректным payload."
"skipped","Sat Aug 23 00:49:34 UTC 2025","Sat Aug 23 00:49:34 UTC 2025","653","tests.tickets","test_07_delete_ticket","","","","test_delete_tickets_negative[ticket_ids1-400]","Негативные тесты: удаление с некорректными данными"
"passed","Sat Aug 23 00:49:44 UTC 2025","Sat Aug 23 00:49:44 UTC 2025","165","tests.tickets","test_01_get_tickets","","","","test_get_tickets_success[filter0-sort1-search1-pagination1-client]","Позитивный тест: получение списка тикетов с разными комбинациями параметров"
"passed","Sat Aug 23 00:49:12 UTC 2025","Sat Aug 23 00:49:12 UTC 2025","403","tests.one_c","test_create_1c_stock","","","","test_post_bad_request_or_unprocessable[<lambda>2]",""
"passed","Sat Aug 23 00:48:45 UTC 2025","Sat Aug 23 00:48:45 UTC 2025","145","tests.delivery","test_02_get_delivery_address","","","","test_get_delivery_addresses_invalid_pagination[invalid_pagination0-admin]","Негативные тесты: передача некорректных параметров пагинации"
"passed","Sat Aug 23 00:49:06 UTC 2025","Sat Aug 23 00:49:11 UTC 2025","5020","tests.catalog","test_create_admin_product_translation","","","","test_create_admin_product_translation_success[mn]","Создание и обновление перевода продукта на разных языках."
"passed","Sat Aug 23 00:46:44 UTC 2025","Sat Aug 23 00:46:44 UTC 2025","626","tests.admin_panel.categories","test_45_get_categories","","","","test_get_categories_success","Позитивный тест: успешное получение списка категорий админом."
"skipped","Sat Aug 23 00:49:14 UTC 2025","Sat Aug 23 00:49:14 UTC 2025","0","tests.stock","test_create_stock","","","","test_create_stock_with_empty_string_log_if_not_200[address.station]",""
"skipped","Sat Aug 23 00:52:28 UTC 2025","Sat Aug 23 00:52:28 UTC 2025","0","tests.tickets","test_04_create_ticket","","","","test_create_ticket_invalid_title[partner-]","Негативный тест: создание тикета без заголовка"
"skipped","Sat Aug 23 00:49:13 UTC 2025","Sat Aug 23 00:49:13 UTC 2025","0","tests.stock","test_create_stock","","","","test_create_stock_with_empty_string_log_if_not_200[city.id]",""
"passed","Sat Aug 23 00:48:31 UTC 2025","Sat Aug 23 00:48:32 UTC 2025","983","tests.admin_panel.slides","test_59_update_slide","","","","test_update_slide_invalid_payload[payload13-400]","Негативный тест: обновление слайда с невалидным или неполным телом запроса."
"passed","Sat Aug 23 00:48:25 UTC 2025","Sat Aug 23 00:48:26 UTC 2025","1041","tests.admin_panel.slides","test_59_update_slide","","","","test_update_slide_invalid_payload[payload7-expected_code7]","Негативный тест: обновление слайда с невалидным или неполным телом запроса."
"passed","Sat Aug 23 00:50:09 UTC 2025","Sat Aug 23 00:50:10 UTC 2025","1094","tests.tickets","test_04_create_ticket","","","","test_create_ticket_success[client-attachments2-QuestionsAboutInternationalDelivery]","Позитивный тест: создание тикета с разными темами и вложениями для клиента, партнера и админа"
"skipped","Sat Aug 23 00:49:23 UTC 2025","Sat Aug 23 00:49:24 UTC 2025","157","tests.stock","test_get_stocks","","","","test_get_stocks_invalid_country_id[-1-admin]","Проверка получения складов по невалидному country_id"
"passed","Sat Aug 23 00:47:48 UTC 2025","Sat Aug 23 00:47:48 UTC 2025","402","tests.admin_panel.promo","test_73_get_promotion_by_id","","","","test_get_promotions_unauthorized","Негативный тест: без авторизации."
"skipped","Sat Aug 23 00:46:43 UTC 2025","Sat Aug 23 00:46:43 UTC 2025","0","tests.account","test_update_default_stock","","","","test_update_default_stock_positive[client-payload1]","Позитивные тесты на изменение дефолтного склада"
"passed","Sat Aug 23 00:49:34 UTC 2025","Sat Aug 23 00:49:34 UTC 2025","140","tests.statistic","test_team_registrations","","","","test_get_team_registration_statistic_negative[payload5-admin]","Негативный тест: ошибка при получении статистики регистрации команды с невалидным телом запроса"
"skipped","Sat Aug 23 00:46:43 UTC 2025","Sat Aug 23 00:46:43 UTC 2025","0","tests.account","test_history_personal_volumes","","","","test_get_personal_volumes_history_positive[partner-payload1]","Позитивные тесты на получение истории начисления личных объемов"
"passed","Sat Aug 23 00:49:25 UTC 2025","Sat Aug 23 00:49:26 UTC 2025","724","tests.tickets","test_02_get_ticket_by_id","","","","test_get_ticket_success[partner]","Позитивный тест: успешное получение тикета по ID для клиента, партнера и администратора."
"passed","Sat Aug 23 00:50:26 UTC 2025","Sat Aug 23 00:50:26 UTC 2025","167","tests.tickets","test_01_get_tickets","","","","test_get_tickets_success[filter2-sort0-search2-pagination0-client]","Позитивный тест: получение списка тикетов с разными комбинациями параметров"
"skipped","Sat Aug 23 00:49:14 UTC 2025","Sat Aug 23 00:49:14 UTC 2025","0","tests.stock","test_create_stock","","","","test_create_stock_with_empty_string_log_if_not_200[timezone]",""
"passed","Sat Aug 23 00:49:35 UTC 2025","Sat Aug 23 00:49:36 UTC 2025","602","tests.catalog","test_create_admin_product_translation","","","","test_create_admin_product_translation_invalid_payload[payload4-400]","Негативные проверки на создание перевода с некорректным payload."
"passed","Sat Aug 23 00:47:43 UTC 2025","Sat Aug 23 00:47:44 UTC 2025","405","tests.admin_panel.promo","test_78_delete_promotion_item","","","","test_delete_promotion_item_unauthorized","Негативный тест: удаление элемента акции без авторизации."
"skipped","Sat Aug 23 00:46:43 UTC 2025","Sat Aug 23 00:46:43 UTC 2025","0","tests.admin_panel","test_accrue_presidential_pool","","","","test_accrue_presidential_pool_invalid_payload[payload1-400]",""
"passed","Sat Aug 23 00:48:14 UTC 2025","Sat Aug 23 00:48:14 UTC 2025","129","tests.auth","test_02_login","","","","test_admin_login[admin--123123-400]",""
"skipped","Sat Aug 23 00:49:13 UTC 2025","Sat Aug 23 00:49:13 UTC 2025","0","tests.stock","test_create_stock","","","","test_create_stock_with_empty_string_log_if_not_200[city.latitude]",""
"passed","Sat Aug 23 00:46:59 UTC 2025","Sat Aug 23 00:47:00 UTC 2025","1001","tests.admin_panel.categories","test_57_v2_update_category","","","","test_v2_update_category_forbidden[partner]","Негативный тест: попытка обновления категории не-админом."
"passed","Sat Aug 23 00:46:47 UTC 2025","Sat Aug 23 00:46:48 UTC 2025","892","tests.account","test_add_cover_url","","","","test_add_cover_min_payload[client]",""
"passed","Sat Aug 23 00:47:53 UTC 2025","Sat Aug 23 00:47:53 UTC 2025","904","tests.admin_panel.promo","test_74_update_promotion","","","","test_update_promotion_invalid_payload[payload9-422]","Негативный тест: обновление акции с невалидным или неполным телом запроса."
"passed","Sat Aug 23 00:47:43 UTC 2025","Sat Aug 23 00:47:48 UTC 2025","5578","tests.admin_panel.promo","test_72_create_promotion","","","","test_create_promotion_invalid_data[payload9-422]","Негативные тесты: невалидные данные"
"passed","Sat Aug 23 00:48:56 UTC 2025","Sat Aug 23 00:48:56 UTC 2025","138","tests.cart","test_user_locale","","","","test_update_user_locale_invalid_payload[client-payload0-400]","Негативный тест: обновление локали с невалидным payload."
"passed","Sat Aug 23 00:49:55 UTC 2025","Sat Aug 23 00:49:55 UTC 2025","170","tests.tickets","test_01_get_tickets","","","","test_get_tickets_success[filter1-sort0-search0-pagination1-client]","Позитивный тест: получение списка тикетов с разными комбинациями параметров"
"passed","Sat Aug 23 00:46:42 UTC 2025","Sat Aug 23 00:46:43 UTC 2025","661","tests.PROJECT_FUND.initiatives","test_get_report_by_id","","","","test_get_report_by_invalid_id[9999999-https://dev.ewahelps.com/api]","Негативный тест: невалидный или несуществующий path-параметр"
"passed","Sat Aug 23 00:48:47 UTC 2025","Sat Aug 23 00:48:48 UTC 2025","421","tests.catalog","test_update_admin_product","","","","test_update_admin_product_unauthorized",""
"passed","Sat Aug 23 00:47:54 UTC 2025","Sat Aug 23 00:47:57 UTC 2025","3027","tests.admin_panel.sliders","test_52_create_slider","","","","test_create_slider_invalid_payload[payload4-expected_code4]","Негативный тест: попытка создать слайдер с невалидным payload."
"skipped","Sat Aug 23 00:48:55 UTC 2025","Sat Aug 23 00:48:55 UTC 2025","0","tests.orders","test_create_order_by_delivery_address","","","","test_create_order_permissions[authorize_partner-authorize_client-404]","Тест: проверка прав доступа при создании заказа по сохраненному адресу"
"passed","Sat Aug 23 00:47:21 UTC 2025","Sat Aug 23 00:47:22 UTC 2025","436","tests.admin_panel.products","test_40_create_product_brand","","","","test_create_product_brand_unauthorized","Негативный тест: создание бренда без авторизации."
"skipped","Sat Aug 23 00:48:05 UTC 2025","Sat Aug 23 00:48:05 UTC 2025","0","tests.auth","test_02_login","","","","test_admin_login[admin-Admin-1c1c1c1c-200]",""
"passed","Sat Aug 23 00:50:57 UTC 2025","Sat Aug 23 00:50:57 UTC 2025","139","tests.tickets","test_01_get_tickets","","","","test_get_tickets_invalid_filter[invalid_filter0-400-partner]","Негативный тест: передаем некорректные параметры фильтрации"
"passed","Sat Aug 23 00:46:46 UTC 2025","Sat Aug 23 00:46:46 UTC 2025","145","tests.account","test_0_referral_links","","","","test_get_referral_links_positive[admin-403]","Позитивные тесты на получение реферальных ссылок"
"passed","Sat Aug 23 00:47:54 UTC 2025","Sat Aug 23 00:47:54 UTC 2025","597","tests.admin_panel.promo","test_78_delete_promotion_item","","","","test_delete_promotion_item_invalid_id[abc-abc]","Негативный тест: удаление элемента акции с невалидным ID продукта."
"skipped","Sat Aug 23 00:49:05 UTC 2025","Sat Aug 23 00:49:05 UTC 2025","1","tests.orders","test_group_order_change_country","","","","test_change_country_not_found_or_forbidden[authorize_partner-100-403]","Негативные тесты: изменение несуществующего заказа или без прав"
"skipped","Sat Aug 23 00:49:00 UTC 2025","Sat Aug 23 00:49:00 UTC 2025","133","tests.orders","test_group_order_change_country","","","","test_change_country_invalid_data[invalid_payload0-partner]","Негативные тесты: передача некорректных данных"
"skipped","Sat Aug 23 00:46:43 UTC 2025","Sat Aug 23 00:46:43 UTC 2025","0","tests.account","test_funds_transfer_send","","","","test_send_funds_transfer_positive[client-payload1]","Позитивные тесты на перевод/вывод средств по visibleId"
"skipped","Sat Aug 23 00:47:03 UTC 2025","Sat Aug 23 00:47:03 UTC 2025","0","tests.admin_panel.products","test_01_delete_product_group","","","","test_delete_product_group_unauthorized","Негативный тест: попытка удаления продукт группы без авторизации."
"passed","Sat Aug 23 00:49:07 UTC 2025","Sat Aug 23 00:49:07 UTC 2025","247","tests.cart","test_user_locale","","","","test_update_user_locale_invalid_payload[partner-payload5-400]","Негативный тест: обновление локали с невалидным payload."
"passed","Sat Aug 23 00:47:53 UTC 2025","Sat Aug 23 00:47:54 UTC 2025","608","tests.admin_panel.slides","test_0_slides_sort","","","","test_slides_sort_invalid_id[1.5]","Негативный тест: невалидный path parameter."
"passed","Sat Aug 23 00:50:17 UTC 2025","Sat Aug 23 00:50:17 UTC 2025","167","tests.tickets","test_01_get_tickets","","","","test_get_tickets_success[filter1-sort1-search2-pagination1-admin]","Позитивный тест: получение списка тикетов с разными комбинациями параметров"
"skipped","Sat Aug 23 00:46:43 UTC 2025","Sat Aug 23 00:46:43 UTC 2025","0","tests.account","test_token","","","","test_add_token_positive[client-payload0]","Позитивные тесты на добавление токена"
"passed","Sat Aug 23 00:49:46 UTC 2025","Sat Aug 23 00:49:48 UTC 2025","1189","tests.tickets","test_04_create_ticket","","","","test_create_ticket_success[client-attachments1-QuestionsAboutInternationalDelivery]","Позитивный тест: создание тикета с разными темами и вложениями для клиента, партнера и админа"
"passed","Sat Aug 23 00:47:52 UTC 2025","Sat Aug 23 00:47:52 UTC 2025","940","tests.admin_panel.sliders","test_53_get_sliders_by_id","","","","test_get_sliders_by_id_forbidden[partner]","Негативный тест: получение слайдера по ID не-админом запрещено"
"skipped","Sat Aug 23 00:46:43 UTC 2025","Sat Aug 23 00:46:43 UTC 2025","0","tests.admin_panel","test_accrue_gold_pro_gift","","","","test_accrue_gold_pro_gift_for_partner",""
"passed","Sat Aug 23 00:48:54 UTC 2025","Sat Aug 23 00:48:55 UTC 2025","309","tests.cart","test_get_delivery_cost","","","","test_get_delivery_cost_success_partial_payload[partner-payload6-400]","Позитивный тест: успешное получение ТК при неполном наборе (город без региона, без ID и т.п.)"
"passed","Sat Aug 23 00:49:12 UTC 2025","Sat Aug 23 00:49:12 UTC 2025","167","tests.statistic","test_0_dashboard","","","","test_get_dashboard_statistic[partner]","Позитивный тест: получение статистики для дашборда ""прирост или убыль в числовом виде"
"skipped","Sat Aug 23 00:49:24 UTC 2025","Sat Aug 23 00:49:24 UTC 2025","146","tests.statistic","test_team_go","","","","test_get_team_go_statistic_negative[payload1-partner]","Негативный тест: ошибка при получении статистики по команде с невалидным телом запроса"
"passed","Sat Aug 23 00:47:33 UTC 2025","Sat Aug 23 00:47:33 UTC 2025","598","tests.admin_panel.items","test_update_item","","","","test_update_item_invalid_id[9999999]","Негативный тест: несуществующий или некорректный ID."
"passed","Sat Aug 23 00:47:32 UTC 2025","Sat Aug 23 00:47:32 UTC 2025","642","tests.admin_panel.promo","test_72_create_promotion","","","","test_create_promotion_invalid_data[payload3-400]","Негативные тесты: невалидные данные"
"passed","Sat Aug 23 00:46:51 UTC 2025","Sat Aug 23 00:46:55 UTC 2025","3159","tests.account","test_update_avatar","","","","test_update_avatar_positive[partner-payload0]","Позитивные тесты на обновление аватара"
"passed","Sat Aug 23 00:49:54 UTC 2025","Sat Aug 23 00:49:59 UTC 2025","4521","tests.catalog","test_update_admin_product","","","","test_update_admin_product_invalid_payload[update_payload7-422]",""
"passed","Sat Aug 23 00:48:05 UTC 2025","Sat Aug 23 00:48:06 UTC 2025","1010","tests.admin_panel.sliders","test_54_update_slider","","","","test_update_slider_invalid_payload[payload3-expected_code3]","Негативный тест: обновление слайдера с невалидным или неполным телом запроса."
"skipped","Sat Aug 23 00:46:40 UTC 2025","Sat Aug 23 00:46:40 UTC 2025","0","tests.account","test_0_marathon","","","","test_create_product_brand_invalid_payload[params2-400-admin]",""
"passed","Sat Aug 23 00:46:52 UTC 2025","Sat Aug 23 00:46:52 UTC 2025","142","tests.admin_panel.categories","test_50_upload_category_images","","","","test_upload_category_images_forbidden[partner]","Негативный тест: неадмин не может загрузить изображения категории."
"skipped","Sat Aug 23 00:46:43 UTC 2025","Sat Aug 23 00:46:43 UTC 2025","0","tests.account","test_get_languages","","","","test_get_languages_success[client-web-200]","Возвращает список языков, доступных для перевода"
"passed","Sat Aug 23 00:50:35 UTC 2025","Sat Aug 23 00:50:35 UTC 2025","548","tests.tickets","test_04_create_ticket","","","","test_create_ticket_success[partner-attachments0-OtherQuestions]","Позитивный тест: создание тикета с разными темами и вложениями для клиента, партнера и админа"
"passed","Sat Aug 23 00:49:34 UTC 2025","Sat Aug 23 00:49:34 UTC 2025","172","tests.tickets","test_01_get_tickets","","","","test_get_tickets_success[filter0-sort0-search2-pagination0-partner]","Позитивный тест: получение списка тикетов с разными комбинациями параметров"
"passed","Sat Aug 23 00:49:30 UTC 2025","Sat Aug 23 00:49:31 UTC 2025","599","tests.catalog","test_create_admin_product_translation","","","","test_create_admin_product_translation_invalid_payload[payload0-400]","Негативные проверки на создание перевода с некорректным payload."
"passed","Sat Aug 23 00:46:51 UTC 2025","Sat Aug 23 00:46:53 UTC 2025","1783","tests.admin_panel.categories","test_81_delete_category_translation","","","","test_delete_category_translation_success","Позитивный тест: удаление одного из двух переводов категории."
"skipped","Sat Aug 23 00:46:43 UTC 2025","Sat Aug 23 00:46:43 UTC 2025","0","tests.admin_panel","test_accrue_presidential_pool","","","","test_accrue_presidential_pool_invalid_payload[payload4-400]",""
"skipped","Sat Aug 23 00:46:43 UTC 2025","Sat Aug 23 00:46:43 UTC 2025","0","tests.account","test_update","","","","test_update_account_positive[admin-payload1]","Позитивные тесты на обновление данных аккаунта"
"passed","Sat Aug 23 00:46:56 UTC 2025","Sat Aug 23 00:46:59 UTC 2025","3069","tests.admin_panel.categories","test_56_v2_create_category","","","","test_v2_create_category_invalid_payload[payload2-expected_code2]","Негативный тест: создание категории с невалидным телом запроса."
"skipped","Sat Aug 23 00:47:13 UTC 2025","Sat Aug 23 00:47:13 UTC 2025","0","tests.admin_panel.products","test_0_create_product","","","","test_create_product",""
"passed","Sat Aug 23 00:48:28 UTC 2025","Sat Aug 23 00:48:29 UTC 2025","992","tests.admin_panel.slides","test_59_update_slide","","","","test_update_slide_invalid_payload[payload10-422]","Негативный тест: обновление слайда с невалидным или неполным телом запроса."
"passed","Sat Aug 23 00:49:16 UTC 2025","Sat Aug 23 00:49:16 UTC 2025","152","tests.statistic","test_team_go","","","","test_get_team_go_statistic_positive[payload1-partner]","Позитивный тест: получение статистики по команде с валидным телом запроса"
"passed","Sat Aug 23 00:49:06 UTC 2025","Sat Aug 23 00:49:06 UTC 2025","138","tests.delivery","test_03_delete_delivery_address","","","","test_delete_delivery_address_invalid_id[None-client]","Негативные тесты: удаление адреса с некорректным ID"
"skipped","Sat Aug 23 00:46:44 UTC 2025","Sat Aug 23 00:46:44 UTC 2025","0","tests.account","test_list_csv","","","","test_get_account_list_csv_positive[client-payload0]","Позитивные тесты на выгрузку структуры партнеров в CSV"
"passed","Sat Aug 23 00:48:03 UTC 2025","Sat Aug 23 00:48:04 UTC 2025","955","tests.admin_panel.sliders","test_54_update_slider","","","","test_update_slider_invalid_payload[payload1-expected_code1]","Негативный тест: обновление слайдера с невалидным или неполным телом запроса."
"passed","Sat Aug 23 00:47:53 UTC 2025","Sat Aug 23 00:47:54 UTC 2025","901","tests.admin_panel.promo","test_74_update_promotion","","","","test_update_promotion_invalid_payload[payload10-422]","Негативный тест: обновление акции с невалидным или неполным телом запроса."
"passed","Sat Aug 23 00:47:30 UTC 2025","Sat Aug 23 00:47:31 UTC 2025","1031","tests.admin_panel.products","test_42_update_product_brand","","","","test_update_product_brand_invalid_payload[payload4-expected_code4]","Негативный тест: обновление бренда с невалидным или неполным телом запроса."
"passed","Sat Aug 23 00:46:47 UTC 2025","Sat Aug 23 00:46:48 UTC 2025","1579","tests.admin_panel.categories","test_47_get_categories_by_id","","","","test_get_categories_by_id_forbidden[client]","Негативный тест: получение категории по ID не-админом."
"passed","Sat Aug 23 00:46:39 UTC 2025","Sat Aug 23 00:46:39 UTC 2025","863","tests.PROJECT_FUND.initiatives","test_get_initiative_by_id","","","","test_get_initiative_by_valid_id[https://dev.ewahelps.com/api]","Позитивный тест: Получение инициативы по идентификатору"
"skipped","Sat Aug 23 00:49:14 UTC 2025","Sat Aug 23 00:49:14 UTC 2025","0","tests.stock","test_create_stock","","","","test_create_stock_with_empty_string_log_if_not_200[address.entrance]",""
"passed","Sat Aug 23 00:47:05 UTC 2025","Sat Aug 23 00:47:11 UTC 2025","6139","tests.admin_panel.categories","test_50_upload_category_images","","","","test_upload_category_images_invalid_format[valid.jpg-image/jpeg-204]","Негативный тест: загрузка изображений в неверном формате (например, .txt)."
"passed","Sat Aug 23 00:49:11 UTC 2025","Sat Aug 23 00:49:11 UTC 2025","153","tests.delivery","test_01_save_delivery_address","","","","test_save_delivery_address_negative[admin-payload8-500]","Негативные тесты на сохранение адреса доставки (отсутствие обязательных полей, некорректные данные)"
"passed","Sat Aug 23 00:50:48 UTC 2025","Sat Aug 23 00:50:49 UTC 2025","139","tests.tickets","test_01_get_tickets","","","","test_get_tickets_no_pagination[partner]","Негативный тест: запрос без обязательного параметра pagination"
"skipped","Sat Aug 23 00:46:43 UTC 2025","Sat Aug 23 00:46:43 UTC 2025","0","tests.account","test_get_languages","","","","test_get_languages_success[client-ios-200]","Возвращает список языков, доступных для перевода"
"passed","Sat Aug 23 00:46:50 UTC 2025","Sat Aug 23 00:46:51 UTC 2025","1749","tests.admin_panel.categories","test_79_get_category_translation","","","","test_get_category_translation_success",""
"passed","Sat Aug 23 00:48:17 UTC 2025","Sat Aug 23 00:48:20 UTC 2025","3495","tests.admin_panel.slides","test_59_update_slide","","","","test_update_slide_invalid_payload[payload3-expected_code3]","Негативный тест: обновление слайда с невалидным или неполным телом запроса."
"passed","Sat Aug 23 00:48:03 UTC 2025","Sat Aug 23 00:48:04 UTC 2025","409","tests.auth","test_01_check_version","","","","test_check_version[Ios-2.0.1-200]","Тест проверяет API /check_version для разных платформ и версий."
"passed","Sat Aug 23 00:46:57 UTC 2025","Sat Aug 23 00:46:58 UTC 2025","618","tests.admin_panel.categories","test_81_delete_category_translation","","","","test_delete_category_translation_invalid_id[-1]","Негативный тест: удаление перевода с невалидным ID категории."
"passed","Sat Aug 23 00:49:12 UTC 2025","Sat Aug 23 00:49:12 UTC 2025","134","tests.register","test_01_register_form","","","","test_register_form_negative[admin-payload2-400]",""
"passed","Sat Aug 23 00:48:10 UTC 2025","Sat Aug 23 00:48:11 UTC 2025","1112","tests.admin_panel.slides","test_61_upload_slides_images","","","","test_upload_slide_images_invalid_format[invalid.exe-application/octet-stream-400]","Негативный и позитивный тест: загрузка изображений в разных форматах."
"passed","Sat Aug 23 00:50:42 UTC 2025","Sat Aug 23 00:50:42 UTC 2025","164","tests.tickets","test_01_get_tickets","","","","test_get_tickets_success[filter2-sort1-search1-pagination1-partner]","Позитивный тест: получение списка тикетов с разными комбинациями параметров"
"passed","Sat Aug 23 00:47:33 UTC 2025","Sat Aug 23 00:47:34 UTC 2025","951","tests.admin_panel.promo","test_74_update_promotion","","","","test_update_promotion_success","Позитивный тест: успешное обновление акции (все поля)."
"passed","Sat Aug 23 00:48:16 UTC 2025","Sat Aug 23 00:48:17 UTC 2025","924","tests.admin_panel.slides","test_59_update_slide","","","","test_update_slide_invalid_payload[payload2-expected_code2]","Негативный тест: обновление слайда с невалидным или неполным телом запроса."
"passed","Sat Aug 23 00:50:09 UTC 2025","Sat Aug 23 00:50:09 UTC 2025","165","tests.tickets","test_01_get_tickets","","","","test_get_tickets_success[filter1-sort1-search0-pagination1-admin]","Позитивный тест: получение списка тикетов с разными комбинациями параметров"
"skipped","Sat Aug 23 00:46:43 UTC 2025","Sat Aug 23 00:46:43 UTC 2025","0","tests.admin_panel","test_accrue_gold_pro_gift","","","","test_accrue_gold_pro_gift_invalid_payload[payload3-400]",""
"passed","Sat Aug 23 00:49:12 UTC 2025","Sat Aug 23 00:49:13 UTC 2025","410","tests.one_c","test_create_1c_stock","","","","test_post_bad_request_or_unprocessable[<lambda>3]",""
"passed","Sat Aug 23 00:46:47 UTC 2025","Sat Aug 23 00:46:48 UTC 2025","993","tests.admin_panel.categories","test_45_get_categories","","","","test_get_categories_after_adding","Интеграционный тест: добавление категории и проверка её наличия в списке по ID."
"skipped","Sat Aug 23 00:47:03 UTC 2025","Sat Aug 23 00:47:03 UTC 2025","0","tests.admin_panel.products","test_01_delete_product_group","","","","test_delete_product_group_invalid_id[0]","Негативный тест: удаление несуществующей или некорректной продукт группы."
"passed","Sat Aug 23 00:49:38 UTC 2025","Sat Aug 23 00:49:40 UTC 2025","2651","tests.tickets","test_10_send_message_to_ticket","","","","test_send_message_role_permissions[authorize_partner-authorize_partner-200]","Проверка доступа к отправке сообщений в тикеты в зависимости от роли"
"passed","Sat Aug 23 00:48:20 UTC 2025","Sat Aug 23 00:48:21 UTC 2025","1247","tests.cart","test_get_delivery_cost","","","","test_get_delivery_cost_success_full_payload[admin]","Позитивный тест: успешное получение ТК при полном наборе параметров"
"passed","Sat Aug 23 00:49:05 UTC 2025","Sat Aug 23 00:49:06 UTC 2025","619","tests.catalog","test_update_admin_product","","","","test_update_admin_product_invalid_id[9999999]",""
"passed","Sat Aug 23 00:46:55 UTC 2025","Sat Aug 23 00:46:56 UTC 2025","643","tests.admin_panel.categories","test_49_delete_category","","","","test_delete_category_invalid_id[9999999]","Негативный тест: удаление несуществующей или некорректной категории."
"passed","Sat Aug 23 00:48:11 UTC 2025","Sat Aug 23 00:48:11 UTC 2025","604","tests.admin_panel.slides","test_57_create_slide","","","","test_create_slide_invalid_payload[payload10-422]","Негативные тесты: некорректные и неполные payload'ы."
"failed","Sat Aug 23 00:48:09 UTC 2025","Sat Aug 23 00:48:10 UTC 2025","1089","tests.admin_panel.slides","test_61_upload_slides_images","","","","test_upload_slide_images_invalid_format[invalid.docx-application/vnd.openxmlformats-officedocument.wordprocessingml.document-400]","Негативный и позитивный тест: загрузка изображений в разных форматах."
"passed","Sat Aug 23 00:47:28 UTC 2025","Sat Aug 23 00:47:29 UTC 2025","620","tests.admin_panel.products","test_40_create_product_brand","","","","test_create_product_brand_invalid_payload[payload11-expected_codes11]","Негативные кейсы: невалидные поля при создании бренда."
"skipped","Sat Aug 23 00:46:43 UTC 2025","Sat Aug 23 00:46:43 UTC 2025","0","tests.account","test_funds_transfer_list","","","","test_get_funds_transfer_list_positive[admin-payload0]","Позитивные тесты на получение истории переводов/выводов средств"
"passed","Sat Aug 23 00:47:54 UTC 2025","Sat Aug 23 00:47:54 UTC 2025","585","tests.admin_panel.sliders","test_53_get_sliders_by_id","","","","test_get_sliders_invalid_id[0]","Негативный тест: получение слайдера по невалидному ID"
"skipped","Sat Aug 23 00:46:43 UTC 2025","Sat Aug 23 00:46:43 UTC 2025","0","tests.account","test_history_group_volumes","","","","test_get_group_volumes_history_positive[partner-payload0]","Позитивные тесты на получение истории начисления групповых объемов"
"passed","Sat Aug 23 00:46:55 UTC 2025","Sat Aug 23 00:46:58 UTC 2025","3061","tests.account","test_add_cover_url","","","","test_add_cover_invalid_payload[payload1]",""
"passed","Sat Aug 23 00:49:59 UTC 2025","Sat Aug 23 00:49:59 UTC 2025","167","tests.tickets","test_01_get_tickets","","","","test_get_tickets_success[filter1-sort0-search1-pagination0-admin]","Позитивный тест: получение списка тикетов с разными комбинациями параметров"
"passed","Sat Aug 23 00:49:20 UTC 2025","Sat Aug 23 00:49:24 UTC 2025","3670","tests.temporary","test_compare_api_postgreSQL","","","","test_create_and_get_categories_by_id",""
"passed","Sat Aug 23 00:47:36 UTC 2025","Sat Aug 23 00:47:37 UTC 2025","989","tests.admin_panel.promo","test_77_create_promotion_item","","","","test_create_promotion_item_invalid_payload[payload0-400]",""
"skipped","Sat Aug 23 00:46:44 UTC 2025","Sat Aug 23 00:46:44 UTC 2025","0","tests.account","test_list_csv","","","","test_get_account_list_csv_positive[admin-payload1]","Позитивные тесты на выгрузку структуры партнеров в CSV"
"passed","Sat Aug 23 00:51:03 UTC 2025","Sat Aug 23 00:51:04 UTC 2025","1064","tests.tickets","test_04_create_ticket","","","","test_create_ticket_success[partner-attachments2-QuestionsAboutPaymentsToIP]","Позитивный тест: создание тикета с разными темами и вложениями для клиента, партнера и админа"
"skipped","Sat Aug 23 00:49:14 UTC 2025","Sat Aug 23 00:49:14 UTC 2025","0","tests.stock","test_create_stock","","","","test_create_stock_with_empty_string_log_if_not_200[address.city]",""
"passed","Sat Aug 23 00:47:24 UTC 2025","Sat Aug 23 00:47:25 UTC 2025","1001","tests.admin_panel.products","test_43_delete_product_brand","","","","test_delete_product_brand_forbidden[partner]","Негативный тест: попытка удаления бренда не-админом."
"passed","Sat Aug 23 00:48:54 UTC 2025","Sat Aug 23 00:48:55 UTC 2025","1294","tests.one_c","test_create_1c_stock","","","","test_post_timezone_return_id_and_consistency",""
"passed","Sat Aug 23 00:48:07 UTC 2025","Sat Aug 23 00:48:08 UTC 2025","595","tests.admin_panel.slides","test_59_update_slide","","","","test_update_slide_invalid_id[0]","Негативный тест: несуществующий или некорректный ID."
"passed","Sat Aug 23 00:48:45 UTC 2025","Sat Aug 23 00:48:46 UTC 2025","541","tests.fund","test_get_top_donors","","","","test_get_top_donors_invalid_params[invalid_param1-https://dev.ewahelps.com/api]","Негативный тест: переданы некорректные параметры."
"passed","Sat Aug 23 00:52:25 UTC 2025","Sat Aug 23 00:52:25 UTC 2025","140","tests.tickets","test_04_create_ticket","","","","test_create_ticket_invalid_request_type[admin-invalid_request_type-400]","Негативный тест: попытка создания тикета с неверным типом request_type"
"passed","Sat Aug 23 00:47:16 UTC 2025","Sat Aug 23 00:47:17 UTC 2025","974","tests.admin_panel.products","test_39_get_product_brands","","","","test_get_product_brands_after_adding","Интеграционный тест: добавление бренда и проверка его наличия в списке по ID."
"skipped","Sat Aug 23 00:52:29 UTC 2025","Sat Aug 23 00:52:29 UTC 2025","0","tests.tickets","test_04_create_ticket","","","","test_create_ticket_invalid_message[client-]","Негативный тест: создание тикета без сообщения"
"skipped","Sat Aug 23 00:49:05 UTC 2025","Sat Aug 23 00:49:05 UTC 2025","0","tests.orders","test_group_order_change_country","","","","test_change_country_not_found_or_forbidden[authorize_client-99999999-403]","Негативные тесты: изменение несуществующего заказа или без прав"
"passed","Sat Aug 23 00:47:54 UTC 2025","Sat Aug 23 00:47:54 UTC 2025","583","tests.admin_panel.sliders","test_55_delete_sliders","","","","test_delete_slider_invalid_id[0]","Негативный тест: удаление несуществующего или некорректного слайдера."
"skipped","Sat Aug 23 00:49:22 UTC 2025","Sat Aug 23 00:49:23 UTC 2025","151","tests.statistic","test_team_activations","","","","test_get_team_activation_statistic_negative[payload1-admin]","Негативный тест: ошибка при получении статистики активации команды с невалидным телом запроса"
"passed","Sat Aug 23 00:48:06 UTC 2025","Sat Aug 23 00:48:06 UTC 2025","636","tests.admin_panel.slides","test_57_create_slide","","","","test_create_slide_invalid_payload[payload2-expected_code2]","Негативные тесты: некорректные и неполные payload'ы."
"passed","Sat Aug 23 00:49:12 UTC 2025","Sat Aug 23 00:49:12 UTC 2025","147","tests.statistic","test_team_registrations","","","","test_get_team_registration_statistic_positive[payload0-client]","Позитивный тест: получение статистики по регистрации команды с валидным телом запроса"
"passed","Sat Aug 23 00:49:16 UTC 2025","Sat Aug 23 00:49:17 UTC 2025","420","tests.one_c","test_create_1c_stock","","","","test_post_bad_request_or_unprocessable[<lambda>13]",""
"passed","Sat Aug 23 00:48:29 UTC 2025","Sat Aug 23 00:48:29 UTC 2025","943","tests.delivery","test_01_save_delivery_address","","","","test_save_delivery_address_positive[client-payload1]","Позитивные тесты на сохранение адреса доставки"
"passed","Sat Aug 23 00:52:21 UTC 2025","Sat Aug 23 00:52:21 UTC 2025","563","tests.tickets","test_04_create_ticket","","","","test_create_ticket_invalid_request_type[client-None-200]","Негативный тест: попытка создания тикета с неверным типом request_type"
"skipped","Sat Aug 23 00:49:49 UTC 2025","Sat Aug 23 00:49:50 UTC 2025","1592","tests.tickets","test_12_delete_message","","","","test_delete_ticket_message_after_closure","Негативный тест: попытка удалить сообщение после закрытия тикета"
"passed","Sat Aug 23 00:49:15 UTC 2025","Sat Aug 23 00:49:16 UTC 2025","420","tests.one_c","test_create_1c_stock","","","","test_post_bad_request_or_unprocessable[<lambda>11]",""
"passed","Sat Aug 23 00:48:18 UTC 2025","Sat Aug 23 00:48:22 UTC 2025","3545","tests.catalog","test_create_admin_product","","","","test_create_admin_product_minimal_payload_variants[slug+category_ids]",""
"passed","Sat Aug 23 00:47:49 UTC 2025","Sat Aug 23 00:47:50 UTC 2025","1038","tests.admin_panel.sliders","test_54_update_slider","","","","test_update_slider_forbidden[client]","Негативный тест: попытка обновления слайдера не-админом."
"passed","Sat Aug 23 00:51:27 UTC 2025","Sat Aug 23 00:51:28 UTC 2025","536","tests.tickets","test_04_create_ticket","","","","test_create_ticket_success[admin-attachments0-QuestionsAboutInternationalDelivery]","Позитивный тест: создание тикета с разными темами и вложениями для клиента, партнера и админа"
"skipped","Sat Aug 23 00:46:43 UTC 2025","Sat Aug 23 00:46:43 UTC 2025","0","tests.account","test_history_group_volumes","","","","test_get_group_volumes_history_positive[client-payload0]","Позитивные тесты на получение истории начисления групповых объемов"
"passed","Sat Aug 23 00:49:17 UTC 2025","Sat Aug 23 00:49:17 UTC 2025","157","tests.statistic","test_team_go","","","","test_get_team_go_statistic_positive[payload2-client]","Позитивный тест: получение статистики по команде с валидным телом запроса"
"passed","Sat Aug 23 00:46:39 UTC 2025","Sat Aug 23 00:46:40 UTC 2025","601","tests.PROJECT_FUND.initiatives","test_get_reports","","","","test_get_reports_with_query_params[query1-https://dev.ewahelps.com/api]","Позитивный тест: получение списка отчетов с query-параметрами"
"passed","Sat Aug 23 00:49:22 UTC 2025","Sat Aug 23 00:49:23 UTC 2025","398","tests.temporary","test_get_account_exist","","","","test_account_exist[-400]",""
"skipped","Sat Aug 23 00:46:43 UTC 2025","Sat Aug 23 00:46:43 UTC 2025","0","tests.account","test_delete_avatar","","","","test_delete_avatar_positive[partner]","Позитивные тесты на удаление аватара"
"passed","Sat Aug 23 00:48:41 UTC 2025","Sat Aug 23 00:48:41 UTC 2025","844","tests.catalog","test_create_admin_product","","","","test_create_product_invalid_payload[payload7-422]",""
"passed","Sat Aug 23 00:49:08 UTC 2025","Sat Aug 23 00:49:09 UTC 2025","699","tests.register","test_02_register_partner","","","","test_register_partner_negative[payload2-400]","Тест: негативные тесты для регистрации партнера вручную"
"passed","Sat Aug 23 00:48:53 UTC 2025","Sat Aug 23 00:48:54 UTC 2025","587","tests.catalog","test_get_admin_product_translation","","","","test_get_admin_product_translation_invalid_id[1.5]","Проверка получения перевода по невалидному product_id."
"passed","Sat Aug 23 00:48:00 UTC 2025","Sat Aug 23 00:48:01 UTC 2025","421","tests.admin_panel.slides","test_59_update_slide","","","","test_update_slide_unauthorized","Негативный тест: попытка обновления слайда без авторизации."
"passed","Sat Aug 23 00:49:04 UTC 2025","Sat Aug 23 00:49:05 UTC 2025","1000","tests.cart","test_get_delivery_cost","","","","test_get_delivery_cost_success_partial_payload[admin-payload7-200]","Позитивный тест: успешное получение ТК при неполном наборе (город без региона, без ID и т.п.)"
"skipped","Sat Aug 23 00:46:43 UTC 2025","Sat Aug 23 00:46:43 UTC 2025","0","tests.account","test_delete_avatar","","","","test_delete_avatar_positive[admin]","Позитивные тесты на удаление аватара"
"passed","Sat Aug 23 00:48:56 UTC 2025","Sat Aug 23 00:48:56 UTC 2025","139","tests.orders","test_create_order_by_delivery_address","","","","test_create_order_invalid_data[invalid_payload0-partner]","Негативные тесты: создание заказа с некорректными данными"
"passed","Sat Aug 23 00:46:58 UTC 2025","Sat Aug 23 00:46:59 UTC 2025","644","tests.admin_panel.categories","test_81_delete_category_translation","","","","test_delete_category_translation_invalid_id[9999999]","Негативный тест: удаление перевода с невалидным ID категории."
"passed","Sat Aug 23 00:49:24 UTC 2025","Sat Aug 23 00:49:25 UTC 2025","764","tests.temporary","test_last_cleanup_orphan_boxes","","","","test_cleanup_orphan_boxes_is_idempotent","
    Проверяем:
      1) сколько сирот есть сейчас,
      2) cleanup удаляет ровно их количество,
      3) повторный запуск не удаляет ничего.
    "
"passed","Sat Aug 23 00:48:37 UTC 2025","Sat Aug 23 00:48:43 UTC 2025","5750","tests.admin_panel.slides","test_61_upload_slides_images","","","","test_upload_slide_images_file_too_large[4.7-fields_to_send6-204]","Негативный тест: загрузка слишком большого изображения."
"passed","Sat Aug 23 00:47:52 UTC 2025","Sat Aug 23 00:47:53 UTC 2025","965","tests.admin_panel.promo","test_74_update_promotion","","","","test_update_promotion_invalid_payload[payload8-400]","Негативный тест: обновление акции с невалидным или неполным телом запроса."
"skipped","Sat Aug 23 00:49:14 UTC 2025","Sat Aug 23 00:49:14 UTC 2025","0","tests.stock","test_create_stock","","","","test_create_stock_with_empty_string_log_if_not_200[address.house_number]",""
"passed","Sat Aug 23 00:50:46 UTC 2025","Sat Aug 23 00:50:47 UTC 2025","163","tests.tickets","test_01_get_tickets","","","","test_get_tickets_success[filter2-sort1-search2-pagination1-partner]","Позитивный тест: получение списка тикетов с разными комбинациями параметров"
"passed","Sat Aug 23 00:49:00 UTC 2025","Sat Aug 23 00:49:03 UTC 2025","3070","tests.delivery","test_03_delete_delivery_address","","","","test_delete_delivery_address_permissions[authorize_partner-authorize_client-True]","Тест: проверка прав доступа при удалении адресов"
"passed","Sat Aug 23 00:48:17 UTC 2025","Sat Aug 23 00:48:18 UTC 2025","1373","tests.admin_panel.slides","test_61_upload_slides_images","","","","test_upload_slide_images_invalid_format[valid.webp-image/webp-204]","Негативный и позитивный тест: загрузка изображений в разных форматах."
"passed","Sat Aug 23 00:47:22 UTC 2025","Sat Aug 23 00:47:23 UTC 2025","600","tests.admin_panel.products","test_42_update_product_brand","","","","test_update_product_brand_invalid_id[0]","Негативный тест: несуществующий или некорректный ID."
"passed","Sat Aug 23 00:49:32 UTC 2025","Sat Aug 23 00:49:32 UTC 2025","537","tests.tickets","test_04_create_ticket","","","","test_create_ticket_success[client-attachments0-QuestionsAboutTheRewardSystemMarketingPlan]","Позитивный тест: создание тикета с разными темами и вложениями для клиента, партнера и админа"
"skipped","Sat Aug 23 00:49:14 UTC 2025","Sat Aug 23 00:49:14 UTC 2025","0","tests.stock","test_create_stock","","","","test_create_stock_with_empty_string_log_if_not_200[timezone.offset_min]",""
"passed","Sat Aug 23 00:46:40 UTC 2025","Sat Aug 23 00:46:40 UTC 2025","156","tests.account","test_0_users_by_lo_rating","","","","test_get_users_by_lo_rating_positive[client]","Позитивные тесты на получение рейтинга продавцов по личному объему"
"skipped","Sat Aug 23 00:46:43 UTC 2025","Sat Aug 23 00:46:43 UTC 2025","0","tests.account","test_get_languages","","","","test_get_languages_success[partner-web-200]","Возвращает список языков, доступных для перевода"
"passed","Sat Aug 23 00:48:24 UTC 2025","Sat Aug 23 00:48:29 UTC 2025","4922","tests.catalog","test_get_admin_product_translation","","","","test_get_admin_product_translation_success","Проверка успешного получения одного перевода продукта."
"passed","Sat Aug 23 00:50:12 UTC 2025","Sat Aug 23 00:50:12 UTC 2025","168","tests.tickets","test_01_get_tickets","","","","test_get_tickets_success[filter1-sort1-search1-pagination1-client]","Позитивный тест: получение списка тикетов с разными комбинациями параметров"
"passed","Sat Aug 23 00:49:13 UTC 2025","Sat Aug 23 00:49:13 UTC 2025","422","tests.one_c","test_create_1c_stock","","","","test_post_bad_request_or_unprocessable[<lambda>4]",""
"passed","Sat Aug 23 00:47:24 UTC 2025","Sat Aug 23 00:47:24 UTC 2025","615","tests.admin_panel.products","test_40_create_product_brand","","","","test_create_product_brand_invalid_payload[payload3-expected_codes3]","Негативные кейсы: невалидные поля при создании бренда."
"passed","Sat Aug 23 00:47:27 UTC 2025","Sat Aug 23 00:47:30 UTC 2025","3090","tests.admin_panel.promo","test_72_create_promotion","","","","test_create_promotion_invalid_data[payload0-400]","Негативные тесты: невалидные данные"
"passed","Sat Aug 23 00:51:03 UTC 2025","Sat Aug 23 00:51:03 UTC 2025","141","tests.tickets","test_01_get_tickets","","","","test_get_tickets_invalid_filter[invalid_filter3-400-client]","Негативный тест: передаем некорректные параметры фильтрации"
"passed","Sat Aug 23 00:46:52 UTC 2025","Sat Aug 23 00:46:52 UTC 2025","404","tests.admin_panel.categories","test_56_v2_create_category","","","","test_v2_create_category_unauthorized","Негативный тест: создание категории без авторизации."
"skipped","Sat Aug 23 00:52:31 UTC 2025","Sat Aug 23 00:52:31 UTC 2025","0","tests.tickets","test_04_create_ticket","","","","test_create_ticket_invalid_message[partner-None]","Негативный тест: создание тикета без сообщения"
"passed","Sat Aug 23 00:49:50 UTC 2025","Sat Aug 23 00:49:51 UTC 2025","167","tests.tickets","test_01_get_tickets","","","","test_get_tickets_success[filter1-sort0-search0-pagination0-client]","Позитивный тест: получение списка тикетов с разными комбинациями параметров"
"skipped","Sat Aug 23 00:49:17 UTC 2025","Sat Aug 23 00:49:17 UTC 2025","158","tests.stock","test_get_group_orders","","","","test_get_group_orders_invalid_country_id[-1-admin]","Проверка получения складов по невалидному country_id"
"skipped","Sat Aug 23 00:46:43 UTC 2025","Sat Aug 23 00:46:43 UTC 2025","0","tests.admin_panel","test_accrue_gold_pro_gift","","","","test_accrue_gold_pro_gift_for_client",""
"passed","Sat Aug 23 00:51:54 UTC 2025","Sat Aug 23 00:51:55 UTC 2025","1176","tests.tickets","test_04_create_ticket","","","","test_create_ticket_success[admin-attachments1-ReceivingDefectiveProductsOrShortage]","Позитивный тест: создание тикета с разными темами и вложениями для клиента, партнера и админа"
"skipped","Sat Aug 23 00:48:43 UTC 2025","Sat Aug 23 00:48:43 UTC 2025","0","tests.catalog","test_create_admin_product","","","","test_create_product_duplicate_slug[mn]",""
"passed","Sat Aug 23 00:47:00 UTC 2025","Sat Aug 23 00:47:00 UTC 2025","661","tests.admin_panel.categories","test_56_v2_create_category","","","","test_v2_create_category_invalid_payload[payload4-422]","Негативный тест: создание категории с невалидным телом запроса."
"skipped","Sat Aug 23 00:46:43 UTC 2025","Sat Aug 23 00:46:43 UTC 2025","0","tests.account","test_get_languages","","","","test_get_languages_success[client--400]","Возвращает список языков, доступных для перевода"
"passed","Sat Aug 23 00:48:59 UTC 2025","Sat Aug 23 00:48:59 UTC 2025","243","tests.cart","test_user_locale","","","","test_update_user_locale_invalid_payload[client-payload5-400]","Негативный тест: обновление локали с невалидным payload."
"skipped","Sat Aug 23 00:46:43 UTC 2025","Sat Aug 23 00:46:43 UTC 2025","0","tests.account","test_family_agreement_update_status","","","","test_update_family_agreement_status_positive[admin-payload1]","Позитивные тесты на изменение статуса семейного соглашения"
"passed","Sat Aug 23 00:50:06 UTC 2025","Sat Aug 23 00:50:06 UTC 2025","161","tests.tickets","test_01_get_tickets","","","","test_get_tickets_success[filter1-sort1-search0-pagination0-partner]","Позитивный тест: получение списка тикетов с разными комбинациями параметров"
"skipped","Sat Aug 23 00:46:44 UTC 2025","Sat Aug 23 00:46:44 UTC 2025","0","tests.admin_panel","test_accrue_auto_bonus","","","","test_accrue_auto_bonus_for_partner",""
"passed","Sat Aug 23 00:50:28 UTC 2025","Sat Aug 23 00:50:28 UTC 2025","164","tests.tickets","test_01_get_tickets","","","","test_get_tickets_success[filter2-sort0-search2-pagination1-client]","Позитивный тест: получение списка тикетов с разными комбинациями параметров"
"passed","Sat Aug 23 00:50:03 UTC 2025","Sat Aug 23 00:50:03 UTC 2025","177","tests.tickets","test_01_get_tickets","","","","test_get_tickets_success[filter1-sort0-search2-pagination0-admin]","Позитивный тест: получение списка тикетов с разными комбинациями параметров"
"failed","Sat Aug 23 00:46:39 UTC 2025","Sat Aug 23 00:46:40 UTC 2025","1129","tests.PROJECT_FUND.donation","test_get_donation_last","","","","test_get_donation_last[https://dev.ewahelps.com/api]","Позитивные тесты на получение списка топ 100 пожертвований"
"passed","Sat Aug 23 00:52:00 UTC 2025","Sat Aug 23 00:52:01 UTC 2025","1110","tests.tickets","test_04_create_ticket","","","","test_create_ticket_success[admin-attachments2-QuestionsAboutTheHousingAndCarProgram]","Позитивный тест: создание тикета с разными темами и вложениями для клиента, партнера и админа"
"passed","Sat Aug 23 00:49:38 UTC 2025","Sat Aug 23 00:49:40 UTC 2025","1241","tests.tickets","test_04_create_ticket","","","","test_create_ticket_success[client-attachments1-QuestionsAboutPaymentsToIP]","Позитивный тест: создание тикета с разными темами и вложениями для клиента, партнера и админа"
"skipped","Sat Aug 23 00:49:13 UTC 2025","Sat Aug 23 00:49:13 UTC 2025","0","tests.stock","test_create_stock","","","","test_create_stock_with_empty_string_log_if_not_200[city.country]",""
"passed","Sat Aug 23 00:48:08 UTC 2025","Sat Aug 23 00:48:08 UTC 2025","582","tests.auth","test_06_full_logout","","","","test_full_logout_success[client]","Тест полного разлогина всех сессий клиента, партнера и админа."
"skipped","Sat Aug 23 00:49:24 UTC 2025","Sat Aug 23 00:49:25 UTC 2025","146","tests.statistic","test_team_activations","","","","test_get_team_activation_statistic_negative[payload2-admin]","Негативный тест: ошибка при получении статистики активации команды с невалидным телом запроса"
"passed","Sat Aug 23 00:49:43 UTC 2025","Sat Aug 23 00:49:43 UTC 2025","163","tests.tickets","test_01_get_tickets","","","","test_get_tickets_success[filter0-sort1-search1-pagination0-partner]","Позитивный тест: получение списка тикетов с разными комбинациями параметров"
"passed","Sat Aug 23 00:49:00 UTC 2025","Sat Aug 23 00:49:01 UTC 2025","1016","tests.cart","test_get_delivery_cost","","","","test_get_delivery_cost_success_partial_payload[admin-payload3-200]","Позитивный тест: успешное получение ТК при неполном наборе (город без региона, без ID и т.п.)"
"passed","Sat Aug 23 00:49:37 UTC 2025","Sat Aug 23 00:49:38 UTC 2025","645","tests.tickets","test_04_create_ticket","","","","test_create_ticket_success[client-attachments0-ReceivingProductsShortage]","Позитивный тест: создание тикета с разными темами и вложениями для клиента, партнера и админа"
"passed","Sat Aug 23 00:50:01 UTC 2025","Sat Aug 23 00:50:05 UTC 2025","4661","tests.catalog","test_update_admin_product","","","","test_update_admin_product_invalid_payload[update_payload8-422]",""
"passed","Sat Aug 23 00:49:27 UTC 2025","Sat Aug 23 00:49:27 UTC 2025","172","tests.tickets","test_01_get_tickets","","","","test_get_tickets_success[filter0-sort0-search0-pagination0-admin]","Позитивный тест: получение списка тикетов с разными комбинациями параметров"
"passed","Sat Aug 23 00:47:41 UTC 2025","Sat Aug 23 00:47:41 UTC 2025","586","tests.admin_panel.promo","test_73_get_promotion_by_id","","","","test_get_promotion_invalid_id[abc]","Негативный тест: получение акции по невалидному ID."
"passed","Sat Aug 23 00:47:47 UTC 2025","Sat Aug 23 00:47:47 UTC 2025","596","tests.admin_panel.promo","test_77_create_promotion_item","","","","test_create_promotion_item_invalid_ids[1-xyz-404]",""
"passed","Sat Aug 23 00:48:48 UTC 2025","Sat Aug 23 00:48:49 UTC 2025","138","tests.delivery","test_01_save_delivery_address","","","","test_save_delivery_address_negative[client-payload2-400]","Негативные тесты на сохранение адреса доставки (отсутствие обязательных полей, некорректные данные)"
"passed","Sat Aug 23 00:49:30 UTC 2025","Sat Aug 23 00:49:32 UTC 2025","1461","tests.tickets","test_06_close_ticket","","","","test_close_ticket_success[admin]","Позитивный тест: закрытие тикета для клиента, партнера и админа."
"passed","Sat Aug 23 00:48:03 UTC 2025","Sat Aug 23 00:48:03 UTC 2025","653","tests.admin_panel.slides","test_62_slides_update_video_url","","","","test_update_video_url_invalid[]","Негативный тест: передача некорректной ссылки без предварительной загрузки"
"passed","Sat Aug 23 00:50:07 UTC 2025","Sat Aug 23 00:50:12 UTC 2025","4553","tests.catalog","test_update_admin_product","","","","test_update_admin_product_invalid_payload[update_payload9-422]",""
"passed","Sat Aug 23 00:48:25 UTC 2025","Sat Aug 23 00:48:25 UTC 2025","612","tests.admin_panel.slides","test_57_create_slide","","","","test_create_slide_title_color_validation[#12345G-400]","Валидация поля title_color при создании слайда."
"passed","Sat Aug 23 00:49:10 UTC 2025","Sat Aug 23 00:49:10 UTC 2025","141","tests.delivery","test_01_save_delivery_address","","","","test_save_delivery_address_negative[admin-payload6-400]","Негативные тесты на сохранение адреса доставки (отсутствие обязательных полей, некорректные данные)"
"passed","Sat Aug 23 00:48:37 UTC 2025","Sat Aug 23 00:48:38 UTC 2025","600","tests.catalog","test_delete_admin_product_translation","","","","test_delete_admin_product_translation_invalid_id[abc]","Удаление перевода по невалидному product_id — должно вернуть 400 или 404."
"passed","Sat Aug 23 00:47:43 UTC 2025","Sat Aug 23 00:47:44 UTC 2025","607","tests.admin_panel.promo","test_77_create_promotion_item","","","","test_create_promotion_item_invalid_ids[1-None-404]",""
"passed","Sat Aug 23 00:50:31 UTC 2025","Sat Aug 23 00:50:32 UTC 2025","646","tests.tickets","test_04_create_ticket","","","","test_create_ticket_success[partner-attachments0-QuestionsAboutTheWorkOfTheStructureAndMentors]","Позитивный тест: создание тикета с разными темами и вложениями для клиента, партнера и админа"
"passed","Sat Aug 23 00:49:09 UTC 2025","Sat Aug 23 00:49:13 UTC 2025","4523","tests.catalog","test_update_admin_product","","","","test_update_admin_product_invalid_payload[update_payload0-400]",""
"passed","Sat Aug 23 00:47:57 UTC 2025","Sat Aug 23 00:47:57 UTC 2025","418","tests.admin_panel.sliders","test_53_get_sliders_by_id","","","","test_get_sliders_unauthorized","Негативный тест: получение слайдера без авторизации"
"passed","Sat Aug 23 00:47:43 UTC 2025","Sat Aug 23 00:47:43 UTC 2025","602","tests.admin_panel.promo","test_74_update_promotion","","","","test_update_promotion_invalid_id[9999999]","Негативный тест: несуществующий или некорректный ID."
"passed","Sat Aug 23 00:49:09 UTC 2025","Sat Aug 23 00:49:10 UTC 2025","699","tests.register","test_03_register_client","","","","test_register_client_negative[payload1-400]","Тест: негативные тесты для регистрации клиента вручную"
"passed","Sat Aug 23 00:47:42 UTC 2025","Sat Aug 23 00:47:43 UTC 2025","1000","tests.admin_panel.promo","test_77_create_promotion_item","","","","test_create_promotion_item_invalid_payload[payload6-422]",""
"passed","Sat Aug 23 00:46:48 UTC 2025","Sat Aug 23 00:46:49 UTC 2025","166","tests.account","test_0_top_partners_top_recruiters","","","","test_get_top_partners_top_recruiters_positive[client]","Позитивные тесты на получение топ-партнеров по количеству активных партнеров"
"passed","Sat Aug 23 00:49:30 UTC 2025","Sat Aug 23 00:49:31 UTC 2025","597","tests.tickets","test_02_get_ticket_by_id","","","","test_get_ticket_invalid_id[]","Негативный тест: передан некорректный ID."
"passed","Sat Aug 23 00:48:01 UTC 2025","Sat Aug 23 00:48:01 UTC 2025","137","tests.admin_panel.slides","test_61_upload_slides_images","","","","test_upload_slide_images_forbidden[partner]","Негативный тест: неадмин не может загрузить изображения слайда."
"skipped","Sat Aug 23 00:49:19 UTC 2025","Sat Aug 23 00:49:19 UTC 2025","0","tests.stock","test_update_stock","","","","test_update_stock_invalid_id[9999999]",""
"passed","Sat Aug 23 00:46:47 UTC 2025","Sat Aug 23 00:46:48 UTC 2025","1503","tests.account","test_delete_cover_url","","","","test_delete_cover_full_payload[partner]",""
"passed","Sat Aug 23 00:49:48 UTC 2025","Sat Aug 23 00:49:48 UTC 2025","170","tests.tickets","test_01_get_tickets","","","","test_get_tickets_success[filter0-sort1-search2-pagination1-client]","Позитивный тест: получение списка тикетов с разными комбинациями параметров"
"passed","Sat Aug 23 00:50:18 UTC 2025","Sat Aug 23 00:50:18 UTC 2025","172","tests.tickets","test_01_get_tickets","","","","test_get_tickets_success[filter2-sort0-search0-pagination0-client]","Позитивный тест: получение списка тикетов с разными комбинациями параметров"
"passed","Sat Aug 23 00:48:03 UTC 2025","Sat Aug 23 00:48:03 UTC 2025","404","tests.auth","test_01_check_version","","","","test_check_version[Android-1.0.0-200]","Тест проверяет API /check_version для разных платформ и версий."
"passed","Sat Aug 23 00:48:27 UTC 2025","Sat Aug 23 00:48:29 UTC 2025","2011","tests.cart","test_user_locale","","","","test_update_user_locale_valid_payload_1[client-payload4]","
    Позитивный тест: Обновление языка/склада/локали авторизованным пользователем."
"skipped","Sat Aug 23 00:49:33 UTC 2025","Sat Aug 23 00:49:33 UTC 2025","621","tests.tickets","test_07_delete_ticket","","","","test_delete_tickets_negative[ticket_ids0-400]","Негативные тесты: удаление с некорректными данными"
"passed","Sat Aug 23 00:48:46 UTC 2025","Sat Aug 23 00:48:47 UTC 2025","789","tests.delivery","test_01_save_delivery_address","","","","test_save_delivery_address_positive[partner-payload5]","Позитивные тесты на сохранение адреса доставки"
"passed","Sat Aug 23 00:49:14 UTC 2025","Sat Aug 23 00:49:15 UTC 2025","636","tests.stock","test_delete_stock","","","","test_delete_stock_invalid_id[9999999]",""
"passed","Sat Aug 23 00:47:30 UTC 2025","Sat Aug 23 00:47:31 UTC 2025","628","tests.admin_panel.promo","test_72_create_promotion","","","","test_create_promotion_invalid_data[payload1-400]","Негативные тесты: невалидные данные"
"passed","Sat Aug 23 00:46:55 UTC 2025","Sat Aug 23 00:46:55 UTC 2025","410","tests.admin_panel.categories","test_47_get_categories_by_id","","","","test_get_categories_unauthorized","Негативный тест: получение категории без авторизации."
"passed","Sat Aug 23 00:47:47 UTC 2025","Sat Aug 23 00:47:48 UTC 2025","600","tests.admin_panel.promo","test_73_get_promotion_by_id","","","","test_get_promotion_not_found","Негативный тест: акция не найдена."
"passed","Sat Aug 23 00:48:36 UTC 2025","Sat Aug 23 00:48:36 UTC 2025","596","tests.catalog","test_delete_admin_product_translation","","","","test_delete_admin_product_translation_invalid_id[0]","Удаление перевода по невалидному product_id — должно вернуть 400 или 404."
"passed","Sat Aug 23 00:49:20 UTC 2025","Sat Aug 23 00:49:20 UTC 2025","138","tests.statistic","test_team_activations","","","","test_get_team_activation_statistic_negative[payload0-partner]","Негативный тест: ошибка при получении статистики активации команды с невалидным телом запроса"
"passed","Sat Aug 23 00:48:40 UTC 2025","Sat Aug 23 00:48:46 UTC 2025","5854","tests.catalog","test_update_admin_product","","","","test_update_admin_product_duplicate_slug",""
"passed","Sat Aug 23 00:49:29 UTC 2025","Sat Aug 23 00:49:29 UTC 2025","175","tests.tickets","test_01_get_tickets","","","","test_get_tickets_success[filter0-sort0-search1-pagination0-client]","Позитивный тест: получение списка тикетов с разными комбинациями параметров"
"passed","Sat Aug 23 00:48:46 UTC 2025","Sat Aug 23 00:48:46 UTC 2025","424","tests.fund","test_get_top_donors","","","","test_get_top_donors_invalid_params[invalid_param3-https://dev.ewahelps.com/api]","Негативный тест: переданы некорректные параметры."
"passed","Sat Aug 23 00:47:31 UTC 2025","Sat Aug 23 00:47:33 UTC 2025","1227","tests.admin_panel.promo","test_77_create_promotion_item","","","","test_create_promotion_item_success","Позитивный тест: создание/обновление элемента акции"
"passed","Sat Aug 23 00:49:22 UTC 2025","Sat Aug 23 00:49:22 UTC 2025","313","tests.stock","test_get_stocks","","","","test_get_stocks[admin]","Запрос всех складов"
"passed","Sat Aug 23 00:50:02 UTC 2025","Sat Aug 23 00:50:02 UTC 2025","173","tests.tickets","test_01_get_tickets","","","","test_get_tickets_success[filter1-sort0-search2-pagination0-partner]","Позитивный тест: получение списка тикетов с разными комбинациями параметров"
"skipped","Sat Aug 23 00:46:43 UTC 2025","Sat Aug 23 00:46:43 UTC 2025","0","tests.account","test_delete_avatar","","","","test_delete_avatar_positive[client]","Позитивные тесты на удаление аватара"
"passed","Sat Aug 23 00:51:57 UTC 2025","Sat Aug 23 00:51:58 UTC 2025","1166","tests.tickets","test_04_create_ticket","","","","test_create_ticket_success[admin-attachments1-ReceivingProductsShortage]","Позитивный тест: создание тикета с разными темами и вложениями для клиента, партнера и админа"
"passed","Sat Aug 23 00:48:09 UTC 2025","Sat Aug 23 00:48:09 UTC 2025","615","tests.auth","test_06_full_logout","","","","test_full_logout_success[partner]","Тест полного разлогина всех сессий клиента, партнера и админа."
"passed","Sat Aug 23 00:50:35 UTC 2025","Sat Aug 23 00:50:35 UTC 2025","164","tests.tickets","test_01_get_tickets","","","","test_get_tickets_success[filter2-sort1-search0-pagination1-client]","Позитивный тест: получение списка тикетов с разными комбинациями параметров"
"skipped","Sat Aug 23 00:49:47 UTC 2025","Sat Aug 23 00:49:50 UTC 2025","3097","tests.tickets","test_09_get_ticket_messages","","","","test_get_ticket_messages_invalid_id_format[0]","Негативный тест: запрос с некорректным ID (строка, спецсимволы, пустое значение)"
"passed","Sat Aug 23 00:49:28 UTC 2025","Sat Aug 23 00:49:29 UTC 2025","140","tests.statistic","test_team_activations","","","","test_get_team_activation_statistic_negative[payload3-partner]","Негативный тест: ошибка при получении статистики активации команды с невалидным телом запроса"
"skipped","Sat Aug 23 00:47:05 UTC 2025","Sat Aug 23 00:47:05 UTC 2025","0","tests.admin_panel.products","test_01_create_product_group","","","","test_create_product_group_forbidden[partner]","Негативный тест: создание продукт группы не-админом запрещено."
"passed","Sat Aug 23 00:49:16 UTC 2025","Sat Aug 23 00:49:16 UTC 2025","140","tests.cart","test_get_delivery_cost","","","","test_get_delivery_cost_invalid_payload[admin-payload1]","Негативный тест: некорректные входные данные"
"passed","Sat Aug 23 00:49:36 UTC 2025","Sat Aug 23 00:49:37 UTC 2025","538","tests.tickets","test_04_create_ticket","","","","test_create_ticket_success[client-attachments0-ReceivingDefectiveProducts]","Позитивный тест: создание тикета с разными темами и вложениями для клиента, партнера и админа"
"passed","Sat Aug 23 00:47:18 UTC 2025","Sat Aug 23 00:47:20 UTC 2025","1896","tests.admin_panel.items","test_create_item_translation","","","","test_create_item_translation_forbidden[partner]","Негативный тест: создание перевода не-админом запрещено."
"skipped","Sat Aug 23 00:46:57 UTC 2025","Sat Aug 23 00:47:04 UTC 2025","7481","tests.admin_panel.items","test_create_item","","","","test_create_item_required_fields_only","Позитивный тест: успешное создание варианта товара (только обязательные поля)."
"skipped","Sat Aug 23 00:49:15 UTC 2025","Sat Aug 23 00:49:16 UTC 2025","668","tests.stock","test_delete_stock","","","","test_delete_stock_invalid_id[abc]",""
"passed","Sat Aug 23 00:47:28 UTC 2025","Sat Aug 23 00:47:33 UTC 2025","5555","tests.admin_panel.products","test_44_upload_product_brand_images","","","","test_upload_product_brand_images_invalid_id","Негативный тест: несуществующий ID бренда."
"passed","Sat Aug 23 00:49:21 UTC 2025","Sat Aug 23 00:49:21 UTC 2025","154","tests.statistic","test_team_go","","","","test_get_team_go_statistic_positive[payload3-admin]","Позитивный тест: получение статистики по команде с валидным телом запроса"
"passed","Sat Aug 23 00:49:11 UTC 2025","Sat Aug 23 00:49:11 UTC 2025","146","tests.statistic","test_team_activations","","","","test_get_team_activation_statistic_positive[payload1-partner]","Позитивный тест: получение статистики по активации команды с валидным телом запроса"
"passed","Sat Aug 23 00:49:08 UTC 2025","Sat Aug 23 00:49:08 UTC 2025","140","tests.delivery","test_01_save_delivery_address","","","","test_save_delivery_address_negative[admin-payload3-400]","Негативные тесты на сохранение адреса доставки (отсутствие обязательных полей, некорректные данные)"
"passed","Sat Aug 23 00:48:00 UTC 2025","Sat Aug 23 00:48:01 UTC 2025","139","tests.admin_panel.slides","test_61_upload_slides_images","","","","test_upload_slide_images_forbidden[client]","Негативный тест: неадмин не может загрузить изображения слайда."
"passed","Sat Aug 23 00:50:17 UTC 2025","Sat Aug 23 00:50:17 UTC 2025","166","tests.tickets","test_01_get_tickets","","","","test_get_tickets_success[filter1-sort1-search2-pagination1-partner]","Позитивный тест: получение списка тикетов с разными комбинациями параметров"
"passed","Sat Aug 23 00:49:39 UTC 2025","Sat Aug 23 00:49:39 UTC 2025","175","tests.tickets","test_01_get_tickets","","","","test_get_tickets_success[filter0-sort1-search0-pagination0-admin]","Позитивный тест: получение списка тикетов с разными комбинациями параметров"
"skipped","Sat Aug 23 00:46:44 UTC 2025","Sat Aug 23 00:46:44 UTC 2025","0","tests.account","test_list_csv","","","","test_get_account_list_csv_positive[partner-payload0]","Позитивные тесты на выгрузку структуры партнеров в CSV"
"skipped","Sat Aug 23 00:46:43 UTC 2025","Sat Aug 23 00:46:43 UTC 2025","0","tests.admin_panel","test_accrue_gold_pro_gift","","","","test_accrue_gold_pro_gift_invalid_payload[payload4-400]",""
"passed","Sat Aug 23 00:49:43 UTC 2025","Sat Aug 23 00:49:43 UTC 2025","175","tests.tickets","test_01_get_tickets","","","","test_get_tickets_success[filter0-sort1-search1-pagination0-admin]","Позитивный тест: получение списка тикетов с разными комбинациями параметров"
"skipped","Sat Aug 23 00:47:44 UTC 2025","Sat Aug 23 00:47:52 UTC 2025","7437","tests.admin_panel.promo","test_78_delete_promotion_item","","","","test_delete_promotion_item_forbidden[client]","Негативный тест: удаление элемента акции не-админом запрещено."
"passed","Sat Aug 23 00:49:35 UTC 2025","Sat Aug 23 00:49:36 UTC 2025","556","tests.tickets","test_04_create_ticket","","","","test_create_ticket_success[client-attachments0-ReceivingDefectiveProductsOrShortage]","Позитивный тест: создание тикета с разными темами и вложениями для клиента, партнера и админа"
"passed","Sat Aug 23 00:50:30 UTC 2025","Sat Aug 23 00:50:31 UTC 2025","532","tests.tickets","test_04_create_ticket","","","","test_create_ticket_success[partner-attachments0-QuestionsAboutProducts]","Позитивный тест: создание тикета с разными темами и вложениями для клиента, партнера и админа"
"passed","Sat Aug 23 00:49:09 UTC 2025","Sat Aug 23 00:49:09 UTC 2025","138","tests.delivery","test_01_save_delivery_address","","","","test_save_delivery_address_negative[admin-payload5-400]","Негативные тесты на сохранение адреса доставки (отсутствие обязательных полей, некорректные данные)"
"passed","Sat Aug 23 00:47:02 UTC 2025","Sat Aug 23 00:47:03 UTC 2025","974","tests.admin_panel.categories","test_50_upload_category_images","","","","test_upload_category_images_invalid_format[invalid.docx-application/vnd.openxmlformats-officedocument.wordprocessingml.document-400]","Негативный тест: загрузка изображений в неверном формате (например, .txt)."
"passed","Sat Aug 23 00:46:55 UTC 2025","Sat Aug 23 00:46:58 UTC 2025","3173","tests.account","test_update_avatar","","","","test_update_avatar_positive[partner-payload1]","Позитивные тесты на обновление аватара"
"passed","Sat Aug 23 00:47:09 UTC 2025","Sat Aug 23 00:47:10 UTC 2025","641","tests.admin_panel.categories","test_80_create_category_translation","","","","test_create_category_translation_invalid_payload[payload3-400]","Негативный тест: создание перевода с невалидным payload."
"passed","Sat Aug 23 00:51:52 UTC 2025","Sat Aug 23 00:51:53 UTC 2025","1232","tests.tickets","test_04_create_ticket","","","","test_create_ticket_success[admin-attachments1-ChangePersonalData]","Позитивный тест: создание тикета с разными темами и вложениями для клиента, партнера и админа"
"passed","Sat Aug 23 00:48:02 UTC 2025","Sat Aug 23 00:48:03 UTC 2025","931","tests.admin_panel.sliders","test_52_create_slider","","","","test_create_slider_should_fail_on_duplicate","Негативный тест: дублирование уникальных полей слайдера."
"skipped","Sat Aug 23 00:46:43 UTC 2025","Sat Aug 23 00:46:43 UTC 2025","0","tests.account","test_token","","","","test_add_token_positive[admin-payload1]","Позитивные тесты на добавление токена"
"passed","Sat Aug 23 00:47:38 UTC 2025","Sat Aug 23 00:47:39 UTC 2025","605","tests.admin_panel.promo","test_72_create_promotion","","","","test_create_promotion_invalid_data[payload6-400]","Негативные тесты: невалидные данные"
"passed","Sat Aug 23 00:48:02 UTC 2025","Sat Aug 23 00:48:03 UTC 2025","993","tests.admin_panel.sliders","test_54_update_slider","","","","test_update_slider_invalid_payload[payload0-expected_code0]","Негативный тест: обновление слайдера с невалидным или неполным телом запроса."
"passed","Sat Aug 23 00:46:42 UTC 2025","Sat Aug 23 00:46:42 UTC 2025","147","tests.account","test_0_referral_links","","","","test_get_referral_links_positive[client-403]","Позитивные тесты на получение реферальных ссылок"
"skipped","Sat Aug 23 00:46:40 UTC 2025","Sat Aug 23 00:46:40 UTC 2025","0","tests.account","test_0_marathon","","","","test_create_product_brand_invalid_payload[params2-400-partner]",""
"skipped","Sat Aug 23 00:49:14 UTC 2025","Sat Aug 23 00:49:14 UTC 2025","0","tests.stock","test_create_stock","","","","test_create_stock_with_empty_string_log_if_not_200[address.city_id]",""
"passed","Sat Aug 23 00:48:22 UTC 2025","Sat Aug 23 00:48:23 UTC 2025","939","tests.admin_panel.sliders","test_54_update_slider","","","","test_update_slider_invalid_payload[payload11-422]","Негативный тест: обновление слайдера с невалидным или неполным телом запроса."
"passed","Sat Aug 23 00:47:57 UTC 2025","Sat Aug 23 00:47:58 UTC 2025","1010","tests.admin_panel.slides","test_60_delete_slides","","","","test_delete_slide_success","Позитивный тест: успешное удаление слайда."
"skipped","Sat Aug 23 00:46:43 UTC 2025","Sat Aug 23 00:46:43 UTC 2025","0","tests.account","test_token","","","","test_add_token_positive[partner-payload0]","Позитивные тесты на добавление токена"
"passed","Sat Aug 23 00:47:08 UTC 2025","Sat Aug 23 00:47:10 UTC 2025","2419","tests.admin_panel.products","test_01_recommended_products_sort","","","","test_sort_recommendations_no_rights[client]","Пользователь без прав пытается отсортировать рекомендации"
"passed","Sat Aug 23 00:49:35 UTC 2025","Sat Aug 23 00:49:35 UTC 2025","147","tests.statistic","test_team_registrations","","","","test_get_team_registration_statistic_negative[payload6-client]","Негативный тест: ошибка при получении статистики регистрации команды с невалидным телом запроса"
"passed","Sat Aug 23 00:46:56 UTC 2025","Sat Aug 23 00:46:57 UTC 2025","1439","tests.admin_panel.categories","test_80_create_category_translation","","","","test_create_category_translation_success[kk]","Позитивный тест: создание/обновление перевода категории для разных языков."
"passed","Sat Aug 23 00:49:20 UTC 2025","Sat Aug 23 00:49:21 UTC 2025","290","tests.stock","test_get_stocks","","","","test_get_stocks[client]","Запрос всех складов"
"passed","Sat Aug 23 00:49:30 UTC 2025","Sat Aug 23 00:49:30 UTC 2025","588","tests.tickets","test_02_get_ticket_by_id","","","","test_get_ticket_invalid_id[None]","Негативный тест: передан некорректный ID."
"passed","Sat Aug 23 00:48:06 UTC 2025","Sat Aug 23 00:48:06 UTC 2025","138","tests.admin_panel.slides","test_62_slides_get_upload_urls","","","","test_get_upload_urls_forbidden[client]","Негативный тест: неадмин не может получить ссылки на загрузку видео файлов."
"skipped","Sat Aug 23 00:46:43 UTC 2025","Sat Aug 23 00:46:43 UTC 2025","0","tests.account","test_history","","","","test_get_history_positive[admin-payload1]","Позитивные тесты на получение истории аккаунта"
"passed","Sat Aug 23 00:48:39 UTC 2025","Sat Aug 23 00:48:40 UTC 2025","814","tests.catalog","test_create_admin_product","","","","test_create_product_invalid_payload[payload5-422]",""
"passed","Sat Aug 23 00:48:06 UTC 2025","Sat Aug 23 00:48:06 UTC 2025","404","tests.auth","test_01_check_version","","","","test_check_version[Android--400]","Тест проверяет API /check_version для разных платформ и версий."
"skipped","Sat Aug 23 00:49:35 UTC 2025","Sat Aug 23 00:49:37 UTC 2025","1200","tests.tickets","test_06_close_ticket","","","","test_close_tickets_negative[partner-ticket_ids0-400]","Негативные тесты: закрытие с некорректными данными"
"passed","Sat Aug 23 00:47:07 UTC 2025","Sat Aug 23 00:47:10 UTC 2025","2938","tests.admin_panel.items","test_get_item_translation","","","","test_get_item_two_translations_success",""
"passed","Sat Aug 23 00:50:55 UTC 2025","Sat Aug 23 00:50:55 UTC 2025","139","tests.tickets","test_01_get_tickets","","","","test_get_tickets_invalid_search[invalid_search2-400-client]","Негативный тест: передаем некорректные параметры поиска"
"failed","Sat Aug 23 00:48:31 UTC 2025","Sat Aug 23 00:48:31 UTC 2025","1","tests.catalog","test_create_admin_product","","","","test_create_admin_product_forbidden_for_non_admin[client]",""
"passed","Sat Aug 23 00:48:08 UTC 2025","Sat Aug 23 00:48:08 UTC 2025","624","tests.admin_panel.slides","test_57_create_slide","","","","test_create_slide_invalid_payload[payload5-expected_code5]","Негативные тесты: некорректные и неполные payload'ы."
"skipped","Sat Aug 23 00:49:38 UTC 2025","Sat Aug 23 00:49:39 UTC 2025","1238","tests.tickets","test_06_close_ticket","","","","test_close_tickets_negative[partner-None-400]","Негативные тесты: закрытие с некорректными данными"
"passed","Sat Aug 23 00:48:13 UTC 2025","Sat Aug 23 00:48:13 UTC 2025","141","tests.auth","test_02_login","","","","test_admin_login[admin-Admin-wrong_password-401]",""
"passed","Sat Aug 23 00:46:52 UTC 2025","Sat Aug 23 00:46:53 UTC 2025","629","tests.admin_panel.categories","test_50_upload_category_images","","","","test_upload_category_images_invalid_id","Негативный тест: несуществующий ID категории."
"passed","Sat Aug 23 00:47:40 UTC 2025","Sat Aug 23 00:47:43 UTC 2025","3130","tests.admin_panel.sliders","test_51_get_sliders","","","","test_get_sliders_success","Позитивный тест: успешное получение списка слайдеров админом"
"passed","Sat Aug 23 00:47:28 UTC 2025","Sat Aug 23 00:47:29 UTC 2025","677","tests.admin_panel.items","test_get_item_translation","","","","test_get_item_translation_not_found",""
"skipped","Sat Aug 23 00:49:14 UTC 2025","Sat Aug 23 00:49:14 UTC 2025","0","tests.stock","test_create_stock","","","","test_create_stock_with_empty_string_log_if_not_200[address.postal_code]",""
"skipped","Sat Aug 23 00:46:43 UTC 2025","Sat Aug 23 00:46:43 UTC 2025","0","tests.account","test_get_languages","","","","test_get_languages_success[partner-ios-200]","Возвращает список языков, доступных для перевода"
"passed","Sat Aug 23 00:49:51 UTC 2025","Sat Aug 23 00:49:51 UTC 2025","167","tests.tickets","test_01_get_tickets","","","","test_get_tickets_success[filter1-sort0-search0-pagination0-partner]","Позитивный тест: получение списка тикетов с разными комбинациями параметров"
"passed","Sat Aug 23 00:47:30 UTC 2025","Sat Aug 23 00:47:30 UTC 2025","429","tests.admin_panel.promo","test_71_get_promotions","","","","test_get_promotions_list_unauthorized","Негативный тест: получение списка акций без авторизации."
"passed","Sat Aug 23 00:48:43 UTC 2025","Sat Aug 23 00:48:44 UTC 2025","815","tests.delivery","test_01_save_delivery_address","","","","test_save_delivery_address_positive[partner-payload3]","Позитивные тесты на сохранение адреса доставки"
"passed","Sat Aug 23 00:49:02 UTC 2025","Sat Aug 23 00:49:03 UTC 2025","616","tests.catalog","test_update_admin_product","","","","test_update_admin_product_invalid_id[-1]",""
"skipped","Sat Aug 23 00:49:14 UTC 2025","Sat Aug 23 00:49:14 UTC 2025","0","tests.stock","test_create_stock","","","","test_create_stock_with_empty_string_log_if_not_200[address.intercom]",""
"skipped","Sat Aug 23 00:49:11 UTC 2025","Sat Aug 23 00:49:11 UTC 2025","151","tests.register","test_01_register_form","","","","test_register_form_negative[admin-payload0-400]",""
"passed","Sat Aug 23 00:48:01 UTC 2025","Sat Aug 23 00:48:02 UTC 2025","623","tests.admin_panel.sliders","test_54_update_slider","","","","test_update_slider_invalid_id[abc]","Негативный тест: несуществующий или некорректный ID."
"passed","Sat Aug 23 00:50:32 UTC 2025","Sat Aug 23 00:50:33 UTC 2025","549","tests.tickets","test_04_create_ticket","","","","test_create_ticket_success[partner-attachments0-QuestionsAboutTheMarriageContract]","Позитивный тест: создание тикета с разными темами и вложениями для клиента, партнера и админа"
"passed","Sat Aug 23 00:48:11 UTC 2025","Sat Aug 23 00:48:12 UTC 2025","923","tests.admin_panel.slides","test_59_update_slide","","","","test_update_slide_invalid_payload[payload0-expected_code0]","Негативный тест: обновление слайда с невалидным или неполным телом запроса."
"passed","Sat Aug 23 00:52:17 UTC 2025","Sat Aug 23 00:52:18 UTC 2025","1064","tests.tickets","test_04_create_ticket","","","","test_create_ticket_success[admin-attachments2-ReceivingProductsShortage]","Позитивный тест: создание тикета с разными темами и вложениями для клиента, партнера и админа"
"passed","Sat Aug 23 00:50:16 UTC 2025","Sat Aug 23 00:50:17 UTC 2025","1153","tests.tickets","test_04_create_ticket","","","","test_create_ticket_success[client-attachments2-QuestionsAboutTheRewardSystemMarketingPlan]","Позитивный тест: создание тикета с разными темами и вложениями для клиента, партнера и админа"
"passed","Sat Aug 23 00:48:43 UTC 2025","Sat Aug 23 00:48:46 UTC 2025","3036","tests.delivery","test_03_delete_delivery_address","","","","test_delete_delivery_address_permissions[authorize_client-authorize_client-False]","Тест: проверка прав доступа при удалении адресов"
"passed","Sat Aug 23 00:47:24 UTC 2025","Sat Aug 23 00:47:25 UTC 2025","404","tests.admin_panel.products","test_03_recommended_products_delete","","","","test_remove_recommendation_unauthorized","Неавторизованный пользователь пытается удалить рекомендации."
"skipped","Sat Aug 23 00:49:14 UTC 2025","Sat Aug 23 00:49:14 UTC 2025","0","tests.stock","test_create_stock","","","","test_create_stock_with_empty_string_log_if_not_200[timezone.display_name]",""
"passed","Sat Aug 23 00:46:39 UTC 2025","Sat Aug 23 00:46:39 UTC 2025","148","tests.account","test_0_grades_rating","","","","test_get_grades_rating_positive[client]","Позитивные тесты на получение рейтинга квалификаций"
"skipped","Sat Aug 23 00:46:43 UTC 2025","Sat Aug 23 00:46:43 UTC 2025","0","tests.admin_panel","test_accrue_gold_pro_gift","","","","test_accrue_gold_pro_gift_forbidden[partner]",""
"skipped","Sat Aug 23 00:49:25 UTC 2025","Sat Aug 23 00:49:25 UTC 2025","150","tests.statistic","test_team_go","","","","test_get_team_go_statistic_negative[payload2-client]","Негативный тест: ошибка при получении статистики по команде с невалидным телом запроса"
"skipped","Sat Aug 23 00:47:05 UTC 2025","Sat Aug 23 00:47:05 UTC 2025","0","tests.admin_panel.products","test_01_create_product_group","","","","test_create_product_group_success_2","Позитивный тест: успешное создание продукт группы (только обязательное поле)."
"skipped","Sat Aug 23 00:49:06 UTC 2025","Sat Aug 23 00:49:06 UTC 2025","159","tests.register","test_01_register_form","","","","test_register_form_negative[client-payload1-400]",""
"passed","Sat Aug 23 00:49:19 UTC 2025","Sat Aug 23 00:49:20 UTC 2025","399","tests.stock","test_update_stock","","","","test_update_stock_unauthorized",""
"passed","Sat Aug 23 00:48:35 UTC 2025","Sat Aug 23 00:48:35 UTC 2025","139","tests.cart","test_user_locale","","","","test_update_user_locale_valid_payload_1[client-payload8]","
    Позитивный тест: Обновление языка/склада/локали авторизованным пользователем."
"skipped","Sat Aug 23 00:46:43 UTC 2025","Sat Aug 23 00:46:43 UTC 2025","0","tests.account","test_update_default_stock","","","","test_update_default_stock_positive[client-payload0]","Позитивные тесты на изменение дефолтного склада"
"passed","Sat Aug 23 00:47:44 UTC 2025","Sat Aug 23 00:47:44 UTC 2025","140","tests.admin_panel.sliders","test_52_create_slider","","","","test_create_slider_forbidden[partner]","Негативный тест: создание слайдера не-админом запрещено."
"skipped","Sat Aug 23 00:46:43 UTC 2025","Sat Aug 23 00:46:44 UTC 2025","610","tests.admin_panel","test_delete_user","","","","test_delete_user[authorize_partner-authorize_admin]","Удаление клиента/ партнера админом"
"passed","Sat Aug 23 00:48:04 UTC 2025","Sat Aug 23 00:48:04 UTC 2025","417","tests.auth","test_01_check_version","","","","test_check_version[Ios-1.5.3-200]","Тест проверяет API /check_version для разных платформ и версий."
"passed","Sat Aug 23 00:48:23 UTC 2025","Sat Aug 23 00:48:23 UTC 2025","472","tests.cart","test_get_delivery_cost","","","","test_get_delivery_cost_success_region_available_false[partner]","Позитивный тест: успешное получение ТК отправляя название региона без айдишника (Country.is_region_available = false)"
"passed","Sat Aug 23 00:48:22 UTC 2025","Sat Aug 23 00:48:22 UTC 2025","141","tests.auth","test_02_login","","","","test_partner_login[partner-0709--401]",""
"skipped","Sat Aug 23 00:46:43 UTC 2025","Sat Aug 23 00:46:43 UTC 2025","0","tests.account","test_token_revoke","","","","test_revoke_token_positive[client-payload1]","Позитивные тесты на удаление токена"
"passed","Sat Aug 23 00:52:03 UTC 2025","Sat Aug 23 00:52:05 UTC 2025","1068","tests.tickets","test_04_create_ticket","","","","test_create_ticket_success[admin-attachments2-QuestionsAboutInternationalDelivery]","Позитивный тест: создание тикета с разными темами и вложениями для клиента, партнера и админа"
"passed","Sat Aug 23 00:48:58 UTC 2025","Sat Aug 23 00:49:00 UTC 2025","1704","tests.one_c","test_create_1c_stock","","","","test_flags_is_enabled_can_group_order_roundtrip",""
"passed","Sat Aug 23 00:49:40 UTC 2025","Sat Aug 23 00:49:40 UTC 2025","140","tests.statistic","test_team_activations","","","","test_get_team_activation_statistic_negative[payload6-admin]","Негативный тест: ошибка при получении статистики активации команды с невалидным телом запроса"
"passed","Sat Aug 23 00:49:39 UTC 2025","Sat Aug 23 00:49:39 UTC 2025","167","tests.tickets","test_01_get_tickets","","","","test_get_tickets_success[filter0-sort1-search0-pagination0-partner]","Позитивный тест: получение списка тикетов с разными комбинациями параметров"
"passed","Sat Aug 23 00:48:46 UTC 2025","Sat Aug 23 00:48:51 UTC 2025","4725","tests.catalog","test_get_admin_product_translation","","","","test_get_admin_product_translation_forbidden[partner]","Запрет получения переводов для клиента/партнёра."
"skipped","Sat Aug 23 00:49:14 UTC 2025","Sat Aug 23 00:49:14 UTC 2025","0","tests.stock","test_create_stock","","","","test_create_stock_with_empty_string_log_if_not_200[timezone.dst_end]",""
"passed","Sat Aug 23 00:49:20 UTC 2025","Sat Aug 23 00:49:20 UTC 2025","144","tests.statistic","test_team_activations","","","","test_get_team_activation_statistic_negative[payload0-admin]","Негативный тест: ошибка при получении статистики активации команды с невалидным телом запроса"
"passed","Sat Aug 23 00:49:03 UTC 2025","Sat Aug 23 00:49:03 UTC 2025","406","tests.orders","test_orders_v2_pay","","","","test_orders_v2_pay_unauthorized","Негативный тест: запрос без авторизации"
"passed","Sat Aug 23 00:47:19 UTC 2025","Sat Aug 23 00:47:20 UTC 2025","916","tests.admin_panel.products","test_42_update_product_brand","","","","test_update_product_brand_forbidden[client]","Негативный тест: попытка обновления бренда не-админом."
"skipped","Sat Aug 23 00:49:20 UTC 2025","Sat Aug 23 00:49:20 UTC 2025","0","tests.temporary","test_create_structure","","","","test_create_structure[case_name0-active_count0-active_lo0-passive_count0-passive_lo0]","
    Тест создания структуры
    "
"passed","Sat Aug 23 00:49:12 UTC 2025","Sat Aug 23 00:49:12 UTC 2025","143","tests.cart","test_get_delivery_cost","","","","test_get_delivery_cost_invalid_payload[partner-payload2]","Негативный тест: некорректные входные данные"
"passed","Sat Aug 23 00:49:55 UTC 2025","Sat Aug 23 00:49:56 UTC 2025","1233","tests.tickets","test_04_create_ticket","","","","test_create_ticket_success[client-attachments1-OtherQuestions]","Позитивный тест: создание тикета с разными темами и вложениями для клиента, партнера и админа"
"skipped","Sat Aug 23 00:49:09 UTC 2025","Sat Aug 23 00:49:09 UTC 2025","173","tests.register","test_01_register_form","","","","test_register_form_negative[partner-payload1-400]",""
"passed","Sat Aug 23 00:49:08 UTC 2025","Sat Aug 23 00:49:09 UTC 2025","706","tests.register","test_03_register_client","","","","test_register_client_negative[payload0-400]","Тест: негативные тесты для регистрации клиента вручную"
"skipped","Sat Aug 23 00:52:31 UTC 2025","Sat Aug 23 00:52:31 UTC 2025","0","tests.tickets","test_04_create_ticket","","","","test_create_ticket_invalid_message[partner-]","Негативный тест: создание тикета без сообщения"
"passed","Sat Aug 23 00:46:51 UTC 2025","Sat Aug 23 00:46:53 UTC 2025","1570","tests.admin_panel.categories","test_80_create_category_translation","","","","test_create_category_translation_success[ru]","Позитивный тест: создание/обновление перевода категории для разных языков."
"passed","Sat Aug 23 00:48:46 UTC 2025","Sat Aug 23 00:48:46 UTC 2025","408","tests.fund","test_get_top_donors","","","","test_get_top_donors_invalid_params[invalid_param2-https://dev.ewahelps.com/api]","Негативный тест: переданы некорректные параметры."
"passed","Sat Aug 23 00:49:35 UTC 2025","Sat Aug 23 00:49:35 UTC 2025","140","tests.statistic","test_team_registrations","","","","test_get_team_registration_statistic_negative[payload6-partner]","Негативный тест: ошибка при получении статистики регистрации команды с невалидным телом запроса"
"passed","Sat Aug 23 00:48:52 UTC 2025","Sat Aug 23 00:48:52 UTC 2025","610","tests.catalog","test_get_admin_product_translation","","","","test_get_admin_product_translation_invalid_id[-1]","Проверка получения перевода по невалидному product_id."
"skipped","Sat Aug 23 00:46:43 UTC 2025","Sat Aug 23 00:46:43 UTC 2025","0","tests.account","test_token_revoke","","","","test_revoke_token_positive[client-payload0]","Позитивные тесты на удаление токена"
"passed","Sat Aug 23 00:47:16 UTC 2025","Sat Aug 23 00:47:18 UTC 2025","2213","tests.admin_panel.products","test_02_recommended_products_add","","","","test_add_recommendation_no_rights[client]","Пользователь без прав пытается добавить рекомендации"
"passed","Sat Aug 23 00:47:22 UTC 2025","Sat Aug 23 00:47:23 UTC 2025","583","tests.admin_panel.products","test_41_get_product_brand_by_id","","","","test_get_product_brand_invalid_id[-1]","Негативный тест: получение бренда по невалидному ID"
"passed","Sat Aug 23 00:47:44 UTC 2025","Sat Aug 23 00:47:45 UTC 2025","595","tests.admin_panel.promo","test_77_create_promotion_item","","","","test_create_promotion_item_invalid_ids[None-1-404]",""
"passed","Sat Aug 23 00:47:35 UTC 2025","Sat Aug 23 00:47:41 UTC 2025","5968","tests.admin_panel.products","test_42_update_product_brand","","","","test_update_product_brand_invalid_payload[payload6-422]","Негативный тест: обновление бренда с невалидным или неполным телом запроса."
"skipped","Sat Aug 23 00:46:38 UTC 2025","Sat Aug 23 00:46:38 UTC 2025","0","tests.PROJECT_EDUCATION.test_system","01_start_test","","","","test_start_test_invalid_id[999999]","Негативный тест: запуск теста с невалидным ID"
"passed","Sat Aug 23 00:48:08 UTC 2025","Sat Aug 23 00:48:08 UTC 2025","437","tests.auth","test_04_refresh","","","","test_refresh_token_invalid","Тест обновления токена с недействительным refresh-токеном."
"passed","Sat Aug 23 00:46:45 UTC 2025","Sat Aug 23 00:46:45 UTC 2025","400","tests.admin_panel","test_report_accruals","","","","test_report_accruals_unauthorized",""
"skipped","Sat Aug 23 00:49:13 UTC 2025","Sat Aug 23 00:49:13 UTC 2025","207","tests.register","test_01_register_form","","","","test_register_form_negative[admin-payload3-400]",""
"passed","Sat Aug 23 00:47:13 UTC 2025","Sat Aug 23 00:47:14 UTC 2025","423","tests.admin_panel.products","test_01_recommended_products_sort","","","","test_sort_recommendations_unauthorized","Неавторизованный пользователь пытается отсортировать рекомендации"
"passed","Sat Aug 23 00:47:46 UTC 2025","Sat Aug 23 00:47:47 UTC 2025","1001","tests.admin_panel.promo","test_74_update_promotion","","","","test_update_promotion_invalid_payload[payload2-400]","Негативный тест: обновление акции с невалидным или неполным телом запроса."
"passed","Sat Aug 23 00:47:15 UTC 2025","Sat Aug 23 00:47:16 UTC 2025","422","tests.admin_panel.products","test_39_get_product_brands","","","","test_get_product_brands_unauthorized","Негативный тест: получение брендов без авторизации."
"skipped","Sat Aug 23 00:46:43 UTC 2025","Sat Aug 23 00:46:43 UTC 2025","0","tests.account","test_funds_transfer_send","","","","test_send_funds_transfer_positive[admin-payload1]","Позитивные тесты на перевод/вывод средств по visibleId"
"passed","Sat Aug 23 00:49:12 UTC 2025","Sat Aug 23 00:49:13 UTC 2025","403","tests.stock","test_create_stock","","","","test_create_stock_unauthorized",""
"passed","Sat Aug 23 00:47:03 UTC 2025","Sat Aug 23 00:47:06 UTC 2025","2202","tests.admin_panel.products","test_01_recommended_products_sort","","","","test_sort_recommendations_partial","Сортировка по рекомендациям"
"passed","Sat Aug 23 00:48:24 UTC 2025","Sat Aug 23 00:48:25 UTC 2025","594","tests.admin_panel.slides","test_57_create_slide","","","","test_create_slide_title_color_validation[123456-400]","Валидация поля title_color при создании слайда."
"passed","Sat Aug 23 00:46:45 UTC 2025","Sat Aug 23 00:46:45 UTC 2025","169","tests.admin_panel.categories","test_45_get_categories","","","","test_get_categories_forbidden[client]","Негативный тест: получение списка категорий не админом."
"passed","Sat Aug 23 00:48:25 UTC 2025","Sat Aug 23 00:48:26 UTC 2025","612","tests.admin_panel.slides","test_57_create_slide","","","","test_create_slide_title_color_validation[#1234567-400]","Валидация поля title_color при создании слайда."
"passed","Sat Aug 23 00:46:53 UTC 2025","Sat Aug 23 00:46:54 UTC 2025","950","tests.admin_panel.categories","test_49_delete_category","","","","test_delete_category_forbidden[partner]","Негативный тест: попытка удаления категории не-админом."
"passed","Sat Aug 23 00:50:23 UTC 2025","Sat Aug 23 00:50:23 UTC 2025","160","tests.tickets","test_01_get_tickets","","","","test_get_tickets_success[filter2-sort0-search1-pagination0-partner]","Позитивный тест: получение списка тикетов с разными комбинациями параметров"
"passed","Sat Aug 23 00:47:13 UTC 2025","Sat Aug 23 00:47:14 UTC 2025","970","tests.admin_panel.categories","test_57_v2_update_category","","","","test_v2_update_category_invalid_payload[payload3-400]","Негативный тест: обновление категории с невалидным или неполным телом запроса."
"passed","Sat Aug 23 00:52:24 UTC 2025","Sat Aug 23 00:52:24 UTC 2025","575","tests.tickets","test_04_create_ticket","","","","test_create_ticket_invalid_request_type[partner-None-200]","Негативный тест: попытка создания тикета с неверным типом request_type"
"passed","Sat Aug 23 00:47:35 UTC 2025","Sat Aug 23 00:47:36 UTC 2025","986","tests.admin_panel.promo","test_77_create_promotion_item","","","","test_create_promotion_item_forbidden[partner]","Негативный тест: создание элемента акции не-админом запрещено."
"passed","Sat Aug 23 00:48:38 UTC 2025","Sat Aug 23 00:48:39 UTC 2025","960","tests.delivery","test_01_save_delivery_address","","","","test_save_delivery_address_positive[partner-payload0]","Позитивные тесты на сохранение адреса доставки"
"skipped","Sat Aug 23 00:46:43 UTC 2025","Sat Aug 23 00:46:43 UTC 2025","0","tests.admin_panel","test_accrue_gold_pro_gift","","","","test_accrue_gold_pro_gift_unauthorized",""
"passed","Sat Aug 23 00:49:36 UTC 2025","Sat Aug 23 00:49:36 UTC 2025","144","tests.statistic","test_team_go","","","","test_get_team_go_statistic_negative[payload5-client]","Негативный тест: ошибка при получении статистики по команде с невалидным телом запроса"
"passed","Sat Aug 23 00:48:13 UTC 2025","Sat Aug 23 00:48:18 UTC 2025","5816","tests.admin_panel.sliders","test_54_update_slider","","","","test_update_slider_invalid_payload[payload6-400]","Негативный тест: обновление слайдера с невалидным или неполным телом запроса."
"passed","Sat Aug 23 00:47:03 UTC 2025","Sat Aug 23 00:47:03 UTC 2025","423","tests.admin_panel.categories","test_79_get_category_translation","","","","test_get_category_translation_unauthorized",""
"skipped","Sat Aug 23 00:46:43 UTC 2025","Sat Aug 23 00:46:43 UTC 2025","0","tests.account","test_history_personal_volumes_admin","","","","test_get_personal_volumes_history_admin_positive[client-payload0]","Позитивные тесты на получение истории начисления личных объемов для админа"
"skipped","Sat Aug 23 00:47:03 UTC 2025","Sat Aug 23 00:47:03 UTC 2025","0","tests.admin_panel.products","test_01_delete_product_group","","","","test_delete_product_group_success","Позитивный тест: успешное удаление продукт группы."
"passed","Sat Aug 23 00:48:45 UTC 2025","Sat Aug 23 00:48:53 UTC 2025","7718","tests.admin_panel.slides","test_61_upload_slides_images","","","","test_upload_slide_images_file_too_large[4.7-fields_to_send8-204]","Негативный тест: загрузка слишком большого изображения."
"skipped","Sat Aug 23 00:49:14 UTC 2025","Sat Aug 23 00:49:14 UTC 2025","0","tests.stock","test_create_stock","","","","test_create_stock_with_empty_string_log_if_not_200[is_yandex_delivery]",""
"skipped","Sat Aug 23 00:49:18 UTC 2025","Sat Aug 23 00:49:18 UTC 2025","260","tests.stock","test_get_group_orders","","","","test_get_group_orders_invalid_country_id[0-admin]","Проверка получения складов по невалидному country_id"
"passed","Sat Aug 23 00:47:16 UTC 2025","Sat Aug 23 00:47:20 UTC 2025","4456","tests.admin_panel.categories","test_50_upload_category_images","","","","test_upload_category_images_file_too_large[5.3-fields_to_send1-400]","Негативный тест: загрузка слишком большого изображения."
"passed","Sat Aug 23 00:48:18 UTC 2025","Sat Aug 23 00:48:19 UTC 2025","973","tests.admin_panel.sliders","test_54_update_slider","","","","test_update_slider_invalid_payload[payload7-422]","Негативный тест: обновление слайдера с невалидным или неполным телом запроса."
"passed","Sat Aug 23 00:49:36 UTC 2025","Sat Aug 23 00:49:36 UTC 2025","138","tests.statistic","test_team_go","","","","test_get_team_go_statistic_negative[payload4-admin]","Негативный тест: ошибка при получении статистики по команде с невалидным телом запроса"
"passed","Sat Aug 23 00:48:40 UTC 2025","Sat Aug 23 00:48:41 UTC 2025","914","tests.delivery","test_01_save_delivery_address","","","","test_save_delivery_address_positive[partner-payload1]","Позитивные тесты на сохранение адреса доставки"
"passed","Sat Aug 23 00:49:10 UTC 2025","Sat Aug 23 00:49:10 UTC 2025","404","tests.one_c","test_create_1c_stock","","","","test_post_forbidden[True-invalid]",""
"skipped","Sat Aug 23 00:49:14 UTC 2025","Sat Aug 23 00:49:14 UTC 2025","0","tests.stock","test_create_stock","","","","test_create_stock_with_empty_string_log_if_not_200[address.name]",""
"skipped","Sat Aug 23 00:49:03 UTC 2025","Sat Aug 23 00:49:03 UTC 2025","133","tests.orders","test_group_order_change_country","","","","test_change_country_invalid_data[invalid_payload1-admin]","Негативные тесты: передача некорректных данных"
"passed","Sat Aug 23 00:46:41 UTC 2025","Sat Aug 23 00:46:42 UTC 2025","689","tests.PROJECT_FUND.initiatives","test_get_initiative_by_id","","","","test_get_initiative_by_invalid_id[None-https://dev.ewahelps.com/api]",""
"passed","Sat Aug 23 00:47:17 UTC 2025","Sat Aug 23 00:47:18 UTC 2025","964","tests.admin_panel.products","test_41_get_product_brand_by_id","","","","test_get_product_brand_by_id_success","Позитивный тест: успешное получение бренда по ID админом"
"skipped","Sat Aug 23 00:49:14 UTC 2025","Sat Aug 23 00:49:14 UTC 2025","0","tests.stock","test_create_stock","","","","test_create_stock_with_empty_string_log_if_not_200[address.description]",""
"passed","Sat Aug 23 00:46:46 UTC 2025","Sat Aug 23 00:46:46 UTC 2025","419","tests.admin_panel.categories","test_45_get_categories","","","","test_get_categories_unauthorized","Негативный тест: получение категорий без авторизации."
"passed","Sat Aug 23 00:49:19 UTC 2025","Sat Aug 23 00:49:19 UTC 2025","138","tests.cart","test_get_delivery_cost","","","","test_get_delivery_cost_invalid_payload[admin-payload6]","Негативный тест: некорректные входные данные"
"passed","Sat Aug 23 00:50:39 UTC 2025","Sat Aug 23 00:50:40 UTC 2025","543","tests.tickets","test_04_create_ticket","","","","test_create_ticket_success[partner-attachments0-ReceivingProductsShortage]","Позитивный тест: создание тикета с разными темами и вложениями для клиента, партнера и админа"
"passed","Sat Aug 23 00:47:58 UTC 2025","Sat Aug 23 00:47:59 UTC 2025","1135","tests.admin_panel.slides","test_56_get_slides","","","","test_get_slides_after_adding","Интеграционный тест: добавление слайда и проверка его наличия в списке по ID."
"skipped","Sat Aug 23 00:46:43 UTC 2025","Sat Aug 23 00:46:43 UTC 2025","0","tests.account","test_funds_transfer_send","","","","test_send_funds_transfer_positive[partner-payload1]","Позитивные тесты на перевод/вывод средств по visibleId"
"skipped","Sat Aug 23 00:46:43 UTC 2025","Sat Aug 23 00:46:43 UTC 2025","0","tests.account","test_token","","","","test_add_token_positive[client-payload1]","Позитивные тесты на добавление токена"
"passed","Sat Aug 23 00:47:21 UTC 2025","Sat Aug 23 00:47:21 UTC 2025","599","tests.admin_panel.items","test_create_item_translation","","","","test_create_item_translation_invalid_payload[payload0-code0]","Негативный тест: создание перевода с невалидным payload."
"passed","Sat Aug 23 00:49:10 UTC 2025","Sat Aug 23 00:49:11 UTC 2025","424","tests.one_c","test_create_1c_stock","","","","test_post_forbidden[True-]",""
"passed","Sat Aug 23 00:49:14 UTC 2025","Sat Aug 23 00:49:14 UTC 2025","139","tests.cart","test_get_delivery_cost","","","","test_get_delivery_cost_invalid_payload[partner-payload5]","Негативный тест: некорректные входные данные"
"passed","Sat Aug 23 00:49:01 UTC 2025","Sat Aug 23 00:49:01 UTC 2025","141","tests.cart","test_user_locale","","","","test_update_user_locale_invalid_payload[partner-payload0-400]","Негативный тест: обновление локали с невалидным payload."
"passed","Sat Aug 23 00:46:42 UTC 2025","Sat Aug 23 00:46:42 UTC 2025","151","tests.account","test_0_top_partners_client_service_v2","","","","test_get_top_partners_client_service_v2_positive[partner]","Позитивные тесты на получение топ-партнеров по сумме ЛО клиентов"
"passed","Sat Aug 23 00:49:18 UTC 2025","Sat Aug 23 00:49:18 UTC 2025","159","tests.statistic","test_team_activations","","","","test_get_team_activation_statistic_positive[payload3-admin]","Позитивный тест: получение статистики по активации команды с валидным телом запроса"
"passed","Sat Aug 23 00:47:01 UTC 2025","Sat Aug 23 00:47:02 UTC 2025","1071","tests.admin_panel.categories","test_50_upload_category_images","","","","test_upload_category_images_invalid_format[invalid.pdf-application/pdf-400]","Негативный тест: загрузка изображений в неверном формате (например, .txt)."
"passed","Sat Aug 23 00:47:36 UTC 2025","Sat Aug 23 00:47:36 UTC 2025","420","tests.admin_panel.promo","test_74_update_promotion","","","","test_update_promotion_unauthorized","Негативный тест: попытка обновления акции без авторизации."
"passed","Sat Aug 23 00:48:47 UTC 2025","Sat Aug 23 00:48:47 UTC 2025","139","tests.delivery","test_01_save_delivery_address","","","","test_save_delivery_address_negative[client-payload0-400]","Негативные тесты на сохранение адреса доставки (отсутствие обязательных полей, некорректные данные)"
"passed","Sat Aug 23 00:48:09 UTC 2025","Sat Aug 23 00:48:09 UTC 2025","408","tests.admin_panel.slides","test_58_get_slides_by_id","","","","test_get_slides_unauthorized","Негативный тест: попытка получения слайда без авторизации."
"skipped","Sat Aug 23 00:49:14 UTC 2025","Sat Aug 23 00:49:14 UTC 2025","0","tests.stock","test_create_stock","","","","test_create_stock_with_empty_string_log_if_not_200[address.region_id]",""
"passed","Sat Aug 23 00:47:45 UTC 2025","Sat Aug 23 00:47:45 UTC 2025","146","tests.admin_panel.sliders","test_51_get_sliders","","","","test_get_sliders_forbidden[partner]","Негативный тест: получение списка слайдеров не админом"
"skipped","Sat Aug 23 00:49:23 UTC 2025","Sat Aug 23 00:49:23 UTC 2025","145","tests.statistic","test_team_go","","","","test_get_team_go_statistic_negative[payload1-client]","Негативный тест: ошибка при получении статистики по команде с невалидным телом запроса"
"passed","Sat Aug 23 00:49:00 UTC 2025","Sat Aug 23 00:49:00 UTC 2025","279","tests.cart","test_user_locale","","","","test_update_user_locale_invalid_payload[client-payload6-400]","Негативный тест: обновление локали с невалидным payload."
"skipped","Sat Aug 23 00:49:13 UTC 2025","Sat Aug 23 00:49:13 UTC 2025","616","tests.stock","test_create_stock","","","","test_create_stock_duplicate_id_1c_fails",""
"passed","Sat Aug 23 00:49:13 UTC 2025","Sat Aug 23 00:49:13 UTC 2025","420","tests.one_c","test_create_1c_stock","","","","test_post_bad_request_or_unprocessable[<lambda>5]",""
"skipped","Sat Aug 23 00:46:43 UTC 2025","Sat Aug 23 00:46:43 UTC 2025","0","tests.admin_panel","test_accrue_presidential_pool","","","","test_accrue_presidential_pool_forbidden[partner]",""
"passed","Sat Aug 23 00:49:38 UTC 2025","Sat Aug 23 00:49:43 UTC 2025","5232","tests.catalog","test_create_admin_product_translation","","","","test_product_translation_update_duplicate_lang_code","Проверка перезаписи перевода по одному и тому же lang_code."
"passed","Sat Aug 23 00:48:19 UTC 2025","Sat Aug 23 00:48:19 UTC 2025","149","tests.auth","test_02_login","","","","test_client_login[client-invalid_email@example.com-123123-401]",""
"passed","Sat Aug 23 00:47:56 UTC 2025","Sat Aug 23 00:47:57 UTC 2025","602","tests.admin_panel.promo","test_78_delete_promotion_item","","","","test_delete_promotion_item_invalid_id[999999-999999]","Негативный тест: удаление элемента акции с невалидным ID продукта."
"skipped","Sat Aug 23 00:46:44 UTC 2025","Sat Aug 23 00:46:44 UTC 2025","0","tests.account","test_family_agreement_create_three","","","","test_create_family_agreement_three_positive[partner-payload0]","Позитивные тесты на создание семейного соглашения при аннулировании второго партнера"
"passed","Sat Aug 23 00:48:47 UTC 2025","Sat Aug 23 00:48:49 UTC 2025","2088","tests.cart","test_user_locale","","","","test_update_user_locale_valid_payload_1[partner-payload4]","
    Позитивный тест: Обновление языка/склада/локали авторизованным пользователем."
"passed","Sat Aug 23 00:47:44 UTC 2025","Sat Aug 23 00:47:46 UTC 2025","1497","tests.admin_panel.items","test_update_item","","","","test_update_item_invalid_payload[payload3-400]","Негативный тест: обновление item с невалидным или неполным телом запроса."
"passed","Sat Aug 23 00:51:05 UTC 2025","Sat Aug 23 00:51:06 UTC 2025","1074","tests.tickets","test_04_create_ticket","","","","test_create_ticket_success[partner-attachments2-QuestionsAboutTheHousingAndCarProgram]","Позитивный тест: создание тикета с разными темами и вложениями для клиента, партнера и админа"
"skipped","Sat Aug 23 00:46:44 UTC 2025","Sat Aug 23 00:46:45 UTC 2025","608","tests.admin_panel","test_report_accruals","","","","test_report_accruals_full_payload",""
"passed","Sat Aug 23 00:48:27 UTC 2025","Sat Aug 23 00:48:27 UTC 2025","424","tests.cart","test_get_delivery_cost","","","","test_get_delivery_cost_success_partial_payload[client-payload0-400]","Позитивный тест: успешное получение ТК при неполном наборе (город без региона, без ID и т.п.)"
"skipped","Sat Aug 23 00:49:14 UTC 2025","Sat Aug 23 00:49:14 UTC 2025","0","tests.stock","test_create_stock","","","","test_create_stock_with_empty_string_log_if_not_200[address.old_postal_code]",""
"skipped","Sat Aug 23 00:46:40 UTC 2025","Sat Aug 23 00:46:40 UTC 2025","0","tests.account","test_0_marathon","","","","test_create_product_brand_invalid_payload[params3-400-client]",""
"skipped","Sat Aug 23 00:49:05 UTC 2025","Sat Aug 23 00:49:05 UTC 2025","0","tests.orders","test_group_order_change_country","","","","test_change_country_updates_sub_orders","Интеграционный тест: проверка обновления страны у всех привязанных заказов"
"passed","Sat Aug 23 00:49:17 UTC 2025","Sat Aug 23 00:49:19 UTC 2025","1853","tests.delivery","test_01_save_delivery_address","","","","test_create_two_addresses_with_different_delivery[client]","Тест на создание двух адресов с одинаковыми данными, кроме street в delivery"
"passed","Sat Aug 23 00:47:05 UTC 2025","Sat Aug 23 00:47:05 UTC 2025","339","tests.admin_panel.items","test_create_item","","","","test_create_item_forbidden[client]","Негативный тест: создание варианта не-админом запрещено."
"passed","Sat Aug 23 00:46:41 UTC 2025","Sat Aug 23 00:46:41 UTC 2025","141","tests.account","test_0_users_by_lo_rating","","","","test_get_users_by_lo_rating_positive[partner]","Позитивные тесты на получение рейтинга продавцов по личному объему"
"passed","Sat Aug 23 00:46:53 UTC 2025","Sat Aug 23 00:46:53 UTC 2025","411","tests.admin_panel.categories","test_81_delete_category_translation","","","","test_delete_category_translation_unauthorized","Негативный тест: удаление перевода без авторизации."
"passed","Sat Aug 23 00:50:38 UTC 2025","Sat Aug 23 00:50:38 UTC 2025","530","tests.tickets","test_04_create_ticket","","","","test_create_ticket_success[partner-attachments0-ReceivingDefectiveProducts]","Позитивный тест: создание тикета с разными темами и вложениями для клиента, партнера и админа"
"passed","Sat Aug 23 00:46:42 UTC 2025","Sat Aug 23 00:46:43 UTC 2025","630","tests.PROJECT_FUND.initiatives","test_get_initiative_by_id","","","","test_get_initiative_by_invalid_id[1.5-https://dev.ewahelps.com/api]",""
"passed","Sat Aug 23 00:46:50 UTC 2025","Sat Aug 23 00:46:51 UTC 2025","411","tests.account","test_delete_cover_url","","","","test_add_cover_unauthorized",""
"skipped","Sat Aug 23 00:46:43 UTC 2025","Sat Aug 23 00:46:43 UTC 2025","0","tests.account","test_token_revoke","","","","test_revoke_token_positive[admin-payload0]","Позитивные тесты на удаление токена"
"passed","Sat Aug 23 00:49:23 UTC 2025","Sat Aug 23 00:49:23 UTC 2025","444","tests.temporary","test_get_account_exist","","","","test_account_exist[1.5-400]",""
"passed","Sat Aug 23 00:50:51 UTC 2025","Sat Aug 23 00:50:51 UTC 2025","139","tests.tickets","test_01_get_tickets","","","","test_get_tickets_invalid_pagination[invalid_pagination1-partner]","Негативный тест: передаем некорректные значения в pagination"
"passed","Sat Aug 23 00:48:36 UTC 2025","Sat Aug 23 00:48:37 UTC 2025","612","tests.catalog","test_delete_admin_product_translation","","","","test_delete_admin_product_translation_invalid_id[9999999]","Удаление перевода по невалидному product_id — должно вернуть 400 или 404."
"passed","Sat Aug 23 00:52:05 UTC 2025","Sat Aug 23 00:52:06 UTC 2025","1103","tests.tickets","test_04_create_ticket","","","","test_create_ticket_success[admin-attachments2-QuestionsAboutProducts]","Позитивный тест: создание тикета с разными темами и вложениями для клиента, партнера и админа"
"passed","Sat Aug 23 00:47:26 UTC 2025","Sat Aug 23 00:47:27 UTC 2025","611","tests.admin_panel.products","test_40_create_product_brand","","","","test_create_product_brand_invalid_payload[payload7-expected_codes7]","Негативные кейсы: невалидные поля при создании бренда."
"passed","Sat Aug 23 00:47:12 UTC 2025","Sat Aug 23 00:47:15 UTC 2025","2901","tests.admin_panel.items","test_delete_item_translation","","","","test_delete_item_translation_success","Позитивный тест: удаление одного из двух переводов варианта товара."
"skipped","Sat Aug 23 00:49:14 UTC 2025","Sat Aug 23 00:49:14 UTC 2025","0","tests.stock","test_create_stock","","","","test_create_stock_with_empty_string_log_if_not_200[address.country_id]",""
"passed","Sat Aug 23 00:49:21 UTC 2025","Sat Aug 23 00:49:21 UTC 2025","129","tests.stock","test_get_stock_by_id","","","","test_get_stock_by_invalid_id[abc-admin]","Невалидные значения ID склада"
"passed","Sat Aug 23 00:50:19 UTC 2025","Sat Aug 23 00:50:20 UTC 2025","1088","tests.tickets","test_04_create_ticket","","","","test_create_ticket_success[client-attachments2-ChangePersonalData]","Позитивный тест: создание тикета с разными темами и вложениями для клиента, партнера и админа"
"passed","Sat Aug 23 00:46:57 UTC 2025","Sat Aug 23 00:46:58 UTC 2025","1335","tests.admin_panel.categories","test_50_upload_category_images","","","","test_upload_only_single_image_field_should_not_fill_others[image-test_jpg.jpg-image/jpeg-image]","Проверка: загрузка только одного из полей (icon, image, image_site) не должна заполнять другие."
"passed","Sat Aug 23 00:48:48 UTC 2025","Sat Aug 23 00:48:49 UTC 2025","1336","tests.one_c","test_create_1c_stock","","","","test_post_create_full_payload_all_fields",""
"passed","Sat Aug 23 00:48:18 UTC 2025","Sat Aug 23 00:48:18 UTC 2025","253","tests.auth","test_02_login","","","","test_client_login[client-2876-123123-200]",""
"skipped","Sat Aug 23 00:49:50 UTC 2025","Sat Aug 23 00:49:51 UTC 2025","602","tests.tickets","test_09_get_ticket_messages","","","","test_get_ticket_messages_invalid_id_format[]","Негативный тест: запрос с некорректным ID (строка, спецсимволы, пустое значение)"
"passed","Sat Aug 23 00:47:35 UTC 2025","Sat Aug 23 00:47:36 UTC 2025","1192","tests.admin_panel.products","test_44_upload_product_brand_images","","","","test_upload_product_brand_images_formats[invalid.txt-text/plain-400]","Проверка загрузки изображений бренда в разных форматах: негативные и позитивные кейсы."
"passed","Sat Aug 23 00:49:40 UTC 2025","Sat Aug 23 00:49:40 UTC 2025","139","tests.statistic","test_team_go","","","","test_get_team_go_statistic_negative[payload6-admin]","Негативный тест: ошибка при получении статистики по команде с невалидным телом запроса"
"passed","Sat Aug 23 00:48:35 UTC 2025","Sat Aug 23 00:48:37 UTC 2025","2235","tests.admin_panel.slides","test_61_upload_slides_images","","","","test_upload_slide_images_file_too_large[5.3-fields_to_send5-400]","Негативный тест: загрузка слишком большого изображения."
"passed","Sat Aug 23 00:47:25 UTC 2025","Sat Aug 23 00:47:26 UTC 2025","1504","tests.admin_panel.products","test_44_upload_product_brand_images","","","","test_upload_product_brand_images_success","Позитивный тест: успешная загрузка изображений бренда через multipart/form-data."
"passed","Sat Aug 23 00:48:51 UTC 2025","Sat Aug 23 00:48:51 UTC 2025","139","tests.delivery","test_01_save_delivery_address","","","","test_save_delivery_address_negative[client-payload6-400]","Негативные тесты на сохранение адреса доставки (отсутствие обязательных полей, некорректные данные)"
"passed","Sat Aug 23 00:49:29 UTC 2025","Sat Aug 23 00:49:30 UTC 2025","602","tests.tickets","test_02_get_ticket_by_id","","","","test_get_ticket_invalid_id[0]","Негативный тест: передан некорректный ID."
"passed","Sat Aug 23 00:49:15 UTC 2025","Sat Aug 23 00:49:15 UTC 2025","138","tests.cart","test_get_delivery_cost","","","","test_get_delivery_cost_invalid_payload[partner-payload6]","Негативный тест: некорректные входные данные"
"passed","Sat Aug 23 00:49:22 UTC 2025","Sat Aug 23 00:49:22 UTC 2025","128","tests.stock","test_get_stock_by_id","","","","test_get_stock_by_invalid_id[-1-admin]","Невалидные значения ID склада"
"passed","Sat Aug 23 00:49:14 UTC 2025","Sat Aug 23 00:49:14 UTC 2025","406","tests.one_c","test_create_1c_stock","","","","test_post_bad_request_or_unprocessable[<lambda>7]",""
"passed","Sat Aug 23 00:50:29 UTC 2025","Sat Aug 23 00:50:30 UTC 2025","539","tests.tickets","test_04_create_ticket","","","","test_create_ticket_success[partner-attachments0-QuestionsAboutInternationalDelivery]","Позитивный тест: создание тикета с разными темами и вложениями для клиента, партнера и админа"
"passed","Sat Aug 23 00:48:17 UTC 2025","Sat Aug 23 00:48:17 UTC 2025","599","tests.admin_panel.slides","test_57_create_slide","","","","test_create_slide_invalid_payload[payload20-422]","Негативные тесты: некорректные и неполные payload'ы."
"passed","Sat Aug 23 00:47:39 UTC 2025","Sat Aug 23 00:47:40 UTC 2025","668","tests.admin_panel.promo","test_75_delete_promotion_by_id","","","","test_delete_promotion_invalid_id[9999999]","Негативный тест: удаление несуществующей или некорректной акции."
"passed","Sat Aug 23 00:47:54 UTC 2025","Sat Aug 23 00:47:58 UTC 2025","3479","tests.admin_panel.promo","test_74_update_promotion","","","","test_update_promotion_invalid_payload[payload11-422]","Негативный тест: обновление акции с невалидным или неполным телом запроса."
"skipped","Sat Aug 23 00:46:43 UTC 2025","Sat Aug 23 00:46:43 UTC 2025","0","tests.account","test_get_languages","","","","test_get_languages_forbidden[admin]","Негативный тест: получение списка языков админом."
"skipped","Sat Aug 23 00:46:43 UTC 2025","Sat Aug 23 00:46:43 UTC 2025","0","tests.account","test_pass_recovery","","","","test_pass_recovery_positive[payload0]","Позитивные тесты на восстановление пароля"
"passed","Sat Aug 23 00:47:05 UTC 2025","Sat Aug 23 00:47:09 UTC 2025","3671","tests.account","test_update_avatar","","","","test_update_avatar_positive[admin-payload1]","Позитивные тесты на обновление аватара"
"skipped","Sat Aug 23 00:48:55 UTC 2025","Sat Aug 23 00:48:55 UTC 2025","0","tests.orders","test_create_order_by_delivery_address","","","","test_create_order_permissions[authorize_client-authorize_client-200]","Тест: проверка прав доступа при создании заказа по сохраненному адресу"
"skipped","Sat Aug 23 00:49:14 UTC 2025","Sat Aug 23 00:49:14 UTC 2025","0","tests.stock","test_create_stock","","","","test_create_stock_with_empty_string_log_if_not_200[address.apartment]",""
"skipped","Sat Aug 23 00:46:43 UTC 2025","Sat Aug 23 00:46:43 UTC 2025","0","tests.account","test_update_default_stock","","","","test_update_default_stock_positive[admin-payload1]","Позитивные тесты на изменение дефолтного склада"
"passed","Sat Aug 23 00:49:02 UTC 2025","Sat Aug 23 00:49:02 UTC 2025","145","tests.delivery","test_01_save_delivery_address","","","","test_save_delivery_address_negative[admin-payload2-400]","Негативные тесты на сохранение адреса доставки (отсутствие обязательных полей, некорректные данные)"
"passed","Sat Aug 23 00:47:47 UTC 2025","Sat Aug 23 00:47:49 UTC 2025","1494","tests.admin_panel.promo","test_77_create_promotion_item","","","","test_update_promotion_item_success","Позитивный тест: успешное обновление элемента акции"
"skipped","Sat Aug 23 00:49:03 UTC 2025","Sat Aug 23 00:49:03 UTC 2025","0","tests.orders","test_orders_v2_pay","","","","test_orders_v2_pay_invalid_data[invalid_payload0-400]","Негативный тест: отправка некорректных данных"
"passed","Sat Aug 23 00:50:57 UTC 2025","Sat Aug 23 00:50:58 UTC 2025","140","tests.tickets","test_01_get_tickets","","","","test_get_tickets_invalid_filter[invalid_filter1-400-client]","Негативный тест: передаем некорректные параметры фильтрации"
"skipped","Sat Aug 23 00:49:03 UTC 2025","Sat Aug 23 00:49:03 UTC 2025","0","tests.orders","test_orders_v2_pay","","","","test_orders_v2_pay_invalid_data[invalid_payload4-500]","Негативный тест: отправка некорректных данных"
"passed","Sat Aug 23 00:50:41 UTC 2025","Sat Aug 23 00:50:41 UTC 2025","167","tests.tickets","test_01_get_tickets","","","","test_get_tickets_success[filter2-sort1-search1-pagination0-admin]","Позитивный тест: получение списка тикетов с разными комбинациями параметров"
"skipped","Sat Aug 23 00:46:48 UTC 2025","Sat Aug 23 00:46:50 UTC 2025","2031","tests.admin_panel.categories","test_50_upload_category_images","","","","test_upload_category_images_success","Позитивный тест: успешная загрузка изображений категории через multipart/form-data."
"passed","Sat Aug 23 00:49:14 UTC 2025","Sat Aug 23 00:49:14 UTC 2025","262","tests.stock","test_get_group_orders","","","","test_get_group_orders[client]","Запрос всех складов для групповых заказов"
"passed","Sat Aug 23 00:49:27 UTC 2025","Sat Aug 23 00:49:27 UTC 2025","139","tests.statistic","test_team_go","","","","test_get_team_go_statistic_negative[payload3-client]","Негативный тест: ошибка при получении статистики по команде с невалидным телом запроса"
"passed","Sat Aug 23 00:51:30 UTC 2025","Sat Aug 23 00:51:31 UTC 2025","573","tests.tickets","test_04_create_ticket","","","","test_create_ticket_success[admin-attachments0-QuestionsAboutTheMarriageContract]","Позитивный тест: создание тикета с разными темами и вложениями для клиента, партнера и админа"
"passed","Sat Aug 23 00:50:40 UTC 2025","Sat Aug 23 00:50:41 UTC 2025","1213","tests.tickets","test_04_create_ticket","","","","test_create_ticket_success[partner-attachments1-QuestionsAboutPaymentsToIP]","Позитивный тест: создание тикета с разными темами и вложениями для клиента, партнера и админа"
"passed","Sat Aug 23 00:49:50 UTC 2025","Sat Aug 23 00:49:50 UTC 2025","138","tests.tickets","test_11_update_message","","","","test_update_nonexistent_message[client]","Негативный тест: попытка редактирования несуществующего сообщения"
"skipped","Sat Aug 23 00:46:44 UTC 2025","Sat Aug 23 00:46:44 UTC 2025","0","tests.account","test_list_csv","","","","test_get_account_list_csv_positive[partner-payload1]","Позитивные тесты на выгрузку структуры партнеров в CSV"
"passed","Sat Aug 23 00:48:00 UTC 2025","Sat Aug 23 00:48:01 UTC 2025","973","tests.admin_panel.slides","test_58_get_slides_by_id","","","","test_get_slides_by_id_forbidden[client]","Негативный тест: попытка получения слайда по ID не-админом."
"passed","Sat Aug 23 00:46:51 UTC 2025","Sat Aug 23 00:46:51 UTC 2025","139","tests.admin_panel.categories","test_50_upload_category_images","","","","test_upload_category_images_forbidden[client]","Негативный тест: неадмин не может загрузить изображения категории."
"passed","Sat Aug 23 00:47:19 UTC 2025","Sat Aug 23 00:47:21 UTC 2025","2343","tests.admin_panel.items","test_get_item_translation","","","","test_get_item_translation_forbidden[partner]","
    Негативный тест: client/partner не может читать переводы item.
    Подготовку (создание item и добавление перевода) делает админ.
    "
"passed","Sat Aug 23 00:47:43 UTC 2025","Sat Aug 23 00:47:44 UTC 2025","1109","tests.admin_panel.products","test_44_upload_product_brand_images","","","","test_upload_product_brand_images_formats[invalid.exe-application/octet-stream-400]","Проверка загрузки изображений бренда в разных форматах: негативные и позитивные кейсы."
"passed","Sat Aug 23 00:49:33 UTC 2025","Sat Aug 23 00:49:33 UTC 2025","165","tests.tickets","test_01_get_tickets","","","","test_get_tickets_success[filter0-sort0-search1-pagination1-admin]","Позитивный тест: получение списка тикетов с разными комбинациями параметров"
"passed","Sat Aug 23 00:51:21 UTC 2025","Sat Aug 23 00:51:22 UTC 2025","1102","tests.tickets","test_04_create_ticket","","","","test_create_ticket_success[partner-attachments2-ReceivingDefectiveProducts]","Позитивный тест: создание тикета с разными темами и вложениями для клиента, партнера и админа"
"passed","Sat Aug 23 00:47:54 UTC 2025","Sat Aug 23 00:47:55 UTC 2025","603","tests.admin_panel.sliders","test_55_delete_sliders","","","","test_delete_slider_invalid_id[9999999]","Негативный тест: удаление несуществующего или некорректного слайдера."
"passed","Sat Aug 23 00:47:26 UTC 2025","Sat Aug 23 00:47:26 UTC 2025","405","tests.admin_panel.products","test_41_get_product_brand_by_id","","","","test_get_product_brand_unauthorized","Негативный тест: без авторизации"
"passed","Sat Aug 23 00:51:24 UTC 2025","Sat Aug 23 00:51:25 UTC 2025","530","tests.tickets","test_04_create_ticket","","","","test_create_ticket_success[admin-attachments0-QuestionsAboutPaymentsToIP]","Позитивный тест: создание тикета с разными темами и вложениями для клиента, партнера и админа"
"passed","Sat Aug 23 00:46:39 UTC 2025","Sat Aug 23 00:46:40 UTC 2025","525","tests.PROJECT_FUND.initiatives","test_get_initiative_by_id","","","","test_get_initiative_by_invalid_id[abc-https://dev.ewahelps.com/api]",""
"skipped","Sat Aug 23 00:49:50 UTC 2025","Sat Aug 23 00:49:50 UTC 2025","617","tests.tickets","test_09_get_ticket_messages","","","","test_get_ticket_messages_invalid_id_format[None]","Негативный тест: запрос с некорректным ID (строка, спецсимволы, пустое значение)"
"passed","Sat Aug 23 00:50:34 UTC 2025","Sat Aug 23 00:50:34 UTC 2025","160","tests.tickets","test_01_get_tickets","","","","test_get_tickets_success[filter2-sort1-search0-pagination0-partner]","Позитивный тест: получение списка тикетов с разными комбинациями параметров"
"passed","Sat Aug 23 00:47:16 UTC 2025","Sat Aug 23 00:47:18 UTC 2025","1837","tests.admin_panel.items","test_create_item_translation","","","","test_create_item_translation_forbidden[client]","Негативный тест: создание перевода не-админом запрещено."
"passed","Sat Aug 23 00:47:31 UTC 2025","Sat Aug 23 00:47:35 UTC 2025","3477","tests.admin_panel.products","test_42_update_product_brand","","","","test_update_product_brand_invalid_payload[payload5-422]","Негативный тест: обновление бренда с невалидным или неполным телом запроса."
"passed","Sat Aug 23 00:47:24 UTC 2025","Sat Aug 23 00:47:25 UTC 2025","587","tests.admin_panel.products","test_41_get_product_brand_by_id","","","","test_get_product_brand_invalid_id[]","Негативный тест: получение бренда по невалидному ID"
"passed","Sat Aug 23 00:47:38 UTC 2025","Sat Aug 23 00:47:39 UTC 2025","990","tests.admin_panel.promo","test_77_create_promotion_item","","","","test_create_promotion_item_invalid_payload[payload2-400]",""
"passed","Sat Aug 23 00:48:01 UTC 2025","Sat Aug 23 00:48:04 UTC 2025","3062","tests.admin_panel.slides","test_60_delete_slides","","","","test_delete_slide_invalid_id[-1]","Негативный тест: удаление несуществующего или некорректного слайда."
"passed","Sat Aug 23 00:49:59 UTC 2025","Sat Aug 23 00:49:59 UTC 2025","166","tests.tickets","test_01_get_tickets","","","","test_get_tickets_success[filter1-sort0-search1-pagination1-client]","Позитивный тест: получение списка тикетов с разными комбинациями параметров"
"skipped","Sat Aug 23 00:48:55 UTC 2025","Sat Aug 23 00:48:55 UTC 2025","0","tests.cart","test_user_locale","","","","test_update_user_locale_valid_payload[payload3]","
    Позитивный тест: Обновление языка/склада/локали НЕавторизованным пользователем с указанной корзиной в cookie.
    "
"passed","Sat Aug 23 00:48:03 UTC 2025","Sat Aug 23 00:48:04 UTC 2025","410","tests.admin_panel.slides","test_62_slides_update_video_url","","","","test_update_video_url_unauthorized","Негативный тест: попытка обновления ссылки без авторизации"
"passed","Sat Aug 23 00:47:53 UTC 2025","Sat Aug 23 00:47:53 UTC 2025","621","tests.admin_panel.slides","test_0_slides_sort","","","","test_slides_sort_invalid_id[]","Негативный тест: невалидный path parameter."
"passed","Sat Aug 23 00:49:39 UTC 2025","Sat Aug 23 00:49:39 UTC 2025","145","tests.statistic","test_team_go","","","","test_get_team_go_statistic_negative[payload6-partner]","Негативный тест: ошибка при получении статистики по команде с невалидным телом запроса"
"skipped","Sat Aug 23 00:47:05 UTC 2025","Sat Aug 23 00:47:05 UTC 2025","0","tests.admin_panel.products","test_01_create_product_group","","","","test_create_product_group_invalid_payload[payload1-400]",""
"skipped","Sat Aug 23 00:46:40 UTC 2025","Sat Aug 23 00:46:40 UTC 2025","0","tests.account","test_0_marathon","","","","test_create_product_brand_invalid_payload[params6-400-partner]",""
"passed","Sat Aug 23 00:47:57 UTC 2025","Sat Aug 23 00:47:57 UTC 2025","146","tests.admin_panel.slides","test_56_get_slides","","","","test_get_slides_forbidden[client]","Негативный тест: получение списка слайдов не админом."
"passed","Sat Aug 23 00:47:29 UTC 2025","Sat Aug 23 00:47:29 UTC 2025","401","tests.admin_panel.items","test_get_item_translation","","","","test_get_item_translation_unauthorized",""
"passed","Sat Aug 23 00:49:49 UTC 2025","Sat Aug 23 00:49:49 UTC 2025","164","tests.tickets","test_01_get_tickets","","","","test_get_tickets_success[filter0-sort1-search2-pagination1-partner]","Позитивный тест: получение списка тикетов с разными комбинациями параметров"
"passed","Sat Aug 23 00:49:21 UTC 2025","Sat Aug 23 00:49:21 UTC 2025","285","tests.stock","test_get_stocks","","","","test_get_stocks[partner]","Запрос всех складов"
"passed","Sat Aug 23 00:47:42 UTC 2025","Sat Aug 23 00:47:43 UTC 2025","585","tests.admin_panel.promo","test_73_get_promotion_by_id","","","","test_get_promotion_invalid_id[0]","Негативный тест: получение акции по невалидному ID."
"passed","Sat Aug 23 00:47:50 UTC 2025","Sat Aug 23 00:47:51 UTC 2025","907","tests.admin_panel.promo","test_74_update_promotion","","","","test_update_promotion_invalid_payload[payload6-400]","Негативный тест: обновление акции с невалидным или неполным телом запроса."
"passed","Sat Aug 23 00:49:50 UTC 2025","Sat Aug 23 00:49:51 UTC 2025","140","tests.tickets","test_11_update_message","","","","test_update_nonexistent_message[partner]","Негативный тест: попытка редактирования несуществующего сообщения"
"passed","Sat Aug 23 00:49:08 UTC 2025","Sat Aug 23 00:49:10 UTC 2025","1924","tests.one_c","test_create_1c_stock","","","","test_office_flag_roundtrip_get_only","
    Поведение поля is_office_entry_enabled:
    - при True сервер (GET) обязан вернуть поле и значение True;
    - при False сервер может либо не вернуть поле (omitempty), либо вернуть явный False.
    "
"skipped","Sat Aug 23 00:49:14 UTC 2025","Sat Aug 23 00:49:14 UTC 2025","0","tests.stock","test_create_stock","","","","test_create_stock_with_empty_string_log_if_not_200[address.metro]",""
"skipped","Sat Aug 23 00:49:14 UTC 2025","Sat Aug 23 00:49:14 UTC 2025","0","tests.stock","test_create_stock","","","","test_create_stock_with_empty_string_log_if_not_200[address.comment]",""
"passed","Sat Aug 23 00:47:44 UTC 2025","Sat Aug 23 00:47:44 UTC 2025","144","tests.admin_panel.sliders","test_51_get_sliders","","","","test_get_sliders_forbidden[client]","Негативный тест: получение списка слайдеров не админом"
"passed","Sat Aug 23 00:48:58 UTC 2025","Sat Aug 23 00:48:59 UTC 2025","983","tests.cart","test_get_delivery_cost","","","","test_get_delivery_cost_success_partial_payload[admin-payload1-200]","Позитивный тест: успешное получение ТК при неполном наборе (город без региона, без ID и т.п.)"
"passed","Sat Aug 23 00:48:55 UTC 2025","Sat Aug 23 00:48:55 UTC 2025","139","tests.cart","test_user_locale","","","","test_update_user_locale_valid_payload_1[partner-payload8]","
    Позитивный тест: Обновление языка/склада/локали авторизованным пользователем."
"passed","Sat Aug 23 00:46:42 UTC 2025","Sat Aug 23 00:46:42 UTC 2025","581","tests.PROJECT_FUND.initiatives","test_get_reports","","","","test_get_reports_invalid_query_params[query1-https://dev.ewahelps.com/api]","Негативный тест: запрос с некорректными query-параметрами"
"passed","Sat Aug 23 00:48:01 UTC 2025","Sat Aug 23 00:48:02 UTC 2025","1356","tests.admin_panel.slides","test_62_slides_update_video_url","","","","test_update_video_url_empty","Позитивный тест: передача пустой строки — должен быть сгенерирован мастер-файл"
"passed","Sat Aug 23 00:46:55 UTC 2025","Sat Aug 23 00:46:55 UTC 2025","661","tests.account","test_add_cover_url","","","","test_add_cover_invalid_payload[payload0]",""
"passed","Sat Aug 23 00:46:58 UTC 2025","Sat Aug 23 00:46:58 UTC 2025","630","tests.admin_panel.categories","test_81_delete_category_translation","","","","test_delete_category_translation_invalid_id[0]","Негативный тест: удаление перевода с невалидным ID категории."
"passed","Sat Aug 23 00:46:59 UTC 2025","Sat Aug 23 00:47:00 UTC 2025","980","tests.account","test_add_cover_url","","","","test_add_cover_invalid_payload[payload3]",""
"passed","Sat Aug 23 00:48:52 UTC 2025","Sat Aug 23 00:48:53 UTC 2025","1244","tests.cart","test_get_delivery_cost","","","","test_get_delivery_cost_success_partial_payload[partner-payload4-400]","Позитивный тест: успешное получение ТК при неполном наборе (город без региона, без ID и т.п.)"
"passed","Sat Aug 23 00:49:02 UTC 2025","Sat Aug 23 00:49:02 UTC 2025","311","tests.cart","test_get_delivery_cost","","","","test_get_delivery_cost_success_partial_payload[admin-payload4-400]","Позитивный тест: успешное получение ТК при неполном наборе (город без региона, без ID и т.п.)"
"passed","Sat Aug 23 00:48:55 UTC 2025","Sat Aug 23 00:48:55 UTC 2025","139","tests.orders","test_create_order_by_delivery_address","","","","test_create_order_invalid_data[invalid_payload0-client]","Негативные тесты: создание заказа с некорректными данными"
"passed","Sat Aug 23 00:47:06 UTC 2025","Sat Aug 23 00:47:07 UTC 2025","611","tests.admin_panel.items","test_create_item","","","","test_create_item_unauthorized","Негативный тест: создание варианта без авторизации."
"passed","Sat Aug 23 00:48:52 UTC 2025","Sat Aug 23 00:48:55 UTC 2025","2922","tests.delivery","test_03_delete_delivery_address","","","","test_delete_delivery_address_permissions[authorize_partner-authorize_admin-True]","Тест: проверка прав доступа при удалении адресов"
"passed","Sat Aug 23 00:48:21 UTC 2025","Sat Aug 23 00:48:22 UTC 2025","419","tests.catalog","test_delete_admin_product_translation","","","","test_delete_admin_product_translation_unauthorized","Удаление перевода без авторизации — должно вернуть 401."
"passed","Sat Aug 23 00:50:53 UTC 2025","Sat Aug 23 00:50:53 UTC 2025","140","tests.tickets","test_01_get_tickets","","","","test_get_tickets_invalid_search[invalid_search1-400-client]","Негативный тест: передаем некорректные параметры поиска"
"passed","Sat Aug 23 00:47:44 UTC 2025","Sat Aug 23 00:47:47 UTC 2025","3374","tests.admin_panel.products","test_42_update_product_brand","","","","test_update_product_brand_invalid_payload[payload8-422]","Негативный тест: обновление бренда с невалидным или неполным телом запроса."
"passed","Sat Aug 23 00:47:42 UTC 2025","Sat Aug 23 00:47:43 UTC 2025","768","tests.admin_panel.sliders","test_52_create_slider","","","","test_create_slider_success","Позитивный тест: успешное создание слайдера (все поля)."
"passed","Sat Aug 23 00:46:48 UTC 2025","Sat Aug 23 00:46:51 UTC 2025","3324","tests.account","test_update_avatar","","","","test_update_avatar_positive[client-payload1]","Позитивные тесты на обновление аватара"
"passed","Sat Aug 23 00:48:12 UTC 2025","Sat Aug 23 00:48:12 UTC 2025","620","tests.admin_panel.slides","test_57_create_slide","","","","test_create_slide_invalid_payload[payload12-400]","Негативные тесты: некорректные и неполные payload'ы."
"passed","Sat Aug 23 00:46:54 UTC 2025","Sat Aug 23 00:46:55 UTC 2025","619","tests.admin_panel.categories","test_47_get_categories_by_id","","","","test_get_category_not_found","Негативный тест: категория не найдена (несуществующий ID)."
"skipped","Sat Aug 23 00:46:43 UTC 2025","Sat Aug 23 00:46:43 UTC 2025","0","tests.admin_panel","test_accrue_presidential_pool","","","","test_accrue_presidential_pool_invalid_payload[payload0-400]",""
"passed","Sat Aug 23 00:48:46 UTC 2025","Sat Aug 23 00:48:46 UTC 2025","139","tests.delivery","test_02_get_delivery_address","","","","test_get_delivery_addresses_invalid_pagination[invalid_pagination1-client]","Негативные тесты: передача некорректных параметров пагинации"
"passed","Sat Aug 23 00:49:22 UTC 2025","Sat Aug 23 00:49:22 UTC 2025","147","tests.stock","test_get_stock_by_id","","","","test_get_stock_by_invalid_id[0-admin]","Невалидные значения ID склада"
"skipped","Sat Aug 23 00:46:46 UTC 2025","Sat Aug 23 00:46:46 UTC 2025","0","tests.account","test_family_agreement_create_one","","","","test_create_family_agreement_one_positive[partner-payload1]","Позитивные тесты на создание семейного соглашения при отсутствующем втором партнере"
"passed","Sat Aug 23 00:50:15 UTC 2025","Sat Aug 23 00:50:15 UTC 2025","163","tests.tickets","test_01_get_tickets","","","","test_get_tickets_success[filter1-sort1-search2-pagination0-partner]","Позитивный тест: получение списка тикетов с разными комбинациями параметров"
"passed","Sat Aug 23 00:46:59 UTC 2025","Sat Aug 23 00:47:00 UTC 2025","590","tests.admin_panel.categories","test_56_v2_create_category","","","","test_v2_create_category_invalid_payload[payload3-400]","Негативный тест: создание категории с невалидным телом запроса."
"passed","Sat Aug 23 00:48:02 UTC 2025","Sat Aug 23 00:48:05 UTC 2025","3048","tests.admin_panel.slides","test_57_create_slide","","","","test_create_slide_invalid_payload[payload0-expected_code0]","Негативные тесты: некорректные и неполные payload'ы."
"passed","Sat Aug 23 00:47:36 UTC 2025","Sat Aug 23 00:47:37 UTC 2025","578","tests.admin_panel.promo","test_76_get_promotion_items","","","","test_get_promotion_item_invalid_id[-1--1]","Негативный тест: получение элемента с невалидным ID."
"passed","Sat Aug 23 00:49:35 UTC 2025","Sat Aug 23 00:49:35 UTC 2025","419","tests.tickets","test_02_get_ticket_by_id","","","","test_get_ticket_unauthorized","Негативный тест: запрос без авторизации."
"passed","Sat Aug 23 00:47:01 UTC 2025","Sat Aug 23 00:47:04 UTC 2025","3138","tests.admin_panel.categories","test_56_v2_create_category","","","","test_v2_create_category_invalid_payload[payload6-422]","Негативный тест: создание категории с невалидным телом запроса."
"passed","Sat Aug 23 00:47:52 UTC 2025","Sat Aug 23 00:47:53 UTC 2025","901","tests.admin_panel.sliders","test_55_delete_sliders","","","","test_delete_slider_forbidden[partner]","Негативный тест: попытка удаления слайдера не-админом."
"passed","Sat Aug 23 00:50:04 UTC 2025","Sat Aug 23 00:50:04 UTC 2025","168","tests.tickets","test_01_get_tickets","","","","test_get_tickets_success[filter1-sort0-search2-pagination1-partner]","Позитивный тест: получение списка тикетов с разными комбинациями параметров"
"passed","Sat Aug 23 00:49:13 UTC 2025","Sat Aug 23 00:49:13 UTC 2025","154","tests.statistic","test_team_activations","","","","test_get_team_activation_statistic_positive[payload2-partner]","Позитивный тест: получение статистики по активации команды с валидным телом запроса"
"passed","Sat Aug 23 00:49:45 UTC 2025","Sat Aug 23 00:49:46 UTC 2025","909","tests.tickets","test_11_update_message","","","","test_update_message_validation[client-update_payload1-403]","Негативные тесты: невалидные поля при редактировании сообщения"
"passed","Sat Aug 23 00:46:47 UTC 2025","Sat Aug 23 00:46:47 UTC 2025","646","tests.admin_panel","test_report_accruals","","","","test_report_accruals_invalid_payload[payload0-400]",""
"passed","Sat Aug 23 00:49:40 UTC 2025","Sat Aug 23 00:49:41 UTC 2025","880","tests.tickets","test_12_delete_message","","","","test_delete_ticket_message_not_admin[client]","Негативный тест: клиент/партнёр пытается удалить своё сообщение"
"skipped","Sat Aug 23 00:48:55 UTC 2025","Sat Aug 23 00:48:55 UTC 2025","0","tests.cart","test_user_locale","","","","test_update_user_locale_valid_payload[payload2]","
    Позитивный тест: Обновление языка/склада/локали НЕавторизованным пользователем с указанной корзиной в cookie.
    "
"passed","Sat Aug 23 00:49:58 UTC 2025","Sat Aug 23 00:49:58 UTC 2025","166","tests.tickets","test_01_get_tickets","","","","test_get_tickets_success[filter1-sort0-search1-pagination0-partner]","Позитивный тест: получение списка тикетов с разными комбинациями параметров"
"passed","Sat Aug 23 00:46:49 UTC 2025","Sat Aug 23 00:46:51 UTC 2025","1175","tests.admin_panel.categories","test_49_delete_category","","","","test_delete_category_success","Позитивный тест: успешное удаление категории."
"passed","Sat Aug 23 00:46:40 UTC 2025","Sat Aug 23 00:46:41 UTC 2025","647","tests.PROJECT_FUND.initiatives","test_get_reports","","","","test_get_reports_with_query_params[query2-https://dev.ewahelps.com/api]","Позитивный тест: получение списка отчетов с query-параметрами"
"passed","Sat Aug 23 00:49:15 UTC 2025","Sat Aug 23 00:49:15 UTC 2025","151","tests.statistic","test_team_registrations","","","","test_get_team_registration_statistic_positive[payload1-admin]","Позитивный тест: получение статистики по регистрации команды с валидным телом запроса"
"passed","Sat Aug 23 00:47:31 UTC 2025","Sat Aug 23 00:47:32 UTC 2025","602","tests.admin_panel.promo","test_72_create_promotion","","","","test_create_promotion_invalid_data[payload2-400]","Негативные тесты: невалидные данные"
"skipped","Sat Aug 23 00:46:43 UTC 2025","Sat Aug 23 00:46:43 UTC 2025","0","tests.account","test_history_admin","","","","test_get_admin_history_positive[admin-payload1]","Позитивные тесты на получение истории бонусов для админа"
"skipped","Sat Aug 23 00:46:44 UTC 2025","Sat Aug 23 00:46:44 UTC 2025","0","tests.account","test_family_agreement_create_three","","","","test_create_family_agreement_three_positive[client-payload1]","Позитивные тесты на создание семейного соглашения при аннулировании второго партнера"
"passed","Sat Aug 23 00:47:18 UTC 2025","Sat Aug 23 00:47:18 UTC 2025","413","tests.admin_panel.products","test_42_update_product_brand","","","","test_update_product_brand_unauthorized","Негативный тест: попытка обновления бренда без авторизации."
"passed","Sat Aug 23 00:50:54 UTC 2025","Sat Aug 23 00:50:55 UTC 2025","1243","tests.tickets","test_04_create_ticket","","","","test_create_ticket_success[partner-attachments1-OtherQuestions]","Позитивный тест: создание тикета с разными темами и вложениями для клиента, партнера и админа"
"passed","Sat Aug 23 00:49:10 UTC 2025","Sat Aug 23 00:49:11 UTC 2025","146","tests.statistic","test_team_go","","","","test_get_team_go_statistic_positive[payload0-client]","Позитивный тест: получение статистики по команде с валидным телом запроса"
"passed","Sat Aug 23 00:48:04 UTC 2025","Sat Aug 23 00:48:04 UTC 2025","139","tests.admin_panel.slides","test_62_slides_update_video_url","","","","test_update_video_url_forbidden[client]","Негативный тест: не-админ не может обновить ссылку на мастер-файл"
"skipped","Sat Aug 23 00:49:25 UTC 2025","Sat Aug 23 00:49:25 UTC 2025","146","tests.statistic","test_team_go","","","","test_get_team_go_statistic_negative[payload1-admin]","Негативный тест: ошибка при получении статистики по команде с невалидным телом запроса"
"skipped","Sat Aug 23 00:46:43 UTC 2025","Sat Aug 23 00:46:43 UTC 2025","0","tests.account","test_history_admin","","","","test_get_admin_history_positive[client-payload0]","Позитивные тесты на получение истории бонусов для админа"
"skipped","Sat Aug 23 00:46:40 UTC 2025","Sat Aug 23 00:46:40 UTC 2025","0","tests.account","test_0_marathon","","","","test_create_product_brand_invalid_payload[params4-400-client]",""
"passed","Sat Aug 23 00:48:04 UTC 2025","Sat Aug 23 00:48:05 UTC 2025","442","tests.auth","test_01_check_version","","","","test_check_version[Frontend-3.0.0-200]","Тест проверяет API /check_version для разных платформ и версий."
"passed","Sat Aug 23 00:48:03 UTC 2025","Sat Aug 23 00:48:04 UTC 2025","626","tests.admin_panel.slides","test_58_get_slides_by_id","","","","test_get_slides_invalid_id[0]","Негативный тест: невалидный ID в path-параметре."
"passed","Sat Aug 23 00:48:34 UTC 2025","Sat Aug 23 00:48:35 UTC 2025","802","tests.catalog","test_create_admin_product","","","","test_create_product_invalid_payload[payload2-400]",""
"passed","Sat Aug 23 00:49:52 UTC 2025","Sat Aug 23 00:49:53 UTC 2025","1205","tests.tickets","test_04_create_ticket","","","","test_create_ticket_success[client-attachments1-QuestionsAboutTheMarriageContract]","Позитивный тест: создание тикета с разными темами и вложениями для клиента, партнера и админа"
"passed","Sat Aug 23 00:48:14 UTC 2025","Sat Aug 23 00:48:14 UTC 2025","597","tests.admin_panel.slides","test_57_create_slide","","","","test_create_slide_invalid_payload[payload15-422]","Негативные тесты: некорректные и неполные payload'ы."
"passed","Sat Aug 23 00:48:36 UTC 2025","Sat Aug 23 00:48:36 UTC 2025","977","tests.delivery","test_01_save_delivery_address","","","","test_save_delivery_address_positive[client-payload4]","Позитивные тесты на сохранение адреса доставки"
"skipped","Sat Aug 23 00:46:43 UTC 2025","Sat Aug 23 00:46:43 UTC 2025","0","tests.account","test_update","","","","test_update_account_positive[client-payload0]","Позитивные тесты на обновление данных аккаунта"
"skipped","Sat Aug 23 00:47:52 UTC 2025","Sat Aug 23 00:47:59 UTC 2025","7533","tests.admin_panel.promo","test_72_create_promotion","","","","test_create_duplicate_promotion_should_fail","Негативный тест: попытка создать акцию с тем же уникальным полем name."
"passed","Sat Aug 23 00:47:56 UTC 2025","Sat Aug 23 00:48:01 UTC 2025","5575","tests.admin_panel.sliders","test_54_update_slider","","","","test_update_slider_invalid_id[9999999]","Негативный тест: несуществующий или некорректный ID."
"skipped","Sat Aug 23 00:49:13 UTC 2025","Sat Aug 23 00:49:13 UTC 2025","0","tests.stock","test_create_stock","","","","test_create_stock_with_empty_string_log_if_not_200[id]",""
"passed","Sat Aug 23 00:50:11 UTC 2025","Sat Aug 23 00:50:11 UTC 2025","168","tests.tickets","test_01_get_tickets","","","","test_get_tickets_success[filter1-sort1-search1-pagination0-admin]","Позитивный тест: получение списка тикетов с разными комбинациями параметров"
"passed","Sat Aug 23 00:50:46 UTC 2025","Sat Aug 23 00:50:46 UTC 2025","164","tests.tickets","test_01_get_tickets","","","","test_get_tickets_success[filter2-sort1-search2-pagination1-client]","Позитивный тест: получение списка тикетов с разными комбинациями параметров"
"skipped","Sat Aug 23 00:46:43 UTC 2025","Sat Aug 23 00:46:43 UTC 2025","0","tests.account","test_family_agreement_update_status","","","","test_update_family_agreement_status_positive[admin-payload0]","Позитивные тесты на изменение статуса семейного соглашения"
"passed","Sat Aug 23 00:47:04 UTC 2025","Sat Aug 23 00:47:05 UTC 2025","1111","tests.admin_panel.categories","test_50_upload_category_images","","","","test_upload_category_images_invalid_format[valid.png-image/png-204]","Негативный тест: загрузка изображений в неверном формате (например, .txt)."
"passed","Sat Aug 23 00:48:01 UTC 2025","Sat Aug 23 00:48:02 UTC 2025","982","tests.admin_panel.slides","test_58_get_slides_by_id","","","","test_get_slides_by_id_forbidden[partner]","Негативный тест: попытка получения слайда по ID не-админом."
"passed","Sat Aug 23 00:50:10 UTC 2025","Sat Aug 23 00:50:10 UTC 2025","168","tests.tickets","test_01_get_tickets","","","","test_get_tickets_success[filter1-sort1-search1-pagination0-client]","Позитивный тест: получение списка тикетов с разными комбинациями параметров"
"passed","Sat Aug 23 00:47:22 UTC 2025","Sat Aug 23 00:47:22 UTC 2025","402","tests.admin_panel.products","test_43_delete_product_brand","","","","test_delete_product_brand_unauthorized","Негативный тест: попытка удаления бренда без авторизации."
"skipped","Sat Aug 23 00:49:13 UTC 2025","Sat Aug 23 00:49:13 UTC 2025","0","tests.stock","test_create_stock","","","","test_create_stock_with_empty_string_log_if_not_200[city.post_code]",""
"passed","Sat Aug 23 00:48:19 UTC 2025","Sat Aug 23 00:48:20 UTC 2025","1035","tests.admin_panel.sliders","test_54_update_slider","","","","test_update_slider_invalid_payload[payload8-422]","Негативный тест: обновление слайдера с невалидным или неполным телом запроса."
"passed","Sat Aug 23 00:48:05 UTC 2025","Sat Aug 23 00:48:06 UTC 2025","421","tests.auth","test_01_check_version","","","","test_check_version[unknown-1.0.0-400]","Тест проверяет API /check_version для разных платформ и версий."
"passed","Sat Aug 23 00:49:39 UTC 2025","Sat Aug 23 00:49:39 UTC 2025","139","tests.statistic","test_team_activations","","","","test_get_team_activation_statistic_negative[payload6-client]","Негативный тест: ошибка при получении статистики активации команды с невалидным телом запроса"
"passed","Sat Aug 23 00:47:54 UTC 2025","Sat Aug 23 00:47:55 UTC 2025","602","tests.admin_panel.promo","test_78_delete_promotion_item","","","","test_delete_promotion_item_invalid_id[-1--1]","Негативный тест: удаление элемента акции с невалидным ID продукта."
"skipped","Sat Aug 23 00:46:43 UTC 2025","Sat Aug 23 00:46:43 UTC 2025","0","tests.account","test_pass_change","","","","test_change_password_positive[client-payload1]","Позитивные тесты на изменение пароля"
"passed","Sat Aug 23 00:47:13 UTC 2025","Sat Aug 23 00:47:14 UTC 2025","608","tests.admin_panel.products","test_39_get_product_brands","","","","test_get_product_brands_success","Позитивный тест: успешное получение списка брендов админом."
"passed","Sat Aug 23 00:47:46 UTC 2025","Sat Aug 23 00:47:47 UTC 2025","1257","tests.admin_panel.products","test_44_upload_product_brand_images","","","","test_upload_product_brand_images_formats[valid.jpg-image/jpeg-204]","Проверка загрузки изображений бренда в разных форматах: негативные и позитивные кейсы."
"passed","Sat Aug 23 00:49:03 UTC 2025","Sat Aug 23 00:49:05 UTC 2025","1520","tests.one_c","test_create_1c_stock","","","","test_work_hours_is_closed_roundtrip",""
"passed","Sat Aug 23 00:51:31 UTC 2025","Sat Aug 23 00:51:32 UTC 2025","536","tests.tickets","test_04_create_ticket","","","","test_create_ticket_success[admin-attachments0-QuestionsAboutTheRewardSystemMarketingPlan]","Позитивный тест: создание тикета с разными темами и вложениями для клиента, партнера и админа"
"passed","Sat Aug 23 00:46:47 UTC 2025","Sat Aug 23 00:46:47 UTC 2025","139","tests.admin_panel","test_report_accruals","","","","test_report_accruals_forbidden[partner]",""
"skipped","Sat Aug 23 00:49:14 UTC 2025","Sat Aug 23 00:49:14 UTC 2025","0","tests.stock","test_create_stock","","","","test_create_stock_with_empty_string_log_if_not_200[boxberry_office_code]",""
"passed","Sat Aug 23 00:47:02 UTC 2025","Sat Aug 23 00:47:03 UTC 2025","1507","tests.admin_panel.categories","test_80_create_category_translation","","","","test_create_category_translation_success[mn]","Позитивный тест: создание/обновление перевода категории для разных языков."
"skipped","Sat Aug 23 00:49:43 UTC 2025","Sat Aug 23 00:49:44 UTC 2025","1171","tests.tickets","test_06_close_ticket","","","","test_close_tickets_negative[admin-ticket_ids1-400]","Негативные тесты: закрытие с некорректными данными"
"skipped","Sat Aug 23 00:48:43 UTC 2025","Sat Aug 23 00:48:43 UTC 2025","0","tests.catalog","test_create_admin_product","","","","test_create_product_duplicate_slug[uz]",""
"passed","Sat Aug 23 00:48:38 UTC 2025","Sat Aug 23 00:48:39 UTC 2025","1029","tests.admin_panel.slides","test_59_update_slide","","","","test_update_slide_invalid_payload[payload17-422]","Негативный тест: обновление слайда с невалидным или неполным телом запроса."
"passed","Sat Aug 23 00:48:20 UTC 2025","Sat Aug 23 00:48:23 UTC 2025","3029","tests.admin_panel.slides","test_57_create_slide","","","","test_create_slide_title_color_validation[#FFFFF-400]","Валидация поля title_color при создании слайда."
"passed","Sat Aug 23 00:51:16 UTC 2025","Sat Aug 23 00:51:17 UTC 2025","1054","tests.tickets","test_04_create_ticket","","","","test_create_ticket_success[partner-attachments2-OtherQuestions]","Позитивный тест: создание тикета с разными темами и вложениями для клиента, партнера и админа"
"passed","Sat Aug 23 00:47:24 UTC 2025","Sat Aug 23 00:47:25 UTC 2025","994","tests.admin_panel.products","test_42_update_product_brand","","","","test_update_product_brand_invalid_payload[payload0-expected_code0]","Негативный тест: обновление бренда с невалидным или неполным телом запроса."
"passed","Sat Aug 23 00:50:50 UTC 2025","Sat Aug 23 00:50:50 UTC 2025","158","tests.tickets","test_01_get_tickets","","","","test_get_tickets_invalid_pagination[invalid_pagination0-partner]","Негативный тест: передаем некорректные значения в pagination"
"passed","Sat Aug 23 00:48:08 UTC 2025","Sat Aug 23 00:48:09 UTC 2025","609","tests.admin_panel.slides","test_57_create_slide","","","","test_create_slide_invalid_payload[payload6-expected_code6]","Негативные тесты: некорректные и неполные payload'ы."
"skipped","Sat Aug 23 00:46:43 UTC 2025","Sat Aug 23 00:46:43 UTC 2025","0","tests.account","test_get_default_stock","","","","test_get_default_stock_positive[partner]","Позитивные тесты на получение дефолтного склада"
"passed","Sat Aug 23 00:48:34 UTC 2025","Sat Aug 23 00:48:35 UTC 2025","907","tests.delivery","test_01_save_delivery_address","","","","test_save_delivery_address_positive[client-payload3]","Позитивные тесты на сохранение адреса доставки"
"passed","Sat Aug 23 00:47:23 UTC 2025","Sat Aug 23 00:47:24 UTC 2025","592","tests.admin_panel.products","test_40_create_product_brand","","","","test_create_product_brand_invalid_payload[payload2-expected_codes2]","Негативные кейсы: невалидные поля при создании бренда."
"passed","Sat Aug 23 00:48:42 UTC 2025","Sat Aug 23 00:48:43 UTC 2025","923","tests.admin_panel.slides","test_59_update_slide","","","","test_update_slide_invalid_payload[payload21-422]","Негативный тест: обновление слайда с невалидным или неполным телом запроса."
"passed","Sat Aug 23 00:48:06 UTC 2025","Sat Aug 23 00:48:06 UTC 2025","639","tests.admin_panel.slides","test_60_delete_slides","","","","test_delete_slide_invalid_id[abc]","Негативный тест: удаление несуществующего или некорректного слайда."
"skipped","Sat Aug 23 00:46:43 UTC 2025","Sat Aug 23 00:46:43 UTC 2025","0","tests.account","test_history_admin","","","","test_get_admin_history_positive[admin-payload0]","Позитивные тесты на получение истории бонусов для админа"
"passed","Sat Aug 23 00:47:30 UTC 2025","Sat Aug 23 00:47:30 UTC 2025","139","tests.admin_panel.promo","test_71_get_promotions","","","","test_get_promotions_list_forbidden[partner]","Негативный тест: получение списка акций не админом."
"passed","Sat Aug 23 00:46:49 UTC 2025","Sat Aug 23 00:46:50 UTC 2025","1734","tests.account","test_delete_cover_url","","","","test_delete_cover_full_payload[admin]",""
"passed","Sat Aug 23 00:47:06 UTC 2025","Sat Aug 23 00:47:06 UTC 2025","339","tests.admin_panel.items","test_create_item","","","","test_create_item_forbidden[partner]","Негативный тест: создание варианта не-админом запрещено."
"passed","Sat Aug 23 00:47:11 UTC 2025","Sat Aug 23 00:47:15 UTC 2025","4049","tests.admin_panel.products","test_02_recommended_products_add","","","","test_add_empty_recommendation_list","Попытка добавить пустой список рекомендованных товаров"
"skipped","Sat Aug 23 00:46:43 UTC 2025","Sat Aug 23 00:46:43 UTC 2025","0","tests.account","test_history_group_volumes","","","","test_get_group_volumes_history_positive[admin-payload1]","Позитивные тесты на получение истории начисления групповых объемов"
"passed","Sat Aug 23 00:46:42 UTC 2025","Sat Aug 23 00:46:42 UTC 2025","151","tests.account","test_0_users_by_lo_rating","","","","test_get_users_by_lo_rating_positive[admin]","Позитивные тесты на получение рейтинга продавцов по личному объему"
"passed","Sat Aug 23 00:49:34 UTC 2025","Sat Aug 23 00:49:35 UTC 2025","714","tests.catalog","test_create_admin_product_translation","","","","test_create_admin_product_translation_invalid_payload[payload3-400]","Негативные проверки на создание перевода с некорректным payload."
"passed","Sat Aug 23 00:48:58 UTC 2025","Sat Aug 23 00:48:58 UTC 2025","145","tests.orders","test_create_order_by_delivery_address","","","","test_create_order_invalid_data[invalid_payload1-partner]","Негативные тесты: создание заказа с некорректными данными"
"passed","Sat Aug 23 00:48:01 UTC 2025","Sat Aug 23 00:48:02 UTC 2025","614","tests.admin_panel.sliders","test_52_create_slider","","","","test_create_slider_invalid_payload[payload12-422]","Негативный тест: попытка создать слайдер с невалидным payload."
"passed","Sat Aug 23 00:47:24 UTC 2025","Sat Aug 23 00:47:25 UTC 2025","593","tests.admin_panel.products","test_40_create_product_brand","","","","test_create_product_brand_invalid_payload[payload4-expected_codes4]","Негативные кейсы: невалидные поля при создании бренда."
"skipped","Sat Aug 23 00:49:14 UTC 2025","Sat Aug 23 00:49:14 UTC 2025","0","tests.stock","test_create_stock","","","","test_create_stock_with_empty_string_log_if_not_200[address.latitude]",""
"passed","Sat Aug 23 00:47:02 UTC 2025","Sat Aug 23 00:47:05 UTC 2025","2734","tests.admin_panel.items","test_update_item","","","","test_update_item_article_should_fail_if_not_unique","Негативный тест: попытка обновить article на уже существующий."
"passed","Sat Aug 23 00:46:51 UTC 2025","Sat Aug 23 00:46:51 UTC 2025","578","tests.admin_panel.categories","test_47_get_categories_by_id","","","","test_get_categories_invalid_id[abc]","Негативный тест: получение категории по невалидному ID."
"skipped","Sat Aug 23 00:47:03 UTC 2025","Sat Aug 23 00:47:03 UTC 2025","0","tests.admin_panel.products","test_01_delete_product_group","","","","test_delete_product_group_invalid_id[-1]","Негативный тест: удаление несуществующей или некорректной продукт группы."
"passed","Sat Aug 23 00:50:47 UTC 2025","Sat Aug 23 00:50:48 UTC 2025","1209","tests.tickets","test_04_create_ticket","","","","test_create_ticket_success[partner-attachments1-QuestionsAboutProducts]","Позитивный тест: создание тикета с разными темами и вложениями для клиента, партнера и админа"
"passed","Sat Aug 23 00:46:42 UTC 2025","Sat Aug 23 00:46:42 UTC 2025","167","tests.account","test_0_top_partners_game_0824","","","","test_get_top_partners_game_0824_positive[partner]","Позитивные тесты на получение топ-партнеров в игре 08/24"
"passed","Sat Aug 23 00:48:27 UTC 2025","Sat Aug 23 00:48:28 UTC 2025","917","tests.delivery","test_01_save_delivery_address","","","","test_save_delivery_address_positive[client-payload0]","Позитивные тесты на сохранение адреса доставки"
"passed","Sat Aug 23 00:48:01 UTC 2025","Sat Aug 23 00:48:01 UTC 2025","141","tests.admin_panel.slides","test_57_create_slide","","","","test_create_slide_forbidden[client]","Негативный тест: создание слайда не-админом запрещено."
"passed","Sat Aug 23 00:47:48 UTC 2025","Sat Aug 23 00:47:49 UTC 2025","600","tests.admin_panel.promo","test_72_create_promotion","","","","test_create_promotion_invalid_data[payload10-422]","Негативные тесты: невалидные данные"
"passed","Sat Aug 23 00:47:55 UTC 2025","Sat Aug 23 00:47:55 UTC 2025","584","tests.admin_panel.promo","test_78_delete_promotion_item","","","","test_delete_promotion_item_invalid_id[0-0]","Негативный тест: удаление элемента акции с невалидным ID продукта."
"skipped","Sat Aug 23 00:46:43 UTC 2025","Sat Aug 23 00:46:43 UTC 2025","0","tests.admin_panel","test_accrue_presidential_pool","","","","test_accrue_presidential_pool_for_client",""
"skipped","Sat Aug 23 00:49:14 UTC 2025","Sat Aug 23 00:49:14 UTC 2025","0","tests.stock","test_create_stock","","","","test_create_stock_with_empty_string_log_if_not_200[delivery_restrictions]",""
"passed","Sat Aug 23 00:49:41 UTC 2025","Sat Aug 23 00:49:46 UTC 2025","4502","tests.catalog","test_update_admin_product","","","","test_update_admin_product_invalid_payload[update_payload5-422]",""
"passed","Sat Aug 23 00:46:42 UTC 2025","Sat Aug 23 00:46:42 UTC 2025","568","tests.PROJECT_FUND.initiatives","test_get_initiative_by_id","","","","test_get_initiative_by_invalid_id[-https://dev.ewahelps.com/api]",""
"passed","Sat Aug 23 00:49:46 UTC 2025","Sat Aug 23 00:49:46 UTC 2025","174","tests.tickets","test_01_get_tickets","","","","test_get_tickets_success[filter0-sort1-search2-pagination0-client]","Позитивный тест: получение списка тикетов с разными комбинациями параметров"
"passed","Sat Aug 23 00:49:10 UTC 2025","Sat Aug 23 00:49:10 UTC 2025","146","tests.cart","test_get_delivery_cost","","","","test_get_delivery_cost_invalid_payload[client-payload6]","Негативный тест: некорректные входные данные"
"passed","Sat Aug 23 00:50:47 UTC 2025","Sat Aug 23 00:50:47 UTC 2025","173","tests.tickets","test_01_get_tickets","","","","test_get_tickets_success[filter2-sort1-search2-pagination1-admin]","Позитивный тест: получение списка тикетов с разными комбинациями параметров"
"passed","Sat Aug 23 00:48:02 UTC 2025","Sat Aug 23 00:48:03 UTC 2025","609","tests.admin_panel.slides","test_62_slides_update_video_url","","","","test_update_video_url_invalid[https://bucket.yandex.ru/other_video.m3u8]","Негативный тест: передача некорректной ссылки без предварительной загрузки"
"skipped","Sat Aug 23 00:49:04 UTC 2025","Sat Aug 23 00:49:04 UTC 2025","126","tests.orders","test_group_order_change_country","","","","test_change_country_invalid_data[invalid_payload2-partner]","Негативные тесты: передача некорректных данных"
"passed","Sat Aug 23 00:49:57 UTC 2025","Sat Aug 23 00:49:57 UTC 2025","168","tests.tickets","test_01_get_tickets","","","","test_get_tickets_success[filter1-sort0-search1-pagination0-client]","Позитивный тест: получение списка тикетов с разными комбинациями параметров"
"passed","Sat Aug 23 00:47:10 UTC 2025","Sat Aug 23 00:47:10 UTC 2025","623","tests.admin_panel.categories","test_80_create_category_translation","","","","test_create_category_translation_invalid_payload[payload4-400]","Негативный тест: создание перевода с невалидным payload."
"skipped","Sat Aug 23 00:46:40 UTC 2025","Sat Aug 23 00:46:40 UTC 2025","0","tests.account","test_0_marathon","","","","test_create_product_brand_invalid_payload[params3-400-partner]",""
"passed","Sat Aug 23 00:52:16 UTC 2025","Sat Aug 23 00:52:17 UTC 2025","1110","tests.tickets","test_04_create_ticket","","","","test_create_ticket_success[admin-attachments2-ReceivingDefectiveProducts]","Позитивный тест: создание тикета с разными темами и вложениями для клиента, партнера и админа"
"passed","Sat Aug 23 00:48:27 UTC 2025","Sat Aug 23 00:48:28 UTC 2025","968","tests.admin_panel.slides","test_59_update_slide","","","","test_update_slide_invalid_payload[payload9-400]","Негативный тест: обновление слайда с невалидным или неполным телом запроса."
"passed","Sat Aug 23 00:48:44 UTC 2025","Sat Aug 23 00:48:46 UTC 2025","2758","tests.cart","test_user_locale","","","","test_update_user_locale_valid_payload_1[partner-payload3]","
    Позитивный тест: Обновление языка/склада/локали авторизованным пользователем."
"passed","Sat Aug 23 00:49:31 UTC 2025","Sat Aug 23 00:49:31 UTC 2025","139","tests.statistic","test_team_activations","","","","test_get_team_activation_statistic_negative[payload4-admin]","Негативный тест: ошибка при получении статистики активации команды с невалидным телом запроса"
"passed","Sat Aug 23 00:47:25 UTC 2025","Sat Aug 23 00:47:26 UTC 2025","624","tests.admin_panel.products","test_40_create_product_brand","","","","test_create_product_brand_invalid_payload[payload6-expected_codes6]","Негативные кейсы: невалидные поля при создании бренда."
"passed","Sat Aug 23 00:48:41 UTC 2025","Sat Aug 23 00:48:42 UTC 2025","851","tests.delivery","test_01_save_delivery_address","","","","test_save_delivery_address_positive[partner-payload2]","Позитивные тесты на сохранение адреса доставки"
"passed","Sat Aug 23 00:47:47 UTC 2025","Sat Aug 23 00:47:48 UTC 2025","1225","tests.admin_panel.products","test_44_upload_product_brand_images","","","","test_upload_product_brand_images_formats[valid.webp-image/webp-204]","Проверка загрузки изображений бренда в разных форматах: негативные и позитивные кейсы."
"passed","Sat Aug 23 00:51:44 UTC 2025","Sat Aug 23 00:51:45 UTC 2025","1209","tests.tickets","test_04_create_ticket","","","","test_create_ticket_success[admin-attachments1-QuestionsAboutProducts]","Позитивный тест: создание тикета с разными темами и вложениями для клиента, партнера и админа"
"passed","Sat Aug 23 00:50:22 UTC 2025","Sat Aug 23 00:50:22 UTC 2025","169","tests.tickets","test_01_get_tickets","","","","test_get_tickets_success[filter2-sort0-search1-pagination0-client]","Позитивный тест: получение списка тикетов с разными комбинациями параметров"
"passed","Sat Aug 23 00:48:21 UTC 2025","Sat Aug 23 00:48:22 UTC 2025","636","tests.cart","test_get_delivery_cost","","","","test_get_delivery_cost_success_region_available_false[client]","Позитивный тест: успешное получение ТК отправляя название региона без айдишника (Country.is_region_available = false)"
"skipped","Sat Aug 23 00:48:43 UTC 2025","Sat Aug 23 00:48:43 UTC 2025","0","tests.catalog","test_create_admin_product","","","","test_create_product_duplicate_slug[en]",""
"passed","Sat Aug 23 00:50:36 UTC 2025","Sat Aug 23 00:50:36 UTC 2025","551","tests.tickets","test_04_create_ticket","","","","test_create_ticket_success[partner-attachments0-ChangePersonalData]","Позитивный тест: создание тикета с разными темами и вложениями для клиента, партнера и админа"
"passed","Sat Aug 23 00:47:59 UTC 2025","Sat Aug 23 00:48:00 UTC 2025","671","tests.admin_panel.slides","test_59_update_slide","","","","test_update_slide_success","Позитивный тест: успешное обновление слайда (все поля)."
"skipped","Sat Aug 23 00:48:07 UTC 2025","Sat Aug 23 00:48:07 UTC 2025","0","tests.auth","test_04_refresh","","","","test_refresh_token_success[partner]","Тест успешного обновления токена через refresh-токен."
"skipped","Sat Aug 23 00:47:05 UTC 2025","Sat Aug 23 00:47:05 UTC 2025","0","tests.admin_panel.products","test_01_create_product_group","","","","test_create_product_group_forbidden[client]","Негативный тест: создание продукт группы не-админом запрещено."
"passed","Sat Aug 23 00:46:54 UTC 2025","Sat Aug 23 00:46:55 UTC 2025","1470","tests.admin_panel.categories","test_81_delete_category_translation","","","","test_delete_category_translation_forbidden[client]","Негативный тест: удаление перевода не-админом запрещено."
"passed","Sat Aug 23 00:49:43 UTC 2025","Sat Aug 23 00:49:44 UTC 2025","1527","tests.tickets","test_12_delete_message","","","","test_delete_ticket_message_admin_other_client[client]","Негативный тест: админ пытается удалить сообщение клиента/партнёра"
"passed","Sat Aug 23 00:48:25 UTC 2025","Sat Aug 23 00:48:34 UTC 2025","8727","tests.catalog","test_create_admin_product_translation","","","","test_create_admin_product_translation_success[de]","Создание и обновление перевода продукта на разных языках."
"passed","Sat Aug 23 00:49:31 UTC 2025","Sat Aug 23 00:49:31 UTC 2025","539","tests.tickets","test_04_create_ticket","","","","test_create_ticket_success[client-attachments0-QuestionsAboutTheMarriageContract]","Позитивный тест: создание тикета с разными темами и вложениями для клиента, партнера и админа"
"passed","Sat Aug 23 00:49:04 UTC 2025","Sat Aug 23 00:49:05 UTC 2025","657","tests.catalog","test_update_admin_product","","","","test_update_admin_product_invalid_id[0]",""
"passed","Sat Aug 23 00:47:49 UTC 2025","Sat Aug 23 00:47:50 UTC 2025","637","tests.admin_panel.promo","test_72_create_promotion","","","","test_create_promotion_invalid_data[payload12-422]","Негативные тесты: невалидные данные"
"passed","Sat Aug 23 00:48:44 UTC 2025","Sat Aug 23 00:48:45 UTC 2025","875","tests.delivery","test_01_save_delivery_address","","","","test_save_delivery_address_positive[partner-payload4]","Позитивные тесты на сохранение адреса доставки"
"passed","Sat Aug 23 00:48:22 UTC 2025","Sat Aug 23 00:48:25 UTC 2025","3487","tests.admin_panel.slides","test_59_update_slide","","","","test_update_slide_invalid_payload[payload6-expected_code6]","Негативный тест: обновление слайда с невалидным или неполным телом запроса."
"passed","Sat Aug 23 00:48:05 UTC 2025","Sat Aug 23 00:48:05 UTC 2025","144","tests.admin_panel.slides","test_62_slides_update_video_url","","","","test_update_video_url_forbidden[partner]","Негативный тест: не-админ не может обновить ссылку на мастер-файл"
"passed","Sat Aug 23 00:47:28 UTC 2025","Sat Aug 23 00:47:28 UTC 2025","151","tests.admin_panel.products","test_44_upload_product_brand_images","","","","test_upload_product_brand_images_forbidden[partner]","Негативный тест: неадмин не может загрузить изображения."
"skipped","Sat Aug 23 00:46:44 UTC 2025","Sat Aug 23 00:46:44 UTC 2025","0","tests.account","test_list_csv","","","","test_get_account_list_csv_positive[admin-payload0]","Позитивные тесты на выгрузку структуры партнеров в CSV"
"skipped","Sat Aug 23 00:49:14 UTC 2025","Sat Aug 23 00:49:14 UTC 2025","0","tests.stock","test_create_stock","","","","test_create_stock_with_empty_string_log_if_not_200[address.id]",""
"passed","Sat Aug 23 00:48:33 UTC 2025","Sat Aug 23 00:48:33 UTC 2025","137","tests.cart","test_user_locale","","","","test_update_user_locale_valid_payload_1[client-payload6]","
    Позитивный тест: Обновление языка/склада/локали авторизованным пользователем."
"passed","Sat Aug 23 00:49:03 UTC 2025","Sat Aug 23 00:49:03 UTC 2025","433","tests.one_c","test_create_1c_stock","","","","test_country_id_city_id_conflict_validation","
    ТЗ: при конфликте address.country_id с country городa (по city_id) должен быть 400/422.
    "
"passed","Sat Aug 23 00:48:44 UTC 2025","Sat Aug 23 00:48:45 UTC 2025","544","tests.fund","test_get_top_donors","","","","test_get_top_donors_invalid_params[invalid_param0-https://dev.ewahelps.com/api]","Негативный тест: переданы некорректные параметры."
"skipped","Sat Aug 23 00:48:46 UTC 2025","Sat Aug 23 00:48:46 UTC 2025","0","tests.integration","test_auth_01_full_auth_cycle","","","","test_full_auth_flow[authorize_partner]","Сценарный тест: полный цикл авторизации и выхода"
"passed","Sat Aug 23 00:47:34 UTC 2025","Sat Aug 23 00:47:36 UTC 2025","1364","tests.admin_panel.promo","test_74_update_promotion","","","","test_update_promotion_name_should_fail_if_not_unique","Негативный тест: попытка обновить имя акции на уже существующий."
"skipped","Sat Aug 23 00:49:14 UTC 2025","Sat Aug 23 00:49:14 UTC 2025","0","tests.stock","test_create_stock","","","","test_create_stock_with_empty_string_log_if_not_200[timezone.is_dst]",""
"skipped","Sat Aug 23 00:47:57 UTC 2025","Sat Aug 23 00:47:59 UTC 2025","2326","tests.admin_panel.slides","test_61_upload_slides_images","","","","test_upload_slide_images_success","Позитивный тест: успешная загрузка изображений слайда через multipart/form-data."
"passed","Sat Aug 23 00:49:18 UTC 2025","Sat Aug 23 00:49:20 UTC 2025","1580","tests.one_c","test_create_1c_stock","","","","test_post_id_1c_int32_boundaries",""
"passed","Sat Aug 23 00:49:36 UTC 2025","Sat Aug 23 00:49:36 UTC 2025","611","tests.catalog","test_create_admin_product_translation","","","","test_create_admin_product_translation_invalid_payload[payload5-422]","Негативные проверки на создание перевода с некорректным payload."
"passed","Sat Aug 23 00:47:12 UTC 2025","Sat Aug 23 00:47:13 UTC 2025","793","tests.admin_panel.items","test_create_item","","","","test_create_item_invalid_payload[payload7-expected_code7]","
    Негативный тест: создание варианта с невалидным телом запроса.
    Если сервер внезапно вернул успех — удаляем созданный item из БД.
    "
"passed","Sat Aug 23 00:48:20 UTC 2025","Sat Aug 23 00:48:20 UTC 2025","838","tests.admin_panel.slides","test_57_create_slide","","","","test_create_slide_title_color_validation[#12FaBc-201]","Валидация поля title_color при создании слайда."
"passed","Sat Aug 23 00:48:26 UTC 2025","Sat Aug 23 00:48:26 UTC 2025","365","tests.cart","test_get_delivery_cost","","","","test_get_delivery_cost_success_region_available_false[admin]","Позитивный тест: успешное получение ТК отправляя название региона без айдишника (Country.is_region_available = false)"
"passed","Sat Aug 23 00:49:32 UTC 2025","Sat Aug 23 00:49:32 UTC 2025","146","tests.statistic","test_team_go","","","","test_get_team_go_statistic_negative[payload4-client]","Негативный тест: ошибка при получении статистики по команде с невалидным телом запроса"
"passed","Sat Aug 23 00:48:05 UTC 2025","Sat Aug 23 00:48:05 UTC 2025","401","tests.auth","test_01_check_version","","","","test_check_version[Frontend-2.9.9-200]","Тест проверяет API /check_version для разных платформ и версий."
"passed","Sat Aug 23 00:49:26 UTC 2025","Sat Aug 23 00:49:26 UTC 2025","160","tests.stock","test_get_stocks","","","","test_get_stocks_country_id_not_found[admin]","Проверка получения складов по несуществующему country_id"
"skipped","Sat Aug 23 00:49:01 UTC 2025","Sat Aug 23 00:49:01 UTC 2025","131","tests.orders","test_group_order_change_country","","","","test_change_country_invalid_data[invalid_payload0-admin]","Негативные тесты: передача некорректных данных"
"passed","Sat Aug 23 00:48:49 UTC 2025","Sat Aug 23 00:48:51 UTC 2025","1672","tests.cart","test_get_delivery_cost","","","","test_get_delivery_cost_success_partial_payload[partner-payload3-200]","Позитивный тест: успешное получение ТК при неполном наборе (город без региона, без ID и т.п.)"
"passed","Sat Aug 23 00:46:51 UTC 2025","Sat Aug 23 00:46:51 UTC 2025","401","tests.admin_panel.categories","test_49_delete_category","","","","test_delete_category_unauthorized","Негативный тест: попытка удаления категории без авторизации."
"passed","Sat Aug 23 00:49:59 UTC 2025","Sat Aug 23 00:50:00 UTC 2025","1190","tests.tickets","test_04_create_ticket","","","","test_create_ticket_success[client-attachments1-ReceivingDefectiveProductsOrShortage]","Позитивный тест: создание тикета с разными темами и вложениями для клиента, партнера и админа"
"passed","Sat Aug 23 00:47:59 UTC 2025","Sat Aug 23 00:48:03 UTC 2025","3498","tests.admin_panel.slides","test_62_slides_get_upload_urls","","","","test_get_upload_urls_slider_not_video","Негативный тест: получение временных ссылок у слайда с типом 'image' вместо 'video'."
"passed","Sat Aug 23 00:48:33 UTC 2025","Sat Aug 23 00:48:38 UTC 2025","5493","tests.catalog","test_get_admin_product_translation","","","","test_get_admin_product_two_translations_success","Проверка получения двух переводов продукта (ru, en)."
"passed","Sat Aug 23 00:48:23 UTC 2025","Sat Aug 23 00:48:24 UTC 2025","890","tests.admin_panel.sliders","test_54_update_slider","","","","test_update_slider_invalid_payload[payload12-422]","Негативный тест: обновление слайдера с невалидным или неполным телом запроса."
"passed","Sat Aug 23 00:50:05 UTC 2025","Sat Aug 23 00:50:05 UTC 2025","171","tests.tickets","test_01_get_tickets","","","","test_get_tickets_success[filter1-sort0-search2-pagination1-admin]","Позитивный тест: получение списка тикетов с разными комбинациями параметров"
"skipped","Sat Aug 23 00:48:55 UTC 2025","Sat Aug 23 00:48:55 UTC 2025","0","tests.cart","test_user_locale","","","","test_update_user_locale_valid_payload[payload7]","
    Позитивный тест: Обновление языка/склада/локали НЕавторизованным пользователем с указанной корзиной в cookie.
    "
"passed","Sat Aug 23 00:49:28 UTC 2025","Sat Aug 23 00:49:29 UTC 2025","138","tests.statistic","test_team_registrations","","","","test_get_team_registration_statistic_negative[payload3-client]","Негативный тест: ошибка при получении статистики регистрации команды с невалидным телом запроса"
"passed","Sat Aug 23 00:49:18 UTC 2025","Sat Aug 23 00:49:18 UTC 2025","140","tests.cart","test_get_delivery_cost","","","","test_get_delivery_cost_invalid_payload[admin-payload4]","Негативный тест: некорректные входные данные"
"passed","Sat Aug 23 00:49:22 UTC 2025","Sat Aug 23 00:49:22 UTC 2025","138","tests.statistic","test_team_go","","","","test_get_team_go_statistic_negative[payload0-partner]","Негативный тест: ошибка при получении статистики по команде с невалидным телом запроса"
"skipped","Sat Aug 23 00:46:43 UTC 2025","Sat Aug 23 00:46:43 UTC 2025","0","tests.account","test_history_group_volumes_admin","","","","test_get_group_volumes_history_admin_positive[client-payload0]","Позитивные тесты на получение истории начисления групповых объемов для админа"
"passed","Sat Aug 23 00:52:14 UTC 2025","Sat Aug 23 00:52:15 UTC 2025","1069","tests.tickets","test_04_create_ticket","","","","test_create_ticket_success[admin-attachments2-ReceivingDefectiveProductsOrShortage]","Позитивный тест: создание тикета с разными темами и вложениями для клиента, партнера и админа"
"passed","Sat Aug 23 00:47:29 UTC 2025","Sat Aug 23 00:47:33 UTC 2025","3459","tests.admin_panel.promo","test_73_get_promotion_by_id","","","","test_get_promotion_by_id","Позитивный тест: получение акции по ID"
"passed","Sat Aug 23 00:48:41 UTC 2025","Sat Aug 23 00:48:42 UTC 2025","786","tests.catalog","test_create_admin_product","","","","test_create_product_invalid_payload[payload8-422]",""
"passed","Sat Aug 23 00:49:15 UTC 2025","Sat Aug 23 00:49:15 UTC 2025","146","tests.statistic","test_team_go","","","","test_get_team_go_statistic_positive[payload1-client]","Позитивный тест: получение статистики по команде с валидным телом запроса"
"skipped","Sat Aug 23 00:49:14 UTC 2025","Sat Aug 23 00:49:14 UTC 2025","0","tests.stock","test_create_stock","","","","test_create_stock_with_empty_string_log_if_not_200[address.email]",""
"skipped","Sat Aug 23 00:46:40 UTC 2025","Sat Aug 23 00:46:40 UTC 2025","0","tests.account","test_0_marathon","","","","test_create_product_brand_invalid_payload[params6-400-client]",""
"passed","Sat Aug 23 00:49:38 UTC 2025","Sat Aug 23 00:49:40 UTC 2025","1540","tests.tickets","test_12_delete_message","","","","test_delete_ticket_message_admin","Позитивный тест: админ удаляет своё сообщение в тикете"
"passed","Sat Aug 23 00:46:46 UTC 2025","Sat Aug 23 00:46:46 UTC 2025","147","tests.admin_panel.categories","test_45_get_categories","","","","test_get_categories_forbidden[partner]","Негативный тест: получение списка категорий не админом."
"passed","Sat Aug 23 00:47:36 UTC 2025","Sat Aug 23 00:47:36 UTC 2025","428","tests.admin_panel.promo","test_77_create_promotion_item","","","","test_create_promotion_item_unauthorized","Негативный тест: создание элемента акции без авторизации."
"passed","Sat Aug 23 00:48:58 UTC 2025","Sat Aug 23 00:48:58 UTC 2025","140","tests.delivery","test_01_save_delivery_address","","","","test_save_delivery_address_negative[partner-payload6-400]","Негативные тесты на сохранение адреса доставки (отсутствие обязательных полей, некорректные данные)"
"passed","Sat Aug 23 00:48:38 UTC 2025","Sat Aug 23 00:48:40 UTC 2025","1413","tests.cart","test_get_delivery_cost","","","","test_get_delivery_cost_success_partial_payload[client-payload7-200]","Позитивный тест: успешное получение ТК при неполном наборе (город без региона, без ID и т.п.)"
"passed","Sat Aug 23 00:48:30 UTC 2025","Sat Aug 23 00:48:31 UTC 2025","1023","tests.admin_panel.slides","test_59_update_slide","","","","test_update_slide_invalid_payload[payload12-400]","Негативный тест: обновление слайда с невалидным или неполным телом запроса."
"passed","Sat Aug 23 00:47:04 UTC 2025","Sat Aug 23 00:47:07 UTC 2025","3130","tests.admin_panel.categories","test_57_v2_update_category","","","","test_v2_update_category_invalid_id[9999999]","Негативный тест: несуществующий или некорректный ID."
"passed","Sat Aug 23 00:48:08 UTC 2025","Sat Aug 23 00:48:09 UTC 2025","674","tests.admin_panel.slides","test_58_get_slides_by_id","","","","test_get_slide_not_found","Негативный тест: слайд с несуществующим ID не найден."
"passed","Sat Aug 23 00:47:21 UTC 2025","Sat Aug 23 00:47:21 UTC 2025","139","tests.admin_panel.products","test_40_create_product_brand","","","","test_create_product_brand_forbidden[partner]","Негативный тест: создание бренда не-админом запрещено."
"passed","Sat Aug 23 00:49:12 UTC 2025","Sat Aug 23 00:49:12 UTC 2025","161","tests.statistic","test_0_dashboard","","","","test_get_dashboard_statistic[admin]","Позитивный тест: получение статистики для дашборда ""прирост или убыль в числовом виде"
"passed","Sat Aug 23 00:46:40 UTC 2025","Sat Aug 23 00:46:40 UTC 2025","168","tests.account","test_0_profile","","","","test_get_profile_positive[partner]","Позитивные тесты на получение данных пользовательского аккаунта"
"passed","Sat Aug 23 00:47:16 UTC 2025","Sat Aug 23 00:47:18 UTC 2025","1830","tests.admin_panel.products","test_03_recommended_products_delete","","","","test_remove_nonexistent_recommendation","Удаление несуществующей рекомендации не вызывает ошибку."
"passed","Sat Aug 23 00:47:45 UTC 2025","Sat Aug 23 00:47:45 UTC 2025","400","tests.admin_panel.sliders","test_51_get_sliders","","","","test_get_sliders_unauthorized","Негативный тест: получение списка слайдеров без авторизации"
"passed","Sat Aug 23 00:48:51 UTC 2025","Sat Aug 23 00:48:52 UTC 2025","615","tests.catalog","test_get_admin_product_translation","","","","test_get_admin_product_translation_invalid_id[abc]","Проверка получения перевода по невалидному product_id."
"skipped","Sat Aug 23 00:48:55 UTC 2025","Sat Aug 23 00:48:55 UTC 2025","0","tests.cart","test_user_locale","","","","test_update_user_locale_valid_payload[payload5]","
    Позитивный тест: Обновление языка/склада/локали НЕавторизованным пользователем с указанной корзиной в cookie.
    "
"passed","Sat Aug 23 00:47:27 UTC 2025","Sat Aug 23 00:47:28 UTC 2025","586","tests.admin_panel.products","test_40_create_product_brand","","","","test_create_product_brand_invalid_payload[payload9-expected_codes9]","Негативные кейсы: невалидные поля при создании бренда."
"passed","Sat Aug 23 00:47:10 UTC 2025","Sat Aug 23 00:47:11 UTC 2025","829","tests.admin_panel.items","test_create_item","","","","test_create_item_invalid_payload[payload4-expected_code4]","
    Негативный тест: создание варианта с невалидным телом запроса.
    Если сервер внезапно вернул успех — удаляем созданный item из БД.
    "
"skipped","Sat Aug 23 00:49:52 UTC 2025","Sat Aug 23 00:49:53 UTC 2025","1263","tests.tickets","test_10_send_message_to_ticket","","","","test_send_message_validation[message_payload1-400]","Проверка валидации входных данных при отправке сообщений"
"skipped","Sat Aug 23 00:46:43 UTC 2025","Sat Aug 23 00:46:43 UTC 2025","0","tests.account","test_history","","","","test_get_history_positive[partner-payload1]","Позитивные тесты на получение истории аккаунта"
"passed","Sat Aug 23 00:50:20 UTC 2025","Sat Aug 23 00:50:20 UTC 2025","163","tests.tickets","test_01_get_tickets","","","","test_get_tickets_success[filter2-sort0-search0-pagination1-client]","Позитивный тест: получение списка тикетов с разными комбинациями параметров"
"passed","Sat Aug 23 00:47:29 UTC 2025","Sat Aug 23 00:47:30 UTC 2025","614","tests.admin_panel.products","test_40_create_product_brand","","","","test_create_product_brand_invalid_payload[payload12-expected_codes12]","Негативные кейсы: невалидные поля при создании бренда."
"skipped","Sat Aug 23 00:46:43 UTC 2025","Sat Aug 23 00:46:43 UTC 2025","0","tests.account","test_token","","","","test_add_token_positive[partner-payload1]","Позитивные тесты на добавление токена"
"passed","Sat Aug 23 00:48:52 UTC 2025","Sat Aug 23 00:48:53 UTC 2025","594","tests.catalog","test_get_admin_product_translation","","","","test_get_admin_product_translation_invalid_id[0]","Проверка получения перевода по невалидному product_id."
"skipped","Sat Aug 23 00:46:46 UTC 2025","Sat Aug 23 00:46:46 UTC 2025","0","tests.account","test_family_agreement_create_one","","","","test_create_family_agreement_one_positive[client-payload1]","Позитивные тесты на создание семейного соглашения при отсутствующем втором партнере"
"passed","Sat Aug 23 00:50:32 UTC 2025","Sat Aug 23 00:50:32 UTC 2025","159","tests.tickets","test_01_get_tickets","","","","test_get_tickets_success[filter2-sort0-search2-pagination1-partner]","Позитивный тест: получение списка тикетов с разными комбинациями параметров"
"passed","Sat Aug 23 00:49:20 UTC 2025","Sat Aug 23 00:49:20 UTC 2025","164","tests.statistic","test_team_registrations","","","","test_get_team_registration_statistic_positive[payload2-admin]","Позитивный тест: получение статистики по регистрации команды с валидным телом запроса"
"skipped","Sat Aug 23 00:46:43 UTC 2025","Sat Aug 23 00:46:43 UTC 2025","0","tests.admin_panel","test_accrue_presidential_pool","","","","test_accrue_presidential_pool_for_partner",""
"passed","Sat Aug 23 00:50:14 UTC 2025","Sat Aug 23 00:50:14 UTC 2025","164","tests.tickets","test_01_get_tickets","","","","test_get_tickets_success[filter1-sort1-search2-pagination0-client]","Позитивный тест: получение списка тикетов с разными комбинациями параметров"
"passed","Sat Aug 23 00:49:05 UTC 2025","Sat Aug 23 00:49:05 UTC 2025","682","tests.register","test_02_register_partner","","","","test_register_partner_negative[payload1-400]","Тест: негативные тесты для регистрации партнера вручную"
"passed","Sat Aug 23 00:48:01 UTC 2025","Sat Aug 23 00:48:02 UTC 2025","1042","tests.admin_panel.slides","test_59_update_slide","","","","test_update_slide_forbidden[client]","Негативный тест: попытка обновления слайда не-админом."
"skipped","Sat Aug 23 00:46:43 UTC 2025","Sat Aug 23 00:46:43 UTC 2025","0","tests.account","test_funds_transfer_send","","","","test_send_funds_transfer_positive[admin-payload0]","Позитивные тесты на перевод/вывод средств по visibleId"
"passed","Sat Aug 23 00:49:28 UTC 2025","Sat Aug 23 00:49:28 UTC 2025","618","tests.tickets","test_02_get_ticket_by_id","","","","test_get_ticket_invalid_id[abc]","Негативный тест: передан некорректный ID."
"passed","Sat Aug 23 00:49:07 UTC 2025","Sat Aug 23 00:49:07 UTC 2025","127","tests.register","test_01_register_form","","","","test_register_form_negative[client-payload2-400]",""
"passed","Sat Aug 23 00:49:43 UTC 2025","Sat Aug 23 00:49:45 UTC 2025","2501","tests.tickets","test_10_send_message_to_ticket","","","","test_send_message_role_permissions[authorize_partner-authorize_admin-200]","Проверка доступа к отправке сообщений в тикеты в зависимости от роли"
"passed","Sat Aug 23 00:46:55 UTC 2025","Sat Aug 23 00:46:56 UTC 2025","626","tests.admin_panel.categories","test_56_v2_create_category","","","","test_v2_create_category_invalid_payload[payload1-expected_code1]","Негативный тест: создание категории с невалидным телом запроса."
"passed","Sat Aug 23 00:47:51 UTC 2025","Sat Aug 23 00:47:52 UTC 2025","944","tests.admin_panel.sliders","test_54_update_slider","","","","test_update_slider_forbidden[partner]","Негативный тест: попытка обновления слайдера не-админом."
"passed","Sat Aug 23 00:46:42 UTC 2025","Sat Aug 23 00:46:42 UTC 2025","535","tests.PROJECT_FUND.initiatives","test_get_report_by_id","","","","test_get_report_by_invalid_id[1.5-https://dev.ewahelps.com/api]","Негативный тест: невалидный или несуществующий path-параметр"
"skipped","Sat Aug 23 00:46:43 UTC 2025","Sat Aug 23 00:46:43 UTC 2025","0","tests.account","test_get_languages","","","","test_get_languages_success[partner--400]","Возвращает список языков, доступных для перевода"
"passed","Sat Aug 23 00:47:26 UTC 2025","Sat Aug 23 00:47:27 UTC 2025","820","tests.admin_panel.promo","test_72_create_promotion","","","","test_create_promotion_success","Позитивный тест: успешное создание акции (все поля)."
"passed","Sat Aug 23 00:48:07 UTC 2025","Sat Aug 23 00:48:08 UTC 2025","594","tests.admin_panel.slides","test_58_get_slides_by_id","","","","test_get_slides_invalid_id[]","Негативный тест: невалидный ID в path-параметре."
"skipped","Sat Aug 23 00:46:43 UTC 2025","Sat Aug 23 00:46:43 UTC 2025","0","tests.account","test_history_personal_volumes","","","","test_get_personal_volumes_history_positive[admin-payload1]","Позитивные тесты на получение истории начисления личных объемов"
"passed","Sat Aug 23 00:50:33 UTC 2025","Sat Aug 23 00:50:33 UTC 2025","163","tests.tickets","test_01_get_tickets","","","","test_get_tickets_success[filter2-sort1-search0-pagination0-client]","Позитивный тест: получение списка тикетов с разными комбинациями параметров"
"skipped","Sat Aug 23 00:49:34 UTC 2025","Sat Aug 23 00:49:35 UTC 2025","1236","tests.tickets","test_06_close_ticket","","","","test_close_tickets_negative[client-None-400]","Негативные тесты: закрытие с некорректными данными"
"passed","Sat Aug 23 00:47:04 UTC 2025","Sat Aug 23 00:47:05 UTC 2025","1189","tests.admin_panel.categories","test_80_create_category_translation","","","","test_create_category_translation_forbidden[client]","Негативный тест: создание перевода не-админом запрещено."
"passed","Sat Aug 23 00:47:20 UTC 2025","Sat Aug 23 00:47:23 UTC 2025","3272","tests.admin_panel.categories","test_50_upload_category_images","","","","test_upload_category_images_file_too_large[4.7-fields_to_send2-204]","Негативный тест: загрузка слишком большого изображения."
"passed","Sat Aug 23 00:48:50 UTC 2025","Sat Aug 23 00:48:50 UTC 2025","143","tests.delivery","test_02_get_delivery_address","","","","test_get_delivery_addresses_invalid_pagination[invalid_pagination3-client]","Негативные тесты: передача некорректных параметров пагинации"
"skipped","Sat Aug 23 00:49:14 UTC 2025","Sat Aug 23 00:49:14 UTC 2025","0","tests.stock","test_create_stock","","","","test_create_stock_with_empty_string_log_if_not_200[address.country]",""
"skipped","Sat Aug 23 00:49:51 UTC 2025","Sat Aug 23 00:49:52 UTC 2025","1271","tests.tickets","test_10_send_message_to_ticket","","","","test_send_message_validation[message_payload0-400]","Проверка валидации входных данных при отправке сообщений"
"passed","Sat Aug 23 00:46:46 UTC 2025","Sat Aug 23 00:46:46 UTC 2025","739","tests.admin_panel","test_accrue_auto_bonus","","","","test_accrue_auto_bonus_invalid_payload[payload0-400]",""
"passed","Sat Aug 23 00:48:04 UTC 2025","Sat Aug 23 00:48:07 UTC 2025","3090","tests.admin_panel.slides","test_58_get_slides_by_id","","","","test_get_slides_invalid_id[None]","Негативный тест: невалидный ID в path-параметре."
"passed","Sat Aug 23 00:50:25 UTC 2025","Sat Aug 23 00:50:25 UTC 2025","166","tests.tickets","test_01_get_tickets","","","","test_get_tickets_success[filter2-sort0-search1-pagination1-partner]","Позитивный тест: получение списка тикетов с разными комбинациями параметров"
"skipped","Sat Aug 23 00:49:21 UTC 2025","Sat Aug 23 00:49:21 UTC 2025","145","tests.statistic","test_team_activations","","","","test_get_team_activation_statistic_negative[payload1-client]","Негативный тест: ошибка при получении статистики активации команды с невалидным телом запроса"
"passed","Sat Aug 23 00:49:10 UTC 2025","Sat Aug 23 00:49:11 UTC 2025","147","tests.delivery","test_01_save_delivery_address","","","","test_save_delivery_address_negative[admin-payload7-500]","Негативные тесты на сохранение адреса доставки (отсутствие обязательных полей, некорректные данные)"
"passed","Sat Aug 23 00:48:13 UTC 2025","Sat Aug 23 00:48:14 UTC 2025","437","tests.auth","test_03_token_auth","","","","test_auth_by_invalid_token","Тест авторизации с невалидным токеном"
"passed","Sat Aug 23 00:49:11 UTC 2025","Sat Aug 23 00:49:11 UTC 2025","164","tests.statistic","test_0_dashboard","","","","test_get_dashboard_statistic[client]","Позитивный тест: получение статистики для дашборда ""прирост или убыль в числовом виде"
"passed","Sat Aug 23 00:49:30 UTC 2025","Sat Aug 23 00:49:31 UTC 2025","139","tests.statistic","test_team_go","","","","test_get_team_go_statistic_negative[payload3-partner]","Негативный тест: ошибка при получении статистики по команде с невалидным телом запроса"
"passed","Sat Aug 23 00:48:54 UTC 2025","Sat Aug 23 00:48:54 UTC 2025","138","tests.delivery","test_01_save_delivery_address","","","","test_save_delivery_address_negative[partner-payload0-400]","Негативные тесты на сохранение адреса доставки (отсутствие обязательных полей, некорректные данные)"
"passed","Sat Aug 23 00:47:37 UTC 2025","Sat Aug 23 00:47:38 UTC 2025","985","tests.admin_panel.promo","test_77_create_promotion_item","","","","test_create_promotion_item_invalid_payload[payload1-400]",""
"passed","Sat Aug 23 00:47:07 UTC 2025","Sat Aug 23 00:47:10 UTC 2025","3026","tests.admin_panel.categories","test_57_v2_update_category","","","","test_v2_update_category_invalid_id[abc]","Негативный тест: несуществующий или некорректный ID."
"skipped","Sat Aug 23 00:48:55 UTC 2025","Sat Aug 23 00:48:55 UTC 2025","0","tests.cart","test_user_locale","","","","test_update_user_locale_valid_payload[payload6]","
    Позитивный тест: Обновление языка/склада/локали НЕавторизованным пользователем с указанной корзиной в cookie.
    "
"passed","Sat Aug 23 00:49:08 UTC 2025","Sat Aug 23 00:49:08 UTC 2025","144","tests.statistic","test_team_activations","","","","test_get_team_activation_statistic_positive[payload0-client]","Позитивный тест: получение статистики по активации команды с валидным телом запроса"
"passed","Sat Aug 23 00:49:06 UTC 2025","Sat Aug 23 00:49:07 UTC 2025","1346","tests.register","test_03_register_client","","","","test_register_client_positive[partner-200]","Тест: позитивные тесты для регистрации клиента вручную"
"passed","Sat Aug 23 00:48:10 UTC 2025","Sat Aug 23 00:48:11 UTC 2025","635","tests.admin_panel.slides","test_57_create_slide","","","","test_create_slide_invalid_payload[payload9-400]","Негативные тесты: некорректные и неполные payload'ы."
"passed","Sat Aug 23 00:49:45 UTC 2025","Sat Aug 23 00:49:47 UTC 2025","1542","tests.tickets","test_12_delete_message","","","","test_delete_ticket_message_admin_other_client[partner]","Негативный тест: админ пытается удалить сообщение клиента/партнёра"
"passed","Sat Aug 23 00:47:21 UTC 2025","Sat Aug 23 00:47:22 UTC 2025","601","tests.admin_panel.items","test_create_item_translation","","","","test_create_item_translation_invalid_payload[payload1-code1]","Негативный тест: создание перевода с невалидным payload."
"skipped","Sat Aug 23 00:49:14 UTC 2025","Sat Aug 23 00:49:14 UTC 2025","0","tests.stock","test_create_stock","","","","test_create_stock_with_empty_string_log_if_not_200[is_storage]",""
"passed","Sat Aug 23 00:48:59 UTC 2025","Sat Aug 23 00:49:01 UTC 2025","1563","tests.admin_panel.slides","test_61_upload_slides_images","","","","test_upload_only_single_slide_image_field[desktop_image-test_jpg.jpg-image/jpeg-desktop_image]","Проверка: загрузка только одного изображения не должна заполнять другие поля."
"passed","Sat Aug 23 00:49:57 UTC 2025","Sat Aug 23 00:49:58 UTC 2025","1226","tests.tickets","test_04_create_ticket","","","","test_create_ticket_success[client-attachments1-ChangePersonalData]","Позитивный тест: создание тикета с разными темами и вложениями для клиента, партнера и админа"
"skipped","Sat Aug 23 00:46:43 UTC 2025","Sat Aug 23 00:46:43 UTC 2025","0","tests.account","test_history_personal_volumes","","","","test_get_personal_volumes_history_positive[client-payload0]","Позитивные тесты на получение истории начисления личных объемов"
"failed","Sat Aug 23 00:47:33 UTC 2025","Sat Aug 23 00:47:35 UTC 2025","1254","tests.admin_panel.products","test_44_upload_product_brand_images","","","","test_upload_only_mobile_image_should_not_fill_other_fields","Проверка: при загрузке только mobile_image другие поля не должны заполняться."
"skipped","Sat Aug 23 00:46:43 UTC 2025","Sat Aug 23 00:46:43 UTC 2025","0","tests.account","test_history_group_volumes_admin","","","","test_get_group_volumes_history_admin_positive[partner-payload0]","Позитивные тесты на получение истории начисления групповых объемов для админа"
"skipped","Sat Aug 23 00:46:40 UTC 2025","Sat Aug 23 00:46:40 UTC 2025","0","tests.account","test_0_marathon","","","","test_create_product_brand_invalid_payload[params1-400-partner]",""
"passed","Sat Aug 23 00:48:46 UTC 2025","Sat Aug 23 00:48:49 UTC 2025","2961","tests.delivery","test_03_delete_delivery_address","","","","test_delete_delivery_address_permissions[authorize_partner-authorize_partner-False]","Тест: проверка прав доступа при удалении адресов"
"passed","Sat Aug 23 00:50:15 UTC 2025","Sat Aug 23 00:50:15 UTC 2025","179","tests.tickets","test_01_get_tickets","","","","test_get_tickets_success[filter1-sort1-search2-pagination0-admin]","Позитивный тест: получение списка тикетов с разными комбинациями параметров"
"skipped","Sat Aug 23 00:46:43 UTC 2025","Sat Aug 23 00:46:43 UTC 2025","0","tests.account","test_update","","","","test_update_account_positive[client-payload1]","Позитивные тесты на обновление данных аккаунта"
"skipped","Sat Aug 23 00:46:43 UTC 2025","Sat Aug 23 00:46:43 UTC 2025","0","tests.account","test_get_languages","","","","test_get_languages_success[client-123-400]","Возвращает список языков, доступных для перевода"
"passed","Sat Aug 23 00:48:56 UTC 2025","Sat Aug 23 00:48:56 UTC 2025","139","tests.cart","test_user_locale","","","","test_update_user_locale_invalid_payload[client-payload1-400]","Негативный тест: обновление локали с невалидным payload."
"skipped","Sat Aug 23 00:49:19 UTC 2025","Sat Aug 23 00:49:19 UTC 2025","0","tests.stock","test_update_stock","","","","test_update_stock_invalid_id[abc]",""
"passed","Sat Aug 23 00:47:46 UTC 2025","Sat Aug 23 00:47:47 UTC 2025","984","tests.admin_panel.sliders","test_54_update_slider","","","","test_update_slider_success","Позитивный тест: успешное обновление слайдера (все поля)."
"passed","Sat Aug 23 00:49:18 UTC 2025","Sat Aug 23 00:49:18 UTC 2025","445","tests.one_c","test_create_1c_stock","","","","test_post_boxes_zero_and_large_values",""
"skipped","Sat Aug 23 00:49:48 UTC 2025","Sat Aug 23 00:49:51 UTC 2025","2655","tests.tickets","test_10_send_message_to_ticket","","","","test_send_message_role_permissions[authorize_client-authorize_partner-403]","Проверка доступа к отправке сообщений в тикеты в зависимости от роли"
"skipped","Sat Aug 23 00:46:43 UTC 2025","Sat Aug 23 00:46:43 UTC 2025","0","tests.admin_panel","test_accrue_presidential_pool","","","","test_accrue_presidential_pool_forbidden[client]",""
"passed","Sat Aug 23 00:50:22 UTC 2025","Sat Aug 23 00:50:24 UTC 2025","1096","tests.tickets","test_04_create_ticket","","","","test_create_ticket_success[client-attachments2-ReceivingDefectiveProducts]","Позитивный тест: создание тикета с разными темами и вложениями для клиента, партнера и админа"
"passed","Sat Aug 23 00:49:26 UTC 2025","Sat Aug 23 00:49:28 UTC 2025","1306","tests.tickets","test_02_get_ticket_by_id","","","","test_get_ticket_success[admin]","Позитивный тест: успешное получение тикета по ID для клиента, партнера и администратора."
"passed","Sat Aug 23 00:47:21 UTC 2025","Sat Aug 23 00:47:22 UTC 2025","603","tests.admin_panel.items","test_get_item_translation","","","","test_get_item_translation_invalid_id[abc]",""
"passed","Sat Aug 23 00:49:24 UTC 2025","Sat Aug 23 00:49:25 UTC 2025","732","tests.tickets","test_02_get_ticket_by_id","","","","test_get_ticket_success[client]","Позитивный тест: успешное получение тикета по ID для клиента, партнера и администратора."
"skipped","Sat Aug 23 00:46:43 UTC 2025","Sat Aug 23 00:46:43 UTC 2025","0","tests.account","test_get_languages","","","","test_get_languages_success[partner-unknown-400]","Возвращает список языков, доступных для перевода"
"passed","Sat Aug 23 00:49:31 UTC 2025","Sat Aug 23 00:49:31 UTC 2025","145","tests.statistic","test_team_registrations","","","","test_get_team_registration_statistic_negative[payload4-partner]","Негативный тест: ошибка при получении статистики регистрации команды с невалидным телом запроса"
"skipped","Sat Aug 23 00:49:19 UTC 2025","Sat Aug 23 00:49:19 UTC 2025","0","tests.stock","test_update_stock","","","","test_update_stock_success",""
"passed","Sat Aug 23 00:47:35 UTC 2025","Sat Aug 23 00:47:37 UTC 2025","1428","tests.admin_panel.items","test_update_item","","","","test_update_item_invalid_payload[payload0-expected_code0]","Негативный тест: обновление item с невалидным или неполным телом запроса."
"passed","Sat Aug 23 00:49:22 UTC 2025","Sat Aug 23 00:49:22 UTC 2025","420","tests.temporary","test_get_account_exist","","","","test_account_exist[0-400]",""
"passed","Sat Aug 23 00:49:01 UTC 2025","Sat Aug 23 00:49:03 UTC 2025","1935","tests.admin_panel.slides","test_61_upload_slides_images","","","","test_upload_only_single_slide_image_field[desktop_preview-test_png.png-image/png-desktop_preview]","Проверка: загрузка только одного изображения не должна заполнять другие поля."
"passed","Sat Aug 23 00:49:10 UTC 2025","Sat Aug 23 00:49:10 UTC 2025","678","tests.register","test_02_register_partner","","","","test_register_partner_negative[payload3-400]","Тест: негативные тесты для регистрации партнера вручную"
"passed","Sat Aug 23 00:50:06 UTC 2025","Sat Aug 23 00:50:07 UTC 2025","1066","tests.tickets","test_04_create_ticket","","","","test_create_ticket_success[client-attachments2-QuestionsAboutTheHousingAndCarProgram]","Позитивный тест: создание тикета с разными темами и вложениями для клиента, партнера и админа"
"passed","Sat Aug 23 00:49:17 UTC 2025","Sat Aug 23 00:49:17 UTC 2025","154","tests.statistic","test_team_registrations","","","","test_get_team_registration_statistic_positive[payload2-partner]","Позитивный тест: получение статистики по регистрации команды с валидным телом запроса"
"passed","Sat Aug 23 00:48:55 UTC 2025","Sat Aug 23 00:48:57 UTC 2025","1623","tests.cart","test_get_delivery_cost","","","","test_get_delivery_cost_success_partial_payload[partner-payload7-200]","Позитивный тест: успешное получение ТК при неполном наборе (город без региона, без ID и т.п.)"
"passed","Sat Aug 23 00:49:41 UTC 2025","Sat Aug 23 00:49:42 UTC 2025","959","tests.tickets","test_09_get_ticket_messages","","","","test_get_ticket_messages_positive[admin]","Позитивный тест: успешное получение списка сообщений тикета"
"passed","Sat Aug 23 00:46:53 UTC 2025","Sat Aug 23 00:46:54 UTC 2025","1481","tests.admin_panel.categories","test_80_create_category_translation","","","","test_create_category_translation_success[en]","Позитивный тест: создание/обновление перевода категории для разных языков."
"skipped","Sat Aug 23 00:46:43 UTC 2025","Sat Aug 23 00:46:43 UTC 2025","0","tests.account","test_history","","","","test_get_history_positive[client-payload1]","Позитивные тесты на получение истории аккаунта"
"skipped","Sat Aug 23 00:48:46 UTC 2025","Sat Aug 23 00:48:46 UTC 2025","1","tests.integration","test_auth_01_full_auth_cycle","","","","test_full_auth_flow[authorize_client]","Сценарный тест: полный цикл авторизации и выхода"
"passed","Sat Aug 23 00:47:44 UTC 2025","Sat Aug 23 00:47:44 UTC 2025","419","tests.admin_panel.sliders","test_52_create_slider","","","","test_create_slider_unauthorized","Негативный тест: создание слайдера без авторизации."
"passed","Sat Aug 23 00:47:29 UTC 2025","Sat Aug 23 00:47:29 UTC 2025","593","tests.admin_panel.items","test_delete_item_translation","","","","test_delete_item_translation_invalid_id[-1]","Негативный тест: удаление перевода с невалидным или несуществующим ID item."
"skipped","Sat Aug 23 00:46:43 UTC 2025","Sat Aug 23 00:46:43 UTC 2025","0","tests.account","test_get_languages","","","","test_get_languages_unauthorized","Негативный тест: получение списка языков без авторизации."
"passed","Sat Aug 23 00:51:35 UTC 2025","Sat Aug 23 00:51:36 UTC 2025","542","tests.tickets","test_04_create_ticket","","","","test_create_ticket_success[admin-attachments0-ReceivingDefectiveProducts]","Позитивный тест: создание тикета с разными темами и вложениями для клиента, партнера и админа"
"passed","Sat Aug 23 00:49:16 UTC 2025","Sat Aug 23 00:49:16 UTC 2025","434","tests.one_c","test_create_1c_stock","","","","test_post_bad_request_or_unprocessable[<lambda>12]",""
"passed","Sat Aug 23 00:47:29 UTC 2025","Sat Aug 23 00:47:31 UTC 2025","1953","tests.admin_panel.categories","test_50_upload_category_images","","","","test_upload_category_images_file_too_large[5.3-fields_to_send5-400]","Негативный тест: загрузка слишком большого изображения."
"passed","Sat Aug 23 00:49:24 UTC 2025","Sat Aug 23 00:49:26 UTC 2025","1067","tests.delivery","test_01_save_delivery_address","","","","test_create_two_identical_addresses[client]","Тест на невозможность создать два полностью одинаковых адреса"
"skipped","Sat Aug 23 00:46:43 UTC 2025","Sat Aug 23 00:46:43 UTC 2025","0","tests.account","test_get_default_stock","","","","test_get_default_stock_positive[admin]","Позитивные тесты на получение дефолтного склада"
"passed","Sat Aug 23 00:49:23 UTC 2025","Sat Aug 23 00:49:23 UTC 2025","145","tests.statistic","test_team_go","","","","test_get_team_go_statistic_negative[payload0-admin]","Негативный тест: ошибка при получении статистики по команде с невалидным телом запроса"
"skipped","Sat Aug 23 00:49:13 UTC 2025","Sat Aug 23 00:49:13 UTC 2025","0","tests.stock","test_create_stock","","","","test_create_stock_with_empty_string_log_if_not_200[city.country_id]",""
"skipped","Sat Aug 23 00:49:14 UTC 2025","Sat Aug 23 00:49:14 UTC 2025","0","tests.stock","test_create_stock","","","","test_create_stock_with_empty_string_log_if_not_200[timezone.dst_start]",""
"skipped","Sat Aug 23 00:49:14 UTC 2025","Sat Aug 23 00:49:14 UTC 2025","0","tests.stock","test_create_stock","","","","test_create_stock_with_empty_string_log_if_not_200[timezone.id]",""
"passed","Sat Aug 23 00:48:05 UTC 2025","Sat Aug 23 00:48:06 UTC 2025","420","tests.admin_panel.slides","test_62_slides_get_upload_urls","","","","test_get_upload_urls_unauthorized","Негативный тест: попытка получить ссылки без авторизации."
"passed","Sat Aug 23 00:49:23 UTC 2025","Sat Aug 23 00:49:23 UTC 2025","142","tests.stock","test_get_stock_by_id","","","","test_get_stock_by_nonexistent_id[admin]","Запрос склада по несуществующему ID — ожидаем 404"
"passed","Sat Aug 23 00:46:52 UTC 2025","Sat Aug 23 00:46:53 UTC 2025","585","tests.admin_panel.categories","test_47_get_categories_by_id","","","","test_get_categories_invalid_id[None]","Негативный тест: получение категории по невалидному ID."
"passed","Sat Aug 23 00:50:38 UTC 2025","Sat Aug 23 00:50:38 UTC 2025","160","tests.tickets","test_01_get_tickets","","","","test_get_tickets_success[filter2-sort1-search0-pagination1-partner]","Позитивный тест: получение списка тикетов с разными комбинациями параметров"
"passed","Sat Aug 23 00:47:50 UTC 2025","Sat Aug 23 00:47:50 UTC 2025","404","tests.admin_panel.promo","test_72_create_promotion","","","","test_create_promotion_unauthorized","Негативный тест: создание акции без авторизации."
"skipped","Sat Aug 23 00:49:13 UTC 2025","Sat Aug 23 00:49:13 UTC 2025","0","tests.stock","test_create_stock","","","","test_create_stock_with_empty_string_log_if_not_200[name]",""
"passed","Sat Aug 23 00:46:54 UTC 2025","Sat Aug 23 00:46:55 UTC 2025","827","tests.account","test_add_cover_url","","","","test_add_cover_unauthorized",""
"skipped","Sat Aug 23 00:46:43 UTC 2025","Sat Aug 23 00:46:43 UTC 2025","0","tests.account","test_delete","","","","test_delete_account_positive[client]","Позитивные тесты на удаление аккаунта"
"passed","Sat Aug 23 00:47:07 UTC 2025","Sat Aug 23 00:47:08 UTC 2025","596","tests.admin_panel.categories","test_80_create_category_translation","","","","test_create_category_translation_invalid_payload[payload0-400]","Негативный тест: создание перевода с невалидным payload."
"passed","Sat Aug 23 00:46:44 UTC 2025","Sat Aug 23 00:46:46 UTC 2025","1812","tests.account","test_delete_cover_url","","","","test_delete_cover_full_payload[client]",""
"passed","Sat Aug 23 00:49:47 UTC 2025","Sat Aug 23 00:49:48 UTC 2025","625","tests.tickets","test_12_delete_message","","","","test_delete_ticket_message_negative[999999-400]","Негативные тесты: удаление с некорректными данными"
"passed","Sat Aug 23 00:50:58 UTC 2025","Sat Aug 23 00:50:58 UTC 2025","140","tests.tickets","test_01_get_tickets","","","","test_get_tickets_invalid_filter[invalid_filter1-400-partner]","Негативный тест: передаем некорректные параметры фильтрации"
"passed","Sat Aug 23 00:47:25 UTC 2025","Sat Aug 23 00:47:25 UTC 2025","591","tests.admin_panel.products","test_41_get_product_brand_by_id","","","","test_get_product_brand_invalid_id[1.5]","Негативный тест: получение бренда по невалидному ID"
"skipped","Sat Aug 23 00:46:43 UTC 2025","Sat Aug 23 00:46:43 UTC 2025","0","tests.account","test_funds_transfer_send","","","","test_send_funds_transfer_positive[partner-payload0]","Позитивные тесты на перевод/вывод средств по visibleId"
"passed","Sat Aug 23 00:47:38 UTC 2025","Sat Aug 23 00:47:42 UTC 2025","3434","tests.admin_panel.promo","test_74_update_promotion","","","","test_update_promotion_forbidden[partner]","Негативный тест: попытка обновления акции не-админом."
"passed","Sat Aug 23 00:47:23 UTC 2025","Sat Aug 23 00:47:25 UTC 2025","1924","tests.admin_panel.categories","test_50_upload_category_images","","","","test_upload_category_images_file_too_large[5.3-fields_to_send3-400]","Негативный тест: загрузка слишком большого изображения."
"passed","Sat Aug 23 00:49:24 UTC 2025","Sat Aug 23 00:49:24 UTC 2025","665","tests.tickets","test_04_create_ticket","","","","test_create_ticket_success[client-attachments0-QuestionsAboutPaymentsToIP]","Позитивный тест: создание тикета с разными темами и вложениями для клиента, партнера и админа"
"passed","Sat Aug 23 00:48:16 UTC 2025","Sat Aug 23 00:48:17 UTC 2025","592","tests.admin_panel.slides","test_57_create_slide","","","","test_create_slide_invalid_payload[payload19-422]","Негативные тесты: некорректные и неполные payload'ы."
"passed","Sat Aug 23 00:48:13 UTC 2025","Sat Aug 23 00:48:13 UTC 2025","163","tests.auth","test_03_token_auth","","","","test_auth_by_valid_token[admin]","Тест успешной авторизации по валидному токену"
"passed","Sat Aug 23 00:47:56 UTC 2025","Sat Aug 23 00:47:57 UTC 2025","418","tests.admin_panel.slides","test_0_slides_sort","","","","test_slides_sort_unauthorized","Негативный тест: без авторизации."
"passed","Sat Aug 23 00:52:26 UTC 2025","Sat Aug 23 00:52:27 UTC 2025","535","tests.tickets","test_04_create_ticket","","","","test_create_ticket_invalid_request_type[admin-None-200]","Негативный тест: попытка создания тикета с неверным типом request_type"
"passed","Sat Aug 23 00:50:01 UTC 2025","Sat Aug 23 00:50:01 UTC 2025","170","tests.tickets","test_01_get_tickets","","","","test_get_tickets_success[filter1-sort0-search1-pagination1-admin]","Позитивный тест: получение списка тикетов с разными комбинациями параметров"
"skipped","Sat Aug 23 00:46:40 UTC 2025","Sat Aug 23 00:46:40 UTC 2025","0","tests.account","test_0_marathon","","","","test_create_product_brand_invalid_payload[params1-400-client]",""
"passed","Sat Aug 23 00:49:34 UTC 2025","Sat Aug 23 00:49:34 UTC 2025","595","tests.catalog","test_create_admin_product_translation","","","","test_create_admin_product_translation_invalid_payload[payload2-400]","Негативные проверки на создание перевода с некорректным payload."
"skipped","Sat Aug 23 00:46:43 UTC 2025","Sat Aug 23 00:46:43 UTC 2025","0","tests.account","test_update","","","","test_update_account_positive[admin-payload0]","Позитивные тесты на обновление данных аккаунта"
"passed","Sat Aug 23 00:47:16 UTC 2025","Sat Aug 23 00:47:17 UTC 2025","910","tests.admin_panel.categories","test_57_v2_update_category","","","","test_v2_update_category_invalid_payload[payload6-422]","Негативный тест: обновление категории с невалидным или неполным телом запроса."
"passed","Sat Aug 23 00:48:57 UTC 2025","Sat Aug 23 00:48:57 UTC 2025","141","tests.orders","test_create_order_by_delivery_address","","","","test_create_order_invalid_data[invalid_payload0-admin]","Негативные тесты: создание заказа с некорректными данными"
"skipped","Sat Aug 23 00:48:43 UTC 2025","Sat Aug 23 00:48:43 UTC 2025","0","tests.catalog","test_create_admin_product","","","","test_create_product_duplicate_slug[ka]",""
"skipped","Sat Aug 23 00:49:43 UTC 2025","Sat Aug 23 00:49:46 UTC 2025","3027","tests.tickets","test_09_get_ticket_messages","","","","test_get_ticket_messages_invalid_id_format[abc]","Негативный тест: запрос с некорректным ID (строка, спецсимволы, пустое значение)"
"passed","Sat Aug 23 00:48:32 UTC 2025","Sat Aug 23 00:48:33 UTC 2025","1263","tests.cart","test_get_delivery_cost","","","","test_get_delivery_cost_success_partial_payload[client-payload2-400]","Позитивный тест: успешное получение ТК при неполном наборе (город без региона, без ID и т.п.)"
"skipped","Sat Aug 23 00:46:43 UTC 2025","Sat Aug 23 00:46:43 UTC 2025","0","tests.account","test_funds_transfer_send","","","","test_send_funds_transfer_positive[client-payload0]","Позитивные тесты на перевод/вывод средств по visibleId"
"passed","Sat Aug 23 00:50:52 UTC 2025","Sat Aug 23 00:50:52 UTC 2025","138","tests.tickets","test_01_get_tickets","","","","test_get_tickets_invalid_search[invalid_search0-400-client]","Негативный тест: передаем некорректные параметры поиска"
"passed","Sat Aug 23 00:46:53 UTC 2025","Sat Aug 23 00:46:54 UTC 2025","1031","tests.account","test_add_cover_url","","","","test_add_cover_min_payload[admin]",""
"passed","Sat Aug 23 00:49:19 UTC 2025","Sat Aug 23 00:49:20 UTC 2025","409","tests.cart","test_get_delivery_cost","","","","test_get_delivery_cost_unauthorized","Негативный тест: запрос без авторизации"
"passed","Sat Aug 23 00:49:14 UTC 2025","Sat Aug 23 00:49:14 UTC 2025","159","tests.statistic","test_team_activations","","","","test_get_team_activation_statistic_positive[payload2-admin]","Позитивный тест: получение статистики по активации команды с валидным телом запроса"
"passed","Sat Aug 23 00:48:14 UTC 2025","Sat Aug 23 00:48:14 UTC 2025","413","tests.auth","test_03_token_auth","","","","test_auth_without_token","Тест авторизации без передачи токена"
"passed","Sat Aug 23 00:48:44 UTC 2025","Sat Aug 23 00:48:44 UTC 2025","145","tests.delivery","test_02_get_delivery_address","","","","test_get_delivery_addresses_invalid_pagination[invalid_pagination0-client]","Негативные тесты: передача некорректных параметров пагинации"
"passed","Sat Aug 23 00:49:17 UTC 2025","Sat Aug 23 00:49:17 UTC 2025","410","tests.one_c","test_create_1c_stock","","","","test_post_bad_request_or_unprocessable[<lambda>14]",""
"passed","Sat Aug 23 00:49:33 UTC 2025","Sat Aug 23 00:49:33 UTC 2025","543","tests.tickets","test_04_create_ticket","","","","test_create_ticket_success[client-attachments0-OtherQuestions]","Позитивный тест: создание тикета с разными темами и вложениями для клиента, партнера и админа"
"passed","Sat Aug 23 00:48:57 UTC 2025","Sat Aug 23 00:49:05 UTC 2025","7624","tests.catalog","test_create_admin_product_translation","","","","test_create_admin_product_translation_success[kk]","Создание и обновление перевода продукта на разных языках."
"passed","Sat Aug 23 00:48:33 UTC 2025","Sat Aug 23 00:48:34 UTC 2025","811","tests.catalog","test_create_admin_product","","","","test_create_product_invalid_payload[payload1-400]",""
"passed","Sat Aug 23 00:48:29 UTC 2025","Sat Aug 23 00:48:30 UTC 2025","966","tests.admin_panel.slides","test_59_update_slide","","","","test_update_slide_invalid_payload[payload11-400]","Негативный тест: обновление слайда с невалидным или неполным телом запроса."
"passed","Sat Aug 23 00:49:40 UTC 2025","Sat Aug 23 00:49:43 UTC 2025","2516","tests.tickets","test_10_send_message_to_ticket","","","","test_send_message_role_permissions[authorize_client-authorize_admin-200]","Проверка доступа к отправке сообщений в тикеты в зависимости от роли"
"passed","Sat Aug 23 00:48:48 UTC 2025","Sat Aug 23 00:48:48 UTC 2025","138","tests.delivery","test_02_get_delivery_address","","","","test_get_delivery_addresses_invalid_pagination[invalid_pagination2-client]","Негативные тесты: передача некорректных параметров пагинации"
"passed","Sat Aug 23 00:47:00 UTC 2025","Sat Aug 23 00:47:01 UTC 2025","1041","tests.admin_panel.categories","test_50_upload_category_images","","","","test_upload_category_images_invalid_format[invalid.txt-text/plain-400]","Негативный тест: загрузка изображений в неверном формате (например, .txt)."
"skipped","Sat Aug 23 00:46:44 UTC 2025","Sat Aug 23 00:46:44 UTC 2025","0","tests.account","test_list_csv","","","","test_get_account_list_csv_positive[client-payload1]","Позитивные тесты на выгрузку структуры партнеров в CSV"
"passed","Sat Aug 23 00:50:07 UTC 2025","Sat Aug 23 00:50:07 UTC 2025","166","tests.tickets","test_01_get_tickets","","","","test_get_tickets_success[filter1-sort1-search0-pagination0-admin]","Позитивный тест: получение списка тикетов с разными комбинациями параметров"
"passed","Sat Aug 23 00:46:52 UTC 2025","Sat Aug 23 00:46:52 UTC 2025","592","tests.admin_panel.categories","test_47_get_categories_by_id","","","","test_get_categories_invalid_id[0]","Негативный тест: получение категории по невалидному ID."
"passed","Sat Aug 23 00:50:10 UTC 2025","Sat Aug 23 00:50:11 UTC 2025","158","tests.tickets","test_01_get_tickets","","","","test_get_tickets_success[filter1-sort1-search1-pagination0-partner]","Позитивный тест: получение списка тикетов с разными комбинациями параметров"
"passed","Sat Aug 23 00:46:57 UTC 2025","Sat Aug 23 00:46:59 UTC 2025","1482","tests.admin_panel.categories","test_80_create_category_translation","","","","test_create_category_translation_success[uz]","Позитивный тест: создание/обновление перевода категории для разных языков."
"skipped","Sat Aug 23 00:49:14 UTC 2025","Sat Aug 23 00:49:14 UTC 2025","0","tests.stock","test_create_stock","","","","test_create_stock_with_empty_string_log_if_not_200[delivery_restrictions.stock_id]",""
"passed","Sat Aug 23 00:47:47 UTC 2025","Sat Aug 23 00:47:50 UTC 2025","3853","tests.admin_panel.items","test_update_item","","","","test_update_item_invalid_payload[payload4-422]","Негативный тест: обновление item с невалидным или неполным телом запроса."
"passed","Sat Aug 23 00:48:04 UTC 2025","Sat Aug 23 00:48:05 UTC 2025","968","tests.admin_panel.sliders","test_54_update_slider","","","","test_update_slider_invalid_payload[payload2-expected_code2]","Негативный тест: обновление слайдера с невалидным или неполным телом запроса."
"skipped","Sat Aug 23 00:46:43 UTC 2025","Sat Aug 23 00:46:43 UTC 2025","0","tests.admin_panel","test_accrue_gold_pro_gift","","","","test_accrue_gold_pro_gift_invalid_payload[payload0-400]",""
"passed","Sat Aug 23 00:47:28 UTC 2025","Sat Aug 23 00:47:29 UTC 2025","629","tests.admin_panel.promo","test_71_get_promotions","","","","test_get_promotions_list_default","Позитивный кейс — Получение списка всех промоакций"
"passed","Sat Aug 23 00:49:14 UTC 2025","Sat Aug 23 00:49:15 UTC 2025","158","tests.statistic","test_team_activations","","","","test_get_team_activation_statistic_positive[payload3-client]","Позитивный тест: получение статистики по активации команды с валидным телом запроса"
"passed","Sat Aug 23 00:48:49 UTC 2025","Sat Aug 23 00:48:51 UTC 2025","1764","tests.one_c","test_create_1c_stock","","","","test_post_update_persists_and_get_reflects",""
"passed","Sat Aug 23 00:49:13 UTC 2025","Sat Aug 23 00:49:14 UTC 2025","146","tests.cart","test_get_delivery_cost","","","","test_get_delivery_cost_invalid_payload[partner-payload4]","Негативный тест: некорректные входные данные"
"passed","Sat Aug 23 00:49:11 UTC 2025","Sat Aug 23 00:49:11 UTC 2025","142","tests.cart","test_get_delivery_cost","","","","test_get_delivery_cost_invalid_payload[partner-payload0]","Негативный тест: некорректные входные данные"
"passed","Sat Aug 23 00:49:36 UTC 2025","Sat Aug 23 00:49:36 UTC 2025","169","tests.tickets","test_01_get_tickets","","","","test_get_tickets_success[filter0-sort0-search2-pagination1-client]","Позитивный тест: получение списка тикетов с разными комбинациями параметров"
"skipped","Sat Aug 23 00:49:22 UTC 2025","Sat Aug 23 00:49:22 UTC 2025","145","tests.statistic","test_team_activations","","","","test_get_team_activation_statistic_negative[payload1-partner]","Негативный тест: ошибка при получении статистики активации команды с невалидным телом запроса"
"passed","Sat Aug 23 00:48:18 UTC 2025","Sat Aug 23 00:48:21 UTC 2025","3373","tests.admin_panel.slides","test_61_upload_slides_images","","","","test_upload_slide_images_file_too_large[4.7-fields_to_send0-204]","Негативный тест: загрузка слишком большого изображения."
"passed","Sat Aug 23 00:49:10 UTC 2025","Sat Aug 23 00:49:11 UTC 2025","694","tests.register","test_03_register_client","","","","test_register_client_negative[payload2-400]","Тест: негативные тесты для регистрации клиента вручную"
"passed","Sat Aug 23 00:48:14 UTC 2025","Sat Aug 23 00:48:15 UTC 2025","609","tests.admin_panel.slides","test_57_create_slide","","","","test_create_slide_invalid_payload[payload16-422]","Негативные тесты: некорректные и неполные payload'ы."
"passed","Sat Aug 23 00:49:28 UTC 2025","Sat Aug 23 00:49:29 UTC 2025","535","tests.tickets","test_04_create_ticket","","","","test_create_ticket_success[client-attachments0-QuestionsAboutProducts]","Позитивный тест: создание тикета с разными темами и вложениями для клиента, партнера и админа"
"passed","Sat Aug 23 00:49:48 UTC 2025","Sat Aug 23 00:49:52 UTC 2025","4697","tests.catalog","test_update_admin_product","","","","test_update_admin_product_invalid_payload[update_payload6-422]",""
"passed","Sat Aug 23 00:48:27 UTC 2025","Sat Aug 23 00:48:31 UTC 2025","4708","tests.admin_panel.slides","test_61_upload_slides_images","","","","test_upload_slide_images_file_too_large[5.3-fields_to_send3-400]","Негативный тест: загрузка слишком большого изображения."
"passed","Sat Aug 23 00:49:13 UTC 2025","Sat Aug 23 00:49:14 UTC 2025","465","tests.one_c","test_create_1c_stock","","","","test_post_bad_request_or_unprocessable[<lambda>6]",""
"skipped","Sat Aug 23 00:46:43 UTC 2025","Sat Aug 23 00:46:43 UTC 2025","0","tests.account","test_history_personal_volumes","","","","test_get_personal_volumes_history_positive[partner-payload0]","Позитивные тесты на получение истории начисления личных объемов"
"passed","Sat Aug 23 00:49:31 UTC 2025","Sat Aug 23 00:49:32 UTC 2025","715","tests.tickets","test_07_delete_ticket","","","","test_delete_ticket_not_admin[partner]","Негативный тест: попытка удаления тикета клиентом, партнёром"
"passed","Sat Aug 23 00:47:15 UTC 2025","Sat Aug 23 00:47:16 UTC 2025","981","tests.admin_panel.categories","test_57_v2_update_category","","","","test_v2_update_category_invalid_payload[payload5-422]","Негативный тест: обновление категории с невалидным или неполным телом запроса."
"skipped","Sat Aug 23 00:49:12 UTC 2025","Sat Aug 23 00:49:12 UTC 2025","0","tests.stock","test_create_stock","","","","test_create_stock_success",""
"passed","Sat Aug 23 00:47:55 UTC 2025","Sat Aug 23 00:47:56 UTC 2025","585","tests.admin_panel.sliders","test_54_update_slider","","","","test_update_slider_invalid_id[0]","Негативный тест: несуществующий или некорректный ID."
"passed","Sat Aug 23 00:49:22 UTC 2025","Sat Aug 23 00:49:22 UTC 2025","411","tests.temporary","test_get_account_exist","","","","test_account_exist[None-400]",""
"passed","Sat Aug 23 00:49:27 UTC 2025","Sat Aug 23 00:49:27 UTC 2025","167","tests.tickets","test_01_get_tickets","","","","test_get_tickets_success[filter0-sort0-search0-pagination1-client]","Позитивный тест: получение списка тикетов с разными комбинациями параметров"
"passed","Sat Aug 23 00:48:12 UTC 2025","Sat Aug 23 00:48:17 UTC 2025","5243","tests.catalog","test_create_admin_product_translation","","","","test_create_admin_product_translation_success[ru]","Создание и обновление перевода продукта на разных языках."
"passed","Sat Aug 23 00:49:23 UTC 2025","Sat Aug 23 00:49:23 UTC 2025","144","tests.statistic","test_team_registrations","","","","test_get_team_registration_statistic_negative[payload0-partner]","Негативный тест: ошибка при получении статистики регистрации команды с невалидным телом запроса"
"passed","Sat Aug 23 00:47:42 UTC 2025","Sat Aug 23 00:47:43 UTC 2025","1093","tests.admin_panel.products","test_44_upload_product_brand_images","","","","test_upload_product_brand_images_formats[invalid.docx-application/vnd.openxmlformats-officedocument.wordprocessingml.document-400]","Проверка загрузки изображений бренда в разных форматах: негативные и позитивные кейсы."
"passed","Sat Aug 23 00:46:50 UTC 2025","Sat Aug 23 00:46:50 UTC 2025","138","tests.account","test_0_top_partners_top_recruiters","","","","test_get_top_partners_top_recruiters_positive[admin]","Позитивные тесты на получение топ-партнеров по количеству активных партнеров"
"passed","Sat Aug 23 00:52:32 UTC 2025","Sat Aug 23 00:52:33 UTC 2025","421","tests.tickets","test_04_create_ticket","","","","test_create_ticket_unauthorized","Негативный тест: попытка создания тикета без авторизации"
"passed","Sat Aug 23 00:48:50 UTC 2025","Sat Aug 23 00:48:50 UTC 2025","139","tests.delivery","test_01_save_delivery_address","","","","test_save_delivery_address_negative[client-payload4-400]","Негативные тесты на сохранение адреса доставки (отсутствие обязательных полей, некорректные данные)"
"passed","Sat Aug 23 00:48:46 UTC 2025","Sat Aug 23 00:48:48 UTC 2025","1290","tests.one_c","test_create_1c_stock","","","","test_post_create_minimal_required_fields",""
"skipped","Sat Aug 23 00:52:29 UTC 2025","Sat Aug 23 00:52:29 UTC 2025","0","tests.tickets","test_04_create_ticket","","","","test_create_ticket_invalid_title[partner-None]","Негативный тест: создание тикета без заголовка"
"passed","Sat Aug 23 00:50:02 UTC 2025","Sat Aug 23 00:50:04 UTC 2025","1171","tests.tickets","test_04_create_ticket","","","","test_create_ticket_success[client-attachments1-ReceivingProductsShortage]","Позитивный тест: создание тикета с разными темами и вложениями для клиента, партнера и админа"
"skipped","Sat Aug 23 00:49:03 UTC 2025","Sat Aug 23 00:49:03 UTC 2025","0","tests.orders","test_orders_v2_pay","","","","test_orders_v2_pay_invalid_data[invalid_payload3-400]","Негативный тест: отправка некорректных данных"
"passed","Sat Aug 23 00:48:25 UTC 2025","Sat Aug 23 00:48:27 UTC 2025","2040","tests.cart","test_user_locale","","","","test_update_user_locale_valid_payload_1[client-payload3]","
    Позитивный тест: Обновление языка/склада/локали авторизованным пользователем."
"skipped","Sat Aug 23 00:46:40 UTC 2025","Sat Aug 23 00:46:40 UTC 2025","0","tests.account","test_0_marathon","","","","test_create_product_brand_invalid_payload[params5-400-client]",""
"passed","Sat Aug 23 00:47:41 UTC 2025","Sat Aug 23 00:47:42 UTC 2025","404","tests.admin_panel.promo","test_76_get_promotion_items","","","","test_get_promotion_item_unauthorized","Негативный тест: без авторизации."
"passed","Sat Aug 23 00:48:11 UTC 2025","Sat Aug 23 00:48:11 UTC 2025","603","tests.admin_panel.slides","test_59_update_slide","","","","test_update_slide_invalid_id[abc]","Негативный тест: несуществующий или некорректный ID."
"skipped","Sat Aug 23 00:49:03 UTC 2025","Sat Aug 23 00:49:03 UTC 2025","0","tests.register","test_02_register_partner","","","","test_register_partner_positive[admin-403]","Тест: позитивные тесты для регистрации партнера вручную"
"passed","Sat Aug 23 00:49:09 UTC 2025","Sat Aug 23 00:49:09 UTC 2025","153","tests.statistic","test_team_activations","","","","test_get_team_activation_statistic_positive[payload0-partner]","Позитивный тест: получение статистики по активации команды с валидным телом запроса"
"passed","Sat Aug 23 00:50:34 UTC 2025","Sat Aug 23 00:50:34 UTC 2025","164","tests.tickets","test_01_get_tickets","","","","test_get_tickets_success[filter2-sort1-search0-pagination0-admin]","Позитивный тест: получение списка тикетов с разными комбинациями параметров"
"skipped","Sat Aug 23 00:49:13 UTC 2025","Sat Aug 23 00:49:13 UTC 2025","0","tests.stock","test_create_stock","","","","test_create_stock_with_empty_string_log_if_not_200[city_id]",""
"passed","Sat Aug 23 00:49:04 UTC 2025","Sat Aug 23 00:49:04 UTC 2025","140","tests.delivery","test_03_delete_delivery_address","","","","test_delete_delivery_address_invalid_id[abc-client]","Негативные тесты: удаление адреса с некорректным ID"
"skipped","Sat Aug 23 00:46:40 UTC 2025","Sat Aug 23 00:46:40 UTC 2025","0","tests.account","test_0_marathon","","","","test_create_product_brand_invalid_payload[params1-400-admin]",""
"skipped","Sat Aug 23 00:49:14 UTC 2025","Sat Aug 23 00:49:14 UTC 2025","0","tests.stock","test_create_stock","","","","test_create_stock_with_empty_string_log_if_not_200[address.region]",""
"passed","Sat Aug 23 00:50:59 UTC 2025","Sat Aug 23 00:51:01 UTC 2025","1191","tests.tickets","test_04_create_ticket","","","","test_create_ticket_success[partner-attachments1-ReceivingDefectiveProducts]","Позитивный тест: создание тикета с разными темами и вложениями для клиента, партнера и админа"
"skipped","Sat Aug 23 00:46:46 UTC 2025","Sat Aug 23 00:46:46 UTC 2025","0","tests.account","test_family_agreement_create_one","","","","test_create_family_agreement_one_positive[client-payload0]","Позитивные тесты на создание семейного соглашения при отсутствующем втором партнере"
"passed","Sat Aug 23 00:50:26 UTC 2025","Sat Aug 23 00:50:26 UTC 2025","164","tests.tickets","test_01_get_tickets","","","","test_get_tickets_success[filter2-sort0-search1-pagination1-admin]","Позитивный тест: получение списка тикетов с разными комбинациями параметров"
"passed","Sat Aug 23 00:46:57 UTC 2025","Sat Aug 23 00:46:58 UTC 2025","632","tests.admin_panel.categories","test_79_get_category_translation","","","","test_get_category_translation_invalid_id[abc]",""
"passed","Sat Aug 23 00:49:39 UTC 2025","Sat Aug 23 00:49:40 UTC 2025","940","tests.tickets","test_09_get_ticket_messages","","","","test_get_ticket_messages_positive[partner]","Позитивный тест: успешное получение списка сообщений тикета"
"passed","Sat Aug 23 00:50:51 UTC 2025","Sat Aug 23 00:50:51 UTC 2025","141","tests.tickets","test_01_get_tickets","","","","test_get_tickets_invalid_pagination[invalid_pagination1-client]","Негативный тест: передаем некорректные значения в pagination"
"passed","Sat Aug 23 00:46:51 UTC 2025","Sat Aug 23 00:46:53 UTC 2025","1973","tests.admin_panel.categories","test_79_get_category_translation","","","","test_get_category_two_translations_success",""
"passed","Sat Aug 23 00:48:41 UTC 2025","Sat Aug 23 00:48:44 UTC 2025","3165","tests.cart","test_get_delivery_cost","","","","test_get_delivery_cost_success_partial_payload[partner-payload1-200]","Позитивный тест: успешное получение ТК при неполном наборе (город без региона, без ID и т.п.)"
"passed","Sat Aug 23 00:46:58 UTC 2025","Sat Aug 23 00:47:00 UTC 2025","1590","tests.admin_panel.categories","test_50_upload_category_images","","","","test_upload_only_single_image_field_should_not_fill_others[image_site-test_png.png-image/png-image_site]","Проверка: загрузка только одного из полей (icon, image, image_site) не должна заполнять другие."
"skipped","Sat Aug 23 00:46:40 UTC 2025","Sat Aug 23 00:46:40 UTC 2025","0","tests.account","test_0_marathon","","","","test_create_product_brand_invalid_payload[params5-400-partner]",""
"skipped","Sat Aug 23 00:46:43 UTC 2025","Sat Aug 23 00:46:43 UTC 2025","0","tests.account","test_update_default_stock","","","","test_update_default_stock_positive[partner-payload0]","Позитивные тесты на изменение дефолтного склада"
"passed","Sat Aug 23 00:46:39 UTC 2025","Sat Aug 23 00:46:40 UTC 2025","1183","tests.PROJECT_FUND.initiatives","test_get_report_by_id","","","","test_get_report_by_valid_id[https://dev.ewahelps.com/api]","Позитивный тест: получение отчета по существующему ID"
"passed","Sat Aug 23 00:47:51 UTC 2025","Sat Aug 23 00:47:53 UTC 2025","1440","tests.admin_panel.items","test_update_item","","","","test_update_item_invalid_payload[payload5-422]","Негативный тест: обновление item с невалидным или неполным телом запроса."
"skipped","Sat Aug 23 00:46:43 UTC 2025","Sat Aug 23 00:46:43 UTC 2025","0","tests.account","test_history_admin","","","","test_get_admin_history_positive[partner-payload0]","Позитивные тесты на получение истории бонусов для админа"
"passed","Sat Aug 23 00:49:17 UTC 2025","Sat Aug 23 00:49:17 UTC 2025","147","tests.delivery","test_01_save_delivery_address","","","","test_save_delivery_address_negative[admin-payload9-500]","Негативные тесты на сохранение адреса доставки (отсутствие обязательных полей, некорректные данные)"
"passed","Sat Aug 23 00:49:20 UTC 2025","Sat Aug 23 00:49:21 UTC 2025","157","tests.statistic","test_team_registrations","","","","test_get_team_registration_statistic_positive[payload3-client]","Позитивный тест: получение статистики по регистрации команды с валидным телом запроса"
"passed","Sat Aug 23 00:50:55 UTC 2025","Sat Aug 23 00:50:55 UTC 2025","138","tests.tickets","test_01_get_tickets","","","","test_get_tickets_invalid_search[invalid_search2-400-partner]","Негативный тест: передаем некорректные параметры поиска"
"passed","Sat Aug 23 00:48:08 UTC 2025","Sat Aug 23 00:48:09 UTC 2025","166","tests.auth","test_05_logout","","","","test_logout_success[admin]","Тест разлогинивания с валидным токеном (клиент, партнёр, админ)"
"skipped","Sat Aug 23 00:46:38 UTC 2025","Sat Aug 23 00:46:38 UTC 2025","0","tests.PROJECT_EDUCATION.test_system","04_finish_test","","","","test_finish_test","Завершение теста и вычисление результатов."
"passed","Sat Aug 23 00:48:21 UTC 2025","Sat Aug 23 00:48:23 UTC 2025","2120","tests.admin_panel.slides","test_61_upload_slides_images","","","","test_upload_slide_images_file_too_large[5.3-fields_to_send1-400]","Негативный тест: загрузка слишком большого изображения."
