"Status","Start Time","Stop Time","Duration in ms","Parent Suite","Suite","Sub Suite","Test Class","Test Method","Name","Description"
"passed","Sat Apr 11 00:48:33 UTC 2026","Sat Apr 11 00:48:33 UTC 2026","611","tests.one_c","test_cart_calculate_full_coverage","","","","test_invalid_top_types[stateTK-123]",""
"passed","Sat Apr 11 01:35:10 UTC 2026","Sat Apr 11 01:35:10 UTC 2026","857","tests.reviews","test_reviews_list_post","","","","test_reviews_list_invalid_enums_return_client_error[bad_payload1]",""
"failed","Sat Apr 11 01:58:15 UTC 2026","Sat Apr 11 01:58:16 UTC 2026","1181","tests.account","test_delete_cover_url","","","","test_delete_cover_full_payload[client]",""
"passed","Sat Apr 11 01:22:20 UTC 2026","Sat Apr 11 01:22:21 UTC 2026","829","tests.admin_panel.products","test_40_create_product_brand","","","","test_create_product_brand_invalid_payload[payload7-expected_codes7]","Негативные кейсы: невалидные поля при создании бренда."
"passed","Sat Apr 11 01:23:36 UTC 2026","Sat Apr 11 01:23:37 UTC 2026","625","tests.statistic","test_team_activations","","","","test_get_team_activation_statistic_positive[payload1-admin]","Позитивный тест: получение статистики по активации команды с валидным телом запроса"
"passed","Sat Apr 11 01:43:46 UTC 2026","Sat Apr 11 01:43:47 UTC 2026","891","tests.catalog","test_get_admin_product_translation","","","","test_get_admin_product_translation_invalid_id[abc]","Проверка получения перевода по невалидному product_id."
"skipped","Sat Apr 11 01:52:52 UTC 2026","Sat Apr 11 01:52:53 UTC 2026","594","tests.delivery","test_get_delivery_regions","","","","test_get_delivery_regions_invalid_params[invalid_params1-admin]","Негатив: невалидные значения query-параметров → 400/422."
"failed","Sat Apr 11 01:56:26 UTC 2026","Sat Apr 11 01:56:32 UTC 2026","5611","tests.admin_panel.products","test_01_recommended_products_sort","","","","test_sort_recommendations_no_rights[client]","Пользователь без прав пытается отсортировать рекомендации"
"skipped","Sat Apr 11 01:54:00 UTC 2026","Sat Apr 11 01:54:00 UTC 2026","0","tests.account","test_update","","","","test_update_account_positive[client-payload0]","Позитивные тесты на обновление данных аккаунта"
"passed","Sat Apr 11 01:59:00 UTC 2026","Sat Apr 11 01:59:01 UTC 2026","600","tests.one_c","test_get_1с_stock","","","","test_get_1c_stock_bad_request_for_unknown_stock",""
"passed","Sat Apr 11 01:23:24 UTC 2026","Sat Apr 11 01:23:25 UTC 2026","777","tests.admin_panel.sliders","test_52_create_slider","","","","test_create_slider_invalid_payload[payload5-400]","Негативный тест: попытка создать слайдер с невалидным payload."
"failed","Sat Apr 11 01:59:08 UTC 2026","Sat Apr 11 01:59:09 UTC 2026","983","tests.orders","test_group_order_v2_hint_stock","","","","test_group_order_v2_hint_stock_not_found_returns_rejected[partner]","
    - hint на несуществующий склад
    - hint_rejected = true
    - rejection_reason = not_found
    - auto_selected_better ЗАПРЕЩЁН
    "
"passed","Sat Apr 11 01:40:36 UTC 2026","Sat Apr 11 01:40:37 UTC 2026","820","tests.catalog","test_product_get_by_id","","","","test_get_product_by_id_not_found[99999999]","
    Негативный: продукт с таким ID отсутствует.
    "
"passed","Sat Apr 11 01:45:02 UTC 2026","Sat Apr 11 01:45:03 UTC 2026","612","tests.admin_panel.products","test_product_files_get_upload_urls","","","","test_get_upload_urls_forbidden[partner]",""
"passed","Sat Apr 11 01:47:52 UTC 2026","Sat Apr 11 01:47:53 UTC 2026","617","tests.PROJECT_FUND.initiatives","test_get_reports","","","","test_get_reports_with_query_params[query1-https://dev.ewahelps.com/api]","Позитивный тест: получение списка отчетов с query-параметрами"
"passed","Sat Apr 11 01:28:52 UTC 2026","Sat Apr 11 01:28:53 UTC 2026","837","tests.admin_panel.users","test_post_admin_users_exclusive_preorder_permissions","","","","test_post_exclusive_preorder_permissions_requires_admin[partner]","
    клиент/партнёр не могут управлять exclusive preorder permissions → 403
    "
"skipped","Sat Apr 11 00:56:42 UTC 2026","Sat Apr 11 00:56:42 UTC 2026","0","tests.stock","test_create_stock","","","","test_create_stock_with_empty_string_log_if_not_200[address.metro]",""
"skipped","Sat Apr 11 01:26:25 UTC 2026","Sat Apr 11 01:26:25 UTC 2026","0","tests.PROJECT_EDUCATION.test_system","test_03_user_answers","","","","test_user_answers_invalid_payload__400_or_422[payload5]",""
"skipped","Sat Apr 11 01:44:12 UTC 2026","Sat Apr 11 01:44:12 UTC 2026","0","tests.PROJECT_EDUCATION.test_system","test_02_get_question","","","","test_get_question_unauthorized__401_or_404","Негатив: без авторизации"
"passed","Sat Apr 11 02:00:44 UTC 2026","Sat Apr 11 02:00:46 UTC 2026","1459","tests.orders","test_group_order_v2_stock_fixation","","","","test_group_order_v2_uses_local_stock_when_available","
    Если в городе существует локальный склад:
      - can_group_order = true
      - is_enabled = true
      - есть остатки
    backend ОБЯЗАН выбрать именно его,
    без fallback в другой регион
    "
"skipped","Sat Apr 11 00:48:57 UTC 2026","Sat Apr 11 00:48:57 UTC 2026","655","tests.one_c","test_cart_calculate_full_coverage","","","","test_products_missing_fields[storage_id]",""
"passed","Sat Apr 11 01:32:04 UTC 2026","Sat Apr 11 01:32:05 UTC 2026","853","tests.delivery","test_get_dpd_offices","","","","test_get_dpd_offices_success[1-client]",""
"skipped","Sat Apr 11 00:50:01 UTC 2026","Sat Apr 11 00:50:02 UTC 2026","913","tests.one_c","test_cart_calculate_full_coverage","","","","test_email_validation[shipping_customer-@mail.com]",""
"skipped","Sat Apr 11 01:50:14 UTC 2026","Sat Apr 11 01:50:15 UTC 2026","579","tests.delivery","test_mongpost_postcodes","","","","test_mongpost_postcodes_invalid_city_id[0-admin]","Негативный тест: невалидные значения city_id → 400/422"
"passed","Sat Apr 11 01:24:25 UTC 2026","Sat Apr 11 01:24:27 UTC 2026","1714","tests.admin_panel.slides","test_61_upload_slides_images","","","","test_upload_slide_images_invalid_format[valid.png-image/png-204]",""
"passed","Sat Apr 11 01:20:18 UTC 2026","Sat Apr 11 01:20:19 UTC 2026","846","tests.admin_panel.products","test_44_upload_product_brand_images","","","","test_upload_product_brand_images_invalid_id","Негативный тест: несуществующий ID бренда."
"skipped","Sat Apr 11 01:54:00 UTC 2026","Sat Apr 11 01:54:00 UTC 2026","0","tests.account","test_token","","","","test_add_token_positive[partner-payload0]","Позитивные тесты на добавление токена"
"skipped","Sat Apr 11 00:49:58 UTC 2026","Sat Apr 11 00:49:59 UTC 2026","882","tests.one_c","test_cart_calculate_full_coverage","","","","test_email_validation[billing_customer-invalid-email]",""
"passed","Sat Apr 11 01:50:12 UTC 2026","Sat Apr 11 01:50:12 UTC 2026","581","tests.delivery","test_mongpost_postcodes","","","","test_get_mongpost_postcodes_success[partner]","Позитивный тест: успешное получение списка почтовых индексов монгольской почты"
"skipped","Sat Apr 11 01:07:25 UTC 2026","Sat Apr 11 01:07:25 UTC 2026","0","tests.PROJECT_EDUCATION.orders","test_post_orders","","","","test_post_orders_invalid_payload__400_422[payload10]","Негатив: невалидный body"
"passed","Sat Apr 11 01:41:43 UTC 2026","Sat Apr 11 01:41:45 UTC 2026","1714","tests.tickets","test_09_get_ticket_messages","","","","test_get_ticket_messages_positive[admin]","Позитивный тест: успешное получение списка сообщений тикета"
"passed","Sat Apr 11 01:06:14 UTC 2026","Sat Apr 11 01:06:17 UTC 2026","2738","tests.one_c","test_free_delivery_to_regions_and_cities","","","","test_1c_free_delivery_cities_only_does_not_touch_regions",""
"passed","Sat Apr 11 01:19:11 UTC 2026","Sat Apr 11 01:19:11 UTC 2026","807","tests.admin_panel.categories","test_80_create_category_translation","","","","test_create_category_translation_invalid_payload[payload1-400]","Негативный тест: создание перевода с невалидным payload."
"skipped","Sat Apr 11 02:01:53 UTC 2026","Sat Apr 11 02:01:53 UTC 2026","0","tests.sockets","test_bot_adversarial_answers","","","","test_chatbot_adversarial_answers_matrix[client-client]",""
"passed","Sat Apr 11 01:36:59 UTC 2026","Sat Apr 11 01:36:59 UTC 2026","471","tests.one_c","test_stock_delivery_methods","","","","test_1c_stock_delivery_methods_set_whitelist_success",""
"passed","Sat Apr 11 01:45:38 UTC 2026","Sat Apr 11 01:45:39 UTC 2026","579","tests.admin_panel.promo","test_76_get_promotion_items","","","","test_get_promotion_item_unauthorized","Негативный тест: без авторизации"
"skipped","Sat Apr 11 01:40:29 UTC 2026","Sat Apr 11 01:40:30 UTC 2026","595","tests.cart","test_14_cart_update_personal_data","","","","test_update_personal_data_invalid_payload[client-payload1]","
    Негатив: отсутствующие обязательные поля или невалидные значения
    "
"passed","Sat Apr 11 01:44:00 UTC 2026","Sat Apr 11 01:44:03 UTC 2026","2493","tests.tickets","test_12_delete_message","","","","test_delete_ticket_message_admin_other_client[client]","Негативный тест: админ пытается удалить сообщение клиента/партнёра"
"passed","Sat Apr 11 01:55:07 UTC 2026","Sat Apr 11 01:55:08 UTC 2026","577","tests.cart","test_07_cart_update_multi","","","","test_update_cart_items_multi_unauthorized","Негатив: вызов без авторизации/корзины"
"passed","Sat Apr 11 01:42:01 UTC 2026","Sat Apr 11 01:42:02 UTC 2026","882","tests.admin_panel","test_03_support_delete_user","","","","test_partner_cannot_delete_support",""
"passed","Sat Apr 11 01:28:40 UTC 2026","Sat Apr 11 01:28:42 UTC 2026","1986","tests.admin_panel.items","test_update_item","","","","test_update_item_invalid_payload[payload4-422]","Негативный тест: обновление item с невалидным или неполным телом запроса."
"passed","Sat Apr 11 01:07:30 UTC 2026","Sat Apr 11 01:07:30 UTC 2026","617","tests.admin_panel.promo","test_74_update_promotion","","","","test_update_promotion_unauthorized","Негативный тест: попытка обновления акции без авторизации"
"skipped","Sat Apr 11 01:50:16 UTC 2026","Sat Apr 11 01:50:16 UTC 2026","0","tests.orders","test_group_order_confirm","","","","test_group_order_confirm_happy_path_returns_cart[partner]",""
"passed","Sat Apr 11 02:01:29 UTC 2026","Sat Apr 11 02:01:32 UTC 2026","3418","tests.orders","test_group_order_roles_mapping","","","","test_partner_created_and_joined","
    - Partner создал group order
    - Partner присоединился
    - GET от имени Partner
    - client_role = ""RolePartner""
    "
"skipped","Sat Apr 11 01:04:19 UTC 2026","Sat Apr 11 01:04:19 UTC 2026","0","tests.account","test_0_marathon","","","","test_get_marathon_is_purchased[client-200]","Позитивный кейс — проверяет приобретал ли аккаунт марафонский набор (все поля)"
"passed","Sat Apr 11 00:57:15 UTC 2026","Sat Apr 11 00:57:15 UTC 2026","613","tests.delivery","test_01_save_delivery_address","","","","test_save_address_empty_required_strings_should_fail[   -email-client]",""
"passed","Sat Apr 11 01:33:16 UTC 2026","Sat Apr 11 01:33:26 UTC 2026","9862","tests.admin_panel.products","test_product_files_update","","","","test_update_replaces_old_urls",""
"passed","Sat Apr 11 01:10:56 UTC 2026","Sat Apr 11 01:11:00 UTC 2026","3873","tests.cart","test_free_delivery_by_rc_and_belts","","","","test_below_threshold_contract[\u041d\u043e\u0432\u043e\u0441\u0438\u0431\u0438\u0440\u0441\u043a-client-zone_1-belt_cfg0]","
    КОНТРАКТ:
    free МОЖЕТ быть
    платная МОЖЕТ быть
    advance_costs МОЖЕТ быть []
    "
"failed","Sat Apr 11 01:36:55 UTC 2026","Sat Apr 11 01:36:56 UTC 2026","809","tests.catalog","test_get_recommended_products","","","","test_get_recommended_products_invalid_stock_id[None]","
    Негативные значения stock_id
    "
"passed","Sat Apr 11 01:59:26 UTC 2026","Sat Apr 11 01:59:27 UTC 2026","855","tests.reviews","test_reviews_export_post","","","","test_reviews_export_access_allowed_for_client_and_partner[authorize_client]",""
"skipped","Sat Apr 11 00:56:27 UTC 2026","Sat Apr 11 00:56:27 UTC 2026","0","tests.tickets","test_01_get_tickets","","","","test_get_tickets_success[filter1-sort1-search2-pagination0-partner]","Позитивный тест: получение списка тикетов с разными комбинациями параметров"
"passed","Sat Apr 11 01:25:27 UTC 2026","Sat Apr 11 01:25:29 UTC 2026","1429","tests.admin_panel.categories","test_57_v2_update_category","","","","test_v2_update_category_invalid_payload[payload6-422]","Негативный тест: обновление категории с невалидным или неполным телом запроса."
"passed","Sat Apr 11 01:19:54 UTC 2026","Sat Apr 11 01:19:58 UTC 2026","3069","tests.admin_panel.items","test_create_item_translation","","","","test_create_item_translation_forbidden[client]","Негативный тест: создание перевода не-админом запрещено."
"passed","Sat Apr 11 01:18:48 UTC 2026","Sat Apr 11 01:18:50 UTC 2026","2251","tests.admin_panel.categories","test_80_create_category_translation","","","","test_create_category_translation_success[kk]","Позитивный тест: создание/обновление перевода категории для разных языков."
"passed","Sat Apr 11 01:32:51 UTC 2026","Sat Apr 11 01:33:01 UTC 2026","10308","tests.admin_panel.products","test_product_files_update","","","","test_update_only_review_link",""
"passed","Sat Apr 11 01:32:18 UTC 2026","Sat Apr 11 01:32:19 UTC 2026","581","tests.delivery","test_get_emu_pickup_points","","","","test_get_emu_pickup_points_invalid_city_id_should_fail[1.5-admin]","Негатив: невалидные значения city_id → 400/422."
"passed","Sat Apr 11 01:49:41 UTC 2026","Sat Apr 11 01:49:42 UTC 2026","612","tests.catalog","test_delete_admin_product_translation","","","","test_delete_admin_product_translation_unauthorized","Удаление перевода без авторизации — должно вернуть 401."
"skipped","Sat Apr 11 01:22:09 UTC 2026","Sat Apr 11 01:22:10 UTC 2026","845","tests.delivery","test_get_delivery_countries","","","","test_get_delivery_countries_invalid_from[None-admin]","Негатив: невалидные значения параметра from → 400/422."
"passed","Sat Apr 11 00:53:10 UTC 2026","Sat Apr 11 00:53:12 UTC 2026","2266","tests.tickets","test_04_create_ticket","","","","test_create_ticket_success[partner-attachments1-QuestionsAboutTheMarriageContract]","Позитивный тест: создание тикета с разными темами и вложениями для клиента, партнера и админа"
"passed","Sat Apr 11 01:25:48 UTC 2026","Sat Apr 11 01:25:49 UTC 2026","990","tests.admin_panel.items","test_create_item","","","","test_create_item_invalid_payload[payload5-expected_code5]","
    Негативный тест: создание варианта с невалидным телом запроса.
    Если сервер внезапно вернул успех — удаляем созданный item из БД.
    "
"passed","Sat Apr 11 00:54:34 UTC 2026","Sat Apr 11 00:54:35 UTC 2026","1217","tests.tickets","test_04_create_ticket","","","","test_create_ticket_success[admin-attachments0-ReceivingDefectiveProductsOrShortage]","Позитивный тест: создание тикета с разными темами и вложениями для клиента, партнера и админа"
"passed","Sat Apr 11 01:40:42 UTC 2026","Sat Apr 11 01:40:43 UTC 2026","833","tests.catalog","test_product_get_by_id","","","","test_get_product_by_id_invalid_integer[0]","
    Негативный: ID некорректный по значению
    "
"passed","Sat Apr 11 01:06:02 UTC 2026","Sat Apr 11 01:06:02 UTC 2026","197","tests.cart","test_update_location","","","","test_update_location_international_delivery_city_conflict",""
"skipped","Sat Apr 11 01:05:28 UTC 2026","Sat Apr 11 01:05:28 UTC 2026","0","tests.admin_panel.categories","test_50_upload_category_images","","","","test_upload_category_images_invalid_format[valid.png-image/png-204]","Негативный тест: загрузка изображений в неверном формате (например, .txt)."
"passed","Sat Apr 11 01:53:52 UTC 2026","Sat Apr 11 01:53:53 UTC 2026","867","tests.register","test_03_register_client","","","","test_register_client_negative[payload0-400]","Тест: негативные тесты для регистрации клиента вручную"
"skipped","Sat Apr 11 00:56:42 UTC 2026","Sat Apr 11 00:56:42 UTC 2026","0","tests.stock","test_create_stock","","","","test_create_stock_with_empty_string_log_if_not_200[address]",""
"passed","Sat Apr 11 01:23:28 UTC 2026","Sat Apr 11 01:23:29 UTC 2026","838","tests.admin_panel.sliders","test_52_create_slider","","","","test_create_slider_invalid_payload[payload9-400]","Негативный тест: попытка создать слайдер с невалидным payload."
"passed","Sat Apr 11 01:26:56 UTC 2026","Sat Apr 11 01:26:56 UTC 2026","647","tests.account","test_history_group_volumes","","","","test_group_volumes_history_happy_path_contract[2-20-client]",""
"passed","Sat Apr 11 02:02:36 UTC 2026","Sat Apr 11 02:02:38 UTC 2026","2542","tests.temporary","test_lo_for_partner_from_env","","","","test_add_lo_to_env_partners",""
"passed","Sat Apr 11 00:57:30 UTC 2026","Sat Apr 11 00:57:31 UTC 2026","591","tests.delivery","test_get_cities","","","","test_get_cities_invalid_page_size_should_fail[bad_page_size7-admin]","
    Негатив: невалидный page_size → 400/422
    "
"passed","Sat Apr 11 01:23:15 UTC 2026","Sat Apr 11 01:23:16 UTC 2026","1277","tests.admin_panel.promo","test_72_create_promotion","","","","test_create_duplicate_promotion_should_fail","Негативный тест: попытка создать акцию с тем же уникальным полем name"
"passed","Sat Apr 11 01:23:10 UTC 2026","Sat Apr 11 01:23:11 UTC 2026","790","tests.admin_panel.promo","test_72_create_promotion","","","","test_create_promotion_invalid_data[payload10-422]","Негативные тесты: невалидные данные"
"skipped","Sat Apr 11 01:59:50 UTC 2026","Sat Apr 11 01:59:50 UTC 2026","0","tests.account","test_delete","","","","test_delete_account_positive[client]","Позитивные тесты на удаление аккаунта"
"passed","Sat Apr 11 01:31:54 UTC 2026","Sat Apr 11 01:31:55 UTC 2026","1241","tests.delivery","test_get_cdek_offices","","","","test_get_cdek_offices_success[86990-client]",""
"passed","Sat Apr 11 01:21:32 UTC 2026","Sat Apr 11 01:21:34 UTC 2026","1280","tests.admin_panel.promo","test_77_create_promotion_item","","","","test_create_promotion_item_invalid_payload[payload6-422]",""
"skipped","Sat Apr 11 01:44:12 UTC 2026","Sat Apr 11 01:44:12 UTC 2026","0","tests.PROJECT_EDUCATION.test_system","test_01_start_test","","","","test_start_test_session__200_and_close_sessions",""
"passed","Sat Apr 11 01:49:25 UTC 2026","Sat Apr 11 01:49:27 UTC 2026","2027","tests.admin_panel.slides","test_60_delete_slides","","","","test_delete_slide_forbidden[partner]","Негативный тест: попытка удаления слайда не-админом"
"skipped","Sat Apr 11 01:29:18 UTC 2026","Sat Apr 11 01:29:18 UTC 2026","0","tests.cart","test_10_cart_save_city","","","","test_save_city_by_name_success[client]","Позитив: сохранение города по city_name"
"skipped","Sat Apr 11 01:53:24 UTC 2026","Sat Apr 11 01:53:25 UTC 2026","674","tests.delivery","test_get_rupost_offices","","","","test_get_rupost_offices_invalid_city_id_should_fail[0-admin]",""
"passed","Sat Apr 11 01:15:47 UTC 2026","Sat Apr 11 01:15:47 UTC 2026","836","tests.admin_panel.slides","test_57_create_slide","","","","test_create_slide_invalid_payload[payload3-400]","Негативные тесты: некорректные и неполные payload'ы"
"skipped","Sat Apr 11 00:56:42 UTC 2026","Sat Apr 11 00:56:42 UTC 2026","0","tests.stock","test_create_stock","","","","test_create_stock_with_empty_string_log_if_not_200[city.country]",""
"skipped","Sat Apr 11 01:54:00 UTC 2026","Sat Apr 11 01:54:00 UTC 2026","0","tests.account","test_family_agreement_create_three","","","","test_create_family_agreement_three_positive[admin-payload0]","Позитивные тесты на создание семейного соглашения при аннулировании второго партнера"
"passed","Sat Apr 11 01:55:12 UTC 2026","Sat Apr 11 01:55:13 UTC 2026","1095","tests.cart","test_21_cart_shareable","","","","test_cart_shareable_unauthorized_after_logout[client]","
    Негатив: ссылка создана авторизованным пользователем, затем пользователь разлогинен
    и пытается открыть корзину по этой ссылке
    "
"skipped","Sat Apr 11 02:00:07 UTC 2026","Sat Apr 11 02:00:07 UTC 2026","0","tests.chat_support","test_04_support_chat_tags_get","","","","test_get_support_chat_tags_basic[partner]","
    Позитив: /support-chat/tags возвращает список тегов
    "
"passed","Sat Apr 11 01:09:17 UTC 2026","Sat Apr 11 01:09:18 UTC 2026","977","tests.cart","test_20_cart_recommended_products","","","","test_cart_recommended_products_nonexistent_cart_cookie_no_500[client]","
    cart_id cookie указывает на несуществующую корзину
    "
"passed","Sat Apr 11 00:53:16 UTC 2026","Sat Apr 11 00:53:18 UTC 2026","2249","tests.tickets","test_04_create_ticket","","","","test_create_ticket_success[partner-attachments1-OtherQuestions]","Позитивный тест: создание тикета с разными темами и вложениями для клиента, партнера и админа"
"passed","Sat Apr 11 01:25:10 UTC 2026","Sat Apr 11 01:25:11 UTC 2026","802","tests.admin_panel.categories","test_57_v2_update_category","","","","test_v2_update_category_invalid_id[0]","Негативный тест: несуществующий или некорректный ID."
"passed","Sat Apr 11 01:19:46 UTC 2026","Sat Apr 11 01:19:49 UTC 2026","3216","tests.admin_panel.items","test_create_item_translation","","","","test_create_item_translation_success[ka]",""
"passed","Sat Apr 11 01:52:29 UTC 2026","Sat Apr 11 01:52:32 UTC 2026","2876","tests.cart","test_11_cart_save_delivery_method","","","","test_cart_save_delivery_method_group_order_happy_path_partner",""
"failed","Sat Apr 11 01:58:49 UTC 2026","Sat Apr 11 01:58:49 UTC 2026","583","tests.delivery","test_get_five_post_warehouses","","","","test_get_five_post_warehouses_success[admin]","Позитив: успешное получение списка складов 5Post (только для администратора)."
"passed","Sat Apr 11 01:15:45 UTC 2026","Sat Apr 11 01:15:46 UTC 2026","882","tests.admin_panel.slides","test_57_create_slide","","","","test_create_slide_invalid_payload[payload1-expected_code1]","Негативные тесты: некорректные и неполные payload'ы"
"skipped","Sat Apr 11 01:26:25 UTC 2026","Sat Apr 11 01:26:25 UTC 2026","0","tests.PROJECT_EDUCATION.test_system","test_03_user_answers","","","","test_user_answers_invalid_payload__400_or_422[payload1]",""
"skipped","Sat Apr 11 01:44:12 UTC 2026","Sat Apr 11 01:44:12 UTC 2026","0","tests.PROJECT_EDUCATION.test_system","test_01_start_test","","","","test_start_test_invalid_id__400_or_404[0]",""
"passed","Sat Apr 11 01:27:02 UTC 2026","Sat Apr 11 01:27:02 UTC 2026","627","tests.account","test_history_group_volumes","","","","test_group_volumes_history_invalid_query_params[params0-admin]",""
"skipped","Sat Apr 11 01:41:51 UTC 2026","Sat Apr 11 01:41:51 UTC 2026","0","tests.PROJECT_EDUCATION.test_system","test_06_get_result","","","","test_get_result_invalid_id__400_or_404[abc]",""
"skipped","Sat Apr 11 00:48:58 UTC 2026","Sat Apr 11 00:48:59 UTC 2026","604","tests.one_c","test_cart_calculate_full_coverage","","","","test_products_invalid_values[None-address]",""
"failed","Sat Apr 11 01:05:59 UTC 2026","Sat Apr 11 01:06:00 UTC 2026","798","tests.cart","test_update_location","","","","test_update_location_without_international_flag_full_data_state","
    Флаг не передан → обычная логика, без форса RU + Москва
    "
"skipped","Sat Apr 11 01:37:32 UTC 2026","Sat Apr 11 01:37:33 UTC 2026","603","tests.register","test_01_register_form","","","","test_register_form_negative[client-payload2-400]",""
"passed","Sat Apr 11 01:58:30 UTC 2026","Sat Apr 11 01:58:30 UTC 2026","209","tests.auth","test_06_full_logout","","","","test_full_logout_success[partner]",""
"passed","Sat Apr 11 01:07:53 UTC 2026","Sat Apr 11 01:07:54 UTC 2026","1255","tests.admin_panel.promo","test_74_update_promotion","","","","test_update_promotion_invalid_payload[payload6-400]","Негативный тест: обновление акции с невалидным или неполным телом запроса"
"passed","Sat Apr 11 01:40:25 UTC 2026","Sat Apr 11 01:40:26 UTC 2026","624","tests.cart","test_09_cart_save_region","","","","test_save_region_unauthorized","Негатив: вызов без авторизации/корзины"
"passed","Sat Apr 11 01:36:05 UTC 2026","Sat Apr 11 01:36:06 UTC 2026","589","tests.admin_panel.categories","test_56_v2_create_category","","","","test_v2_create_category_unauthorized","Негативный тест: создание категории без авторизации."
"passed","Sat Apr 11 01:18:33 UTC 2026","Sat Apr 11 01:18:33 UTC 2026","588","tests.delivery","test_self_pickup_offices","","","","test_self_pickup_offices_invalid_params[admin-params2]","
    Негатив: невалидные параметры  = 400
    "
"skipped","Sat Apr 11 00:56:26 UTC 2026","Sat Apr 11 00:56:26 UTC 2026","0","tests.tickets","test_01_get_tickets","","","","test_get_tickets_success[filter0-sort0-search0-pagination0-admin]","Позитивный тест: получение списка тикетов с разными комбинациями параметров"
"skipped","Sat Apr 11 00:50:12 UTC 2026","Sat Apr 11 00:50:13 UTC 2026","902","tests.one_c","test_cart_calculate_full_coverage","","","","test_address_fields[house-]",""
"passed","Sat Apr 11 01:53:23 UTC 2026","Sat Apr 11 01:53:23 UTC 2026","591","tests.delivery","test_get_rupost_offices","","","","test_get_rupost_offices_missing_city_id_should_fail[admin]",""
"skipped","Sat Apr 11 00:56:42 UTC 2026","Sat Apr 11 00:56:42 UTC 2026","0","tests.stock","test_create_stock","","","","test_create_stock_with_empty_string_log_if_not_200[is_storage]",""
"passed","Sat Apr 11 01:45:57 UTC 2026","Sat Apr 11 01:45:58 UTC 2026","617","tests.auth","test_01_check_version","","","","test_check_version[-1.0.0-400]","Тест проверяет API /check_version для разных платформ и версий."
"passed","Sat Apr 11 00:53:54 UTC 2026","Sat Apr 11 00:53:56 UTC 2026","2056","tests.tickets","test_04_create_ticket","","","","test_create_ticket_success[partner-attachments2-QuestionsAboutTheRewardSystemMarketingPlan]","Позитивный тест: создание тикета с разными темами и вложениями для клиента, партнера и админа"
"passed","Sat Apr 11 01:40:03 UTC 2026","Sat Apr 11 01:40:04 UTC 2026","776","tests.admin_panel.sliders","test_53_get_sliders_by_id","","","","test_get_sliders_invalid_id[1.5]","Негативный тест: получение слайдера по невалидному ID"
"passed","Sat Apr 11 01:56:07 UTC 2026","Sat Apr 11 01:56:07 UTC 2026","623","tests.admin_panel.categories","test_45_get_categories","","","","test_get_categories_unauthorized","Негативный тест: получение категорий без авторизации."
"passed","Sat Apr 11 01:21:24 UTC 2026","Sat Apr 11 01:21:25 UTC 2026","1274","tests.admin_panel.promo","test_77_create_promotion_item","","","","test_create_promotion_item_invalid_payload[payload2-400]",""
"skipped","Sat Apr 11 01:44:12 UTC 2026","Sat Apr 11 01:44:12 UTC 2026","0","tests.PROJECT_EDUCATION.test_system","test_02_get_question","","","","test_get_question_invalid_id__400_or_404[-1]",""
"passed","Sat Apr 11 01:37:30 UTC 2026","Sat Apr 11 01:37:31 UTC 2026","636","tests.register","test_01_register_form","","","","test_register_form_positive[partner-payload0]",""
"skipped","Sat Apr 11 00:56:27 UTC 2026","Sat Apr 11 00:56:27 UTC 2026","0","tests.tickets","test_01_get_tickets","","","","test_get_tickets_success[filter1-sort0-search1-pagination0-partner]","Позитивный тест: получение списка тикетов с разными комбинациями параметров"
"skipped","Sat Apr 11 01:04:19 UTC 2026","Sat Apr 11 01:04:19 UTC 2026","0","tests.account","test_0_marathon","","","","test_create_product_brand_invalid_payload[params0-400-client]",""
"skipped","Sat Apr 11 01:35:30 UTC 2026","Sat Apr 11 01:35:30 UTC 2026","0","tests.account","test_get_languages","","","","test_get_languages_success[partner-123-400]","Возвращает список языков, доступных для перевода"
"failed","Sat Apr 11 02:00:54 UTC 2026","Sat Apr 11 02:00:54 UTC 2026","580","tests.statistic","test_0_dashboard","","","","test_get_dashboard_statistic[admin]","Позитивный тест: получение статистики для дашборда ""прирост или убыль в числовом виде"
"passed","Sat Apr 11 01:47:41 UTC 2026","Sat Apr 11 01:47:42 UTC 2026","873","tests.PROJECT_FUND.initiatives","test_get_initiative_by_id","","","","test_get_initiative_by_invalid_id[0-https://dev.ewahelps.com/api]",""
"passed","Sat Apr 11 01:48:36 UTC 2026","Sat Apr 11 01:48:40 UTC 2026","3979","tests.admin_panel.items","test_delete_item_translation","","","","test_delete_item_translation_forbidden[partner]","Негативный тест: удаление перевода не-админом запрещено."
"passed","Sat Apr 11 00:53:32 UTC 2026","Sat Apr 11 00:53:34 UTC 2026","2000","tests.tickets","test_04_create_ticket","","","","test_create_ticket_success[partner-attachments2-QuestionsAboutPaymentsToIP]","Позитивный тест: создание тикета с разными темами и вложениями для клиента, партнера и админа"
"failed","Sat Apr 11 01:57:13 UTC 2026","Sat Apr 11 01:57:13 UTC 2026","610","tests.cart","test_16_cart_update_stock","","","","test_update_stock_success[client]","Позитив: изменение склада"
"failed","Sat Apr 11 01:52:58 UTC 2026","Sat Apr 11 01:52:58 UTC 2026","579","tests.delivery","test_get_fargo_offices","","","","test_get_fargo_offices_success[439930-client]","Позитив: успешное получение списка офисов по city_id."
"skipped","Sat Apr 11 00:56:27 UTC 2026","Sat Apr 11 00:56:27 UTC 2026","0","tests.tickets","test_01_get_tickets","","","","test_get_tickets_success[filter1-sort0-search0-pagination0-partner]","Позитивный тест: получение списка тикетов с разными комбинациями параметров"
"passed","Sat Apr 11 01:23:39 UTC 2026","Sat Apr 11 01:23:40 UTC 2026","652","tests.statistic","test_team_activations","","","","test_get_team_activation_statistic_positive[payload3-partner]","Позитивный тест: получение статистики по активации команды с валидным телом запроса"
"skipped","Sat Apr 11 02:00:07 UTC 2026","Sat Apr 11 02:00:07 UTC 2026","0","tests.chat_support","test_02_support_chat_messages_get","","","","test_get_support_chat_messages_basic[client]","
    Позитив: /support-chat/messages отдаёт список сообщений с навигацией
    "
"passed","Sat Apr 11 00:57:02 UTC 2026","Sat Apr 11 00:57:03 UTC 2026","593","tests.delivery","test_01_save_delivery_address","","","","test_save_address_missing_required_cdek_fields_should_fail[country_id_to-client]",""
"passed","Sat Apr 11 01:17:46 UTC 2026","Sat Apr 11 01:17:54 UTC 2026","8143","tests.catalog","test_create_admin_product_translation","","","","test_create_admin_product_translation_forbidden[client]","Проверка запрета на создание перевода продукта не-админом."
"skipped","Sat Apr 11 01:29:18 UTC 2026","Sat Apr 11 01:29:18 UTC 2026","0","tests.cart","test_10_cart_save_city","","","","test_save_city_by_name_success[partner]","Позитив: сохранение города по city_name"
"passed","Sat Apr 11 01:48:50 UTC 2026","Sat Apr 11 01:48:51 UTC 2026","1602","tests.admin_panel.products","test_43_delete_product_brand","","","","test_delete_product_brand_forbidden[partner]","Негативный тест: попытка удаления бренда не-админом."
"passed","Sat Apr 11 01:28:44 UTC 2026","Sat Apr 11 01:28:46 UTC 2026","1987","tests.admin_panel.items","test_update_item","","","","test_update_item_invalid_payload[payload5-422]","Негативный тест: обновление item с невалидным или неполным телом запроса."
"skipped","Sat Apr 11 01:50:15 UTC 2026","Sat Apr 11 01:50:15 UTC 2026","611","tests.delivery","test_mongpost_postcodes","","","","test_mongpost_postcodes_not_found_for_unknown_city[99999999-admin]","Негативный тест: город с указанным ID не найден"
"skipped","Sat Apr 11 01:41:51 UTC 2026","Sat Apr 11 01:41:51 UTC 2026","0","tests.PROJECT_EDUCATION.test_system","test_08_get_course_with_tests","","","","test_get_course_with_tests__invalid_id__400_404[None]",""
"passed","Sat Apr 11 01:49:07 UTC 2026","Sat Apr 11 01:49:09 UTC 2026","1534","tests.admin_panel.sliders","test_55_delete_sliders","","","","test_delete_slider_success","Позитивный тест: успешное удаление слайдера."
"passed","Sat Apr 11 01:18:35 UTC 2026","Sat Apr 11 01:18:38 UTC 2026","2717","tests.delivery","test_self_pickup_offices","","","","test_self_pickup_offices_visibility_toggle_single[admin]","
    интеграционный:
    1) Дёргаем список ПВЗ — убеждаемся, что в городе ровно 1 запись
    2) В БД выставляем is_visible = false для этого офиса
    3) Дёргаем список снова — ожидаем 0 записей
    4) Возвращаем is_visible = true и проверяем, что офис снова появился
    "
"passed","Sat Apr 11 00:57:40 UTC 2026","Sat Apr 11 00:57:40 UTC 2026","571","tests.delivery","test_get_cities","","","","test_get_cities_invalid_city_name_should_fail[a-partner]","
    Негатив: city_name — строка
    "
"passed","Sat Apr 11 01:43:49 UTC 2026","Sat Apr 11 01:43:50 UTC 2026","872","tests.catalog","test_get_admin_product_translation","","","","test_get_admin_product_translation_invalid_id[1.5]","Проверка получения перевода по невалидному product_id."
"passed","Sat Apr 11 01:12:24 UTC 2026","Sat Apr 11 01:12:24 UTC 2026","589","tests.delivery","test_get_cities_v2","","","","test_get_cities_v2_invalid_country_id_should_fail[bad_country_id7-admin]","
    Негатив: невалидные значения country_id → 400/422
    "
"skipped","Sat Apr 11 01:23:43 UTC 2026","Sat Apr 11 01:23:44 UTC 2026","626","tests.statistic","test_team_activations","","","","test_get_team_activation_statistic_negative[payload1-partner]","Негативный тест: ошибка при получении статистики активации команды с невалидным телом запроса"
"skipped","Sat Apr 11 01:52:52 UTC 2026","Sat Apr 11 01:52:52 UTC 2026","599","tests.delivery","test_get_delivery_regions","","","","test_get_delivery_regions_invalid_params[invalid_params0-admin]","Негатив: невалидные значения query-параметров → 400/422."
"skipped","Sat Apr 11 00:56:27 UTC 2026","Sat Apr 11 00:56:27 UTC 2026","0","tests.tickets","test_01_get_tickets","","","","test_get_tickets_success[filter0-sort0-search2-pagination1-client]","Позитивный тест: получение списка тикетов с разными комбинациями параметров"
"passed","Sat Apr 11 01:12:20 UTC 2026","Sat Apr 11 01:12:21 UTC 2026","618","tests.delivery","test_get_cities_v2","","","","test_get_cities_v2_invalid_country_id_should_fail[abc-admin]","
    Негатив: невалидные значения country_id → 400/422
    "
"passed","Sat Apr 11 01:29:24 UTC 2026","Sat Apr 11 01:29:24 UTC 2026","583","tests.cart","test_10_cart_save_city","","","","test_save_city_invalid_payload[partner-payload4]","Негатив: невалидный payload."
"failed","Sat Apr 11 02:01:00 UTC 2026","Sat Apr 11 02:01:00 UTC 2026","606","tests.catalog","test_products_v2_categories","","","","test_get_products_v2_categories_success[client]","
    Позитивный: успешное получение списка категорий.
    "
"passed","Sat Apr 11 01:15:49 UTC 2026","Sat Apr 11 01:15:50 UTC 2026","992","tests.admin_panel.slides","test_57_create_slide","","","","test_create_slide_invalid_payload[payload6-422]","Негативные тесты: некорректные и неполные payload'ы"
"skipped","Sat Apr 11 01:04:19 UTC 2026","Sat Apr 11 01:04:19 UTC 2026","0","tests.account","test_account_branded_wallet_get","","","","test_get_period_zero_returns_400[client]","
    Негатив: период по нулям → 400.
    "
"skipped","Sat Apr 11 01:54:00 UTC 2026","Sat Apr 11 01:54:00 UTC 2026","0","tests.account","test_history","","","","test_get_history_positive[admin-payload1]","Позитивные тесты на получение истории аккаунта"
"passed","Sat Apr 11 01:35:57 UTC 2026","Sat Apr 11 01:35:57 UTC 2026","814","tests.admin_panel","test_partner_accrual_details_common","","","","test_common_accrual_details_invalid_payload[payload1-expected_codes1]","
    Негатив: валидация тела запроса общей детализации.
    "
"passed","Sat Apr 11 01:27:12 UTC 2026","Sat Apr 11 01:27:12 UTC 2026","885","tests.admin_panel","test_04_generate_support_token","","","","test_admin_can_generate_support_token_with_ttl",""
"passed","Sat Apr 11 01:37:18 UTC 2026","Sat Apr 11 01:37:19 UTC 2026","652","tests.orders","test_group_order_v2_create","","","","test_group_order_v2_create_without_items_allowed[partner]","
    Групповой заказ может быть создан БЕЗ корзины и БЕЗ item_ids
    "
"skipped","Sat Apr 11 00:56:27 UTC 2026","Sat Apr 11 00:56:27 UTC 2026","0","tests.tickets","test_01_get_tickets","","","","test_get_tickets_success[filter1-sort1-search0-pagination1-partner]","Позитивный тест: получение списка тикетов с разными комбинациями параметров"
"skipped","Sat Apr 11 01:55:46 UTC 2026","Sat Apr 11 01:55:51 UTC 2026","4905","tests.catalog","test_products_list","","","","test_get_products_list_invalid_country_id[-1]","
    Негативный: некорректный country_id в query
    "
"passed","Sat Apr 11 01:47:22 UTC 2026","Sat Apr 11 01:47:22 UTC 2026","832","tests.stock","test_get_group_orders","","","","test_get_group_orders[admin]","Запрос всех складов для групповых заказов"
"passed","Sat Apr 11 01:06:35 UTC 2026","Sat Apr 11 01:06:39 UTC 2026","3536","tests.one_c","test_free_delivery_to_regions_and_cities","","","","test_1c_free_delivery_is_idempotent",""
"passed","Sat Apr 11 01:50:36 UTC 2026","Sat Apr 11 01:50:37 UTC 2026","875","tests.orders","test_group_order_v2_with_preorder_and_items","","","","test_group_order_v2_empty_item_ids_allowed",""
"passed","Sat Apr 11 01:56:22 UTC 2026","Sat Apr 11 01:56:25 UTC 2026","3473","tests.admin_panel.products","test_01_recommended_products_sort","","","","test_sort_recommendations_empty_list","Попытка сортировки с пустым списком рекомендаций"
"skipped","Sat Apr 11 01:53:01 UTC 2026","Sat Apr 11 01:53:02 UTC 2026","593","tests.delivery","test_get_fargo_offices","","","","test_get_fargo_offices_unauthorized","Негатив: запрос без авторизации."
"passed","Sat Apr 11 00:48:46 UTC 2026","Sat Apr 11 00:48:47 UTC 2026","922","tests.one_c","test_cart_calculate_full_coverage","","","","test_products_large_numbers[price-999999999]",""
"skipped","Sat Apr 11 01:35:30 UTC 2026","Sat Apr 11 01:35:30 UTC 2026","0","tests.account","test_get_languages","","","","test_get_languages_unauthorized","Негативный тест: получение списка языков без авторизации."
"passed","Sat Apr 11 01:07:38 UTC 2026","Sat Apr 11 01:07:39 UTC 2026","807","tests.admin_panel.promo","test_74_update_promotion","","","","test_update_promotion_invalid_id[abc]","Негативный тест: несуществующий или некорректный ID"
"passed","Sat Apr 11 00:56:33 UTC 2026","Sat Apr 11 00:56:33 UTC 2026","617","tests.tickets","test_01_get_tickets","","","","test_get_tickets_invalid_search[invalid_search2-400-client]","Негативный тест: передаем некорректные параметры поиска"
"passed","Sat Apr 11 01:47:09 UTC 2026","Sat Apr 11 01:47:10 UTC 2026","825","tests.reviews","test_reviews_get_by_id","","","","test_reviews_get_by_id_access_allowed_for_client_and_partner[authorize_partner]",""
"passed","Sat Apr 11 01:36:08 UTC 2026","Sat Apr 11 01:36:08 UTC 2026","875","tests.admin_panel.categories","test_56_v2_create_category","","","","test_v2_create_category_invalid_payload[payload2-expected_code2]","Негативный тест: создание категории с невалидным телом запроса."
"skipped","Sat Apr 11 01:54:00 UTC 2026","Sat Apr 11 01:54:00 UTC 2026","0","tests.account","test_pass_change","","","","test_change_password_positive[client-payload1]","Позитивные тесты на изменение пароля"
"passed","Sat Apr 11 01:49:16 UTC 2026","Sat Apr 11 01:49:17 UTC 2026","845","tests.admin_panel.sliders","test_55_delete_sliders","","","","test_delete_slider_invalid_id[9999999]","Негативный тест: удаление несуществующего или некорректного слайдера."
"skipped","Sat Apr 11 01:38:58 UTC 2026","Sat Apr 11 01:38:59 UTC 2026","1629","tests.tickets","test_06_close_ticket","","","","test_close_tickets_negative[admin-None-400]","Негативные тесты: закрытие с некорректными данными"
"skipped","Sat Apr 11 00:56:26 UTC 2026","Sat Apr 11 00:56:26 UTC 2026","0","tests.tickets","test_01_get_tickets","","","","test_get_tickets_success[filter0-sort0-search0-pagination0-client]","Позитивный тест: получение списка тикетов с разными комбинациями параметров"
"failed","Sat Apr 11 02:00:06 UTC 2026","Sat Apr 11 02:00:06 UTC 2026","577","tests.catalog","test_recommended_products_selfpickup","","","","test_get_recommended_products_selfpickup_success_stock_not_selected","
    склад НЕ выбран → selfpickup-ручка не падает
    "
"passed","Sat Apr 11 00:52:12 UTC 2026","Sat Apr 11 00:52:14 UTC 2026","2064","tests.tickets","test_04_create_ticket","","","","test_create_ticket_success[client-attachments2-ReceivingDefectiveProductsOrShortage]","Позитивный тест: создание тикета с разными темами и вложениями для клиента, партнера и админа"
"skipped","Sat Apr 11 01:54:00 UTC 2026","Sat Apr 11 01:54:00 UTC 2026","0","tests.account","test_funds_transfer_list","","","","test_get_funds_transfer_list_positive[admin-payload1]","Позитивные тесты на получение истории переводов/выводов средств"
"failed","Sat Apr 11 01:59:19 UTC 2026","Sat Apr 11 01:59:21 UTC 2026","1178","tests.promo_time.new_year_lottery","test_new_year_lottery_info","","","","test_get_new_year_lottery_info_with_history[partner]","
    Для текущего пользователя руками создаём несколько купонов:
      - is_valid = true → попадают в coupons_history и идут в total_coupons_count
      - is_valid = false → игнорируются
    "
"passed","Sat Apr 11 01:40:14 UTC 2026","Sat Apr 11 01:40:15 UTC 2026","786","tests.admin_panel.slides","test_58_get_slides_by_id","","","","test_get_slides_invalid_id[abc]","Негативный тест: невалидный ID в path-параметре"
"passed","Sat Apr 11 01:48:09 UTC 2026","Sat Apr 11 01:48:11 UTC 2026","2278","tests.admin_panel.categories","test_81_delete_category_translation","","","","test_delete_category_translation_success","Позитивный тест: удаление одного из двух переводов категории."
"skipped","Sat Apr 11 01:04:19 UTC 2026","Sat Apr 11 01:04:19 UTC 2026","0","tests.account","test_0_marathon","","","","test_get_marathon_is_purchased[partner-200]","Позитивный кейс — проверяет приобретал ли аккаунт марафонский набор (все поля)"
"passed","Sat Apr 11 01:12:51 UTC 2026","Sat Apr 11 01:13:00 UTC 2026","9131","tests.catalog","test_update_admin_product","","","","test_update_admin_product_duplicate_slug",""
"skipped","Sat Apr 11 01:07:25 UTC 2026","Sat Apr 11 01:07:25 UTC 2026","0","tests.PROJECT_EDUCATION.orders","test_post_orders","","","","test_post_orders_invalid_payload__400_422[payload8]","Негатив: невалидный body"
"skipped","Sat Apr 11 01:53:20 UTC 2026","Sat Apr 11 01:53:21 UTC 2026","592","tests.delivery","test_get_kgpost_offices","","","","test_get_kgpost_offices_unauthorized",""
"passed","Sat Apr 11 00:56:45 UTC 2026","Sat Apr 11 00:56:46 UTC 2026","1038","tests.delivery","test_01_save_delivery_address","","","","test_save_address_positive_contract_and_cleanup[payload1-partner]",""
"skipped","Sat Apr 11 00:56:27 UTC 2026","Sat Apr 11 00:56:27 UTC 2026","0","tests.tickets","test_01_get_tickets","","","","test_get_tickets_success[filter1-sort0-search1-pagination0-client]","Позитивный тест: получение списка тикетов с разными комбинациями параметров"
"skipped","Sat Apr 11 01:41:50 UTC 2026","Sat Apr 11 01:41:51 UTC 2026","825","tests.tickets","test_09_get_ticket_messages","","","","test_get_ticket_messages_invalid_id_format[1.5]","Негативный тест: запрос с некорректным ID (строка, спецсимволы, пустое значение)"
"passed","Sat Apr 11 01:07:37 UTC 2026","Sat Apr 11 01:07:38 UTC 2026","787","tests.admin_panel.promo","test_74_update_promotion","","","","test_update_promotion_invalid_id[9999999]","Негативный тест: несуществующий или некорректный ID"
"skipped","Sat Apr 11 00:56:27 UTC 2026","Sat Apr 11 00:56:27 UTC 2026","0","tests.tickets","test_01_get_tickets","","","","test_get_tickets_success[filter0-sort0-search1-pagination1-admin]","Позитивный тест: получение списка тикетов с разными комбинациями параметров"
"skipped","Sat Apr 11 01:56:14 UTC 2026","Sat Apr 11 01:56:15 UTC 2026","1004","tests.admin_panel.periods","test_put_admin_dev_period_end_time","","","","test_put_admin_dev_period_end_time__bad_body_400_422[bad_body0]",""
"passed","Sat Apr 11 00:54:57 UTC 2026","Sat Apr 11 00:54:59 UTC 2026","2317","tests.tickets","test_04_create_ticket","","","","test_create_ticket_success[admin-attachments1-QuestionsAboutTheWorkOfTheStructureAndMentors]","Позитивный тест: создание тикета с разными темами и вложениями для клиента, партнера и админа"
"failed","Sat Apr 11 01:52:58 UTC 2026","Sat Apr 11 01:52:59 UTC 2026","582","tests.delivery","test_get_fargo_offices","","","","test_get_fargo_offices_success[439930-partner]","Позитив: успешное получение списка офисов по city_id."
"passed","Sat Apr 11 01:18:07 UTC 2026","Sat Apr 11 01:18:08 UTC 2026","812","tests.catalog","test_create_admin_product_translation","","","","test_create_admin_product_translation_invalid_payload[payload2-400]","Негативные проверки на создание перевода с некорректным payload."
"skipped","Sat Apr 11 01:54:00 UTC 2026","Sat Apr 11 01:54:00 UTC 2026","0","tests.account","test_history_admin","","","","test_get_admin_history_positive[admin-payload0]","Позитивные тесты на получение истории бонусов для админа"
"passed","Sat Apr 11 01:35:27 UTC 2026","Sat Apr 11 01:35:28 UTC 2026","833","tests.account","test_add_cover_url","","","","test_add_cover_invalid_payload[payload2]",""
"skipped","Sat Apr 11 00:56:27 UTC 2026","Sat Apr 11 00:56:27 UTC 2026","0","tests.tickets","test_01_get_tickets","","","","test_get_tickets_success[filter0-sort0-search2-pagination0-client]","Позитивный тест: получение списка тикетов с разными комбинациями параметров"
"passed","Sat Apr 11 00:57:23 UTC 2026","Sat Apr 11 00:57:24 UTC 2026","591","tests.delivery","test_get_cities","","","","test_get_cities_missing_required_params_should_fail[params3-client]","
    Негатив: отсутствие обязательных page/page_size/country_id
    "
"passed","Sat Apr 11 00:55:32 UTC 2026","Sat Apr 11 00:55:34 UTC 2026","2017","tests.tickets","test_04_create_ticket","","","","test_create_ticket_success[admin-attachments2-QuestionsAboutInternationalDelivery]","Позитивный тест: создание тикета с разными темами и вложениями для клиента, партнера и админа"
"failed","Sat Apr 11 01:52:26 UTC 2026","Sat Apr 11 01:52:28 UTC 2026","2091","tests.cart","test_11_cart_save_delivery_method","","","","test_cart_save_delivery_method_group_order_happy_path_client",""
"passed","Sat Apr 11 01:22:17 UTC 2026","Sat Apr 11 01:22:18 UTC 2026","810","tests.admin_panel.products","test_40_create_product_brand","","","","test_create_product_brand_invalid_payload[payload3-expected_codes3]","Негативные кейсы: невалидные поля при создании бренда."
"skipped","Sat Apr 11 01:04:19 UTC 2026","Sat Apr 11 01:04:19 UTC 2026","0","tests.account","test_account_branded_wallet_get","","","","test_get_invalid_period_returns_422[period2-client]","
    Негатив: невалидные month/year → 422.
    "
"passed","Sat Apr 11 00:53:26 UTC 2026","Sat Apr 11 00:53:28 UTC 2026","2228","tests.tickets","test_04_create_ticket","","","","test_create_ticket_success[partner-attachments1-ReceivingDefectiveProducts]","Позитивный тест: создание тикета с разными темами и вложениями для клиента, партнера и админа"
"passed","Sat Apr 11 01:40:37 UTC 2026","Sat Apr 11 01:40:38 UTC 2026","871","tests.catalog","test_product_get_by_id","","","","test_get_product_by_id_invalid_string[abc]","
    Негативный: ID строкового типа
    "
"passed","Sat Apr 11 01:47:10 UTC 2026","Sat Apr 11 01:47:11 UTC 2026","880","tests.reviews","test_reviews_get_by_id","","","","test_reviews_get_by_id_invalid_id_returns_client_error[abc]",""
"passed","Sat Apr 11 01:39:24 UTC 2026","Sat Apr 11 01:39:25 UTC 2026","1200","tests.admin_panel.products","test_41_get_product_brand_by_id","","","","test_get_product_brand_by_id_success","Позитивный тест: успешное получение бренда по ID админом"
"skipped","Sat Apr 11 00:49:06 UTC 2026","Sat Apr 11 00:49:07 UTC 2026","917","tests.one_c","test_cart_calculate_full_coverage","","","","test_packaging_invalid_numbers[height-0]",""
"skipped","Sat Apr 11 01:23:42 UTC 2026","Sat Apr 11 01:23:43 UTC 2026","619","tests.statistic","test_team_activations","","","","test_get_team_activation_statistic_negative[payload0-admin]","Негативный тест: ошибка при получении статистики активации команды с невалидным телом запроса"
"passed","Sat Apr 11 00:58:00 UTC 2026","Sat Apr 11 00:58:01 UTC 2026","811","tests.account","test_update_utc_offset","","","","test_update_utc_offset_invalid_format_rejected[+3]",""
"passed","Sat Apr 11 01:23:46 UTC 2026","Sat Apr 11 01:23:47 UTC 2026","629","tests.statistic","test_team_go","","","","test_get_team_go_statistic_positive[payload1-client]","Позитивный тест: получение статистики по команде с валидным телом запроса"
"failed","Sat Apr 11 01:58:27 UTC 2026","Sat Apr 11 01:58:28 UTC 2026","574","tests.admin_panel.periods","test_get_periods_list","","","","test_get_periods_list__200_contract[partner]",""
"passed","Sat Apr 11 01:16:24 UTC 2026","Sat Apr 11 01:16:32 UTC 2026","8299","tests.catalog","test_create_admin_product_translation","","","","test_create_admin_product_translation_success[en]","Создание и обновление перевода продукта на разных языках."
"skipped","Sat Apr 11 01:57:19 UTC 2026","Sat Apr 11 01:57:19 UTC 2026","0","tests.cart","test_exclusive_preorder_cart_update","","","","test_cart_update_checks_auth_first_400",""
"skipped","Sat Apr 11 01:53:47 UTC 2026","Sat Apr 11 01:53:47 UTC 2026","0","tests.register","test_02_register_partner","","","","test_register_partner_positive[client-403]","Тест: позитивные тесты для регистрации партнера вручную"
"passed","Sat Apr 11 01:46:40 UTC 2026","Sat Apr 11 01:46:41 UTC 2026","1085","tests.orders","test_group_order_join_roles_and_rejections","","","","test_group_order_join_invalid_group_order_id_rejected[authorize_client]","
    Негатив: неверный тип group_order_id
    "
"passed","Sat Apr 11 00:48:28 UTC 2026","Sat Apr 11 00:48:29 UTC 2026","640","tests.one_c","test_cart_calculate_full_coverage","","","","test_invalid_top_types[date_created_timestamp-1772852465160]",""
"skipped","Sat Apr 11 02:00:54 UTC 2026","Sat Apr 11 02:00:54 UTC 2026","0","tests.stock","test_delete_stock","","","","test_delete_stock_success",""
"skipped","Sat Apr 11 01:42:25 UTC 2026","Sat Apr 11 01:42:25 UTC 2026","0","tests.admin_panel","test_accrue_presidential_pool","","","","test_accrue_presidential_pool_invalid_payload[payload1-400]",""
"passed","Sat Apr 11 01:40:32 UTC 2026","Sat Apr 11 01:40:33 UTC 2026","578","tests.cart","test_14_cart_update_personal_data","","","","test_update_personal_data_unauthorized","Негатив: без токена → 400"
"passed","Sat Apr 11 01:14:57 UTC 2026","Sat Apr 11 01:15:05 UTC 2026","7340","tests.catalog","test_update_admin_product","","","","test_update_admin_product_invalid_payload[update_payload7-422]",""
"skipped","Sat Apr 11 01:56:09 UTC 2026","Sat Apr 11 01:56:10 UTC 2026","782","tests.admin_panel.periods","test_post_admin_approve_marketing_result_with_period","","","","test_post_admin_approve_marketing_result_with_period__bad_body_400_422[bad_body0]",""
"skipped","Sat Apr 11 01:44:25 UTC 2026","Sat Apr 11 01:44:26 UTC 2026","868","tests.admin_panel","test_accrue_auto_bonus","","","","test_accrue_auto_bonus_invalid_payload[payload3-400]",""
"passed","Sat Apr 11 01:47:49 UTC 2026","Sat Apr 11 01:47:49 UTC 2026","615","tests.PROJECT_FUND.initiatives","test_get_report_by_id","","","","test_get_report_by_invalid_id[1.5-https://dev.ewahelps.com/api]","Негативный тест: невалидный или несуществующий path-параметр"
"skipped","Sat Apr 11 01:54:00 UTC 2026","Sat Apr 11 01:54:00 UTC 2026","0","tests.account","test_family_agreement_create_one","","","","test_create_family_agreement_one_positive[partner-payload0]","Позитивные тесты на создание семейного соглашения при отсутствующем втором партнере"
"passed","Sat Apr 11 01:38:31 UTC 2026","Sat Apr 11 01:38:32 UTC 2026","1650","tests.tickets","test_06_close_ticket","","","","test_close_ticket_success[partner]","Позитивный тест: закрытие тикета для клиента, партнера и админа."
"passed","Sat Apr 11 01:45:49 UTC 2026","Sat Apr 11 01:45:50 UTC 2026","822","tests.admin_panel.promo","test_78_delete_promotion_item","","","","test_delete_promotion_item_invalid_id[-1--1]","Негативный тест: удаление элемента акции с невалидным ID продукта."
"passed","Sat Apr 11 01:49:17 UTC 2026","Sat Apr 11 01:49:18 UTC 2026","801","tests.admin_panel.sliders","test_55_delete_sliders","","","","test_delete_slider_invalid_id[abc]","Негативный тест: удаление несуществующего или некорректного слайдера."
"skipped","Sat Apr 11 01:50:14 UTC 2026","Sat Apr 11 01:50:14 UTC 2026","593","tests.delivery","test_mongpost_postcodes","","","","test_mongpost_postcodes_invalid_city_id[-1-admin]","Негативный тест: невалидные значения city_id → 400/422"
"skipped","Sat Apr 11 01:57:05 UTC 2026","Sat Apr 11 01:57:05 UTC 2026","0","tests.auth","test_04_refresh","","","","test_refresh_token_success[client]","Тест успешного обновления токена через refresh-токен."
"skipped","Sat Apr 11 01:38:47 UTC 2026","Sat Apr 11 01:38:49 UTC 2026","1690","tests.tickets","test_06_close_ticket","","","","test_close_tickets_negative[partner-ticket_ids1-400]","Негативные тесты: закрытие с некорректными данными"
"passed","Sat Apr 11 00:59:07 UTC 2026","Sat Apr 11 00:59:10 UTC 2026","3543","tests.cart","test_01_user_locale","","","","test_update_user_locale_invalid_payload[client-payload4]",""
"passed","Sat Apr 11 01:38:07 UTC 2026","Sat Apr 11 01:38:09 UTC 2026","1252","tests.reviews","test_reviews_delete_post","","","","test_reviews_delete_same_review_twice",""
"passed","Sat Apr 11 01:24:28 UTC 2026","Sat Apr 11 01:24:29 UTC 2026","1761","tests.admin_panel.slides","test_61_upload_slides_images","","","","test_upload_slide_images_invalid_format[valid.jpg-image/jpeg-204]",""
"skipped","Sat Apr 11 01:39:23 UTC 2026","Sat Apr 11 01:39:23 UTC 2026","0","tests.admin_panel.products","test_01_create_product_group","","","","test_create_product_group_invalid_payload[payload0-400]",""
"skipped","Sat Apr 11 00:56:27 UTC 2026","Sat Apr 11 00:56:27 UTC 2026","0","tests.tickets","test_01_get_tickets","","","","test_get_tickets_success[filter1-sort1-search1-pagination0-client]","Позитивный тест: получение списка тикетов с разными комбинациями параметров"
"skipped","Sat Apr 11 01:04:19 UTC 2026","Sat Apr 11 01:04:19 UTC 2026","0","tests.account","test_0_marathon","","","","test_create_product_brand_invalid_payload[params4-400-client]",""
"passed","Sat Apr 11 01:00:21 UTC 2026","Sat Apr 11 01:00:21 UTC 2026","594","tests.cart","test_02_get_delivery_cost","","","","test_get_delivery_cost_invalid_payload[partner-payload2]","Негатив: некорректные входные данные"
"skipped","Sat Apr 11 00:56:42 UTC 2026","Sat Apr 11 00:56:42 UTC 2026","0","tests.stock","test_create_stock","","","","test_create_stock_with_empty_string_log_if_not_200[timezone.dst_end]",""
"passed","Sat Apr 11 01:58:50 UTC 2026","Sat Apr 11 01:58:51 UTC 2026","618","tests.delivery","test_get_five_post_warehouses","","","","test_get_five_post_warehouses_forbidden_for_non_admins[partner]","Негатив: доступ к списку складов 5Post разрешён только админу."
"passed","Sat Apr 11 01:09:08 UTC 2026","Sat Apr 11 01:09:09 UTC 2026","876","tests.cart","test_20_cart_recommended_products","","","","test_cart_recommended_products_invalid_cart_cookie_no_500[abc-partner]","
    невалидный cart_id в cookie
    "
"passed","Sat Apr 11 01:08:19 UTC 2026","Sat Apr 11 01:08:20 UTC 2026","874","tests.admin_panel.sliders","test_54_update_slider","","","","test_update_slider_invalid_id[0]","Негативный тест: несуществующий или некорректный ID."
"passed","Sat Apr 11 01:36:23 UTC 2026","Sat Apr 11 01:36:24 UTC 2026","600","tests.admin_panel.periods","test_get_period_by_id","","","","test_get_period_by_id__invalid_id_400_404[admin-1.5]",""
"passed","Sat Apr 11 00:55:03 UTC 2026","Sat Apr 11 00:55:05 UTC 2026","2180","tests.tickets","test_04_create_ticket","","","","test_create_ticket_success[admin-attachments1-QuestionsAboutTheRewardSystemMarketingPlan]","Позитивный тест: создание тикета с разными темами и вложениями для клиента, партнера и админа"
"skipped","Sat Apr 11 01:32:35 UTC 2026","Sat Apr 11 01:32:36 UTC 2026","610","tests.orders","test_group_order_change_country","","","","test_change_country_invalid_data[invalid_payload2-admin]","Негативные тесты: передача некорректных данных"
"passed","Sat Apr 11 01:00:46 UTC 2026","Sat Apr 11 01:00:50 UTC 2026","3636","tests.cart","test_12_cart_estimate_delivery","","","","test_estimate_delivery_success[client-haypost-payload5]","
    Позитив: корзина с товаром, выбор способа доставки и расчёт стоимости для разных служб
    "
"passed","Sat Apr 11 01:48:52 UTC 2026","Sat Apr 11 01:48:53 UTC 2026","888","tests.admin_panel.products","test_43_delete_product_brand","","","","test_delete_product_brand_invalid_id[0]","Негативный тест: удаление несуществующего или некорректного бренда."
"passed","Sat Apr 11 01:47:04 UTC 2026","Sat Apr 11 01:47:05 UTC 2026","810","tests.reviews","test_reviews_get_by_id","","","","test_reviews_get_by_id_access_allowed_for_client_and_partner[authorize_client]",""
"passed","Sat Apr 11 01:50:08 UTC 2026","Sat Apr 11 01:50:09 UTC 2026","610","tests.delivery","test_geo_suggest","","","","test_geo_suggest_invalid_query_400[client-empty]",""
"failed","Sat Apr 11 02:00:59 UTC 2026","Sat Apr 11 02:00:59 UTC 2026","608","tests.catalog","test_products_list_all","","","","test_get_products_list_all_success[admin]","
    Позитивный: успешное получение списка всех товаров
    "
"skipped","Sat Apr 11 01:05:28 UTC 2026","Sat Apr 11 01:05:28 UTC 2026","0","tests.admin_panel.categories","test_50_upload_category_images","","","","test_upload_category_images_file_too_large[5.3-fields_to_send7-400]","Негативный тест: загрузка слишком большого изображения."
"passed","Sat Apr 11 01:18:30 UTC 2026","Sat Apr 11 01:18:31 UTC 2026","645","tests.delivery","test_self_pickup_offices","","","","test_self_pickup_offices_invalid_params[partner-params2]","
    Негатив: невалидные параметры  = 400
    "
"passed","Sat Apr 11 01:00:15 UTC 2026","Sat Apr 11 01:00:16 UTC 2026","612","tests.cart","test_02_get_delivery_cost","","","","test_get_delivery_cost_invalid_payload[client-payload0]","Негатив: некорректные входные данные"
"skipped","Sat Apr 11 00:56:27 UTC 2026","Sat Apr 11 00:56:27 UTC 2026","0","tests.tickets","test_01_get_tickets","","","","test_get_tickets_success[filter1-sort1-search2-pagination1-admin]","Позитивный тест: получение списка тикетов с разными комбинациями параметров"
"skipped","Sat Apr 11 01:26:25 UTC 2026","Sat Apr 11 01:26:25 UTC 2026","0","tests.PROJECT_EDUCATION.test_system","test_03_user_answers","","","","test_user_answers_invalid_id__400_or_404[1.5]",""
"failed","Sat Apr 11 01:58:27 UTC 2026","Sat Apr 11 01:58:27 UTC 2026","609","tests.admin_panel.periods","test_get_periods_list","","","","test_get_periods_list__200_contract[client]",""
"passed","Sat Apr 11 01:47:39 UTC 2026","Sat Apr 11 01:47:40 UTC 2026","799","tests.PROJECT_FUND.initiatives","test_get_initiative_by_id","","","","test_get_initiative_by_invalid_id[abc-https://dev.ewahelps.com/api]",""
"passed","Sat Apr 11 01:03:54 UTC 2026","Sat Apr 11 01:03:55 UTC 2026","1279","tests.admin_panel.slides","test_59_update_slide","","","","test_update_slide_invalid_payload[payload14-expected_code14]","
    Негативный тест: обновление слайда с невалидным или неполным телом запроса
    "
"passed","Sat Apr 11 01:26:24 UTC 2026","Sat Apr 11 01:26:24 UTC 2026","637","tests.orders","test_create_order_by_delivery_address","","","","test_create_order_invalid_data[invalid_payload3-expected_status3-partner]",""
"passed","Sat Apr 11 01:23:12 UTC 2026","Sat Apr 11 01:23:13 UTC 2026","595","tests.admin_panel.promo","test_72_create_promotion","","","","test_create_promotion_unauthorized","Негативный тест: создание акции без авторизации"
"passed","Sat Apr 11 01:21:30 UTC 2026","Sat Apr 11 01:21:32 UTC 2026","1202","tests.admin_panel.promo","test_77_create_promotion_item","","","","test_create_promotion_item_invalid_payload[payload5-422]",""
"passed","Sat Apr 11 01:57:01 UTC 2026","Sat Apr 11 01:57:02 UTC 2026","837","tests.admin_panel.users","test_get_admin_users_exclusive_preorder_permissions","","","","test_get_exclusive_preorder_permissions_invalid_user_id[-1]","
    Негатив: некорректный/несуществующий user_id в path
    "
"passed","Sat Apr 11 02:00:36 UTC 2026","Sat Apr 11 02:00:43 UTC 2026","6919","tests.orders","test_group_order_get_extended","","","","test_group_order_confirm_without_paid_participant_returns_400",""
"passed","Sat Apr 11 01:08:12 UTC 2026","Sat Apr 11 01:08:13 UTC 2026","647","tests.admin_panel.sliders","test_54_update_slider","","","","test_update_slider_unauthorized","Негативный тест: попытка обновления слайдера без авторизации."
"skipped","Sat Apr 11 01:05:28 UTC 2026","Sat Apr 11 01:05:28 UTC 2026","0","tests.admin_panel.categories","test_50_upload_category_images","","","","test_upload_category_images_forbidden[partner]","Негативный тест: неадмин не может загрузить изображения категории."
"passed","Sat Apr 11 01:19:21 UTC 2026","Sat Apr 11 01:19:24 UTC 2026","3239","tests.admin_panel.items","test_create_item_translation","","","","test_create_item_translation_success[ru]",""
"skipped","Sat Apr 11 02:00:53 UTC 2026","Sat Apr 11 02:00:53 UTC 2026","0","tests.sockets","test_ws_chat_protocol","","","","test_second_login_after_auth_is_idempotent[partner]","
    Повторный login после успешной авторизации НЕ должен ломать соединение
    "
"passed","Sat Apr 11 01:21:51 UTC 2026","Sat Apr 11 01:21:52 UTC 2026","597","tests.delivery","test_02_get_delivery_address","","","","test_history_invalid_pagination_should_fail[bad_body3-partner]","
    Негатив: валидация PaginationRequest
    "
"passed","Sat Apr 11 01:36:02 UTC 2026","Sat Apr 11 01:36:02 UTC 2026","836","tests.admin_panel","test_partner_accrual_details_common","","","","test_common_accrual_details_future_period_date","
    Негатив: period_date в будущем → 400/422
    "
"passed","Sat Apr 11 01:18:25 UTC 2026","Sat Apr 11 01:18:25 UTC 2026","658","tests.delivery","test_self_pickup_offices","","","","test_self_pickup_offices_unknown_city_returns_empty_list[client]","
    Позитив: неизвестный city_id -> 200 и пустой список
    "
"skipped","Sat Apr 11 00:48:41 UTC 2026","Sat Apr 11 00:48:42 UTC 2026","961","tests.one_c","test_cart_calculate_full_coverage","","","","test_products_negative_numbers[bonus--1]",""
"passed","Sat Apr 11 01:00:20 UTC 2026","Sat Apr 11 01:00:21 UTC 2026","580","tests.cart","test_02_get_delivery_cost","","","","test_get_delivery_cost_invalid_payload[partner-payload1]","Негатив: некорректные входные данные"
"skipped","Sat Apr 11 00:56:27 UTC 2026","Sat Apr 11 00:56:27 UTC 2026","0","tests.tickets","test_01_get_tickets","","","","test_get_tickets_success[filter2-sort0-search1-pagination0-client]","Позитивный тест: получение списка тикетов с разными комбинациями параметров"
"passed","Sat Apr 11 00:51:54 UTC 2026","Sat Apr 11 00:51:56 UTC 2026","1955","tests.tickets","test_04_create_ticket","","","","test_create_ticket_success[client-attachments2-QuestionsAboutProducts]","Позитивный тест: создание тикета с разными темами и вложениями для клиента, партнера и админа"
"passed","Sat Apr 11 01:13:17 UTC 2026","Sat Apr 11 01:13:24 UTC 2026","7915","tests.catalog","test_update_admin_product","","","","test_update_admin_product_forbidden[partner]",""
"passed","Sat Apr 11 01:20:05 UTC 2026","Sat Apr 11 01:20:06 UTC 2026","881","tests.admin_panel.items","test_create_item_translation","","","","test_create_item_translation_invalid_payload[payload3-code3]","Негативный тест: создание перевода с невалидным payload."
"skipped","Sat Apr 11 01:46:15 UTC 2026","Sat Apr 11 01:46:15 UTC 2026","0","tests.fund","test_get_top_donors","","","","test_get_top_donors_invalid_params[invalid_param2-https://dev.ewahelps.com/api]","Негатив: неверные параметры должны дать 400 (при рабочем маршруте)."
"passed","Sat Apr 11 01:25:14 UTC 2026","Sat Apr 11 01:25:15 UTC 2026","1299","tests.admin_panel.categories","test_57_v2_update_category","","","","test_v2_update_category_invalid_payload[payload0-expected_code0]","Негативный тест: обновление категории с невалидным или неполным телом запроса."
"passed","Sat Apr 11 01:53:11 UTC 2026","Sat Apr 11 01:53:12 UTC 2026","1545","tests.delivery","test_get_kazpost_offices","","","","test_get_kazpost_offices_success[166407-client]","Позитив: успешное получение списка офисов Казпочты по city_id."
"passed","Sat Apr 11 01:23:19 UTC 2026","Sat Apr 11 01:23:20 UTC 2026","643","tests.admin_panel.sliders","test_52_create_slider","","","","test_create_slider_forbidden[partner]","Негативный тест: создание слайдера не-админом запрещено."
"skipped","Sat Apr 11 01:44:12 UTC 2026","Sat Apr 11 01:44:12 UTC 2026","0","tests.PROJECT_EDUCATION.test_system","test_04_finish_test","","","","test_finish_test_invalid_id__400_or_404[1.5]",""
"passed","Sat Apr 11 00:49:17 UTC 2026","Sat Apr 11 00:49:18 UTC 2026","881","tests.one_c","test_cart_calculate_full_coverage","","","","test_packaging_missing_fields[weight]",""
"passed","Sat Apr 11 00:54:50 UTC 2026","Sat Apr 11 00:54:52 UTC 2026","2264","tests.tickets","test_04_create_ticket","","","","test_create_ticket_success[admin-attachments1-QuestionsAboutInternationalDelivery]","Позитивный тест: создание тикета с разными темами и вложениями для клиента, партнера и админа"
"passed","Sat Apr 11 01:30:11 UTC 2026","Sat Apr 11 01:30:12 UTC 2026","609","tests.account","test_get_account_exists","","","","test_get_account_exists_positive[params2-client]","Нкгатив: невлидны id"
"passed","Sat Apr 11 00:52:06 UTC 2026","Sat Apr 11 00:52:08 UTC 2026","2081","tests.tickets","test_04_create_ticket","","","","test_create_ticket_success[client-attachments2-OtherQuestions]","Позитивный тест: создание тикета с разными темами и вложениями для клиента, партнера и админа"
"passed","Sat Apr 11 01:57:01 UTC 2026","Sat Apr 11 01:57:01 UTC 2026","811","tests.admin_panel.users","test_get_admin_users_exclusive_preorder_permissions","","","","test_get_exclusive_preorder_permissions_invalid_user_id[0]","
    Негатив: некорректный/несуществующий user_id в path
    "
"skipped","Sat Apr 11 00:56:27 UTC 2026","Sat Apr 11 00:56:27 UTC 2026","0","tests.tickets","test_01_get_tickets","","","","test_get_tickets_success[filter2-sort0-search2-pagination0-client]","Позитивный тест: получение списка тикетов с разными комбинациями параметров"
"skipped","Sat Apr 11 00:49:24 UTC 2026","Sat Apr 11 00:49:25 UTC 2026","904","tests.one_c","test_cart_calculate_full_coverage","","","","test_payment_invalid_numbers[discount_total-0]",""
"skipped","Sat Apr 11 01:58:05 UTC 2026","Sat Apr 11 01:58:09 UTC 2026","3557","tests.tickets","test_10_send_message_to_ticket","","","","test_send_message_role_permissions[authorize_client-authorize_partner-403]","Проверка доступа к отправке сообщений в тикеты в зависимости от роли"
"skipped","Sat Apr 11 02:00:07 UTC 2026","Sat Apr 11 02:00:07 UTC 2026","0","tests.chat_support","test_02_support_chat_messages_get","","","","test_get_support_chat_messages_basic[partner]","
    Позитив: /support-chat/messages отдаёт список сообщений с навигацией
    "
"skipped","Sat Apr 11 00:49:23 UTC 2026","Sat Apr 11 00:49:24 UTC 2026","931","tests.one_c","test_cart_calculate_full_coverage","","","","test_payment_invalid_numbers[discount_total--1]",""
"passed","Sat Apr 11 01:32:19 UTC 2026","Sat Apr 11 01:32:19 UTC 2026","583","tests.delivery","test_get_emu_pickup_points","","","","test_get_emu_pickup_points_invalid_city_id_should_fail[True-admin]","Негатив: невалидные значения city_id → 400/422."
"passed","Sat Apr 11 01:31:43 UTC 2026","Sat Apr 11 01:31:43 UTC 2026","198","tests.cart","test_delivery_address_save_apply","","","","test_save_address_invalid_payload[payload8]",""
"passed","Sat Apr 11 01:28:17 UTC 2026","Sat Apr 11 01:28:18 UTC 2026","861","tests.admin_panel.items","test_update_item","","","","test_update_item_invalid_id[9999999]","Негативный тест: несуществующий или некорректный ID."
"passed","Sat Apr 11 01:39:50 UTC 2026","Sat Apr 11 01:39:51 UTC 2026","841","tests.admin_panel.promo","test_73_get_promotion_by_id","","","","test_get_promotion_not_found","Негативный тест: акция не найдена"
"passed","Sat Apr 11 02:00:32 UTC 2026","Sat Apr 11 02:00:35 UTC 2026","3306","tests.orders","test_group_order_get_extended","","","","test_group_order_roles_mapping_partner_only",""
"passed","Sat Apr 11 01:21:47 UTC 2026","Sat Apr 11 01:21:48 UTC 2026","614","tests.delivery","test_02_get_delivery_address","","","","test_history_invalid_pagination_should_fail[bad_body0-client]","
    Негатив: валидация PaginationRequest
    "
"passed","Sat Apr 11 01:39:09 UTC 2026","Sat Apr 11 01:39:10 UTC 2026","1242","tests.admin_panel.categories","test_47_get_categories_by_id","","","","test_get_categories_by_id_success","Позитивный тест: успешное получение категории по ID админом."
"passed","Sat Apr 11 01:24:30 UTC 2026","Sat Apr 11 01:24:33 UTC 2026","2466","tests.admin_panel.slides","test_61_upload_slides_images","","","","test_upload_slide_images_invalid_format[valid.webp-image/webp-204]",""
"passed","Sat Apr 11 01:08:45 UTC 2026","Sat Apr 11 01:08:46 UTC 2026","1262","tests.admin_panel.sliders","test_54_update_slider","","","","test_update_slider_invalid_payload[payload10-422]","Негативный тест: обновление слайдера с невалидным или неполным телом запроса."
"passed","Sat Apr 11 00:52:22 UTC 2026","Sat Apr 11 00:52:23 UTC 2026","807","tests.tickets","test_04_create_ticket","","","","test_create_ticket_success[partner-attachments0-QuestionsAboutPaymentsToIP]","Позитивный тест: создание тикета с разными темами и вложениями для клиента, партнера и админа"
"skipped","Sat Apr 11 01:05:25 UTC 2026","Sat Apr 11 01:05:25 UTC 2026","0","tests.catalog","test_create_admin_product","","","","test_create_product_duplicate_slug[mn]",""
"passed","Sat Apr 11 01:42:39 UTC 2026","Sat Apr 11 01:42:39 UTC 2026","800","tests.admin_panel.categories","test_79_get_category_translation","","","","test_get_category_translation_invalid_id[abc]",""
"passed","Sat Apr 11 00:49:50 UTC 2026","Sat Apr 11 00:49:50 UTC 2026","592","tests.one_c","test_cart_calculate_full_coverage","","","","test_bonus_info_invalid_types[account_id-text]",""
"passed","Sat Apr 11 00:58:16 UTC 2026","Sat Apr 11 00:58:20 UTC 2026","4084","tests.cart","test_01_user_locale","","","","test_update_user_locale_valid_payload[client-payload1]",""
"passed","Sat Apr 11 01:52:22 UTC 2026","Sat Apr 11 01:52:23 UTC 2026","644","tests.cart","test_04_cart_full_data","","","","test_full_data_invalid_calculate_delivery_flag[123-client]",""
"passed","Sat Apr 11 01:31:36 UTC 2026","Sat Apr 11 01:31:36 UTC 2026","187","tests.cart","test_delivery_address_save_apply","","","","test_save_address_invalid_payload[payload6]",""
"skipped","Sat Apr 11 02:01:26 UTC 2026","Sat Apr 11 02:01:26 UTC 2026","0","tests.orders","test_group_order_partner_regions","","","","test_partner_region_stock_respects_can_group_order_flag[partner]","
    1. Если can_group_order=FALSE для Москвы →
       склад из региона 77 НЕ должен выбираться
    2. После возврата can_group_order=TRUE →
       снова выбирается склад из региона 77
    "
"failed","Sat Apr 11 01:58:44 UTC 2026","Sat Apr 11 01:58:45 UTC 2026","1361","tests.catalog","test_get_items_list","","","","test_get_items_list_success[admin]","
    Позитивный тест: успешное получение списка атомарных товаров
    "
"passed","Sat Apr 11 01:23:08 UTC 2026","Sat Apr 11 01:23:09 UTC 2026","776","tests.admin_panel.promo","test_72_create_promotion","","","","test_create_promotion_invalid_data[payload8-400]","Негативные тесты: невалидные данные"
"skipped","Sat Apr 11 00:56:42 UTC 2026","Sat Apr 11 00:56:42 UTC 2026","0","tests.stock","test_create_stock","","","","test_create_stock_with_empty_string_log_if_not_200[address.country]",""
"passed","Sat Apr 11 00:58:02 UTC 2026","Sat Apr 11 00:58:02 UTC 2026","856","tests.account","test_update_utc_offset","","","","test_update_utc_offset_invalid_format_rejected[++3]",""
"skipped","Sat Apr 11 01:41:51 UTC 2026","Sat Apr 11 01:41:51 UTC 2026","0","tests.PROJECT_EDUCATION.test_system","test_06_get_result","","","","test_get_result_invalid_id__400_or_404[-1]",""
"skipped","Sat Apr 11 01:58:35 UTC 2026","Sat Apr 11 01:58:35 UTC 2026","0","tests.catalog","test_exclusive_preorder_products_list","","","","test_products_list_in_stock_overwritten_with_permission[partner]","
    Позитив:
      1) берём реальный exclusive item из /products/list
      2) ставим permission remaining_quantity=3
      3) снова /products/list
      4) жёстко проверяем: в слоте (stock_id=DEFAULT_STOCK_ID) in_stock == 3 (если поле есть)
         + is_visible==True (если поле есть)
    "
"passed","Sat Apr 11 01:39:48 UTC 2026","Sat Apr 11 01:39:49 UTC 2026","791","tests.admin_panel.promo","test_73_get_promotion_by_id","","","","test_get_promotion_invalid_id[None]","Негативный тест: получение акции по невалидному ID"
"passed","Sat Apr 11 01:36:21 UTC 2026","Sat Apr 11 01:36:22 UTC 2026","643","tests.admin_panel.periods","test_get_period_by_id","","","","test_get_period_by_id__invalid_id_400_404[admin-]",""
"passed","Sat Apr 11 01:26:05 UTC 2026","Sat Apr 11 01:26:12 UTC 2026","6617","tests.orders","test_create_order_by_delivery_address","","","","test_create_order_permissions[authorize_partner-authorize_partner-200]",""
"passed","Sat Apr 11 01:26:31 UTC 2026","Sat Apr 11 01:26:33 UTC 2026","1336","tests.account","test_account_branded_wallet_upload","","","","test_upload_success[valid_jpg.jpg-client]","Позитив: валидное изображение (PNG/JPG) → 200 + корректная схема"
"skipped","Sat Apr 11 01:51:08 UTC 2026","Sat Apr 11 01:51:08 UTC 2026","0","tests.admin_panel.products","test_01_delete_product_group","","","","test_delete_product_group_success","Позитивный тест: успешное удаление продукт группы."
"passed","Sat Apr 11 02:00:59 UTC 2026","Sat Apr 11 02:01:00 UTC 2026","628","tests.catalog","test_products_list_all","","","","test_get_products_list_all_unauthorized","
    Негативный: запрос без авторизации
    "
"passed","Sat Apr 11 01:08:29 UTC 2026","Sat Apr 11 01:08:30 UTC 2026","1317","tests.admin_panel.sliders","test_54_update_slider","","","","test_update_slider_invalid_payload[payload3-expected_code3]","Негативный тест: обновление слайдера с невалидным или неполным телом запроса."
"skipped","Sat Apr 11 01:35:30 UTC 2026","Sat Apr 11 01:35:30 UTC 2026","0","tests.account","test_get_languages","","","","test_get_languages_success[partner-ios-200]","Возвращает список языков, доступных для перевода"
"skipped","Sat Apr 11 00:49:03 UTC 2026","Sat Apr 11 00:49:04 UTC 2026","916","tests.one_c","test_cart_calculate_full_coverage","","","","test_packaging_invalid_numbers[volume-0]",""
"passed","Sat Apr 11 00:57:25 UTC 2026","Sat Apr 11 00:57:25 UTC 2026","577","tests.delivery","test_get_cities","","","","test_get_cities_invalid_page_should_fail[bad_page2-admin]","
    Негатив: невалидный page → 400/422
    "
"passed","Sat Apr 11 01:28:20 UTC 2026","Sat Apr 11 01:28:21 UTC 2026","844","tests.admin_panel.items","test_update_item","","","","test_update_item_invalid_id[abc]","Негативный тест: несуществующий или некорректный ID."
"skipped","Sat Apr 11 00:56:42 UTC 2026","Sat Apr 11 00:56:42 UTC 2026","0","tests.stock","test_create_stock","","","","test_create_stock_with_empty_string_log_if_not_200[address.phones]",""
"passed","Sat Apr 11 01:59:49 UTC 2026","Sat Apr 11 01:59:50 UTC 2026","737","tests.account","test_0_users_by_lo_rating","","","","test_get_users_by_lo_rating_positive[partner]","Позитивные тесты на получение рейтинга продавцов по личному объему"
"skipped","Sat Apr 11 01:54:00 UTC 2026","Sat Apr 11 01:54:00 UTC 2026","0","tests.account","test_token","","","","test_add_token_positive[partner-payload1]","Позитивные тесты на добавление токена"
"passed","Sat Apr 11 01:46:36 UTC 2026","Sat Apr 11 01:46:37 UTC 2026","1183","tests.orders","test_group_order_join_roles_and_rejections","","","","test_group_order_join_group_order_not_found[authorize_client]","
    Негатив: group_order_id не существует
    "
"passed","Sat Apr 11 01:50:11 UTC 2026","Sat Apr 11 01:50:11 UTC 2026","641","tests.delivery","test_geo_suggest","","","","test_geo_suggest_query_multi_values_400_or_200[client]",""
"passed","Sat Apr 11 01:22:01 UTC 2026","Sat Apr 11 01:22:01 UTC 2026","614","tests.delivery","test_get_delivery_countries","","","","test_get_delivery_countries_success[available-client]","Позитив: успешное получение списка стран с разными значениями ?from=."
"passed","Sat Apr 11 00:49:18 UTC 2026","Sat Apr 11 00:49:19 UTC 2026","857","tests.one_c","test_cart_calculate_full_coverage","","","","test_packaging_missing_fields[length]",""
"passed","Sat Apr 11 01:06:04 UTC 2026","Sat Apr 11 01:06:06 UTC 2026","2384","tests.one_c","test_free_delivery_to_regions_and_cities","","","","test_1c_free_delivery_adds_stock_to_regions_and_cities",""
"skipped","Sat Apr 11 01:04:19 UTC 2026","Sat Apr 11 01:04:19 UTC 2026","0","tests.account","test_account_branded_wallet_get","","","","test_get_period_bad_types_400_or_422[period1-partner]","
    Негатив: некорректные типы month/year → 400/422
    "
"passed","Sat Apr 11 02:01:58 UTC 2026","Sat Apr 11 02:02:00 UTC 2026","2166","tests.stock","test_stock_free_delivery","","","","test_stock_by_id_contains_is_free_delivery_flag","
    Через 1С создаём склад с is_free_delivery_enabled=True → /stock/{id} должен вернуть этот флаг
    "
"passed","Sat Apr 11 01:53:12 UTC 2026","Sat Apr 11 01:53:13 UTC 2026","844","tests.delivery","test_get_kazpost_offices","","","","test_get_kazpost_offices_success[166407-partner]","Позитив: успешное получение списка офисов Казпочты по city_id."
"passed","Sat Apr 11 01:03:11 UTC 2026","Sat Apr 11 01:03:12 UTC 2026","1297","tests.admin_panel.slides","test_59_update_slide","","","","test_update_slide_invalid_payload[payload1-expected_code1]","
    Негативный тест: обновление слайда с невалидным или неполным телом запроса
    "
"skipped","Sat Apr 11 01:54:00 UTC 2026","Sat Apr 11 01:54:00 UTC 2026","0","tests.account","test_family_agreement_create_three","","","","test_create_family_agreement_three_positive[partner-payload0]","Позитивные тесты на создание семейного соглашения при аннулировании второго партнера"
"skipped","Sat Apr 11 01:41:07 UTC 2026","Sat Apr 11 01:41:07 UTC 2026","870","tests.reviews","test_reviews_update_post","","","","test_reviews_update_invalid_payload_returns_client_error[bad_update1]",""
"failed","Sat Apr 11 01:52:36 UTC 2026","Sat Apr 11 01:52:39 UTC 2026","2154","tests.cart","test_11_cart_save_delivery_method","","","","test_cart_save_delivery_method_join_with_empty_cart_returns_400",""
"skipped","Sat Apr 11 01:53:20 UTC 2026","Sat Apr 11 01:53:20 UTC 2026","596","tests.delivery","test_get_kgpost_offices","","","","test_get_kgpost_offices_invalid_city_id_should_fail[0-admin]",""
"skipped","Sat Apr 11 01:54:00 UTC 2026","Sat Apr 11 01:54:00 UTC 2026","0","tests.account","test_history_admin","","","","test_get_admin_history_positive[partner-payload1]","Позитивные тесты на получение истории бонусов для админа"
"failed","Sat Apr 11 02:00:53 UTC 2026","Sat Apr 11 02:00:54 UTC 2026","600","tests.statistic","test_0_dashboard","","","","test_get_dashboard_statistic[partner]","Позитивный тест: получение статистики для дашборда ""прирост или убыль в числовом виде"
"skipped","Sat Apr 11 01:35:30 UTC 2026","Sat Apr 11 01:35:30 UTC 2026","0","tests.account","test_get_languages","","","","test_get_languages_success[client-ios-200]","Возвращает список языков, доступных для перевода"
"skipped","Sat Apr 11 01:54:00 UTC 2026","Sat Apr 11 01:54:00 UTC 2026","0","tests.account","test_family_agreement_update_status","","","","test_update_family_agreement_status_positive[admin-payload0]","Позитивные тесты на изменение статуса семейного соглашения"
"passed","Sat Apr 11 01:52:54 UTC 2026","Sat Apr 11 01:52:55 UTC 2026","586","tests.delivery","test_get_europost_offices","","","","test_get_europost_offices_success[1573-partner]",""
"passed","Sat Apr 11 01:49:30 UTC 2026","Sat Apr 11 01:49:31 UTC 2026","816","tests.admin_panel.slides","test_60_delete_slides","","","","test_delete_slide_invalid_id[abc]","Негативный тест: удаление несуществующего или некорректного слайда"
"skipped","Sat Apr 11 00:56:27 UTC 2026","Sat Apr 11 00:56:27 UTC 2026","0","tests.tickets","test_01_get_tickets","","","","test_get_tickets_success[filter2-sort1-search0-pagination1-client]","Позитивный тест: получение списка тикетов с разными комбинациями параметров"
"failed","Sat Apr 11 01:56:44 UTC 2026","Sat Apr 11 01:56:44 UTC 2026","608","tests.admin_panel.promo","test_71_get_promotions","","","","test_get_promotions_list_forbidden[client]","Негативный тест: получение списка акций не админом"
"passed","Sat Apr 11 00:57:32 UTC 2026","Sat Apr 11 00:57:33 UTC 2026","578","tests.delivery","test_get_cities","","","","test_get_cities_invalid_country_id_should_fail[0-admin]","
    Негатив: невалидный country_id → 400/422
    "
"passed","Sat Apr 11 01:57:05 UTC 2026","Sat Apr 11 01:57:06 UTC 2026","607","tests.auth","test_04_refresh","","","","test_refresh_token_invalid","Тест обновления токена с недействительным refresh-токеном."
"passed","Sat Apr 11 01:36:25 UTC 2026","Sat Apr 11 01:36:26 UTC 2026","628","tests.admin_panel.periods","test_get_period_by_id","","","","test_get_period_by_id__invalid_id_400_404[admin--1]",""
"passed","Sat Apr 11 01:19:04 UTC 2026","Sat Apr 11 01:19:06 UTC 2026","1863","tests.admin_panel.categories","test_80_create_category_translation","","","","test_create_category_translation_forbidden[client]","Негативный тест: создание перевода не-админом запрещено."
"passed","Sat Apr 11 01:00:06 UTC 2026","Sat Apr 11 01:00:07 UTC 2026","711","tests.cart","test_02_get_delivery_cost","","","","test_get_delivery_cost_success_partial_payload[client-payload3-200]",""
"passed","Sat Apr 11 01:51:14 UTC 2026","Sat Apr 11 01:51:19 UTC 2026","4812","tests.admin_panel.products","test_02_recommended_products_add","","","","test_add_duplicate_recommendation","Повторное добавление того же рекомендованного товара"
"passed","Sat Apr 11 01:29:19 UTC 2026","Sat Apr 11 01:29:19 UTC 2026","592","tests.cart","test_10_cart_save_city","","","","test_save_city_invalid_payload[client-payload1]","Негатив: невалидный payload."
"passed","Sat Apr 11 01:36:39 UTC 2026","Sat Apr 11 01:36:40 UTC 2026","623","tests.admin_panel.slides","test_0_slides_sort","","","","test_slides_sort_unauthorized","Негативный тест: без авторизации."
"skipped","Sat Apr 11 01:54:00 UTC 2026","Sat Apr 11 01:54:00 UTC 2026","0","tests.account","test_history_admin","","","","test_get_admin_history_positive[partner-payload0]","Позитивные тесты на получение истории бонусов для админа"
"passed","Sat Apr 11 01:44:20 UTC 2026","Sat Apr 11 01:44:21 UTC 2026","588","tests.admin_panel","test_accrue_auto_bonus","","","","test_accrue_auto_bonus_forbidden[client]",""
"passed","Sat Apr 11 00:51:45 UTC 2026","Sat Apr 11 00:51:47 UTC 2026","1959","tests.tickets","test_04_create_ticket","","","","test_create_ticket_success[client-attachments2-QuestionsAboutTheHousingAndCarProgram]","Позитивный тест: создание тикета с разными темами и вложениями для клиента, партнера и админа"
"passed","Sat Apr 11 01:40:28 UTC 2026","Sat Apr 11 01:40:29 UTC 2026","695","tests.cart","test_14_cart_update_personal_data","","","","test_update_personal_data_success[partner-payload1]","
    Позитив: обновление персональных данных
    "
"skipped","Sat Apr 11 00:56:42 UTC 2026","Sat Apr 11 00:56:42 UTC 2026","0","tests.stock","test_create_stock","","","","test_create_stock_with_empty_string_log_if_not_200[address.building]",""
"passed","Sat Apr 11 01:56:48 UTC 2026","Sat Apr 11 01:56:48 UTC 2026","833","tests.admin_panel.sliders","test_51_get_sliders","","","","test_get_sliders_success","Позитивный тест: успешное получение списка слайдеров админом"
"skipped","Sat Apr 11 01:54:00 UTC 2026","Sat Apr 11 01:54:00 UTC 2026","0","tests.account","test_family_agreement_update_status","","","","test_update_family_agreement_status_positive[partner-payload0]","Позитивные тесты на изменение статуса семейного соглашения"
"passed","Sat Apr 11 01:20:02 UTC 2026","Sat Apr 11 01:20:03 UTC 2026","858","tests.admin_panel.items","test_create_item_translation","","","","test_create_item_translation_invalid_payload[payload0-code0]","Негативный тест: создание перевода с невалидным payload."
"passed","Sat Apr 11 01:56:16 UTC 2026","Sat Apr 11 01:56:17 UTC 2026","587","tests.admin_panel.periods","test_put_admin_dev_period_end_time","","","","test_put_admin_dev_period_end_time__unauthorized",""
"skipped","Sat Apr 11 00:56:27 UTC 2026","Sat Apr 11 00:56:27 UTC 2026","0","tests.tickets","test_01_get_tickets","","","","test_get_tickets_success[filter1-sort0-search0-pagination1-partner]","Позитивный тест: получение списка тикетов с разными комбинациями параметров"
"passed","Sat Apr 11 00:58:03 UTC 2026","Sat Apr 11 00:58:04 UTC 2026","821","tests.account","test_update_utc_offset","","","","test_update_utc_offset_invalid_format_rejected[+7 ]",""
"passed","Sat Apr 11 01:56:46 UTC 2026","Sat Apr 11 01:56:48 UTC 2026","1219","tests.admin_panel.promo","test_71_get_promotions","","","","test_get_promotions_after_adding","Интеграционный тест: добавление акции и проверка ее наличия в списке по ID"
"skipped","Sat Apr 11 01:53:18 UTC 2026","Sat Apr 11 01:53:18 UTC 2026","596","tests.delivery","test_get_kgpost_offices","","","","test_get_kgpost_offices_success[208110-admin]",""
"skipped","Sat Apr 11 01:54:55 UTC 2026","Sat Apr 11 01:54:55 UTC 2026","614","tests.cart","test_06_cart_update","","","","test_update_cart_item_invalid_payload[client-payload0]","Негатив: невалидный payload"
"passed","Sat Apr 11 00:48:31 UTC 2026","Sat Apr 11 00:48:32 UTC 2026","643","tests.one_c","test_cart_calculate_full_coverage","","","","test_invalid_top_types[payment_type-123]",""
"failed","Sat Apr 11 02:01:27 UTC 2026","Sat Apr 11 02:01:28 UTC 2026","592","tests.orders","test_group_order_partner_regions","","","","test_partner_region_full_oos_returns_400[partner]","
    - если в регионе нет складов с наличием под item_ids =  400
    - выбор склада из другого региона запрещён
    "
"skipped","Sat Apr 11 01:40:32 UTC 2026","Sat Apr 11 01:40:32 UTC 2026","594","tests.cart","test_14_cart_update_personal_data","","","","test_update_personal_data_invalid_payload[partner-payload2]","
    Негатив: отсутствующие обязательные поля или невалидные значения
    "
"passed","Sat Apr 11 01:08:58 UTC 2026","Sat Apr 11 01:09:03 UTC 2026","4978","tests.cart","test_20_cart_recommended_products","","","","test_cart_recommended_products_with_item_success[client]",""
"skipped","Sat Apr 11 00:56:27 UTC 2026","Sat Apr 11 00:56:27 UTC 2026","0","tests.tickets","test_01_get_tickets","","","","test_get_tickets_success[filter2-sort1-search2-pagination1-partner]","Позитивный тест: получение списка тикетов с разными комбинациями параметров"
"passed","Sat Apr 11 01:53:59 UTC 2026","Sat Apr 11 01:54:00 UTC 2026","788","tests.account","test_0_profile","","","","test_get_profile_contains_updated_utc_offset_after_update[admin]",""
"skipped","Sat Apr 11 01:42:25 UTC 2026","Sat Apr 11 01:42:25 UTC 2026","0","tests.admin_panel","test_accrue_gold_pro_gift","","","","test_accrue_gold_pro_gift_invalid_payload[payload2-400]",""
"passed","Sat Apr 11 01:28:27 UTC 2026","Sat Apr 11 01:28:29 UTC 2026","1978","tests.admin_panel.items","test_update_item","","","","test_update_item_invalid_payload[payload1-expected_code1]","Негативный тест: обновление item с невалидным или неполным телом запроса."
"skipped","Sat Apr 11 01:44:18 UTC 2026","Sat Apr 11 01:44:18 UTC 2026","593","tests.account","test_post_downgrade_user","","","","test_downgrade_validation_errors[bad_payload3-admin]","
    Валидация: битый payload → 400/422.
    "
"passed","Sat Apr 11 01:01:01 UTC 2026","Sat Apr 11 01:01:05 UTC 2026","4084","tests.cart","test_12_cart_estimate_delivery","","","","test_estimate_delivery_success[client-cdek-payload9]","
    Позитив: корзина с товаром, выбор способа доставки и расчёт стоимости для разных служб
    "
"passed","Sat Apr 11 02:01:54 UTC 2026","Sat Apr 11 02:01:57 UTC 2026","2468","tests.stock","test_stock_free_delivery","","","","test_stock_get_contains_is_free_delivery_flag","
    Через 1С создаём склад с is_free_delivery_enabled=True → /stock/get должен вернуть этот флаг
    "
"skipped","Sat Apr 11 01:07:25 UTC 2026","Sat Apr 11 01:07:25 UTC 2026","0","tests.PROJECT_EDUCATION.orders","test_post_orders","","","","test_post_orders_invalid_payload__400_422[payload5]","Негатив: невалидный body"
"skipped","Sat Apr 11 01:04:19 UTC 2026","Sat Apr 11 01:04:19 UTC 2026","0","tests.account","test_0_marathon","","","","test_create_product_brand_invalid_payload[params6-400-partner]",""
"passed","Sat Apr 11 01:09:18 UTC 2026","Sat Apr 11 01:09:20 UTC 2026","1547","tests.cart","test_20_cart_recommended_products","","","","test_cart_recommended_products_country_only_cart_no_500[client]","
    Корзина инициализирована только страной через update_location,
    без явного save_city
    "
"passed","Sat Apr 11 01:49:01 UTC 2026","Sat Apr 11 01:49:03 UTC 2026","1583","tests.admin_panel.promo","test_75_delete_promotion_by_id","","","","test_delete_promotion_forbidden[partner]","Негативный тест: попытка удаления акции не-админом."
"passed","Sat Apr 11 00:51:17 UTC 2026","Sat Apr 11 00:51:19 UTC 2026","2143","tests.tickets","test_04_create_ticket","","","","test_create_ticket_success[client-attachments1-QuestionsAboutTheWorkOfTheStructureAndMentors]","Позитивный тест: создание тикета с разными темами и вложениями для клиента, партнера и админа"
"skipped","Sat Apr 11 01:26:25 UTC 2026","Sat Apr 11 01:26:25 UTC 2026","0","tests.PROJECT_EDUCATION.test_system","test_03_user_answers","","","","test_user_answers_invalid_payload__400_or_422[payload4]",""
"passed","Sat Apr 11 01:19:59 UTC 2026","Sat Apr 11 01:20:02 UTC 2026","2991","tests.admin_panel.items","test_create_item_translation","","","","test_create_item_translation_forbidden[partner]","Негативный тест: создание перевода не-админом запрещено."
"passed","Sat Apr 11 01:40:20 UTC 2026","Sat Apr 11 01:40:21 UTC 2026","680","tests.cart","test_09_cart_save_region","","","","test_save_region_by_id_success[client]","Позитив: сохранение региона по region_id"
"skipped","Sat Apr 11 00:49:33 UTC 2026","Sat Apr 11 00:49:34 UTC 2026","906","tests.one_c","test_cart_calculate_full_coverage","","","","test_payment_invalid_uuid[None]",""
"skipped","Sat Apr 11 00:56:27 UTC 2026","Sat Apr 11 00:56:27 UTC 2026","0","tests.tickets","test_01_get_tickets","","","","test_get_tickets_success[filter1-sort0-search1-pagination1-client]","Позитивный тест: получение списка тикетов с разными комбинациями параметров"
"passed","Sat Apr 11 01:20:22 UTC 2026","Sat Apr 11 01:20:24 UTC 2026","1406","tests.admin_panel.products","test_44_upload_product_brand_images","","","","test_upload_product_brand_images_formats[invalid.txt-text/plain-400]","Проверка загрузки изображений бренда в разных форматах: негативные и позитивные кейсы."
"failed","Sat Apr 11 01:57:07 UTC 2026","Sat Apr 11 01:57:08 UTC 2026","600","tests.auth","test_05_logout","","","","test_logout_success[partner]","Тест разлогинивания с валидным токеном (клиент, партнёр, админ)"
"passed","Sat Apr 11 01:13:33 UTC 2026","Sat Apr 11 01:13:34 UTC 2026","853","tests.catalog","test_update_admin_product","","","","test_update_admin_product_invalid_id[9999999]",""
"passed","Sat Apr 11 01:39:35 UTC 2026","Sat Apr 11 01:39:36 UTC 2026","799","tests.admin_panel.products","test_41_get_product_brand_by_id","","","","test_get_product_brand_invalid_id[]","Негативный тест: получение бренда по невалидному ID"
"passed","Sat Apr 11 01:54:16 UTC 2026","Sat Apr 11 01:54:17 UTC 2026","832","tests.admin_panel","test_02_support_users_list","","","","test_invalid_paging_returns_400_for_admin[page=0&page_size=-10]","
    Некорректные значения page/page_size
    "
"passed","Sat Apr 11 01:36:08 UTC 2026","Sat Apr 11 01:36:09 UTC 2026","838","tests.admin_panel.categories","test_56_v2_create_category","","","","test_v2_create_category_invalid_payload[payload3-400]","Негативный тест: создание категории с невалидным телом запроса."
"skipped","Sat Apr 11 01:56:01 UTC 2026","Sat Apr 11 01:56:01 UTC 2026","0","tests.stock","test_update_stock","","","","test_update_stock_invalid_id[9999999]",""
"passed","Sat Apr 11 01:54:22 UTC 2026","Sat Apr 11 01:54:27 UTC 2026","4691","tests.admin_panel.products","test_03_recommended_products_delete","","","","test_remove_recommendation_success","Успешное удаление рекомендованного товара."
"passed","Sat Apr 11 00:55:29 UTC 2026","Sat Apr 11 00:55:31 UTC 2026","2103","tests.tickets","test_04_create_ticket","","","","test_create_ticket_success[admin-attachments2-QuestionsAboutOrders]","Позитивный тест: создание тикета с разными темами и вложениями для клиента, партнера и админа"
"passed","Sat Apr 11 01:28:31 UTC 2026","Sat Apr 11 01:28:33 UTC 2026","1995","tests.admin_panel.items","test_update_item","","","","test_update_item_invalid_payload[payload2-expected_code2]","Негативный тест: обновление item с невалидным или неполным телом запроса."
"skipped","Sat Apr 11 01:57:05 UTC 2026","Sat Apr 11 01:57:05 UTC 2026","0","tests.auth","test_04_refresh","","","","test_refresh_token_success[admin]","Тест успешного обновления токена через refresh-токен."
"passed","Sat Apr 11 01:22:01 UTC 2026","Sat Apr 11 01:22:02 UTC 2026","625","tests.delivery","test_get_delivery_countries","","","","test_get_delivery_countries_success[available-partner]","Позитив: успешное получение списка стран с разными значениями ?from=."
"passed","Sat Apr 11 01:19:07 UTC 2026","Sat Apr 11 01:19:09 UTC 2026","1990","tests.admin_panel.categories","test_80_create_category_translation","","","","test_create_category_translation_forbidden[partner]","Негативный тест: создание перевода не-админом запрещено."
"passed","Sat Apr 11 00:59:16 UTC 2026","Sat Apr 11 00:59:19 UTC 2026","2267","tests.cart","test_01_user_locale","","","","test_update_user_locale_invalid_payload[partner-payload2]",""
"skipped","Sat Apr 11 01:55:43 UTC 2026","Sat Apr 11 01:55:46 UTC 2026","3041","tests.catalog","test_products_list","","","","test_get_products_list_invalid_country_id[abc]","
    Негативный: некорректный country_id в query
    "
"skipped","Sat Apr 11 01:51:08 UTC 2026","Sat Apr 11 01:51:08 UTC 2026","0","tests.admin_panel.products","test_01_delete_product_group","","","","test_delete_product_group_invalid_id[abc]","Негативный тест: удаление несуществующей или некорректной продукт группы."
"passed","Sat Apr 11 01:46:13 UTC 2026","Sat Apr 11 01:46:13 UTC 2026","575","tests.catalog","test_product_get_by_slug","","","","test_get_product_by_slug_missing_slug[client]","
    Негативный: slug вообще не передаём (/product без /{slug})
    "
"skipped","Sat Apr 11 01:54:00 UTC 2026","Sat Apr 11 01:54:00 UTC 2026","0","tests.account","test_update","","","","test_update_account_positive[partner-payload1]","Позитивные тесты на обновление данных аккаунта"
"passed","Sat Apr 11 00:49:14 UTC 2026","Sat Apr 11 00:49:15 UTC 2026","984","tests.one_c","test_cart_calculate_full_coverage","","","","test_packaging_missing_fields[size_1c]",""
"skipped","Sat Apr 11 01:57:19 UTC 2026","Sat Apr 11 01:57:19 UTC 2026","0","tests.cart","test_exclusive_preorder_cart_update","","","","test_cart_update_checks_quantity_after_permission_400[client]","
    Позитив+негатив
      - permission remaining_quantity=1
      - quantity=1 -> 200
      - quantity=2 -> 400
    "
"skipped","Sat Apr 11 00:56:27 UTC 2026","Sat Apr 11 00:56:27 UTC 2026","0","tests.tickets","test_01_get_tickets","","","","test_get_tickets_success[filter0-sort1-search2-pagination1-admin]","Позитивный тест: получение списка тикетов с разными комбинациями параметров"
"passed","Sat Apr 11 00:49:39 UTC 2026","Sat Apr 11 00:49:40 UTC 2026","899","tests.one_c","test_cart_calculate_full_coverage","","","","test_payment_missing_fields[total]",""
"passed","Sat Apr 11 01:59:47 UTC 2026","Sat Apr 11 01:59:48 UTC 2026","603","tests.account","test_0_top_partners_top_recruiters","","","","test_get_top_partners_top_recruiters_positive[partner]","Позитивные тесты на получение топ-партнеров по количеству активных партнеров"
"passed","Sat Apr 11 01:40:26 UTC 2026","Sat Apr 11 01:40:27 UTC 2026","662","tests.cart","test_14_cart_update_personal_data","","","","test_update_personal_data_success[client-payload0]","
    Позитив: обновление персональных данных
    "
"skipped","Sat Apr 11 01:05:28 UTC 2026","Sat Apr 11 01:05:28 UTC 2026","0","tests.admin_panel.categories","test_50_upload_category_images","","","","test_upload_category_images_forbidden[client]","Негативный тест: неадмин не может загрузить изображения категории."
"passed","Sat Apr 11 01:45:37 UTC 2026","Sat Apr 11 01:45:38 UTC 2026","854","tests.admin_panel.promo","test_76_get_promotion_items","","","","test_get_promotion_item_invalid_id[1.5-1.5]","Негативный тест: получение элемента с невалидным ID"
"failed","Sat Apr 11 01:59:39 UTC 2026","Sat Apr 11 01:59:39 UTC 2026","590","tests.account","test_0_referral_links","","","","test_get_referral_links_positive[partner-200]","Позитивные тесты на получение реферальных ссылок"
"passed","Sat Apr 11 01:35:00 UTC 2026","Sat Apr 11 01:35:00 UTC 2026","915","tests.reviews","test_reviews_list_post","","","","test_reviews_list_access_allowed_for_client_and_partner[authorize_client]",""
"skipped","Sat Apr 11 00:56:27 UTC 2026","Sat Apr 11 00:56:27 UTC 2026","0","tests.tickets","test_01_get_tickets","","","","test_get_tickets_success[filter1-sort1-search1-pagination0-admin]","Позитивный тест: получение списка тикетов с разными комбинациями параметров"
"skipped","Sat Apr 11 01:40:44 UTC 2026","Sat Apr 11 01:40:44 UTC 2026","0","tests.chat_support","test_01_support_chat_messages_post","","","","test_create_message_wrong_field_types_returns_400[client-payload1]","
    Негатив: неверные типы полей → 400
    "
"passed","Sat Apr 11 00:48:20 UTC 2026","Sat Apr 11 00:48:20 UTC 2026","615","tests.one_c","test_cart_calculate_full_coverage","","","","test_invalid_top_types[free_delivery-true]",""
"failed","Sat Apr 11 01:56:48 UTC 2026","Sat Apr 11 01:56:49 UTC 2026","593","tests.admin_panel.sliders","test_51_get_sliders","","","","test_get_sliders_forbidden[client]","Негативный тест: получение списка слайдеров не админом"
"skipped","Sat Apr 11 00:49:34 UTC 2026","Sat Apr 11 00:49:35 UTC 2026","945","tests.one_c","test_cart_calculate_full_coverage","","","","test_payment_invalid_uuid[aaaaaaaaaaaaaaaaaaaaaaaaaaaa]",""
"passed","Sat Apr 11 01:49:05 UTC 2026","Sat Apr 11 01:49:05 UTC 2026","819","tests.admin_panel.promo","test_75_delete_promotion_by_id","","","","test_delete_promotion_invalid_id[9999999]","Негативный тест: удаление несуществующей или некорректной акции."
"skipped","Sat Apr 11 02:00:07 UTC 2026","Sat Apr 11 02:00:07 UTC 2026","0","tests.chat_support","test_02_support_chat_messages_get","","","","test_get_support_chat_messages_pagination_moves_forward[client]","
    Позитив: при увеличении page номера сообщения не повторяются полностью
    Создаём 5 сообщений, затем сравниваем наборы uuid на page=0 и page=1.
    "
"passed","Sat Apr 11 01:59:21 UTC 2026","Sat Apr 11 01:59:21 UTC 2026","571","tests.reviews","test_reviews_export_post","","","","test_reviews_export_requires_auth_unauthorized",""
"passed","Sat Apr 11 01:29:22 UTC 2026","Sat Apr 11 01:29:23 UTC 2026","613","tests.cart","test_10_cart_save_city","","","","test_save_city_invalid_payload[partner-payload1]","Негатив: невалидный payload."
"passed","Sat Apr 11 01:20:17 UTC 2026","Sat Apr 11 01:20:17 UTC 2026","613","tests.admin_panel.products","test_44_upload_product_brand_images","","","","test_upload_product_brand_images_forbidden[client]","Негативный тест: неадмин не может загрузить изображения."
"passed","Sat Apr 11 01:48:13 UTC 2026","Sat Apr 11 01:48:15 UTC 2026","2192","tests.admin_panel.categories","test_81_delete_category_translation","","","","test_delete_category_translation_forbidden[client]","Негативный тест: удаление перевода не-админом запрещено."
"skipped","Sat Apr 11 00:56:27 UTC 2026","Sat Apr 11 00:56:27 UTC 2026","0","tests.tickets","test_01_get_tickets","","","","test_get_tickets_success[filter2-sort0-search2-pagination1-partner]","Позитивный тест: получение списка тикетов с разными комбинациями параметров"
"passed","Sat Apr 11 01:49:29 UTC 2026","Sat Apr 11 01:49:30 UTC 2026","836","tests.admin_panel.slides","test_60_delete_slides","","","","test_delete_slide_invalid_id[9999999]","Негативный тест: удаление несуществующего или некорректного слайда"
"failed","Sat Apr 11 01:36:50 UTC 2026","Sat Apr 11 01:36:51 UTC 2026","987","tests.catalog","test_get_recommended_products","","","","test_get_recommended_products_global_stock_id_0_success_and_equivalent","
    stock_id=0 должен быть эквивалентен отсутствию stock_id
    "
"passed","Sat Apr 11 00:48:52 UTC 2026","Sat Apr 11 00:48:53 UTC 2026","977","tests.one_c","test_cart_calculate_full_coverage","","","","test_products_various_qty[10]",""
"passed","Sat Apr 11 01:39:03 UTC 2026","Sat Apr 11 01:39:04 UTC 2026","804","tests.admin_panel","test_partner_accrual_details_main_bonus","","","","test_main_bonus_details_invalid_query_params[query1-expected_codes1]","
    Негатив: валидация query-параметров main-bonus
    "
"skipped","Sat Apr 11 01:50:23 UTC 2026","Sat Apr 11 01:50:23 UTC 2026","0","tests.orders","test_group_order_confirm","","","","test_group_order_confirm_twice_should_return_4xx[partner]",""
"passed","Sat Apr 11 01:25:00 UTC 2026","Sat Apr 11 01:25:01 UTC 2026","1302","tests.admin_panel.categories","test_57_v2_update_category","","","","test_v2_update_category_success","Позитивный тест: успешное обновление категории (все поля)."
"skipped","Sat Apr 11 01:04:19 UTC 2026","Sat Apr 11 01:04:19 UTC 2026","0","tests.account","test_account_branded_wallet_get","","","","test_get_without_image_returns_null_url[partner]","
    Позитив: за произвольный (будущий) период нет изображения → image_url == null
    "
"passed","Sat Apr 11 01:32:03 UTC 2026","Sat Apr 11 01:32:03 UTC 2026","589","tests.delivery","test_get_cdek_offices","","","","test_get_cdek_offices_invalid_city_id_should_fail[bad_city_id8-admin]",""
"passed","Sat Apr 11 01:48:05 UTC 2026","Sat Apr 11 01:48:05 UTC 2026","782","tests.admin_panel.categories","test_49_delete_category","","","","test_delete_category_invalid_id[-1]","Негативный тест: удаление несуществующей или некорректной категории."
"passed","Sat Apr 11 00:49:19 UTC 2026","Sat Apr 11 00:49:20 UTC 2026","965","tests.one_c","test_cart_calculate_full_coverage","","","","test_packaging_missing_fields[width]",""
"passed","Sat Apr 11 00:59:10 UTC 2026","Sat Apr 11 00:59:12 UTC 2026","2231","tests.cart","test_01_user_locale","","","","test_update_user_locale_invalid_payload[partner-payload0]",""
"skipped","Sat Apr 11 01:41:51 UTC 2026","Sat Apr 11 01:41:51 UTC 2026","0","tests.PROJECT_EDUCATION.test_system","test_06_get_result","","","","test_get_result_unauthorized__401_or_404",""
"skipped","Sat Apr 11 01:04:19 UTC 2026","Sat Apr 11 01:04:19 UTC 2026","0","tests.account","test_account_branded_wallet_get","","","","test_get_future_month_same_year_should_be_400[partner]","
    В будущем период - 400
    "
"failed","Sat Apr 11 02:00:04 UTC 2026","Sat Apr 11 02:00:04 UTC 2026","616","tests.cart","test_25_cart_sync_delivery_country_on_profile_update","","","","test_cart_update_user_country_non_russia_syncs_delivery_country[partner]","
    Если пользователь выбирает страну ≠ РФ,
    страна доставки в активной корзине должна автоматически стать такой же
    "
"passed","Sat Apr 11 01:42:06 UTC 2026","Sat Apr 11 01:42:07 UTC 2026","806","tests.admin_panel","test_03_support_delete_user","","","","test_invalid_id_returns_client_error[1.23]","
    Кривой/отсутствующий id в path:
    ожидаем клиентскую ошибку (400/404/405), а не 5xx.
    "
"passed","Sat Apr 11 02:01:02 UTC 2026","Sat Apr 11 02:01:16 UTC 2026","13697","tests.integration","test_order_courier_ru","","","","test_order_courier_ru[CDEK]",""
"skipped","Sat Apr 11 01:41:18 UTC 2026","Sat Apr 11 01:41:19 UTC 2026","797","tests.reviews","test_reviews_update_post","","","","test_reviews_update_boundary[sender_name--400]",""
"skipped","Sat Apr 11 01:54:00 UTC 2026","Sat Apr 11 01:54:00 UTC 2026","0","tests.account","test_family_agreement_create_three","","","","test_create_family_agreement_three_positive[partner-payload1]","Позитивные тесты на создание семейного соглашения при аннулировании второго партнера"
"failed","Sat Apr 11 01:59:02 UTC 2026","Sat Apr 11 01:59:02 UTC 2026","612","tests.orders","test_group_order_join_out_of_stock","","","","test_group_order_change_without_new_group_order_id_validation[partner]","
    /orders/group_order/change требует new_group_order_id
    "
"passed","Sat Apr 11 01:26:34 UTC 2026","Sat Apr 11 01:26:36 UTC 2026","1587","tests.account","test_account_branded_wallet_upload","","","","test_upload_success[valid_jpg.jpg-partner]","Позитив: валидное изображение (PNG/JPG) → 200 + корректная схема"
"passed","Sat Apr 11 00:56:36 UTC 2026","Sat Apr 11 00:56:37 UTC 2026","589","tests.tickets","test_01_get_tickets","","","","test_get_tickets_invalid_filter[invalid_filter2-400-client]","Негативный тест: передаем некорректные параметры фильтрации"
"passed","Sat Apr 11 01:53:04 UTC 2026","Sat Apr 11 01:53:04 UTC 2026","597","tests.delivery","test_get_georgian_post_pickup_points","","","","test_get_georgian_post_pickup_points_missing_city_id_should_fail[admin]","Негатив: отсутствует обязательный query-параметр city_id → 400/422."
"passed","Sat Apr 11 01:05:29 UTC 2026","Sat Apr 11 01:05:29 UTC 2026","247","tests.cart","test_update_location","","","","test_update_location_country_only",""
"passed","Sat Apr 11 01:54:15 UTC 2026","Sat Apr 11 01:54:16 UTC 2026","818","tests.admin_panel","test_02_support_users_list","","","","test_invalid_paging_returns_400_for_admin[page=abc&page_size=20]","
    Некорректные значения page/page_size
    "
"skipped","Sat Apr 11 01:54:00 UTC 2026","Sat Apr 11 01:54:00 UTC 2026","0","tests.account","test_update","","","","test_update_account_positive[partner-payload0]","Позитивные тесты на обновление данных аккаунта"
"skipped","Sat Apr 11 01:41:51 UTC 2026","Sat Apr 11 01:41:51 UTC 2026","0","tests.PROJECT_EDUCATION.test_system","test_06_get_result","","","","test_get_result_invalid_id__400_or_404[0]",""
"passed","Sat Apr 11 01:22:56 UTC 2026","Sat Apr 11 01:22:58 UTC 2026","1308","tests.admin_panel.products","test_42_update_product_brand","","","","test_update_product_brand_invalid_payload[payload8-422]","Негативный тест: обновление бренда с невалидным или неполным телом запроса."
"passed","Sat Apr 11 01:29:42 UTC 2026","Sat Apr 11 01:29:43 UTC 2026","1104","tests.reviews","test_reviews_create_post","","","","test_reviews_create_happy_path_admin",""
"passed","Sat Apr 11 01:12:19 UTC 2026","Sat Apr 11 01:12:20 UTC 2026","579","tests.delivery","test_get_cities_v2","","","","test_get_cities_v2_invalid_country_id_should_fail[-admin]","
    Негатив: невалидные значения country_id → 400/422
    "
"failed","Sat Apr 11 01:59:04 UTC 2026","Sat Apr 11 01:59:05 UTC 2026","992","tests.orders","test_group_order_join_out_of_stock","","","","test_group_order_join_with_items_happy_path[partner]","
    join к group order возможен только:
    - через cart/save_delivery_method
    - при наличии корзины
    - при наличии товаров
    "
"skipped","Sat Apr 11 01:04:19 UTC 2026","Sat Apr 11 01:04:19 UTC 2026","0","tests.account","test_0_marathon","","","","test_create_product_brand_invalid_payload[params3-400-partner]",""
"passed","Sat Apr 11 00:56:39 UTC 2026","Sat Apr 11 00:56:40 UTC 2026","618","tests.stock","test_create_stock","","","","test_create_stock_unauthorized",""
"passed","Sat Apr 11 00:49:29 UTC 2026","Sat Apr 11 00:49:29 UTC 2026","595","tests.one_c","test_cart_calculate_full_coverage","","","","test_payment_invalid_types[is_bonus-true]",""
"passed","Sat Apr 11 01:48:41 UTC 2026","Sat Apr 11 01:48:42 UTC 2026","838","tests.admin_panel.items","test_delete_item_translation","","","","test_delete_item_translation_invalid_id[0]","Негативный тест: удаление перевода с невалидным или несуществующим ID item."
"skipped","Sat Apr 11 01:04:19 UTC 2026","Sat Apr 11 01:04:19 UTC 2026","0","tests.account","test_account_branded_wallet_get","","","","test_get_invalid_period_returns_422[period1-partner]","
    Негатив: невалидные month/year → 422.
    "
"skipped","Sat Apr 11 01:04:19 UTC 2026","Sat Apr 11 01:04:19 UTC 2026","0","tests.account","test_0_marathon","","","","test_get_marathon_is_purchased_negative[client-400]","Негативный кейс — проверяет приобретал ли аккаунт марафонский набор (все поля)"
"passed","Sat Apr 11 01:50:09 UTC 2026","Sat Apr 11 01:50:09 UTC 2026","619","tests.delivery","test_geo_suggest","","","","test_geo_suggest_invalid_query_400[client-too_short_len1]",""
"skipped","Sat Apr 11 01:44:12 UTC 2026","Sat Apr 11 01:44:12 UTC 2026","1","tests.PROJECT_EDUCATION.test_system","test_05_get_info","","","","test_get_info_unauthorized__401_or_404","Негатив: без авторизации -> 401/404"
"passed","Sat Apr 11 01:48:07 UTC 2026","Sat Apr 11 01:48:08 UTC 2026","859","tests.admin_panel.categories","test_49_delete_category","","","","test_delete_category_invalid_id[abc]","Негативный тест: удаление несуществующей или некорректной категории."
"passed","Sat Apr 11 01:42:48 UTC 2026","Sat Apr 11 01:42:52 UTC 2026","3987","tests.admin_panel.items","test_get_item_translation","","","","test_get_item_two_translations_success",""
"skipped","Sat Apr 11 01:52:57 UTC 2026","Sat Apr 11 01:52:58 UTC 2026","602","tests.delivery","test_get_europost_offices","","","","test_get_europost_offices_unauthorized",""
"passed","Sat Apr 11 01:51:54 UTC 2026","Sat Apr 11 01:51:55 UTC 2026","798","tests.admin_panel.slides","test_62_slides_get_upload_urls","","","","test_get_upload_urls_invalid_files[data1-400]","Негативный тест: пустой список файлов, отсутствие 'filenames' в теле запроса"
"skipped","Sat Apr 11 00:48:59 UTC 2026","Sat Apr 11 00:49:00 UTC 2026","592","tests.one_c","test_cart_calculate_full_coverage","","","","test_products_invalid_values[None-article]",""
"passed","Sat Apr 11 00:57:19 UTC 2026","Sat Apr 11 00:57:19 UTC 2026","587","tests.delivery","test_get_cities","","","","test_get_cities_success[admin]","
    Позитив: список городов по стране
    "
"skipped","Sat Apr 11 02:00:56 UTC 2026","Sat Apr 11 02:00:56 UTC 2026","0","tests.PROJECT_EDUCATION.orders","test_get_order_by_id","","","","test_get_order_by_id__authorized__contract",""
"passed","Sat Apr 11 01:16:03 UTC 2026","Sat Apr 11 01:16:04 UTC 2026","1186","tests.admin_panel.slides","test_57_create_slide","","","","test_create_slide_title_color_validation[123456-400]","Валидация поля title_color при создании слайда"
"passed","Sat Apr 11 01:03:21 UTC 2026","Sat Apr 11 01:03:22 UTC 2026","1299","tests.admin_panel.slides","test_59_update_slide","","","","test_update_slide_invalid_payload[payload4-expected_code4]","
    Негативный тест: обновление слайда с невалидным или неполным телом запроса
    "
"skipped","Sat Apr 11 00:56:27 UTC 2026","Sat Apr 11 00:56:27 UTC 2026","0","tests.tickets","test_01_get_tickets","","","","test_get_tickets_success[filter2-sort0-search1-pagination1-client]","Позитивный тест: получение списка тикетов с разными комбинациями параметров"
"skipped","Sat Apr 11 01:07:25 UTC 2026","Sat Apr 11 01:07:25 UTC 2026","0","tests.PROJECT_EDUCATION.orders","test_post_orders","","","","test_post_orders_invalid_payload__400_422[payload6]","Негатив: невалидный body"
"skipped","Sat Apr 11 01:42:25 UTC 2026","Sat Apr 11 01:42:25 UTC 2026","0","tests.admin_panel","test_accrue_gold_pro_gift","","","","test_accrue_gold_pro_gift_invalid_payload[payload3-400]",""
"passed","Sat Apr 11 00:56:52 UTC 2026","Sat Apr 11 00:56:53 UTC 2026","1033","tests.delivery","test_01_save_delivery_address","","","","test_save_address_positive_contract_and_cleanup[payload5-client]",""
"skipped","Sat Apr 11 01:04:19 UTC 2026","Sat Apr 11 01:04:19 UTC 2026","0","tests.account","test_0_marathon","","","","test_create_product_brand_invalid_payload[params0-400-admin]",""
"passed","Sat Apr 11 00:56:33 UTC 2026","Sat Apr 11 00:56:34 UTC 2026","615","tests.tickets","test_01_get_tickets","","","","test_get_tickets_invalid_search[invalid_search2-400-partner]","Негативный тест: передаем некорректные параметры поиска"
"skipped","Sat Apr 11 01:32:35 UTC 2026","Sat Apr 11 01:32:35 UTC 2026","572","tests.orders","test_group_order_change_country","","","","test_change_country_invalid_data[invalid_payload2-partner]","Негативные тесты: передача некорректных данных"
"passed","Sat Apr 11 01:22:39 UTC 2026","Sat Apr 11 01:22:40 UTC 2026","1259","tests.admin_panel.products","test_42_update_product_brand","","","","test_update_product_brand_invalid_payload[payload0-expected_code0]","Негативный тест: обновление бренда с невалидным или неполным телом запроса."
"passed","Sat Apr 11 00:55:23 UTC 2026","Sat Apr 11 00:55:25 UTC 2026","2013","tests.tickets","test_04_create_ticket","","","","test_create_ticket_success[admin-attachments2-QuestionsAboutPaymentsToIP]","Позитивный тест: создание тикета с разными темами и вложениями для клиента, партнера и админа"
"failed","Sat Apr 11 01:57:16 UTC 2026","Sat Apr 11 01:57:17 UTC 2026","604","tests.cart","test_17_cart_update_user_country","","","","test_update_user_country_success[partner]","Позитив: изменение страны пользователя в заказе"
"passed","Sat Apr 11 01:48:59 UTC 2026","Sat Apr 11 01:49:00 UTC 2026","1713","tests.admin_panel.promo","test_75_delete_promotion_by_id","","","","test_delete_promotion_forbidden[client]","Негативный тест: попытка удаления акции не-админом."
"skipped","Sat Apr 11 00:56:42 UTC 2026","Sat Apr 11 00:56:42 UTC 2026","0","tests.stock","test_create_stock","","","","test_create_stock_with_empty_string_log_if_not_200[city.region]",""
"passed","Sat Apr 11 01:36:10 UTC 2026","Sat Apr 11 01:36:11 UTC 2026","838","tests.admin_panel.categories","test_56_v2_create_category","","","","test_v2_create_category_invalid_payload[payload5-422]","Негативный тест: создание категории с невалидным телом запроса."
"passed","Sat Apr 11 01:50:11 UTC 2026","Sat Apr 11 01:50:12 UTC 2026","621","tests.delivery","test_mongpost_postcodes","","","","test_get_mongpost_postcodes_success[client]","Позитивный тест: успешное получение списка почтовых индексов монгольской почты"
"passed","Sat Apr 11 01:42:23 UTC 2026","Sat Apr 11 01:42:24 UTC 2026","785","tests.admin_panel","test_05_admin_support_users_token_revoke_all","","","","test_invalid_user_id_for_revoke_all_returns_client_error[1.23]",""
"skipped","Sat Apr 11 01:04:19 UTC 2026","Sat Apr 11 01:04:19 UTC 2026","0","tests.account","test_account_branded_wallet_get","","","","test_get_period_bad_types_400_or_422[period2-partner]","
    Негатив: некорректные типы month/year → 400/422
    "
"skipped","Sat Apr 11 01:38:50 UTC 2026","Sat Apr 11 01:38:51 UTC 2026","1660","tests.tickets","test_06_close_ticket","","","","test_close_tickets_negative[partner-None-400]","Негативные тесты: закрытие с некорректными данными"
"passed","Sat Apr 11 01:50:54 UTC 2026","Sat Apr 11 01:50:55 UTC 2026","605","tests.stock","test_get_stocks","","","","test_get_stocks_country_id_not_found[admin]","Проверка получения складов по несуществующему country_id"
"skipped","Sat Apr 11 01:56:13 UTC 2026","Sat Apr 11 01:56:13 UTC 2026","0","tests.admin_panel.periods","test_post_periods_by_date_interval","","","","test_post_periods_by_date_interval__empty_body_allows_200_or_400[admin]",""
"passed","Sat Apr 11 01:23:07 UTC 2026","Sat Apr 11 01:23:08 UTC 2026","827","tests.admin_panel.promo","test_72_create_promotion","","","","test_create_promotion_invalid_data[payload6-400]","Негативные тесты: невалидные данные"
"skipped","Sat Apr 11 02:01:53 UTC 2026","Sat Apr 11 02:01:53 UTC 2026","0","tests.sockets","test_ws_chat_basic","","","","test_ws_message_visible_only[partner]","
    Позитив: отправили по WS без tag_type → сообщение появилось в /support-chat/messages
    "
"passed","Sat Apr 11 01:15:19 UTC 2026","Sat Apr 11 01:15:27 UTC 2026","7495","tests.catalog","test_update_admin_product","","","","test_update_admin_product_invalid_payload[update_payload9-422]",""
"skipped","Sat Apr 11 02:00:07 UTC 2026","Sat Apr 11 02:00:07 UTC 2026","0","tests.for_test","test_cleanup_expired_tokens","","","","test_cleanup_expired_tokens_success_removes_only_expired[partner-2-admin]","
    Позитив:
      - вставляем 2 токена для user_id из settings (client/partner):
          * expired (expires_at < now)
          * valid   (expires_at > now)
      - вызываем POST /test/cleanup-expired-tokens
      - проверяем: expired удалён, valid остался
    "
"passed","Sat Apr 11 01:30:17 UTC 2026","Sat Apr 11 01:30:22 UTC 2026","4575","tests.cart","test_23_cart_calculate_delivery_flag","","","","test_update_cart_item_with_calculate_delivery_false[client]","
    Позитив: /cart/update с calculate_delivery=false
    Корзина обновляется, advance_costs не считаются
    "
"skipped","Sat Apr 11 01:54:00 UTC 2026","Sat Apr 11 01:54:00 UTC 2026","0","tests.account","test_pass_change","","","","test_change_password_positive[partner-payload1]","Позитивные тесты на изменение пароля"
"passed","Sat Apr 11 00:57:25 UTC 2026","Sat Apr 11 00:57:26 UTC 2026","587","tests.delivery","test_get_cities","","","","test_get_cities_invalid_page_should_fail[bad_page3-admin]","
    Негатив: невалидный page → 400/422
    "
"passed","Sat Apr 11 01:24:04 UTC 2026","Sat Apr 11 01:24:04 UTC 2026","615","tests.statistic","test_team_registrations","","","","test_get_team_registration_statistic_positive[payload3-admin]","Позитивный тест: получение статистики по регистрации команды с валидным телом запроса"
"passed","Sat Apr 11 00:49:51 UTC 2026","Sat Apr 11 00:49:52 UTC 2026","922","tests.one_c","test_cart_calculate_full_coverage","","","","test_bonus_info_missing_bonus_list_fields[bonus]",""
"passed","Sat Apr 11 00:48:52 UTC 2026","Sat Apr 11 00:48:52 UTC 2026","874","tests.one_c","test_cart_calculate_full_coverage","","","","test_products_various_qty[5]",""
"passed","Sat Apr 11 01:20:04 UTC 2026","Sat Apr 11 01:20:05 UTC 2026","800","tests.admin_panel.items","test_create_item_translation","","","","test_create_item_translation_invalid_payload[payload2-code2]","Негативный тест: создание перевода с невалидным payload."
"passed","Sat Apr 11 00:54:09 UTC 2026","Sat Apr 11 00:54:11 UTC 2026","1993","tests.tickets","test_04_create_ticket","","","","test_create_ticket_success[partner-attachments2-ReceivingProductsShortage]","Позитивный тест: создание тикета с разными темами и вложениями для клиента, партнера и админа"
"passed","Sat Apr 11 01:44:08 UTC 2026","Sat Apr 11 01:44:09 UTC 2026","791","tests.tickets","test_12_delete_message","","","","test_delete_ticket_message_negative[invalid-500]","Негативные тесты: удаление с некорректными данными"
"skipped","Sat Apr 11 01:46:15 UTC 2026","Sat Apr 11 01:46:15 UTC 2026","0","tests.fund","test_get_top_donors","","","","test_get_top_donors_success[end-https://dev.ewahelps.com/api]",""
"passed","Sat Apr 11 01:48:54 UTC 2026","Sat Apr 11 01:48:55 UTC 2026","827","tests.admin_panel.products","test_43_delete_product_brand","","","","test_delete_product_brand_invalid_id[abc]","Негативный тест: удаление несуществующего или некорректного бренда."
"passed","Sat Apr 11 01:24:03 UTC 2026","Sat Apr 11 01:24:04 UTC 2026","613","tests.statistic","test_team_registrations","","","","test_get_team_registration_statistic_positive[payload3-partner]","Позитивный тест: получение статистики по регистрации команды с валидным телом запроса"
"passed","Sat Apr 11 01:43:52 UTC 2026","Sat Apr 11 01:43:54 UTC 2026","2116","tests.tickets","test_12_delete_message","","","","test_delete_ticket_message_admin","Позитивный тест: админ удаляет своё сообщение в тикете"
"passed","Sat Apr 11 01:05:24 UTC 2026","Sat Apr 11 01:05:25 UTC 2026","998","tests.catalog","test_create_admin_product","","","","test_create_product_invalid_payload[payload9-422]",""
"skipped","Sat Apr 11 01:54:00 UTC 2026","Sat Apr 11 01:54:00 UTC 2026","1","tests.account","test_funds_transfer_list","","","","test_get_funds_transfer_list_positive[admin-payload0]","Позитивные тесты на получение истории переводов/выводов средств"
"skipped","Sat Apr 11 01:04:19 UTC 2026","Sat Apr 11 01:04:19 UTC 2026","0","tests.account","test_account_branded_wallet_get","","","","test_get_branded_wallet_unauthorized","
    Негатив: без авторизации → 401
    "
"passed","Sat Apr 11 01:36:44 UTC 2026","Sat Apr 11 01:36:45 UTC 2026","635","tests.auth","test_02_login","","","","test_client_login[client-valid-200]",""
"passed","Sat Apr 11 00:57:09 UTC 2026","Sat Apr 11 00:57:10 UTC 2026","609","tests.delivery","test_01_save_delivery_address","","","","test_save_address_invalid_types_should_fail[phone-None-client]",""
"passed","Sat Apr 11 01:49:19 UTC 2026","Sat Apr 11 01:49:20 UTC 2026","1878","tests.admin_panel.slides","test_60_delete_slides","","","","test_delete_slide_success","Позитивный тест: успешное удаление слайда"
"passed","Sat Apr 11 00:57:43 UTC 2026","Sat Apr 11 00:57:44 UTC 2026","788","tests.account","test_update_utc_offset","","","","test_update_utc_offset_trims_spaces[client]",""
"passed","Sat Apr 11 00:54:41 UTC 2026","Sat Apr 11 00:54:43 UTC 2026","2268","tests.tickets","test_04_create_ticket","","","","test_create_ticket_success[admin-attachments1-QuestionsAboutPaymentsToIP]","Позитивный тест: создание тикета с разными темами и вложениями для клиента, партнера и админа"
"skipped","Sat Apr 11 01:59:50 UTC 2026","Sat Apr 11 01:59:50 UTC 2026","0","tests.account","test_get_default_stock","","","","test_get_default_stock_positive[partner]","Позитивные тесты на получение дефолтного склада"
"skipped","Sat Apr 11 01:05:25 UTC 2026","Sat Apr 11 01:05:25 UTC 2026","0","tests.catalog","test_create_admin_product","","","","test_create_product_duplicate_slug[ka]",""
"passed","Sat Apr 11 01:36:30 UTC 2026","Sat Apr 11 01:36:31 UTC 2026","810","tests.admin_panel.slides","test_0_slides_sort","","","","test_slides_sort_invalid_id[abc]","Негативный тест: невалидный path parameter."
"skipped","Sat Apr 11 01:54:00 UTC 2026","Sat Apr 11 01:54:00 UTC 2026","0","tests.account","test_pass_change","","","","test_change_password_positive[admin-payload0]","Позитивные тесты на изменение пароля"
"passed","Sat Apr 11 01:39:51 UTC 2026","Sat Apr 11 01:39:52 UTC 2026","579","tests.admin_panel.promo","test_73_get_promotion_by_id","","","","test_get_promotions_unauthorized","Негативный тест: без авторизации"
"passed","Sat Apr 11 01:52:43 UTC 2026","Sat Apr 11 01:52:43 UTC 2026","590","tests.catalog","test_get_items_list_all","","","","test_get_items_list_all_unauthorized",""
"passed","Sat Apr 11 01:36:05 UTC 2026","Sat Apr 11 01:36:05 UTC 2026","645","tests.admin_panel.categories","test_56_v2_create_category","","","","test_v2_create_category_forbidden[partner]","Негативный тест: создание категории не-админом запрещено."
"passed","Sat Apr 11 01:50:12 UTC 2026","Sat Apr 11 01:50:13 UTC 2026","582","tests.delivery","test_mongpost_postcodes","","","","test_get_mongpost_postcodes_success[admin]","Позитивный тест: успешное получение списка почтовых индексов монгольской почты"
"passed","Sat Apr 11 01:08:51 UTC 2026","Sat Apr 11 01:08:52 UTC 2026","599","tests.cart","test_20_cart_recommended_products","","","","test_cart_recommended_products_wrong_method[partner]",""
"passed","Sat Apr 11 01:21:50 UTC 2026","Sat Apr 11 01:21:51 UTC 2026","579","tests.delivery","test_02_get_delivery_address","","","","test_history_invalid_pagination_should_fail[bad_body2-partner]","
    Негатив: валидация PaginationRequest
    "
"passed","Sat Apr 11 01:08:49 UTC 2026","Sat Apr 11 01:08:51 UTC 2026","1390","tests.admin_panel.sliders","test_54_update_slider","","","","test_update_slider_invalid_payload[payload12-422]","Негативный тест: обновление слайдера с невалидным или неполным телом запроса."
"passed","Sat Apr 11 01:37:15 UTC 2026","Sat Apr 11 01:37:16 UTC 2026","605","tests.one_c","test_stock_delivery_methods","","","","test_1c_stock_delivery_methods_bad_request_for_invalid_payload[body2]",""
"skipped","Sat Apr 11 00:56:42 UTC 2026","Sat Apr 11 00:56:42 UTC 2026","0","tests.stock","test_create_stock","","","","test_create_stock_with_empty_string_log_if_not_200[is_closed]",""
"skipped","Sat Apr 11 01:57:58 UTC 2026","Sat Apr 11 01:57:59 UTC 2026","783","tests.tickets","test_07_delete_ticket","","","","test_delete_tickets_negative[ticket_ids0-400]","Негативные тесты: удаление с некорректными данными"
"passed","Sat Apr 11 01:05:07 UTC 2026","Sat Apr 11 01:05:09 UTC 2026","1166","tests.catalog","test_create_admin_product","","","","test_create_admin_product_forbidden_for_non_admin[client]",""
"passed","Sat Apr 11 01:00:05 UTC 2026","Sat Apr 11 01:00:06 UTC 2026","751","tests.cart","test_02_get_delivery_cost","","","","test_get_delivery_cost_success_partial_payload[client-payload1-200]",""
"skipped","Sat Apr 11 01:07:25 UTC 2026","Sat Apr 11 01:07:25 UTC 2026","0","tests.PROJECT_EDUCATION.orders","test_post_orders","","","","test_post_orders_invalid_payload__400_422[payload7]","Негатив: невалидный body"
"skipped","Sat Apr 11 01:54:00 UTC 2026","Sat Apr 11 01:54:00 UTC 2026","0","tests.account","test_funds_transfer_send","","","","test_send_funds_transfer_positive[admin-payload0]","Позитивные тесты на перевод/вывод средств по visibleId"
"skipped","Sat Apr 11 01:05:28 UTC 2026","Sat Apr 11 01:05:28 UTC 2026","0","tests.admin_panel.categories","test_50_upload_category_images","","","","test_upload_only_single_image_field_should_not_fill_others[image_site-test_png.png-image/png-image_site]","Проверка: загрузка только одного из полей (icon, image, image_site) не должна заполнять другие."
"passed","Sat Apr 11 00:57:57 UTC 2026","Sat Apr 11 00:57:57 UTC 2026","802","tests.account","test_update_utc_offset","","","","test_update_utc_offset_required_field_validation[payload1]",""
"skipped","Sat Apr 11 01:40:44 UTC 2026","Sat Apr 11 01:40:44 UTC 2026","0","tests.chat_support","test_01_support_chat_messages_post","","","","test_create_message_without_tag_type_success_partner_client[partner]","
    Позитив: tag_type не обязателен
    "
"passed","Sat Apr 11 01:45:56 UTC 2026","Sat Apr 11 01:45:57 UTC 2026","608","tests.auth","test_01_check_version","","","","test_check_version[Android--400]","Тест проверяет API /check_version для разных платформ и версий."
"passed","Sat Apr 11 01:52:18 UTC 2026","Sat Apr 11 01:52:19 UTC 2026","1393","tests.admin_panel.users","test_delete_admin_users_exclusive_preorder_permissions","","","","test_delete_exclusive_preorder_permissions_validation_error_400[payload2]","
    Негатив: некорректный item_id
    "
"skipped","Sat Apr 11 02:02:00 UTC 2026","Sat Apr 11 02:02:00 UTC 2026","0","tests.PROJECT_EDUCATION.test_system","test_00_full_integration","","","","test_full_flow_test_system",""
"passed","Sat Apr 11 01:23:18 UTC 2026","Sat Apr 11 01:23:19 UTC 2026","628","tests.admin_panel.sliders","test_52_create_slider","","","","test_create_slider_forbidden[client]","Негативный тест: создание слайдера не-админом запрещено."
"failed","Sat Apr 11 01:52:33 UTC 2026","Sat Apr 11 01:52:34 UTC 2026","890","tests.cart","test_11_cart_save_delivery_method","","","","test_cart_save_delivery_method_invalid_payload_returns_400[payload0]",""
"skipped","Sat Apr 11 00:56:27 UTC 2026","Sat Apr 11 00:56:27 UTC 2026","0","tests.tickets","test_01_get_tickets","","","","test_get_tickets_success[filter2-sort0-search0-pagination0-admin]","Позитивный тест: получение списка тикетов с разными комбинациями параметров"
"passed","Sat Apr 11 01:36:16 UTC 2026","Sat Apr 11 01:36:17 UTC 2026","790","tests.admin_panel.minions","test_admin_add_lo","","","","test_post_admin_add_lo_negative_missing_required_fields[payload0]","
    Негативные сценарии: отсутствуют обязательные поля.
    "
"passed","Sat Apr 11 00:49:27 UTC 2026","Sat Apr 11 00:49:27 UTC 2026","612","tests.one_c","test_cart_calculate_full_coverage","","","","test_payment_invalid_types[total-100]",""
"passed","Sat Apr 11 01:32:21 UTC 2026","Sat Apr 11 01:32:21 UTC 2026","624","tests.delivery","test_get_emu_pickup_points","","","","test_get_emu_pickup_points_invalid_city_id_should_fail[bad_city_id8-admin]","Негатив: невалидные значения city_id → 400/422."
"skipped","Sat Apr 11 00:50:15 UTC 2026","Sat Apr 11 00:50:16 UTC 2026","919","tests.one_c","test_cart_calculate_full_coverage","","","","test_address_fields[street-aaaaaaaaaaaaaaaaaaaaaaaaaaaaaaaaaaaaaaaaaaaaaaaaaaaaaaaaaaaaaaaaaaaaaaaaaaaaaaaaaaaaaaaaaaaaaaaaaaaaaaaaaaaaaaaaaaaaaaaaaaaaaaaaaaaaaaaaaaaaaaaaaaaaaaaaaaaaaaaaaaaaaaaaaaaaaaaaaaaaaaaaaaaaaaaaaaaaaaaaaaaaaaaaaaaaaaaaaaaaaaaaaaaaaaaaaaaaaaaaaaaaaaaaaaaaaaaaaaaaaaaaaaaaaaaaaaaaaaaaaaaaaaaaaaaaaaaaaaaa]",""
"broken","Sat Apr 11 01:57:56 UTC 2026","Sat Apr 11 01:57:57 UTC 2026","608","tests.tickets","test_07_delete_ticket","","","","test_delete_ticket_not_admin[client]","Негативный тест: попытка удаления тикета клиентом, партнёром"
"passed","Sat Apr 11 01:30:16 UTC 2026","Sat Apr 11 01:30:17 UTC 2026","590","tests.account","test_get_account_exists","","","","test_get_account_exists_positive[params6-admin]","Нкгатив: невлидны id"
"skipped","Sat Apr 11 01:40:44 UTC 2026","Sat Apr 11 01:40:44 UTC 2026","0","tests.chat_support","test_01_support_chat_messages_post","","","","test_create_message_visible_in_messages_list[client]","
    Позитив: отправленное сообщение появляется в /support-chat/messages
    "
"passed","Sat Apr 11 01:12:18 UTC 2026","Sat Apr 11 01:12:19 UTC 2026","596","tests.delivery","test_get_cities_v2","","","","test_get_cities_v2_invalid_city_name_should_fail[\n-admin]","
    Негатив: city_name — строка, minLength=2
    "
"skipped","Sat Apr 11 01:04:19 UTC 2026","Sat Apr 11 01:04:19 UTC 2026","0","tests.account","test_account_branded_wallet_get","","","","test_get_period_bad_types_400_or_422[period0-partner]","
    Негатив: некорректные типы month/year → 400/422
    "
"passed","Sat Apr 11 01:06:53 UTC 2026","Sat Apr 11 01:06:54 UTC 2026","574","tests.one_c","test_free_delivery_to_regions_and_cities","","","","test_1c_free_delivery_bad_request_for_unknown_stock",""
"passed","Sat Apr 11 01:15:46 UTC 2026","Sat Apr 11 01:15:47 UTC 2026","853","tests.admin_panel.slides","test_57_create_slide","","","","test_create_slide_invalid_payload[payload2-422]","Негативные тесты: некорректные и неполные payload'ы"
"passed","Sat Apr 11 01:40:02 UTC 2026","Sat Apr 11 01:40:03 UTC 2026","848","tests.admin_panel.sliders","test_53_get_sliders_by_id","","","","test_get_sliders_invalid_id[]","Негативный тест: получение слайдера по невалидному ID"
"skipped","Sat Apr 11 00:49:43 UTC 2026","Sat Apr 11 00:49:44 UTC 2026","907","tests.one_c","test_cart_calculate_full_coverage","","","","test_bonus_info_invalid_numbers[bonus--1]",""
"skipped","Sat Apr 11 01:35:30 UTC 2026","Sat Apr 11 01:35:30 UTC 2026","0","tests.account","test_get_languages","","","","test_get_languages_success[client-123-400]","Возвращает список языков, доступных для перевода"
"passed","Sat Apr 11 00:54:25 UTC 2026","Sat Apr 11 00:54:27 UTC 2026","1201","tests.tickets","test_04_create_ticket","","","","test_create_ticket_success[admin-attachments0-QuestionsAboutTheMarriageContract]","Позитивный тест: создание тикета с разными темами и вложениями для клиента, партнера и админа"
"passed","Sat Apr 11 01:53:53 UTC 2026","Sat Apr 11 01:53:54 UTC 2026","849","tests.register","test_03_register_client","","","","test_register_client_negative[payload1-400]","Тест: негативные тесты для регистрации клиента вручную"
"passed","Sat Apr 11 01:19:33 UTC 2026","Sat Apr 11 01:19:37 UTC 2026","3180","tests.admin_panel.items","test_create_item_translation","","","","test_create_item_translation_success[mn]",""
"passed","Sat Apr 11 01:52:09 UTC 2026","Sat Apr 11 01:52:09 UTC 2026","788","tests.admin_panel.users","test_delete_admin_users_exclusive_preorder_permissions","","","","test_delete_exclusive_preorder_permissions_requires_admin[partner]","
    клиент/партнёр не могут удалять permission → 403
    "
"skipped","Sat Apr 11 01:44:12 UTC 2026","Sat Apr 11 01:44:12 UTC 2026","0","tests.PROJECT_EDUCATION.test_system","test_02_get_question","","","","test_get_question_invalid_id__400_or_404[abc]",""
"passed","Sat Apr 11 01:23:39 UTC 2026","Sat Apr 11 01:23:39 UTC 2026","613","tests.statistic","test_team_activations","","","","test_get_team_activation_statistic_positive[payload3-client]","Позитивный тест: получение статистики по активации команды с валидным телом запроса"
"passed","Sat Apr 11 01:06:30 UTC 2026","Sat Apr 11 01:06:32 UTC 2026","2743","tests.one_c","test_free_delivery_to_regions_and_cities","","","","test_1c_free_delivery_remove_from_all_regions_and_cities",""
"passed","Sat Apr 11 01:00:19 UTC 2026","Sat Apr 11 01:00:20 UTC 2026","583","tests.cart","test_02_get_delivery_cost","","","","test_get_delivery_cost_invalid_payload[partner-payload0]","Негатив: некорректные входные данные"
"skipped","Sat Apr 11 01:24:05 UTC 2026","Sat Apr 11 01:24:06 UTC 2026","625","tests.statistic","test_team_registrations","","","","test_get_team_registration_statistic_negative[payload0-partner]","Негативный тест: ошибка при получении статистики регистрации команды с невалидным телом запроса"
"passed","Sat Apr 11 01:29:17 UTC 2026","Sat Apr 11 01:29:18 UTC 2026","983","tests.cart","test_10_cart_save_city","","","","test_save_city_by_id_success[partner]","Позитив: сохранение города по city_id"
"passed","Sat Apr 11 01:40:21 UTC 2026","Sat Apr 11 01:40:22 UTC 2026","725","tests.cart","test_09_cart_save_region","","","","test_save_region_by_id_success[partner]","Позитив: сохранение региона по region_id"
"passed","Sat Apr 11 01:45:48 UTC 2026","Sat Apr 11 01:45:49 UTC 2026","880","tests.admin_panel.promo","test_78_delete_promotion_item","","","","test_delete_promotion_item_invalid_id[abc-abc]","Негативный тест: удаление элемента акции с невалидным ID продукта."
"passed","Sat Apr 11 00:48:33 UTC 2026","Sat Apr 11 00:48:34 UTC 2026","614","tests.one_c","test_cart_calculate_full_coverage","","","","test_invalid_top_types[date_paid-123]",""
"failed","Sat Apr 11 01:05:44 UTC 2026","Sat Apr 11 01:05:44 UTC 2026","926","tests.cart","test_update_location","","","","test_update_location_international_delivery_keeps_city_uz",""
"passed","Sat Apr 11 00:57:54 UTC 2026","Sat Apr 11 00:57:54 UTC 2026","769","tests.account","test_update_utc_offset","","","","test_update_utc_offset_valid_values[-00-expected3-partner]",""
"passed","Sat Apr 11 00:56:38 UTC 2026","Sat Apr 11 00:56:39 UTC 2026","612","tests.tickets","test_01_get_tickets","","","","test_get_tickets_invalid_filter[invalid_filter3-400-partner]","Негативный тест: передаем некорректные параметры фильтрации"
"skipped","Sat Apr 11 01:56:01 UTC 2026","Sat Apr 11 01:56:01 UTC 2026","0","tests.stock","test_update_stock","","","","test_update_stock_invalid_id[abc]",""
"failed","Sat Apr 11 01:58:16 UTC 2026","Sat Apr 11 01:58:17 UTC 2026","1139","tests.account","test_delete_cover_url","","","","test_delete_cover_full_payload[partner]",""
"passed","Sat Apr 11 01:10:16 UTC 2026","Sat Apr 11 01:10:23 UTC 2026","7108","tests.cart","test_free_delivery_by_rc_and_belts","","","","test_free_delivery_by_belts_contract[\u041d\u043e\u0432\u043e\u0441\u0438\u0431\u0438\u0440\u0441\u043a-client-zone_3-belt_cfg2]","
    КОНТРАКТ:
    - ручка работает
    - advance_costs может быть []
    - free может быть
    - платная доставка допустима
    "
"passed","Sat Apr 11 00:51:42 UTC 2026","Sat Apr 11 00:51:44 UTC 2026","2009","tests.tickets","test_04_create_ticket","","","","test_create_ticket_success[client-attachments2-QuestionsAboutPaymentsToIP]","Позитивный тест: создание тикета с разными темами и вложениями для клиента, партнера и админа"
"skipped","Sat Apr 11 01:35:30 UTC 2026","Sat Apr 11 01:35:30 UTC 2026","0","tests.account","test_get_languages","","","","test_get_languages_success[client-unknown-400]","Возвращает список языков, доступных для перевода"
"passed","Sat Apr 11 01:58:23 UTC 2026","Sat Apr 11 01:58:24 UTC 2026","577","tests.admin_panel.periods","test_get_approved_marketing_periods","","","","test_get_admin_approved_marketing_periods__unauthorized",""
"skipped","Sat Apr 11 00:56:27 UTC 2026","Sat Apr 11 00:56:27 UTC 2026","0","tests.tickets","test_01_get_tickets","","","","test_get_tickets_success[filter1-sort1-search0-pagination1-client]","Позитивный тест: получение списка тикетов с разными комбинациями параметров"
"passed","Sat Apr 11 01:53:22 UTC 2026","Sat Apr 11 01:53:23 UTC 2026","701","tests.delivery","test_get_rupost_offices","","","","test_get_rupost_offices_success[439930-admin]",""
"passed","Sat Apr 11 01:45:43 UTC 2026","Sat Apr 11 01:45:45 UTC 2026","2058","tests.admin_panel.promo","test_78_delete_promotion_item","","","","test_delete_promotion_item_forbidden[client]","Негативный тест: удаление элемента акции не-админом запрещено."
"skipped","Sat Apr 11 01:04:19 UTC 2026","Sat Apr 11 01:04:19 UTC 2026","0","tests.account","test_account_branded_wallet_get","","","","test_get_missing_params_returns_200[client]","
    Негатив: отсутствуют month/year → 200(берем теуще)
    "
"skipped","Sat Apr 11 00:56:42 UTC 2026","Sat Apr 11 00:56:42 UTC 2026","0","tests.stock","test_create_stock","","","","test_create_stock_with_empty_string_log_if_not_200[address.street]",""
"passed","Sat Apr 11 01:40:15 UTC 2026","Sat Apr 11 01:40:15 UTC 2026","817","tests.admin_panel.slides","test_58_get_slides_by_id","","","","test_get_slides_invalid_id[-1]","Негативный тест: невалидный ID в path-параметре"
"passed","Sat Apr 11 01:40:44 UTC 2026","Sat Apr 11 01:40:44 UTC 2026","806","tests.catalog","test_product_get_by_id","","","","test_get_product_by_id_unauthorized",""
"passed","Sat Apr 11 00:57:17 UTC 2026","Sat Apr 11 00:57:18 UTC 2026","625","tests.delivery","test_get_cities","","","","test_get_cities_success[client]","
    Позитив: список городов по стране
    "
"skipped","Sat Apr 11 01:23:53 UTC 2026","Sat Apr 11 01:23:54 UTC 2026","628","tests.statistic","test_team_go","","","","test_get_team_go_statistic_negative[payload0-client]","Негативный тест: ошибка при получении статистики по команде с невалидным телом запроса"
"failed","Sat Apr 11 01:55:14 UTC 2026","Sat Apr 11 01:55:14 UTC 2026","590","tests.cart","test_cart_update_duplicate_regression","","","","test_cart_update_same_item_twice_sequential_does_not_duplicate_line[client]",""
"passed","Sat Apr 11 01:15:41 UTC 2026","Sat Apr 11 01:15:42 UTC 2026","1436","tests.admin_panel.slides","test_57_create_slide","","","","test_create_slide_success","Позитивный тест: успешное создание слайда (все поля)"
"skipped","Sat Apr 11 01:44:12 UTC 2026","Sat Apr 11 01:44:12 UTC 2026","0","tests.PROJECT_EDUCATION.test_system","test_04_finish_test","","","","test_finish_test_invalid_id__400_or_404[None]",""
"passed","Sat Apr 11 00:48:22 UTC 2026","Sat Apr 11 00:48:22 UTC 2026","578","tests.one_c","test_cart_calculate_full_coverage","","","","test_invalid_top_types[recommended_stocks-540001]",""
"failed","Sat Apr 11 01:59:53 UTC 2026","Sat Apr 11 01:59:53 UTC 2026","572","tests.cart","test_05_cart_clear","","","","test_clear_cart_success[partner]","Позитив: успешная очистка корзины"
"passed","Sat Apr 11 01:54:58 UTC 2026","Sat Apr 11 01:55:06 UTC 2026","7391","tests.cart","test_07_cart_update_multi","","","","test_update_cart_items_multi_success[partner]","Позитив: массовое изменение позиций /cart/update_multi"
"passed","Sat Apr 11 01:40:16 UTC 2026","Sat Apr 11 01:40:17 UTC 2026","827","tests.admin_panel.slides","test_58_get_slides_by_id","","","","test_get_slides_invalid_id[None]","Негативный тест: невалидный ID в path-параметре"
"passed","Sat Apr 11 01:39:17 UTC 2026","Sat Apr 11 01:39:18 UTC 2026","847","tests.admin_panel.categories","test_47_get_categories_by_id","","","","test_get_categories_invalid_id[-1]","Негативный тест: получение категории по невалидному ID."
"skipped","Sat Apr 11 01:54:00 UTC 2026","Sat Apr 11 01:54:00 UTC 2026","0","tests.account","test_history_personal_volumes","","","","test_get_personal_volumes_history_positive[client-payload0]","Позитивные тесты на получение истории начисления личных объемов"
"passed","Sat Apr 11 01:25:08 UTC 2026","Sat Apr 11 01:25:10 UTC 2026","1686","tests.admin_panel.categories","test_57_v2_update_category","","","","test_v2_update_category_forbidden[partner]","Негативный тест: попытка обновления категории не-админом."
"passed","Sat Apr 11 01:09:09 UTC 2026","Sat Apr 11 01:09:10 UTC 2026","975","tests.cart","test_20_cart_recommended_products","","","","test_cart_recommended_products_invalid_cart_cookie_no_500[null-client]","
    невалидный cart_id в cookie
    "
"passed","Sat Apr 11 01:45:01 UTC 2026","Sat Apr 11 01:45:02 UTC 2026","646","tests.admin_panel.products","test_product_files_get_upload_urls","","","","test_get_upload_urls_unauthorized",""
"skipped","Sat Apr 11 01:07:25 UTC 2026","Sat Apr 11 01:07:25 UTC 2026","0","tests.PROJECT_EDUCATION.orders","test_post_orders","","","","test_post_orders_free_course__business_rule_error_if_enforced","
    Негатив: бесплатный курс (price=0) - заказ не нужен
    "
"passed","Sat Apr 11 01:31:46 UTC 2026","Sat Apr 11 01:31:47 UTC 2026","672","tests.delivery","test_get_boxberry_offices","","","","test_get_boxberry_offices_success[5-admin]",""
"passed","Sat Apr 11 01:35:47 UTC 2026","Sat Apr 11 01:35:48 UTC 2026","832","tests.admin_panel","test_01_support_create_user","","","","test_missing_user_id_returns_400","
    user_id — обязательное поле
    "
"passed","Sat Apr 11 01:19:42 UTC 2026","Sat Apr 11 01:19:45 UTC 2026","3350","tests.admin_panel.items","test_create_item_translation","","","","test_create_item_translation_success[ky]",""
"passed","Sat Apr 11 00:57:29 UTC 2026","Sat Apr 11 00:57:30 UTC 2026","582","tests.delivery","test_get_cities","","","","test_get_cities_invalid_page_size_should_fail[bad_page_size6-admin]","
    Негатив: невалидный page_size → 400/422
    "
"passed","Sat Apr 11 01:29:09 UTC 2026","Sat Apr 11 01:29:10 UTC 2026","1385","tests.admin_panel.users","test_post_admin_users_exclusive_preorder_permissions","","","","test_post_exclusive_preorder_permissions_validation_errors_400[payload7]","
    Негатив: некорректный payload
    "
"passed","Sat Apr 11 01:42:24 UTC 2026","Sat Apr 11 01:42:25 UTC 2026","842","tests.admin_panel","test_05_admin_support_users_token_revoke_all","","","","test_revoke_all_tokens_not_found","
    POST /admin/support-users/{id}/token/revoke-all — 404
    "
"passed","Sat Apr 11 01:25:10 UTC 2026","Sat Apr 11 01:25:10 UTC 2026","823","tests.admin_panel.categories","test_57_v2_update_category","","","","test_v2_update_category_invalid_id[-1]","Негативный тест: несуществующий или некорректный ID."
"skipped","Sat Apr 11 01:54:00 UTC 2026","Sat Apr 11 01:54:00 UTC 2026","0","tests.account","test_list_csv","","","","test_get_account_list_csv_positive[admin-payload1]","Позитивные тесты на выгрузку структуры партнеров в CSV"
"passed","Sat Apr 11 00:57:11 UTC 2026","Sat Apr 11 00:57:11 UTC 2026","593","tests.delivery","test_01_save_delivery_address","","","","test_save_address_invalid_types_should_fail[email-None-client]",""
"passed","Sat Apr 11 01:43:57 UTC 2026","Sat Apr 11 01:43:59 UTC 2026","1644","tests.tickets","test_12_delete_message","","","","test_delete_ticket_message_not_admin[partner]","Негативный тест: клиент/партнёр пытается удалить своё сообщение"
"passed","Sat Apr 11 01:20:40 UTC 2026","Sat Apr 11 01:20:44 UTC 2026","4382","tests.admin_panel.products","test_44_upload_product_brand_images","","","","test_upload_product_brand_images_various_fields[4.7-fields_to_send0-204]","Негативный тест. Загрузка слишком большого изображения."
"skipped","Sat Apr 11 01:30:01 UTC 2026","Sat Apr 11 01:30:02 UTC 2026","953","tests.reviews","test_reviews_create_post","","","","test_reviews_create_boundary_string_length[message--400]",""
"passed","Sat Apr 11 01:05:53 UTC 2026","Sat Apr 11 01:05:53 UTC 2026","186","tests.cart","test_update_location","","","","test_update_location_invalid_types[payload4]",""
"skipped","Sat Apr 11 01:32:36 UTC 2026","Sat Apr 11 01:32:36 UTC 2026","1","tests.orders","test_group_order_change_country","","","","test_change_country_not_found_or_forbidden[authorize_client-99999999-403]","Негативные тесты: изменение несуществующего заказа или без прав"
"passed","Sat Apr 11 01:18:09 UTC 2026","Sat Apr 11 01:18:10 UTC 2026","787","tests.catalog","test_create_admin_product_translation","","","","test_create_admin_product_translation_invalid_payload[payload4-400]","Негативные проверки на создание перевода с некорректным payload."
"passed","Sat Apr 11 01:00:42 UTC 2026","Sat Apr 11 01:00:46 UTC 2026","4069","tests.cart","test_12_cart_estimate_delivery","","","","test_estimate_delivery_success[client-kgpost-payload4]","
    Позитив: корзина с товаром, выбор способа доставки и расчёт стоимости для разных служб
    "
"passed","Sat Apr 11 01:59:40 UTC 2026","Sat Apr 11 01:59:42 UTC 2026","2376","tests.account","test_0_top_partners_client_service_v2","","","","test_get_top_partners_client_service_v2_positive[client]","Позитивные тесты на получение топ-партнеров по сумме ЛО клиентов"
"skipped","Sat Apr 11 01:39:23 UTC 2026","Sat Apr 11 01:39:23 UTC 2026","0","tests.admin_panel.products","test_01_create_product_group","","","","test_create_product_group_invalid_payload[payload1-400]",""
"passed","Sat Apr 11 01:53:52 UTC 2026","Sat Apr 11 01:53:52 UTC 2026","618","tests.register","test_03_register_client","","","","test_register_client_positive[admin-403]","Тест: позитивные тесты для регистрации клиента вручную"
"passed","Sat Apr 11 01:40:20 UTC 2026","Sat Apr 11 01:40:20 UTC 2026","617","tests.admin_panel.slides","test_58_get_slides_by_id","","","","test_get_slides_unauthorized","Негативный тест: попытка получения слайда без авторизации"
"passed","Sat Apr 11 00:53:23 UTC 2026","Sat Apr 11 00:53:25 UTC 2026","2189","tests.tickets","test_04_create_ticket","","","","test_create_ticket_success[partner-attachments1-ReceivingDefectiveProductsOrShortage]","Позитивный тест: создание тикета с разными темами и вложениями для клиента, партнера и админа"
"passed","Sat Apr 11 01:48:56 UTC 2026","Sat Apr 11 01:48:57 UTC 2026","1428","tests.admin_panel.promo","test_75_delete_promotion_by_id","","","","test_delete_promotion_success","Позитивный тест: успешное удаление акции."
"skipped","Sat Apr 11 01:59:50 UTC 2026","Sat Apr 11 01:59:50 UTC 2026","0","tests.account","test_get_default_stock","","","","test_get_default_stock_positive[client]","Позитивные тесты на получение дефолтного склада"
"passed","Sat Apr 11 01:36:54 UTC 2026","Sat Apr 11 01:36:55 UTC 2026","590","tests.catalog","test_get_recommended_products","","","","test_get_recommended_products_invalid_stock_id[   ]","
    Негативные значения stock_id
    "
"passed","Sat Apr 11 01:52:19 UTC 2026","Sat Apr 11 01:52:20 UTC 2026","1400","tests.admin_panel.users","test_delete_admin_users_exclusive_preorder_permissions","","","","test_delete_exclusive_preorder_permissions_validation_error_400[payload3]","
    Негатив: некорректный item_id
    "
"passed","Sat Apr 11 01:21:34 UTC 2026","Sat Apr 11 01:21:35 UTC 2026","808","tests.admin_panel.promo","test_77_create_promotion_item","","","","test_create_promotion_item_invalid_ids[None-None-404]",""
"passed","Sat Apr 11 01:39:02 UTC 2026","Sat Apr 11 01:39:03 UTC 2026","834","tests.admin_panel","test_partner_accrual_details_main_bonus","","","","test_main_bonus_details_invalid_query_params[query0-expected_codes0]","
    Негатив: валидация query-параметров main-bonus
    "
"passed","Sat Apr 11 01:08:27 UTC 2026","Sat Apr 11 01:08:28 UTC 2026","1248","tests.admin_panel.sliders","test_54_update_slider","","","","test_update_slider_invalid_payload[payload2-expected_code2]","Негативный тест: обновление слайдера с невалидным или неполным телом запроса."
"passed","Sat Apr 11 01:41:29 UTC 2026","Sat Apr 11 01:41:31 UTC 2026","1483","tests.tickets","test_02_get_ticket_by_id","","","","test_get_ticket_success[admin]","Позитивный тест: успешное получение тикета по ID для клиента, партнера и администратора."
"passed","Sat Apr 11 00:59:35 UTC 2026","Sat Apr 11 00:59:38 UTC 2026","2283","tests.cart","test_01_user_locale","","","","test_update_user_locale_invalid_language_enum[client-None]",""
"skipped","Sat Apr 11 01:57:19 UTC 2026","Sat Apr 11 01:57:19 UTC 2026","0","tests.cart","test_exclusive_preorder_cart_update_multi","","","","test_cart_update_multi_checks_quantity_after_permission_400[partner]",""
"passed","Sat Apr 11 01:30:16 UTC 2026","Sat Apr 11 01:30:16 UTC 2026","607","tests.account","test_get_account_exists","","","","test_get_account_exists_positive[params6-client]","Нкгатив: невлидны id"
"passed","Sat Apr 11 01:18:45 UTC 2026","Sat Apr 11 01:18:47 UTC 2026","2027","tests.admin_panel.categories","test_80_create_category_translation","","","","test_create_category_translation_success[de]","Позитивный тест: создание/обновление перевода категории для разных языков."
"failed","Sat Apr 11 01:56:15 UTC 2026","Sat Apr 11 01:56:15 UTC 2026","630","tests.admin_panel.periods","test_put_admin_dev_period_end_time","","","","test_put_admin_dev_period_end_time__forbidden[client]",""
"passed","Sat Apr 11 01:35:20 UTC 2026","Sat Apr 11 01:35:21 UTC 2026","1313","tests.account","test_add_cover_url","","","","test_add_cover_min_payload[client]",""
"passed","Sat Apr 11 01:29:44 UTC 2026","Sat Apr 11 01:29:45 UTC 2026","831","tests.reviews","test_reviews_create_post","","","","test_reviews_create_missing_required_field_returns_400[payload1]",""
"passed","Sat Apr 11 00:58:09 UTC 2026","Sat Apr 11 00:58:10 UTC 2026","811","tests.account","test_update_utc_offset","","","","test_update_utc_offset_invalid_types_rejected[bad_value3]",""
"passed","Sat Apr 11 01:09:18 UTC 2026","Sat Apr 11 01:09:18 UTC 2026","839","tests.cart","test_20_cart_recommended_products","","","","test_cart_recommended_products_nonexistent_cart_cookie_no_500[partner]","
    cart_id cookie указывает на несуществующую корзину
    "
"passed","Sat Apr 11 01:00:22 UTC 2026","Sat Apr 11 01:00:22 UTC 2026","614","tests.cart","test_02_get_delivery_cost","","","","test_get_delivery_cost_invalid_payload[partner-payload4]","Негатив: некорректные входные данные"
"passed","Sat Apr 11 01:23:58 UTC 2026","Sat Apr 11 01:23:58 UTC 2026","643","tests.statistic","test_team_registrations","","","","test_get_team_registration_statistic_positive[payload0-partner]","Позитивный тест: получение статистики по регистрации команды с валидным телом запроса"
"passed","Sat Apr 11 01:51:59 UTC 2026","Sat Apr 11 01:52:01 UTC 2026","1560","tests.admin_panel.slides","test_62_slides_update_video_url","","","","test_update_video_url_success","Позитивный тест: успешное обновление ссылки на видео мастер-файл.
    "
"passed","Sat Apr 11 01:22:04 UTC 2026","Sat Apr 11 01:22:04 UTC 2026","782","tests.delivery","test_get_delivery_countries","","","","test_get_delivery_countries_success[all-partner]","Позитив: успешное получение списка стран с разными значениями ?from=."
"skipped","Sat Apr 11 01:54:00 UTC 2026","Sat Apr 11 01:54:00 UTC 2026","0","tests.account","test_update","","","","test_update_account_positive[client-payload1]","Позитивные тесты на обновление данных аккаунта"
"passed","Sat Apr 11 01:50:16 UTC 2026","Sat Apr 11 01:50:17 UTC 2026","643","tests.orders","test_group_order_confirm","","","","test_group_order_confirm_validation_errors[payload0-partner]",""
"skipped","Sat Apr 11 01:04:19 UTC 2026","Sat Apr 11 01:04:19 UTC 2026","0","tests.account","test_account_branded_wallet_get","","","","test_get_past_year_should_be_200[client]","
    прошлый период. днные есть - 200
    "
"skipped","Sat Apr 11 01:05:28 UTC 2026","Sat Apr 11 01:05:28 UTC 2026","0","tests.admin_panel.categories","test_50_upload_category_images","","","","test_upload_category_images_file_too_large[4.7-fields_to_send6-204]","Негативный тест: загрузка слишком большого изображения."
"skipped","Sat Apr 11 01:44:12 UTC 2026","Sat Apr 11 01:44:12 UTC 2026","0","tests.PROJECT_EDUCATION.test_system","test_05_get_info","","","","test_get_info_invalid_id__400_or_404[1.5]","Негатив: невалидный id в path"
"passed","Sat Apr 11 01:50:31 UTC 2026","Sat Apr 11 01:50:33 UTC 2026","1294","tests.orders","test_group_order_v2_with_preorder_and_items","","","","test_group_order_v2_with_items_happy_path","
    item_ids передан корректно, with_preorder = false
    "
"passed","Sat Apr 11 01:46:38 UTC 2026","Sat Apr 11 01:46:39 UTC 2026","1175","tests.orders","test_group_order_join_roles_and_rejections","","","","test_group_order_join_group_order_not_found[authorize_partner]","
    Негатив: group_order_id не существует
    "
"skipped","Sat Apr 11 00:56:42 UTC 2026","Sat Apr 11 00:56:42 UTC 2026","0","tests.stock","test_create_stock","","","","test_create_stock_with_empty_string_log_if_not_200[address.postal_code]",""
"passed","Sat Apr 11 01:05:35 UTC 2026","Sat Apr 11 01:05:35 UTC 2026","212","tests.cart","test_update_location","","","","test_update_location_invalid_payload[payload0]",""
"passed","Sat Apr 11 01:37:28 UTC 2026","Sat Apr 11 01:37:29 UTC 2026","610","tests.orders","test_group_order_v2_create","","","","test_group_order_v2_invalid_payloads[partner-payload5]",""
"passed","Sat Apr 11 01:18:31 UTC 2026","Sat Apr 11 01:18:32 UTC 2026","622","tests.delivery","test_self_pickup_offices","","","","test_self_pickup_offices_invalid_params[partner-params3]","
    Негатив: невалидные параметры  = 400
    "
"skipped","Sat Apr 11 02:02:33 UTC 2026","Sat Apr 11 02:02:33 UTC 2026","0","tests.temporary","test_create_structure","","","","test_create_structure[case_name0-active_count0-active_lo0-passive_count0-passive_lo0]","
    Тест создания структуры
    "
"passed","Sat Apr 11 01:44:22 UTC 2026","Sat Apr 11 01:44:22 UTC 2026","574","tests.admin_panel","test_accrue_auto_bonus","","","","test_accrue_auto_bonus_unauthorized",""
"passed","Sat Apr 11 01:36:53 UTC 2026","Sat Apr 11 01:36:53 UTC 2026","614","tests.catalog","test_get_recommended_products","","","","test_get_recommended_products_invalid_stock_id[abc]","
    Негативные значения stock_id
    "
"skipped","Sat Apr 11 00:49:35 UTC 2026","Sat Apr 11 00:49:36 UTC 2026","931","tests.one_c","test_cart_calculate_full_coverage","","","","test_discount_more_than_total[100-200]",""
"failed","Sat Apr 11 01:52:46 UTC 2026","Sat Apr 11 01:52:47 UTC 2026","578","tests.delivery","test_get_cargo_offices","","","","test_get_cargo_offices_success[1-admin]",""
"skipped","Sat Apr 11 00:56:27 UTC 2026","Sat Apr 11 00:56:27 UTC 2026","0","tests.tickets","test_01_get_tickets","","","","test_get_tickets_success[filter1-sort0-search0-pagination0-admin]","Позитивный тест: получение списка тикетов с разными комбинациями параметров"
"passed","Sat Apr 11 01:01:24 UTC 2026","Sat Apr 11 01:01:27 UTC 2026","3661","tests.cart","test_12_cart_estimate_delivery","","","","test_estimate_delivery_success[partner-self_pickup-payload0]","
    Позитив: корзина с товаром, выбор способа доставки и расчёт стоимости для разных служб
    "
"passed","Sat Apr 11 01:32:02 UTC 2026","Sat Apr 11 01:32:03 UTC 2026","583","tests.delivery","test_get_cdek_offices","","","","test_get_cdek_offices_invalid_city_id_should_fail[bad_city_id7-admin]",""
"skipped","Sat Apr 11 01:46:15 UTC 2026","Sat Apr 11 01:46:15 UTC 2026","0","tests.fund","test_get_top_donors","","","","test_get_top_donors_success[start-https://dev.ewahelps.com/api]",""
"passed","Sat Apr 11 01:39:49 UTC 2026","Sat Apr 11 01:39:50 UTC 2026","810","tests.admin_panel.promo","test_73_get_promotion_by_id","","","","test_get_promotion_invalid_id[1.5]","Негативный тест: получение акции по невалидному ID"
"passed","Sat Apr 11 01:56:02 UTC 2026","Sat Apr 11 01:56:03 UTC 2026","598","tests.account","test_history_group_volumes_admin","","","","test_group_volumes_history_admin_happy_path_contract[2-20-admin]",""
"passed","Sat Apr 11 01:52:15 UTC 2026","Sat Apr 11 01:52:16 UTC 2026","1479","tests.admin_panel.users","test_delete_admin_users_exclusive_preorder_permissions","","","","test_delete_exclusive_preorder_permissions_validation_error_400[payload0]","
    Негатив: некорректный item_id
    "
"skipped","Sat Apr 11 01:54:10 UTC 2026","Sat Apr 11 01:54:10 UTC 2026","0","tests.account","test_update_default_stock","","","","test_update_default_stock_positive[client-payload0]","Позитивные тесты на изменение дефолтного склада"
"passed","Sat Apr 11 00:49:27 UTC 2026","Sat Apr 11 00:49:28 UTC 2026","608","tests.one_c","test_cart_calculate_full_coverage","","","","test_payment_invalid_types[discount_total-10]",""
"skipped","Sat Apr 11 01:32:31 UTC 2026","Sat Apr 11 01:32:32 UTC 2026","610","tests.orders","test_group_order_change_country","","","","test_change_country_invalid_data[invalid_payload0-partner]","Негативные тесты: передача некорректных данных"
"passed","Sat Apr 11 01:40:12 UTC 2026","Sat Apr 11 01:40:14 UTC 2026","2018","tests.admin_panel.slides","test_58_get_slides_by_id","","","","test_get_slides_by_id_forbidden[partner]","Негативный тест: попытка получения слайда по ID не-админом"
"skipped","Sat Apr 11 01:44:17 UTC 2026","Sat Apr 11 01:44:18 UTC 2026","580","tests.account","test_post_downgrade_user","","","","test_downgrade_validation_errors[bad_payload2-admin]","
    Валидация: битый payload → 400/422.
    "
"passed","Sat Apr 11 01:37:17 UTC 2026","Sat Apr 11 01:37:18 UTC 2026","591","tests.one_c","test_stock_delivery_methods","","","","test_1c_stock_delivery_methods_bad_request_for_unknown_stock",""
"passed","Sat Apr 11 00:56:02 UTC 2026","Sat Apr 11 00:56:03 UTC 2026","572","tests.tickets","test_04_create_ticket","","","","test_create_ticket_invalid_request_type[client-invalid_request_type-400]","Негативный тест: попытка создания тикета с неверным типом request_type"
"passed","Sat Apr 11 00:58:06 UTC 2026","Sat Apr 11 00:58:07 UTC 2026","847","tests.account","test_update_utc_offset","","","","test_update_utc_offset_invalid_format_rejected[+]",""
"passed","Sat Apr 11 00:59:21 UTC 2026","Sat Apr 11 00:59:24 UTC 2026","2649","tests.cart","test_01_user_locale","","","","test_update_user_locale_invalid_payload[partner-payload4]",""
"passed","Sat Apr 11 00:57:03 UTC 2026","Sat Apr 11 00:57:04 UTC 2026","583","tests.delivery","test_01_save_delivery_address","","","","test_save_address_invalid_types_should_fail[country_id-1-client]",""
"passed","Sat Apr 11 01:38:12 UTC 2026","Sat Apr 11 01:38:14 UTC 2026","1110","tests.reviews","test_reviews_delete_post","","","","test_reviews_delete_duplicate_ids",""
"passed","Sat Apr 11 00:49:20 UTC 2026","Sat Apr 11 00:49:21 UTC 2026","940","tests.one_c","test_cart_calculate_full_coverage","","","","test_packaging_missing_fields[box_id]",""
"skipped","Sat Apr 11 01:39:23 UTC 2026","Sat Apr 11 01:39:23 UTC 2026","0","tests.admin_panel.products","test_01_create_product_group","","","","test_create_duplicate_product_group_should_fail","Негативный тест: попытка создать идентичные продукт группы"
"passed","Sat Apr 11 01:56:42 UTC 2026","Sat Apr 11 01:56:43 UTC 2026","1216","tests.admin_panel.products","test_39_get_product_brands","","","","test_get_product_brands_after_adding","Интеграционный тест: добавление бренда и проверка его наличия в списке по ID."
"skipped","Sat Apr 11 00:49:04 UTC 2026","Sat Apr 11 00:49:05 UTC 2026","912","tests.one_c","test_cart_calculate_full_coverage","","","","test_packaging_invalid_numbers[weight--1]",""
"passed","Sat Apr 11 01:56:43 UTC 2026","Sat Apr 11 01:56:44 UTC 2026","779","tests.admin_panel.promo","test_71_get_promotions","","","","test_get_promotions_list_default","Позитивный кейс — Получение списка всех промоакций"
"skipped","Sat Apr 11 01:58:01 UTC 2026","Sat Apr 11 01:58:04 UTC 2026","3505","tests.tickets","test_10_send_message_to_ticket","","","","test_send_message_role_permissions[authorize_partner-authorize_client-403]","Проверка доступа к отправке сообщений в тикеты в зависимости от роли"
"failed","Sat Apr 11 01:58:22 UTC 2026","Sat Apr 11 01:58:22 UTC 2026","611","tests.admin_panel.periods","test_get_approved_marketing_periods","","","","test_get_admin_approved_marketing_periods__forbidden[client]",""
"skipped","Sat Apr 11 01:44:13 UTC 2026","Sat Apr 11 01:44:15 UTC 2026","1743","tests.account","test_post_downgrade_user","","","","test_downgrade_user_changes_grade_to_client_negative[admin]","
    Негатив: пытаемся понизить активного партнёра → 400 (ожидаем после фикса).
    "
"skipped","Sat Apr 11 01:54:00 UTC 2026","Sat Apr 11 01:54:00 UTC 2026","0","tests.account","test_token_revoke","","","","test_revoke_token_positive[client-payload0]","Позитивные тесты на удаление токена"
"passed","Sat Apr 11 01:26:01 UTC 2026","Sat Apr 11 01:26:05 UTC 2026","4468","tests.orders","test_create_order_by_delivery_address","","","","test_create_order_permissions[authorize_client-authorize_client-200]",""
"passed","Sat Apr 11 01:30:55 UTC 2026","Sat Apr 11 01:30:55 UTC 2026","602","tests.cart","test_23_cart_calculate_delivery_flag","","","","test_update_multi_empty_items_list[client]",""
"passed","Sat Apr 11 01:28:36 UTC 2026","Sat Apr 11 01:28:38 UTC 2026","2009","tests.admin_panel.items","test_update_item","","","","test_update_item_invalid_payload[payload3-400]","Негативный тест: обновление item с невалидным или неполным телом запроса."
"passed","Sat Apr 11 01:22:24 UTC 2026","Sat Apr 11 01:22:25 UTC 2026","812","tests.admin_panel.products","test_40_create_product_brand","","","","test_create_product_brand_invalid_payload[payload12-expected_codes12]","Негативные кейсы: невалидные поля при создании бренда."
"skipped","Sat Apr 11 01:40:30 UTC 2026","Sat Apr 11 01:40:31 UTC 2026","624","tests.cart","test_14_cart_update_personal_data","","","","test_update_personal_data_invalid_payload[partner-payload0]","
    Негатив: отсутствующие обязательные поля или невалидные значения
    "
"skipped","Sat Apr 11 01:39:23 UTC 2026","Sat Apr 11 01:39:23 UTC 2026","0","tests.admin_panel.products","test_01_create_product_group","","","","test_create_product_group_forbidden[client]","Негативный тест: создание продукт группы не-админом запрещено."
"passed","Sat Apr 11 01:54:14 UTC 2026","Sat Apr 11 01:54:15 UTC 2026","826","tests.admin_panel","test_02_support_users_list","","","","test_partner_cannot_list_support_users",""
"skipped","Sat Apr 11 00:50:20 UTC 2026","Sat Apr 11 00:50:20 UTC 2026","609","tests.one_c","test_cart_calculate_full_coverage","","","","test_large_cart_error[10]",""
"skipped","Sat Apr 11 01:41:51 UTC 2026","Sat Apr 11 01:41:51 UTC 2026","0","tests.PROJECT_EDUCATION.test_system","test_08_get_course_with_tests","","","","test_get_course_with_tests__invalid_id__400_404[999999999]",""
"passed","Sat Apr 11 00:48:27 UTC 2026","Sat Apr 11 00:48:28 UTC 2026","643","tests.one_c","test_cart_calculate_full_coverage","","","","test_invalid_top_types[date_paid_timestamp-1772852619486]",""
"passed","Sat Apr 11 01:40:38 UTC 2026","Sat Apr 11 01:40:39 UTC 2026","821","tests.catalog","test_product_get_by_id","","","","test_get_product_by_id_invalid_string[123abc]","
    Негативный: ID строкового типа
    "
"passed","Sat Apr 11 02:02:12 UTC 2026","Sat Apr 11 02:02:20 UTC 2026","7704","tests.integration","test_order_international","","","","test_order_international","
    Полный цикл:
      логин -> каталог -> корзина (update + update_multi: qty=2) -> адрес/доставка
      -> оплата TestPay -> check_payment.
    "
"passed","Sat Apr 11 00:56:27 UTC 2026","Sat Apr 11 00:56:28 UTC 2026","616","tests.tickets","test_01_get_tickets","","","","test_get_tickets_no_pagination[partner]","Негативный тест: запрос без обязательного параметра pagination"
"passed","Sat Apr 11 01:34:59 UTC 2026","Sat Apr 11 01:34:59 UTC 2026","621","tests.reviews","test_reviews_list_post","","","","test_reviews_list_requires_auth_unauthorized",""
"passed","Sat Apr 11 01:50:19 UTC 2026","Sat Apr 11 01:50:23 UTC 2026","4263","tests.orders","test_group_order_confirm","","","","test_group_order_confirm_without_joined_partner_rejected[partner]","
    partner НЕ присоединился к своему group order
    "
"passed","Sat Apr 11 01:31:51 UTC 2026","Sat Apr 11 01:31:52 UTC 2026","609","tests.delivery","test_get_boxberry_offices","","","","test_get_boxberry_offices_invalid_city_id_should_fail[None-admin]",""
"skipped","Sat Apr 11 01:56:13 UTC 2026","Sat Apr 11 01:56:13 UTC 2026","0","tests.admin_panel.periods","test_post_periods_by_date_interval","","","","test_post_periods_by_date_interval__200_strict[partner]",""
"failed","Sat Apr 11 01:58:19 UTC 2026","Sat Apr 11 01:58:20 UTC 2026","595","tests.account","test_post_bonus_tokens","","","","test_get_bonus_tokens_positive[partner]","Позитивные тесты на получение списка токенов"
"passed","Sat Apr 11 01:42:39 UTC 2026","Sat Apr 11 01:42:40 UTC 2026","829","tests.admin_panel.categories","test_79_get_category_translation","","","","test_get_category_translation_invalid_id[-1]",""
"skipped","Sat Apr 11 01:42:25 UTC 2026","Sat Apr 11 01:42:25 UTC 2026","0","tests.admin_panel","test_accrue_gold_pro_gift","","","","test_accrue_gold_pro_gift_forbidden[client]",""
"skipped","Sat Apr 11 01:53:47 UTC 2026","Sat Apr 11 01:53:47 UTC 2026","0","tests.register","test_02_register_partner","","","","test_register_partner_positive[admin-403]","Тест: позитивные тесты для регистрации партнера вручную"
"passed","Sat Apr 11 00:59:56 UTC 2026","Sat Apr 11 00:59:58 UTC 2026","2464","tests.cart","test_01_user_locale","","","","test_update_user_locale_invalid_language_enum[partner-]",""
"skipped","Sat Apr 11 01:53:14 UTC 2026","Sat Apr 11 01:53:15 UTC 2026","578","tests.delivery","test_get_kazpost_offices","","","","test_get_kazpost_offices_invalid_city_id_should_fail[-1-admin]","Негатив: невалидные значения city_id → 400/422."
"passed","Sat Apr 11 00:49:41 UTC 2026","Sat Apr 11 00:49:42 UTC 2026","899","tests.one_c","test_cart_calculate_full_coverage","","","","test_payment_missing_fields[shipping]",""
"skipped","Sat Apr 11 00:56:27 UTC 2026","Sat Apr 11 00:56:27 UTC 2026","0","tests.tickets","test_01_get_tickets","","","","test_get_tickets_success[filter2-sort0-search2-pagination0-partner]","Позитивный тест: получение списка тикетов с разными комбинациями параметров"
"skipped","Sat Apr 11 00:56:42 UTC 2026","Sat Apr 11 00:56:42 UTC 2026","0","tests.stock","test_create_stock","","","","test_create_stock_with_empty_string_log_if_not_200[timezone.dst_start]",""
"skipped","Sat Apr 11 00:56:41 UTC 2026","Sat Apr 11 00:56:42 UTC 2026","836","tests.stock","test_create_stock","","","","test_create_stock_duplicate_id_1c_fails",""
"skipped","Sat Apr 11 01:04:19 UTC 2026","Sat Apr 11 01:04:19 UTC 2026","0","tests.account","test_account_branded_wallet_get","","","","test_get_past_year_should_be_200[partner]","
    прошлый период. днные есть - 200
    "
"skipped","Sat Apr 11 01:54:00 UTC 2026","Sat Apr 11 01:54:00 UTC 2026","0","tests.account","test_family_agreement_update_status","","","","test_update_family_agreement_status_positive[partner-payload1]","Позитивные тесты на изменение статуса семейного соглашения"
"skipped","Sat Apr 11 00:56:42 UTC 2026","Sat Apr 11 00:56:42 UTC 2026","0","tests.stock","test_create_stock","","","","test_create_stock_with_empty_string_log_if_not_200[address.city]",""
"skipped","Sat Apr 11 01:04:19 UTC 2026","Sat Apr 11 01:04:19 UTC 2026","0","tests.account","test_0_marathon","","","","test_create_product_brand_invalid_payload[params3-400-admin]",""
"skipped","Sat Apr 11 00:56:27 UTC 2026","Sat Apr 11 00:56:27 UTC 2026","0","tests.tickets","test_01_get_tickets","","","","test_get_tickets_success[filter1-sort0-search2-pagination1-admin]","Позитивный тест: получение списка тикетов с разными комбинациями параметров"
"passed","Sat Apr 11 01:23:24 UTC 2026","Sat Apr 11 01:23:24 UTC 2026","808","tests.admin_panel.sliders","test_52_create_slider","","","","test_create_slider_invalid_payload[payload4-expected_code4]","Негативный тест: попытка создать слайдер с невалидным payload."
"passed","Sat Apr 11 01:55:36 UTC 2026","Sat Apr 11 01:55:42 UTC 2026","6138","tests.cart","test_cart_update_duplicate_regression","","","","test_cart_update_same_item_parallel_last_write_wins_without_duplicates[partner]",""
"skipped","Sat Apr 11 01:47:24 UTC 2026","Sat Apr 11 01:47:25 UTC 2026","751","tests.stock","test_get_group_orders","","","","test_get_group_orders_invalid_country_id[0-admin]","Проверка получения складов по невалидному country_id"
"skipped","Sat Apr 11 01:04:19 UTC 2026","Sat Apr 11 01:04:19 UTC 2026","0","tests.account","test_0_marathon","","","","test_create_product_brand_invalid_payload[params1-400-admin]",""
"skipped","Sat Apr 11 01:42:25 UTC 2026","Sat Apr 11 01:42:25 UTC 2026","0","tests.admin_panel","test_accrue_presidential_pool","","","","test_accrue_presidential_pool_forbidden[partner]",""
"passed","Sat Apr 11 01:27:01 UTC 2026","Sat Apr 11 01:27:02 UTC 2026","593","tests.account","test_history_group_volumes","","","","test_group_volumes_history_invalid_query_params[params0-partner]",""
"passed","Sat Apr 11 02:01:00 UTC 2026","Sat Apr 11 02:01:01 UTC 2026","584","tests.catalog","test_products_v2_categories","","","","test_get_products_v2_categories_unauthorized",""
"passed","Sat Apr 11 01:20:32 UTC 2026","Sat Apr 11 01:20:34 UTC 2026","1624","tests.admin_panel.products","test_44_upload_product_brand_images","","","","test_upload_product_brand_images_formats[valid.png-image/png-204]","Проверка загрузки изображений бренда в разных форматах: негативные и позитивные кейсы."
"passed","Sat Apr 11 01:47:37 UTC 2026","Sat Apr 11 01:47:38 UTC 2026","624","tests.tickets","test_11_update_message","","","","test_update_nonexistent_message[client]","Негативный тест: попытка редактирования несуществующего сообщения"
"skipped","Sat Apr 11 02:00:53 UTC 2026","Sat Apr 11 02:00:53 UTC 2026","0","tests.sockets","test_ws_chat_protocol","","","","test_ws_ping_keeps_connection[partner]","
    Позитив: шлём {""msg"": ""ping""} → соединение остаётся живым, потом
    можем нормально отправить subscribe_chat и увидеть сообщение в REST
    "
"passed","Sat Apr 11 00:48:29 UTC 2026","Sat Apr 11 00:48:29 UTC 2026","578","tests.one_c","test_cart_calculate_full_coverage","","","","test_invalid_top_types[payment_method-123]",""
"passed","Sat Apr 11 01:03:41 UTC 2026","Sat Apr 11 01:03:42 UTC 2026","1310","tests.admin_panel.slides","test_59_update_slide","","","","test_update_slide_invalid_payload[payload10-422]","
    Негативный тест: обновление слайда с невалидным или неполным телом запроса
    "
"passed","Sat Apr 11 01:05:21 UTC 2026","Sat Apr 11 01:05:22 UTC 2026","1033","tests.catalog","test_create_admin_product","","","","test_create_product_invalid_payload[payload7-422]",""
"passed","Sat Apr 11 01:47:12 UTC 2026","Sat Apr 11 01:47:13 UTC 2026","800","tests.reviews","test_reviews_get_by_id","","","","test_reviews_get_by_id_invalid_id_returns_client_error[-1]",""
"passed","Sat Apr 11 00:55:06 UTC 2026","Sat Apr 11 00:55:09 UTC 2026","2182","tests.tickets","test_04_create_ticket","","","","test_create_ticket_success[admin-attachments1-OtherQuestions]","Позитивный тест: создание тикета с разными темами и вложениями для клиента, партнера и админа"
"passed","Sat Apr 11 00:57:44 UTC 2026","Sat Apr 11 00:57:45 UTC 2026","821","tests.account","test_update_utc_offset","","","","test_update_utc_offset_trims_spaces[partner]",""
"passed","Sat Apr 11 01:31:44 UTC 2026","Sat Apr 11 01:31:44 UTC 2026","671","tests.cart","test_delivery_address_save_apply","","","","test_save_address_apply_true_without_cart",""
"skipped","Sat Apr 11 00:56:42 UTC 2026","Sat Apr 11 00:56:42 UTC 2026","0","tests.stock","test_create_stock","","","","test_create_stock_with_empty_string_log_if_not_200[address.id]",""
"passed","Sat Apr 11 01:12:16 UTC 2026","Sat Apr 11 01:12:17 UTC 2026","580","tests.delivery","test_get_cities_v2","","","","test_get_cities_v2_invalid_city_name_should_fail[   -admin]","
    Негатив: city_name — строка, minLength=2
    "
"passed","Sat Apr 11 01:59:55 UTC 2026","Sat Apr 11 01:59:56 UTC 2026","604","tests.cart","test_13_cart_delete_estimate_delivery","","","","test_delete_estimate_delivery_unauthorized","
    Без авторизации backend возвращает 404 (корзины нет)
    "
"passed","Sat Apr 11 01:50:05 UTC 2026","Sat Apr 11 01:50:06 UTC 2026","791","tests.catalog","test_delete_admin_product_translation","","","","test_delete_admin_product_translation_invalid_id[abc]","Удаление перевода по невалидному product_id — должно вернуть 400 или 404."
"skipped","Sat Apr 11 01:24:07 UTC 2026","Sat Apr 11 01:24:08 UTC 2026","628","tests.statistic","test_team_registrations","","","","test_get_team_registration_statistic_negative[payload1-admin]","Негативный тест: ошибка при получении статистики регистрации команды с невалидным телом запроса"
"passed","Sat Apr 11 01:45:53 UTC 2026","Sat Apr 11 01:45:54 UTC 2026","623","tests.auth","test_01_check_version","","","","test_check_version[Ios-2.0.1-200]","Тест проверяет API /check_version для разных платформ и версий."
"skipped","Sat Apr 11 01:38:39 UTC 2026","Sat Apr 11 01:38:40 UTC 2026","1669","tests.tickets","test_06_close_ticket","","","","test_close_tickets_negative[client-ticket_ids1-400]","Негативные тесты: закрытие с некорректными данными"
"passed","Sat Apr 11 01:23:27 UTC 2026","Sat Apr 11 01:23:28 UTC 2026","831","tests.admin_panel.sliders","test_52_create_slider","","","","test_create_slider_invalid_payload[payload8-422]","Негативный тест: попытка создать слайдер с невалидным payload."
"passed","Sat Apr 11 01:23:03 UTC 2026","Sat Apr 11 01:23:04 UTC 2026","785","tests.admin_panel.promo","test_72_create_promotion","","","","test_create_promotion_invalid_data[payload1-400]","Негативные тесты: невалидные данные"
"passed","Sat Apr 11 01:23:22 UTC 2026","Sat Apr 11 01:23:23 UTC 2026","788","tests.admin_panel.sliders","test_52_create_slider","","","","test_create_slider_invalid_payload[payload2-expected_code2]","Негативный тест: попытка создать слайдер с невалидным payload."
"passed","Sat Apr 11 01:15:30 UTC 2026","Sat Apr 11 01:15:39 UTC 2026","8496","tests.catalog","test_update_admin_product","","","","test_update_admin_product_full_payload_2",""
"passed","Sat Apr 11 01:52:51 UTC 2026","Sat Apr 11 01:52:51 UTC 2026","579","tests.delivery","test_get_delivery_regions","","","","test_get_delivery_regions_success[admin]","Позитив: успешное получение списка регионов."
"skipped","Sat Apr 11 01:23:44 UTC 2026","Sat Apr 11 01:23:44 UTC 2026","581","tests.statistic","test_team_activations","","","","test_get_team_activation_statistic_negative[payload1-admin]","Негативный тест: ошибка при получении статистики активации команды с невалидным телом запроса"
"passed","Sat Apr 11 00:48:29 UTC 2026","Sat Apr 11 00:48:30 UTC 2026","580","tests.one_c","test_cart_calculate_full_coverage","","","","test_invalid_top_types[auth_code_type-123]",""
"passed","Sat Apr 11 01:40:19 UTC 2026","Sat Apr 11 01:40:20 UTC 2026","788","tests.admin_panel.slides","test_58_get_slides_by_id","","","","test_get_slide_not_found","Негативный тест: слайд с несуществующим ID не найден"
"passed","Sat Apr 11 00:57:26 UTC 2026","Sat Apr 11 00:57:27 UTC 2026","571","tests.delivery","test_get_cities","","","","test_get_cities_invalid_page_size_should_fail[abc-admin]","
    Негатив: невалидный page_size → 400/422
    "
"passed","Sat Apr 11 00:51:04 UTC 2026","Sat Apr 11 00:51:06 UTC 2026","2210","tests.tickets","test_04_create_ticket","","","","test_create_ticket_success[client-attachments1-QuestionsAboutTheHousingAndCarProgram]","Позитивный тест: создание тикета с разными темами и вложениями для клиента, партнера и админа"
"passed","Sat Apr 11 00:54:21 UTC 2026","Sat Apr 11 00:54:22 UTC 2026","1281","tests.tickets","test_04_create_ticket","","","","test_create_ticket_success[admin-attachments0-QuestionsAboutProducts]","Позитивный тест: создание тикета с разными темами и вложениями для клиента, партнера и админа"
"passed","Sat Apr 11 01:36:37 UTC 2026","Sat Apr 11 01:36:39 UTC 2026","2328","tests.admin_panel.slides","test_0_slides_sort","","","","test_slides_sort_invalid_payload","Негативный тест: невалидный payload."
"passed","Sat Apr 11 01:08:33 UTC 2026","Sat Apr 11 01:08:34 UTC 2026","1172","tests.admin_panel.sliders","test_54_update_slider","","","","test_update_slider_invalid_payload[payload5-400]","Негативный тест: обновление слайдера с невалидным или неполным телом запроса."
"skipped","Sat Apr 11 01:37:34 UTC 2026","Sat Apr 11 01:37:35 UTC 2026","625","tests.register","test_01_register_form","","","","test_register_form_negative[partner-payload2-400]",""
"failed","Sat Apr 11 01:56:33 UTC 2026","Sat Apr 11 01:56:38 UTC 2026","4953","tests.admin_panel.products","test_01_recommended_products_sort","","","","test_sort_recommendations_no_rights[partner]","Пользователь без прав пытается отсортировать рекомендации"
"skipped","Sat Apr 11 01:07:25 UTC 2026","Sat Apr 11 01:07:25 UTC 2026","0","tests.PROJECT_EDUCATION.orders","test_post_orders","","","","test_post_orders_invalid_payload__400_422[payload12]","Негатив: невалидный body"
"passed","Sat Apr 11 01:45:55 UTC 2026","Sat Apr 11 01:45:56 UTC 2026","583","tests.auth","test_01_check_version","","","","test_check_version[Frontend-2.9.9-200]","Тест проверяет API /check_version для разных платформ и версий."
"skipped","Sat Apr 11 01:26:25 UTC 2026","Sat Apr 11 01:26:25 UTC 2026","0","tests.PROJECT_EDUCATION.test_system","test_03_user_answers","","","","test_user_answers_invalid_id__400_or_404[abc]",""
"skipped","Sat Apr 11 01:54:00 UTC 2026","Sat Apr 11 01:54:00 UTC 2026","0","tests.account","test_family_agreement_update_status","","","","test_update_family_agreement_status_positive[client-payload0]","Позитивные тесты на изменение статуса семейного соглашения"
"passed","Sat Apr 11 01:31:12 UTC 2026","Sat Apr 11 01:31:12 UTC 2026","187","tests.cart","test_delivery_address_save_apply","","","","test_save_address_invalid_payload[payload0]",""
"failed","Sat Apr 11 01:59:13 UTC 2026","Sat Apr 11 01:59:14 UTC 2026","1178","tests.promo_time.new_year_lottery","test_new_year_lottery_info","","","","test_get_new_year_lottery_info_empty[client]","
    ккорректная форма ответа
    "
"passed","Sat Apr 11 01:44:39 UTC 2026","Sat Apr 11 01:44:48 UTC 2026","9555","tests.admin_panel.products","test_product_files_get_upload_urls","","","","test_get_upload_urls_success[en]",""
"skipped","Sat Apr 11 00:56:25 UTC 2026","Sat Apr 11 00:56:25 UTC 2026","0","tests.tickets","test_04_create_ticket","","","","test_create_ticket_invalid_attachment[client]","Негативный тест: попытка загрузки вложения с некорректными данными"
"passed","Sat Apr 11 01:39:01 UTC 2026","Sat Apr 11 01:39:02 UTC 2026","618","tests.admin_panel","test_partner_accrual_details_main_bonus","","","","test_main_bonus_details_unauthorized","
    Негатив: без токена
    "
"passed","Sat Apr 11 01:57:06 UTC 2026","Sat Apr 11 01:57:06 UTC 2026","611","tests.auth","test_04_refresh","","","","test_refresh_token_without_token","Тест обновления токена без передачи refresh-токена."
"skipped","Sat Apr 11 01:54:00 UTC 2026","Sat Apr 11 01:54:00 UTC 2026","0","tests.account","test_list_csv","","","","test_get_account_list_csv_positive[client-payload1]","Позитивные тесты на выгрузку структуры партнеров в CSV"
"passed","Sat Apr 11 01:52:08 UTC 2026","Sat Apr 11 01:52:09 UTC 2026","795","tests.admin_panel.users","test_delete_admin_users_exclusive_preorder_permissions","","","","test_delete_exclusive_preorder_permissions_requires_admin[client]","
    клиент/партнёр не могут удалять permission → 403
    "
"passed","Sat Apr 11 01:03:44 UTC 2026","Sat Apr 11 01:03:45 UTC 2026","1300","tests.admin_panel.slides","test_59_update_slide","","","","test_update_slide_invalid_payload[payload11-400]","
    Негативный тест: обновление слайда с невалидным или неполным телом запроса
    "
"passed","Sat Apr 11 01:30:06 UTC 2026","Sat Apr 11 01:30:07 UTC 2026","796","tests.reviews","test_reviews_create_post","","","","test_reviews_create_nonexistent_product",""
"passed","Sat Apr 11 01:00:24 UTC 2026","Sat Apr 11 01:00:28 UTC 2026","3878","tests.cart","test_12_cart_estimate_delivery","","","","test_estimate_delivery_success[client-self_pickup-payload0]","
    Позитив: корзина с товаром, выбор способа доставки и расчёт стоимости для разных служб
    "
"passed","Sat Apr 11 01:05:36 UTC 2026","Sat Apr 11 01:05:37 UTC 2026","202","tests.cart","test_update_location","","","","test_update_location_invalid_payload[payload1]",""
"passed","Sat Apr 11 01:37:26 UTC 2026","Sat Apr 11 01:37:26 UTC 2026","580","tests.orders","test_group_order_v2_create","","","","test_group_order_v2_invalid_payloads[partner-payload1]",""
"skipped","Sat Apr 11 00:49:21 UTC 2026","Sat Apr 11 00:49:22 UTC 2026","905","tests.one_c","test_cart_calculate_full_coverage","","","","test_payment_invalid_numbers[total--1]",""
"skipped","Sat Apr 11 01:44:20 UTC 2026","Sat Apr 11 01:44:20 UTC 2026","839","tests.admin_panel","test_accrue_auto_bonus","","","","test_accrue_auto_bonus_for_client",""
"skipped","Sat Apr 11 01:43:51 UTC 2026","Sat Apr 11 01:43:51 UTC 2026","0","tests.orders","test_shop_digital_flow","","","","test_one_click_repeat_purchase_same_course_returns_400[client]",""
"skipped","Sat Apr 11 00:56:27 UTC 2026","Sat Apr 11 00:56:27 UTC 2026","0","tests.tickets","test_01_get_tickets","","","","test_get_tickets_success[filter2-sort0-search0-pagination1-partner]","Позитивный тест: получение списка тикетов с разными комбинациями параметров"
"passed","Sat Apr 11 01:20:45 UTC 2026","Sat Apr 11 01:20:48 UTC 2026","2935","tests.admin_panel.products","test_44_upload_product_brand_images","","","","test_upload_product_brand_images_various_fields[5.3-fields_to_send1-400]","Негативный тест. Загрузка слишком большого изображения."
"passed","Sat Apr 11 01:47:53 UTC 2026","Sat Apr 11 01:47:54 UTC 2026","608","tests.PROJECT_FUND.initiatives","test_get_reports","","","","test_get_reports_with_query_params[query3-https://dev.ewahelps.com/api]","Позитивный тест: получение списка отчетов с query-параметрами"
"passed","Sat Apr 11 01:27:02 UTC 2026","Sat Apr 11 01:27:03 UTC 2026","648","tests.account","test_history_group_volumes","","","","test_group_volumes_history_invalid_query_params[params1-client]",""
"passed","Sat Apr 11 01:52:41 UTC 2026","Sat Apr 11 01:52:42 UTC 2026","579","tests.catalog","test_get_items_list_all","","","","test_get_items_list_forbidden[client]",""
"skipped","Sat Apr 11 00:56:42 UTC 2026","Sat Apr 11 00:56:42 UTC 2026","0","tests.stock","test_create_stock","","","","test_create_stock_with_empty_string_log_if_not_200[city]",""
"passed","Sat Apr 11 01:39:33 UTC 2026","Sat Apr 11 01:39:34 UTC 2026","835","tests.admin_panel.products","test_41_get_product_brand_by_id","","","","test_get_product_brand_invalid_id[0]","Негативный тест: получение бренда по невалидному ID"
"passed","Sat Apr 11 01:31:24 UTC 2026","Sat Apr 11 01:31:24 UTC 2026","189","tests.cart","test_delivery_address_save_apply","","","","test_save_address_invalid_payload[payload3]",""
"passed","Sat Apr 11 01:06:54 UTC 2026","Sat Apr 11 01:06:55 UTC 2026","600","tests.one_c","test_free_delivery_to_regions_and_cities","","","","test_1c_free_delivery_bad_request_for_invalid_id_1c_type",""
"passed","Sat Apr 11 01:45:34 UTC 2026","Sat Apr 11 01:45:35 UTC 2026","824","tests.admin_panel.promo","test_76_get_promotion_items","","","","test_get_promotion_item_invalid_id[abc-abc]","Негативный тест: получение элемента с невалидным ID"
"passed","Sat Apr 11 01:19:01 UTC 2026","Sat Apr 11 01:19:03 UTC 2026","1998","tests.admin_panel.categories","test_80_create_category_translation","","","","test_create_category_translation_success[mn]","Позитивный тест: создание/обновление перевода категории для разных языков."
"skipped","Sat Apr 11 00:56:26 UTC 2026","Sat Apr 11 00:56:26 UTC 2026","0","tests.tickets","test_01_get_tickets","","","","test_get_tickets_success[filter0-sort0-search0-pagination1-admin]","Позитивный тест: получение списка тикетов с разными комбинациями параметров"
"passed","Sat Apr 11 01:13:40 UTC 2026","Sat Apr 11 01:13:47 UTC 2026","7174","tests.catalog","test_update_admin_product","","","","test_update_admin_product_invalid_payload[update_payload0-400]",""
"passed","Sat Apr 11 01:46:24 UTC 2026","Sat Apr 11 01:46:29 UTC 2026","4669","tests.orders","test_group_order_join_roles_and_rejections","","","","test_group_order_join_client_without_items_rejected","
    Негатив: Client пытается join при пустой корзине = 400
    "
"passed","Sat Apr 11 01:25:56 UTC 2026","Sat Apr 11 01:25:57 UTC 2026","999","tests.admin_panel.items","test_create_item","","","","test_create_item_invalid_payload[payload9-expected_code9]","
    Негативный тест: создание варианта с невалидным телом запроса.
    Если сервер внезапно вернул успех — удаляем созданный item из БД.
    "
"skipped","Sat Apr 11 01:54:00 UTC 2026","Sat Apr 11 01:54:00 UTC 2026","0","tests.account","test_history","","","","test_get_history_positive[partner-payload0]","Позитивные тесты на получение истории аккаунта"
"passed","Sat Apr 11 01:30:10 UTC 2026","Sat Apr 11 01:30:10 UTC 2026","590","tests.account","test_get_account_exists","","","","test_get_account_exists_positive[params1-client]","Нкгатив: невлидны id"
"passed","Sat Apr 11 01:51:01 UTC 2026","Sat Apr 11 01:51:01 UTC 2026","583","tests.account","test_account_branded_wallet_delete","","","","test_delete_when_nothing_uploaded_returns_404[partner]","
    Удаление при отсутствии изображения → 404
    "
"passed","Sat Apr 11 01:31:58 UTC 2026","Sat Apr 11 01:31:58 UTC 2026","580","tests.delivery","test_get_cdek_offices","","","","test_get_cdek_offices_invalid_city_id_should_fail[-admin]",""
"skipped","Sat Apr 11 01:05:28 UTC 2026","Sat Apr 11 01:05:28 UTC 2026","0","tests.admin_panel.categories","test_50_upload_category_images","","","","test_upload_category_images_invalid_format[invalid.docx-application/vnd.openxmlformats-officedocument.wordprocessingml.document-400]","Негативный тест: загрузка изображений в неверном формате (например, .txt)."
"passed","Sat Apr 11 01:10:23 UTC 2026","Sat Apr 11 01:10:27 UTC 2026","3881","tests.cart","test_free_delivery_by_rc_and_belts","","","","test_free_delivery_by_belts_contract[\u0425\u0430\u0431\u0430\u0440\u043e\u0432\u0441\u043a-client-zone_1-belt_cfg0]","
    КОНТРАКТ:
    - ручка работает
    - advance_costs может быть []
    - free может быть
    - платная доставка допустима
    "
"passed","Sat Apr 11 00:57:24 UTC 2026","Sat Apr 11 00:57:25 UTC 2026","607","tests.delivery","test_get_cities","","","","test_get_cities_invalid_page_should_fail[-1-admin]","
    Негатив: невалидный page → 400/422
    "
"passed","Sat Apr 11 01:27:44 UTC 2026","Sat Apr 11 01:27:45 UTC 2026","790","tests.admin_panel","test_04_generate_support_token","","","","test_invalid_user_id_for_token_returns_client_error[1.23]",""
"skipped","Sat Apr 11 01:41:51 UTC 2026","Sat Apr 11 01:41:51 UTC 2026","0","tests.PROJECT_EDUCATION.test_system","test_08_get_course_with_tests","","","","test_get_course_with_tests__invalid_id__400_404[1.5]",""
"passed","Sat Apr 11 02:02:31 UTC 2026","Sat Apr 11 02:02:33 UTC 2026","1695","tests.temporary","test_compare_api_postgreSQL","","","","test_create_and_get_categories_by_id",""
"failed","Sat Apr 11 01:53:38 UTC 2026","Sat Apr 11 01:53:40 UTC 2026","1949","tests.orders","test_group_order_leave","","","","test_cart_leave_group_organizer_cannot_leave_returns_400","
    Негатив: организатор ГО = 400
    "
"passed","Sat Apr 11 01:35:59 UTC 2026","Sat Apr 11 01:36:00 UTC 2026","796","tests.admin_panel","test_partner_accrual_details_common","","","","test_common_accrual_details_invalid_payload[payload4-expected_codes4]","
    Негатив: валидация тела запроса общей детализации.
    "
"passed","Sat Apr 11 01:23:26 UTC 2026","Sat Apr 11 01:23:27 UTC 2026","871","tests.admin_panel.sliders","test_52_create_slider","","","","test_create_slider_invalid_payload[payload7-422]","Негативный тест: попытка создать слайдер с невалидным payload."
"skipped","Sat Apr 11 00:56:27 UTC 2026","Sat Apr 11 00:56:27 UTC 2026","0","tests.tickets","test_01_get_tickets","","","","test_get_tickets_success[filter1-sort1-search1-pagination1-client]","Позитивный тест: получение списка тикетов с разными комбинациями параметров"
"passed","Sat Apr 11 00:51:26 UTC 2026","Sat Apr 11 00:51:28 UTC 2026","2131","tests.tickets","test_04_create_ticket","","","","test_create_ticket_success[client-attachments1-OtherQuestions]","Позитивный тест: создание тикета с разными темами и вложениями для клиента, партнера и админа"
"passed","Sat Apr 11 00:52:46 UTC 2026","Sat Apr 11 00:52:47 UTC 2026","1203","tests.tickets","test_04_create_ticket","","","","test_create_ticket_success[partner-attachments0-ReceivingDefectiveProducts]","Позитивный тест: создание тикета с разными темами и вложениями для клиента, партнера и админа"
"passed","Sat Apr 11 01:15:42 UTC 2026","Sat Apr 11 01:15:43 UTC 2026","644","tests.admin_panel.slides","test_57_create_slide","","","","test_create_slide_forbidden[client]","Негативный тест: создание слайда не-админом запрещено"
"skipped","Sat Apr 11 00:49:32 UTC 2026","Sat Apr 11 00:49:33 UTC 2026","962","tests.one_c","test_cart_calculate_full_coverage","","","","test_payment_invalid_uuid[]",""
"passed","Sat Apr 11 01:36:34 UTC 2026","Sat Apr 11 01:36:35 UTC 2026","876","tests.admin_panel.slides","test_0_slides_sort","","","","test_slides_sort_invalid_id[]","Негативный тест: невалидный path parameter."
"passed","Sat Apr 11 00:57:03 UTC 2026","Sat Apr 11 00:57:03 UTC 2026","609","tests.delivery","test_01_save_delivery_address","","","","test_save_address_delivery_must_be_one_of_should_fail_when_two_methods[client]",""
"skipped","Sat Apr 11 00:56:42 UTC 2026","Sat Apr 11 00:56:42 UTC 2026","0","tests.stock","test_create_stock","","","","test_create_stock_with_empty_string_log_if_not_200[address.old_postal_code]",""
"passed","Sat Apr 11 00:55:41 UTC 2026","Sat Apr 11 00:55:43 UTC 2026","2003","tests.tickets","test_04_create_ticket","","","","test_create_ticket_success[admin-attachments2-QuestionsAboutTheMarriageContract]","Позитивный тест: создание тикета с разными темами и вложениями для клиента, партнера и админа"
"skipped","Sat Apr 11 01:05:28 UTC 2026","Sat Apr 11 01:05:28 UTC 2026","0","tests.admin_panel.categories","test_50_upload_category_images","","","","test_upload_category_images_file_too_large[4.7-fields_to_send2-204]","Негативный тест: загрузка слишком большого изображения."
"skipped","Sat Apr 11 01:54:00 UTC 2026","Sat Apr 11 01:54:00 UTC 2026","0","tests.account","test_list_csv","","","","test_get_account_list_csv_positive[partner-payload0]","Позитивные тесты на выгрузку структуры партнеров в CSV"
"passed","Sat Apr 11 01:21:21 UTC 2026","Sat Apr 11 01:21:23 UTC 2026","1202","tests.admin_panel.promo","test_77_create_promotion_item","","","","test_create_promotion_item_invalid_payload[payload1-400]",""
"passed","Sat Apr 11 01:35:11 UTC 2026","Sat Apr 11 01:35:12 UTC 2026","898","tests.reviews","test_reviews_list_post","","","","test_reviews_list_invalid_enums_return_client_error[bad_payload3]",""
"passed","Sat Apr 11 01:32:22 UTC 2026","Sat Apr 11 01:32:23 UTC 2026","640","tests.delivery","test_get_self_pickup_offices","","","","test_get_self_pickup_offices_success[142257-client]","Позитив: успешное получение списка ПВЗ ЭВЫ по city_id."
"skipped","Sat Apr 11 01:36:19 UTC 2026","Sat Apr 11 01:36:19 UTC 2026","0","tests.admin_panel.minions","test_admin_add_lo","","","","test_post_admin_add_lo_negative_invalid_types_and_values[payload2]","
    Негативные сценарии: неверные типы и бизнес-некорректные значения.
    "
"skipped","Sat Apr 11 01:58:10 UTC 2026","Sat Apr 11 01:58:11 UTC 2026","1638","tests.tickets","test_10_send_message_to_ticket","","","","test_send_message_validation[message_payload0-400]","Проверка валидации входных данных при отправке сообщений"
"skipped","Sat Apr 11 01:32:31 UTC 2026","Sat Apr 11 01:32:31 UTC 2026","0","tests.orders","test_group_order_change_country","","","","test_change_country_success[authorize_partner-200]","Позитивные тесты: успешное изменение страны в групповом заказе"
"passed","Sat Apr 11 01:46:00 UTC 2026","Sat Apr 11 01:46:03 UTC 2026","2481","tests.cart","test_08_cart_delete","","","","test_delete_cart_item_success[partner]","Позитив: удаление позиции из корзины"
"skipped","Sat Apr 11 00:56:42 UTC 2026","Sat Apr 11 00:56:42 UTC 2026","0","tests.stock","test_create_stock","","","","test_create_stock_with_empty_string_log_if_not_200[address.region_id]",""
"skipped","Sat Apr 11 00:56:42 UTC 2026","Sat Apr 11 00:56:42 UTC 2026","0","tests.stock","test_create_stock","","","","test_create_stock_with_empty_string_log_if_not_200[address.address_full]",""
"passed","Sat Apr 11 01:42:42 UTC 2026","Sat Apr 11 01:42:43 UTC 2026","872","tests.admin_panel.categories","test_79_get_category_translation","","","","test_get_category_translation_not_found",""
"skipped","Sat Apr 11 01:53:17 UTC 2026","Sat Apr 11 01:53:18 UTC 2026","583","tests.delivery","test_get_kgpost_offices","","","","test_get_kgpost_offices_success[208110-partner]",""
"passed","Sat Apr 11 01:22:13 UTC 2026","Sat Apr 11 01:22:13 UTC 2026","579","tests.admin_panel.products","test_40_create_product_brand","","","","test_create_product_brand_forbidden[client]","Негативный тест: создание бренда не-админом запрещено."
"skipped","Sat Apr 11 00:56:27 UTC 2026","Sat Apr 11 00:56:27 UTC 2026","0","tests.tickets","test_01_get_tickets","","","","test_get_tickets_success[filter1-sort1-search2-pagination0-admin]","Позитивный тест: получение списка тикетов с разными комбинациями параметров"
"skipped","Sat Apr 11 01:44:24 UTC 2026","Sat Apr 11 01:44:25 UTC 2026","803","tests.admin_panel","test_accrue_auto_bonus","","","","test_accrue_auto_bonus_invalid_payload[payload2-400]",""
"passed","Sat Apr 11 00:56:30 UTC 2026","Sat Apr 11 00:56:30 UTC 2026","589","tests.tickets","test_01_get_tickets","","","","test_get_tickets_invalid_pagination[invalid_pagination1-partner]","Негативный тест: передаем некорректные значения в pagination"
"skipped","Sat Apr 11 00:56:42 UTC 2026","Sat Apr 11 00:56:42 UTC 2026","0","tests.stock","test_create_stock","","","","test_create_stock_with_empty_string_log_if_not_200[id_1c]",""
"passed","Sat Apr 11 00:51:29 UTC 2026","Sat Apr 11 00:51:32 UTC 2026","2280","tests.tickets","test_04_create_ticket","","","","test_create_ticket_success[client-attachments1-ChangePersonalData]","Позитивный тест: создание тикета с разными темами и вложениями для клиента, партнера и админа"
"passed","Sat Apr 11 01:41:34 UTC 2026","Sat Apr 11 01:41:35 UTC 2026","821","tests.tickets","test_02_get_ticket_by_id","","","","test_get_ticket_invalid_id[]","Негативный тест: передан некорректный ID."
"passed","Sat Apr 11 01:21:17 UTC 2026","Sat Apr 11 01:21:18 UTC 2026","615","tests.admin_panel.promo","test_77_create_promotion_item","","","","test_create_promotion_item_unauthorized","Негативный тест: создание элемента акции без авторизации."
"passed","Sat Apr 11 01:47:46 UTC 2026","Sat Apr 11 01:47:47 UTC 2026","795","tests.PROJECT_FUND.initiatives","test_get_report_by_id","","","","test_get_report_by_invalid_id[abc-https://dev.ewahelps.com/api]","Негативный тест: невалидный или несуществующий path-параметр"
"passed","Sat Apr 11 00:58:05 UTC 2026","Sat Apr 11 00:58:06 UTC 2026","848","tests.account","test_update_utc_offset","","","","test_update_utc_offset_invalid_format_rejected[+0]",""
"skipped","Sat Apr 11 01:56:01 UTC 2026","Sat Apr 11 01:56:01 UTC 2026","0","tests.stock","test_update_stock","","","","test_update_stock_success",""
"passed","Sat Apr 11 01:50:09 UTC 2026","Sat Apr 11 01:50:10 UTC 2026","644","tests.delivery","test_geo_suggest","","","","test_geo_suggest_invalid_query_400[client-space_only]",""
"passed","Sat Apr 11 01:52:23 UTC 2026","Sat Apr 11 01:52:24 UTC 2026","614","tests.cart","test_04_cart_full_data","","","","test_full_data_invalid_calculate_delivery_flag[bad_flag2-client]",""
"passed","Sat Apr 11 01:47:42 UTC 2026","Sat Apr 11 01:47:43 UTC 2026","861","tests.PROJECT_FUND.initiatives","test_get_initiative_by_id","","","","test_get_initiative_by_invalid_id[None-https://dev.ewahelps.com/api]",""
"skipped","Sat Apr 11 01:04:19 UTC 2026","Sat Apr 11 01:04:19 UTC 2026","0","tests.account","test_account_branded_wallet_get","","","","test_get_invalid_period_returns_422[period1-client]","
    Негатив: невалидные month/year → 422.
    "
"passed","Sat Apr 11 01:22:14 UTC 2026","Sat Apr 11 01:22:14 UTC 2026","591","tests.admin_panel.products","test_40_create_product_brand","","","","test_create_product_brand_unauthorized","Негативный тест: создание бренда без авторизации."
"skipped","Sat Apr 11 01:56:01 UTC 2026","Sat Apr 11 01:56:01 UTC 2026","0","tests.stock","test_update_stock","","","","test_update_stock_invalid_id[-1]",""
"passed","Sat Apr 11 01:41:36 UTC 2026","Sat Apr 11 01:41:36 UTC 2026","832","tests.tickets","test_02_get_ticket_by_id","","","","test_get_ticket_not_found[99999999]","Негативный тест: тикет с указанным ID не найден."
"passed","Sat Apr 11 00:57:37 UTC 2026","Sat Apr 11 00:57:37 UTC 2026","596","tests.delivery","test_get_cities","","","","test_get_cities_invalid_region_id_should_fail[-1-admin]","
    Негатив: невалидный region_id
    "
"skipped","Sat Apr 11 01:54:00 UTC 2026","Sat Apr 11 01:54:00 UTC 2026","0","tests.account","test_history_personal_volumes_admin","","","","test_get_personal_volumes_history_admin_positive[admin-payload1]","Позитивные тесты на получение истории начисления личных объемов для админа"
"passed","Sat Apr 11 01:02:01 UTC 2026","Sat Apr 11 01:02:05 UTC 2026","3774","tests.cart","test_12_cart_estimate_delivery","","","","test_estimate_delivery_success[partner-cdek-payload9]","
    Позитив: корзина с товаром, выбор способа доставки и расчёт стоимости для разных служб
    "
"skipped","Sat Apr 11 01:42:25 UTC 2026","Sat Apr 11 01:42:25 UTC 2026","0","tests.admin_panel","test_accrue_presidential_pool","","","","test_accrue_presidential_pool_forbidden[client]",""
"passed","Sat Apr 11 01:22:37 UTC 2026","Sat Apr 11 01:22:37 UTC 2026","830","tests.admin_panel.products","test_42_update_product_brand","","","","test_update_product_brand_invalid_id[9999999]","Негативный тест: несуществующий или некорректный ID."
"skipped","Sat Apr 11 00:56:27 UTC 2026","Sat Apr 11 00:56:27 UTC 2026","0","tests.tickets","test_01_get_tickets","","","","test_get_tickets_success[filter1-sort0-search0-pagination1-client]","Позитивный тест: получение списка тикетов с разными комбинациями параметров"
"passed","Sat Apr 11 01:45:27 UTC 2026","Sat Apr 11 01:45:28 UTC 2026","1453","tests.admin_panel.promo","test_76_get_promotion_items","","","","test_get_promotion_item_success","Позитивный тест: получение элемента акции админом"
"skipped","Sat Apr 11 00:49:44 UTC 2026","Sat Apr 11 00:49:45 UTC 2026","905","tests.one_c","test_cart_calculate_full_coverage","","","","test_bonus_info_invalid_numbers[bonus--100]",""
"passed","Sat Apr 11 01:05:22 UTC 2026","Sat Apr 11 01:05:24 UTC 2026","1031","tests.catalog","test_create_admin_product","","","","test_create_product_invalid_payload[payload8-422]",""
"passed","Sat Apr 11 00:49:38 UTC 2026","Sat Apr 11 00:49:39 UTC 2026","878","tests.one_c","test_cart_calculate_full_coverage","","","","test_payment_missing_fields[transaction_id]",""
"skipped","Sat Apr 11 01:32:33 UTC 2026","Sat Apr 11 01:32:34 UTC 2026","608","tests.orders","test_group_order_change_country","","","","test_change_country_invalid_data[invalid_payload1-partner]","Негативные тесты: передача некорректных данных"
"skipped","Sat Apr 11 01:41:08 UTC 2026","Sat Apr 11 01:41:09 UTC 2026","803","tests.reviews","test_reviews_update_post","","","","test_reviews_update_invalid_payload_returns_client_error[bad_update3]",""
"passed","Sat Apr 11 01:42:15 UTC 2026","Sat Apr 11 01:42:16 UTC 2026","849","tests.admin_panel","test_05_admin_support_users_token_revoke_all","","","","test_client_cannot_revoke_support_tokens",""
"skipped","Sat Apr 11 01:56:13 UTC 2026","Sat Apr 11 01:56:13 UTC 2026","0","tests.admin_panel.periods","test_post_periods_by_date_interval","","","","test_post_periods_by_date_interval__200_strict[client]",""
"passed","Sat Apr 11 01:23:33 UTC 2026","Sat Apr 11 01:23:34 UTC 2026","576","tests.statistic","test_team_activations","","","","test_get_team_activation_statistic_positive[payload0-client]","Позитивный тест: получение статистики по активации команды с валидным телом запроса"
"passed","Sat Apr 11 01:12:12 UTC 2026","Sat Apr 11 01:12:13 UTC 2026","824","tests.delivery","test_get_cities_v2","","","","test_get_cities_v2_success[partner]","
    Позитив: быстрый поиск городов по части названия
    "
"passed","Sat Apr 11 00:59:26 UTC 2026","Sat Apr 11 00:59:28 UTC 2026","2259","tests.cart","test_01_user_locale","","","","test_update_user_locale_invalid_language_enum[client-English]",""
"passed","Sat Apr 11 01:21:40 UTC 2026","Sat Apr 11 01:21:42 UTC 2026","2163","tests.admin_panel.promo","test_77_create_promotion_item","","","","test_update_promotion_item_success","Позитивный тест: успешное обновление элемента акции"
"passed","Sat Apr 11 01:24:01 UTC 2026","Sat Apr 11 01:24:02 UTC 2026","600","tests.statistic","test_team_registrations","","","","test_get_team_registration_statistic_positive[payload2-partner]","Позитивный тест: получение статистики по регистрации команды с валидным телом запроса"
"passed","Sat Apr 11 01:05:34 UTC 2026","Sat Apr 11 01:05:34 UTC 2026","290","tests.cart","test_update_location","","","","test_update_location_region_name_is_allowed",""
"skipped","Sat Apr 11 00:56:27 UTC 2026","Sat Apr 11 00:56:27 UTC 2026","0","tests.tickets","test_01_get_tickets","","","","test_get_tickets_success[filter1-sort0-search2-pagination0-admin]","Позитивный тест: получение списка тикетов с разными комбинациями параметров"
"passed","Sat Apr 11 00:52:37 UTC 2026","Sat Apr 11 00:52:38 UTC 2026","1196","tests.tickets","test_04_create_ticket","","","","test_create_ticket_success[partner-attachments0-QuestionsAboutTheRewardSystemMarketingPlan]","Позитивный тест: создание тикета с разными темами и вложениями для клиента, партнера и админа"
"passed","Sat Apr 11 01:51:05 UTC 2026","Sat Apr 11 01:51:07 UTC 2026","1732","tests.account","test_account_branded_wallet_delete","","","","test_delete_twice_first_204_second_404[partner]","
    Двойное удаление: первый DELETE успешен, второй — 404
    "
"passed","Sat Apr 11 01:21:58 UTC 2026","Sat Apr 11 01:21:59 UTC 2026","751","tests.delivery","test_get_delivery_countries","","","","test_get_delivery_countries_success[delivery-client]","Позитив: успешное получение списка стран с разными значениями ?from=."
"passed","Sat Apr 11 01:44:07 UTC 2026","Sat Apr 11 01:44:08 UTC 2026","795","tests.tickets","test_12_delete_message","","","","test_delete_ticket_message_negative[999999-400]","Негативные тесты: удаление с некорректными данными"
"skipped","Sat Apr 11 01:58:35 UTC 2026","Sat Apr 11 01:58:35 UTC 2026","0","tests.catalog","test_exclusive_preorder_products_list","","","","test_products_list_in_stock_overwritten_with_permission[client]","
    Позитив:
      1) берём реальный exclusive item из /products/list
      2) ставим permission remaining_quantity=3
      3) снова /products/list
      4) жёстко проверяем: в слоте (stock_id=DEFAULT_STOCK_ID) in_stock == 3 (если поле есть)
         + is_visible==True (если поле есть)
    "
"failed","Sat Apr 11 01:55:42 UTC 2026","Sat Apr 11 01:55:43 UTC 2026","600","tests.catalog","test_products_list","","","","test_get_products_list_success[client]","
    Позитивный: успешное получение списка товаров без фильтров
    "
"skipped","Sat Apr 11 01:42:25 UTC 2026","Sat Apr 11 01:42:25 UTC 2026","0","tests.admin_panel","test_accrue_gold_pro_gift","","","","test_accrue_gold_pro_gift_invalid_payload[payload0-400]",""
"passed","Sat Apr 11 01:00:35 UTC 2026","Sat Apr 11 01:00:38 UTC 2026","3901","tests.cart","test_12_cart_estimate_delivery","","","","test_estimate_delivery_success[client-fargo-payload2]","
    Позитив: корзина с товаром, выбор способа доставки и расчёт стоимости для разных служб
    "
"skipped","Sat Apr 11 01:07:25 UTC 2026","Sat Apr 11 01:07:25 UTC 2026","0","tests.PROJECT_EDUCATION.orders","test_post_orders","","","","test_post_orders_invalid_payload__400_422[payload2]","Негатив: невалидный body"
"passed","Sat Apr 11 01:56:02 UTC 2026","Sat Apr 11 01:56:02 UTC 2026","588","tests.account","test_history_group_volumes_admin","","","","test_group_volumes_history_admin_happy_path_contract[1-10-admin]",""
"skipped","Sat Apr 11 00:56:27 UTC 2026","Sat Apr 11 00:56:27 UTC 2026","0","tests.tickets","test_01_get_tickets","","","","test_get_tickets_success[filter2-sort1-search1-pagination1-partner]","Позитивный тест: получение списка тикетов с разными комбинациями параметров"
"skipped","Sat Apr 11 01:29:56 UTC 2026","Sat Apr 11 01:29:57 UTC 2026","783","tests.reviews","test_reviews_create_post","","","","test_reviews_create_invalid_types_return_client_error[patch2]",""
"skipped","Sat Apr 11 01:04:19 UTC 2026","Sat Apr 11 01:04:19 UTC 2026","0","tests.account","test_account_branded_wallet_get","","","","test_get_with_image_returns_all_fields[partner]","
    Позитив: загрузили картинку (в текущий период) → GET (по текущему периоду) возвращает корректную схему ответа
    "
"passed","Sat Apr 11 01:21:49 UTC 2026","Sat Apr 11 01:21:50 UTC 2026","601","tests.delivery","test_02_get_delivery_address","","","","test_history_invalid_pagination_should_fail[bad_body2-client]","
    Негатив: валидация PaginationRequest
    "
"skipped","Sat Apr 11 01:43:51 UTC 2026","Sat Apr 11 01:43:51 UTC 2026","0","tests.orders","test_shop_digital_flow","","","","test_one_click_invalid_payment_method_returns_400[client]","
    payment_method_code не существует = 400
    "
"passed","Sat Apr 11 01:38:59 UTC 2026","Sat Apr 11 01:39:00 UTC 2026","609","tests.admin_panel","test_partner_accrual_details_main_bonus","","","","test_main_bonus_details_forbidden_to_non_admin[client]","
    Негатив: клиент/партнёр стучится в /admin/partner-accrual-details/main-bonus → 403
    "
"passed","Sat Apr 11 00:55:13 UTC 2026","Sat Apr 11 00:55:15 UTC 2026","2177","tests.tickets","test_04_create_ticket","","","","test_create_ticket_success[admin-attachments1-ReceivingDefectiveProductsOrShortage]","Позитивный тест: создание тикета с разными темами и вложениями для клиента, партнера и админа"
"passed","Sat Apr 11 01:48:16 UTC 2026","Sat Apr 11 01:48:18 UTC 2026","2421","tests.admin_panel.categories","test_81_delete_category_translation","","","","test_delete_category_translation_forbidden[partner]","Негативный тест: удаление перевода не-админом запрещено."
"skipped","Sat Apr 11 00:50:28 UTC 2026","Sat Apr 11 00:50:31 UTC 2026","2233","tests.one_c","test_cart_calculate_full_coverage","","","","test_cdek_city_id_mismatch",""
"skipped","Sat Apr 11 01:23:43 UTC 2026","Sat Apr 11 01:23:43 UTC 2026","583","tests.statistic","test_team_activations","","","","test_get_team_activation_statistic_negative[payload1-client]","Негативный тест: ошибка при получении статистики активации команды с невалидным телом запроса"
"skipped","Sat Apr 11 01:56:09 UTC 2026","Sat Apr 11 01:56:09 UTC 2026","0","tests.admin_panel.periods","test_post_admin_approve_marketing_result_with_period","","","","test_post_admin_approve_marketing_result_with_period__200_strict",""
"passed","Sat Apr 11 01:23:08 UTC 2026","Sat Apr 11 01:23:08 UTC 2026","802","tests.admin_panel.promo","test_72_create_promotion","","","","test_create_promotion_invalid_data[payload7-400]","Негативные тесты: невалидные данные"
"passed","Sat Apr 11 00:55:38 UTC 2026","Sat Apr 11 00:55:40 UTC 2026","2078","tests.tickets","test_04_create_ticket","","","","test_create_ticket_success[admin-attachments2-QuestionsAboutTheWorkOfTheStructureAndMentors]","Позитивный тест: создание тикета с разными темами и вложениями для клиента, партнера и админа"
"failed","Sat Apr 11 01:59:17 UTC 2026","Sat Apr 11 01:59:18 UTC 2026","1150","tests.promo_time.new_year_lottery","test_new_year_lottery_info","","","","test_get_new_year_lottery_info_with_history[client]","
    Для текущего пользователя руками создаём несколько купонов:
      - is_valid = true → попадают в coupons_history и идут в total_coupons_count
      - is_valid = false → игнорируются
    "
"passed","Sat Apr 11 00:52:35 UTC 2026","Sat Apr 11 00:52:36 UTC 2026","1192","tests.tickets","test_04_create_ticket","","","","test_create_ticket_success[partner-attachments0-QuestionsAboutTheMarriageContract]","Позитивный тест: создание тикета с разными темами и вложениями для клиента, партнера и админа"
"skipped","Sat Apr 11 00:50:27 UTC 2026","Sat Apr 11 00:50:27 UTC 2026","606","tests.one_c","test_cart_calculate_full_coverage","","","","test_random_cart[3]",""
"passed","Sat Apr 11 01:29:16 UTC 2026","Sat Apr 11 01:29:17 UTC 2026","990","tests.cart","test_10_cart_save_city","","","","test_save_city_by_id_success[client]","Позитив: сохранение города по city_id"
"skipped","Sat Apr 11 01:26:25 UTC 2026","Sat Apr 11 01:26:25 UTC 2026","0","tests.PROJECT_EDUCATION.test_system","test_03_user_answers","","","","test_user_answers_invalid_id__400_or_404[0]",""
"skipped","Sat Apr 11 00:56:27 UTC 2026","Sat Apr 11 00:56:27 UTC 2026","0","tests.tickets","test_01_get_tickets","","","","test_get_tickets_success[filter2-sort0-search1-pagination1-admin]","Позитивный тест: получение списка тикетов с разными комбинациями параметров"
"passed","Sat Apr 11 00:57:28 UTC 2026","Sat Apr 11 00:57:29 UTC 2026","574","tests.delivery","test_get_cities","","","","test_get_cities_invalid_page_size_should_fail[1.5-admin]","
    Негатив: невалидный page_size → 400/422
    "
"skipped","Sat Apr 11 01:04:19 UTC 2026","Sat Apr 11 01:04:19 UTC 2026","0","tests.account","test_0_marathon","","","","test_create_product_brand_invalid_payload[params4-400-partner]",""
"skipped","Sat Apr 11 01:04:19 UTC 2026","Sat Apr 11 01:04:19 UTC 2026","0","tests.account","test_0_marathon","","","","test_create_product_brand_invalid_payload[params5-400-partner]",""
"skipped","Sat Apr 11 00:56:42 UTC 2026","Sat Apr 11 00:56:42 UTC 2026","0","tests.stock","test_create_stock","","","","test_create_stock_with_empty_string_log_if_not_200[address.apartment]",""
"passed","Sat Apr 11 01:45:35 UTC 2026","Sat Apr 11 01:45:36 UTC 2026","783","tests.admin_panel.promo","test_76_get_promotion_items","","","","test_get_promotion_item_invalid_id[-1--1]","Негативный тест: получение элемента с невалидным ID"
"passed","Sat Apr 11 01:41:32 UTC 2026","Sat Apr 11 01:41:33 UTC 2026","796","tests.tickets","test_02_get_ticket_by_id","","","","test_get_ticket_invalid_id[0]","Негативный тест: передан некорректный ID."
"passed","Sat Apr 11 01:31:07 UTC 2026","Sat Apr 11 01:31:09 UTC 2026","1643","tests.cart","test_delivery_address_save_apply","","","","test_save_address_apply_true_kz_rejected",""
"skipped","Sat Apr 11 01:54:00 UTC 2026","Sat Apr 11 01:54:00 UTC 2026","0","tests.account","test_funds_transfer_list","","","","test_get_funds_transfer_list_positive[client-payload1]","Позитивные тесты на получение истории переводов/выводов средств"
"passed","Sat Apr 11 00:53:47 UTC 2026","Sat Apr 11 00:53:50 UTC 2026","2076","tests.tickets","test_04_create_ticket","","","","test_create_ticket_success[partner-attachments2-QuestionsAboutTheWorkOfTheStructureAndMentors]","Позитивный тест: создание тикета с разными темами и вложениями для клиента, партнера и админа"
"passed","Sat Apr 11 01:23:29 UTC 2026","Sat Apr 11 01:23:29 UTC 2026","785","tests.admin_panel.sliders","test_52_create_slider","","","","test_create_slider_invalid_payload[payload10-422]","Негативный тест: попытка создать слайдер с невалидным payload."
"passed","Sat Apr 11 01:12:22 UTC 2026","Sat Apr 11 01:12:23 UTC 2026","578","tests.delivery","test_get_cities_v2","","","","test_get_cities_v2_invalid_country_id_should_fail[True-admin]","
    Негатив: невалидные значения country_id → 400/422
    "
"passed","Sat Apr 11 01:30:38 UTC 2026","Sat Apr 11 01:30:40 UTC 2026","2012","tests.cart","test_23_cart_calculate_delivery_flag","","","","test_update_cart_item_invalid_calculate_delivery_flag[123-client]",""
"passed","Sat Apr 11 01:26:45 UTC 2026","Sat Apr 11 01:26:46 UTC 2026","629","tests.account","test_account_branded_wallet_upload","","","","test_upload_invalid_base64_returns_400[partner]","Негатив: невалидная base64 → 400"
"skipped","Sat Apr 11 01:37:36 UTC 2026","Sat Apr 11 01:37:37 UTC 2026","609","tests.register","test_01_register_form","","","","test_register_form_negative[admin-payload2-400]",""
"passed","Sat Apr 11 01:08:42 UTC 2026","Sat Apr 11 01:08:44 UTC 2026","1170","tests.admin_panel.sliders","test_54_update_slider","","","","test_update_slider_invalid_payload[payload9-400]","Негативный тест: обновление слайдера с невалидным или неполным телом запроса."
"passed","Sat Apr 11 01:26:19 UTC 2026","Sat Apr 11 01:26:20 UTC 2026","583","tests.orders","test_create_order_by_delivery_address","","","","test_create_order_invalid_data[invalid_payload1-expected_status1-client]",""
"passed","Sat Apr 11 01:39:00 UTC 2026","Sat Apr 11 01:39:00 UTC 2026","578","tests.admin_panel","test_partner_accrual_details_main_bonus","","","","test_main_bonus_details_forbidden_to_non_admin[partner]","
    Негатив: клиент/партнёр стучится в /admin/partner-accrual-details/main-bonus → 403
    "
"skipped","Sat Apr 11 01:04:19 UTC 2026","Sat Apr 11 01:04:19 UTC 2026","0","tests.account","test_0_marathon","","","","test_create_product_brand_invalid_payload[params6-400-admin]",""
"skipped","Sat Apr 11 00:50:13 UTC 2026","Sat Apr 11 00:50:14 UTC 2026","924","tests.one_c","test_cart_calculate_full_coverage","","","","test_address_fields[country-]",""
"skipped","Sat Apr 11 01:07:25 UTC 2026","Sat Apr 11 01:07:25 UTC 2026","0","tests.PROJECT_EDUCATION.orders","test_post_orders","","","","test_post_orders_unauthorized__401_403[headers1]","Негатив: без авторизации"
"skipped","Sat Apr 11 01:44:12 UTC 2026","Sat Apr 11 01:44:12 UTC 2026","0","tests.PROJECT_EDUCATION.test_system","test_04_finish_test","","","","test_finish_test_invalid_id__400_or_404[-1]",""
"passed","Sat Apr 11 01:45:05 UTC 2026","Sat Apr 11 01:45:14 UTC 2026","8809","tests.admin_panel.products","test_product_files_get_upload_urls","","","","test_get_upload_urls_without_lang_code",""
"skipped","Sat Apr 11 01:44:12 UTC 2026","Sat Apr 11 01:44:12 UTC 2026","0","tests.PROJECT_EDUCATION.test_system","test_05_get_info","","","","test_get_info_invalid_id__400_or_404[abc]","Негатив: невалидный id в path"
"passed","Sat Apr 11 01:31:47 UTC 2026","Sat Apr 11 01:31:48 UTC 2026","582","tests.delivery","test_get_boxberry_offices","","","","test_get_boxberry_offices_invalid_city_id_should_fail[-admin]",""
"passed","Sat Apr 11 01:25:04 UTC 2026","Sat Apr 11 01:25:05 UTC 2026","578","tests.admin_panel.categories","test_57_v2_update_category","","","","test_v2_update_category_unauthorized","Негативный тест: попытка обновления категории без авторизации."
"passed","Sat Apr 11 01:27:41 UTC 2026","Sat Apr 11 01:27:42 UTC 2026","847","tests.admin_panel","test_04_generate_support_token","","","","test_invalid_user_id_for_token_returns_client_error[abc]",""
"failed","Sat Apr 11 01:58:22 UTC 2026","Sat Apr 11 01:58:23 UTC 2026","591","tests.admin_panel.periods","test_get_approved_marketing_periods","","","","test_get_admin_approved_marketing_periods__forbidden[partner]",""
"skipped","Sat Apr 11 01:54:10 UTC 2026","Sat Apr 11 01:54:10 UTC 2026","0","tests.account","test_update_default_stock","","","","test_update_default_stock_positive[partner-payload0]","Позитивные тесты на изменение дефолтного склада"
"passed","Sat Apr 11 01:29:21 UTC 2026","Sat Apr 11 01:29:22 UTC 2026","627","tests.cart","test_10_cart_save_city","","","","test_save_city_invalid_payload[partner-payload0]","Негатив: невалидный payload."
"passed","Sat Apr 11 01:58:21 UTC 2026","Sat Apr 11 01:58:22 UTC 2026","791","tests.admin_panel.periods","test_get_approved_marketing_periods","","","","test_get_admin_approved_marketing_periods__200_contract",""
"passed","Sat Apr 11 01:52:24 UTC 2026","Sat Apr 11 01:52:24 UTC 2026","643","tests.cart","test_04_cart_full_data","","","","test_full_data_invalid_calculate_delivery_flag[bad_flag3-client]",""
"passed","Sat Apr 11 01:21:55 UTC 2026","Sat Apr 11 01:21:56 UTC 2026","625","tests.delivery","test_02_get_delivery_address","","","","test_history_invalid_pagination_should_fail[bad_body6-partner]","
    Негатив: валидация PaginationRequest
    "
"passed","Sat Apr 11 01:23:30 UTC 2026","Sat Apr 11 01:23:31 UTC 2026","791","tests.admin_panel.sliders","test_52_create_slider","","","","test_create_slider_invalid_payload[payload12-422]","Негативный тест: попытка создать слайдер с невалидным payload."
"passed","Sat Apr 11 01:53:03 UTC 2026","Sat Apr 11 01:53:03 UTC 2026","579","tests.delivery","test_get_georgian_post_pickup_points","","","","test_get_georgian_post_pickup_points_success[1-partner]","Позитив: успешное получение списка ПВЗ грузинской почты по city_id."
"skipped","Sat Apr 11 00:56:42 UTC 2026","Sat Apr 11 00:56:42 UTC 2026","0","tests.stock","test_create_stock","","","","test_create_stock_with_empty_string_log_if_not_200[address.station]",""
"skipped","Sat Apr 11 00:56:27 UTC 2026","Sat Apr 11 00:56:27 UTC 2026","0","tests.tickets","test_01_get_tickets","","","","test_get_tickets_success[filter1-sort1-search2-pagination1-client]","Позитивный тест: получение списка тикетов с разными комбинациями параметров"
"passed","Sat Apr 11 01:18:55 UTC 2026","Sat Apr 11 01:18:57 UTC 2026","2091","tests.admin_panel.categories","test_80_create_category_translation","","","","test_create_category_translation_success[ky]","Позитивный тест: создание/обновление перевода категории для разных языков."
"skipped","Sat Apr 11 00:56:27 UTC 2026","Sat Apr 11 00:56:27 UTC 2026","0","tests.tickets","test_01_get_tickets","","","","test_get_tickets_success[filter0-sort1-search1-pagination1-partner]","Позитивный тест: получение списка тикетов с разными комбинациями параметров"
"passed","Sat Apr 11 01:08:56 UTC 2026","Sat Apr 11 01:08:58 UTC 2026","2124","tests.cart","test_20_cart_recommended_products","","","","test_cart_recommended_products_empty_cart[partner]",""
"passed","Sat Apr 11 01:43:06 UTC 2026","Sat Apr 11 01:43:06 UTC 2026","582","tests.admin_panel.items","test_get_item_translation","","","","test_get_item_translation_unauthorized",""
"passed","Sat Apr 11 01:08:31 UTC 2026","Sat Apr 11 01:08:32 UTC 2026","1312","tests.admin_panel.sliders","test_54_update_slider","","","","test_update_slider_invalid_payload[payload4-expected_code4]","Негативный тест: обновление слайдера с невалидным или неполным телом запроса."
"failed","Sat Apr 11 01:37:20 UTC 2026","Sat Apr 11 01:37:21 UTC 2026","1068","tests.orders","test_group_order_v2_create","","","","test_group_order_v2_create_with_item_ids_happy_path[partner]",""
"skipped","Sat Apr 11 00:49:02 UTC 2026","Sat Apr 11 00:49:03 UTC 2026","886","tests.one_c","test_cart_calculate_full_coverage","","","","test_packaging_invalid_numbers[volume--1]",""
"passed","Sat Apr 11 01:50:46 UTC 2026","Sat Apr 11 01:50:47 UTC 2026","578","tests.stock","test_get_stock_by_id","","","","test_get_stock_by_invalid_id[1.5-admin]","Невалидные значения ID склада"
"skipped","Sat Apr 11 01:44:12 UTC 2026","Sat Apr 11 01:44:12 UTC 2026","0","tests.PROJECT_EDUCATION.test_system","test_01_start_test","","","","test_start_test_invalid_id__400_or_404[None]",""
"skipped","Sat Apr 11 01:23:41 UTC 2026","Sat Apr 11 01:23:41 UTC 2026","617","tests.statistic","test_team_activations","","","","test_get_team_activation_statistic_negative[payload0-client]","Негативный тест: ошибка при получении статистики активации команды с невалидным телом запроса"
"passed","Sat Apr 11 01:58:48 UTC 2026","Sat Apr 11 01:58:49 UTC 2026","605","tests.delivery","test_03_delete_delivery_address","","","","test_delete_address__unauthorized",""
"passed","Sat Apr 11 01:30:44 UTC 2026","Sat Apr 11 01:30:48 UTC 2026","3966","tests.cart","test_23_cart_calculate_delivery_flag","","","","test_update_cart_item_invalid_calculate_delivery_flag[false-client]",""
"passed","Sat Apr 11 01:25:36 UTC 2026","Sat Apr 11 01:25:37 UTC 2026","791","tests.admin_panel.items","test_create_item","","","","test_create_item_unauthorized","Негативный тест: создание варианта без авторизации."
"passed","Sat Apr 11 01:22:13 UTC 2026","Sat Apr 11 01:22:14 UTC 2026","613","tests.admin_panel.products","test_40_create_product_brand","","","","test_create_product_brand_forbidden[partner]","Негативный тест: создание бренда не-админом запрещено."
"failed","Sat Apr 11 02:00:53 UTC 2026","Sat Apr 11 02:00:53 UTC 2026","591","tests.statistic","test_0_dashboard","","","","test_get_dashboard_statistic[client]","Позитивный тест: получение статистики для дашборда ""прирост или убыль в числовом виде"
"skipped","Sat Apr 11 00:56:42 UTC 2026","Sat Apr 11 00:56:42 UTC 2026","0","tests.stock","test_create_stock","","","","test_create_stock_with_empty_string_log_if_not_200[type]",""
"failed","Sat Apr 11 02:00:06 UTC 2026","Sat Apr 11 02:00:07 UTC 2026","606","tests.catalog","test_recommended_products_selfpickup","","","","test_recommended_products_selfpickup_not_break_global_flow","
    deprecated ручка не ломает основной сценарий
    "
"skipped","Sat Apr 11 01:38:36 UTC 2026","Sat Apr 11 01:38:38 UTC 2026","1683","tests.tickets","test_06_close_ticket","","","","test_close_tickets_negative[client-ticket_ids0-400]","Негативные тесты: закрытие с некорректными данными"
"passed","Sat Apr 11 01:22:29 UTC 2026","Sat Apr 11 01:22:30 UTC 2026","571","tests.admin_panel.products","test_42_update_product_brand","","","","test_update_product_brand_unauthorized","Негативный тест: попытка обновления бренда без авторизации."
"passed","Sat Apr 11 01:22:54 UTC 2026","Sat Apr 11 01:22:56 UTC 2026","1230","tests.admin_panel.products","test_42_update_product_brand","","","","test_update_product_brand_invalid_payload[payload7-422]","Негативный тест: обновление бренда с невалидным или неполным телом запроса."
"skipped","Sat Apr 11 01:57:14 UTC 2026","Sat Apr 11 01:57:15 UTC 2026","591","tests.cart","test_16_cart_update_stock","","","","test_update_stock_invalid_payload[partner-payload0]","Негатив: невалидный payload"
"passed","Sat Apr 11 00:52:39 UTC 2026","Sat Apr 11 00:52:41 UTC 2026","1223","tests.tickets","test_04_create_ticket","","","","test_create_ticket_success[partner-attachments0-OtherQuestions]","Позитивный тест: создание тикета с разными темами и вложениями для клиента, партнера и админа"
"passed","Sat Apr 11 00:57:50 UTC 2026","Sat Apr 11 00:57:51 UTC 2026","821","tests.account","test_update_utc_offset","","","","test_update_utc_offset_valid_values[-07-expected2-client]",""
"passed","Sat Apr 11 01:46:44 UTC 2026","Sat Apr 11 01:46:48 UTC 2026","3911","tests.orders","test_group_order_join_roles_and_rejections","","","","test_group_order_join_without_auth_rejected","
    Негатив: без токена
    "
"passed","Sat Apr 11 01:29:24 UTC 2026","Sat Apr 11 01:29:25 UTC 2026","597","tests.cart","test_10_cart_save_city","","","","test_save_city_unauthorized","Негатив: вызов без авторизации/корзины"
"passed","Sat Apr 11 01:32:23 UTC 2026","Sat Apr 11 01:32:23 UTC 2026","610","tests.delivery","test_get_self_pickup_offices","","","","test_get_self_pickup_offices_success[142257-partner]","Позитив: успешное получение списка ПВЗ ЭВЫ по city_id."
"skipped","Sat Apr 11 00:56:26 UTC 2026","Sat Apr 11 00:56:26 UTC 2026","0","tests.tickets","test_01_get_tickets","","","","test_get_tickets_success[filter0-sort0-search0-pagination1-client]","Позитивный тест: получение списка тикетов с разными комбинациями параметров"
"passed","Sat Apr 11 00:50:58 UTC 2026","Sat Apr 11 00:50:59 UTC 2026","1204","tests.tickets","test_04_create_ticket","","","","test_create_ticket_success[client-attachments0-ReceivingProductsShortage]","Позитивный тест: создание тикета с разными темами и вложениями для клиента, партнера и админа"
"passed","Sat Apr 11 00:59:47 UTC 2026","Sat Apr 11 00:59:49 UTC 2026","2338","tests.cart","test_01_user_locale","","","","test_update_user_locale_invalid_language_enum[partner-RU]",""
"skipped","Sat Apr 11 01:54:00 UTC 2026","Sat Apr 11 01:54:00 UTC 2026","0","tests.account","test_funds_transfer_list","","","","test_get_funds_transfer_list_positive[partner-payload1]","Позитивные тесты на получение истории переводов/выводов средств"
"passed","Sat Apr 11 01:35:07 UTC 2026","Sat Apr 11 01:35:08 UTC 2026","1288","tests.reviews","test_reviews_list_post","","","","test_reviews_list_filter_search_sort_happy_path",""
"passed","Sat Apr 11 01:35:13 UTC 2026","Sat Apr 11 01:35:14 UTC 2026","816","tests.reviews","test_reviews_list_post","","","","test_reviews_list_invalid_period_filter_returns_client_error[a/b]",""
"passed","Sat Apr 11 01:35:10 UTC 2026","Sat Apr 11 01:35:11 UTC 2026","858","tests.reviews","test_reviews_list_post","","","","test_reviews_list_invalid_enums_return_client_error[bad_payload2]",""
"skipped","Sat Apr 11 01:52:56 UTC 2026","Sat Apr 11 01:52:57 UTC 2026","646","tests.delivery","test_get_europost_offices","","","","test_get_europost_offices_invalid_city_id_should_fail[-1-admin]",""
"passed","Sat Apr 11 01:35:58 UTC 2026","Sat Apr 11 01:35:59 UTC 2026","797","tests.admin_panel","test_partner_accrual_details_common","","","","test_common_accrual_details_invalid_payload[payload3-expected_codes3]","
    Негатив: валидация тела запроса общей детализации.
    "
"skipped","Sat Apr 11 00:56:27 UTC 2026","Sat Apr 11 00:56:27 UTC 2026","0","tests.tickets","test_01_get_tickets","","","","test_get_tickets_success[filter0-sort1-search2-pagination0-admin]","Позитивный тест: получение списка тикетов с разными комбинациями параметров"
"passed","Sat Apr 11 01:59:52 UTC 2026","Sat Apr 11 01:59:52 UTC 2026","665","tests.cart","test_03_cart_get","","","","test_get_cart_unauthorized","Негатив: запрос без авторизации/корзины."
"passed","Sat Apr 11 01:06:19 UTC 2026","Sat Apr 11 01:06:22 UTC 2026","2316","tests.one_c","test_free_delivery_to_regions_and_cities","","","","test_1c_free_delivery_remove_from_all_regions_only",""
"passed","Sat Apr 11 01:01:13 UTC 2026","Sat Apr 11 01:01:18 UTC 2026","4077","tests.cart","test_12_cart_estimate_delivery","","","","test_estimate_delivery_success[client-dpd_courier-payload12]","
    Позитив: корзина с товаром, выбор способа доставки и расчёт стоимости для разных служб
    "
"skipped","Sat Apr 11 01:05:28 UTC 2026","Sat Apr 11 01:05:28 UTC 2026","0","tests.admin_panel.categories","test_50_upload_category_images","","","","test_upload_category_images_file_too_large[4.7-fields_to_send0-204]","Негативный тест: загрузка слишком большого изображения."
"passed","Sat Apr 11 01:42:03 UTC 2026","Sat Apr 11 01:42:04 UTC 2026","879","tests.admin_panel","test_03_support_delete_user","","","","test_invalid_id_returns_client_error[]","
    Кривой/отсутствующий id в path:
    ожидаем клиентскую ошибку (400/404/405), а не 5xx.
    "
"skipped","Sat Apr 11 00:56:42 UTC 2026","Sat Apr 11 00:56:42 UTC 2026","0","tests.stock","test_create_stock","","","","test_create_stock_with_empty_string_log_if_not_200[boxberry_office_code]",""
"skipped","Sat Apr 11 01:05:25 UTC 2026","Sat Apr 11 01:05:25 UTC 2026","0","tests.catalog","test_create_admin_product","","","","test_create_product_duplicate_slug[de]",""
"skipped","Sat Apr 11 00:49:59 UTC 2026","Sat Apr 11 00:50:00 UTC 2026","1036","tests.one_c","test_cart_calculate_full_coverage","","","","test_email_validation[shipping_customer-test@]",""
"passed","Sat Apr 11 01:56:04 UTC 2026","Sat Apr 11 01:56:05 UTC 2026","612","tests.account","test_history_group_volumes_admin","","","","test_group_volumes_history_admin_missing_required_fields_validation[admin]",""
"skipped","Sat Apr 11 01:36:14 UTC 2026","Sat Apr 11 01:36:14 UTC 2026","0","tests.admin_panel.minions","test_admin_add_lo","","","","test_post_admin_add_lo_positive_returns_minion_data_and_tracks_admin_accrual","
    Позитивный сценарий:
    - ручка доступна админу
    - принимает user_id и lo
    - возвращает AllUserDataResp
    - содержит поле bonus_system_data.lo_accrual_from_admin
    - значение поля увеличивается на величину lo
    "
"passed","Sat Apr 11 01:11:15 UTC 2026","Sat Apr 11 01:11:20 UTC 2026","4748","tests.cart","test_free_delivery_by_rc_and_belts","","","","test_below_threshold_contract[\u0425\u0430\u0431\u0430\u0440\u043e\u0432\u0441\u043a-client-zone_2-belt_cfg1]","
    КОНТРАКТ:
    free МОЖЕТ быть
    платная МОЖЕТ быть
    advance_costs МОЖЕТ быть []
    "
"skipped","Sat Apr 11 00:48:18 UTC 2026","Sat Apr 11 00:48:19 UTC 2026","1010","tests.one_c","test_cart_calculate_full_coverage","","","","test_required_fields[shipping_customer]",""
"passed","Sat Apr 11 01:49:05 UTC 2026","Sat Apr 11 01:49:06 UTC 2026","803","tests.admin_panel.promo","test_75_delete_promotion_by_id","","","","test_delete_promotion_invalid_id[abc]","Негативный тест: удаление несуществующей или некорректной акции."
"skipped","Sat Apr 11 01:26:25 UTC 2026","Sat Apr 11 01:26:25 UTC 2026","0","tests.PROJECT_EDUCATION.test_system","test_03_user_answers","","","","test_user_answers_invalid_id__400_or_404[None]",""
"passed","Sat Apr 11 00:59:30 UTC 2026","Sat Apr 11 00:59:33 UTC 2026","2379","tests.cart","test_01_user_locale","","","","test_update_user_locale_invalid_language_enum[client-EN]",""
"passed","Sat Apr 11 01:07:39 UTC 2026","Sat Apr 11 01:07:41 UTC 2026","1311","tests.admin_panel.promo","test_74_update_promotion","","","","test_update_promotion_invalid_payload[payload0-400]","Негативный тест: обновление акции с невалидным или неполным телом запроса"
"passed","Sat Apr 11 01:36:45 UTC 2026","Sat Apr 11 01:36:46 UTC 2026","614","tests.auth","test_02_login","","","","test_client_login[client-invalid_email-401]",""
"passed","Sat Apr 11 01:53:50 UTC 2026","Sat Apr 11 01:53:50 UTC 2026","811","tests.register","test_02_register_partner","","","","test_register_partner_negative[payload3-400]","Тест: негативные тесты для регистрации партнера вручную"
"skipped","Sat Apr 11 01:53:25 UTC 2026","Sat Apr 11 01:53:25 UTC 2026","586","tests.delivery","test_get_rupost_offices","","","","test_get_rupost_offices_unauthorized",""
"passed","Sat Apr 11 00:49:51 UTC 2026","Sat Apr 11 00:49:51 UTC 2026","608","tests.one_c","test_cart_calculate_full_coverage","","","","test_bonus_info_invalid_types[bonus_to_money-0.01]",""
"skipped","Sat Apr 11 00:56:27 UTC 2026","Sat Apr 11 00:56:27 UTC 2026","0","tests.tickets","test_01_get_tickets","","","","test_get_tickets_success[filter0-sort1-search0-pagination1-client]","Позитивный тест: получение списка тикетов с разными комбинациями параметров"
"failed","Sat Apr 11 01:01:18 UTC 2026","Sat Apr 11 01:01:20 UTC 2026","2630","tests.cart","test_12_cart_estimate_delivery","","","","test_estimate_delivery_success[client-boxberry_pickup-payload13]","
    Позитив: корзина с товаром, выбор способа доставки и расчёт стоимости для разных служб
    "
"passed","Sat Apr 11 02:00:01 UTC 2026","Sat Apr 11 02:00:01 UTC 2026","600","tests.cart","test_20_cart_share","","","","test_cart_share_unauthorized","Негатив: вызов без авторизации/корзины"
"skipped","Sat Apr 11 01:54:00 UTC 2026","Sat Apr 11 01:54:00 UTC 2026","0","tests.account","test_family_agreement_create_three","","","","test_create_family_agreement_three_positive[admin-payload1]","Позитивные тесты на создание семейного соглашения при аннулировании второго партнера"
"skipped","Sat Apr 11 01:54:00 UTC 2026","Sat Apr 11 01:54:00 UTC 2026","0","tests.account","test_family_agreement_create_three","","","","test_create_family_agreement_three_positive[client-payload1]","Позитивные тесты на создание семейного соглашения при аннулировании второго партнера"
"passed","Sat Apr 11 01:45:36 UTC 2026","Sat Apr 11 01:45:37 UTC 2026","837","tests.admin_panel.promo","test_76_get_promotion_items","","","","test_get_promotion_item_invalid_id[0-0]","Негативный тест: получение элемента с невалидным ID"
"skipped","Sat Apr 11 01:04:19 UTC 2026","Sat Apr 11 01:04:19 UTC 2026","0","tests.account","test_account_branded_wallet_get","","","","test_get_invalid_period_returns_422[period2-partner]","
    Негатив: невалидные month/year → 422.
    "
"passed","Sat Apr 11 01:36:46 UTC 2026","Sat Apr 11 01:36:47 UTC 2026","624","tests.auth","test_02_login","","","","test_client_login[client-empty_all-400]",""
"passed","Sat Apr 11 01:48:43 UTC 2026","Sat Apr 11 01:48:44 UTC 2026","786","tests.admin_panel.items","test_delete_item_translation","","","","test_delete_item_translation_invalid_id[abc]","Негативный тест: удаление перевода с невалидным или несуществующим ID item."
"passed","Sat Apr 11 00:48:32 UTC 2026","Sat Apr 11 00:48:33 UTC 2026","589","tests.one_c","test_cart_calculate_full_coverage","","","","test_invalid_top_types[currency-123]",""
"passed","Sat Apr 11 01:26:43 UTC 2026","Sat Apr 11 01:26:43 UTC 2026","589","tests.account","test_account_branded_wallet_upload","","","","test_upload_missing_image_field_returns_400_or_422[partner]","Негатив: отсутствует поле 'image' → 400/422"
"passed","Sat Apr 11 00:58:54 UTC 2026","Sat Apr 11 00:58:56 UTC 2026","2226","tests.cart","test_01_user_locale","","","","test_update_user_locale_valid_payload[partner-payload5]",""
"skipped","Sat Apr 11 00:50:10 UTC 2026","Sat Apr 11 00:50:11 UTC 2026","880","tests.one_c","test_cart_calculate_full_coverage","","","","test_address_fields[city-]",""
"passed","Sat Apr 11 01:21:35 UTC 2026","Sat Apr 11 01:21:36 UTC 2026","870","tests.admin_panel.promo","test_77_create_promotion_item","","","","test_create_promotion_item_invalid_ids[None-1-404]",""
"skipped","Sat Apr 11 00:49:31 UTC 2026","Sat Apr 11 00:49:32 UTC 2026","931","tests.one_c","test_cart_calculate_full_coverage","","","","test_payment_invalid_uuid[123]",""
"passed","Sat Apr 11 00:57:35 UTC 2026","Sat Apr 11 00:57:35 UTC 2026","575","tests.delivery","test_get_cities","","","","test_get_cities_invalid_country_id_should_fail[bad_country_id7-admin]","
    Негатив: невалидный country_id → 400/422
    "
"passed","Sat Apr 11 01:39:29 UTC 2026","Sat Apr 11 01:39:32 UTC 2026","2319","tests.admin_panel.products","test_41_get_product_brand_by_id","","","","test_get_product_brands_by_id_forbidden[partner]","Негативный тест: получение бренда по ID не админом"
"passed","Sat Apr 11 01:19:13 UTC 2026","Sat Apr 11 01:19:14 UTC 2026","827","tests.admin_panel.categories","test_80_create_category_translation","","","","test_create_category_translation_invalid_payload[payload4-400]","Негативный тест: создание перевода с невалидным payload."
"skipped","Sat Apr 11 01:55:51 UTC 2026","Sat Apr 11 01:55:54 UTC 2026","2916","tests.catalog","test_products_list","","","","test_get_products_list_invalid_country_id[0]","
    Негативный: некорректный country_id в query
    "
"passed","Sat Apr 11 01:43:55 UTC 2026","Sat Apr 11 01:43:56 UTC 2026","1599","tests.tickets","test_12_delete_message","","","","test_delete_ticket_message_not_admin[client]","Негативный тест: клиент/партнёр пытается удалить своё сообщение"
"skipped","Sat Apr 11 00:56:27 UTC 2026","Sat Apr 11 00:56:27 UTC 2026","0","tests.tickets","test_01_get_tickets","","","","test_get_tickets_success[filter2-sort1-search1-pagination0-partner]","Позитивный тест: получение списка тикетов с разными комбинациями параметров"
"skipped","Sat Apr 11 01:05:25 UTC 2026","Sat Apr 11 01:05:28 UTC 2026","2623","tests.admin_panel.categories","test_50_upload_category_images","","","","test_upload_category_images_success","Позитивный тест: успешная загрузка изображений категории через multipart/form-data."
"passed","Sat Apr 11 01:36:00 UTC 2026","Sat Apr 11 01:36:01 UTC 2026","852","tests.admin_panel","test_partner_accrual_details_common","","","","test_common_accrual_details_invalid_payload[payload5-expected_codes5]","
    Негатив: валидация тела запроса общей детализации.
    "
"passed","Sat Apr 11 01:14:13 UTC 2026","Sat Apr 11 01:14:21 UTC 2026","7721","tests.catalog","test_update_admin_product","","","","test_update_admin_product_invalid_payload[update_payload3-400]",""
"passed","Sat Apr 11 01:36:41 UTC 2026","Sat Apr 11 01:36:42 UTC 2026","631","tests.auth","test_02_login","","","","test_admin_login[admin-admin-Aa1234567-200]",""
"skipped","Sat Apr 11 00:56:27 UTC 2026","Sat Apr 11 00:56:27 UTC 2026","0","tests.tickets","test_01_get_tickets","","","","test_get_tickets_success[filter0-sort1-search0-pagination0-admin]","Позитивный тест: получение списка тикетов с разными комбинациями параметров"
"skipped","Sat Apr 11 01:50:53 UTC 2026","Sat Apr 11 01:50:54 UTC 2026","1021","tests.stock","test_get_stocks","","","","test_get_stocks_invalid_country_id[1.5-admin]","Проверка получения складов по невалидному country_id"
"passed","Sat Apr 11 00:59:33 UTC 2026","Sat Apr 11 00:59:35 UTC 2026","2605","tests.cart","test_01_user_locale","","","","test_update_user_locale_invalid_language_enum[client-123]",""
"skipped","Sat Apr 11 00:48:44 UTC 2026","Sat Apr 11 00:48:45 UTC 2026","997","tests.one_c","test_cart_calculate_full_coverage","","","","test_products_invalid_types[price-None]",""
"skipped","Sat Apr 11 01:38:44 UTC 2026","Sat Apr 11 01:38:46 UTC 2026","1682","tests.tickets","test_06_close_ticket","","","","test_close_tickets_negative[partner-ticket_ids0-400]","Негативные тесты: закрытие с некорректными данными"
"skipped","Sat Apr 11 01:53:23 UTC 2026","Sat Apr 11 01:53:24 UTC 2026","642","tests.delivery","test_get_rupost_offices","","","","test_get_rupost_offices_invalid_city_id_should_fail[-1-admin]",""
"passed","Sat Apr 11 01:57:08 UTC 2026","Sat Apr 11 01:57:08 UTC 2026","604","tests.auth","test_05_logout","","","","test_logout_success[admin]","Тест разлогинивания с валидным токеном (клиент, партнёр, админ)"
"passed","Sat Apr 11 01:41:54 UTC 2026","Sat Apr 11 01:41:55 UTC 2026","1468","tests.admin_panel","test_03_support_delete_user","","","","test_admin_can_delete_support_by_user_id_soft_delete","
    DELETE /admin/support-users/{id}
    "
"skipped","Sat Apr 11 01:07:25 UTC 2026","Sat Apr 11 01:07:25 UTC 2026","0","tests.PROJECT_EDUCATION.orders","test_post_orders","","","","test_post_orders_200_paid_test__schema_and_cleanup","Позитив: платный курс - заказ создаётся"
"passed","Sat Apr 11 01:39:44 UTC 2026","Sat Apr 11 01:39:45 UTC 2026","1616","tests.admin_panel.promo","test_73_get_promotion_by_id","","","","test_get_promotion_by_id_forbidden[partner]","Негативный тест: получение акции по ID не админом"
"passed","Sat Apr 11 01:18:25 UTC 2026","Sat Apr 11 01:18:26 UTC 2026","624","tests.delivery","test_self_pickup_offices","","","","test_self_pickup_offices_unknown_city_returns_empty_list[partner]","
    Позитив: неизвестный city_id -> 200 и пустой список
    "
"skipped","Sat Apr 11 01:43:51 UTC 2026","Sat Apr 11 01:43:51 UTC 2026","0","tests.orders","test_shop_digital_flow","","","","test_payment_status_happy_path[client]",""
"passed","Sat Apr 11 01:08:11 UTC 2026","Sat Apr 11 01:08:12 UTC 2026","1668","tests.admin_panel.sliders","test_54_update_slider","","","","test_update_slider_unique_name_should_fail_if_not_unique","Негативный тест: попытка обновить unique_name слайдера на уже существующий."
"passed","Sat Apr 11 01:26:54 UTC 2026","Sat Apr 11 01:26:54 UTC 2026","593","tests.account","test_history_group_volumes","","","","test_group_volumes_history_happy_path_contract[1-10-partner]",""
"skipped","Sat Apr 11 01:54:00 UTC 2026","Sat Apr 11 01:54:00 UTC 2026","0","tests.account","test_funds_transfer_send","","","","test_send_funds_transfer_positive[admin-payload1]","Позитивные тесты на перевод/вывод средств по visibleId"
"skipped","Sat Apr 11 00:56:27 UTC 2026","Sat Apr 11 00:56:27 UTC 2026","0","tests.tickets","test_01_get_tickets","","","","test_get_tickets_success[filter1-sort1-search1-pagination0-partner]","Позитивный тест: получение списка тикетов с разными комбинациями параметров"
"passed","Sat Apr 11 01:20:20 UTC 2026","Sat Apr 11 01:20:21 UTC 2026","1625","tests.admin_panel.products","test_44_upload_product_brand_images","","","","test_upload_only_mobile_image_should_not_fill_other_fields","Проверка: при загрузке только mobile_image другие поля не должны заполняться."
"passed","Sat Apr 11 00:54:47 UTC 2026","Sat Apr 11 00:54:49 UTC 2026","2348","tests.tickets","test_04_create_ticket","","","","test_create_ticket_success[admin-attachments1-QuestionsAboutOrders]","Позитивный тест: создание тикета с разными темами и вложениями для клиента, партнера и админа"
"passed","Sat Apr 11 01:52:07 UTC 2026","Sat Apr 11 01:52:08 UTC 2026","645","tests.admin_panel.slides","test_62_slides_update_video_url","","","","test_update_video_url_forbidden[partner]","Негативный тест: не-админ не может обновить ссылку на мастер-файл"
"passed","Sat Apr 11 01:50:44 UTC 2026","Sat Apr 11 01:50:45 UTC 2026","616","tests.stock","test_get_stock_by_id","","","","test_get_stock_by_invalid_id[abc-admin]","Невалидные значения ID склада"
"passed","Sat Apr 11 01:32:25 UTC 2026","Sat Apr 11 01:32:25 UTC 2026","618","tests.delivery","test_get_self_pickup_offices","","","","test_get_self_pickup_offices_invalid_city_id_should_fail[-admin]","Негатив: невалидные значения city_id → 400/422."
"passed","Sat Apr 11 01:52:50 UTC 2026","Sat Apr 11 01:52:51 UTC 2026","577","tests.delivery","test_get_delivery_regions","","","","test_get_delivery_regions_success[partner]","Позитив: успешное получение списка регионов."
"passed","Sat Apr 11 00:56:59 UTC 2026","Sat Apr 11 00:56:59 UTC 2026","589","tests.delivery","test_01_save_delivery_address","","","","test_save_address_missing_required_fields_should_fail[country_id-client]",""
"passed","Sat Apr 11 01:40:27 UTC 2026","Sat Apr 11 01:40:27 UTC 2026","698","tests.cart","test_14_cart_update_personal_data","","","","test_update_personal_data_success[client-payload1]","
    Позитив: обновление персональных данных
    "
"passed","Sat Apr 11 01:28:59 UTC 2026","Sat Apr 11 01:29:00 UTC 2026","1504","tests.admin_panel.users","test_post_admin_users_exclusive_preorder_permissions","","","","test_post_exclusive_preorder_permissions_validation_errors_400[payload0]","
    Негатив: некорректный payload
    "
"skipped","Sat Apr 11 01:54:00 UTC 2026","Sat Apr 11 01:54:00 UTC 2026","0","tests.account","test_history_personal_volumes_admin","","","","test_get_personal_volumes_history_admin_positive[admin-payload0]","Позитивные тесты на получение истории начисления личных объемов для админа"
"failed","Sat Apr 11 01:52:35 UTC 2026","Sat Apr 11 01:52:36 UTC 2026","890","tests.cart","test_11_cart_save_delivery_method","","","","test_cart_save_delivery_method_invalid_payload_returns_400[payload2]",""
"passed","Sat Apr 11 01:51:07 UTC 2026","Sat Apr 11 01:51:08 UTC 2026","645","tests.account","test_account_branded_wallet_delete","","","","test_delete_branded_wallet_unauthorized","
    Без авторизации → 401
    "
"skipped","Sat Apr 11 01:42:25 UTC 2026","Sat Apr 11 01:42:25 UTC 2026","0","tests.admin_panel","test_accrue_presidential_pool","","","","test_accrue_presidential_pool_invalid_payload[payload2-400]",""
"skipped","Sat Apr 11 01:54:00 UTC 2026","Sat Apr 11 01:54:00 UTC 2026","0","tests.account","test_family_agreement_create_one","","","","test_create_family_agreement_one_positive[client-payload1]","Позитивные тесты на создание семейного соглашения при отсутствующем втором партнере"
"passed","Sat Apr 11 01:00:14 UTC 2026","Sat Apr 11 01:00:15 UTC 2026","724","tests.cart","test_02_get_delivery_cost","","","","test_get_delivery_cost_success_partial_payload[partner-payload7-200]",""
"passed","Sat Apr 11 01:56:13 UTC 2026","Sat Apr 11 01:56:14 UTC 2026","593","tests.admin_panel.periods","test_post_periods_by_date_interval","","","","test_post_periods_by_date_interval__unauthorized",""
"passed","Sat Apr 11 01:14:02 UTC 2026","Sat Apr 11 01:14:10 UTC 2026","7152","tests.catalog","test_update_admin_product","","","","test_update_admin_product_invalid_payload[update_payload2-400]",""
"passed","Sat Apr 11 01:50:43 UTC 2026","Sat Apr 11 01:50:44 UTC 2026","646","tests.stock","test_get_stock_by_id","","","","test_get_stock_by_id[partner]","Запрос склада по ID"
"passed","Sat Apr 11 01:09:11 UTC 2026","Sat Apr 11 01:09:12 UTC 2026","995","tests.cart","test_20_cart_recommended_products","","","","test_cart_recommended_products_invalid_cart_cookie_no_500[-1-client]","
    невалидный cart_id в cookie
    "
"passed","Sat Apr 11 01:21:48 UTC 2026","Sat Apr 11 01:21:48 UTC 2026","642","tests.delivery","test_02_get_delivery_address","","","","test_history_invalid_pagination_should_fail[bad_body0-partner]","
    Негатив: валидация PaginationRequest
    "
"skipped","Sat Apr 11 00:56:42 UTC 2026","Sat Apr 11 00:56:42 UTC 2026","0","tests.stock","test_create_stock","","","","test_create_stock_with_empty_string_log_if_not_200[city.country_id]",""
"passed","Sat Apr 11 01:57:26 UTC 2026","Sat Apr 11 01:57:27 UTC 2026","804","tests.promo_time.new_year_lottery","test_admin_new_year_lottery_coupons","","","","test_change_coupons_requires_admin_role","
    Негатив: обычный пользователь не может дергать админскую ручку
    "
"passed","Sat Apr 11 00:56:31 UTC 2026","Sat Apr 11 00:56:31 UTC 2026","575","tests.tickets","test_01_get_tickets","","","","test_get_tickets_invalid_search[invalid_search0-400-partner]","Негативный тест: передаем некорректные параметры поиска"
"passed","Sat Apr 11 00:56:35 UTC 2026","Sat Apr 11 00:56:35 UTC 2026","579","tests.tickets","test_01_get_tickets","","","","test_get_tickets_invalid_filter[invalid_filter0-400-partner]","Негативный тест: передаем некорректные параметры фильтрации"
"passed","Sat Apr 11 01:58:31 UTC 2026","Sat Apr 11 01:58:31 UTC 2026","251","tests.auth","test_06_full_logout","","","","test_full_logout_success[admin]",""
"passed","Sat Apr 11 01:00:04 UTC 2026","Sat Apr 11 01:00:04 UTC 2026","764","tests.cart","test_02_get_delivery_cost","","","","test_get_delivery_cost_success_region_available_false[partner]","
    Позитив: успешное получение ТК, отправляя только country_id и city_name
    (Country.is_region_available = false)
    "
"passed","Sat Apr 11 01:15:58 UTC 2026","Sat Apr 11 01:16:00 UTC 2026","1311","tests.admin_panel.slides","test_57_create_slide","","","","test_create_slide_title_color_validation[#FFFFF-400]","Валидация поля title_color при создании слайда"
"failed","Sat Apr 11 01:59:34 UTC 2026","Sat Apr 11 01:59:34 UTC 2026","625","tests.account","test_0_family_agreement_get","","","","test_get_family_agreement_positive[payload0-admin]","Позитивные тесты на получение данных о семейном соглашении"
"passed","Sat Apr 11 01:23:06 UTC 2026","Sat Apr 11 01:23:07 UTC 2026","831","tests.admin_panel.promo","test_72_create_promotion","","","","test_create_promotion_invalid_data[payload5-400]","Негативные тесты: невалидные данные"
"skipped","Sat Apr 11 00:50:03 UTC 2026","Sat Apr 11 00:50:03 UTC 2026","937","tests.one_c","test_cart_calculate_full_coverage","","","","test_email_validation[shipping_customer-test.mail.com]",""
"passed","Sat Apr 11 01:42:26 UTC 2026","Sat Apr 11 01:42:28 UTC 2026","2312","tests.admin_panel.categories","test_79_get_category_translation","","","","test_get_category_translation_success",""
"passed","Sat Apr 11 01:32:07 UTC 2026","Sat Apr 11 01:32:08 UTC 2026","627","tests.delivery","test_get_dpd_offices","","","","test_get_dpd_offices_invalid_city_id_should_fail[-admin]",""
"failed","Sat Apr 11 02:00:02 UTC 2026","Sat Apr 11 02:00:03 UTC 2026","630","tests.cart","test_22_cart_fill_advanced_cost","","","","test_fill_advanced_cost_without_delivery_method_returns_ok[client]","
    используется fallback delivery_method
    "
"passed","Sat Apr 11 01:58:59 UTC 2026","Sat Apr 11 01:58:59 UTC 2026","189","tests.one_c","test_get_1с_stock","","","","test_get_1c_stock_forbidden_with_wrong_secret_key",""
"skipped","Sat Apr 11 00:50:07 UTC 2026","Sat Apr 11 00:50:08 UTC 2026","977","tests.one_c","test_cart_calculate_full_coverage","","","","test_email_validation[shipping_customer-test @mail.com]",""
"skipped","Sat Apr 11 01:55:59 UTC 2026","Sat Apr 11 01:56:00 UTC 2026","629","tests.delivery","test_get_five_post_offices","","","","test_get_five_post_offices_invalid_city_id_should_fail[-1-admin]","Негатив: невалидные значения city_id → 400/422."
"passed","Sat Apr 11 01:41:04 UTC 2026","Sat Apr 11 01:41:05 UTC 2026","1731","tests.reviews","test_reviews_update_post","","","","test_reviews_update_happy_path_admin_changes_fields",""
"passed","Sat Apr 11 01:32:13 UTC 2026","Sat Apr 11 01:32:14 UTC 2026","719","tests.delivery","test_get_emu_pickup_points","","","","test_get_emu_pickup_points_success[143796-client]","Позитив: успешное получение списка ПВЗ EMU по city_id."
"skipped","Sat Apr 11 01:50:52 UTC 2026","Sat Apr 11 01:50:53 UTC 2026","1050","tests.stock","test_get_stocks","","","","test_get_stocks_invalid_country_id[0-admin]","Проверка получения складов по невалидному country_id"
"skipped","Sat Apr 11 01:53:04 UTC 2026","Sat Apr 11 01:53:05 UTC 2026","620","tests.delivery","test_get_georgian_post_pickup_points","","","","test_get_georgian_post_pickup_points_invalid_city_id_should_fail[-1-admin]","Негатив: невалидные значения city_id → 400/422."
"skipped","Sat Apr 11 01:05:28 UTC 2026","Sat Apr 11 01:05:28 UTC 2026","0","tests.admin_panel.categories","test_50_upload_category_images","","","","test_upload_category_images_file_too_large[5.3-fields_to_send5-400]","Негативный тест: загрузка слишком большого изображения."
"skipped","Sat Apr 11 01:32:32 UTC 2026","Sat Apr 11 01:32:33 UTC 2026","642","tests.orders","test_group_order_change_country","","","","test_change_country_invalid_data[invalid_payload1-client]","Негативные тесты: передача некорректных данных"
"skipped","Sat Apr 11 00:56:27 UTC 2026","Sat Apr 11 00:56:27 UTC 2026","0","tests.tickets","test_01_get_tickets","","","","test_get_tickets_success[filter2-sort1-search2-pagination0-partner]","Позитивный тест: получение списка тикетов с разными комбинациями параметров"
"passed","Sat Apr 11 01:21:54 UTC 2026","Sat Apr 11 01:21:54 UTC 2026","614","tests.delivery","test_02_get_delivery_address","","","","test_history_invalid_pagination_should_fail[bad_body5-partner]","
    Негатив: валидация PaginationRequest
    "
"skipped","Sat Apr 11 01:54:55 UTC 2026","Sat Apr 11 01:54:56 UTC 2026","927","tests.cart","test_06_cart_update","","","","test_update_cart_item_invalid_payload[partner-payload0]","Негатив: невалидный payload"
"skipped","Sat Apr 11 01:57:17 UTC 2026","Sat Apr 11 01:57:18 UTC 2026","589","tests.cart","test_17_cart_update_user_country","","","","test_update_user_country_invalid_payload[partner-payload0]","Негатив: невалидный payload"
"failed","Sat Apr 11 01:36:49 UTC 2026","Sat Apr 11 01:36:50 UTC 2026","866","tests.catalog","test_get_recommended_products","","","","test_get_recommended_products_global_without_stock_id_success","
    stock_id не передан
    "
"skipped","Sat Apr 11 01:04:19 UTC 2026","Sat Apr 11 01:04:19 UTC 2026","0","tests.account","test_0_marathon","","","","test_create_product_brand_invalid_payload[params0-400-partner]",""
"passed","Sat Apr 11 01:06:52 UTC 2026","Sat Apr 11 01:06:52 UTC 2026","199","tests.one_c","test_free_delivery_to_regions_and_cities","","","","test_1c_free_delivery_forbidden_with_wrong_secret_key",""
"passed","Sat Apr 11 01:31:58 UTC 2026","Sat Apr 11 01:31:59 UTC 2026","609","tests.delivery","test_get_cdek_offices","","","","test_get_cdek_offices_invalid_city_id_should_fail[abc-admin]",""
"skipped","Sat Apr 11 01:44:12 UTC 2026","Sat Apr 11 01:44:12 UTC 2026","0","tests.PROJECT_EDUCATION.test_system","test_02_get_question","","","","test_get_question_invalid_id__400_or_404[1.5]",""
"passed","Sat Apr 11 01:53:55 UTC 2026","Sat Apr 11 01:53:56 UTC 2026","842","tests.register","test_03_register_client","","","","test_register_client_negative[payload3-400]","Тест: негативные тесты для регистрации клиента вручную"
"passed","Sat Apr 11 01:51:27 UTC 2026","Sat Apr 11 01:51:33 UTC 2026","5411","tests.admin_panel.products","test_02_recommended_products_add","","","","test_add_recommendation_no_rights[client]","Пользователь без прав пытается добавить рекомендации"
"passed","Sat Apr 11 00:57:08 UTC 2026","Sat Apr 11 00:57:09 UTC 2026","611","tests.delivery","test_01_save_delivery_address","","","","test_save_address_invalid_types_should_fail[name-None-client]",""
"passed","Sat Apr 11 01:40:06 UTC 2026","Sat Apr 11 01:40:08 UTC 2026","1624","tests.admin_panel.slides","test_58_get_slides_by_id","","","","test_get_slides_by_id_success","Позитивный тест: успешное получение слайда по ID админом"
"passed","Sat Apr 11 01:44:09 UTC 2026","Sat Apr 11 01:44:09 UTC 2026","642","tests.tickets","test_12_delete_message","","","","test_delete_ticket_message_without_auth","Негативный тест: удаление сообщения без авторизации"
"passed","Sat Apr 11 01:23:46 UTC 2026","Sat Apr 11 01:23:46 UTC 2026","595","tests.statistic","test_team_go","","","","test_get_team_go_statistic_positive[payload0-admin]","Позитивный тест: получение статистики по команде с валидным телом запроса"
"passed","Sat Apr 11 01:34:47 UTC 2026","Sat Apr 11 01:34:57 UTC 2026","9231","tests.admin_panel.products","test_product_files_update","","","","test_update_without_lang_code",""
"passed","Sat Apr 11 01:45:53 UTC 2026","Sat Apr 11 01:45:53 UTC 2026","609","tests.auth","test_01_check_version","","","","test_check_version[Android-0.9.0-200]","Тест проверяет API /check_version для разных платформ и версий."
"passed","Sat Apr 11 01:55:59 UTC 2026","Sat Apr 11 01:55:59 UTC 2026","602","tests.delivery","test_get_five_post_offices","","","","test_get_five_post_offices_missing_city_id_should_fail[admin]","Негатив: отсутствует обязательный query-параметр city_id → 400/422."
"skipped","Sat Apr 11 01:07:25 UTC 2026","Sat Apr 11 01:07:25 UTC 2026","0","tests.PROJECT_EDUCATION.orders","test_post_orders","","","","test_post_orders_invalid_payload__400_422[payload3]","Негатив: невалидный body"
"passed","Sat Apr 11 01:20:09 UTC 2026","Sat Apr 11 01:20:13 UTC 2026","4293","tests.admin_panel.items","test_create_item_translation","","","","test_item_translation_update_duplicate_lang_code","Позитивный тест: обновление перевода при повторной отправке с тем же lang_code."
"skipped","Sat Apr 11 00:56:27 UTC 2026","Sat Apr 11 00:56:27 UTC 2026","0","tests.tickets","test_01_get_tickets","","","","test_get_tickets_success[filter2-sort1-search2-pagination0-client]","Позитивный тест: получение списка тикетов с разными комбинациями параметров"
"failed","Sat Apr 11 01:59:50 UTC 2026","Sat Apr 11 01:59:51 UTC 2026","592","tests.cart","test_03_cart_get","","","","test_get_cart_success[client]","Позитив: получение текущей корзины."
"skipped","Sat Apr 11 02:02:04 UTC 2026","Sat Apr 11 02:02:04 UTC 2026","618","tests.for_test","test_get_last_message","","","","test_get_last_message[client]","Ручка для получения последнего сообщения для юзеров в тестовой среде"
"skipped","Sat Apr 11 00:56:20 UTC 2026","Sat Apr 11 00:56:20 UTC 2026","0","tests.tickets","test_04_create_ticket","","","","test_create_ticket_invalid_title[client-]","Негативный тест: создание тикета без заголовка"
"skipped","Sat Apr 11 01:44:12 UTC 2026","Sat Apr 11 01:44:12 UTC 2026","0","tests.PROJECT_EDUCATION.test_system","test_02_get_question","","","","test_get_question__200","
    Позитив:
    - стартуем сессию
    - GET /question -> 200 и JSON
    - после теста закрываем активные сессии
    "
"passed","Sat Apr 11 01:15:08 UTC 2026","Sat Apr 11 01:15:16 UTC 2026","7395","tests.catalog","test_update_admin_product","","","","test_update_admin_product_invalid_payload[update_payload8-422]",""
"passed","Sat Apr 11 01:03:37 UTC 2026","Sat Apr 11 01:03:39 UTC 2026","1233","tests.admin_panel.slides","test_59_update_slide","","","","test_update_slide_invalid_payload[payload9-400]","
    Негативный тест: обновление слайда с невалидным или неполным телом запроса
    "
"skipped","Sat Apr 11 00:49:08 UTC 2026","Sat Apr 11 00:49:09 UTC 2026","966","tests.one_c","test_cart_calculate_full_coverage","","","","test_packaging_invalid_numbers[length-0]",""
"passed","Sat Apr 11 01:32:25 UTC 2026","Sat Apr 11 01:32:26 UTC 2026","585","tests.delivery","test_get_self_pickup_offices","","","","test_get_self_pickup_offices_invalid_city_id_should_fail[abc-admin]","Негатив: невалидные значения city_id → 400/422."
"skipped","Sat Apr 11 01:40:44 UTC 2026","Sat Apr 11 01:40:44 UTC 2026","0","tests.chat_support","test_01_support_chat_messages_post","","","","test_create_message_wrong_field_types_returns_400[client-payload0]","
    Негатив: неверные типы полей → 400
    "
"passed","Sat Apr 11 01:50:45 UTC 2026","Sat Apr 11 01:50:46 UTC 2026","624","tests.stock","test_get_stock_by_id","","","","test_get_stock_by_invalid_id[0-admin]","Невалидные значения ID склада"
"passed","Sat Apr 11 00:56:47 UTC 2026","Sat Apr 11 00:56:48 UTC 2026","1061","tests.delivery","test_01_save_delivery_address","","","","test_save_address_positive_contract_and_cleanup[payload2-partner]",""
"skipped","Sat Apr 11 00:56:42 UTC 2026","Sat Apr 11 00:56:42 UTC 2026","0","tests.stock","test_create_stock","","","","test_create_stock_with_empty_string_log_if_not_200[timezone.offset_min]",""
"skipped","Sat Apr 11 01:04:19 UTC 2026","Sat Apr 11 01:04:19 UTC 2026","0","tests.account","test_account_branded_wallet_get","","","","test_get_without_image_returns_null_url[client]","
    Позитив: за произвольный (будущий) период нет изображения → image_url == null
    "
"passed","Sat Apr 11 01:52:22 UTC 2026","Sat Apr 11 01:52:22 UTC 2026","578","tests.cart","test_04_cart_full_data","","","","test_full_data_invalid_calculate_delivery_flag[abc-client]",""
"skipped","Sat Apr 11 01:05:28 UTC 2026","Sat Apr 11 01:05:28 UTC 2026","0","tests.admin_panel.categories","test_50_upload_category_images","","","","test_upload_category_images_invalid_format[valid.webp-image/webp-204]","Негативный тест: загрузка изображений в неверном формате (например, .txt)."
"passed","Sat Apr 11 00:56:04 UTC 2026","Sat Apr 11 00:56:05 UTC 2026","1237","tests.tickets","test_04_create_ticket","","","","test_create_ticket_invalid_request_type[client--200]","Негативный тест: попытка создания тикета с неверным типом request_type"
"passed","Sat Apr 11 01:51:46 UTC 2026","Sat Apr 11 01:51:47 UTC 2026","818","tests.admin_panel.slides","test_62_slides_get_upload_urls","","","","test_get_upload_urls_slider_not_video","Негативный тест: получение временных ссылок у слайда с типом 'image' вместо 'video'"
"skipped","Sat Apr 11 01:47:25 UTC 2026","Sat Apr 11 01:47:25 UTC 2026","804","tests.stock","test_get_group_orders","","","","test_get_group_orders_invalid_country_id[1.5-admin]","Проверка получения складов по невалидному country_id"
"failed","Sat Apr 11 01:58:41 UTC 2026","Sat Apr 11 01:58:42 UTC 2026","1350","tests.catalog","test_get_items_list","","","","test_get_items_list_success[client]","
    Позитивный тест: успешное получение списка атомарных товаров
    "
"passed","Sat Apr 11 02:02:00 UTC 2026","Sat Apr 11 02:02:01 UTC 2026","1236","tests.PROJECT_FUND.donation","test_get_donation_last","","","","test_get_donation_last[https://dev.ewahelps.com/api]","Позитивный тест: получение топ-100 пожертвований (страница 0)"
"skipped","Sat Apr 11 01:35:30 UTC 2026","Sat Apr 11 01:35:30 UTC 2026","0","tests.account","test_get_languages","","","","test_get_languages_success[client-web-200]","Возвращает список языков, доступных для перевода"
"passed","Sat Apr 11 01:14:25 UTC 2026","Sat Apr 11 01:14:32 UTC 2026","7346","tests.catalog","test_update_admin_product","","","","test_update_admin_product_invalid_payload[update_payload4-400]",""
"skipped","Sat Apr 11 01:59:50 UTC 2026","Sat Apr 11 01:59:50 UTC 2026","0","tests.account","test_delete_avatar","","","","test_delete_avatar_positive[partner]","Позитивные тесты на удаление аватара"
"skipped","Sat Apr 11 01:40:23 UTC 2026","Sat Apr 11 01:40:24 UTC 2026","612","tests.cart","test_09_cart_save_region","","","","test_save_region_invalid_payload[client-payload1]","Негатив: невалидный payload"
"passed","Sat Apr 11 01:18:05 UTC 2026","Sat Apr 11 01:18:06 UTC 2026","642","tests.catalog","test_create_admin_product_translation","","","","test_create_admin_product_translation_unauthorized","Проверка запрета для неавторизованного пользователя."
"passed","Sat Apr 11 01:14:46 UTC 2026","Sat Apr 11 01:14:54 UTC 2026","7240","tests.catalog","test_update_admin_product","","","","test_update_admin_product_invalid_payload[update_payload6-422]",""
"passed","Sat Apr 11 01:00:11 UTC 2026","Sat Apr 11 01:00:12 UTC 2026","673","tests.cart","test_02_get_delivery_cost","","","","test_get_delivery_cost_success_partial_payload[partner-payload2-400]",""
"skipped","Sat Apr 11 01:35:30 UTC 2026","Sat Apr 11 01:35:30 UTC 2026","0","tests.account","test_get_languages","","","","test_get_languages_success[partner-unknown-400]","Возвращает список языков, доступных для перевода"
"passed","Sat Apr 11 01:56:08 UTC 2026","Sat Apr 11 01:56:09 UTC 2026","1259","tests.admin_panel.categories","test_45_get_categories","","","","test_get_categories_after_adding","Интеграционный тест: добавление категории и проверка её наличия в списке по ID."
"passed","Sat Apr 11 01:25:40 UTC 2026","Sat Apr 11 01:25:41 UTC 2026","1051","tests.admin_panel.items","test_create_item","","","","test_create_item_invalid_payload[payload1-expected_code1]","
    Негативный тест: создание варианта с невалидным телом запроса.
    Если сервер внезапно вернул успех — удаляем созданный item из БД.
    "
"passed","Sat Apr 11 01:58:31 UTC 2026","Sat Apr 11 01:58:32 UTC 2026","592","tests.auth","test_06_full_logout","","","","test_full_logout_without_auth","Полный выход без авторизации"
"passed","Sat Apr 11 01:49:14 UTC 2026","Sat Apr 11 01:49:15 UTC 2026","811","tests.admin_panel.sliders","test_55_delete_sliders","","","","test_delete_slider_invalid_id[-1]","Негативный тест: удаление несуществующего или некорректного слайдера."
"skipped","Sat Apr 11 01:05:28 UTC 2026","Sat Apr 11 01:05:28 UTC 2026","0","tests.admin_panel.categories","test_50_upload_category_images","","","","test_upload_category_images_file_too_large[5.3-fields_to_send3-400]","Негативный тест: загрузка слишком большого изображения."
"skipped","Sat Apr 11 01:04:19 UTC 2026","Sat Apr 11 01:04:19 UTC 2026","0","tests.account","test_account_branded_wallet_get","","","","test_get_invalid_period_returns_422[period0-client]","
    Негатив: невалидные month/year → 422.
    "
"passed","Sat Apr 11 01:36:07 UTC 2026","Sat Apr 11 01:36:08 UTC 2026","832","tests.admin_panel.categories","test_56_v2_create_category","","","","test_v2_create_category_invalid_payload[payload1-expected_code1]","Негативный тест: создание категории с невалидным телом запроса."
"passed","Sat Apr 11 01:47:30 UTC 2026","Sat Apr 11 01:47:32 UTC 2026","1610","tests.tickets","test_11_update_message","","","","test_update_message_validation[client-update_payload1-403]","Негативные тесты: невалидные поля при редактировании сообщения"
"passed","Sat Apr 11 01:53:36 UTC 2026","Sat Apr 11 01:53:37 UTC 2026","595","tests.orders","test_group_order_leave","","","","test_cart_leave_group_unauthorized_401",""
"failed","Sat Apr 11 01:57:13 UTC 2026","Sat Apr 11 01:57:14 UTC 2026","579","tests.cart","test_16_cart_update_stock","","","","test_update_stock_success[partner]","Позитив: изменение склада"
"passed","Sat Apr 11 00:54:03 UTC 2026","Sat Apr 11 00:54:05 UTC 2026","2076","tests.tickets","test_04_create_ticket","","","","test_create_ticket_success[partner-attachments2-ReceivingDefectiveProductsOrShortage]","Позитивный тест: создание тикета с разными темами и вложениями для клиента, партнера и админа"
"passed","Sat Apr 11 01:11:20 UTC 2026","Sat Apr 11 01:11:27 UTC 2026","7028","tests.cart","test_free_delivery_by_rc_and_belts","","","","test_below_threshold_contract[\u0425\u0430\u0431\u0430\u0440\u043e\u0432\u0441\u043a-client-zone_3-belt_cfg2]","
    КОНТРАКТ:
    free МОЖЕТ быть
    платная МОЖЕТ быть
    advance_costs МОЖЕТ быть []
    "
"passed","Sat Apr 11 01:15:44 UTC 2026","Sat Apr 11 01:15:45 UTC 2026","841","tests.admin_panel.slides","test_57_create_slide","","","","test_create_slide_invalid_payload[payload0-expected_code0]","Негативные тесты: некорректные и неполные payload'ы"
"passed","Sat Apr 11 01:30:22 UTC 2026","Sat Apr 11 01:30:24 UTC 2026","2646","tests.cart","test_23_cart_calculate_delivery_flag","","","","test_update_cart_item_with_calculate_delivery_false[partner]","
    Позитив: /cart/update с calculate_delivery=false
    Корзина обновляется, advance_costs не считаются
    "
"skipped","Sat Apr 11 01:41:51 UTC 2026","Sat Apr 11 01:41:51 UTC 2026","0","tests.PROJECT_EDUCATION.test_system","test_06_get_result","","","","test_get_result_invalid_id__400_or_404[999999]",""
"passed","Sat Apr 11 01:23:11 UTC 2026","Sat Apr 11 01:23:12 UTC 2026","784","tests.admin_panel.promo","test_72_create_promotion","","","","test_create_promotion_invalid_data[payload11-422]","Негативные тесты: невалидные данные"
"passed","Sat Apr 11 01:37:22 UTC 2026","Sat Apr 11 01:37:24 UTC 2026","1363","tests.orders","test_group_order_v2_create","","","","test_group_order_v2_multiple_active_orders_allowed[partner]","
    партнер может иметь несколько активных ГО одновременно
    "
"passed","Sat Apr 11 01:23:47 UTC 2026","Sat Apr 11 01:23:48 UTC 2026","627","tests.statistic","test_team_go","","","","test_get_team_go_statistic_positive[payload1-admin]","Позитивный тест: получение статистики по команде с валидным телом запроса"
"passed","Sat Apr 11 00:57:04 UTC 2026","Sat Apr 11 00:57:05 UTC 2026","593","tests.delivery","test_01_save_delivery_address","","","","test_save_address_invalid_types_should_fail[country_id-True-client]",""
"passed","Sat Apr 11 01:12:21 UTC 2026","Sat Apr 11 01:12:21 UTC 2026","612","tests.delivery","test_get_cities_v2","","","","test_get_cities_v2_invalid_country_id_should_fail[-1-admin]","
    Негатив: невалидные значения country_id → 400/422
    "
"skipped","Sat Apr 11 00:56:21 UTC 2026","Sat Apr 11 00:56:21 UTC 2026","1","tests.tickets","test_04_create_ticket","","","","test_create_ticket_invalid_title[partner-]","Негативный тест: создание тикета без заголовка"
"passed","Sat Apr 11 01:13:27 UTC 2026","Sat Apr 11 01:13:28 UTC 2026","813","tests.catalog","test_update_admin_product","","","","test_update_admin_product_invalid_id[-1]",""
"passed","Sat Apr 11 00:59:51 UTC 2026","Sat Apr 11 00:59:54 UTC 2026","2362","tests.cart","test_01_user_locale","","","","test_update_user_locale_invalid_language_enum[partner-123]",""
"passed","Sat Apr 11 01:21:56 UTC 2026","Sat Apr 11 01:21:56 UTC 2026","617","tests.delivery","test_02_get_delivery_address","","","","test_history_unauthorized_should_fail","
    Негатив: неавторизованный доступ должен быть запрещён
    "
"passed","Sat Apr 11 01:37:26 UTC 2026","Sat Apr 11 01:37:27 UTC 2026","591","tests.orders","test_group_order_v2_create","","","","test_group_order_v2_invalid_payloads[partner-payload2]",""
"skipped","Sat Apr 11 01:31:53 UTC 2026","Sat Apr 11 01:31:54 UTC 2026","601","tests.delivery","test_get_boxberry_offices","","","","test_get_boxberry_offices_unauthorized",""
"skipped","Sat Apr 11 01:43:51 UTC 2026","Sat Apr 11 01:43:51 UTC 2026","0","tests.orders","test_shop_digital_flow","","","","test_one_click_invisible_item_returns_400[client]","
    Если item.visible = FALSE,
    заказ не должен создаваться
    "
"passed","Sat Apr 11 01:32:15 UTC 2026","Sat Apr 11 01:32:15 UTC 2026","650","tests.delivery","test_get_emu_pickup_points","","","","test_get_emu_pickup_points_success[143796-admin]","Позитив: успешное получение списка ПВЗ EMU по city_id."
"passed","Sat Apr 11 01:44:28 UTC 2026","Sat Apr 11 01:44:36 UTC 2026","8888","tests.admin_panel.products","test_product_files_get_upload_urls","","","","test_get_upload_urls_success[ru]",""
"skipped","Sat Apr 11 01:35:30 UTC 2026","Sat Apr 11 01:35:30 UTC 2026","0","tests.account","test_get_languages","","","","test_get_languages_success[client--400]","Возвращает список языков, доступных для перевода"
"passed","Sat Apr 11 01:24:22 UTC 2026","Sat Apr 11 01:24:24 UTC 2026","1604","tests.admin_panel.slides","test_61_upload_slides_images","","","","test_upload_slide_images_invalid_format[invalid.exe-application/octet-stream-400]",""
"passed","Sat Apr 11 01:08:38 UTC 2026","Sat Apr 11 01:08:39 UTC 2026","1310","tests.admin_panel.sliders","test_54_update_slider","","","","test_update_slider_invalid_payload[payload7-422]","Негативный тест: обновление слайдера с невалидным или неполным телом запроса."
"passed","Sat Apr 11 01:36:47 UTC 2026","Sat Apr 11 01:36:47 UTC 2026","636","tests.auth","test_02_login","","","","test_partner_login[partner-valid-200]",""
"passed","Sat Apr 11 01:03:47 UTC 2026","Sat Apr 11 01:03:49 UTC 2026","1273","tests.admin_panel.slides","test_59_update_slide","","","","test_update_slide_invalid_payload[payload12-400]","
    Негативный тест: обновление слайда с невалидным или неполным телом запроса
    "
"passed","Sat Apr 11 01:53:02 UTC 2026","Sat Apr 11 01:53:03 UTC 2026","616","tests.delivery","test_get_georgian_post_pickup_points","","","","test_get_georgian_post_pickup_points_success[1-client]","Позитив: успешное получение списка ПВЗ грузинской почты по city_id."
"passed","Sat Apr 11 01:50:38 UTC 2026","Sat Apr 11 01:50:39 UTC 2026","1283","tests.orders","test_group_order_v2_with_preorder_and_items","","","","test_group_order_v2_non_existing_item_returns_400","
    Несуществующий item_id = 400
    "
"passed","Sat Apr 11 01:05:16 UTC 2026","Sat Apr 11 01:05:17 UTC 2026","999","tests.catalog","test_create_admin_product","","","","test_create_product_invalid_payload[payload2-400]",""
"passed","Sat Apr 11 01:00:16 UTC 2026","Sat Apr 11 01:00:16 UTC 2026","577","tests.cart","test_02_get_delivery_cost","","","","test_get_delivery_cost_invalid_payload[client-payload1]","Негатив: некорректные входные данные"
"skipped","Sat Apr 11 00:56:27 UTC 2026","Sat Apr 11 00:56:27 UTC 2026","0","tests.tickets","test_01_get_tickets","","","","test_get_tickets_success[filter0-sort1-search2-pagination0-client]","Позитивный тест: получение списка тикетов с разными комбинациями параметров"
"passed","Sat Apr 11 01:25:30 UTC 2026","Sat Apr 11 01:25:32 UTC 2026","1993","tests.admin_panel.items","test_create_item","","","","test_create_item_success","Позитивный тест: успешное создание варианта товара (все поля)."
"skipped","Sat Apr 11 01:53:01 UTC 2026","Sat Apr 11 01:53:01 UTC 2026","588","tests.delivery","test_get_fargo_offices","","","","test_get_fargo_offices_invalid_city_id_should_fail[0-admin]","Негатив: невалидные значения city_id → 400/422."
"passed","Sat Apr 11 01:35:49 UTC 2026","Sat Apr 11 01:35:50 UTC 2026","814","tests.admin_panel","test_01_support_create_user","","","","test_invalid_user_id_returns_client_error[-1]",""
"passed","Sat Apr 11 01:47:40 UTC 2026","Sat Apr 11 01:47:41 UTC 2026","590","tests.PROJECT_FUND.initiatives","test_get_initiative_by_id","","","","test_get_initiative_by_invalid_id[-1-https://dev.ewahelps.com/api]",""
"passed","Sat Apr 11 00:50:49 UTC 2026","Sat Apr 11 00:50:51 UTC 2026","1180","tests.tickets","test_04_create_ticket","","","","test_create_ticket_success[client-attachments0-OtherQuestions]","Позитивный тест: создание тикета с разными темами и вложениями для клиента, партнера и админа"
"passed","Sat Apr 11 01:30:52 UTC 2026","Sat Apr 11 01:30:54 UTC 2026","2062","tests.cart","test_23_cart_calculate_delivery_flag","","","","test_update_cart_item_invalid_calculate_delivery_flag[bad_flag4-client]",""
"failed","Sat Apr 11 01:56:59 UTC 2026","Sat Apr 11 01:56:59 UTC 2026","619","tests.admin_panel.users","test_get_admin_users_exclusive_preorder_permissions","","","","test_get_exclusive_preorder_permissions_requires_admin[partner]","
    клиент/партнёр не могут читать список permissions → 403
    "
"skipped","Sat Apr 11 01:41:51 UTC 2026","Sat Apr 11 01:41:51 UTC 2026","0","tests.PROJECT_EDUCATION.test_system","test_06_get_result","","","","test_get_result_invalid_id__400_or_404[1.5]",""
"passed","Sat Apr 11 01:32:29 UTC 2026","Sat Apr 11 01:32:29 UTC 2026","624","tests.delivery","test_get_self_pickup_offices","","","","test_get_self_pickup_offices_invalid_city_id_should_fail[bad_city_id7-admin]","Негатив: невалидные значения city_id → 400/422."
"passed","Sat Apr 11 00:53:41 UTC 2026","Sat Apr 11 00:53:43 UTC 2026","1998","tests.tickets","test_04_create_ticket","","","","test_create_ticket_success[partner-attachments2-QuestionsAboutInternationalDelivery]","Позитивный тест: создание тикета с разными темами и вложениями для клиента, партнера и админа"
"skipped","Sat Apr 11 01:32:03 UTC 2026","Sat Apr 11 01:32:04 UTC 2026","713","tests.delivery","test_get_cdek_offices","","","","test_get_cdek_offices_unauthorized",""
"skipped","Sat Apr 11 01:46:15 UTC 2026","Sat Apr 11 01:46:15 UTC 2026","0","tests.fund","test_get_top_donors","","","","test_get_top_donors_success[page,size-https://dev.ewahelps.com/api]",""
"skipped","Sat Apr 11 01:36:19 UTC 2026","Sat Apr 11 01:36:19 UTC 2026","0","tests.admin_panel.minions","test_admin_add_lo","","","","test_post_admin_add_lo_negative_invalid_types_and_values[payload4]","
    Негативные сценарии: неверные типы и бизнес-некорректные значения.
    "
"skipped","Sat Apr 11 01:43:51 UTC 2026","Sat Apr 11 01:43:51 UTC 2026","0","tests.orders","test_shop_digital_flow","","","","test_one_click_quantity_more_than_one_returns_400[client]","
    Если для digital-курса запрещено quantity > 1,
    система должна вернуть 400
    "
"passed","Sat Apr 11 01:26:57 UTC 2026","Sat Apr 11 01:26:58 UTC 2026","1611","tests.account","test_history_group_volumes","","","","test_group_volumes_history_happy_path_contract[2-20-admin]",""
"skipped","Sat Apr 11 01:24:06 UTC 2026","Sat Apr 11 01:24:06 UTC 2026","584","tests.statistic","test_team_registrations","","","","test_get_team_registration_statistic_negative[payload0-admin]","Негативный тест: ошибка при получении статистики регистрации команды с невалидным телом запроса"
"passed","Sat Apr 11 01:01:40 UTC 2026","Sat Apr 11 01:01:46 UTC 2026","5665","tests.cart","test_12_cart_estimate_delivery","","","","test_estimate_delivery_success[partner-kgpost-payload4]","
    Позитив: корзина с товаром, выбор способа доставки и расчёт стоимости для разных служб
    "
"passed","Sat Apr 11 01:10:04 UTC 2026","Sat Apr 11 01:10:09 UTC 2026","4848","tests.cart","test_free_delivery_by_rc_and_belts","","","","test_free_delivery_by_belts_contract[\u041d\u043e\u0432\u043e\u0441\u0438\u0431\u0438\u0440\u0441\u043a-client-zone_1-belt_cfg0]","
    КОНТРАКТ:
    - ручка работает
    - advance_costs может быть []
    - free может быть
    - платная доставка допустима
    "
"skipped","Sat Apr 11 01:54:00 UTC 2026","Sat Apr 11 01:54:00 UTC 2026","0","tests.account","test_history","","","","test_get_history_positive[admin-payload0]","Позитивные тесты на получение истории аккаунта"
"passed","Sat Apr 11 01:37:29 UTC 2026","Sat Apr 11 01:37:29 UTC 2026","583","tests.orders","test_group_order_v2_create","","","","test_group_order_v2_invalid_payloads[partner-payload6]",""
"failed","Sat Apr 11 01:56:54 UTC 2026","Sat Apr 11 01:56:55 UTC 2026","594","tests.admin_panel.slides","test_56_get_slides","","","","test_get_slides_forbidden[partner]","Негативный тест: получение списка слайдов не админом"
"passed","Sat Apr 11 01:50:36 UTC 2026","Sat Apr 11 01:50:36 UTC 2026","896","tests.orders","test_group_order_v2_with_preorder_and_items","","","","test_group_order_v2_invalid_item_ids_returns_400[bad_item_ids2]",""
"failed","Sat Apr 11 01:59:33 UTC 2026","Sat Apr 11 01:59:34 UTC 2026","600","tests.account","test_0_family_agreement_get","","","","test_get_family_agreement_positive[payload0-partner]","Позитивные тесты на получение данных о семейном соглашении"
"passed","Sat Apr 11 00:57:32 UTC 2026","Sat Apr 11 00:57:32 UTC 2026","588","tests.delivery","test_get_cities","","","","test_get_cities_invalid_country_id_should_fail[-1-admin]","
    Негатив: невалидный country_id → 400/422
    "
"failed","Sat Apr 11 01:59:06 UTC 2026","Sat Apr 11 01:59:07 UTC 2026","979","tests.orders","test_group_order_v2_hint_stock","","","","test_group_order_v2_hint_stock_used_when_same_as_auto[partner]","
    если hint совпадает с автоматически выбранным складом, то hint считается использованным
    "
"passed","Sat Apr 11 00:58:08 UTC 2026","Sat Apr 11 00:58:09 UTC 2026","857","tests.account","test_update_utc_offset","","","","test_update_utc_offset_invalid_types_rejected[bad_value2]",""
"skipped","Sat Apr 11 00:49:45 UTC 2026","Sat Apr 11 00:49:46 UTC 2026","904","tests.one_c","test_cart_calculate_full_coverage","","","","test_bonus_info_invalid_numbers[bonus-0]",""
"skipped","Sat Apr 11 01:05:28 UTC 2026","Sat Apr 11 01:05:28 UTC 2026","0","tests.admin_panel.categories","test_50_upload_category_images","","","","test_upload_category_images_invalid_format[invalid.exe-application/octet-stream-400]","Негативный тест: загрузка изображений в неверном формате (например, .txt)."
"passed","Sat Apr 11 01:23:57 UTC 2026","Sat Apr 11 01:23:58 UTC 2026","609","tests.statistic","test_team_registrations","","","","test_get_team_registration_statistic_positive[payload0-client]","Позитивный тест: получение статистики по регистрации команды с валидным телом запроса"
"passed","Sat Apr 11 01:56:56 UTC 2026","Sat Apr 11 01:56:58 UTC 2026","1967","tests.admin_panel.slides","test_56_get_slides","","","","test_get_slides_after_adding",""
"passed","Sat Apr 11 01:03:57 UTC 2026","Sat Apr 11 01:03:58 UTC 2026","1279","tests.admin_panel.slides","test_59_update_slide","","","","test_update_slide_invalid_payload[payload15-422]","
    Негативный тест: обновление слайда с невалидным или неполным телом запроса
    "
"passed","Sat Apr 11 01:30:13 UTC 2026","Sat Apr 11 01:30:14 UTC 2026","591","tests.account","test_get_account_exists","","","","test_get_account_exists_positive[params4-client]","Нкгатив: невлидны id"
"skipped","Sat Apr 11 00:56:42 UTC 2026","Sat Apr 11 00:56:42 UTC 2026","0","tests.stock","test_create_stock","","","","test_create_stock_with_empty_string_log_if_not_200[timezone.name]",""
"skipped","Sat Apr 11 01:32:21 UTC 2026","Sat Apr 11 01:32:22 UTC 2026","647","tests.delivery","test_get_emu_pickup_points","","","","test_get_emu_pickup_points_unauthorized","Негатив: запрос без авторизации."
"skipped","Sat Apr 11 01:58:35 UTC 2026","Sat Apr 11 01:58:35 UTC 2026","0","tests.catalog","test_exclusive_preorder_products_by_id","","","","test_products_by_id_exclusive_hidden_without_permission[partner]","
    Негатив:
      - берём exclusive seed
      - гарантируем permission отсутствует
      - /products/{id} должен либо:
          не содержать слот для stock_id
          или slot.is_visible==False
          или slot.in_stock==0
    "
"skipped","Sat Apr 11 00:56:21 UTC 2026","Sat Apr 11 00:56:21 UTC 2026","0","tests.tickets","test_04_create_ticket","","","","test_create_ticket_invalid_title[client-None]","Негативный тест: создание тикета без заголовка"
"passed","Sat Apr 11 01:19:10 UTC 2026","Sat Apr 11 01:19:11 UTC 2026","840","tests.admin_panel.categories","test_80_create_category_translation","","","","test_create_category_translation_invalid_payload[payload0-400]","Негативный тест: создание перевода с невалидным payload."
"failed","Sat Apr 11 01:59:12 UTC 2026","Sat Apr 11 01:59:12 UTC 2026","581","tests.orders","test_group_order_v2_hint_stock","","","","test_group_order_v2_hint_stock_invalid_type_returns_400[partner]","
    неверный тип stock_id = 400
    "
"skipped","Sat Apr 11 02:01:53 UTC 2026","Sat Apr 11 02:01:53 UTC 2026","0","tests.sockets","test_ws_message_type","","","","test_ws_message_type_parametrized_ok[None-partner]","
    WS принимает разные значения message_type, сообщение корректно
    появляется в /support-chat/messages с консистентной схемой
    "
"passed","Sat Apr 11 01:51:09 UTC 2026","Sat Apr 11 01:51:13 UTC 2026","4371","tests.admin_panel.products","test_02_recommended_products_add","","","","test_add_recommendation_success","Успешное добавление рекомендованного товара"
"passed","Sat Apr 11 01:04:04 UTC 2026","Sat Apr 11 01:04:05 UTC 2026","1275","tests.admin_panel.slides","test_59_update_slide","","","","test_update_slide_invalid_payload[payload17-422]","
    Негативный тест: обновление слайда с невалидным или неполным телом запроса
    "
"passed","Sat Apr 11 01:59:56 UTC 2026","Sat Apr 11 01:59:56 UTC 2026","628","tests.cart","test_18_cart_available_countries","","","","test_cart_available_countries_success[client]","Позитив: получение списка доступных стран"
"passed","Sat Apr 11 01:24:00 UTC 2026","Sat Apr 11 01:24:01 UTC 2026","594","tests.statistic","test_team_registrations","","","","test_get_team_registration_statistic_positive[payload1-admin]","Позитивный тест: получение статистики по регистрации команды с валидным телом запроса"
"skipped","Sat Apr 11 01:53:15 UTC 2026","Sat Apr 11 01:53:16 UTC 2026","647","tests.delivery","test_get_kazpost_offices","","","","test_get_kazpost_offices_invalid_city_id_should_fail[0-admin]","Негатив: невалидные значения city_id → 400/422."
"skipped","Sat Apr 11 01:44:12 UTC 2026","Sat Apr 11 01:44:12 UTC 2026","0","tests.PROJECT_EDUCATION.test_system","test_01_start_test","","","","test_start_test_invalid_id__400_or_404[1.5]",""
"passed","Sat Apr 11 01:39:26 UTC 2026","Sat Apr 11 01:39:28 UTC 2026","2332","tests.admin_panel.products","test_41_get_product_brand_by_id","","","","test_get_product_brands_by_id_forbidden[client]","Негативный тест: получение бренда по ID не админом"
"skipped","Sat Apr 11 00:50:08 UTC 2026","Sat Apr 11 00:50:09 UTC 2026","909","tests.one_c","test_cart_calculate_full_coverage","","","","test_email_validation[shipping_customer-test@mail]",""
"passed","Sat Apr 11 01:01:31 UTC 2026","Sat Apr 11 01:01:36 UTC 2026","5285","tests.cart","test_12_cart_estimate_delivery","","","","test_estimate_delivery_success[partner-fargo-payload2]","
    Позитив: корзина с товаром, выбор способа доставки и расчёт стоимости для разных служб
    "
"skipped","Sat Apr 11 00:48:40 UTC 2026","Sat Apr 11 00:48:41 UTC 2026","933","tests.one_c","test_cart_calculate_full_coverage","","","","test_products_negative_numbers[quantity--1]",""
"skipped","Sat Apr 11 00:49:57 UTC 2026","Sat Apr 11 00:49:58 UTC 2026","927","tests.one_c","test_cart_calculate_full_coverage","","","","test_email_validation[shipping_customer-invalid-email]",""
"passed","Sat Apr 11 01:26:40 UTC 2026","Sat Apr 11 01:26:42 UTC 2026","1841","tests.account","test_account_branded_wallet_upload","","","","test_upload_upsert_current_period[partner]","Позитив: повторная загрузка подряд (upsert для текущего периода) — оба запроса успешны"
"passed","Sat Apr 11 00:48:23 UTC 2026","Sat Apr 11 00:48:24 UTC 2026","601","tests.one_c","test_cart_calculate_full_coverage","","","","test_invalid_top_types[payment-string]",""
"skipped","Sat Apr 11 01:55:09 UTC 2026","Sat Apr 11 01:55:10 UTC 2026","880","tests.cart","test_21_cart_shareable","","","","test_cart_shareable_from_created_link_success[client]","
    Позитив: создаём ссылку через /cart/share и по ней успешно получаем корзину
    "
"passed","Sat Apr 11 01:23:05 UTC 2026","Sat Apr 11 01:23:06 UTC 2026","817","tests.admin_panel.promo","test_72_create_promotion","","","","test_create_promotion_invalid_data[payload4-400]","Негативные тесты: невалидные данные"
"skipped","Sat Apr 11 02:00:56 UTC 2026","Sat Apr 11 02:00:56 UTC 2026","0","tests.PROJECT_EDUCATION.payment_system","test_get_payment_methods","","","","test_get_payment_methods__returns_only_enabled__db_backed","
    GET /v1/payment-methods возвращает ТОЛЬКО is_enabled=true
    "
"skipped","Sat Apr 11 00:56:27 UTC 2026","Sat Apr 11 00:56:27 UTC 2026","0","tests.tickets","test_01_get_tickets","","","","test_get_tickets_success[filter2-sort1-search0-pagination0-client]","Позитивный тест: получение списка тикетов с разными комбинациями параметров"
"passed","Sat Apr 11 01:03:01 UTC 2026","Sat Apr 11 01:03:02 UTC 2026","854","tests.admin_panel.slides","test_59_update_slide","","","","test_update_slide_invalid_id[9999999]","Негативный тест: несуществующий или некорректный ID"
"skipped","Sat Apr 11 01:42:25 UTC 2026","Sat Apr 11 01:42:25 UTC 2026","0","tests.admin_panel","test_accrue_presidential_pool","","","","test_accrue_presidential_pool_for_client",""
"skipped","Sat Apr 11 01:54:00 UTC 2026","Sat Apr 11 01:54:00 UTC 2026","0","tests.account","test_history_personal_volumes","","","","test_get_personal_volumes_history_positive[client-payload1]","Позитивные тесты на получение истории начисления личных объемов"
"passed","Sat Apr 11 01:50:47 UTC 2026","Sat Apr 11 01:50:47 UTC 2026","621","tests.stock","test_get_stock_by_id","","","","test_get_stock_by_nonexistent_id[admin]","Запрос склада по несуществующему ID — ожидаем 404"
"passed","Sat Apr 11 01:04:59 UTC 2026","Sat Apr 11 01:05:05 UTC 2026","6300","tests.catalog","test_create_admin_product","","","","test_create_admin_product_minimal_payload_variants[slug+mixed_named_categories]",""
"skipped","Sat Apr 11 01:05:28 UTC 2026","Sat Apr 11 01:05:28 UTC 2026","0","tests.admin_panel.categories","test_50_upload_category_images","","","","test_upload_category_images_file_too_large[4.7-fields_to_send4-204]","Негативный тест: загрузка слишком большого изображения."
"skipped","Sat Apr 11 01:38:55 UTC 2026","Sat Apr 11 01:38:57 UTC 2026","1641","tests.tickets","test_06_close_ticket","","","","test_close_tickets_negative[admin-ticket_ids1-400]","Негативные тесты: закрытие с некорректными данными"
"passed","Sat Apr 11 01:45:58 UTC 2026","Sat Apr 11 01:46:00 UTC 2026","2383","tests.cart","test_08_cart_delete","","","","test_delete_cart_item_success[client]","Позитив: удаление позиции из корзины"
"passed","Sat Apr 11 01:09:26 UTC 2026","Sat Apr 11 01:09:31 UTC 2026","4021","tests.cart","test_20_cart_recommended_products","","","","test_cart_recommended_products_item_in_country_only_cart_no_500[partner]","
    Частично заполненная корзина
    "
"skipped","Sat Apr 11 01:24:06 UTC 2026","Sat Apr 11 01:24:07 UTC 2026","584","tests.statistic","test_team_registrations","","","","test_get_team_registration_statistic_negative[payload1-client]","Негативный тест: ошибка при получении статистики регистрации команды с невалидным телом запроса"
"passed","Sat Apr 11 01:39:11 UTC 2026","Sat Apr 11 01:39:13 UTC 2026","2277","tests.admin_panel.categories","test_47_get_categories_by_id","","","","test_get_categories_by_id_forbidden[client]","Негативный тест: получение категории по ID не-админом."
"passed","Sat Apr 11 00:59:28 UTC 2026","Sat Apr 11 00:59:30 UTC 2026","2264","tests.cart","test_01_user_locale","","","","test_update_user_locale_invalid_language_enum[client-RU]",""
"skipped","Sat Apr 11 01:04:19 UTC 2026","Sat Apr 11 01:04:19 UTC 2026","0","tests.account","test_0_marathon","","","","test_create_product_brand_invalid_payload[params6-400-client]",""
"passed","Sat Apr 11 01:32:20 UTC 2026","Sat Apr 11 01:32:21 UTC 2026","612","tests.delivery","test_get_emu_pickup_points","","","","test_get_emu_pickup_points_invalid_city_id_should_fail[bad_city_id7-admin]","Негатив: невалидные значения city_id → 400/422."
"passed","Sat Apr 11 01:20:14 UTC 2026","Sat Apr 11 01:20:16 UTC 2026","1900","tests.admin_panel.products","test_44_upload_product_brand_images","","","","test_upload_product_brand_images_success","Позитивный тест: успешная загрузка изображений бренда через multipart/form-data."
"passed","Sat Apr 11 01:00:18 UTC 2026","Sat Apr 11 01:00:18 UTC 2026","617","tests.cart","test_02_get_delivery_cost","","","","test_get_delivery_cost_invalid_payload[client-payload4]","Негатив: некорректные входные данные"
"passed","Sat Apr 11 00:57:53 UTC 2026","Sat Apr 11 00:57:54 UTC 2026","781","tests.account","test_update_utc_offset","","","","test_update_utc_offset_valid_values[-00-expected3-client]",""
"skipped","Sat Apr 11 00:56:27 UTC 2026","Sat Apr 11 00:56:27 UTC 2026","0","tests.tickets","test_01_get_tickets","","","","test_get_tickets_success[filter2-sort0-search0-pagination1-admin]","Позитивный тест: получение списка тикетов с разными комбинациями параметров"
"passed","Sat Apr 11 01:59:36 UTC 2026","Sat Apr 11 01:59:37 UTC 2026","597","tests.account","test_0_grades_rating","","","","test_get_grades_rating_positive[client]","Позитивные тесты на получение рейтинга квалификаций"
"passed","Sat Apr 11 01:07:31 UTC 2026","Sat Apr 11 01:07:33 UTC 2026","1708","tests.admin_panel.promo","test_74_update_promotion","","","","test_update_promotion_forbidden[client]","Негативный тест: попытка обновления акции не-админом"
"passed","Sat Apr 11 01:45:55 UTC 2026","Sat Apr 11 01:45:55 UTC 2026","648","tests.auth","test_01_check_version","","","","test_check_version[Frontend-3.0.0-200]","Тест проверяет API /check_version для разных платформ и версий."
"passed","Sat Apr 11 01:00:10 UTC 2026","Sat Apr 11 01:00:11 UTC 2026","744","tests.cart","test_02_get_delivery_cost","","","","test_get_delivery_cost_success_partial_payload[partner-payload1-200]",""
"skipped","Sat Apr 11 00:56:26 UTC 2026","Sat Apr 11 00:56:26 UTC 2026","0","tests.tickets","test_01_get_tickets","","","","test_get_tickets_success[filter0-sort0-search1-pagination0-client]","Позитивный тест: получение списка тикетов с разными комбинациями параметров"
"passed","Sat Apr 11 01:03:14 UTC 2026","Sat Apr 11 01:03:15 UTC 2026","1290","tests.admin_panel.slides","test_59_update_slide","","","","test_update_slide_invalid_payload[payload2-expected_code2]","
    Негативный тест: обновление слайда с невалидным или неполным телом запроса
    "
"failed","Sat Apr 11 01:59:51 UTC 2026","Sat Apr 11 01:59:52 UTC 2026","600","tests.cart","test_03_cart_get","","","","test_get_cart_success[partner]","Позитив: получение текущей корзины."
"skipped","Sat Apr 11 01:57:05 UTC 2026","Sat Apr 11 01:57:05 UTC 2026","1","tests.auth","test_04_refresh","","","","test_refresh_token_success[partner]","Тест успешного обновления токена через refresh-токен."
"skipped","Sat Apr 11 00:56:27 UTC 2026","Sat Apr 11 00:56:27 UTC 2026","0","tests.tickets","test_01_get_tickets","","","","test_get_tickets_success[filter1-sort1-search2-pagination1-partner]","Позитивный тест: получение списка тикетов с разными комбинациями параметров"
"passed","Sat Apr 11 01:10:40 UTC 2026","Sat Apr 11 01:10:44 UTC 2026","3650","tests.cart","test_free_delivery_by_rc_and_belts","","","","test_below_threshold_contract[\u041c\u043e\u0441\u043a\u0432\u0430-client-zone_1-belt_cfg0]","
    КОНТРАКТ:
    free МОЖЕТ быть
    платная МОЖЕТ быть
    advance_costs МОЖЕТ быть []
    "
"passed","Sat Apr 11 01:08:21 UTC 2026","Sat Apr 11 01:08:21 UTC 2026","783","tests.admin_panel.sliders","test_54_update_slider","","","","test_update_slider_invalid_id[abc]","Негативный тест: несуществующий или некорректный ID."
"failed","Sat Apr 11 02:00:05 UTC 2026","Sat Apr 11 02:00:06 UTC 2026","606","tests.catalog","test_recommended_products_selfpickup","","","","test_get_recommended_products_selfpickup_success_stock_selected","
    склад выбран → selfpickup-ручка работает
    "
"passed","Sat Apr 11 01:23:51 UTC 2026","Sat Apr 11 01:23:52 UTC 2026","688","tests.statistic","test_team_go","","","","test_get_team_go_statistic_positive[payload3-partner]","Позитивный тест: получение статистики по команде с валидным телом запроса"
"passed","Sat Apr 11 01:58:37 UTC 2026","Sat Apr 11 01:58:37 UTC 2026","577","tests.catalog","test_get_currencies","","","","test_get_currencies_unauthorized","запрос без авторизации. 200"
"skipped","Sat Apr 11 01:24:07 UTC 2026","Sat Apr 11 01:24:07 UTC 2026","594","tests.statistic","test_team_registrations","","","","test_get_team_registration_statistic_negative[payload1-partner]","Негативный тест: ошибка при получении статистики регистрации команды с невалидным телом запроса"
"passed","Sat Apr 11 01:35:56 UTC 2026","Sat Apr 11 01:35:57 UTC 2026","869","tests.admin_panel","test_partner_accrual_details_common","","","","test_common_accrual_details_invalid_payload[payload0-expected_codes0]","
    Негатив: валидация тела запроса общей детализации.
    "
"passed","Sat Apr 11 00:57:11 UTC 2026","Sat Apr 11 00:57:12 UTC 2026","579","tests.delivery","test_01_save_delivery_address","","","","test_save_address_invalid_types_should_fail[Iin-123-client]",""
"passed","Sat Apr 11 01:32:02 UTC 2026","Sat Apr 11 01:32:02 UTC 2026","609","tests.delivery","test_get_cdek_offices","","","","test_get_cdek_offices_invalid_city_id_should_fail[None-admin]",""
"passed","Sat Apr 11 01:00:19 UTC 2026","Sat Apr 11 01:00:19 UTC 2026","613","tests.cart","test_02_get_delivery_cost","","","","test_get_delivery_cost_invalid_payload[client-payload6]","Негатив: некорректные входные данные"
"skipped","Sat Apr 11 01:52:53 UTC 2026","Sat Apr 11 01:52:53 UTC 2026","575","tests.delivery","test_get_delivery_regions","","","","test_get_delivery_regions_unauthorized","Негатив: запрос без авторизации."
"passed","Sat Apr 11 01:52:04 UTC 2026","Sat Apr 11 01:52:05 UTC 2026","885","tests.admin_panel.slides","test_62_slides_update_video_url","","","","test_update_video_url_invalid[https://bucket.yandex.ru/other_video.m3u8]","Негативный тест: передача некорректной ссылки (не master.m3u8) / без предварительной загрузки"
"passed","Sat Apr 11 00:48:25 UTC 2026","Sat Apr 11 00:48:26 UTC 2026","606","tests.one_c","test_cart_calculate_full_coverage","","","","test_invalid_top_types[products-string]",""
"passed","Sat Apr 11 01:20:03 UTC 2026","Sat Apr 11 01:20:04 UTC 2026","835","tests.admin_panel.items","test_create_item_translation","","","","test_create_item_translation_invalid_payload[payload1-code1]","Негативный тест: создание перевода с невалидным payload."
"failed","Sat Apr 11 01:58:47 UTC 2026","Sat Apr 11 01:58:47 UTC 2026","574","tests.delivery","test_03_delete_delivery_address","","","","test_delete_address_positive_and_not_in_history[client]",""
"passed","Sat Apr 11 00:50:22 UTC 2026","Sat Apr 11 00:50:24 UTC 2026","2106","tests.one_c","test_cart_calculate_full_coverage","","","","test_large_cart[10]",""
"passed","Sat Apr 11 01:25:46 UTC 2026","Sat Apr 11 01:25:47 UTC 2026","1054","tests.admin_panel.items","test_create_item","","","","test_create_item_invalid_payload[payload4-expected_code4]","
    Негативный тест: создание варианта с невалидным телом запроса.
    Если сервер внезапно вернул успех — удаляем созданный item из БД.
    "
"passed","Sat Apr 11 01:15:51 UTC 2026","Sat Apr 11 01:15:52 UTC 2026","1401","tests.admin_panel.slides","test_57_create_slide","","","","test_create_slide_title_color_validation[#ffffff-201]","Валидация поля title_color при создании слайда"
"passed","Sat Apr 11 01:38:03 UTC 2026","Sat Apr 11 01:38:04 UTC 2026","1345","tests.reviews","test_reviews_delete_post","","","","test_reviews_delete_multiple_reviews",""
"passed","Sat Apr 11 01:54:05 UTC 2026","Sat Apr 11 01:54:07 UTC 2026","1591","tests.account","test_update_avatar","","","","test_update_avatar_positive[partner-payload1]","Позитивные тесты на обновление аватара"
"passed","Sat Apr 11 00:53:51 UTC 2026","Sat Apr 11 00:53:53 UTC 2026","2027","tests.tickets","test_04_create_ticket","","","","test_create_ticket_success[partner-attachments2-QuestionsAboutTheMarriageContract]","Позитивный тест: создание тикета с разными темами и вложениями для клиента, партнера и админа"
"passed","Sat Apr 11 01:40:22 UTC 2026","Sat Apr 11 01:40:22 UTC 2026","596","tests.cart","test_09_cart_save_region","","","","test_save_region_by_name_eaes_invalid[client]","Негатив: для ЕАЭС region_name не разрешён"
"failed","Sat Apr 11 02:02:28 UTC 2026","Sat Apr 11 02:02:29 UTC 2026","972","tests.orders","test_group_order_order_model_lowercase","","","","test_order_model_lowercase_keys[partner]","
    Все ключи Order должны быть в lower_snake_case.
    Проверяем модель Order из create-ответа
    "
"skipped","Sat Apr 11 01:37:33 UTC 2026","Sat Apr 11 01:37:34 UTC 2026","608","tests.register","test_01_register_form","","","","test_register_form_negative[partner-payload0-400]",""
"passed","Sat Apr 11 00:56:18 UTC 2026","Sat Apr 11 00:56:19 UTC 2026","1182","tests.tickets","test_04_create_ticket","","","","test_create_ticket_invalid_request_type[admin-None-200]","Негативный тест: попытка создания тикета с неверным типом request_type"
"passed","Sat Apr 11 01:30:09 UTC 2026","Sat Apr 11 01:30:10 UTC 2026","607","tests.account","test_get_account_exists","","","","test_get_account_exists_positive[params0-admin]","Нкгатив: невлидны id"
"passed","Sat Apr 11 01:56:11 UTC 2026","Sat Apr 11 01:56:12 UTC 2026","590","tests.admin_panel.periods","test_post_admin_approve_marketing_result_with_period","","","","test_post_admin_approve_marketing_result_with_period__unauthorized",""
"passed","Sat Apr 11 01:29:02 UTC 2026","Sat Apr 11 01:29:03 UTC 2026","1387","tests.admin_panel.users","test_post_admin_users_exclusive_preorder_permissions","","","","test_post_exclusive_preorder_permissions_validation_errors_400[payload2]","
    Негатив: некорректный payload
    "
"passed","Sat Apr 11 01:50:08 UTC 2026","Sat Apr 11 01:50:08 UTC 2026","579","tests.delivery","test_geo_suggest","","","","test_geo_suggest_invalid_query_400[client-missing_query]",""
"passed","Sat Apr 11 01:27:24 UTC 2026","Sat Apr 11 01:27:25 UTC 2026","849","tests.admin_panel","test_04_generate_support_token","","","","test_invalid_ttl_returns_400[abc]",""
"passed","Sat Apr 11 01:09:12 UTC 2026","Sat Apr 11 01:09:13 UTC 2026","810","tests.cart","test_20_cart_recommended_products","","","","test_cart_recommended_products_invalid_cart_cookie_no_500[-1-partner]","
    невалидный cart_id в cookie
    "
"passed","Sat Apr 11 01:07:05 UTC 2026","Sat Apr 11 01:07:06 UTC 2026","184","tests.one_c","test_free_delivery_to_regions_and_cities","","","","test_1c_free_delivery_bad_request_for_zero_mixed_with_other_city_ids",""
"failed","Sat Apr 11 01:56:11 UTC 2026","Sat Apr 11 01:56:11 UTC 2026","612","tests.admin_panel.periods","test_post_admin_approve_marketing_result_with_period","","","","test_post_admin_approve_marketing_result_with_period__forbidden[partner]",""
"passed","Sat Apr 11 01:30:48 UTC 2026","Sat Apr 11 01:30:52 UTC 2026","3844","tests.cart","test_23_cart_calculate_delivery_flag","","","","test_update_cart_item_invalid_calculate_delivery_flag[bad_flag3-client]",""
"skipped","Sat Apr 11 01:41:51 UTC 2026","Sat Apr 11 01:41:51 UTC 2026","0","tests.PROJECT_EDUCATION.test_system","test_08_get_course_with_tests","","","","test_get_course_with_tests__invalid_id__400_404[-1]",""
"passed","Sat Apr 11 01:40:01 UTC 2026","Sat Apr 11 01:40:02 UTC 2026","824","tests.admin_panel.sliders","test_53_get_sliders_by_id","","","","test_get_sliders_invalid_id[None]","Негативный тест: получение слайдера по невалидному ID"
"skipped","Sat Apr 11 00:56:42 UTC 2026","Sat Apr 11 00:56:42 UTC 2026","0","tests.stock","test_create_stock","","","","test_create_stock_with_empty_string_log_if_not_200[postcode]",""
"skipped","Sat Apr 11 01:56:00 UTC 2026","Sat Apr 11 01:56:00 UTC 2026","600","tests.delivery","test_get_five_post_offices","","","","test_get_five_post_offices_invalid_city_id_should_fail[0-admin]","Негатив: невалидные значения city_id → 400/422."
"skipped","Sat Apr 11 00:56:27 UTC 2026","Sat Apr 11 00:56:27 UTC 2026","0","tests.tickets","test_01_get_tickets","","","","test_get_tickets_success[filter2-sort0-search0-pagination0-client]","Позитивный тест: получение списка тикетов с разными комбинациями параметров"
"skipped","Sat Apr 11 01:54:00 UTC 2026","Sat Apr 11 01:54:00 UTC 2026","0","tests.account","test_token","","","","test_add_token_positive[client-payload1]","Позитивные тесты на добавление токена"
"skipped","Sat Apr 11 00:49:09 UTC 2026","Sat Apr 11 00:49:10 UTC 2026","907","tests.one_c","test_cart_calculate_full_coverage","","","","test_packaging_invalid_numbers[width--1]",""
"passed","Sat Apr 11 01:00:01 UTC 2026","Sat Apr 11 01:00:03 UTC 2026","2193","tests.cart","test_02_get_delivery_cost","","","","test_get_delivery_cost_success_full_payload[partner]","Позитив: успешное получение ТК при полном наборе параметров"
"skipped","Sat Apr 11 01:40:44 UTC 2026","Sat Apr 11 01:40:44 UTC 2026","0","tests.chat_support","test_01_support_chat_messages_post","","","","test_create_message_missing_required_fields_returns_400[client-payload2]","
    Негатив: отсутствие обязательных полей client_uuid/message → 400
    "
"skipped","Sat Apr 11 01:04:19 UTC 2026","Sat Apr 11 01:04:19 UTC 2026","0","tests.account","test_account_branded_wallet_get","","","","test_get_with_image_returns_all_fields[client]","
    Позитив: загрузили картинку (в текущий период) → GET (по текущему периоду) возвращает корректную схему ответа
    "
"passed","Sat Apr 11 01:46:50 UTC 2026","Sat Apr 11 01:46:55 UTC 2026","5499","tests.orders","test_group_order_join_roles_and_rejections","","","","test_group_order_join_partner_to_foreign_group_order_allowed_or_rejected","
    partner может быть участником через GroupOrder delivery_method
    "
"passed","Sat Apr 11 01:26:46 UTC 2026","Sat Apr 11 01:26:49 UTC 2026","3416","tests.account","test_account_branded_wallet_upload","","","","test_upload_too_large_returns_400[client]","Негатив: слишком большой файл (>5MB) → 400"
"passed","Sat Apr 11 00:51:10 UTC 2026","Sat Apr 11 00:51:12 UTC 2026","2262","tests.tickets","test_04_create_ticket","","","","test_create_ticket_success[client-attachments1-QuestionsAboutInternationalDelivery]","Позитивный тест: создание тикета с разными темами и вложениями для клиента, партнера и админа"
"failed","Sat Apr 11 01:58:32 UTC 2026","Sat Apr 11 01:58:33 UTC 2026","593","tests.cart","test_25_cart_city_guessed_flag","","","","test_city_guessed_authorized_after_explicit_city_choice[client]","
    Авторизованный пользователь явно выбирает город через /cart/save_city
    - выбор города сохраняется
    - далее is_city_guessed уже не может быть True
    "
"skipped","Sat Apr 11 00:56:27 UTC 2026","Sat Apr 11 00:56:27 UTC 2026","0","tests.tickets","test_01_get_tickets","","","","test_get_tickets_success[filter1-sort0-search0-pagination0-client]","Позитивный тест: получение списка тикетов с разными комбинациями параметров"
"skipped","Sat Apr 11 01:44:23 UTC 2026","Sat Apr 11 01:44:24 UTC 2026","842","tests.admin_panel","test_accrue_auto_bonus","","","","test_accrue_auto_bonus_invalid_payload[payload1-400]",""
"failed","Sat Apr 11 02:02:03 UTC 2026","Sat Apr 11 02:02:04 UTC 2026","626","tests.delivery","test_geo_reverse","","","","test_geo_reverse_address_not_found_404_or_partial[client]",""
"passed","Sat Apr 11 00:58:20 UTC 2026","Sat Apr 11 00:58:24 UTC 2026","3989","tests.cart","test_01_user_locale","","","","test_update_user_locale_valid_payload[client-payload2]",""
"skipped","Sat Apr 11 01:54:00 UTC 2026","Sat Apr 11 01:54:00 UTC 2026","0","tests.account","test_update","","","","test_update_account_positive[admin-payload1]","Позитивные тесты на обновление данных аккаунта"
"passed","Sat Apr 11 00:57:52 UTC 2026","Sat Apr 11 00:57:53 UTC 2026","790","tests.account","test_update_utc_offset","","","","test_update_utc_offset_valid_values[-07-expected2-admin]",""
"failed","Sat Apr 11 01:56:05 UTC 2026","Sat Apr 11 01:56:06 UTC 2026","601","tests.admin_panel.categories","test_45_get_categories","","","","test_get_categories_forbidden[client]","Негативный тест: получение списка категорий не админом."
"skipped","Sat Apr 11 01:37:32 UTC 2026","Sat Apr 11 01:37:32 UTC 2026","667","tests.register","test_01_register_form","","","","test_register_form_negative[client-payload1-400]",""
"failed","Sat Apr 11 01:53:34 UTC 2026","Sat Apr 11 01:53:36 UTC 2026","1872","tests.orders","test_group_order_leave","","","","test_cart_leave_group_repeat_returns_400[client]","
    Негатив: повторный вызов после успешного выхода = 400
    "
"skipped","Sat Apr 11 00:56:27 UTC 2026","Sat Apr 11 00:56:27 UTC 2026","0","tests.tickets","test_01_get_tickets","","","","test_get_tickets_success[filter0-sort1-search1-pagination1-client]","Позитивный тест: получение списка тикетов с разными комбинациями параметров"
"skipped","Sat Apr 11 01:41:48 UTC 2026","Sat Apr 11 01:41:49 UTC 2026","809","tests.tickets","test_09_get_ticket_messages","","","","test_get_ticket_messages_invalid_id_format[0]","Негативный тест: запрос с некорректным ID (строка, спецсимволы, пустое значение)"
"passed","Sat Apr 11 01:30:40 UTC 2026","Sat Apr 11 01:30:44 UTC 2026","3695","tests.cart","test_23_cart_calculate_delivery_flag","","","","test_update_cart_item_invalid_calculate_delivery_flag[true-client]",""
"passed","Sat Apr 11 01:55:10 UTC 2026","Sat Apr 11 01:55:11 UTC 2026","596","tests.cart","test_21_cart_shareable","","","","test_cart_shareable_not_found[client]","
    запрос по заведомо несуществующей ссылке
    "
"failed","Sat Apr 11 01:52:34 UTC 2026","Sat Apr 11 01:52:35 UTC 2026","849","tests.cart","test_11_cart_save_delivery_method","","","","test_cart_save_delivery_method_invalid_payload_returns_400[payload1]",""
"passed","Sat Apr 11 01:29:06 UTC 2026","Sat Apr 11 01:29:08 UTC 2026","1441","tests.admin_panel.users","test_post_admin_users_exclusive_preorder_permissions","","","","test_post_exclusive_preorder_permissions_validation_errors_400[payload5]","
    Негатив: некорректный payload
    "
"skipped","Sat Apr 11 01:40:44 UTC 2026","Sat Apr 11 01:40:44 UTC 2026","0","tests.chat_support","test_01_support_chat_messages_post","","","","test_create_message_unauthorized","
    Негатив: /support-chat/create без токена → 401
    "
"passed","Sat Apr 11 01:21:38 UTC 2026","Sat Apr 11 01:21:39 UTC 2026","799","tests.admin_panel.promo","test_77_create_promotion_item","","","","test_create_promotion_item_invalid_ids[abc-1-404]",""
"skipped","Sat Apr 11 00:56:42 UTC 2026","Sat Apr 11 00:56:42 UTC 2026","0","tests.stock","test_create_stock","","","","test_create_stock_with_empty_string_log_if_not_200[delivery_restrictions.stock_id]",""
"skipped","Sat Apr 11 00:50:11 UTC 2026","Sat Apr 11 00:50:12 UTC 2026","905","tests.one_c","test_cart_calculate_full_coverage","","","","test_address_fields[street-]",""
"passed","Sat Apr 11 02:00:47 UTC 2026","Sat Apr 11 02:00:48 UTC 2026","1432","tests.orders","test_group_order_v2_stock_fixation","","","","test_group_order_v2_hint_stock_from_other_region_behavior","
    Проверяем поведение backend при передаче stock_id (hint)
    из другого города
    "
"skipped","Sat Apr 11 02:00:07 UTC 2026","Sat Apr 11 02:00:07 UTC 2026","0","tests.chat_support","test_04_support_chat_tags_get","","","","test_get_support_chat_tags_unauthorized","
    Негатив: запрос без токена
    "
"passed","Sat Apr 11 00:56:36 UTC 2026","Sat Apr 11 00:56:36 UTC 2026","596","tests.tickets","test_01_get_tickets","","","","test_get_tickets_invalid_filter[invalid_filter1-400-partner]","Негативный тест: передаем некорректные параметры фильтрации"
"passed","Sat Apr 11 01:32:16 UTC 2026","Sat Apr 11 01:32:17 UTC 2026","591","tests.delivery","test_get_emu_pickup_points","","","","test_get_emu_pickup_points_invalid_city_id_should_fail[abc-admin]","Негатив: невалидные значения city_id → 400/422."
"skipped","Sat Apr 11 01:54:00 UTC 2026","Sat Apr 11 01:54:00 UTC 2026","0","tests.account","test_pass_change","","","","test_change_password_positive[admin-payload1]","Позитивные тесты на изменение пароля"
"passed","Sat Apr 11 00:59:54 UTC 2026","Sat Apr 11 00:59:56 UTC 2026","2380","tests.cart","test_01_user_locale","","","","test_update_user_locale_invalid_language_enum[partner-None]",""
"passed","Sat Apr 11 01:05:52 UTC 2026","Sat Apr 11 01:05:52 UTC 2026","193","tests.cart","test_update_location","","","","test_update_location_invalid_types[payload3]",""
"skipped","Sat Apr 11 01:22:05 UTC 2026","Sat Apr 11 01:22:06 UTC 2026","751","tests.delivery","test_get_delivery_countries","","","","test_get_delivery_countries_invalid_from[-admin]","Негатив: невалидные значения параметра from → 400/422."
"skipped","Sat Apr 11 00:56:42 UTC 2026","Sat Apr 11 00:56:42 UTC 2026","0","tests.stock","test_create_stock","","","","test_create_stock_with_empty_string_log_if_not_200[city_id]",""
"passed","Sat Apr 11 01:39:21 UTC 2026","Sat Apr 11 01:39:22 UTC 2026","786","tests.admin_panel.categories","test_47_get_categories_by_id","","","","test_get_category_not_found","Негативный тест: категория не найдена (несуществующий ID)."
"passed","Sat Apr 11 01:36:04 UTC 2026","Sat Apr 11 01:36:05 UTC 2026","626","tests.admin_panel.categories","test_56_v2_create_category","","","","test_v2_create_category_forbidden[client]","Негативный тест: создание категории не-админом запрещено."
"passed","Sat Apr 11 01:09:03 UTC 2026","Sat Apr 11 01:09:07 UTC 2026","4473","tests.cart","test_20_cart_recommended_products","","","","test_cart_recommended_products_with_item_success[partner]",""
"passed","Sat Apr 11 00:57:47 UTC 2026","Sat Apr 11 00:57:48 UTC 2026","832","tests.account","test_update_utc_offset","","","","test_update_utc_offset_valid_values[+00-expected0-admin]",""
"passed","Sat Apr 11 00:52:44 UTC 2026","Sat Apr 11 00:52:45 UTC 2026","1194","tests.tickets","test_04_create_ticket","","","","test_create_ticket_success[partner-attachments0-ReceivingDefectiveProductsOrShortage]","Позитивный тест: создание тикета с разными темами и вложениями для клиента, партнера и админа"
"skipped","Sat Apr 11 01:42:25 UTC 2026","Sat Apr 11 01:42:25 UTC 2026","0","tests.admin_panel","test_accrue_gold_pro_gift","","","","test_accrue_gold_pro_gift_for_client",""
"skipped","Sat Apr 11 00:56:42 UTC 2026","Sat Apr 11 00:56:42 UTC 2026","0","tests.stock","test_create_stock","","","","test_create_stock_with_empty_string_log_if_not_200[city.name]",""
"passed","Sat Apr 11 01:54:13 UTC 2026","Sat Apr 11 01:54:14 UTC 2026","809","tests.admin_panel","test_02_support_users_list","","","","test_client_cannot_list_support_users",""
"passed","Sat Apr 11 01:36:57 UTC 2026","Sat Apr 11 01:36:57 UTC 2026","610","tests.catalog","test_get_recommended_products","","","","test_get_recommended_products_wrong_method","
    Неверный HTTP-метод
    "
"skipped","Sat Apr 11 01:26:25 UTC 2026","Sat Apr 11 01:26:25 UTC 2026","0","tests.PROJECT_EDUCATION.test_system","test_03_user_answers","","","","test_user_answers_invalid_id__400_or_404[-1]",""
"passed","Sat Apr 11 01:31:21 UTC 2026","Sat Apr 11 01:31:21 UTC 2026","199","tests.cart","test_delivery_address_save_apply","","","","test_save_address_invalid_payload[payload2]",""
"passed","Sat Apr 11 01:57:04 UTC 2026","Sat Apr 11 01:57:05 UTC 2026","574","tests.auth","test_03_token_auth","","","","test_auth_by_invalid_token","Тест авторизации с невалидным токеном"
"passed","Sat Apr 11 01:40:05 UTC 2026","Sat Apr 11 01:40:05 UTC 2026","624","tests.admin_panel.sliders","test_53_get_sliders_by_id","","","","test_get_sliders_unauthorized","Негативный тест: получение слайдера без авторизации"
"failed","Sat Apr 11 01:56:10 UTC 2026","Sat Apr 11 01:56:11 UTC 2026","592","tests.admin_panel.periods","test_post_admin_approve_marketing_result_with_period","","","","test_post_admin_approve_marketing_result_with_period__forbidden[client]",""
"skipped","Sat Apr 11 01:57:11 UTC 2026","Sat Apr 11 01:57:12 UTC 2026","599","tests.cart","test_15_cart_update_country","","","","test_update_country_invalid_payload[partner-payload0]","Негатив: невалидный payload"
"skipped","Sat Apr 11 01:41:06 UTC 2026","Sat Apr 11 01:41:06 UTC 2026","776","tests.reviews","test_reviews_update_post","","","","test_reviews_update_invalid_payload_returns_client_error[bad_update0]",""
"skipped","Sat Apr 11 02:01:53 UTC 2026","Sat Apr 11 02:01:53 UTC 2026","0","tests.promo_time.new_year_lottery","test_new_year_lottery_calculation","","","","test_orders_calculation_has_no_lottery_fields_when_inactive","
    Негатив:
    - явно выключаем акцию
    - купоны не считаются → поля с количеством купонов нет
    - поле remaining_sum_for_next_new_year_lottery_coupon может присутствовать
    "
"passed","Sat Apr 11 01:31:03 UTC 2026","Sat Apr 11 01:31:03 UTC 2026","204","tests.cart","test_delivery_address_save_apply","","","","test_save_address_apply_false_kz_allowed",""
"passed","Sat Apr 11 01:47:21 UTC 2026","Sat Apr 11 01:47:22 UTC 2026","775","tests.stock","test_get_group_orders","","","","test_get_group_orders[partner]","Запрос всех складов для групповых заказов"
"passed","Sat Apr 11 01:52:49 UTC 2026","Sat Apr 11 01:52:50 UTC 2026","661","tests.delivery","test_get_delivery_regions","","","","test_get_delivery_regions_success[client]","Позитив: успешное получение списка регионов."
"passed","Sat Apr 11 01:29:38 UTC 2026","Sat Apr 11 01:29:39 UTC 2026","627","tests.reviews","test_reviews_create_post","","","","test_reviews_create_unauthorized_for_non_auth",""
"skipped","Sat Apr 11 01:26:25 UTC 2026","Sat Apr 11 01:26:25 UTC 2026","0","tests.PROJECT_EDUCATION.test_system","test_03_user_answers","","","","test_user_answers_invalid_payload__400_or_422[payload2]",""
"passed","Sat Apr 11 00:54:13 UTC 2026","Sat Apr 11 00:54:13 UTC 2026","815","tests.tickets","test_04_create_ticket","","","","test_create_ticket_success[admin-attachments0-QuestionsAboutPaymentsToIP]","Позитивный тест: создание тикета с разными темами и вложениями для клиента, партнера и админа"
"skipped","Sat Apr 11 01:04:19 UTC 2026","Sat Apr 11 01:04:19 UTC 2026","0","tests.account","test_account_branded_wallet_get","","","","test_get_period_bad_types_400_or_422[period2-client]","
    Негатив: некорректные типы month/year → 400/422
    "
"passed","Sat Apr 11 01:43:47 UTC 2026","Sat Apr 11 01:43:48 UTC 2026","789","tests.catalog","test_get_admin_product_translation","","","","test_get_admin_product_translation_invalid_id[-1]","Проверка получения перевода по невалидному product_id."
"passed","Sat Apr 11 01:52:06 UTC 2026","Sat Apr 11 01:52:07 UTC 2026","698","tests.admin_panel.slides","test_62_slides_update_video_url","","","","test_update_video_url_forbidden[client]","Негативный тест: не-админ не может обновить ссылку на мастер-файл"
"skipped","Sat Apr 11 00:56:27 UTC 2026","Sat Apr 11 00:56:27 UTC 2026","0","tests.tickets","test_01_get_tickets","","","","test_get_tickets_success[filter0-sort1-search2-pagination1-client]","Позитивный тест: получение списка тикетов с разными комбинациями параметров"
"passed","Sat Apr 11 01:58:29 UTC 2026","Sat Apr 11 01:58:29 UTC 2026","230","tests.auth","test_06_full_logout","","","","test_full_logout_success[client]",""
"skipped","Sat Apr 11 01:44:12 UTC 2026","Sat Apr 11 01:44:12 UTC 2026","0","tests.PROJECT_EDUCATION.test_system","test_02_get_question","","","","test_get_question_invalid_id__400_or_404[]",""
"skipped","Sat Apr 11 01:40:31 UTC 2026","Sat Apr 11 01:40:32 UTC 2026","615","tests.cart","test_14_cart_update_personal_data","","","","test_update_personal_data_invalid_payload[partner-payload1]","
    Негатив: отсутствующие обязательные поля или невалидные значения
    "
"passed","Sat Apr 11 01:23:34 UTC 2026","Sat Apr 11 01:23:34 UTC 2026","635","tests.statistic","test_team_activations","","","","test_get_team_activation_statistic_positive[payload0-partner]","Позитивный тест: получение статистики по активации команды с валидным телом запроса"
"skipped","Sat Apr 11 01:44:12 UTC 2026","Sat Apr 11 01:44:12 UTC 2026","0","tests.PROJECT_EDUCATION.test_system","test_05_get_info","","","","test_get_info_invalid_id__400_or_404[0]","Негатив: невалидный id в path"
"passed","Sat Apr 11 01:50:49 UTC 2026","Sat Apr 11 01:50:50 UTC 2026","1066","tests.stock","test_get_stocks","","","","test_get_stocks[admin]","Запрос всех складов"
"skipped","Sat Apr 11 01:46:15 UTC 2026","Sat Apr 11 01:46:15 UTC 2026","0","tests.fund","test_get_top_donors","","","","test_get_top_donors_invalid_params[invalid_param0-https://dev.ewahelps.com/api]","Негатив: неверные параметры должны дать 400 (при рабочем маршруте)."
"passed","Sat Apr 11 01:46:30 UTC 2026","Sat Apr 11 01:46:34 UTC 2026","4344","tests.orders","test_group_order_join_roles_and_rejections","","","","test_group_order_join_owner_without_items_allowed","
    Owner (создатель group order) может сделать join при пустой корзине
    "
"skipped","Sat Apr 11 01:54:00 UTC 2026","Sat Apr 11 01:54:00 UTC 2026","0","tests.account","test_family_agreement_create_one","","","","test_create_family_agreement_one_positive[admin-payload1]","Позитивные тесты на создание семейного соглашения при отсутствующем втором партнере"
"passed","Sat Apr 11 00:57:42 UTC 2026","Sat Apr 11 00:57:43 UTC 2026","827","tests.account","test_update_utc_offset","","","","test_update_utc_offset_happy_path_persists_to_account_profile[admin]",""
"passed","Sat Apr 11 00:57:21 UTC 2026","Sat Apr 11 00:57:22 UTC 2026","575","tests.delivery","test_get_cities","","","","test_get_cities_missing_required_params_should_fail[params0-client]","
    Негатив: отсутствие обязательных page/page_size/country_id
    "
"passed","Sat Apr 11 01:47:43 UTC 2026","Sat Apr 11 01:47:43 UTC 2026","786","tests.PROJECT_FUND.initiatives","test_get_initiative_by_id","","","","test_get_initiative_by_invalid_id[-https://dev.ewahelps.com/api]",""
"failed","Sat Apr 11 01:58:33 UTC 2026","Sat Apr 11 01:58:34 UTC 2026","606","tests.cart","test_25_cart_city_guessed_flag","","","","test_city_guessed_authorized_after_explicit_city_choice[partner]","
    Авторизованный пользователь явно выбирает город через /cart/save_city
    - выбор города сохраняется
    - далее is_city_guessed уже не может быть True
    "
"failed","Sat Apr 11 01:58:45 UTC 2026","Sat Apr 11 01:58:46 UTC 2026","1408","tests.catalog","test_get_items_list","","","","test_get_items_list_unauthorized",""
"skipped","Sat Apr 11 01:54:00 UTC 2026","Sat Apr 11 01:54:00 UTC 2026","0","tests.account","test_list_csv","","","","test_get_account_list_csv_positive[partner-payload1]","Позитивные тесты на выгрузку структуры партнеров в CSV"
"skipped","Sat Apr 11 01:04:19 UTC 2026","Sat Apr 11 01:04:19 UTC 2026","0","tests.account","test_0_marathon","","","","test_create_product_brand_invalid_payload[params2-400-admin]",""
"passed","Sat Apr 11 01:31:28 UTC 2026","Sat Apr 11 01:31:28 UTC 2026","189","tests.cart","test_delivery_address_save_apply","","","","test_save_address_invalid_payload[payload4]",""
"passed","Sat Apr 11 01:04:40 UTC 2026","Sat Apr 11 01:04:47 UTC 2026","6625","tests.catalog","test_create_admin_product","","","","test_create_admin_product_minimal_payload_variants[slug+category_ids]",""
"passed","Sat Apr 11 01:18:06 UTC 2026","Sat Apr 11 01:18:07 UTC 2026","838","tests.catalog","test_create_admin_product_translation","","","","test_create_admin_product_translation_invalid_payload[payload1-400]","Негативные проверки на создание перевода с некорректным payload."
"passed","Sat Apr 11 01:32:30 UTC 2026","Sat Apr 11 01:32:31 UTC 2026","607","tests.delivery","test_get_self_pickup_offices","","","","test_get_self_pickup_offices_unauthorized","Негатив: запрос без авторизации."
"skipped","Sat Apr 11 01:54:00 UTC 2026","Sat Apr 11 01:54:00 UTC 2026","0","tests.account","test_history_personal_volumes","","","","test_get_personal_volumes_history_positive[partner-payload0]","Позитивные тесты на получение истории начисления личных объемов"
"passed","Sat Apr 11 00:55:44 UTC 2026","Sat Apr 11 00:55:46 UTC 2026","1970","tests.tickets","test_04_create_ticket","","","","test_create_ticket_success[admin-attachments2-QuestionsAboutTheRewardSystemMarketingPlan]","Позитивный тест: создание тикета с разными темами и вложениями для клиента, партнера и админа"
"passed","Sat Apr 11 01:07:57 UTC 2026","Sat Apr 11 01:07:59 UTC 2026","1310","tests.admin_panel.promo","test_74_update_promotion","","","","test_update_promotion_invalid_payload[payload8-400]","Негативный тест: обновление акции с невалидным или неполным телом запроса"
"skipped","Sat Apr 11 01:37:36 UTC 2026","Sat Apr 11 01:37:36 UTC 2026","590","tests.register","test_01_register_form","","","","test_register_form_negative[admin-payload1-400]",""
"passed","Sat Apr 11 01:23:47 UTC 2026","Sat Apr 11 01:23:47 UTC 2026","579","tests.statistic","test_team_go","","","","test_get_team_go_statistic_positive[payload1-partner]","Позитивный тест: получение статистики по команде с валидным телом запроса"
"failed","Sat Apr 11 01:52:59 UTC 2026","Sat Apr 11 01:53:00 UTC 2026","581","tests.delivery","test_get_fargo_offices","","","","test_get_fargo_offices_success[439930-admin]","Позитив: успешное получение списка офисов по city_id."
"passed","Sat Apr 11 01:30:15 UTC 2026","Sat Apr 11 01:30:16 UTC 2026","600","tests.account","test_get_account_exists","","","","test_get_account_exists_positive[params5-admin]","Нкгатив: невлидны id"
"skipped","Sat Apr 11 01:04:19 UTC 2026","Sat Apr 11 01:04:19 UTC 2026","0","tests.account","test_account_branded_wallet_get","","","","test_get_past_year_should_be_404[client]","
    прошлый период. днных нет - 404
    "
"skipped","Sat Apr 11 01:57:14 UTC 2026","Sat Apr 11 01:57:14 UTC 2026","596","tests.cart","test_16_cart_update_stock","","","","test_update_stock_invalid_payload[client-payload0]","Негатив: невалидный payload"
"passed","Sat Apr 11 01:47:27 UTC 2026","Sat Apr 11 01:47:29 UTC 2026","1655","tests.tickets","test_11_update_message","","","","test_update_message_validation[client-update_payload0-403]","Негативные тесты: невалидные поля при редактировании сообщения"
"passed","Sat Apr 11 01:52:51 UTC 2026","Sat Apr 11 01:52:52 UTC 2026","579","tests.delivery","test_get_delivery_regions","","","","test_get_delivery_regions_missing_required_params[admin]","Негатив: отсутствие обязательных параметров page/page_size/country_id → 400/422."
"passed","Sat Apr 11 01:55:11 UTC 2026","Sat Apr 11 01:55:12 UTC 2026","594","tests.cart","test_21_cart_shareable","","","","test_cart_shareable_not_found[partner]","
    запрос по заведомо несуществующей ссылке
    "
"passed","Sat Apr 11 00:56:59 UTC 2026","Sat Apr 11 00:57:00 UTC 2026","579","tests.delivery","test_01_save_delivery_address","","","","test_save_address_missing_required_fields_should_fail[delivery-client]",""
"skipped","Sat Apr 11 00:56:42 UTC 2026","Sat Apr 11 00:56:42 UTC 2026","0","tests.stock","test_create_stock","","","","test_create_stock_with_empty_string_log_if_not_200[is_yandex_delivery]",""
"skipped","Sat Apr 11 00:50:14 UTC 2026","Sat Apr 11 00:50:15 UTC 2026","922","tests.one_c","test_cart_calculate_full_coverage","","","","test_address_fields[city-aaaaaaaaaaaaaaaaaaaaaaaaaaaaaaaaaaaaaaaaaaaaaaaaaaaaaaaaaaaaaaaaaaaaaaaaaaaaaaaaaaaaaaaaaaaaaaaaaaaaaaaaaaaaaaaaaaaaaaaaaaaaaaaaaaaaaaaaaaaaaaaaaaaaaaaaaaaaaaaaaaaaaaaaaaaaaaaaaaaaaaaaaaaaaaaaaaaaaaaaaaaaaaaaaaaaaaaaaaaaaaaaaaaaaaaaaaaaaaaaaaaaaaaaaaaaaaaaaaaaaaaaaaaaaaaaaaaaaaaaaaaaaaaaaaaaaaaaaaaa]",""
"passed","Sat Apr 11 01:18:32 UTC 2026","Sat Apr 11 01:18:33 UTC 2026","581","tests.delivery","test_self_pickup_offices","","","","test_self_pickup_offices_invalid_params[admin-params1]","
    Негатив: невалидные параметры  = 400
    "
"skipped","Sat Apr 11 01:53:00 UTC 2026","Sat Apr 11 01:53:01 UTC 2026","611","tests.delivery","test_get_fargo_offices","","","","test_get_fargo_offices_invalid_city_id_should_fail[-1-admin]","Негатив: невалидные значения city_id → 400/422."
"passed","Sat Apr 11 01:08:09 UTC 2026","Sat Apr 11 01:08:10 UTC 2026","1178","tests.admin_panel.sliders","test_54_update_slider","","","","test_update_slider_success","Позитивный тест: успешное обновление слайдера (все поля)."
"passed","Sat Apr 11 00:57:37 UTC 2026","Sat Apr 11 00:57:38 UTC 2026","608","tests.delivery","test_get_cities","","","","test_get_cities_invalid_region_id_should_fail[0-admin]","
    Негатив: невалидный region_id
    "
"skipped","Sat Apr 11 01:51:08 UTC 2026","Sat Apr 11 01:51:08 UTC 2026","0","tests.admin_panel.products","test_01_delete_product_group","","","","test_delete_product_group_unauthorized","Негативный тест: попытка удаления продукт группы без авторизации."
"passed","Sat Apr 11 01:23:20 UTC 2026","Sat Apr 11 01:23:20 UTC 2026","615","tests.admin_panel.sliders","test_52_create_slider","","","","test_create_slider_unauthorized","Негативный тест: создание слайдера без авторизации."
"skipped","Sat Apr 11 01:56:12 UTC 2026","Sat Apr 11 01:56:13 UTC 2026","610","tests.admin_panel.periods","test_post_periods_by_date","","","","test_post_periods_by_date__bad_body_400_422[admin-bad_body0]",""
"skipped","Sat Apr 11 00:56:25 UTC 2026","Sat Apr 11 00:56:25 UTC 2026","0","tests.tickets","test_04_create_ticket","","","","test_create_ticket_invalid_message[partner-None]","Негативный тест: создание тикета без сообщения"
"passed","Sat Apr 11 01:54:28 UTC 2026","Sat Apr 11 01:54:32 UTC 2026","4154","tests.admin_panel.products","test_03_recommended_products_delete","","","","test_remove_nonexistent_recommendation","Удаление несуществующей рекомендации не вызывает ошибку."
"passed","Sat Apr 11 01:51:34 UTC 2026","Sat Apr 11 01:51:39 UTC 2026","5188","tests.admin_panel.products","test_02_recommended_products_add","","","","test_add_recommendation_no_rights[partner]","Пользователь без прав пытается добавить рекомендации"
"skipped","Sat Apr 11 01:44:12 UTC 2026","Sat Apr 11 01:44:12 UTC 2026","0","tests.PROJECT_EDUCATION.test_system","test_04_finish_test","","","","test_finish_test_invalid_id__400_or_404[]",""
"passed","Sat Apr 11 01:20:06 UTC 2026","Sat Apr 11 01:20:07 UTC 2026","789","tests.admin_panel.items","test_create_item_translation","","","","test_create_item_translation_invalid_payload[payload5-code5]","Негативный тест: создание перевода с невалидным payload."
"skipped","Sat Apr 11 01:59:50 UTC 2026","Sat Apr 11 01:59:50 UTC 2026","0","tests.account","test_get_default_stock","","","","test_get_default_stock_positive[admin]","Позитивные тесты на получение дефолтного склада"
"passed","Sat Apr 11 01:32:00 UTC 2026","Sat Apr 11 01:32:01 UTC 2026","617","tests.delivery","test_get_cdek_offices","","","","test_get_cdek_offices_invalid_city_id_should_fail[1.5-admin]",""
"passed","Sat Apr 11 02:02:30 UTC 2026","Sat Apr 11 02:02:30 UTC 2026","573","tests.temporary","test_cleanup_products","","","","test_cleanup_test_products","
    Удаляет тестовые продукты из БД (например, с rgba_big_circle как 'rgba%'),
    включая связи: переводы, категории.
    "
"passed","Sat Apr 11 01:36:14 UTC 2026","Sat Apr 11 01:36:14 UTC 2026","612","tests.admin_panel.minions","test_admin_add_lo","","","","test_post_admin_add_lo_negative_without_auth","
    Негативный сценарий: вызов без авторизации.
    "
"passed","Sat Apr 11 01:36:41 UTC 2026","Sat Apr 11 01:36:41 UTC 2026","613","tests.admin_panel.slides","test_0_slides_sort","","","","test_slides_sort_by_id_forbidden[partner]","Негативный тест: не админом."
"skipped","Sat Apr 11 01:54:00 UTC 2026","Sat Apr 11 01:54:00 UTC 2026","0","tests.account","test_token_revoke","","","","test_revoke_token_positive[admin-payload1]","Позитивные тесты на удаление токена"
"passed","Sat Apr 11 01:37:56 UTC 2026","Sat Apr 11 01:37:58 UTC 2026","1872","tests.reviews","test_reviews_delete_post","","","","test_reviews_delete_happy_path_admin_review_not_accessible_after_delete",""
"passed","Sat Apr 11 01:19:09 UTC 2026","Sat Apr 11 01:19:10 UTC 2026","573","tests.admin_panel.categories","test_80_create_category_translation","","","","test_create_category_translation_unauthorized","Негативный тест: создание перевода без авторизации."
"passed","Sat Apr 11 01:56:05 UTC 2026","Sat Apr 11 01:56:05 UTC 2026","829","tests.admin_panel.categories","test_45_get_categories","","","","test_get_categories_success","Позитивный тест: успешное получение списка категорий админом."
"passed","Sat Apr 11 01:32:28 UTC 2026","Sat Apr 11 01:32:29 UTC 2026","573","tests.delivery","test_get_self_pickup_offices","","","","test_get_self_pickup_offices_invalid_city_id_should_fail[None-admin]","Негатив: невалидные значения city_id → 400/422."
"skipped","Sat Apr 11 01:04:19 UTC 2026","Sat Apr 11 01:04:19 UTC 2026","0","tests.account","test_0_marathon","","","","test_create_product_brand_invalid_payload[params1-400-partner]",""
"passed","Sat Apr 11 01:00:57 UTC 2026","Sat Apr 11 01:01:01 UTC 2026","3871","tests.cart","test_12_cart_estimate_delivery","","","","test_estimate_delivery_success[client-yandex-payload8]","
    Позитив: корзина с товаром, выбор способа доставки и расчёт стоимости для разных служб
    "
"passed","Sat Apr 11 01:54:56 UTC 2026","Sat Apr 11 01:54:57 UTC 2026","623","tests.cart","test_06_cart_update","","","","test_update_cart_item_unauthorized","Негатив: изменение корзины без авторизации/корзины"
"failed","Sat Apr 11 01:31:49 UTC 2026","Sat Apr 11 01:31:50 UTC 2026","613","tests.delivery","test_get_boxberry_offices","","","","test_get_boxberry_offices_invalid_city_id_should_fail[0-admin]",""
"passed","Sat Apr 11 01:39:45 UTC 2026","Sat Apr 11 01:39:46 UTC 2026","830","tests.admin_panel.promo","test_73_get_promotion_by_id","","","","test_get_promotion_invalid_id[abc]","Негативный тест: получение акции по невалидному ID"
"passed","Sat Apr 11 01:07:13 UTC 2026","Sat Apr 11 01:07:13 UTC 2026","572","tests.one_c","test_free_delivery_to_regions_and_cities","","","","test_1c_free_delivery_bad_request_for_empty_body",""
"passed","Sat Apr 11 00:57:18 UTC 2026","Sat Apr 11 00:57:19 UTC 2026","578","tests.delivery","test_get_cities","","","","test_get_cities_success[partner]","
    Позитив: список городов по стране
    "
"passed","Sat Apr 11 01:02:32 UTC 2026","Sat Apr 11 01:02:36 UTC 2026","3607","tests.cart","test_12_cart_estimate_delivery","","","","test_estimate_delivery_empty_payload[client-payload0]","
    пустой payload для /cart/estimate_delivery при непустой корзине
    "
"passed","Sat Apr 11 01:07:18 UTC 2026","Sat Apr 11 01:07:19 UTC 2026","390","tests.one_c","test_free_delivery_to_regions_and_cities","","","","test_1c_free_delivery_bad_request_for_unknown_city_id",""
"skipped","Sat Apr 11 01:54:00 UTC 2026","Sat Apr 11 01:54:00 UTC 2026","0","tests.account","test_token","","","","test_add_token_positive[client-payload0]","Позитивные тесты на добавление токена"
"passed","Sat Apr 11 01:43:28 UTC 2026","Sat Apr 11 01:43:36 UTC 2026","7409","tests.catalog","test_get_admin_product_translation","","","","test_get_admin_product_translation_forbidden[client]","Запрет получения переводов для клиента/партнёра."
"passed","Sat Apr 11 01:39:55 UTC 2026","Sat Apr 11 01:39:56 UTC 2026","1644","tests.admin_panel.sliders","test_53_get_sliders_by_id","","","","test_get_sliders_by_id_forbidden[client]","Негативный тест: получение слайдера по ID не-админом запрещено"
"passed","Sat Apr 11 01:35:00 UTC 2026","Sat Apr 11 01:35:01 UTC 2026","851","tests.reviews","test_reviews_list_post","","","","test_reviews_list_access_allowed_for_client_and_partner[authorize_partner]",""
"skipped","Sat Apr 11 01:07:25 UTC 2026","Sat Apr 11 01:07:25 UTC 2026","0","tests.PROJECT_EDUCATION.orders","test_post_orders","","","","test_post_orders_invalid_payload__400_422[payload9]","Негатив: невалидный body"
"skipped","Sat Apr 11 01:41:51 UTC 2026","Sat Apr 11 01:41:51 UTC 2026","0","tests.PROJECT_EDUCATION.test_system","test_08_get_course_with_tests","","","","test_get_course_with_tests__invalid_id__400_404[abc]",""
"passed","Sat Apr 11 01:36:18 UTC 2026","Sat Apr 11 01:36:19 UTC 2026","846","tests.admin_panel.minions","test_admin_add_lo","","","","test_post_admin_add_lo_negative_missing_required_fields[payload2]","
    Негативные сценарии: отсутствуют обязательные поля.
    "
"passed","Sat Apr 11 01:36:03 UTC 2026","Sat Apr 11 01:36:04 UTC 2026","1084","tests.admin_panel.categories","test_56_v2_create_category","","","","test_v2_create_category_success","Позитивный тест: успешное создание категории (все поля)."
"passed","Sat Apr 11 01:18:23 UTC 2026","Sat Apr 11 01:18:24 UTC 2026","886","tests.delivery","test_self_pickup_offices","","","","test_self_pickup_offices_success_basic[admin]","
    Позитив: успешное получение списка офисов по city_id
    Допускается пустой список (если в городе нет офисов)
    "
"passed","Sat Apr 11 01:57:37 UTC 2026","Sat Apr 11 01:57:38 UTC 2026","847","tests.reviews","test_reviews_by_product_get","","","","test_reviews_by_product_access[authorize_client]",""
"skipped","Sat Apr 11 01:23:56 UTC 2026","Sat Apr 11 01:23:57 UTC 2026","627","tests.statistic","test_team_go","","","","test_get_team_go_statistic_negative[payload1-admin]","Негативный тест: ошибка при получении статистики по команде с невалидным телом запроса"
"passed","Sat Apr 11 01:47:50 UTC 2026","Sat Apr 11 01:47:51 UTC 2026","572","tests.PROJECT_FUND.initiatives","test_get_report_by_id","","","","test_get_report_by_invalid_id[None-https://dev.ewahelps.com/api]","Негативный тест: невалидный или несуществующий path-параметр"
"passed","Sat Apr 11 01:07:21 UTC 2026","Sat Apr 11 01:07:24 UTC 2026","2191","tests.one_c","test_free_delivery_to_regions_and_cities","","","","test_1c_free_delivery_no_changes_when_regions_and_cities_null",""
"skipped","Sat Apr 11 01:26:25 UTC 2026","Sat Apr 11 01:26:25 UTC 2026","0","tests.PROJECT_EDUCATION.test_system","test_03_user_answers","","","","test_user_answers_invalid_id__400_or_404[999999]",""
"skipped","Sat Apr 11 01:04:19 UTC 2026","Sat Apr 11 01:04:19 UTC 2026","0","tests.account","test_0_marathon","","","","test_create_product_brand_invalid_payload[params3-400-client]",""
"skipped","Sat Apr 11 02:00:54 UTC 2026","Sat Apr 11 02:00:55 UTC 2026","775","tests.stock","test_delete_stock","","","","test_delete_stock_invalid_id[abc]",""
"passed","Sat Apr 11 01:35:09 UTC 2026","Sat Apr 11 01:35:10 UTC 2026","895","tests.reviews","test_reviews_list_post","","","","test_reviews_list_invalid_enums_return_client_error[bad_payload0]",""
"skipped","Sat Apr 11 02:01:53 UTC 2026","Sat Apr 11 02:01:53 UTC 2026","0","tests.sockets","test_ws_message_type","","","","test_ws_message_type_parametrized_ok[question-partner]","
    WS принимает разные значения message_type, сообщение корректно
    появляется в /support-chat/messages с консистентной схемой
    "
"passed","Sat Apr 11 00:59:02 UTC 2026","Sat Apr 11 00:59:04 UTC 2026","2251","tests.cart","test_01_user_locale","","","","test_update_user_locale_invalid_payload[client-payload2]",""
"passed","Sat Apr 11 01:05:20 UTC 2026","Sat Apr 11 01:05:21 UTC 2026","977","tests.catalog","test_create_admin_product","","","","test_create_product_invalid_payload[payload6-422]",""
"passed","Sat Apr 11 01:22:44 UTC 2026","Sat Apr 11 01:22:45 UTC 2026","1180","tests.admin_panel.products","test_42_update_product_brand","","","","test_update_product_brand_invalid_payload[payload2-expected_code2]","Негативный тест: обновление бренда с невалидным или неполным телом запроса."
"passed","Sat Apr 11 01:14:35 UTC 2026","Sat Apr 11 01:14:43 UTC 2026","7518","tests.catalog","test_update_admin_product","","","","test_update_admin_product_invalid_payload[update_payload5-422]",""
"passed","Sat Apr 11 01:05:11 UTC 2026","Sat Apr 11 01:05:12 UTC 2026","1230","tests.catalog","test_create_admin_product","","","","test_create_admin_product_forbidden_for_non_admin[partner]",""
"passed","Sat Apr 11 00:58:46 UTC 2026","Sat Apr 11 00:58:51 UTC 2026","5198","tests.cart","test_01_user_locale","","","","test_update_user_locale_valid_payload[partner-payload3]",""
"passed","Sat Apr 11 01:18:06 UTC 2026","Sat Apr 11 01:18:06 UTC 2026","829","tests.catalog","test_create_admin_product_translation","","","","test_create_admin_product_translation_invalid_payload[payload0-400]","Негативные проверки на создание перевода с некорректным payload."
"passed","Sat Apr 11 01:42:36 UTC 2026","Sat Apr 11 01:42:39 UTC 2026","2193","tests.admin_panel.categories","test_79_get_category_translation","","","","test_get_category_translation_forbidden[partner]",""
"skipped","Sat Apr 11 01:39:23 UTC 2026","Sat Apr 11 01:39:23 UTC 2026","0","tests.admin_panel.products","test_01_create_product_group","","","","test_create_product_group_forbidden[partner]","Негативный тест: создание продукт группы не-админом запрещено."
"passed","Sat Apr 11 01:07:02 UTC 2026","Sat Apr 11 01:07:03 UTC 2026","208","tests.one_c","test_free_delivery_to_regions_and_cities","","","","test_1c_free_delivery_bad_request_for_zero_mixed_with_other_region_ids",""
"passed","Sat Apr 11 01:16:45 UTC 2026","Sat Apr 11 01:16:53 UTC 2026","8364","tests.catalog","test_create_admin_product_translation","","","","test_create_admin_product_translation_success[ka]","Создание и обновление перевода продукта на разных языках."
"skipped","Sat Apr 11 00:56:26 UTC 2026","Sat Apr 11 00:56:26 UTC 2026","0","tests.tickets","test_01_get_tickets","","","","test_get_tickets_success[filter0-sort0-search1-pagination0-admin]","Позитивный тест: получение списка тикетов с разными комбинациями параметров"
"passed","Sat Apr 11 01:07:51 UTC 2026","Sat Apr 11 01:07:52 UTC 2026","1172","tests.admin_panel.promo","test_74_update_promotion","","","","test_update_promotion_invalid_payload[payload5-400]","Негативный тест: обновление акции с невалидным или неполным телом запроса"
"passed","Sat Apr 11 01:47:26 UTC 2026","Sat Apr 11 01:47:27 UTC 2026","846","tests.stock","test_get_group_orders","","","","test_get_group_orders_returns_only_group_order_stocks[partner]",""
"passed","Sat Apr 11 01:25:52 UTC 2026","Sat Apr 11 01:25:53 UTC 2026","995","tests.admin_panel.items","test_create_item","","","","test_create_item_invalid_payload[payload7-expected_code7]","
    Негативный тест: создание варианта с невалидным телом запроса.
    Если сервер внезапно вернул успех — удаляем созданный item из БД.
    "
"passed","Sat Apr 11 01:21:16 UTC 2026","Sat Apr 11 01:21:17 UTC 2026","1688","tests.admin_panel.promo","test_77_create_promotion_item","","","","test_create_promotion_item_forbidden[partner]","Негативный тест: создание элемента акции не-админом запрещено."
"passed","Sat Apr 11 01:09:14 UTC 2026","Sat Apr 11 01:09:15 UTC 2026","851","tests.cart","test_20_cart_recommended_products","","","","test_cart_recommended_products_invalid_cart_cookie_no_500[0-partner]","
    невалидный cart_id в cookie
    "
"skipped","Sat Apr 11 01:05:28 UTC 2026","Sat Apr 11 01:05:28 UTC 2026","0","tests.admin_panel.categories","test_50_upload_category_images","","","","test_upload_category_images_invalid_format[invalid.txt-text/plain-400]","Негативный тест: загрузка изображений в неверном формате (например, .txt)."
"skipped","Sat Apr 11 01:44:12 UTC 2026","Sat Apr 11 01:44:12 UTC 2026","0","tests.PROJECT_EDUCATION.test_system","test_01_start_test","","","","test_start_test_invalid_id__400_or_404[abc]",""
"skipped","Sat Apr 11 01:26:25 UTC 2026","Sat Apr 11 01:26:25 UTC 2026","0","tests.PROJECT_EDUCATION.test_system","test_03_user_answers","","","","test_user_answers_invalid_payload__400_or_422[payload3]",""
"passed","Sat Apr 11 01:42:18 UTC 2026","Sat Apr 11 01:42:19 UTC 2026","865","tests.admin_panel","test_05_admin_support_users_token_revoke_all","","","","test_partner_cannot_revoke_support_tokens",""
"passed","Sat Apr 11 00:54:19 UTC 2026","Sat Apr 11 00:54:20 UTC 2026","1217","tests.tickets","test_04_create_ticket","","","","test_create_ticket_success[admin-attachments0-QuestionsAboutInternationalDelivery]","Позитивный тест: создание тикета с разными темами и вложениями для клиента, партнера и админа"
"passed","Sat Apr 11 01:13:51 UTC 2026","Sat Apr 11 01:13:59 UTC 2026","7708","tests.catalog","test_update_admin_product","","","","test_update_admin_product_invalid_payload[update_payload1-400]",""
"passed","Sat Apr 11 00:48:24 UTC 2026","Sat Apr 11 00:48:25 UTC 2026","642","tests.one_c","test_cart_calculate_full_coverage","","","","test_invalid_top_types[billing_customer-string]",""
"passed","Sat Apr 11 01:05:30 UTC 2026","Sat Apr 11 01:05:30 UTC 2026","249","tests.cart","test_update_location","","","","test_update_location_language_only",""
"skipped","Sat Apr 11 00:50:28 UTC 2026","Sat Apr 11 00:50:28 UTC 2026","601","tests.one_c","test_cart_calculate_full_coverage","","","","test_random_cart[10]",""
"passed","Sat Apr 11 01:36:23 UTC 2026","Sat Apr 11 01:36:23 UTC 2026","613","tests.admin_panel.periods","test_get_period_by_id","","","","test_get_period_by_id__invalid_id_400_404[admin-abc]",""
"passed","Sat Apr 11 01:42:58 UTC 2026","Sat Apr 11 01:43:01 UTC 2026","3547","tests.admin_panel.items","test_get_item_translation","","","","test_get_item_translation_forbidden[partner]","
    Негативный тест: client/partner не может читать переводы item
    "
"passed","Sat Apr 11 01:45:54 UTC 2026","Sat Apr 11 01:45:55 UTC 2026","614","tests.auth","test_01_check_version","","","","test_check_version[Ios-1.5.3-200]","Тест проверяет API /check_version для разных платформ и версий."
"skipped","Sat Apr 11 01:22:07 UTC 2026","Sat Apr 11 01:22:07 UTC 2026","782","tests.delivery","test_get_delivery_countries","","","","test_get_delivery_countries_invalid_from[123-admin]","Негатив: невалидные значения параметра from → 400/422."
"skipped","Sat Apr 11 00:56:42 UTC 2026","Sat Apr 11 00:56:42 UTC 2026","0","tests.stock","test_create_stock","","","","test_create_stock_with_empty_string_log_if_not_200[city.longitude]",""
"skipped","Sat Apr 11 01:55:10 UTC 2026","Sat Apr 11 01:55:10 UTC 2026","881","tests.cart","test_21_cart_shareable","","","","test_cart_shareable_from_created_link_success[partner]","
    Позитив: создаём ссылку через /cart/share и по ней успешно получаем корзину
    "
"skipped","Sat Apr 11 00:56:27 UTC 2026","Sat Apr 11 00:56:27 UTC 2026","0","tests.tickets","test_01_get_tickets","","","","test_get_tickets_success[filter2-sort1-search0-pagination1-partner]","Позитивный тест: получение списка тикетов с разными комбинациями параметров"
"passed","Sat Apr 11 00:55:56 UTC 2026","Sat Apr 11 00:55:58 UTC 2026","2078","tests.tickets","test_04_create_ticket","","","","test_create_ticket_success[admin-attachments2-ReceivingDefectiveProducts]","Позитивный тест: создание тикета с разными темами и вложениями для клиента, партнера и админа"
"passed","Sat Apr 11 01:05:31 UTC 2026","Sat Apr 11 01:05:32 UTC 2026","738","tests.cart","test_update_location","","","","test_update_location_rf_positive[payload0]",""
"passed","Sat Apr 11 01:42:04 UTC 2026","Sat Apr 11 01:42:05 UTC 2026","820","tests.admin_panel","test_03_support_delete_user","","","","test_invalid_id_returns_client_error[0]","
    Кривой/отсутствующий id в path:
    ожидаем клиентскую ошибку (400/404/405), а не 5xx.
    "
"passed","Sat Apr 11 01:11:50 UTC 2026","Sat Apr 11 01:11:51 UTC 2026","630","tests.cart","test_free_delivery_by_rc_and_belts","","","","test_delivery_costs_unauthorized",""
"passed","Sat Apr 11 00:48:20 UTC 2026","Sat Apr 11 00:48:21 UTC 2026","642","tests.one_c","test_cart_calculate_full_coverage","","","","test_invalid_top_types[is_test-false]",""
"passed","Sat Apr 11 01:17:16 UTC 2026","Sat Apr 11 01:17:23 UTC 2026","7425","tests.catalog","test_create_admin_product_translation","","","","test_create_admin_product_translation_success[kk]","Создание и обновление перевода продукта на разных языках."
"passed","Sat Apr 11 01:57:22 UTC 2026","Sat Apr 11 01:57:24 UTC 2026","2044","tests.one_c","test_create_1c_stock","","","","test_create_1c_stock_upsert_updates_existing",""
"passed","Sat Apr 11 00:56:34 UTC 2026","Sat Apr 11 00:56:35 UTC 2026","615","tests.tickets","test_01_get_tickets","","","","test_get_tickets_invalid_filter[invalid_filter0-400-client]","Негативный тест: передаем некорректные параметры фильтрации"
"passed","Sat Apr 11 01:57:46 UTC 2026","Sat Apr 11 01:57:49 UTC 2026","2314","tests.reviews","test_reviews_by_product_get","","","","test_reviews_by_product_returns_only_approved",""
"skipped","Sat Apr 11 01:05:28 UTC 2026","Sat Apr 11 01:05:28 UTC 2026","0","tests.admin_panel.categories","test_50_upload_category_images","","","","test_upload_only_single_image_field_should_not_fill_others[icon-test_png.png-image/png-icon]","Проверка: загрузка только одного из полей (icon, image, image_site) не должна заполнять другие."
"passed","Sat Apr 11 01:47:33 UTC 2026","Sat Apr 11 01:47:35 UTC 2026","1726","tests.tickets","test_11_update_message","","","","test_update_message_validation[partner-update_payload0-403]","Негативные тесты: невалидные поля при редактировании сообщения"
"passed","Sat Apr 11 01:58:53 UTC 2026","Sat Apr 11 01:58:53 UTC 2026","197","tests.one_c","test_get_1с_stock","","","","test_get_1c_stock_success",""
"passed","Sat Apr 11 01:53:18 UTC 2026","Sat Apr 11 01:53:19 UTC 2026","578","tests.delivery","test_get_kgpost_offices","","","","test_get_kgpost_offices_missing_city_id_should_fail[admin]",""
"skipped","Sat Apr 11 01:04:19 UTC 2026","Sat Apr 11 01:04:19 UTC 2026","0","tests.account","test_0_marathon","","","","test_get_marathon_is_purchased_negative[admin-400]","Негативный кейс — проверяет приобретал ли аккаунт марафонский набор (все поля)"
"passed","Sat Apr 11 01:00:38 UTC 2026","Sat Apr 11 01:00:42 UTC 2026","3540","tests.cart","test_12_cart_estimate_delivery","","","","test_estimate_delivery_success[client-kgpost-payload3]","
    Позитив: корзина с товаром, выбор способа доставки и расчёт стоимости для разных служб
    "
"passed","Sat Apr 11 00:57:34 UTC 2026","Sat Apr 11 00:57:34 UTC 2026","617","tests.delivery","test_get_cities","","","","test_get_cities_invalid_country_id_should_fail[True-admin]","
    Негатив: невалидный country_id → 400/422
    "
"passed","Sat Apr 11 01:46:03 UTC 2026","Sat Apr 11 01:46:03 UTC 2026","935","tests.cart","test_08_cart_delete","","","","test_delete_cart_item_invalid_payload[client-payload0]","Негатив: невалидный payload при удалении позиции"
"skipped","Sat Apr 11 01:42:25 UTC 2026","Sat Apr 11 01:42:25 UTC 2026","0","tests.admin_panel","test_accrue_presidential_pool","","","","test_accrue_presidential_pool_invalid_payload[payload3-400]",""
"passed","Sat Apr 11 01:02:10 UTC 2026","Sat Apr 11 01:02:15 UTC 2026","4478","tests.cart","test_12_cart_estimate_delivery","","","","test_estimate_delivery_success[partner-dpd_pickup-payload11]","
    Позитив: корзина с товаром, выбор способа доставки и расчёт стоимости для разных служб
    "
"passed","Sat Apr 11 01:08:18 UTC 2026","Sat Apr 11 01:08:19 UTC 2026","829","tests.admin_panel.sliders","test_54_update_slider","","","","test_update_slider_invalid_id[-1]","Негативный тест: несуществующий или некорректный ID."
"skipped","Sat Apr 11 01:59:50 UTC 2026","Sat Apr 11 01:59:50 UTC 2026","0","tests.account","test_delete","","","","test_delete_account_positive[partner]","Позитивные тесты на удаление аккаунта"
"skipped","Sat Apr 11 00:56:27 UTC 2026","Sat Apr 11 00:56:27 UTC 2026","0","tests.tickets","test_01_get_tickets","","","","test_get_tickets_success[filter1-sort0-search1-pagination0-admin]","Позитивный тест: получение списка тикетов с разными комбинациями параметров"
"skipped","Sat Apr 11 01:22:06 UTC 2026","Sat Apr 11 01:22:07 UTC 2026","761","tests.delivery","test_get_delivery_countries","","","","test_get_delivery_countries_invalid_from[wrong-admin]","Негатив: невалидные значения параметра from → 400/422."
"passed","Sat Apr 11 01:48:40 UTC 2026","Sat Apr 11 01:48:41 UTC 2026","780","tests.admin_panel.items","test_delete_item_translation","","","","test_delete_item_translation_invalid_id[-1]","Негативный тест: удаление перевода с невалидным или несуществующим ID item."
"passed","Sat Apr 11 01:47:43 UTC 2026","Sat Apr 11 01:47:44 UTC 2026","781","tests.PROJECT_FUND.initiatives","test_get_initiative_by_id","","","","test_get_initiative_by_invalid_id[1.5-https://dev.ewahelps.com/api]",""
"passed","Sat Apr 11 01:37:16 UTC 2026","Sat Apr 11 01:37:17 UTC 2026","642","tests.one_c","test_stock_delivery_methods","","","","test_1c_stock_delivery_methods_bad_request_for_invalid_payload[body3]",""
"failed","Sat Apr 11 01:56:58 UTC 2026","Sat Apr 11 01:56:59 UTC 2026","580","tests.admin_panel.users","test_get_admin_users_exclusive_preorder_permissions","","","","test_get_exclusive_preorder_permissions_requires_admin[client]","
    клиент/партнёр не могут читать список permissions → 403
    "
"passed","Sat Apr 11 01:39:46 UTC 2026","Sat Apr 11 01:39:47 UTC 2026","845","tests.admin_panel.promo","test_73_get_promotion_by_id","","","","test_get_promotion_invalid_id[-1]","Негативный тест: получение акции по невалидному ID"
"skipped","Sat Apr 11 01:44:12 UTC 2026","Sat Apr 11 01:44:12 UTC 2026","0","tests.PROJECT_EDUCATION.test_system","test_01_start_test","","","","test_start_test_invalid_id__400_or_404[-1]",""
"skipped","Sat Apr 11 01:57:17 UTC 2026","Sat Apr 11 01:57:17 UTC 2026","586","tests.cart","test_17_cart_update_user_country","","","","test_update_user_country_invalid_payload[client-payload0]","Негатив: невалидный payload"
"passed","Sat Apr 11 01:50:10 UTC 2026","Sat Apr 11 01:50:11 UTC 2026","645","tests.delivery","test_geo_suggest","","","","test_geo_suggest_query_too_long_400[client]",""
"passed","Sat Apr 11 01:29:23 UTC 2026","Sat Apr 11 01:29:23 UTC 2026","645","tests.cart","test_10_cart_save_city","","","","test_save_city_invalid_payload[partner-payload2]","Негатив: невалидный payload."
"skipped","Sat Apr 11 01:35:30 UTC 2026","Sat Apr 11 01:35:30 UTC 2026","0","tests.account","test_get_languages","","","","test_get_languages_success[partner-web-200]","Возвращает список языков, доступных для перевода"
"passed","Sat Apr 11 01:27:00 UTC 2026","Sat Apr 11 01:27:00 UTC 2026","647","tests.account","test_history_group_volumes","","","","test_group_volumes_history_missing_query_params_validation[admin]",""
"passed","Sat Apr 11 01:36:20 UTC 2026","Sat Apr 11 01:36:21 UTC 2026","814","tests.admin_panel.periods","test_get_period_by_id","","","","test_get_period_by_id__200_strict[partner]",""
"passed","Sat Apr 11 01:40:49 UTC 2026","Sat Apr 11 01:40:50 UTC 2026","835","tests.reviews","test_reviews_update_post","","","","test_reviews_update_unauthorized_for_client_and_partner[authorize_client]",""
"passed","Sat Apr 11 01:25:36 UTC 2026","Sat Apr 11 01:25:36 UTC 2026","780","tests.admin_panel.items","test_create_item","","","","test_create_item_forbidden[partner]","Негативный тест: создание варианта не-админом запрещено."
"skipped","Sat Apr 11 01:53:05 UTC 2026","Sat Apr 11 01:53:06 UTC 2026","627","tests.delivery","test_get_georgian_post_pickup_points","","","","test_get_georgian_post_pickup_points_invalid_city_id_should_fail[0-admin]","Негатив: невалидные значения city_id → 400/422."
"passed","Sat Apr 11 01:18:33 UTC 2026","Sat Apr 11 01:18:34 UTC 2026","597","tests.delivery","test_self_pickup_offices","","","","test_self_pickup_offices_invalid_params[admin-params3]","
    Негатив: невалидные параметры  = 400
    "
"skipped","Sat Apr 11 00:56:27 UTC 2026","Sat Apr 11 00:56:27 UTC 2026","0","tests.tickets","test_01_get_tickets","","","","test_get_tickets_success[filter1-sort0-search1-pagination1-admin]","Позитивный тест: получение списка тикетов с разными комбинациями параметров"
"skipped","Sat Apr 11 00:50:20 UTC 2026","Sat Apr 11 00:50:21 UTC 2026","616","tests.one_c","test_cart_calculate_full_coverage","","","","test_large_cart_error[20]",""
"passed","Sat Apr 11 01:41:31 UTC 2026","Sat Apr 11 01:41:32 UTC 2026","846","tests.tickets","test_02_get_ticket_by_id","","","","test_get_ticket_invalid_id[abc]","Негативный тест: передан некорректный ID."
"passed","Sat Apr 11 01:47:59 UTC 2026","Sat Apr 11 01:48:00 UTC 2026","602","tests.admin_panel.categories","test_49_delete_category","","","","test_delete_category_unauthorized","Негативный тест: попытка удаления категории без авторизации."
"passed","Sat Apr 11 01:41:36 UTC 2026","Sat Apr 11 01:41:37 UTC 2026","642","tests.tickets","test_02_get_ticket_by_id","","","","test_get_ticket_unauthorized","Негативный тест: запрос без авторизации."
"passed","Sat Apr 11 01:27:59 UTC 2026","Sat Apr 11 01:27:59 UTC 2026","627","tests.admin_panel.items","test_update_item","","","","test_update_item_unauthorized","Негативный тест: попытка обновления item без авторизации."
"skipped","Sat Apr 11 01:56:12 UTC 2026","Sat Apr 11 01:56:12 UTC 2026","0","tests.admin_panel.periods","test_post_periods_by_date","","","","test_post_periods_by_date__200_strict[client]",""
"passed","Sat Apr 11 01:02:52 UTC 2026","Sat Apr 11 01:02:54 UTC 2026","1694","tests.admin_panel.slides","test_59_update_slide","","","","test_update_slide_forbidden[partner]","Негативный тест: попытка обновления слайда не-админом"
"passed","Sat Apr 11 02:00:49 UTC 2026","Sat Apr 11 02:00:52 UTC 2026","2948","tests.orders","test_group_order_v2_stock_fixation","","","","test_group_order_stock_fixed_after_join","
    После присоединения клиента:
    - склад ГО фиксирован
    - group_order_stock.Id == selected_stock.id
    "
"skipped","Sat Apr 11 00:50:04 UTC 2026","Sat Apr 11 00:50:06 UTC 2026","1092","tests.one_c","test_cart_calculate_full_coverage","","","","test_email_validation[shipping_customer-]",""
"passed","Sat Apr 11 01:24:09 UTC 2026","Sat Apr 11 01:24:12 UTC 2026","2701","tests.admin_panel.slides","test_61_upload_slides_images","","","","test_upload_slide_images_success","Позитивный тест: успешная загрузка всех изображений слайда"
"skipped","Sat Apr 11 01:07:25 UTC 2026","Sat Apr 11 01:07:25 UTC 2026","0","tests.PROJECT_EDUCATION.orders","test_post_orders","","","","test_post_orders_invalid_payload__400_422[payload15]","Негатив: невалидный body"
"skipped","Sat Apr 11 01:05:39 UTC 2026","Sat Apr 11 01:05:39 UTC 2026","0","tests.cart","test_update_location","","","","test_update_location_international_delivery_forces_ru_and_moscow",""
"passed","Sat Apr 11 01:50:33 UTC 2026","Sat Apr 11 01:50:34 UTC 2026","939","tests.orders","test_group_order_v2_with_preorder_and_items","","","","test_group_order_v2_allows_empty_item_ids",""
"passed","Sat Apr 11 01:12:14 UTC 2026","Sat Apr 11 01:12:15 UTC 2026","615","tests.delivery","test_get_cities_v2","","","","test_get_cities_v2_missing_required_params_should_fail[params1-admin]","
    Негатив: отсутствие обязательных параметров country_id/city_name → 400/422
    "
"failed","Sat Apr 11 01:36:51 UTC 2026","Sat Apr 11 01:36:51 UTC 2026","780","tests.catalog","test_get_recommended_products","","","","test_get_recommended_products_specific_stock_success","
    Рекомендации для конкретного склада
    "
"passed","Sat Apr 11 01:50:41 UTC 2026","Sat Apr 11 01:50:42 UTC 2026","1324","tests.orders","test_group_order_v2_with_preorder_and_items","","","","test_group_order_v2_with_preorder_true_does_not_break_validation","
    with_preorder = true
    - не ломает создание
    - не влияет на валидацию item_ids
    "
"skipped","Sat Apr 11 01:26:25 UTC 2026","Sat Apr 11 01:26:25 UTC 2026","0","tests.PROJECT_EDUCATION.test_system","test_03_user_answers","","","","test_user_answers_invalid_payload__400_or_422[payload0]",""
"passed","Sat Apr 11 01:19:16 UTC 2026","Sat Apr 11 01:19:19 UTC 2026","3027","tests.admin_panel.categories","test_80_create_category_translation","","","","test_category_translation_update_duplicate_lang_code","Позитивный тест: обновление перевода при повторной отправке с тем же lang_code."
"failed","Sat Apr 11 01:58:48 UTC 2026","Sat Apr 11 01:58:48 UTC 2026","606","tests.delivery","test_03_delete_delivery_address","","","","test_delete_address_invalid_id_should_fail[999999999-client]",""
"passed","Sat Apr 11 01:12:19 UTC 2026","Sat Apr 11 01:12:19 UTC 2026","626","tests.delivery","test_get_cities_v2","","","","test_get_cities_v2_invalid_city_name_should_fail[ a -admin]","
    Негатив: city_name — строка, minLength=2
    "
"passed","Sat Apr 11 01:58:35 UTC 2026","Sat Apr 11 01:58:35 UTC 2026","627","tests.catalog","test_get_currencies","","","","test_get_currencies_success[client]","
    Позитивный тест: успешное получение списка валют
    "
"passed","Sat Apr 11 01:39:14 UTC 2026","Sat Apr 11 01:39:17 UTC 2026","2283","tests.admin_panel.categories","test_47_get_categories_by_id","","","","test_get_categories_by_id_forbidden[partner]","Негативный тест: получение категории по ID не-админом."
"passed","Sat Apr 11 01:39:05 UTC 2026","Sat Apr 11 01:39:06 UTC 2026","804","tests.admin_panel","test_partner_accrual_details_main_bonus","","","","test_main_bonus_details_invalid_query_params[query4-expected_codes4]","
    Негатив: валидация query-параметров main-bonus
    "
"passed","Sat Apr 11 01:00:22 UTC 2026","Sat Apr 11 01:00:23 UTC 2026","578","tests.cart","test_02_get_delivery_cost","","","","test_get_delivery_cost_invalid_payload[partner-payload5]","Негатив: некорректные входные данные"
"passed","Sat Apr 11 01:26:19 UTC 2026","Sat Apr 11 01:26:19 UTC 2026","609","tests.orders","test_create_order_by_delivery_address","","","","test_create_order_invalid_data[invalid_payload0-expected_status0-admin]",""
"passed","Sat Apr 11 01:26:59 UTC 2026","Sat Apr 11 01:26:59 UTC 2026","626","tests.account","test_history_group_volumes","","","","test_group_volumes_history_missing_query_params_validation[client]",""
"failed","Sat Apr 11 02:02:20 UTC 2026","Sat Apr 11 02:02:27 UTC 2026","6906","tests.integration","test_order_selfpickup_ewa","","","","test_order_selfpickup_ewa",""
"skipped","Sat Apr 11 01:04:19 UTC 2026","Sat Apr 11 01:04:19 UTC 2026","0","tests.account","test_account_branded_wallet_get","","","","test_get_invalid_period_returns_422[period0-partner]","
    Негатив: невалидные month/year → 422.
    "
"failed","Sat Apr 11 01:21:45 UTC 2026","Sat Apr 11 01:21:46 UTC 2026","1027","tests.delivery","test_02_get_delivery_address","","","","test_history_pagination_total_and_search_filters[client]","
    POST /delivery/address/history
      - сервер возвращает pagination.total
      - search фильтрует выдачу и total считает по отфильтрованным данным
      - пагинация по страницам консистентна
    "
"skipped","Sat Apr 11 01:54:00 UTC 2026","Sat Apr 11 01:54:00 UTC 2026","0","tests.account","test_funds_transfer_list","","","","test_get_funds_transfer_list_positive[partner-payload0]","Позитивные тесты на получение истории переводов/выводов средств"
"skipped","Sat Apr 11 02:01:53 UTC 2026","Sat Apr 11 02:01:53 UTC 2026","0","tests.sockets","test_bot_adversarial_answers","","","","test_chatbot_adversarial_answers_matrix[partner-partner]",""
"passed","Sat Apr 11 01:07:55 UTC 2026","Sat Apr 11 01:07:56 UTC 2026","1261","tests.admin_panel.promo","test_74_update_promotion","","","","test_update_promotion_invalid_payload[payload7-400]","Негативный тест: обновление акции с невалидным или неполным телом запроса"
"passed","Sat Apr 11 00:58:24 UTC 2026","Sat Apr 11 00:58:26 UTC 2026","2367","tests.cart","test_01_user_locale","","","","test_update_user_locale_valid_payload[client-payload3]",""
"passed","Sat Apr 11 00:49:49 UTC 2026","Sat Apr 11 00:49:50 UTC 2026","571","tests.one_c","test_cart_calculate_full_coverage","","","","test_bonus_info_invalid_types[bonus-10]",""
"passed","Sat Apr 11 01:31:31 UTC 2026","Sat Apr 11 01:31:31 UTC 2026","199","tests.cart","test_delivery_address_save_apply","","","","test_save_address_invalid_payload[payload5]",""
"skipped","Sat Apr 11 01:38:52 UTC 2026","Sat Apr 11 01:38:54 UTC 2026","1622","tests.tickets","test_06_close_ticket","","","","test_close_tickets_negative[admin-ticket_ids0-400]","Негативные тесты: закрытие с некорректными данными"
"passed","Sat Apr 11 01:36:42 UTC 2026","Sat Apr 11 01:36:42 UTC 2026","649","tests.auth","test_02_login","","","","test_admin_login[admin-admin-wrong_password-401]",""
"passed","Sat Apr 11 00:57:49 UTC 2026","Sat Apr 11 00:57:50 UTC 2026","798","tests.account","test_update_utc_offset","","","","test_update_utc_offset_valid_values[+07-expected1-partner]",""
"passed","Sat Apr 11 01:23:36 UTC 2026","Sat Apr 11 01:23:36 UTC 2026","584","tests.statistic","test_team_activations","","","","test_get_team_activation_statistic_positive[payload1-partner]","Позитивный тест: получение статистики по активации команды с валидным телом запроса"
"failed","Sat Apr 11 01:59:44 UTC 2026","Sat Apr 11 01:59:45 UTC 2026","595","tests.account","test_0_top_partners_game_0824","","","","test_get_top_partners_game_0824_positive[partner]","Позитивные тесты на получение топ-партнеров в игре 08/24"
"passed","Sat Apr 11 01:45:32 UTC 2026","Sat Apr 11 01:45:34 UTC 2026","1889","tests.admin_panel.promo","test_76_get_promotion_items","","","","test_get_promotion_item_forbidden[partner]","Негативный тест: получение элемента акции не-админом запрещено"
"passed","Sat Apr 11 01:00:03 UTC 2026","Sat Apr 11 01:00:04 UTC 2026","784","tests.cart","test_02_get_delivery_cost","","","","test_get_delivery_cost_success_region_available_false[client]","
    Позитив: успешное получение ТК, отправляя только country_id и city_name
    (Country.is_region_available = false)
    "
"passed","Sat Apr 11 00:53:19 UTC 2026","Sat Apr 11 00:53:22 UTC 2026","2271","tests.tickets","test_04_create_ticket","","","","test_create_ticket_success[partner-attachments1-ChangePersonalData]","Позитивный тест: создание тикета с разными темами и вложениями для клиента, партнера и админа"
"skipped","Sat Apr 11 01:50:50 UTC 2026","Sat Apr 11 01:50:51 UTC 2026","1033","tests.stock","test_get_stocks","","","","test_get_stocks_invalid_country_id[abc-admin]","Проверка получения складов по невалидному country_id"
"skipped","Sat Apr 11 00:56:27 UTC 2026","Sat Apr 11 00:56:27 UTC 2026","0","tests.tickets","test_01_get_tickets","","","","test_get_tickets_success[filter0-sort0-search2-pagination0-admin]","Позитивный тест: получение списка тикетов с разными комбинациями параметров"
"skipped","Sat Apr 11 01:29:48 UTC 2026","Sat Apr 11 01:29:49 UTC 2026","849","tests.reviews","test_reviews_create_post","","","","test_reviews_create_invalid_types_return_client_error[patch0]",""
"passed","Sat Apr 11 00:57:13 UTC 2026","Sat Apr 11 00:57:14 UTC 2026","578","tests.delivery","test_01_save_delivery_address","","","","test_save_address_empty_required_strings_should_fail[   -name-client]",""
"passed","Sat Apr 11 01:53:48 UTC 2026","Sat Apr 11 01:53:49 UTC 2026","822","tests.register","test_02_register_partner","","","","test_register_partner_negative[payload1-400]","Тест: негативные тесты для регистрации партнера вручную"
"passed","Sat Apr 11 01:22:22 UTC 2026","Sat Apr 11 01:22:22 UTC 2026","775","tests.admin_panel.products","test_40_create_product_brand","","","","test_create_product_brand_invalid_payload[payload9-expected_codes9]","Негативные кейсы: невалидные поля при создании бренда."
"passed","Sat Apr 11 00:58:07 UTC 2026","Sat Apr 11 00:58:08 UTC 2026","800","tests.account","test_update_utc_offset","","","","test_update_utc_offset_invalid_types_rejected[3.14]",""
"passed","Sat Apr 11 00:57:28 UTC 2026","Sat Apr 11 00:57:28 UTC 2026","595","tests.delivery","test_get_cities","","","","test_get_cities_invalid_page_size_should_fail[0-admin]","
    Негатив: невалидный page_size → 400/422
    "
"passed","Sat Apr 11 01:18:08 UTC 2026","Sat Apr 11 01:18:09 UTC 2026","786","tests.catalog","test_create_admin_product_translation","","","","test_create_admin_product_translation_invalid_payload[payload3-400]","Негативные проверки на создание перевода с некорректным payload."
"passed","Sat Apr 11 01:32:17 UTC 2026","Sat Apr 11 01:32:18 UTC 2026","616","tests.delivery","test_get_emu_pickup_points","","","","test_get_emu_pickup_points_invalid_city_id_should_fail[-1-admin]","Негатив: невалидные значения city_id → 400/422."
"passed","Sat Apr 11 01:35:52 UTC 2026","Sat Apr 11 01:35:53 UTC 2026","795","tests.admin_panel","test_01_support_create_user","","","","test_create_support_for_nonexistent_user_returns_404","
    POST /admin/support-users — 404, если user_id указывает на несуществующего пользователя
    "
"skipped","Sat Apr 11 01:44:20 UTC 2026","Sat Apr 11 01:44:20 UTC 2026","0","tests.admin_panel","test_accrue_auto_bonus","","","","test_accrue_auto_bonus_for_partner",""
"passed","Sat Apr 11 01:36:09 UTC 2026","Sat Apr 11 01:36:10 UTC 2026","790","tests.admin_panel.categories","test_56_v2_create_category","","","","test_v2_create_category_invalid_payload[payload4-422]","Негативный тест: создание категории с невалидным телом запроса."
"passed","Sat Apr 11 01:02:05 UTC 2026","Sat Apr 11 01:02:10 UTC 2026","5665","tests.cart","test_12_cart_estimate_delivery","","","","test_estimate_delivery_success[partner-cdek_courier-payload10]","
    Позитив: корзина с товаром, выбор способа доставки и расчёт стоимости для разных служб
    "
"skipped","Sat Apr 11 01:54:00 UTC 2026","Sat Apr 11 01:54:00 UTC 2026","0","tests.account","test_history_admin","","","","test_get_admin_history_positive[client-payload1]","Позитивные тесты на получение истории бонусов для админа"
"skipped","Sat Apr 11 00:56:27 UTC 2026","Sat Apr 11 00:56:27 UTC 2026","0","tests.tickets","test_01_get_tickets","","","","test_get_tickets_success[filter1-sort1-search0-pagination0-partner]","Позитивный тест: получение списка тикетов с разными комбинациями параметров"
"passed","Sat Apr 11 01:35:16 UTC 2026","Sat Apr 11 01:35:17 UTC 2026","1355","tests.account","test_add_cover_url","","","","test_add_cover_full_payload[client]",""
"passed","Sat Apr 11 01:05:50 UTC 2026","Sat Apr 11 01:05:51 UTC 2026","199","tests.cart","test_update_location","","","","test_update_location_invalid_types[payload2]",""
"passed","Sat Apr 11 01:45:40 UTC 2026","Sat Apr 11 01:45:41 UTC 2026","1588","tests.admin_panel.promo","test_78_delete_promotion_item","","","","test_delete_promotion_item_success","Позитивный тест: удаление элемента акции из двух админом."
"skipped","Sat Apr 11 01:42:25 UTC 2026","Sat Apr 11 01:42:25 UTC 2026","0","tests.admin_panel","test_accrue_gold_pro_gift","","","","test_accrue_gold_pro_gift_forbidden[partner]",""
"passed","Sat Apr 11 01:44:04 UTC 2026","Sat Apr 11 01:44:06 UTC 2026","2450","tests.tickets","test_12_delete_message","","","","test_delete_ticket_message_admin_other_client[partner]","Негативный тест: админ пытается удалить сообщение клиента/партнёра"
"passed","Sat Apr 11 01:49:28 UTC 2026","Sat Apr 11 01:49:29 UTC 2026","877","tests.admin_panel.slides","test_60_delete_slides","","","","test_delete_slide_invalid_id[0]","Негативный тест: удаление несуществующего или некорректного слайда"
"passed","Sat Apr 11 01:56:38 UTC 2026","Sat Apr 11 01:56:38 UTC 2026","608","tests.admin_panel.products","test_01_recommended_products_sort","","","","test_sort_recommendations_unauthorized","Неавторизованный пользователь пытается отсортировать рекомендации"
"passed","Sat Apr 11 00:58:02 UTC 2026","Sat Apr 11 00:58:03 UTC 2026","809","tests.account","test_update_utc_offset","","","","test_update_utc_offset_invalid_format_rejected[+0a]",""
"passed","Sat Apr 11 01:42:41 UTC 2026","Sat Apr 11 01:42:42 UTC 2026","802","tests.admin_panel.categories","test_79_get_category_translation","","","","test_get_category_translation_invalid_id[1.5]",""
"passed","Sat Apr 11 01:20:37 UTC 2026","Sat Apr 11 01:20:39 UTC 2026","1650","tests.admin_panel.products","test_44_upload_product_brand_images","","","","test_upload_product_brand_images_formats[valid.webp-image/webp-204]","Проверка загрузки изображений бренда в разных форматах: негативные и позитивные кейсы."
"passed","Sat Apr 11 00:57:34 UTC 2026","Sat Apr 11 00:57:35 UTC 2026","592","tests.delivery","test_get_cities","","","","test_get_cities_invalid_country_id_should_fail[bad_country_id6-admin]","
    Негатив: невалидный country_id → 400/422
    "
"skipped","Sat Apr 11 00:56:27 UTC 2026","Sat Apr 11 00:56:27 UTC 2026","0","tests.tickets","test_01_get_tickets","","","","test_get_tickets_success[filter2-sort1-search0-pagination1-admin]","Позитивный тест: получение списка тикетов с разными комбинациями параметров"
"passed","Sat Apr 11 01:43:09 UTC 2026","Sat Apr 11 01:43:16 UTC 2026","7075","tests.catalog","test_get_admin_product_translation","","","","test_get_admin_product_translation_success","Проверка успешного получения одного перевода продукта."
"skipped","Sat Apr 11 00:49:56 UTC 2026","Sat Apr 11 00:49:57 UTC 2026","885","tests.one_c","test_cart_calculate_full_coverage","","","","test_email_validation[billing_customer-invalid]",""
"passed","Sat Apr 11 01:59:48 UTC 2026","Sat Apr 11 01:59:49 UTC 2026","752","tests.account","test_0_users_by_lo_rating","","","","test_get_users_by_lo_rating_positive[client]","Позитивные тесты на получение рейтинга продавцов по личному объему"
"skipped","Sat Apr 11 01:57:59 UTC 2026","Sat Apr 11 01:58:00 UTC 2026","809","tests.tickets","test_07_delete_ticket","","","","test_delete_tickets_negative[ticket_ids1-400]","Негативные тесты: удаление с некорректными данными"
"passed","Sat Apr 11 00:56:35 UTC 2026","Sat Apr 11 00:56:36 UTC 2026","586","tests.tickets","test_01_get_tickets","","","","test_get_tickets_invalid_filter[invalid_filter1-400-client]","Негативный тест: передаем некорректные параметры фильтрации"
"passed","Sat Apr 11 01:53:13 UTC 2026","Sat Apr 11 01:53:14 UTC 2026","840","tests.delivery","test_get_kazpost_offices","","","","test_get_kazpost_offices_success[166407-admin]","Позитив: успешное получение списка офисов Казпочты по city_id."
"passed","Sat Apr 11 01:29:28 UTC 2026","Sat Apr 11 01:29:30 UTC 2026","1746","tests.reviews","test_reviews_create_post","","","","test_reviews_create_allowed_for_authorized_users[authorize_client]",""
"skipped","Sat Apr 11 00:56:27 UTC 2026","Sat Apr 11 00:56:27 UTC 2026","0","tests.tickets","test_01_get_tickets","","","","test_get_tickets_success[filter0-sort1-search2-pagination1-partner]","Позитивный тест: получение списка тикетов с разными комбинациями параметров"
"passed","Sat Apr 11 01:23:01 UTC 2026","Sat Apr 11 01:23:02 UTC 2026","999","tests.admin_panel.promo","test_72_create_promotion","","","","test_create_promotion_success","Позитивный тест: успешное создание акции (все поля)"
"passed","Sat Apr 11 01:00:13 UTC 2026","Sat Apr 11 01:00:14 UTC 2026","608","tests.cart","test_02_get_delivery_cost","","","","test_get_delivery_cost_success_partial_payload[partner-payload5-400]",""
"passed","Sat Apr 11 01:41:58 UTC 2026","Sat Apr 11 01:41:59 UTC 2026","807","tests.admin_panel","test_03_support_delete_user","","","","test_client_cannot_delete_support",""
"passed","Sat Apr 11 01:35:57 UTC 2026","Sat Apr 11 01:35:58 UTC 2026","849","tests.admin_panel","test_partner_accrual_details_common","","","","test_common_accrual_details_invalid_payload[payload2-expected_codes2]","
    Негатив: валидация тела запроса общей детализации.
    "
"failed","Sat Apr 11 01:59:58 UTC 2026","Sat Apr 11 01:59:59 UTC 2026","588","tests.cart","test_19_cart_empty_suggestions","","","","test_cart_empty_suggestions_success[partner]","Позитив: получение рекомендаций при пустой корзине"
"passed","Sat Apr 11 01:31:50 UTC 2026","Sat Apr 11 01:31:50 UTC 2026","612","tests.delivery","test_get_boxberry_offices","","","","test_get_boxberry_offices_invalid_city_id_should_fail[1.5-admin]",""
"passed","Sat Apr 11 00:52:57 UTC 2026","Sat Apr 11 00:52:59 UTC 2026","2238","tests.tickets","test_04_create_ticket","","","","test_create_ticket_success[partner-attachments1-QuestionsAboutOrders]","Позитивный тест: создание тикета с разными темами и вложениями для клиента, партнера и админа"
"passed","Sat Apr 11 00:57:39 UTC 2026","Sat Apr 11 00:57:40 UTC 2026","580","tests.delivery","test_get_cities","","","","test_get_cities_invalid_city_name_should_fail[0-partner]","
    Негатив: city_name — строка
    "
"passed","Sat Apr 11 01:40:58 UTC 2026","Sat Apr 11 01:40:59 UTC 2026","572","tests.reviews","test_reviews_update_post","","","","test_reviews_update_unauthorized_for_non_auth",""
"passed","Sat Apr 11 02:01:33 UTC 2026","Sat Apr 11 02:01:41 UTC 2026","8088","tests.orders","test_group_order_roles_mapping","","","","test_client_role_mapping","
    Проверка маппинга роли для клиента
    "
"passed","Sat Apr 11 01:08:51 UTC 2026","Sat Apr 11 01:08:51 UTC 2026","571","tests.cart","test_20_cart_recommended_products","","","","test_cart_recommended_products_wrong_method[client]",""
"failed","Sat Apr 11 02:00:00 UTC 2026","Sat Apr 11 02:00:01 UTC 2026","600","tests.cart","test_20_cart_share","","","","test_cart_share_success[partner]","Позитив: успешное создание ссылки на корзину"
"passed","Sat Apr 11 01:20:35 UTC 2026","Sat Apr 11 01:20:36 UTC 2026","1526","tests.admin_panel.products","test_44_upload_product_brand_images","","","","test_upload_product_brand_images_formats[valid.jpg-image/jpeg-204]","Проверка загрузки изображений бренда в разных форматах: негативные и позитивные кейсы."
"skipped","Sat Apr 11 01:56:14 UTC 2026","Sat Apr 11 01:56:14 UTC 2026","0","tests.admin_panel.periods","test_put_admin_dev_period_end_time","","","","test_put_admin_dev_period_end_time__200_strict_noop",""
"passed","Sat Apr 11 00:57:19 UTC 2026","Sat Apr 11 00:57:20 UTC 2026","738","tests.delivery","test_get_cities","","","","test_get_cities_search_by_city_name_success[client]","
    Позитив: поиск по части названия
    "
"passed","Sat Apr 11 01:33:41 UTC 2026","Sat Apr 11 01:33:51 UTC 2026","10197","tests.admin_panel.products","test_product_files_update","","","","test_update_same_url_idempotent",""
"passed","Sat Apr 11 01:29:08 UTC 2026","Sat Apr 11 01:29:09 UTC 2026","1486","tests.admin_panel.users","test_post_admin_users_exclusive_preorder_permissions","","","","test_post_exclusive_preorder_permissions_validation_errors_400[payload6]","
    Негатив: некорректный payload
    "
"passed","Sat Apr 11 01:45:41 UTC 2026","Sat Apr 11 01:45:42 UTC 2026","647","tests.admin_panel.promo","test_78_delete_promotion_item","","","","test_delete_promotion_item_unauthorized","Негативный тест: удаление элемента акции без авторизации."
"passed","Sat Apr 11 01:00:06 UTC 2026","Sat Apr 11 01:00:06 UTC 2026","611","tests.cart","test_02_get_delivery_cost","","","","test_get_delivery_cost_success_partial_payload[client-payload2-400]",""
"skipped","Sat Apr 11 01:04:19 UTC 2026","Sat Apr 11 01:04:19 UTC 2026","0","tests.account","test_0_marathon","","","","test_get_marathon_is_purchased[admin-200]","Позитивный кейс — проверяет приобретал ли аккаунт марафонский набор (все поля)"
"passed","Sat Apr 11 01:10:44 UTC 2026","Sat Apr 11 01:10:49 UTC 2026","5052","tests.cart","test_free_delivery_by_rc_and_belts","","","","test_below_threshold_contract[\u041c\u043e\u0441\u043a\u0432\u0430-client-zone_2-belt_cfg1]","
    КОНТРАКТ:
    free МОЖЕТ быть
    платная МОЖЕТ быть
    advance_costs МОЖЕТ быть []
    "
"skipped","Sat Apr 11 01:42:25 UTC 2026","Sat Apr 11 01:42:25 UTC 2026","0","tests.admin_panel","test_accrue_gold_pro_gift","","","","test_accrue_gold_pro_gift_invalid_payload[payload4-400]",""
"skipped","Sat Apr 11 01:53:06 UTC 2026","Sat Apr 11 01:53:06 UTC 2026","588","tests.delivery","test_get_georgian_post_pickup_points","","","","test_get_georgian_post_pickup_points_unauthorized","Негатив: запрос без авторизации."
"passed","Sat Apr 11 01:29:00 UTC 2026","Sat Apr 11 01:29:02 UTC 2026","1432","tests.admin_panel.users","test_post_admin_users_exclusive_preorder_permissions","","","","test_post_exclusive_preorder_permissions_validation_errors_400[payload1]","
    Негатив: некорректный payload
    "
"passed","Sat Apr 11 01:23:29 UTC 2026","Sat Apr 11 01:23:30 UTC 2026","850","tests.admin_panel.sliders","test_52_create_slider","","","","test_create_slider_invalid_payload[payload11-422]","Негативный тест: попытка создать слайдер с невалидным payload."
"passed","Sat Apr 11 01:11:51 UTC 2026","Sat Apr 11 01:12:11 UTC 2026","19422","tests.cart","test_free_delivery_by_rc_and_belts","","","","test_no_free_delivery_below_threshold_when_stock_flag_disabled","
    Условия:
    - сумма < threshold
    - stocks.is_free_delivery_enabled = false
    Ожидание:
    - бесплатной доставки НЕТ
    "
"skipped","Sat Apr 11 00:49:11 UTC 2026","Sat Apr 11 00:49:12 UTC 2026","928","tests.one_c","test_cart_calculate_full_coverage","","","","test_packaging_invalid_types[price-None]",""
"passed","Sat Apr 11 00:52:48 UTC 2026","Sat Apr 11 00:52:49 UTC 2026","1223","tests.tickets","test_04_create_ticket","","","","test_create_ticket_success[partner-attachments0-ReceivingProductsShortage]","Позитивный тест: создание тикета с разными темами и вложениями для клиента, партнера и админа"
"passed","Sat Apr 11 01:15:43 UTC 2026","Sat Apr 11 01:15:43 UTC 2026","577","tests.admin_panel.slides","test_57_create_slide","","","","test_create_slide_forbidden[partner]","Негативный тест: создание слайда не-админом запрещено"
"passed","Sat Apr 11 01:50:44 UTC 2026","Sat Apr 11 01:50:44 UTC 2026","652","tests.stock","test_get_stock_by_id","","","","test_get_stock_by_id[admin]","Запрос склада по ID"
"passed","Sat Apr 11 01:42:07 UTC 2026","Sat Apr 11 01:42:08 UTC 2026","809","tests.admin_panel","test_03_support_delete_user","","","","test_not_found_returns_404","
    Корректный id, но пользователя нет — 404.
    "
"skipped","Sat Apr 11 01:43:51 UTC 2026","Sat Apr 11 01:43:51 UTC 2026","0","tests.orders","test_shop_digital_flow","","","","test_one_click_digital_happy_path[client]",""
"passed","Sat Apr 11 01:20:17 UTC 2026","Sat Apr 11 01:20:18 UTC 2026","671","tests.admin_panel.products","test_44_upload_product_brand_images","","","","test_upload_product_brand_images_forbidden[partner]","Негативный тест: неадмин не может загрузить изображения."
"skipped","Sat Apr 11 01:41:51 UTC 2026","Sat Apr 11 01:41:51 UTC 2026","0","tests.PROJECT_EDUCATION.test_system","test_06_get_result","","","","test_get_result__200","
    Позитив:
    - гасим активные сессии
    - стартуем
    - finish
    - GET /result -> 200
    - после теста гасим активные сессии
    "
"skipped","Sat Apr 11 01:07:25 UTC 2026","Sat Apr 11 01:07:25 UTC 2026","0","tests.PROJECT_EDUCATION.orders","test_post_orders","","","","test_post_orders_invalid_payment_method__400_422","Негатив: неизвестный payment_method_code"
"passed","Sat Apr 11 01:05:54 UTC 2026","Sat Apr 11 01:05:54 UTC 2026","197","tests.cart","test_update_location","","","","test_update_location_international_delivery_unknown_field_rejected",""
"passed","Sat Apr 11 01:42:21 UTC 2026","Sat Apr 11 01:42:21 UTC 2026","792","tests.admin_panel","test_05_admin_support_users_token_revoke_all","","","","test_invalid_user_id_for_revoke_all_returns_client_error[abc]",""
"passed","Sat Apr 11 01:58:40 UTC 2026","Sat Apr 11 01:58:40 UTC 2026","786","tests.catalog","test_get_item_by_id","","","","test_get_item_not_found[99999999]","
    Негативный тест: товар с указанным ID не найден
    "
"skipped","Sat Apr 11 01:04:19 UTC 2026","Sat Apr 11 01:04:19 UTC 2026","0","tests.account","test_account_branded_wallet_get","","","","test_get_future_month_same_year_should_be_400[client]","
    В будущем период - 400
    "
"passed","Sat Apr 11 01:23:35 UTC 2026","Sat Apr 11 01:23:36 UTC 2026","619","tests.statistic","test_team_activations","","","","test_get_team_activation_statistic_positive[payload1-client]","Позитивный тест: получение статистики по активации команды с валидным телом запроса"
"skipped","Sat Apr 11 01:41:51 UTC 2026","Sat Apr 11 01:41:51 UTC 2026","0","tests.PROJECT_EDUCATION.test_system","test_08_get_course_with_tests","","","","test_get_course_with_tests__invalid_id__400_404[]",""
"skipped","Sat Apr 11 01:54:00 UTC 2026","Sat Apr 11 01:54:00 UTC 2026","0","tests.account","test_token_revoke","","","","test_revoke_token_positive[partner-payload0]","Позитивные тесты на удаление токена"
"passed","Sat Apr 11 01:23:25 UTC 2026","Sat Apr 11 01:23:26 UTC 2026","865","tests.admin_panel.sliders","test_52_create_slider","","","","test_create_slider_invalid_payload[payload6-400]","Негативный тест: попытка создать слайдер с невалидным payload."
"passed","Sat Apr 11 00:54:36 UTC 2026","Sat Apr 11 00:54:37 UTC 2026","1181","tests.tickets","test_04_create_ticket","","","","test_create_ticket_success[admin-attachments0-ReceivingDefectiveProducts]","Позитивный тест: создание тикета с разными темами и вложениями для клиента, партнера и админа"
"skipped","Sat Apr 11 01:36:19 UTC 2026","Sat Apr 11 01:36:19 UTC 2026","0","tests.admin_panel.minions","test_admin_add_lo","","","","test_post_admin_add_lo_negative_invalid_types_and_values[payload5]","
    Негативные сценарии: неверные типы и бизнес-некорректные значения.
    "
"passed","Sat Apr 11 00:56:46 UTC 2026","Sat Apr 11 00:56:47 UTC 2026","994","tests.delivery","test_01_save_delivery_address","","","","test_save_address_positive_contract_and_cleanup[payload2-client]",""
"skipped","Sat Apr 11 01:44:12 UTC 2026","Sat Apr 11 01:44:12 UTC 2026","0","tests.PROJECT_EDUCATION.test_system","test_01_start_test","","","","test_start_test_invalid_id__400_or_404[]",""
"passed","Sat Apr 11 01:32:06 UTC 2026","Sat Apr 11 01:32:07 UTC 2026","825","tests.delivery","test_get_dpd_offices","","","","test_get_dpd_offices_success[1-admin]",""
"passed","Sat Apr 11 00:54:17 UTC 2026","Sat Apr 11 00:54:18 UTC 2026","1198","tests.tickets","test_04_create_ticket","","","","test_create_ticket_success[admin-attachments0-QuestionsAboutOrders]","Позитивный тест: создание тикета с разными темами и вложениями для клиента, партнера и админа"
"passed","Sat Apr 11 01:29:03 UTC 2026","Sat Apr 11 01:29:05 UTC 2026","1457","tests.admin_panel.users","test_post_admin_users_exclusive_preorder_permissions","","","","test_post_exclusive_preorder_permissions_validation_errors_400[payload3]","
    Негатив: некорректный payload
    "
"passed","Sat Apr 11 01:54:48 UTC 2026","Sat Apr 11 01:54:48 UTC 2026","613","tests.admin_panel.products","test_03_recommended_products_delete","","","","test_remove_recommendation_unauthorized","Неавторизованный пользователь пытается удалить рекомендации."
"skipped","Sat Apr 11 01:57:19 UTC 2026","Sat Apr 11 01:57:19 UTC 2026","0","tests.cart","test_exclusive_preorder_cart_update","","","","test_cart_update_checks_permission_for_exclusive_400[client]","
    Негатив
      - availability_items.is_exclusive_preorder_only=true
      - permission отсутствует
      => /cart/update ДОЛЖЕН вернуть 400
    "
"passed","Sat Apr 11 00:51:00 UTC 2026","Sat Apr 11 00:51:03 UTC 2026","2306","tests.tickets","test_04_create_ticket","","","","test_create_ticket_success[client-attachments1-QuestionsAboutPaymentsToIP]","Позитивный тест: создание тикета с разными темами и вложениями для клиента, партнера и админа"
"passed","Sat Apr 11 01:59:31 UTC 2026","Sat Apr 11 01:59:32 UTC 2026","836","tests.reviews","test_reviews_export_post","","","","test_reviews_export_access_allowed_for_client_and_partner[authorize_partner]",""
"skipped","Sat Apr 11 02:01:01 UTC 2026","Sat Apr 11 02:01:01 UTC 2026","0","tests.chat_support","test_03_support_chat_ticket_post","","","","test_create_ticket_no_messages_returns_400[client]","
    Негатив: если нет доступных сообщений для тикета, /support-chat/ticket возвращает 400
    "
"passed","Sat Apr 11 01:23:40 UTC 2026","Sat Apr 11 01:23:41 UTC 2026","600","tests.statistic","test_team_activations","","","","test_get_team_activation_statistic_positive[payload3-admin]","Позитивный тест: получение статистики по активации команды с валидным телом запроса"
"skipped","Sat Apr 11 01:43:51 UTC 2026","Sat Apr 11 01:43:51 UTC 2026","0","tests.orders","test_shop_digital_flow","","","","test_payment_status_requires_api_key[client]",""
"passed","Sat Apr 11 01:06:59 UTC 2026","Sat Apr 11 01:06:59 UTC 2026","197","tests.one_c","test_free_delivery_to_regions_and_cities","","","","test_1c_free_delivery_bad_request_for_invalid_cities_type",""
"passed","Sat Apr 11 01:08:20 UTC 2026","Sat Apr 11 01:08:21 UTC 2026","791","tests.admin_panel.sliders","test_54_update_slider","","","","test_update_slider_invalid_id[9999999]","Негативный тест: несуществующий или некорректный ID."
"failed","Sat Apr 11 02:00:03 UTC 2026","Sat Apr 11 02:00:04 UTC 2026","582","tests.cart","test_25_cart_sync_delivery_country_on_profile_update","","","","test_cart_update_user_country_non_russia_syncs_delivery_country[client]","
    Если пользователь выбирает страну ≠ РФ,
    страна доставки в активной корзине должна автоматически стать такой же
    "
"passed","Sat Apr 11 01:04:31 UTC 2026","Sat Apr 11 01:04:38 UTC 2026","6590","tests.catalog","test_create_admin_product","","","","test_create_admin_product_minimal_payload_variants[slug+categories]",""
"passed","Sat Apr 11 01:48:30 UTC 2026","Sat Apr 11 01:48:33 UTC 2026","3761","tests.admin_panel.items","test_delete_item_translation","","","","test_delete_item_translation_forbidden[client]","Негативный тест: удаление перевода не-админом запрещено."
"passed","Sat Apr 11 01:12:18 UTC 2026","Sat Apr 11 01:12:18 UTC 2026","628","tests.delivery","test_get_cities_v2","","","","test_get_cities_v2_invalid_city_name_should_fail[\t-admin]","
    Негатив: city_name — строка, minLength=2
    "
"passed","Sat Apr 11 01:30:10 UTC 2026","Sat Apr 11 01:30:11 UTC 2026","625","tests.account","test_get_account_exists","","","","test_get_account_exists_positive[params1-admin]","Нкгатив: невлидны id"
"passed","Sat Apr 11 01:35:32 UTC 2026","Sat Apr 11 01:35:33 UTC 2026","1106","tests.admin_panel","test_01_support_create_user","","","","test_admin_can_create_support_from_user","
    POST /admin/support-users — успешное создание саппорта из обычного пользователя
    "
"passed","Sat Apr 11 00:48:49 UTC 2026","Sat Apr 11 00:48:50 UTC 2026","953","tests.one_c","test_cart_calculate_full_coverage","","","","test_products_various_qty[1]",""
"passed","Sat Apr 11 01:39:19 UTC 2026","Sat Apr 11 01:39:20 UTC 2026","838","tests.admin_panel.categories","test_47_get_categories_by_id","","","","test_get_categories_invalid_id[None]","Негативный тест: получение категории по невалидному ID."
"passed","Sat Apr 11 01:47:38 UTC 2026","Sat Apr 11 01:47:39 UTC 2026","1000","tests.PROJECT_FUND.initiatives","test_get_initiative_by_id","","","","test_get_initiative_by_valid_id[https://dev.ewahelps.com/api]","Позитивный тест: Получение инициативы по идентификатору"
"skipped","Sat Apr 11 01:43:51 UTC 2026","Sat Apr 11 01:43:51 UTC 2026","0","tests.orders","test_shop_digital_flow","","","","test_one_click_non_digital_item_returns_400[client]","
    Если item.type != education_course,
    one-click для digital-логики не должен работать
    "
"passed","Sat Apr 11 01:48:06 UTC 2026","Sat Apr 11 01:48:07 UTC 2026","836","tests.admin_panel.categories","test_49_delete_category","","","","test_delete_category_invalid_id[9999999]","Негативный тест: удаление несуществующей или некорректной категории."
"passed","Sat Apr 11 01:02:25 UTC 2026","Sat Apr 11 01:02:29 UTC 2026","3549","tests.cart","test_12_cart_estimate_delivery","","","","test_estimate_delivery_negative[partner-cdek-payload0]","
    негатив 400 ки
    "
"passed","Sat Apr 11 01:37:25 UTC 2026","Sat Apr 11 01:37:26 UTC 2026","643","tests.orders","test_group_order_v2_create","","","","test_group_order_v2_invalid_payloads[partner-payload0]",""
"passed","Sat Apr 11 01:26:23 UTC 2026","Sat Apr 11 01:26:24 UTC 2026","618","tests.orders","test_create_order_by_delivery_address","","","","test_create_order_invalid_data[invalid_payload3-expected_status3-client]",""
"failed","Sat Apr 11 01:59:45 UTC 2026","Sat Apr 11 01:59:46 UTC 2026","616","tests.account","test_0_top_partners_game_0824","","","","test_get_top_partners_game_0824_positive[admin]","Позитивные тесты на получение топ-партнеров в игре 08/24"
"skipped","Sat Apr 11 01:05:25 UTC 2026","Sat Apr 11 01:05:25 UTC 2026","0","tests.catalog","test_create_admin_product","","","","test_create_product_duplicate_slug[ky]",""
"skipped","Sat Apr 11 00:48:45 UTC 2026","Sat Apr 11 00:48:46 UTC 2026","990","tests.one_c","test_cart_calculate_full_coverage","","","","test_products_invalid_types[quantity-None]",""
"passed","Sat Apr 11 01:32:19 UTC 2026","Sat Apr 11 01:32:20 UTC 2026","613","tests.delivery","test_get_emu_pickup_points","","","","test_get_emu_pickup_points_invalid_city_id_should_fail[None-admin]","Негатив: невалидные значения city_id → 400/422."
"passed","Sat Apr 11 01:53:21 UTC 2026","Sat Apr 11 01:53:22 UTC 2026","676","tests.delivery","test_get_rupost_offices","","","","test_get_rupost_offices_success[439930-partner]",""
"passed","Sat Apr 11 01:08:00 UTC 2026","Sat Apr 11 01:08:01 UTC 2026","1181","tests.admin_panel.promo","test_74_update_promotion","","","","test_update_promotion_invalid_payload[payload9-422]","Негативный тест: обновление акции с невалидным или неполным телом запроса"
"passed","Sat Apr 11 01:31:52 UTC 2026","Sat Apr 11 01:31:52 UTC 2026","593","tests.delivery","test_get_boxberry_offices","","","","test_get_boxberry_offices_invalid_city_id_should_fail[bad_city_id7-admin]",""
"failed","Sat Apr 11 01:58:17 UTC 2026","Sat Apr 11 01:58:18 UTC 2026","1145","tests.account","test_delete_cover_url","","","","test_delete_cover_full_payload[admin]",""
"passed","Sat Apr 11 01:42:22 UTC 2026","Sat Apr 11 01:42:23 UTC 2026","868","tests.admin_panel","test_05_admin_support_users_token_revoke_all","","","","test_invalid_user_id_for_revoke_all_returns_client_error[-1]",""
"passed","Sat Apr 11 01:23:45 UTC 2026","Sat Apr 11 01:23:46 UTC 2026","611","tests.statistic","test_team_go","","","","test_get_team_go_statistic_positive[payload0-partner]","Позитивный тест: получение статистики по команде с валидным телом запроса"
"passed","Sat Apr 11 01:22:46 UTC 2026","Sat Apr 11 01:22:47 UTC 2026","1197","tests.admin_panel.products","test_42_update_product_brand","","","","test_update_product_brand_invalid_payload[payload3-expected_code3]","Негативный тест: обновление бренда с невалидным или неполным телом запроса."
"passed","Sat Apr 11 01:09:55 UTC 2026","Sat Apr 11 01:10:04 UTC 2026","9535","tests.cart","test_free_delivery_by_rc_and_belts","","","","test_free_delivery_by_belts_contract[\u041c\u043e\u0441\u043a\u0432\u0430-client-zone_3-belt_cfg2]","
    КОНТРАКТ:
    - ручка работает
    - advance_costs может быть []
    - free может быть
    - платная доставка допустима
    "
"passed","Sat Apr 11 01:51:39 UTC 2026","Sat Apr 11 01:51:40 UTC 2026","588","tests.admin_panel.products","test_02_recommended_products_add","","","","test_add_recommendation_unauthorized","Неавторизованный пользователь"
"passed","Sat Apr 11 01:25:54 UTC 2026","Sat Apr 11 01:25:55 UTC 2026","1056","tests.admin_panel.items","test_create_item","","","","test_create_item_invalid_payload[payload8-expected_code8]","
    Негативный тест: создание варианта с невалидным телом запроса.
    Если сервер внезапно вернул успех — удаляем созданный item из БД.
    "
"passed","Sat Apr 11 01:29:15 UTC 2026","Sat Apr 11 01:29:16 UTC 2026","1484","tests.admin_panel.users","test_post_admin_users_exclusive_preorder_permissions","","","","test_post_exclusive_preorder_permissions_validation_errors_404[payload0]","
    Негатив: некорректный payload
    "
"passed","Sat Apr 11 01:21:13 UTC 2026","Sat Apr 11 01:21:15 UTC 2026","1593","tests.admin_panel.promo","test_77_create_promotion_item","","","","test_create_promotion_item_forbidden[client]","Негативный тест: создание элемента акции не-админом запрещено."
"failed","Sat Apr 11 01:59:36 UTC 2026","Sat Apr 11 01:59:36 UTC 2026","580","tests.account","test_0_funds_transfer_withdrawal_info","","","","test_get_withdrawal_info_positive[admin-403]","Позитивные тесты на получение информации о выводе средств"
"passed","Sat Apr 11 01:56:51 UTC 2026","Sat Apr 11 01:56:52 UTC 2026","1189","tests.admin_panel.sliders","test_51_get_sliders","","","","test_get_sliders_after_adding","Интеграционный тест: добавление слайдера и проверка его наличия в списке"
"skipped","Sat Apr 11 00:56:39 UTC 2026","Sat Apr 11 00:56:39 UTC 2026","0","tests.stock","test_create_stock","","","","test_create_stock_success",""
"skipped","Sat Apr 11 01:54:00 UTC 2026","Sat Apr 11 01:54:00 UTC 2026","0","tests.account","test_history_personal_volumes","","","","test_get_personal_volumes_history_positive[partner-payload1]","Позитивные тесты на получение истории начисления личных объемов"
"passed","Sat Apr 11 01:42:53 UTC 2026","Sat Apr 11 01:42:57 UTC 2026","3668","tests.admin_panel.items","test_get_item_translation","","","","test_get_item_translation_forbidden[client]","
    Негативный тест: client/partner не может читать переводы item
    "
"passed","Sat Apr 11 01:26:43 UTC 2026","Sat Apr 11 01:26:44 UTC 2026","616","tests.account","test_account_branded_wallet_upload","","","","test_upload_empty_string_returns_400[client]","Негатив: пустая строка → 400"
"passed","Sat Apr 11 01:07:11 UTC 2026","Sat Apr 11 01:07:12 UTC 2026","207","tests.one_c","test_free_delivery_to_regions_and_cities","","","","test_1c_free_delivery_bad_request_for_empty_cities_array",""
"skipped","Sat Apr 11 00:56:27 UTC 2026","Sat Apr 11 00:56:27 UTC 2026","0","tests.tickets","test_01_get_tickets","","","","test_get_tickets_success[filter0-sort1-search1-pagination0-client]","Позитивный тест: получение списка тикетов с разными комбинациями параметров"
"passed","Sat Apr 11 01:48:44 UTC 2026","Sat Apr 11 01:48:46 UTC 2026","1237","tests.admin_panel.products","test_43_delete_product_brand","","","","test_delete_product_brand_success","Позитивный тест: успешное удаление бренда."
"passed","Sat Apr 11 01:44:06 UTC 2026","Sat Apr 11 01:44:07 UTC 2026","833","tests.tickets","test_12_delete_message","","","","test_delete_ticket_message_negative[None-400]","Негативные тесты: удаление с некорректными данными"
"passed","Sat Apr 11 01:40:27 UTC 2026","Sat Apr 11 01:40:28 UTC 2026","660","tests.cart","test_14_cart_update_personal_data","","","","test_update_personal_data_success[partner-payload0]","
    Позитив: обновление персональных данных
    "
"skipped","Sat Apr 11 01:52:39 UTC 2026","Sat Apr 11 01:52:41 UTC 2026","2557","tests.catalog","test_get_items_list_all","","","","test_get_items_list_all_success[admin]","
    Позитивный тест: успешное получение списка всех атомарных товаров
    "
"passed","Sat Apr 11 01:23:20 UTC 2026","Sat Apr 11 01:23:21 UTC 2026","847","tests.admin_panel.sliders","test_52_create_slider","","","","test_create_slider_invalid_payload[payload0-expected_code0]","Негативный тест: попытка создать слайдер с невалидным payload."
"skipped","Sat Apr 11 01:26:25 UTC 2026","Sat Apr 11 01:26:25 UTC 2026","0","tests.PROJECT_EDUCATION.test_system","test_03_user_answers","","","","test_user_answers__200","
    Позитив:
    - гасим активные сессии
    - стартуем сессию
    - получаем вопрос
    - отправляем любой валидный answer_id
    - проверяем 200
    - после теста гасим активные сессии
    "
"skipped","Sat Apr 11 01:44:12 UTC 2026","Sat Apr 11 01:44:12 UTC 2026","0","tests.PROJECT_EDUCATION.test_system","test_02_get_question","","","","test_get_question_invalid_id__400_or_404[0]",""
"skipped","Sat Apr 11 00:56:27 UTC 2026","Sat Apr 11 00:56:27 UTC 2026","0","tests.tickets","test_01_get_tickets","","","","test_get_tickets_success[filter1-sort0-search1-pagination1-partner]","Позитивный тест: получение списка тикетов с разными комбинациями параметров"
"passed","Sat Apr 11 01:27:43 UTC 2026","Sat Apr 11 01:27:44 UTC 2026","823","tests.admin_panel","test_04_generate_support_token","","","","test_invalid_user_id_for_token_returns_client_error[-1]",""
"passed","Sat Apr 11 01:26:24 UTC 2026","Sat Apr 11 01:26:25 UTC 2026","643","tests.orders","test_create_order_by_delivery_address","","","","test_create_order_invalid_data[invalid_payload3-expected_status3-admin]",""
"skipped","Sat Apr 11 00:49:36 UTC 2026","Sat Apr 11 00:49:37 UTC 2026","898","tests.one_c","test_cart_calculate_full_coverage","","","","test_discount_more_than_total[100-101]",""
"passed","Sat Apr 11 00:52:50 UTC 2026","Sat Apr 11 00:52:53 UTC 2026","2344","tests.tickets","test_04_create_ticket","","","","test_create_ticket_success[partner-attachments1-QuestionsAboutPaymentsToIP]","Позитивный тест: создание тикета с разными темами и вложениями для клиента, партнера и админа"
"skipped","Sat Apr 11 01:22:08 UTC 2026","Sat Apr 11 01:22:09 UTC 2026","838","tests.delivery","test_get_delivery_countries","","","","test_get_delivery_countries_invalid_from[True-admin]","Негатив: невалидные значения параметра from → 400/422."
"passed","Sat Apr 11 01:55:13 UTC 2026","Sat Apr 11 01:55:14 UTC 2026","1086","tests.cart","test_21_cart_shareable","","","","test_cart_shareable_unauthorized_after_logout[partner]","
    Негатив: ссылка создана авторизованным пользователем, затем пользователь разлогинен
    и пытается открыть корзину по этой ссылке
    "
"passed","Sat Apr 11 01:26:12 UTC 2026","Sat Apr 11 01:26:15 UTC 2026","2926","tests.orders","test_create_order_by_delivery_address","","","","test_create_order_permissions[authorize_client-authorize_partner-404]",""
"passed","Sat Apr 11 01:56:01 UTC 2026","Sat Apr 11 01:56:02 UTC 2026","608","tests.stock","test_update_stock","","","","test_update_stock_unauthorized",""
"passed","Sat Apr 11 00:50:54 UTC 2026","Sat Apr 11 00:50:55 UTC 2026","1206","tests.tickets","test_04_create_ticket","","","","test_create_ticket_success[client-attachments0-ReceivingDefectiveProductsOrShortage]","Позитивный тест: создание тикета с разными темами и вложениями для клиента, партнера и админа"
"passed","Sat Apr 11 01:35:29 UTC 2026","Sat Apr 11 01:35:30 UTC 2026","879","tests.account","test_add_cover_url","","","","test_add_cover_invalid_payload[payload4]",""
"skipped","Sat Apr 11 01:04:19 UTC 2026","Sat Apr 11 01:04:19 UTC 2026","0","tests.account","test_0_marathon","","","","test_create_product_brand_invalid_payload[params2-400-partner]",""
"skipped","Sat Apr 11 01:58:35 UTC 2026","Sat Apr 11 01:58:35 UTC 2026","0","tests.catalog","test_exclusive_preorder_products_list","","","","test_products_list_exclusive_flags_types_contract[client]","
    Жёсткий контракт по типам:
      - если is_exclusive_preorder_only присутствует => bool
      - если is_visible присутствует => bool
      - если in_stock присутствует => int
    "
"passed","Sat Apr 11 01:37:27 UTC 2026","Sat Apr 11 01:37:27 UTC 2026","612","tests.orders","test_group_order_v2_create","","","","test_group_order_v2_invalid_payloads[partner-payload3]",""
"skipped","Sat Apr 11 01:07:25 UTC 2026","Sat Apr 11 01:07:25 UTC 2026","0","tests.PROJECT_EDUCATION.orders","test_post_orders","","","","test_post_orders_invalid_payload__400_422[payload4]","Негатив: невалидный body"
"passed","Sat Apr 11 01:40:40 UTC 2026","Sat Apr 11 01:40:40 UTC 2026","832","tests.catalog","test_product_get_by_id","","","","test_get_product_by_id_invalid_string[ ]","
    Негативный: ID строкового типа
    "
"passed","Sat Apr 11 00:58:10 UTC 2026","Sat Apr 11 00:58:11 UTC 2026","806","tests.account","test_update_utc_offset","","","","test_update_utc_offset_invalid_types_rejected[True]",""
"failed","Sat Apr 11 01:58:24 UTC 2026","Sat Apr 11 01:58:25 UTC 2026","574","tests.admin_panel.periods","test_get_periods_current","","","","test_get_periods_current__200_strict[client]",""
"passed","Sat Apr 11 01:21:59 UTC 2026","Sat Apr 11 01:22:00 UTC 2026","783","tests.delivery","test_get_delivery_countries","","","","test_get_delivery_countries_success[delivery-partner]","Позитив: успешное получение списка стран с разными значениями ?from=."
"skipped","Sat Apr 11 01:47:27 UTC 2026","Sat Apr 11 01:47:27 UTC 2026","0","tests.tickets","test_11_update_message","","","","test_update_message_role_permissions[authorize_admin-200]","Проверка прав на редактирование сообщения в тикете"
"passed","Sat Apr 11 01:39:17 UTC 2026","Sat Apr 11 01:39:17 UTC 2026","806","tests.admin_panel.categories","test_47_get_categories_by_id","","","","test_get_categories_invalid_id[abc]","Негативный тест: получение категории по невалидному ID."
"passed","Sat Apr 11 01:37:15 UTC 2026","Sat Apr 11 01:37:15 UTC 2026","611","tests.one_c","test_stock_delivery_methods","","","","test_1c_stock_delivery_methods_bad_request_for_invalid_payload[body1]",""
"skipped","Sat Apr 11 00:50:00 UTC 2026","Sat Apr 11 00:50:01 UTC 2026","968","tests.one_c","test_cart_calculate_full_coverage","","","","test_email_validation[billing_customer-test@]",""
"passed","Sat Apr 11 00:50:16 UTC 2026","Sat Apr 11 00:50:17 UTC 2026","585","tests.one_c","test_cart_calculate_full_coverage","","","","test_invalid_arrays[secret_keys-invalid]",""
"passed","Sat Apr 11 00:55:00 UTC 2026","Sat Apr 11 00:55:02 UTC 2026","2275","tests.tickets","test_04_create_ticket","","","","test_create_ticket_success[admin-attachments1-QuestionsAboutTheMarriageContract]","Позитивный тест: создание тикета с разными темами и вложениями для клиента, партнера и админа"
"passed","Sat Apr 11 00:54:06 UTC 2026","Sat Apr 11 00:54:08 UTC 2026","2103","tests.tickets","test_04_create_ticket","","","","test_create_ticket_success[partner-attachments2-ReceivingDefectiveProducts]","Позитивный тест: создание тикета с разными темами и вложениями для клиента, партнера и админа"
"skipped","Sat Apr 11 01:04:19 UTC 2026","Sat Apr 11 01:04:19 UTC 2026","0","tests.account","test_0_marathon","","","","test_create_product_brand_invalid_payload[params5-400-client]",""
"passed","Sat Apr 11 01:40:43 UTC 2026","Sat Apr 11 01:40:44 UTC 2026","571","tests.catalog","test_product_get_by_id","","","","test_get_product_by_id_missing_id[client]","
    Негативный: пропуск path-параметра (GET /products).
    "
"skipped","Sat Apr 11 01:41:51 UTC 2026","Sat Apr 11 01:41:51 UTC 2026","0","tests.PROJECT_EDUCATION.test_system","test_06_get_result","","","","test_get_result_invalid_id__400_or_404[None]",""
"passed","Sat Apr 11 01:02:48 UTC 2026","Sat Apr 11 01:02:50 UTC 2026","1660","tests.admin_panel.slides","test_59_update_slide","","","","test_update_slide_forbidden[client]","Негативный тест: попытка обновления слайда не-админом"
"passed","Sat Apr 11 01:26:44 UTC 2026","Sat Apr 11 01:26:44 UTC 2026","645","tests.account","test_account_branded_wallet_upload","","","","test_upload_empty_string_returns_400[partner]","Негатив: пустая строка → 400"
"failed","Sat Apr 11 01:59:01 UTC 2026","Sat Apr 11 01:59:02 UTC 2026","580","tests.orders","test_group_order_join_out_of_stock","","","","test_group_order_change_out_of_stock[partner]","
    нельзя изменить group order, если товар out of stock
    "
"passed","Sat Apr 11 01:45:50 UTC 2026","Sat Apr 11 01:45:50 UTC 2026","833","tests.admin_panel.promo","test_78_delete_promotion_item","","","","test_delete_promotion_item_invalid_id[0-0]","Негативный тест: удаление элемента акции с невалидным ID продукта."
"passed","Sat Apr 11 01:22:37 UTC 2026","Sat Apr 11 01:22:38 UTC 2026","800","tests.admin_panel.products","test_42_update_product_brand","","","","test_update_product_brand_invalid_id[abc]","Негативный тест: несуществующий или некорректный ID."
"failed","Sat Apr 11 00:57:15 UTC 2026","Sat Apr 11 00:57:17 UTC 2026","2068","tests.delivery","test_01_save_delivery_address","","","","test_save_address_negative__create_two_similar_addresses_except_street_in_delivery[client]","
    Создание двух адресов с одинаковыми данными,
    кроме street внутри delivery.cdek.address
    → оба адреса должны сохраниться
    "
"skipped","Sat Apr 11 00:48:42 UTC 2026","Sat Apr 11 00:48:43 UTC 2026","930","tests.one_c","test_cart_calculate_full_coverage","","","","test_products_negative_numbers[box_index--1]",""
"passed","Sat Apr 11 01:26:53 UTC 2026","Sat Apr 11 01:26:53 UTC 2026","626","tests.account","test_account_branded_wallet_upload","","","","test_upload_branded_wallet_unauthorized","Негатив: без авторизации → 401"
"skipped","Sat Apr 11 00:49:05 UTC 2026","Sat Apr 11 00:49:06 UTC 2026","891","tests.one_c","test_cart_calculate_full_coverage","","","","test_packaging_invalid_numbers[weight-0]",""
"passed","Sat Apr 11 01:02:39 UTC 2026","Sat Apr 11 01:02:40 UTC 2026","614","tests.cart","test_12_cart_estimate_delivery","","","","test_estimate_delivery_unauthorized","Негатив: вызов без авторизации/корзины"
"passed","Sat Apr 11 01:26:49 UTC 2026","Sat Apr 11 01:26:53 UTC 2026","3439","tests.account","test_account_branded_wallet_upload","","","","test_upload_too_large_returns_400[partner]","Негатив: слишком большой файл (>5MB) → 400"
"passed","Sat Apr 11 01:01:36 UTC 2026","Sat Apr 11 01:01:40 UTC 2026","3642","tests.cart","test_12_cart_estimate_delivery","","","","test_estimate_delivery_success[partner-kgpost-payload3]","
    Позитив: корзина с товаром, выбор способа доставки и расчёт стоимости для разных служб
    "
"passed","Sat Apr 11 00:48:47 UTC 2026","Sat Apr 11 00:48:48 UTC 2026","900","tests.one_c","test_cart_calculate_full_coverage","","","","test_products_large_numbers[total_price-999999999]",""
"skipped","Sat Apr 11 01:54:00 UTC 2026","Sat Apr 11 01:54:00 UTC 2026","0","tests.account","test_history_personal_volumes_admin","","","","test_get_personal_volumes_history_admin_positive[partner-payload1]","Позитивные тесты на получение истории начисления личных объемов для админа"
"passed","Sat Apr 11 00:53:29 UTC 2026","Sat Apr 11 00:53:31 UTC 2026","2280","tests.tickets","test_04_create_ticket","","","","test_create_ticket_success[partner-attachments1-ReceivingProductsShortage]","Позитивный тест: создание тикета с разными темами и вложениями для клиента, партнера и админа"
"passed","Sat Apr 11 01:36:47 UTC 2026","Sat Apr 11 01:36:48 UTC 2026","620","tests.auth","test_02_login","","","","test_partner_login[partner-empty_password-401]",""
"skipped","Sat Apr 11 01:07:25 UTC 2026","Sat Apr 11 01:07:25 UTC 2026","0","tests.PROJECT_EDUCATION.orders","test_post_orders","","","","test_post_orders_invalid_payload__400_422[payload11]","Негатив: невалидный body"
"passed","Sat Apr 11 01:32:28 UTC 2026","Sat Apr 11 01:32:28 UTC 2026","626","tests.delivery","test_get_self_pickup_offices","","","","test_get_self_pickup_offices_invalid_city_id_should_fail[True-admin]","Негатив: невалидные значения city_id → 400/422."
"passed","Sat Apr 11 01:22:18 UTC 2026","Sat Apr 11 01:22:19 UTC 2026","808","tests.admin_panel.products","test_40_create_product_brand","","","","test_create_product_brand_invalid_payload[payload5-expected_codes5]","Негативные кейсы: невалидные поля при создании бренда."
"skipped","Sat Apr 11 00:49:26 UTC 2026","Sat Apr 11 00:49:27 UTC 2026","913","tests.one_c","test_cart_calculate_full_coverage","","","","test_payment_invalid_numbers[is_bonus--1]",""
"skipped","Sat Apr 11 01:52:49 UTC 2026","Sat Apr 11 01:52:49 UTC 2026","615","tests.delivery","test_get_cargo_offices","","","","test_get_cargo_offices_unauthorized",""
"failed","Sat Apr 11 01:52:21 UTC 2026","Sat Apr 11 01:52:22 UTC 2026","591","tests.cart","test_04_cart_full_data","","","","test_cart_full_data_calculate_delivery_false[client]","
    calculate_delivery=false:
    - не инициирует пересчёт
    - запрос не падает даже без delivery контекста
    "
"skipped","Sat Apr 11 00:56:27 UTC 2026","Sat Apr 11 00:56:27 UTC 2026","0","tests.tickets","test_01_get_tickets","","","","test_get_tickets_success[filter0-sort0-search1-pagination1-partner]","Позитивный тест: получение списка тикетов с разными комбинациями параметров"
"passed","Sat Apr 11 00:57:26 UTC 2026","Sat Apr 11 00:57:26 UTC 2026","578","tests.delivery","test_get_cities","","","","test_get_cities_invalid_page_size_should_fail[-admin]","
    Негатив: невалидный page_size → 400/422
    "
"skipped","Sat Apr 11 01:51:08 UTC 2026","Sat Apr 11 01:51:08 UTC 2026","0","tests.admin_panel.products","test_01_delete_product_group","","","","test_delete_product_group_forbidden[client]","Негативный тест: попытка удаления продукт группы не-админом."
"passed","Sat Apr 11 01:18:39 UTC 2026","Sat Apr 11 01:18:41 UTC 2026","2168","tests.admin_panel.categories","test_80_create_category_translation","","","","test_create_category_translation_success[ru]","Позитивный тест: создание/обновление перевода категории для разных языков."
"skipped","Sat Apr 11 01:47:54 UTC 2026","Sat Apr 11 01:47:55 UTC 2026","624","tests.PROJECT_FUND.initiatives","test_get_reports","","","","test_get_reports_invalid_query_params[query0-https://dev.ewahelps.com/api]","Негативный тест: запрос с некорректными query-параметрами"
"passed","Sat Apr 11 01:29:05 UTC 2026","Sat Apr 11 01:29:06 UTC 2026","1427","tests.admin_panel.users","test_post_admin_users_exclusive_preorder_permissions","","","","test_post_exclusive_preorder_permissions_validation_errors_400[payload4]","
    Негатив: некорректный payload
    "
"skipped","Sat Apr 11 00:56:42 UTC 2026","Sat Apr 11 00:56:42 UTC 2026","0","tests.stock","test_create_stock","","","","test_create_stock_with_empty_string_log_if_not_200[address.comment]",""
"skipped","Sat Apr 11 00:56:42 UTC 2026","Sat Apr 11 00:56:42 UTC 2026","0","tests.stock","test_create_stock","","","","test_create_stock_with_empty_string_log_if_not_200[address.region]",""
"passed","Sat Apr 11 01:48:03 UTC 2026","Sat Apr 11 01:48:05 UTC 2026","1598","tests.admin_panel.categories","test_49_delete_category","","","","test_delete_category_forbidden[partner]","Негативный тест: попытка удаления категории не-админом."
"passed","Sat Apr 11 01:47:18 UTC 2026","Sat Apr 11 01:47:20 UTC 2026","1936","tests.reviews","test_reviews_get_by_id","","","","test_reviews_get_after_delete_returns_404",""
"passed","Sat Apr 11 01:57:09 UTC 2026","Sat Apr 11 01:57:10 UTC 2026","618","tests.auth","test_05_logout","","","","test_logout_invalid_token","Тест разлогинивания с невалидным токеном"
"passed","Sat Apr 11 01:39:18 UTC 2026","Sat Apr 11 01:39:19 UTC 2026","798","tests.admin_panel.categories","test_47_get_categories_by_id","","","","test_get_categories_invalid_id[0]","Негативный тест: получение категории по невалидному ID."
"passed","Sat Apr 11 00:52:24 UTC 2026","Sat Apr 11 00:52:25 UTC 2026","1250","tests.tickets","test_04_create_ticket","","","","test_create_ticket_success[partner-attachments0-QuestionsAboutTheHousingAndCarProgram]","Позитивный тест: создание тикета с разными темами и вложениями для клиента, партнера и админа"
"passed","Sat Apr 11 01:54:08 UTC 2026","Sat Apr 11 01:54:10 UTC 2026","1568","tests.account","test_update_avatar","","","","test_update_avatar_positive[admin-payload1]","Позитивные тесты на обновление аватара"
"passed","Sat Apr 11 01:25:42 UTC 2026","Sat Apr 11 01:25:43 UTC 2026","1071","tests.admin_panel.items","test_create_item","","","","test_create_item_invalid_payload[payload2-expected_code2]","
    Негативный тест: создание варианта с невалидным телом запроса.
    Если сервер внезапно вернул успех — удаляем созданный item из БД.
    "
"skipped","Sat Apr 11 00:56:42 UTC 2026","Sat Apr 11 00:56:42 UTC 2026","0","tests.stock","test_create_stock","","","","test_create_stock_with_empty_string_log_if_not_200[address.city_id]",""
"skipped","Sat Apr 11 01:57:19 UTC 2026","Sat Apr 11 01:57:19 UTC 2026","0","tests.cart","test_exclusive_preorder_cart_update","","","","test_cart_update_checks_quantity_after_permission_400[partner]","
    Позитив+негатив
      - permission remaining_quantity=1
      - quantity=1 -> 200
      - quantity=2 -> 400
    "
"skipped","Sat Apr 11 01:44:12 UTC 2026","Sat Apr 11 01:44:12 UTC 2026","0","tests.PROJECT_EDUCATION.test_system","test_04_finish_test","","","","test_finish_test_invalid_id__400_or_404[999999]",""
"passed","Sat Apr 11 01:41:23 UTC 2026","Sat Apr 11 01:41:23 UTC 2026","851","tests.reviews","test_reviews_update_post","","","","test_reviews_update_nonexistent_review",""
"skipped","Sat Apr 11 01:42:25 UTC 2026","Sat Apr 11 01:42:25 UTC 2026","0","tests.admin_panel","test_accrue_presidential_pool","","","","test_accrue_presidential_pool_unauthorized",""
"failed","Sat Apr 11 01:59:34 UTC 2026","Sat Apr 11 01:59:35 UTC 2026","627","tests.account","test_0_funds_transfer_withdrawal_info","","","","test_get_withdrawal_info_positive[client-403]","Позитивные тесты на получение информации о выводе средств"
"skipped","Sat Apr 11 00:56:27 UTC 2026","Sat Apr 11 00:56:27 UTC 2026","0","tests.tickets","test_01_get_tickets","","","","test_get_tickets_success[filter0-sort1-search1-pagination0-partner]","Позитивный тест: получение списка тикетов с разными комбинациями параметров"
"passed","Sat Apr 11 01:30:15 UTC 2026","Sat Apr 11 01:30:15 UTC 2026","578","tests.account","test_get_account_exists","","","","test_get_account_exists_positive[params5-client]","Нкгатив: невлидны id"
"passed","Sat Apr 11 01:37:02 UTC 2026","Sat Apr 11 01:37:03 UTC 2026","807","tests.one_c","test_stock_delivery_methods","","","","test_1c_stock_delivery_methods_replaces_previous_whitelist",""
"passed","Sat Apr 11 01:40:40 UTC 2026","Sat Apr 11 01:40:41 UTC 2026","845","tests.catalog","test_product_get_by_id","","","","test_get_product_by_id_invalid_string[%20]","
    Негативный: ID строкового типа
    "
"passed","Sat Apr 11 01:47:00 UTC 2026","Sat Apr 11 01:47:00 UTC 2026","629","tests.reviews","test_reviews_get_by_id","","","","test_reviews_get_by_id_requires_auth_unauthorized",""
"passed","Sat Apr 11 01:23:04 UTC 2026","Sat Apr 11 01:23:04 UTC 2026","790","tests.admin_panel.promo","test_72_create_promotion","","","","test_create_promotion_invalid_data[payload2-400]","Негативные тесты: невалидные данные"
"failed","Sat Apr 11 01:31:49 UTC 2026","Sat Apr 11 01:31:49 UTC 2026","578","tests.delivery","test_get_boxberry_offices","","","","test_get_boxberry_offices_invalid_city_id_should_fail[-1-admin]",""
"passed","Sat Apr 11 01:42:10 UTC 2026","Sat Apr 11 01:42:12 UTC 2026","2202","tests.admin_panel","test_05_admin_support_users_token_revoke_all","","","","test_admin_can_revoke_all_support_tokens","
    POST /admin/support-users/{id}/token/revoke-all

    Проверяем по факту:
    - до revoke создаём несколько support-токенов
    - в tokens есть записи для (role=3, id=user_id)
    - после revoke-all их больше нет
    - повторный вызов тоже 204 и в tokens всё ещё 0 записей.
    "
"passed","Sat Apr 11 00:57:57 UTC 2026","Sat Apr 11 00:57:58 UTC 2026","847","tests.account","test_update_utc_offset","","","","test_update_utc_offset_required_field_validation[payload2]",""
"passed","Sat Apr 11 01:37:29 UTC 2026","Sat Apr 11 01:37:30 UTC 2026","607","tests.register","test_01_register_form","","","","test_register_form_positive[client-payload0]",""
"skipped","Sat Apr 11 01:54:00 UTC 2026","Sat Apr 11 01:54:00 UTC 2026","0","tests.account","test_family_agreement_update_status","","","","test_update_family_agreement_status_positive[admin-payload1]","Позитивные тесты на изменение статуса семейного соглашения"
"passed","Sat Apr 11 00:58:51 UTC 2026","Sat Apr 11 00:58:54 UTC 2026","2499","tests.cart","test_01_user_locale","","","","test_update_user_locale_valid_payload[partner-payload4]",""
"passed","Sat Apr 11 01:04:17 UTC 2026","Sat Apr 11 01:04:18 UTC 2026","1265","tests.admin_panel.slides","test_59_update_slide","","","","test_update_slide_invalid_payload[payload21-422]","
    Негативный тест: обновление слайда с невалидным или неполным телом запроса
    "
"skipped","Sat Apr 11 02:01:53 UTC 2026","Sat Apr 11 02:01:53 UTC 2026","0","tests.sockets","test_schema_contracts","","","","test_create_schema_contract_and_echo[client]","
    Контракт /support-chat/create
    "
"failed","Sat Apr 11 01:59:54 UTC 2026","Sat Apr 11 01:59:55 UTC 2026","626","tests.cart","test_13_cart_delete_estimate_delivery","","","","test_delete_estimate_delivery_switches_to_selfpickup[client]","
    поведение backend:
    - estimate удаляется
    - корзина переключается на SelfPickup
    - advance_costs могут остаться
    "
"passed","Sat Apr 11 00:57:38 UTC 2026","Sat Apr 11 00:57:39 UTC 2026","587","tests.delivery","test_get_cities","","","","test_get_cities_invalid_region_id_should_fail[True-admin]","
    Негатив: невалидный region_id
    "
"passed","Sat Apr 11 01:52:43 UTC 2026","Sat Apr 11 01:52:44 UTC 2026","579","tests.catalog","test_get_items_list_all","","","","test_get_items_list_all_wrong_method[post]",""
"passed","Sat Apr 11 01:28:48 UTC 2026","Sat Apr 11 01:28:51 UTC 2026","2318","tests.admin_panel.items","test_update_item","","","","test_update_item_required_fields_only","Позитивный тест: успешное обновление варианта товара (только обязательные поля)."
"passed","Sat Apr 11 01:00:17 UTC 2026","Sat Apr 11 01:00:18 UTC 2026","617","tests.cart","test_02_get_delivery_cost","","","","test_get_delivery_cost_invalid_payload[client-payload3]","Негатив: некорректные входные данные"
"skipped","Sat Apr 11 01:44:12 UTC 2026","Sat Apr 11 01:44:12 UTC 2026","0","tests.PROJECT_EDUCATION.test_system","test_04_finish_test","","","","test_finish_test__200","
    Позитив:
    - гасим активные сессии
    - стартуем
    - finish -> 200
    - после теста гасим сессии (fail-safe)
    "
"passed","Sat Apr 11 01:50:24 UTC 2026","Sat Apr 11 01:50:30 UTC 2026","6072","tests.orders","test_group_order_confirm","","","","test_group_order_confirm_foreign_group_order_forbidden[partner]",""
"passed","Sat Apr 11 02:00:04 UTC 2026","Sat Apr 11 02:00:05 UTC 2026","591","tests.cart","test_25_cart_sync_delivery_country_on_profile_update","","","","test_cart_update_user_country_unauthorized","
    Негатив: смена страны пользователя без авторизации
    "
"passed","Sat Apr 11 01:41:32 UTC 2026","Sat Apr 11 01:41:32 UTC 2026","837","tests.tickets","test_02_get_ticket_by_id","","","","test_get_ticket_invalid_id[-1]","Негативный тест: передан некорректный ID."
"skipped","Sat Apr 11 00:49:01 UTC 2026","Sat Apr 11 00:49:02 UTC 2026","991","tests.one_c","test_cart_calculate_full_coverage","","","","test_packaging_invalid_numbers[price-0]",""
"passed","Sat Apr 11 01:59:53 UTC 2026","Sat Apr 11 01:59:54 UTC 2026","597","tests.cart","test_05_cart_clear","","","","test_clear_cart_unauthorized","Негатив: очистка корзины без авторизации/корзины"
"passed","Sat Apr 11 01:35:50 UTC 2026","Sat Apr 11 01:35:51 UTC 2026","954","tests.admin_panel","test_01_support_create_user","","","","test_invalid_user_id_returns_client_error[0]",""
"passed","Sat Apr 11 01:21:48 UTC 2026","Sat Apr 11 01:21:49 UTC 2026","636","tests.delivery","test_02_get_delivery_address","","","","test_history_invalid_pagination_should_fail[bad_body1-client]","
    Негатив: валидация PaginationRequest
    "
"passed","Sat Apr 11 00:58:42 UTC 2026","Sat Apr 11 00:58:46 UTC 2026","4234","tests.cart","test_01_user_locale","","","","test_update_user_locale_valid_payload[partner-payload2]",""
"passed","Sat Apr 11 00:56:44 UTC 2026","Sat Apr 11 00:56:45 UTC 2026","1011","tests.delivery","test_01_save_delivery_address","","","","test_save_address_positive_contract_and_cleanup[payload1-client]",""
"passed","Sat Apr 11 01:09:46 UTC 2026","Sat Apr 11 01:09:55 UTC 2026","8838","tests.cart","test_free_delivery_by_rc_and_belts","","","","test_free_delivery_by_belts_contract[\u041c\u043e\u0441\u043a\u0432\u0430-client-zone_2-belt_cfg1]","
    КОНТРАКТ:
    - ручка работает
    - advance_costs может быть []
    - free может быть
    - платная доставка допустима
    "
"passed","Sat Apr 11 01:05:17 UTC 2026","Sat Apr 11 01:05:18 UTC 2026","1040","tests.catalog","test_create_admin_product","","","","test_create_product_invalid_payload[payload3-400]",""
"passed","Sat Apr 11 01:24:02 UTC 2026","Sat Apr 11 01:24:03 UTC 2026","636","tests.statistic","test_team_registrations","","","","test_get_team_registration_statistic_positive[payload2-admin]","Позитивный тест: получение статистики по регистрации команды с валидным телом запроса"
"skipped","Sat Apr 11 01:41:51 UTC 2026","Sat Apr 11 01:41:51 UTC 2026","0","tests.PROJECT_EDUCATION.test_system","test_08_get_course_with_tests","","","","test_get_course_with_tests__unauthorized__401_403[None]",""
"passed","Sat Apr 11 01:48:20 UTC 2026","Sat Apr 11 01:48:21 UTC 2026","783","tests.admin_panel.categories","test_81_delete_category_translation","","","","test_delete_category_translation_invalid_id[9999999]","Негативный тест: удаление перевода с невалидным ID категории."
"passed","Sat Apr 11 01:47:25 UTC 2026","Sat Apr 11 01:47:26 UTC 2026","623","tests.stock","test_get_group_orders","","","","test_get_group_orders_country_id_not_found[admin]","Проверка получения складов по несуществующему country_id"
"skipped","Sat Apr 11 02:00:56 UTC 2026","Sat Apr 11 02:00:56 UTC 2026","0","tests.PROJECT_EDUCATION","test_paid_course_integration","","","","test_refund_revokes_access[client]","
    Сценарий:
    1) Создаём one-click заказ на digital-course
    2) Отмечаем заказ как оплаченный и убеждаемся, что доступ активен
    3) Делаем refund
    4) Проверяем, что доступ стал неактивным
    "
"passed","Sat Apr 11 01:39:20 UTC 2026","Sat Apr 11 01:39:21 UTC 2026","845","tests.admin_panel.categories","test_47_get_categories_by_id","","","","test_get_categories_invalid_id[]","Негативный тест: получение категории по невалидному ID."
"passed","Sat Apr 11 01:19:50 UTC 2026","Sat Apr 11 01:19:54 UTC 2026","3181","tests.admin_panel.items","test_create_item_translation","","","","test_create_item_translation_success[de]",""
"failed","Sat Apr 11 01:59:44 UTC 2026","Sat Apr 11 01:59:44 UTC 2026","600","tests.account","test_0_top_partners_game_0824","","","","test_get_top_partners_game_0824_positive[client]","Позитивные тесты на получение топ-партнеров в игре 08/24"
"skipped","Sat Apr 11 01:53:09 UTC 2026","Sat Apr 11 01:53:10 UTC 2026","589","tests.delivery","test_get_haypost_offices","","","","test_get_haypost_offices_invalid_city_id_should_fail[0-admin]","Негатив: невалидные значения city_id → 400/422."
"passed","Sat Apr 11 01:04:07 UTC 2026","Sat Apr 11 01:04:08 UTC 2026","1288","tests.admin_panel.slides","test_59_update_slide","","","","test_update_slide_invalid_payload[payload18-422]","
    Негативный тест: обновление слайда с невалидным или неполным телом запроса
    "
"passed","Sat Apr 11 00:51:20 UTC 2026","Sat Apr 11 00:51:22 UTC 2026","2254","tests.tickets","test_04_create_ticket","","","","test_create_ticket_success[client-attachments1-QuestionsAboutTheMarriageContract]","Позитивный тест: создание тикета с разными темами и вложениями для клиента, партнера и админа"
"passed","Sat Apr 11 01:43:02 UTC 2026","Sat Apr 11 01:43:03 UTC 2026","833","tests.admin_panel.items","test_get_item_translation","","","","test_get_item_translation_invalid_id[-1]",""
"skipped","Sat Apr 11 01:51:08 UTC 2026","Sat Apr 11 01:51:08 UTC 2026","0","tests.admin_panel.products","test_01_delete_product_group","","","","test_delete_product_group_invalid_id[0]","Негативный тест: удаление несуществующей или некорректной продукт группы."
"passed","Sat Apr 11 01:46:10 UTC 2026","Sat Apr 11 01:46:11 UTC 2026","614","tests.catalog","test_product_get_by_slug","","","","test_get_product_by_slug_unauthorized","
    Негативный: запрос без авторизации
    "
"skipped","Sat Apr 11 00:56:27 UTC 2026","Sat Apr 11 00:56:27 UTC 2026","0","tests.tickets","test_01_get_tickets","","","","test_get_tickets_success[filter1-sort1-search0-pagination0-client]","Позитивный тест: получение списка тикетов с разными комбинациями параметров"
"passed","Sat Apr 11 01:57:41 UTC 2026","Sat Apr 11 01:57:42 UTC 2026","850","tests.reviews","test_reviews_by_product_get","","","","test_reviews_by_product_access[authorize_partner]",""
"passed","Sat Apr 11 01:20:25 UTC 2026","Sat Apr 11 01:20:26 UTC 2026","1557","tests.admin_panel.products","test_44_upload_product_brand_images","","","","test_upload_product_brand_images_formats[invalid.pdf-application/pdf-400]","Проверка загрузки изображений бренда в разных форматах: негативные и позитивные кейсы."
"skipped","Sat Apr 11 01:07:25 UTC 2026","Sat Apr 11 01:07:25 UTC 2026","0","tests.PROJECT_EDUCATION.orders","test_post_orders","","","","test_post_orders_unauthorized__401_403[None]","Негатив: без авторизации"
"skipped","Sat Apr 11 01:05:28 UTC 2026","Sat Apr 11 01:05:28 UTC 2026","0","tests.admin_panel.categories","test_50_upload_category_images","","","","test_upload_category_images_unauthorized","Негативный тест: загрузка изображений категории без авторизации."
"passed","Sat Apr 11 01:27:16 UTC 2026","Sat Apr 11 01:27:17 UTC 2026","866","tests.admin_panel","test_04_generate_support_token","","","","test_client_cannot_generate_support_token",""
"skipped","Sat Apr 11 02:00:07 UTC 2026","Sat Apr 11 02:00:07 UTC 2026","0","tests.chat_support","test_04_support_chat_tags_get","","","","test_get_support_chat_tags_basic[client]","
    Позитив: /support-chat/tags возвращает список тегов
    "
"passed","Sat Apr 11 01:01:57 UTC 2026","Sat Apr 11 01:02:01 UTC 2026","3645","tests.cart","test_12_cart_estimate_delivery","","","","test_estimate_delivery_success[partner-yandex-payload8]","
    Позитив: корзина с товаром, выбор способа доставки и расчёт стоимости для разных служб
    "
"skipped","Sat Apr 11 01:54:00 UTC 2026","Sat Apr 11 01:54:00 UTC 2026","0","tests.account","test_pass_change","","","","test_change_password_positive[partner-payload0]","Позитивные тесты на изменение пароля"
"failed","Sat Apr 11 01:05:38 UTC 2026","Sat Apr 11 01:05:38 UTC 2026","265","tests.cart","test_update_location","","","","test_update_location_international_city_name","
    Германия не имеет городов в cities
    city_name передаётся строкой и не валидируется по БД
    "
"skipped","Sat Apr 11 00:56:23 UTC 2026","Sat Apr 11 00:56:23 UTC 2026","1","tests.tickets","test_04_create_ticket","","","","test_create_ticket_invalid_message[client-None]","Негативный тест: создание тикета без сообщения"
"passed","Sat Apr 11 01:21:10 UTC 2026","Sat Apr 11 01:21:12 UTC 2026","1751","tests.admin_panel.promo","test_77_create_promotion_item","","","","test_create_promotion_item_success","Позитивный тест: создание/обновление элемента акции"
"skipped","Sat Apr 11 01:59:57 UTC 2026","Sat Apr 11 01:59:58 UTC 2026","583","tests.cart","test_18_cart_available_countries","","","","test_cart_available_countries_unauthorized","Негатив: вызов без авторизации/корзины"
"skipped","Sat Apr 11 01:54:00 UTC 2026","Sat Apr 11 01:54:00 UTC 2026","0","tests.account","test_family_agreement_create_three","","","","test_create_family_agreement_three_positive[client-payload0]","Позитивные тесты на создание семейного соглашения при аннулировании второго партнера"
"passed","Sat Apr 11 01:26:26 UTC 2026","Sat Apr 11 01:26:27 UTC 2026","1532","tests.account","test_account_branded_wallet_upload","","","","test_upload_success[valid_png.png-client]","Позитив: валидное изображение (PNG/JPG) → 200 + корректная схема"
"passed","Sat Apr 11 01:02:29 UTC 2026","Sat Apr 11 01:02:32 UTC 2026","3631","tests.cart","test_12_cart_estimate_delivery","","","","test_estimate_delivery_negative[partner-cdek-payload1]","
    негатив 400 ки
    "
"skipped","Sat Apr 11 01:53:06 UTC 2026","Sat Apr 11 01:53:07 UTC 2026","591","tests.delivery","test_get_haypost_offices","","","","test_get_haypost_offices_success[186343-client]","Позитив: успешное получение списка офисов по city_id."
"failed","Sat Apr 11 01:57:03 UTC 2026","Sat Apr 11 01:57:03 UTC 2026","587","tests.auth","test_03_token_auth","","","","test_auth_by_valid_token[partner]","Тест успешной авторизации по валидному токену"
"skipped","Sat Apr 11 01:05:25 UTC 2026","Sat Apr 11 01:05:25 UTC 2026","0","tests.catalog","test_create_admin_product","","","","test_create_product_duplicate_slug[uz]",""
"passed","Sat Apr 11 01:47:38 UTC 2026","Sat Apr 11 01:47:38 UTC 2026","619","tests.tickets","test_11_update_message","","","","test_update_nonexistent_message[partner]","Негативный тест: попытка редактирования несуществующего сообщения"
"skipped","Sat Apr 11 01:05:28 UTC 2026","Sat Apr 11 01:05:28 UTC 2026","0","tests.admin_panel.categories","test_50_upload_category_images","","","","test_upload_only_single_image_field_should_not_fill_others[image-test_jpg.jpg-image/jpeg-image]","Проверка: загрузка только одного из полей (icon, image, image_site) не должна заполнять другие."
"passed","Sat Apr 11 01:21:49 UTC 2026","Sat Apr 11 01:21:49 UTC 2026","618","tests.delivery","test_02_get_delivery_address","","","","test_history_invalid_pagination_should_fail[bad_body1-partner]","
    Негатив: валидация PaginationRequest
    "
"skipped","Sat Apr 11 00:56:42 UTC 2026","Sat Apr 11 00:56:42 UTC 2026","0","tests.stock","test_create_stock","","","","test_create_stock_with_empty_string_log_if_not_200[address.entrance]",""
"skipped","Sat Apr 11 01:44:12 UTC 2026","Sat Apr 11 01:44:12 UTC 2026","0","tests.PROJECT_EDUCATION.test_system","test_05_get_info","","","","test_get_info_invalid_id__400_or_404[None]","Негатив: невалидный id в path"
"passed","Sat Apr 11 01:42:40 UTC 2026","Sat Apr 11 01:42:41 UTC 2026","827","tests.admin_panel.categories","test_79_get_category_translation","","","","test_get_category_translation_invalid_id[0]",""
"passed","Sat Apr 11 01:48:28 UTC 2026","Sat Apr 11 01:48:28 UTC 2026","643","tests.admin_panel.items","test_delete_item_translation","","","","test_delete_item_translation_unauthorized","Негативный тест: удаление перевода без авторизации."
"passed","Sat Apr 11 01:47:51 UTC 2026","Sat Apr 11 01:47:52 UTC 2026","593","tests.PROJECT_FUND.initiatives","test_get_reports","","","","test_get_reports_with_query_params[query0-https://dev.ewahelps.com/api]","Позитивный тест: получение списка отчетов с query-параметрами"
"passed","Sat Apr 11 01:23:59 UTC 2026","Sat Apr 11 01:24:00 UTC 2026","580","tests.statistic","test_team_registrations","","","","test_get_team_registration_statistic_positive[payload1-partner]","Позитивный тест: получение статистики по регистрации команды с валидным телом запроса"
"passed","Sat Apr 11 00:57:51 UTC 2026","Sat Apr 11 00:57:52 UTC 2026","818","tests.account","test_update_utc_offset","","","","test_update_utc_offset_valid_values[-07-expected2-partner]",""
"passed","Sat Apr 11 01:36:22 UTC 2026","Sat Apr 11 01:36:23 UTC 2026","581","tests.admin_panel.periods","test_get_period_by_id","","","","test_get_period_by_id__invalid_id_400_404[admin- ]",""
"passed","Sat Apr 11 01:53:47 UTC 2026","Sat Apr 11 01:53:48 UTC 2026","842","tests.register","test_02_register_partner","","","","test_register_partner_negative[payload0-400]","Тест: негативные тесты для регистрации партнера вручную"
"failed","Sat Apr 11 01:58:20 UTC 2026","Sat Apr 11 01:58:20 UTC 2026","598","tests.account","test_post_bonus_tokens","","","","test_get_bonus_tokens_positive[admin]","Позитивные тесты на получение списка токенов"
"passed","Sat Apr 11 00:59:04 UTC 2026","Sat Apr 11 00:59:07 UTC 2026","2489","tests.cart","test_01_user_locale","","","","test_update_user_locale_invalid_payload[client-payload3]",""
"passed","Sat Apr 11 00:50:56 UTC 2026","Sat Apr 11 00:50:57 UTC 2026","1200","tests.tickets","test_04_create_ticket","","","","test_create_ticket_success[client-attachments0-ReceivingDefectiveProducts]","Позитивный тест: создание тикета с разными темами и вложениями для клиента, партнера и админа"
"skipped","Sat Apr 11 01:05:25 UTC 2026","Sat Apr 11 01:05:25 UTC 2026","0","tests.catalog","test_create_admin_product","","","","test_create_product_duplicate_slug[en]",""
"skipped","Sat Apr 11 01:56:12 UTC 2026","Sat Apr 11 01:56:12 UTC 2026","0","tests.admin_panel.periods","test_post_periods_by_date","","","","test_post_periods_by_date__200_strict[partner]",""
"skipped","Sat Apr 11 01:54:20 UTC 2026","Sat Apr 11 01:54:21 UTC 2026","785","tests.admin_panel","test_report_accruals","","","","test_report_accruals_invalid_payload[payload0-400]",""
"passed","Sat Apr 11 00:57:27 UTC 2026","Sat Apr 11 00:57:28 UTC 2026","617","tests.delivery","test_get_cities","","","","test_get_cities_invalid_page_size_should_fail[-1-admin]","
    Негатив: невалидный page_size → 400/422
    "
"passed","Sat Apr 11 01:25:20 UTC 2026","Sat Apr 11 01:25:22 UTC 2026","1206","tests.admin_panel.categories","test_57_v2_update_category","","","","test_v2_update_category_invalid_payload[payload3-400]","Негативный тест: обновление категории с невалидным или неполным телом запроса."
"passed","Sat Apr 11 01:44:21 UTC 2026","Sat Apr 11 01:44:22 UTC 2026","598","tests.admin_panel","test_accrue_auto_bonus","","","","test_accrue_auto_bonus_forbidden[partner]",""
"passed","Sat Apr 11 01:35:15 UTC 2026","Sat Apr 11 01:35:16 UTC 2026","851","tests.reviews","test_reviews_list_post","","","","test_reviews_list_invalid_period_filter_returns_client_error[-1/10]",""
"passed","Sat Apr 11 01:22:48 UTC 2026","Sat Apr 11 01:22:49 UTC 2026","1290","tests.admin_panel.products","test_42_update_product_brand","","","","test_update_product_brand_invalid_payload[payload4-expected_code4]","Негативный тест: обновление бренда с невалидным или неполным телом запроса."
"skipped","Sat Apr 11 00:56:27 UTC 2026","Sat Apr 11 00:56:27 UTC 2026","0","tests.tickets","test_01_get_tickets","","","","test_get_tickets_success[filter2-sort0-search1-pagination0-partner]","Позитивный тест: получение списка тикетов с разными комбинациями параметров"
"passed","Sat Apr 11 01:42:04 UTC 2026","Sat Apr 11 01:42:04 UTC 2026","784","tests.admin_panel","test_03_support_delete_user","","","","test_invalid_id_returns_client_error[abc]","
    Кривой/отсутствующий id в path:
    ожидаем клиентскую ошибку (400/404/405), а не 5xx.
    "
"passed","Sat Apr 11 01:25:02 UTC 2026","Sat Apr 11 01:25:04 UTC 2026","1648","tests.admin_panel.categories","test_57_v2_update_category","","","","test_v2_update_category_slug_should_fail_if_not_unique","Негативный тест: попытка обновить slug категории на уже существующий."
"passed","Sat Apr 11 01:31:44 UTC 2026","Sat Apr 11 01:31:45 UTC 2026","608","tests.cart","test_delivery_address_save_apply","","","","test_save_address_anonymous_forbidden",""
"passed","Sat Apr 11 00:54:53 UTC 2026","Sat Apr 11 00:54:56 UTC 2026","2183","tests.tickets","test_04_create_ticket","","","","test_create_ticket_success[admin-attachments1-QuestionsAboutProducts]","Позитивный тест: создание тикета с разными темами и вложениями для клиента, партнера и админа"
"passed","Sat Apr 11 01:27:34 UTC 2026","Sat Apr 11 01:27:35 UTC 2026","845","tests.admin_panel","test_04_generate_support_token","","","","test_invalid_ttl_returns_400[0]",""
"passed","Sat Apr 11 01:05:19 UTC 2026","Sat Apr 11 01:05:20 UTC 2026","1053","tests.catalog","test_create_admin_product","","","","test_create_product_invalid_payload[payload5-422]",""
"skipped","Sat Apr 11 01:40:44 UTC 2026","Sat Apr 11 01:40:44 UTC 2026","0","tests.chat_support","test_01_support_chat_messages_post","","","","test_create_message_without_tag_type_success_partner_client[client]","
    Позитив: tag_type не обязателен
    "
"passed","Sat Apr 11 01:50:45 UTC 2026","Sat Apr 11 01:50:45 UTC 2026","578","tests.stock","test_get_stock_by_id","","","","test_get_stock_by_invalid_id[-1-admin]","Невалидные значения ID склада"
"skipped","Sat Apr 11 02:00:58 UTC 2026","Sat Apr 11 02:00:59 UTC 2026","578","tests.cart","test_cart_international_stock","","","","test_international_auto_stock_fallback_to_novosibirsk","
    Международка:
    товара нет в Москве
    товар есть в Новосибирске
    → выбирается Новосибирск
    "
"skipped","Sat Apr 11 00:50:09 UTC 2026","Sat Apr 11 00:50:10 UTC 2026","917","tests.one_c","test_cart_calculate_full_coverage","","","","test_email_validation[billing_customer-test@mail]",""
"passed","Sat Apr 11 01:26:18 UTC 2026","Sat Apr 11 01:26:18 UTC 2026","643","tests.orders","test_create_order_by_delivery_address","","","","test_create_order_invalid_data[invalid_payload0-expected_status0-client]",""
"passed","Sat Apr 11 00:48:55 UTC 2026","Sat Apr 11 00:48:56 UTC 2026","896","tests.one_c","test_cart_calculate_full_coverage","","","","test_products_various_qty[100]",""
"passed","Sat Apr 11 00:50:43 UTC 2026","Sat Apr 11 00:50:44 UTC 2026","1231","tests.tickets","test_04_create_ticket","","","","test_create_ticket_success[client-attachments0-QuestionsAboutTheWorkOfTheStructureAndMentors]","Позитивный тест: создание тикета с разными темами и вложениями для клиента, партнера и админа"
"passed","Sat Apr 11 00:56:28 UTC 2026","Sat Apr 11 00:56:29 UTC 2026","580","tests.tickets","test_01_get_tickets","","","","test_get_tickets_invalid_pagination[invalid_pagination0-partner]","Негативный тест: передаем некорректные значения в pagination"
"passed","Sat Apr 11 01:25:16 UTC 2026","Sat Apr 11 01:25:17 UTC 2026","1323","tests.admin_panel.categories","test_57_v2_update_category","","","","test_v2_update_category_invalid_payload[payload1-expected_code1]","Негативный тест: обновление категории с невалидным или неполным телом запроса."
"passed","Sat Apr 11 00:48:50 UTC 2026","Sat Apr 11 00:48:51 UTC 2026","989","tests.one_c","test_cart_calculate_full_coverage","","","","test_products_various_qty[2]",""
"passed","Sat Apr 11 00:49:40 UTC 2026","Sat Apr 11 00:49:41 UTC 2026","887","tests.one_c","test_cart_calculate_full_coverage","","","","test_payment_missing_fields[discount_total]",""
"skipped","Sat Apr 11 01:35:30 UTC 2026","Sat Apr 11 01:35:30 UTC 2026","0","tests.account","test_get_languages","","","","test_get_languages_forbidden[admin]","Негативный тест: получение списка языков админом."
"passed","Sat Apr 11 01:48:19 UTC 2026","Sat Apr 11 01:48:20 UTC 2026","808","tests.admin_panel.categories","test_81_delete_category_translation","","","","test_delete_category_translation_invalid_id[0]","Негативный тест: удаление перевода с невалидным ID категории."
"passed","Sat Apr 11 01:49:22 UTC 2026","Sat Apr 11 01:49:24 UTC 2026","2182","tests.admin_panel.slides","test_60_delete_slides","","","","test_delete_slide_forbidden[client]","Негативный тест: попытка удаления слайда не-админом"
"skipped","Sat Apr 11 01:53:16 UTC 2026","Sat Apr 11 01:53:17 UTC 2026","851","tests.delivery","test_get_kazpost_offices","","","","test_get_kazpost_offices_unauthorized","Негатив: запрос без авторизации."
"failed","Sat Apr 11 01:58:24 UTC 2026","Sat Apr 11 01:58:24 UTC 2026","598","tests.admin_panel.periods","test_get_periods_current","","","","test_get_periods_current__200_strict[admin]",""
"passed","Sat Apr 11 01:35:39 UTC 2026","Sat Apr 11 01:35:41 UTC 2026","2066","tests.admin_panel","test_01_support_create_user","","","","test_duplicate_login_returns_4xx","
    Негатив: создаём двух пользователей с ОДИНАКОВЫМ login саппорта
    "
"skipped","Sat Apr 11 01:56:12 UTC 2026","Sat Apr 11 01:56:12 UTC 2026","0","tests.admin_panel.periods","test_post_periods_by_date","","","","test_post_periods_by_date__200_strict[admin]",""
"passed","Sat Apr 11 01:44:12 UTC 2026","Sat Apr 11 01:44:13 UTC 2026","973","tests.account","test_post_downgrade_user","","","","test_downgrade_user_changes_grade_to_client[admin]","
    Позитив: создаём наставника → активируем LO → /admin/downgrade_user → grade = GradeClient.
    "
"passed","Sat Apr 11 01:01:05 UTC 2026","Sat Apr 11 01:01:09 UTC 2026","3901","tests.cart","test_12_cart_estimate_delivery","","","","test_estimate_delivery_success[client-cdek_courier-payload10]","
    Позитив: корзина с товаром, выбор способа доставки и расчёт стоимости для разных служб
    "
"skipped","Sat Apr 11 01:42:25 UTC 2026","Sat Apr 11 01:42:25 UTC 2026","0","tests.admin_panel","test_accrue_gold_pro_gift","","","","test_accrue_gold_pro_gift_for_partner",""
"passed","Sat Apr 11 01:18:28 UTC 2026","Sat Apr 11 01:18:29 UTC 2026","612","tests.delivery","test_self_pickup_offices","","","","test_self_pickup_offices_invalid_params[client-params2]","
    Негатив: невалидные параметры  = 400
    "
"passed","Sat Apr 11 01:18:26 UTC 2026","Sat Apr 11 01:18:27 UTC 2026","616","tests.delivery","test_self_pickup_offices","","","","test_self_pickup_offices_unknown_city_returns_empty_list[admin]","
    Позитив: неизвестный city_id -> 200 и пустой список
    "
"skipped","Sat Apr 11 00:56:42 UTC 2026","Sat Apr 11 00:56:42 UTC 2026","0","tests.stock","test_create_stock","","","","test_create_stock_with_empty_string_log_if_not_200[address.description]",""
"skipped","Sat Apr 11 01:52:48 UTC 2026","Sat Apr 11 01:52:49 UTC 2026","644","tests.delivery","test_get_cargo_offices","","","","test_get_cargo_offices_invalid_city_id_should_fail[0-admin]",""
"failed","Sat Apr 11 01:05:41 UTC 2026","Sat Apr 11 01:05:42 UTC 2026","945","tests.cart","test_update_location","","","","test_update_location_international_delivery_keeps_city_kz",""
"passed","Sat Apr 11 01:46:08 UTC 2026","Sat Apr 11 01:46:09 UTC 2026","615","tests.cart","test_08_cart_delete","","","","test_delete_cart_item_unauthorized","Негатив: удаление без авторизации/корзины"
"skipped","Sat Apr 11 01:39:23 UTC 2026","Sat Apr 11 01:39:23 UTC 2026","0","tests.admin_panel.products","test_01_create_product_group","","","","test_create_product_group_success","Позитивный тест: успешное создание продукт группы (все поля)."
"passed","Sat Apr 11 01:30:55 UTC 2026","Sat Apr 11 01:30:56 UTC 2026","1202","tests.cart","test_23_cart_calculate_delivery_flag","","","","test_update_multi_invalid_items_payload[client]",""
"passed","Sat Apr 11 00:57:24 UTC 2026","Sat Apr 11 00:57:24 UTC 2026","576","tests.delivery","test_get_cities","","","","test_get_cities_invalid_page_should_fail[-admin]","
    Негатив: невалидный page → 400/422
    "
"passed","Sat Apr 11 00:57:20 UTC 2026","Sat Apr 11 00:57:21 UTC 2026","573","tests.delivery","test_get_cities","","","","test_get_cities_search_by_city_name_success[partner]","
    Позитив: поиск по части названия
    "
"passed","Sat Apr 11 01:42:43 UTC 2026","Sat Apr 11 01:42:43 UTC 2026","580","tests.admin_panel.categories","test_79_get_category_translation","","","","test_get_category_translation_unauthorized",""
"failed","Sat Apr 11 01:58:47 UTC 2026","Sat Apr 11 01:58:48 UTC 2026","583","tests.delivery","test_03_delete_delivery_address","","","","test_delete_address_positive_and_not_in_history[partner]",""
"skipped","Sat Apr 11 01:54:00 UTC 2026","Sat Apr 11 01:54:00 UTC 2026","0","tests.account","test_family_agreement_update_status","","","","test_update_family_agreement_status_positive[client-payload1]","Позитивные тесты на изменение статуса семейного соглашения"
"passed","Sat Apr 11 01:59:56 UTC 2026","Sat Apr 11 01:59:57 UTC 2026","579","tests.cart","test_18_cart_available_countries","","","","test_cart_available_countries_success[partner]","Позитив: получение списка доступных стран"
"passed","Sat Apr 11 01:17:57 UTC 2026","Sat Apr 11 01:18:05 UTC 2026","7764","tests.catalog","test_create_admin_product_translation","","","","test_create_admin_product_translation_forbidden[partner]","Проверка запрета на создание перевода продукта не-админом."
"passed","Sat Apr 11 01:24:01 UTC 2026","Sat Apr 11 01:24:01 UTC 2026","662","tests.statistic","test_team_registrations","","","","test_get_team_registration_statistic_positive[payload2-client]","Позитивный тест: получение статистики по регистрации команды с валидным телом запроса"
"passed","Sat Apr 11 01:28:51 UTC 2026","Sat Apr 11 01:28:52 UTC 2026","859","tests.admin_panel.users","test_post_admin_users_exclusive_preorder_permissions","","","","test_post_exclusive_preorder_permissions_requires_admin[client]","
    клиент/партнёр не могут управлять exclusive preorder permissions → 403
    "
"skipped","Sat Apr 11 00:56:27 UTC 2026","Sat Apr 11 00:56:27 UTC 2026","0","tests.tickets","test_01_get_tickets","","","","test_get_tickets_success[filter0-sort1-search0-pagination0-partner]","Позитивный тест: получение списка тикетов с разными комбинациями параметров"
"passed","Sat Apr 11 00:57:10 UTC 2026","Sat Apr 11 00:57:11 UTC 2026","583","tests.delivery","test_01_save_delivery_address","","","","test_save_address_invalid_types_should_fail[email-123-client]",""
"passed","Sat Apr 11 00:51:36 UTC 2026","Sat Apr 11 00:51:38 UTC 2026","2125","tests.tickets","test_04_create_ticket","","","","test_create_ticket_success[client-attachments1-ReceivingDefectiveProducts]","Позитивный тест: создание тикета с разными темами и вложениями для клиента, партнера и админа"
"passed","Sat Apr 11 01:22:35 UTC 2026","Sat Apr 11 01:22:36 UTC 2026","798","tests.admin_panel.products","test_42_update_product_brand","","","","test_update_product_brand_invalid_id[-1]","Негативный тест: несуществующий или некорректный ID."
"skipped","Sat Apr 11 01:57:11 UTC 2026","Sat Apr 11 01:57:11 UTC 2026","573","tests.cart","test_15_cart_update_country","","","","test_update_country_invalid_payload[client-payload0]","Негатив: невалидный payload"
"passed","Sat Apr 11 01:39:49 UTC 2026","Sat Apr 11 01:39:49 UTC 2026","828","tests.admin_panel.promo","test_73_get_promotion_by_id","","","","test_get_promotion_invalid_id[]","Негативный тест: получение акции по невалидному ID"
"skipped","Sat Apr 11 00:56:24 UTC 2026","Sat Apr 11 00:56:24 UTC 2026","0","tests.tickets","test_04_create_ticket","","","","test_create_ticket_invalid_message[partner-]","Негативный тест: создание тикета без сообщения"
"passed","Sat Apr 11 01:46:04 UTC 2026","Sat Apr 11 01:46:05 UTC 2026","859","tests.cart","test_08_cart_delete","","","","test_delete_cart_item_invalid_payload[client-payload2]","Негатив: невалидный payload при удалении позиции"
"passed","Sat Apr 11 01:00:23 UTC 2026","Sat Apr 11 01:00:24 UTC 2026","614","tests.cart","test_02_get_delivery_cost","","","","test_get_delivery_cost_invalid_payload[partner-payload6]","Негатив: некорректные входные данные"
"failed","Sat Apr 11 01:59:33 UTC 2026","Sat Apr 11 01:59:33 UTC 2026","608","tests.account","test_0_family_agreement_get","","","","test_get_family_agreement_positive[payload0-client]","Позитивные тесты на получение данных о семейном соглашении"
"skipped","Sat Apr 11 01:32:32 UTC 2026","Sat Apr 11 01:32:32 UTC 2026","579","tests.orders","test_group_order_change_country","","","","test_change_country_invalid_data[invalid_payload0-admin]","Негативные тесты: передача некорректных данных"
"skipped","Sat Apr 11 02:00:56 UTC 2026","Sat Apr 11 02:00:56 UTC 2026","0","tests.account","test_pass_recovery","","","","test_pass_recovery_positive[payload0]","Позитивные тесты на восстановление пароля"
"passed","Sat Apr 11 01:20:16 UTC 2026","Sat Apr 11 01:20:17 UTC 2026","644","tests.admin_panel.products","test_44_upload_product_brand_images","","","","test_upload_product_brand_images_unauthorized","Негативный тест: загрузка изображений без авторизации."
"skipped","Sat Apr 11 01:53:08 UTC 2026","Sat Apr 11 01:53:08 UTC 2026","600","tests.delivery","test_get_haypost_offices","","","","test_get_haypost_offices_success[186343-admin]","Позитив: успешное получение списка офисов по city_id."
"passed","Sat Apr 11 01:30:33 UTC 2026","Sat Apr 11 01:30:35 UTC 2026","2612","tests.cart","test_23_cart_calculate_delivery_flag","","","","test_delete_cart_item_with_calculate_delivery_false[client]","
    Позитив: /cart/delete с calculate_delivery=false
    Позиция удаляется, advance_costs не считаются
    "
"passed","Sat Apr 11 00:48:53 UTC 2026","Sat Apr 11 00:48:54 UTC 2026","877","tests.one_c","test_cart_calculate_full_coverage","","","","test_products_various_qty[20]",""
"passed","Sat Apr 11 01:38:28 UTC 2026","Sat Apr 11 01:38:30 UTC 2026","1680","tests.tickets","test_06_close_ticket","","","","test_close_ticket_success[client]","Позитивный тест: закрытие тикета для клиента, партнера и админа."
"skipped","Sat Apr 11 01:51:08 UTC 2026","Sat Apr 11 01:51:08 UTC 2026","0","tests.admin_panel.products","test_01_delete_product_group","","","","test_delete_product_group_forbidden[partner]","Негативный тест: попытка удаления продукт группы не-админом."
"passed","Sat Apr 11 01:49:55 UTC 2026","Sat Apr 11 01:50:02 UTC 2026","7839","tests.catalog","test_delete_admin_product_translation","","","","test_delete_admin_product_translation_forbidden[partner]","Удаление перевода не-админом — должно вернуть 403."
"failed","Sat Apr 11 01:52:46 UTC 2026","Sat Apr 11 01:52:46 UTC 2026","595","tests.delivery","test_get_cargo_offices","","","","test_get_cargo_offices_success[1-partner]",""
"skipped","Sat Apr 11 00:56:27 UTC 2026","Sat Apr 11 00:56:27 UTC 2026","0","tests.tickets","test_01_get_tickets","","","","test_get_tickets_success[filter1-sort1-search0-pagination0-admin]","Позитивный тест: получение списка тикетов с разными комбинациями параметров"
"passed","Sat Apr 11 01:49:04 UTC 2026","Sat Apr 11 01:49:05 UTC 2026","872","tests.admin_panel.promo","test_75_delete_promotion_by_id","","","","test_delete_promotion_invalid_id[0]","Негативный тест: удаление несуществующей или некорректной акции."
"skipped","Sat Apr 11 01:23:55 UTC 2026","Sat Apr 11 01:23:56 UTC 2026","612","tests.statistic","test_team_go","","","","test_get_team_go_statistic_negative[payload1-client]","Негативный тест: ошибка при получении статистики по команде с невалидным телом запроса"
"passed","Sat Apr 11 00:53:38 UTC 2026","Sat Apr 11 00:53:40 UTC 2026","2075","tests.tickets","test_04_create_ticket","","","","test_create_ticket_success[partner-attachments2-QuestionsAboutOrders]","Позитивный тест: создание тикета с разными темами и вложениями для клиента, партнера и админа"
"passed","Sat Apr 11 01:16:01 UTC 2026","Sat Apr 11 01:16:02 UTC 2026","1297","tests.admin_panel.slides","test_57_create_slide","","","","test_create_slide_title_color_validation[#GGGGGG-400]","Валидация поля title_color при создании слайда"
"passed","Sat Apr 11 01:48:00 UTC 2026","Sat Apr 11 01:48:02 UTC 2026","1670","tests.admin_panel.categories","test_49_delete_category","","","","test_delete_category_forbidden[client]","Негативный тест: попытка удаления категории не-админом."
"passed","Sat Apr 11 01:26:21 UTC 2026","Sat Apr 11 01:26:21 UTC 2026","628","tests.orders","test_create_order_by_delivery_address","","","","test_create_order_invalid_data[invalid_payload1-expected_status1-admin]",""
"passed","Sat Apr 11 01:23:23 UTC 2026","Sat Apr 11 01:23:24 UTC 2026","845","tests.admin_panel.sliders","test_52_create_slider","","","","test_create_slider_invalid_payload[payload3-expected_code3]","Негативный тест: попытка создать слайдер с невалидным payload."
"passed","Sat Apr 11 00:52:00 UTC 2026","Sat Apr 11 00:52:02 UTC 2026","2032","tests.tickets","test_04_create_ticket","","","","test_create_ticket_success[client-attachments2-QuestionsAboutTheMarriageContract]","Позитивный тест: создание тикета с разными темами и вложениями для клиента, партнера и админа"
"passed","Sat Apr 11 01:18:51 UTC 2026","Sat Apr 11 01:18:53 UTC 2026","1983","tests.admin_panel.categories","test_80_create_category_translation","","","","test_create_category_translation_success[uz]","Позитивный тест: создание/обновление перевода категории для разных языков."
"skipped","Sat Apr 11 01:51:08 UTC 2026","Sat Apr 11 01:51:08 UTC 2026","0","tests.admin_panel.products","test_01_delete_product_group","","","","test_delete_product_group_invalid_id[-1]","Негативный тест: удаление несуществующей или некорректной продукт группы."
"passed","Sat Apr 11 01:06:56 UTC 2026","Sat Apr 11 01:06:56 UTC 2026","187","tests.one_c","test_free_delivery_to_regions_and_cities","","","","test_1c_free_delivery_bad_request_for_invalid_regions_type",""
"skipped","Sat Apr 11 01:32:36 UTC 2026","Sat Apr 11 01:32:36 UTC 2026","1","tests.orders","test_group_order_change_country","","","","test_change_country_not_found_or_forbidden[authorize_partner-100-403]","Негативные тесты: изменение несуществующего заказа или без прав"
"skipped","Sat Apr 11 01:40:30 UTC 2026","Sat Apr 11 01:40:30 UTC 2026","601","tests.cart","test_14_cart_update_personal_data","","","","test_update_personal_data_invalid_payload[client-payload2]","
    Негатив: отсутствующие обязательные поля или невалидные значения
    "
"passed","Sat Apr 11 01:08:25 UTC 2026","Sat Apr 11 01:08:26 UTC 2026","1180","tests.admin_panel.sliders","test_54_update_slider","","","","test_update_slider_invalid_payload[payload1-expected_code1]","Негативный тест: обновление слайдера с невалидным или неполным телом запроса."
"passed","Sat Apr 11 01:29:23 UTC 2026","Sat Apr 11 01:29:24 UTC 2026","613","tests.cart","test_10_cart_save_city","","","","test_save_city_invalid_payload[partner-payload3]","Негатив: невалидный payload."
"passed","Sat Apr 11 01:46:07 UTC 2026","Sat Apr 11 01:46:08 UTC 2026","901","tests.cart","test_08_cart_delete","","","","test_delete_cart_item_invalid_payload[partner-payload2]","Негатив: невалидный payload при удалении позиции"
"passed","Sat Apr 11 01:30:09 UTC 2026","Sat Apr 11 01:30:09 UTC 2026","599","tests.account","test_get_account_exists","","","","test_get_account_exists_positive[params0-client]","Нкгатив: невлидны id"
"skipped","Sat Apr 11 01:54:00 UTC 2026","Sat Apr 11 01:54:00 UTC 2026","0","tests.account","test_list_csv","","","","test_get_account_list_csv_positive[client-payload0]","Позитивные тесты на выгрузку структуры партнеров в CSV"
"passed","Sat Apr 11 00:49:30 UTC 2026","Sat Apr 11 00:49:30 UTC 2026","624","tests.one_c","test_cart_calculate_full_coverage","","","","test_payment_invalid_types[bonus_info-invalid]",""
"skipped","Sat Apr 11 00:56:42 UTC 2026","Sat Apr 11 00:56:42 UTC 2026","0","tests.stock","test_create_stock","","","","test_create_stock_with_empty_string_log_if_not_200[delivery_restrictions]",""
"skipped","Sat Apr 11 00:48:36 UTC 2026","Sat Apr 11 00:48:37 UTC 2026","945","tests.one_c","test_cart_calculate_full_coverage","","","","test_products_negative_numbers[price--100]",""
"passed","Sat Apr 11 01:19:15 UTC 2026","Sat Apr 11 01:19:15 UTC 2026","810","tests.admin_panel.categories","test_80_create_category_translation","","","","test_create_category_translation_invalid_payload[payload6-422]","Негативный тест: создание перевода с невалидным payload."
"skipped","Sat Apr 11 00:49:12 UTC 2026","Sat Apr 11 00:49:13 UTC 2026","937","tests.one_c","test_cart_calculate_full_coverage","","","","test_packaging_invalid_types[volume-None]",""
"passed","Sat Apr 11 00:49:50 UTC 2026","Sat Apr 11 00:49:51 UTC 2026","591","tests.one_c","test_cart_calculate_full_coverage","","","","test_bonus_info_invalid_types[account_text-123]",""
"skipped","Sat Apr 11 01:47:55 UTC 2026","Sat Apr 11 01:47:56 UTC 2026","630","tests.PROJECT_FUND.initiatives","test_get_reports","","","","test_get_reports_invalid_query_params[query2-https://dev.ewahelps.com/api]","Негативный тест: запрос с некорректными query-параметрами"
"failed","Sat Apr 11 01:59:10 UTC 2026","Sat Apr 11 01:59:12 UTC 2026","1151","tests.orders","test_group_order_v2_hint_stock","","","","test_group_order_v2_hint_stock_disabled_or_not_supported_is_rejected[partner]","
    - hint может быть отклонён по:
      - not_enabled
      - restrictions
      - no_inventory
    "
"skipped","Sat Apr 11 01:41:51 UTC 2026","Sat Apr 11 01:41:51 UTC 2026","0","tests.PROJECT_EDUCATION.test_system","test_08_get_course_with_tests","","","","test_get_course_with_tests__200__schema","Позитив: GET /v1/test-system/course/{id} -> 200, контракт ответа."
"passed","Sat Apr 11 00:57:21 UTC 2026","Sat Apr 11 00:57:21 UTC 2026","620","tests.delivery","test_get_cities","","","","test_get_cities_search_by_city_name_success[admin]","
    Позитив: поиск по части названия
    "
"passed","Sat Apr 11 01:32:10 UTC 2026","Sat Apr 11 01:32:11 UTC 2026","610","tests.delivery","test_get_dpd_offices","","","","test_get_dpd_offices_invalid_city_id_should_fail[True-admin]",""
"passed","Sat Apr 11 01:37:58 UTC 2026","Sat Apr 11 01:37:59 UTC 2026","834","tests.reviews","test_reviews_delete_post","","","","test_reviews_delete_nonexistent_review",""
"passed","Sat Apr 11 01:23:17 UTC 2026","Sat Apr 11 01:23:18 UTC 2026","986","tests.admin_panel.sliders","test_52_create_slider","","","","test_create_slider_success","Позитивный тест: успешное создание слайдера (все поля)."
"passed","Sat Apr 11 00:53:00 UTC 2026","Sat Apr 11 00:53:02 UTC 2026","2266","tests.tickets","test_04_create_ticket","","","","test_create_ticket_success[partner-attachments1-QuestionsAboutInternationalDelivery]","Позитивный тест: создание тикета с разными темами и вложениями для клиента, партнера и админа"
"passed","Sat Apr 11 00:57:22 UTC 2026","Sat Apr 11 00:57:23 UTC 2026","580","tests.delivery","test_get_cities","","","","test_get_cities_missing_required_params_should_fail[params2-client]","
    Негатив: отсутствие обязательных page/page_size/country_id
    "
"passed","Sat Apr 11 01:22:02 UTC 2026","Sat Apr 11 01:22:03 UTC 2026","643","tests.delivery","test_get_delivery_countries","","","","test_get_delivery_countries_success[available-admin]","Позитив: успешное получение списка стран с разными значениями ?from=."
"passed","Sat Apr 11 01:18:32 UTC 2026","Sat Apr 11 01:18:32 UTC 2026","596","tests.delivery","test_self_pickup_offices","","","","test_self_pickup_offices_invalid_params[admin-params0]","
    Негатив: невалидные параметры  = 400
    "
"passed","Sat Apr 11 01:51:19 UTC 2026","Sat Apr 11 01:51:23 UTC 2026","3747","tests.admin_panel.products","test_02_recommended_products_add","","","","test_add_same_product_as_recommended","Попытка добавить товар в рекомендации к самому себе"
"skipped","Sat Apr 11 02:00:56 UTC 2026","Sat Apr 11 02:00:56 UTC 2026","0","tests.PROJECT_EDUCATION.orders","test_get_orders","","","","test_get_orders__unauthorized__401_403",""
"passed","Sat Apr 11 01:58:36 UTC 2026","Sat Apr 11 01:58:37 UTC 2026","587","tests.catalog","test_get_currencies","","","","test_get_currencies_success[admin]","
    Позитивный тест: успешное получение списка валют
    "
"passed","Sat Apr 11 01:57:05 UTC 2026","Sat Apr 11 01:57:05 UTC 2026","595","tests.auth","test_03_token_auth","","","","test_auth_without_token","Тест авторизации без передачи токена"
"passed","Sat Apr 11 00:48:24 UTC 2026","Sat Apr 11 00:48:24 UTC 2026","627","tests.one_c","test_cart_calculate_full_coverage","","","","test_invalid_top_types[shipping_customer-string]",""
"passed","Sat Apr 11 01:30:29 UTC 2026","Sat Apr 11 01:30:33 UTC 2026","4064","tests.cart","test_23_cart_calculate_delivery_flag","","","","test_update_cart_multi_with_calculate_delivery_false[partner]","
    Позитив: /cart/update_multi с calculate_delivery=false
    Корзина обновляется пакетом, advance_costs не считаются
    "
"skipped","Sat Apr 11 01:44:12 UTC 2026","Sat Apr 11 01:44:12 UTC 2026","0","tests.PROJECT_EDUCATION.test_system","test_04_finish_test","","","","test_finish_test_invalid_id__400_or_404[0]",""
"passed","Sat Apr 11 00:56:12 UTC 2026","Sat Apr 11 00:56:13 UTC 2026","1223","tests.tickets","test_04_create_ticket","","","","test_create_ticket_invalid_request_type[partner-None-200]","Негативный тест: попытка создания тикета с неверным типом request_type"
"skipped","Sat Apr 11 01:54:00 UTC 2026","Sat Apr 11 01:54:00 UTC 2026","0","tests.account","test_history_admin","","","","test_get_admin_history_positive[admin-payload1]","Позитивные тесты на получение истории бонусов для админа"
"skipped","Sat Apr 11 02:00:07 UTC 2026","Sat Apr 11 02:00:07 UTC 2026","0","tests.for_test","test_cleanup_expired_tokens","","","","test_cleanup_expired_tokens_success_removes_only_expired[client-1-admin]","
    Позитив:
      - вставляем 2 токена для user_id из settings (client/partner):
          * expired (expires_at < now)
          * valid   (expires_at > now)
      - вызываем POST /test/cleanup-expired-tokens
      - проверяем: expired удалён, valid остался
    "
"passed","Sat Apr 11 01:56:00 UTC 2026","Sat Apr 11 01:56:01 UTC 2026","592","tests.delivery","test_get_five_post_offices","","","","test_get_five_post_offices_unauthorized","Негатив: запрос без авторизации."
"passed","Sat Apr 11 01:52:10 UTC 2026","Sat Apr 11 01:52:15 UTC 2026","4763","tests.admin_panel.users","test_delete_admin_users_exclusive_preorder_permissions","","","","test_delete_exclusive_preorder_permissions_success","
    Позитив:
    - создаём permission
    - удаляем
    - проверяем, что запись пропала из GET
    "
"skipped","Sat Apr 11 02:00:56 UTC 2026","Sat Apr 11 02:00:56 UTC 2026","0","tests.account","test_pass_recovery","","","","test_pass_recovery_positive[payload1]","Позитивные тесты на восстановление пароля"
"passed","Sat Apr 11 01:00:14 UTC 2026","Sat Apr 11 01:00:14 UTC 2026","628","tests.cart","test_02_get_delivery_cost","","","","test_get_delivery_cost_success_partial_payload[partner-payload6-400]",""
"passed","Sat Apr 11 01:07:35 UTC 2026","Sat Apr 11 01:07:36 UTC 2026","835","tests.admin_panel.promo","test_74_update_promotion","","","","test_update_promotion_invalid_id[-1]","Негативный тест: несуществующий или некорректный ID"
"passed","Sat Apr 11 01:08:40 UTC 2026","Sat Apr 11 01:08:41 UTC 2026","1266","tests.admin_panel.sliders","test_54_update_slider","","","","test_update_slider_invalid_payload[payload8-422]","Негативный тест: обновление слайдера с невалидным или неполным телом запроса."
"passed","Sat Apr 11 01:27:40 UTC 2026","Sat Apr 11 01:27:41 UTC 2026","844","tests.admin_panel","test_04_generate_support_token","","","","test_invalid_user_id_for_token_returns_client_error[]",""
"passed","Sat Apr 11 00:55:59 UTC 2026","Sat Apr 11 00:56:01 UTC 2026","2002","tests.tickets","test_04_create_ticket","","","","test_create_ticket_success[admin-attachments2-ReceivingProductsShortage]","Позитивный тест: создание тикета с разными темами и вложениями для клиента, партнера и админа"
"passed","Sat Apr 11 01:27:53 UTC 2026","Sat Apr 11 01:27:57 UTC 2026","3538","tests.admin_panel.items","test_update_item","","","","test_update_item_article_should_fail_if_not_unique","Негативный тест: попытка обновить article на уже существующий."
"passed","Sat Apr 11 00:49:15 UTC 2026","Sat Apr 11 00:49:16 UTC 2026","918","tests.one_c","test_cart_calculate_full_coverage","","","","test_packaging_missing_fields[price]",""
"skipped","Sat Apr 11 00:56:27 UTC 2026","Sat Apr 11 00:56:27 UTC 2026","0","tests.tickets","test_01_get_tickets","","","","test_get_tickets_success[filter1-sort1-search1-pagination1-partner]","Позитивный тест: получение списка тикетов с разными комбинациями параметров"
"passed","Sat Apr 11 00:56:49 UTC 2026","Sat Apr 11 00:56:50 UTC 2026","1112","tests.delivery","test_01_save_delivery_address","","","","test_save_address_positive_contract_and_cleanup[payload3-partner]",""
"passed","Sat Apr 11 01:39:37 UTC 2026","Sat Apr 11 01:39:37 UTC 2026","855","tests.admin_panel.products","test_41_get_product_brand_by_id","","","","test_get_product_brand_not_found","Негативный тест: бренд не найден"
"skipped","Sat Apr 11 01:54:10 UTC 2026","Sat Apr 11 01:54:10 UTC 2026","0","tests.account","test_update_default_stock","","","","test_update_default_stock_positive[client-payload1]","Позитивные тесты на изменение дефолтного склада"
"skipped","Sat Apr 11 00:56:42 UTC 2026","Sat Apr 11 00:56:42 UTC 2026","0","tests.stock","test_create_stock","","","","test_create_stock_with_empty_string_log_if_not_200[id]",""
"passed","Sat Apr 11 01:52:53 UTC 2026","Sat Apr 11 01:52:54 UTC 2026","615","tests.delivery","test_get_europost_offices","","","","test_get_europost_offices_success[1573-client]",""
"passed","Sat Apr 11 01:46:42 UTC 2026","Sat Apr 11 01:46:43 UTC 2026","1197","tests.orders","test_group_order_join_roles_and_rejections","","","","test_group_order_join_invalid_group_order_id_rejected[authorize_partner]","
    Негатив: неверный тип group_order_id
    "
"passed","Sat Apr 11 01:53:56 UTC 2026","Sat Apr 11 01:53:56 UTC 2026","586","tests.account","test_0_profile","","","","test_get_profile_positive[client]","Позитивные тесты на получение данных пользовательского аккаунта"
"failed","Sat Apr 11 02:02:02 UTC 2026","Sat Apr 11 02:02:03 UTC 2026","584","tests.cart","test_cart_full_data_advances_cost_old_price","","","","test_cart_full_data_advance_costs_old_price[client]","
    - наличие old_price у товаров
    - НЕ влияет на advance_costs
    - advance_costs:
        - может отсутствовать
        - может быть []
        - может быть list с price >= 0
    "
"skipped","Sat Apr 11 00:56:27 UTC 2026","Sat Apr 11 00:56:27 UTC 2026","0","tests.tickets","test_01_get_tickets","","","","test_get_tickets_success[filter2-sort0-search0-pagination0-partner]","Позитивный тест: получение списка тикетов с разными комбинациями параметров"
"passed","Sat Apr 11 01:01:20 UTC 2026","Sat Apr 11 01:01:24 UTC 2026","3620","tests.cart","test_12_cart_estimate_delivery","","","","test_estimate_delivery_success[client-five_post_pickup-payload14]","
    Позитив: корзина с товаром, выбор способа доставки и расчёт стоимости для разных служб
    "
"passed","Sat Apr 11 00:50:18 UTC 2026","Sat Apr 11 00:50:18 UTC 2026","592","tests.one_c","test_cart_calculate_full_coverage","","","","test_invalid_arrays[secret_keys-value3]",""
"passed","Sat Apr 11 01:32:16 UTC 2026","Sat Apr 11 01:32:16 UTC 2026","577","tests.delivery","test_get_emu_pickup_points","","","","test_get_emu_pickup_points_invalid_city_id_should_fail[-admin]","Негатив: невалидные значения city_id → 400/422."
"passed","Sat Apr 11 01:03:27 UTC 2026","Sat Apr 11 01:03:29 UTC 2026","1254","tests.admin_panel.slides","test_59_update_slide","","","","test_update_slide_invalid_payload[payload6-expected_code6]","
    Негативный тест: обновление слайда с невалидным или неполным телом запроса
    "
"skipped","Sat Apr 11 02:02:01 UTC 2026","Sat Apr 11 02:02:02 UTC 2026","804","tests.admin_panel","test_delete_user","","","","test_delete_user[authorize_partner-authorize_admin]","Удаление клиента/ партнера админом"
"skipped","Sat Apr 11 01:44:12 UTC 2026","Sat Apr 11 01:44:12 UTC 2026","0","tests.PROJECT_EDUCATION.test_system","test_05_get_info","","","","test_get_info__200","Позитив: GET /test-system/test/{id} -> 200 и test.id совпадает"
"skipped","Sat Apr 11 00:56:27 UTC 2026","Sat Apr 11 00:56:27 UTC 2026","0","tests.tickets","test_01_get_tickets","","","","test_get_tickets_success[filter1-sort1-search0-pagination1-admin]","Позитивный тест: получение списка тикетов с разными комбинациями параметров"
"passed","Sat Apr 11 01:47:20 UTC 2026","Sat Apr 11 01:47:21 UTC 2026","762","tests.stock","test_get_group_orders","","","","test_get_group_orders[client]","Запрос всех складов для групповых заказов"
"passed","Sat Apr 11 01:53:51 UTC 2026","Sat Apr 11 01:53:52 UTC 2026","577","tests.register","test_03_register_client","","","","test_register_client_positive[client-403]","Тест: позитивные тесты для регистрации клиента вручную"
"passed","Sat Apr 11 00:48:34 UTC 2026","Sat Apr 11 00:48:35 UTC 2026","643","tests.one_c","test_cart_calculate_full_coverage","","","","test_invalid_top_types[date_created-123]",""
"passed","Sat Apr 11 01:35:46 UTC 2026","Sat Apr 11 01:35:47 UTC 2026","855","tests.admin_panel","test_01_support_create_user","","","","test_partner_cannot_create_support",""
"passed","Sat Apr 11 01:39:04 UTC 2026","Sat Apr 11 01:39:05 UTC 2026","830","tests.admin_panel","test_partner_accrual_details_main_bonus","","","","test_main_bonus_details_invalid_query_params[query2-expected_codes2]","
    Негатив: валидация query-параметров main-bonus
    "
"failed","Sat Apr 11 01:57:16 UTC 2026","Sat Apr 11 01:57:16 UTC 2026","618","tests.cart","test_17_cart_update_user_country","","","","test_update_user_country_success[client]","Позитив: изменение страны пользователя в заказе"
"passed","Sat Apr 11 01:00:21 UTC 2026","Sat Apr 11 01:00:22 UTC 2026","578","tests.cart","test_02_get_delivery_cost","","","","test_get_delivery_cost_invalid_payload[partner-payload3]","Негатив: некорректные входные данные"
"passed","Sat Apr 11 01:47:45 UTC 2026","Sat Apr 11 01:47:46 UTC 2026","1325","tests.PROJECT_FUND.initiatives","test_get_report_by_id","","","","test_get_report_by_valid_id[https://dev.ewahelps.com/api]","Позитивный тест: получение отчета по существующему ID"
"passed","Sat Apr 11 01:32:27 UTC 2026","Sat Apr 11 01:32:28 UTC 2026","613","tests.delivery","test_get_self_pickup_offices","","","","test_get_self_pickup_offices_invalid_city_id_should_fail[1.5-admin]","Негатив: невалидные значения city_id → 400/422."
"passed","Sat Apr 11 01:10:09 UTC 2026","Sat Apr 11 01:10:16 UTC 2026","6187","tests.cart","test_free_delivery_by_rc_and_belts","","","","test_free_delivery_by_belts_contract[\u041d\u043e\u0432\u043e\u0441\u0438\u0431\u0438\u0440\u0441\u043a-client-zone_2-belt_cfg1]","
    КОНТРАКТ:
    - ручка работает
    - advance_costs может быть []
    - free может быть
    - платная доставка допустима
    "
"passed","Sat Apr 11 01:23:14 UTC 2026","Sat Apr 11 01:23:14 UTC 2026","611","tests.admin_panel.promo","test_72_create_promotion","","","","test_create_promotion_forbidden[partner]","Негативный тест: создание акции не-админом запрещено"
"skipped","Sat Apr 11 02:01:53 UTC 2026","Sat Apr 11 02:01:53 UTC 2026","0","tests.sockets","test_schema_contracts","","","","test_messages_schema_contract_basics[partner]",""
"skipped","Sat Apr 11 00:56:27 UTC 2026","Sat Apr 11 00:56:27 UTC 2026","0","tests.tickets","test_01_get_tickets","","","","test_get_tickets_success[filter2-sort1-search1-pagination0-client]","Позитивный тест: получение списка тикетов с разными комбинациями параметров"
"passed","Sat Apr 11 00:56:43 UTC 2026","Sat Apr 11 00:56:44 UTC 2026","1014","tests.delivery","test_01_save_delivery_address","","","","test_save_address_positive_contract_and_cleanup[payload0-partner]",""
"passed","Sat Apr 11 01:40:53 UTC 2026","Sat Apr 11 01:40:54 UTC 2026","853","tests.reviews","test_reviews_update_post","","","","test_reviews_update_unauthorized_for_client_and_partner[authorize_partner]",""
"passed","Sat Apr 11 00:59:42 UTC 2026","Sat Apr 11 00:59:47 UTC 2026","4214","tests.cart","test_01_user_locale","","","","test_update_user_locale_invalid_language_enum[partner-English]",""
"passed","Sat Apr 11 00:51:07 UTC 2026","Sat Apr 11 00:51:09 UTC 2026","2127","tests.tickets","test_04_create_ticket","","","","test_create_ticket_success[client-attachments1-QuestionsAboutOrders]","Позитивный тест: создание тикета с разными темами и вложениями для клиента, партнера и админа"
"skipped","Sat Apr 11 00:56:26 UTC 2026","Sat Apr 11 00:56:26 UTC 2026","0","tests.tickets","test_01_get_tickets","","","","test_get_tickets_success[filter0-sort0-search1-pagination0-partner]","Позитивный тест: получение списка тикетов с разными комбинациями параметров"
"passed","Sat Apr 11 01:17:26 UTC 2026","Sat Apr 11 01:17:34 UTC 2026","8046","tests.catalog","test_create_admin_product_translation","","","","test_create_admin_product_translation_success[mn]","Создание и обновление перевода продукта на разных языках."
"passed","Sat Apr 11 01:27:47 UTC 2026","Sat Apr 11 01:27:50 UTC 2026","3294","tests.admin_panel","test_04_generate_support_token","","","","test_support_can_auth_with_old_and_new_tokens","
    - генерим support-токен №1
    - генерим support-токен №2
    - в tokens стало на 2 записи больше для (role=3, id=user_id)
    - оба токена проходят /auth/by_token.
    "
"passed","Sat Apr 11 01:21:58 UTC 2026","Sat Apr 11 01:21:58 UTC 2026","762","tests.delivery","test_get_delivery_countries","","","","test_get_delivery_countries_success[None-admin]","Позитив: успешное получение списка стран с разными значениями ?from=."
"passed","Sat Apr 11 01:26:44 UTC 2026","Sat Apr 11 01:26:45 UTC 2026","595","tests.account","test_account_branded_wallet_upload","","","","test_upload_invalid_base64_returns_400[client]","Негатив: невалидная base64 → 400"
"skipped","Sat Apr 11 01:54:00 UTC 2026","Sat Apr 11 01:54:00 UTC 2026","0","tests.account","test_token_revoke","","","","test_revoke_token_positive[client-payload1]","Позитивные тесты на удаление токена"
"passed","Sat Apr 11 01:51:23 UTC 2026","Sat Apr 11 01:51:26 UTC 2026","3893","tests.admin_panel.products","test_02_recommended_products_add","","","","test_add_empty_recommendation_list","Попытка добавить пустой список рекомендованных товаров"
"passed","Sat Apr 11 01:46:10 UTC 2026","Sat Apr 11 01:46:10 UTC 2026","903","tests.catalog","test_product_get_by_slug","","","","test_get_product_by_slug_not_found[non-existing-slug-xyz-123]","
    Негативный: товар с указанным slug не найден
    "
"skipped","Sat Apr 11 01:58:35 UTC 2026","Sat Apr 11 01:58:35 UTC 2026","0","tests.catalog","test_exclusive_preorder_products_by_id","","","","test_products_by_id_exclusive_hidden_without_permission[client]","
    Негатив:
      - берём exclusive seed
      - гарантируем permission отсутствует
      - /products/{id} должен либо:
          не содержать слот для stock_id
          или slot.is_visible==False
          или slot.in_stock==0
    "
"passed","Sat Apr 11 01:26:37 UTC 2026","Sat Apr 11 01:26:39 UTC 2026","1853","tests.account","test_account_branded_wallet_upload","","","","test_upload_upsert_current_period[client]","Позитив: повторная загрузка подряд (upsert для текущего периода) — оба запроса успешны"
"passed","Sat Apr 11 01:00:50 UTC 2026","Sat Apr 11 01:00:53 UTC 2026","3711","tests.cart","test_12_cart_estimate_delivery","","","","test_estimate_delivery_success[client-haypost-payload6]","
    Позитив: корзина с товаром, выбор способа доставки и расчёт стоимости для разных служб
    "
"skipped","Sat Apr 11 01:44:19 UTC 2026","Sat Apr 11 01:44:20 UTC 2026","593","tests.account","test_post_downgrade_user","","","","test_downgrade_validation_errors[bad_payload5-admin]","
    Валидация: битый payload → 400/422.
    "
"passed","Sat Apr 11 00:48:51 UTC 2026","Sat Apr 11 00:48:52 UTC 2026","889","tests.one_c","test_cart_calculate_full_coverage","","","","test_products_various_qty[3]",""
"skipped","Sat Apr 11 00:56:27 UTC 2026","Sat Apr 11 00:56:27 UTC 2026","0","tests.tickets","test_01_get_tickets","","","","test_get_tickets_success[filter2-sort0-search0-pagination1-client]","Позитивный тест: получение списка тикетов с разными комбинациями параметров"
"passed","Sat Apr 11 01:45:29 UTC 2026","Sat Apr 11 01:45:31 UTC 2026","1916","tests.admin_panel.promo","test_76_get_promotion_items","","","","test_get_promotion_item_forbidden[client]","Негативный тест: получение элемента акции не-админом запрещено"
"passed","Sat Apr 11 01:12:23 UTC 2026","Sat Apr 11 01:12:24 UTC 2026","578","tests.delivery","test_get_cities_v2","","","","test_get_cities_v2_invalid_country_id_should_fail[bad_country_id6-admin]","
    Негатив: невалидные значения country_id → 400/422
    "
"passed","Sat Apr 11 01:22:22 UTC 2026","Sat Apr 11 01:22:23 UTC 2026","829","tests.admin_panel.products","test_40_create_product_brand","","","","test_create_product_brand_invalid_payload[payload10-expected_codes10]","Негативные кейсы: невалидные поля при создании бренда."
"passed","Sat Apr 11 01:20:02 UTC 2026","Sat Apr 11 01:20:02 UTC 2026","642","tests.admin_panel.items","test_create_item_translation","","","","test_create_item_translation_unauthorized","Негативный тест: создание перевода без авторизации."
"passed","Sat Apr 11 01:10:27 UTC 2026","Sat Apr 11 01:10:33 UTC 2026","6316","tests.cart","test_free_delivery_by_rc_and_belts","","","","test_free_delivery_by_belts_contract[\u0425\u0430\u0431\u0430\u0440\u043e\u0432\u0441\u043a-client-zone_2-belt_cfg1]","
    КОНТРАКТ:
    - ручка работает
    - advance_costs может быть []
    - free может быть
    - платная доставка допустима
    "
"passed","Sat Apr 11 00:49:29 UTC 2026","Sat Apr 11 00:49:30 UTC 2026","576","tests.one_c","test_cart_calculate_full_coverage","","","","test_payment_invalid_types[transaction_id-123]",""
"passed","Sat Apr 11 01:43:50 UTC 2026","Sat Apr 11 01:43:51 UTC 2026","799","tests.catalog","test_get_admin_product_translation","","","","test_get_admin_product_translation_not_found","Запрос перевода для несуществующего product_id — 404."
"passed","Sat Apr 11 01:36:20 UTC 2026","Sat Apr 11 01:36:20 UTC 2026","782","tests.admin_panel.periods","test_get_period_by_id","","","","test_get_period_by_id__200_strict[client]",""
"passed","Sat Apr 11 01:47:13 UTC 2026","Sat Apr 11 01:47:14 UTC 2026","798","tests.reviews","test_reviews_get_by_id","","","","test_reviews_get_by_id_invalid_id_returns_client_error[0]",""
"passed","Sat Apr 11 01:56:55 UTC 2026","Sat Apr 11 01:56:55 UTC 2026","613","tests.admin_panel.slides","test_56_get_slides","","","","test_get_slides_unauthorized","Негативный тест: получение слайдов без авторизации"
"passed","Sat Apr 11 01:18:27 UTC 2026","Sat Apr 11 01:18:27 UTC 2026","598","tests.delivery","test_self_pickup_offices","","","","test_self_pickup_offices_invalid_params[client-params0]","
    Негатив: невалидные параметры  = 400
    "
"skipped","Sat Apr 11 01:54:00 UTC 2026","Sat Apr 11 01:54:00 UTC 2026","0","tests.account","test_pass_change","","","","test_change_password_positive[client-payload0]","Позитивные тесты на изменение пароля"
"passed","Sat Apr 11 01:42:05 UTC 2026","Sat Apr 11 01:42:06 UTC 2026","790","tests.admin_panel","test_03_support_delete_user","","","","test_invalid_id_returns_client_error[-1]","
    Кривой/отсутствующий id в path:
    ожидаем клиентскую ошибку (400/404/405), а не 5xx.
    "
"passed","Sat Apr 11 01:25:05 UTC 2026","Sat Apr 11 01:25:07 UTC 2026","1714","tests.admin_panel.categories","test_57_v2_update_category","","","","test_v2_update_category_forbidden[client]","Негативный тест: попытка обновления категории не-админом."
"passed","Sat Apr 11 00:50:18 UTC 2026","Sat Apr 11 00:50:19 UTC 2026","591","tests.one_c","test_cart_calculate_full_coverage","","","","test_invalid_arrays[packaging-value4]",""
"passed","Sat Apr 11 01:22:14 UTC 2026","Sat Apr 11 01:22:15 UTC 2026","777","tests.admin_panel.products","test_40_create_product_brand","","","","test_create_product_brand_invalid_payload[payload0-expected_codes0]","Негативные кейсы: невалидные поля при создании бренда."
"skipped","Sat Apr 11 00:56:42 UTC 2026","Sat Apr 11 00:56:42 UTC 2026","0","tests.stock","test_create_stock","","","","test_create_stock_with_empty_string_log_if_not_200[address.intercom]",""
"passed","Sat Apr 11 01:42:21 UTC 2026","Sat Apr 11 01:42:22 UTC 2026","837","tests.admin_panel","test_05_admin_support_users_token_revoke_all","","","","test_invalid_user_id_for_revoke_all_returns_client_error[0]",""
"skipped","Sat Apr 11 01:44:15 UTC 2026","Sat Apr 11 01:44:16 UTC 2026","1208","tests.account","test_post_downgrade_user","","","","test_downgrade_is_idempotent[admin]","
    Идемпотентность: повторный /admin/downgrade_user остаётся в GradeClient.
    "
"passed","Sat Apr 11 01:18:23 UTC 2026","Sat Apr 11 01:18:23 UTC 2026","658","tests.delivery","test_self_pickup_offices","","","","test_self_pickup_offices_success_basic[partner]","
    Позитив: успешное получение списка офисов по city_id
    Допускается пустой список (если в городе нет офисов)
    "
"skipped","Sat Apr 11 01:32:31 UTC 2026","Sat Apr 11 01:32:31 UTC 2026","589","tests.orders","test_group_order_change_country","","","","test_change_country_invalid_data[invalid_payload0-client]","Негативные тесты: передача некорректных данных"
"passed","Sat Apr 11 01:15:43 UTC 2026","Sat Apr 11 01:15:44 UTC 2026","616","tests.admin_panel.slides","test_57_create_slide","","","","test_create_slide_unauthorized","Негативный тест: создание слайда без авторизации"
"passed","Sat Apr 11 00:56:30 UTC 2026","Sat Apr 11 00:56:31 UTC 2026","594","tests.tickets","test_01_get_tickets","","","","test_get_tickets_invalid_search[invalid_search0-400-client]","Негативный тест: передаем некорректные параметры поиска"
"passed","Sat Apr 11 01:29:19 UTC 2026","Sat Apr 11 01:29:20 UTC 2026","625","tests.cart","test_10_cart_save_city","","","","test_save_city_invalid_payload[client-payload2]","Негатив: невалидный payload."
"passed","Sat Apr 11 01:27:30 UTC 2026","Sat Apr 11 01:27:30 UTC 2026","875","tests.admin_panel","test_04_generate_support_token","","","","test_invalid_ttl_returns_400[-1]",""
"skipped","Sat Apr 11 00:56:27 UTC 2026","Sat Apr 11 00:56:27 UTC 2026","0","tests.tickets","test_01_get_tickets","","","","test_get_tickets_success[filter1-sort0-search2-pagination1-client]","Позитивный тест: получение списка тикетов с разными комбинациями параметров"
"failed","Sat Apr 11 01:56:03 UTC 2026","Sat Apr 11 01:56:04 UTC 2026","575","tests.account","test_history_group_volumes_admin","","","","test_group_volumes_history_admin_forbidden_for_non_admin[partner]",""
"passed","Sat Apr 11 01:23:13 UTC 2026","Sat Apr 11 01:23:14 UTC 2026","613","tests.admin_panel.promo","test_72_create_promotion","","","","test_create_promotion_forbidden[client]","Негативный тест: создание акции не-админом запрещено"
"passed","Sat Apr 11 01:39:53 UTC 2026","Sat Apr 11 01:39:54 UTC 2026","1221","tests.admin_panel.sliders","test_53_get_sliders_by_id","","","","test_get_sliders_by_id_success","Позитивный тест: успешное получение слайдера по ID админом"
"passed","Sat Apr 11 01:52:55 UTC 2026","Sat Apr 11 01:52:56 UTC 2026","617","tests.delivery","test_get_europost_offices","","","","test_get_europost_offices_missing_city_id_should_fail[admin]",""
"passed","Sat Apr 11 01:15:48 UTC 2026","Sat Apr 11 01:15:49 UTC 2026","795","tests.admin_panel.slides","test_57_create_slide","","","","test_create_slide_invalid_payload[payload5-422]","Негативные тесты: некорректные и неполные payload'ы"
"passed","Sat Apr 11 01:51:57 UTC 2026","Sat Apr 11 01:51:57 UTC 2026","613","tests.admin_panel.slides","test_62_slides_get_upload_urls","","","","test_get_upload_urls_forbidden[partner]","Негативный тест: неадмин не может получить ссылки на загрузку видео файлов"
"skipped","Sat Apr 11 01:37:35 UTC 2026","Sat Apr 11 01:37:36 UTC 2026","625","tests.register","test_01_register_form","","","","test_register_form_negative[admin-payload0-400]",""
"skipped","Sat Apr 11 00:56:42 UTC 2026","Sat Apr 11 00:56:42 UTC 2026","0","tests.stock","test_create_stock","","","","test_create_stock_with_empty_string_log_if_not_200[address.longitude]",""
"failed","Sat Apr 11 01:54:57 UTC 2026","Sat Apr 11 01:54:57 UTC 2026","615","tests.cart","test_06_cart_update","","","","test_cart_update_calculate_delivery_false_preserves_advance_costs[client]","
    /cart/update с calculate_delivery=false не должен возвращать пустой advance_costs,
    если advance_costs уже рассчитан
    "
"skipped","Sat Apr 11 00:56:23 UTC 2026","Sat Apr 11 00:56:23 UTC 2026","0","tests.tickets","test_04_create_ticket","","","","test_create_ticket_invalid_message[client-]","Негативный тест: создание тикета без сообщения"
"skipped","Sat Apr 11 01:32:37 UTC 2026","Sat Apr 11 01:32:37 UTC 2026","0","tests.orders","test_group_order_change_country","","","","test_change_country_updates_sub_orders","Интеграционный тест: проверка обновления страны у всех привязанных заказов"
"passed","Sat Apr 11 01:23:04 UTC 2026","Sat Apr 11 01:23:05 UTC 2026","853","tests.admin_panel.promo","test_72_create_promotion","","","","test_create_promotion_invalid_data[payload3-400]","Негативные тесты: невалидные данные"
"passed","Sat Apr 11 01:03:04 UTC 2026","Sat Apr 11 01:03:05 UTC 2026","839","tests.admin_panel.slides","test_59_update_slide","","","","test_update_slide_invalid_id[abc]","Негативный тест: несуществующий или некорректный ID"
"passed","Sat Apr 11 01:32:15 UTC 2026","Sat Apr 11 01:32:16 UTC 2026","616","tests.delivery","test_get_emu_pickup_points","","","","test_get_emu_pickup_points_missing_city_id_should_fail[admin]","Негатив: отсутствует обязательный query-параметр city_id → 400/422."
"skipped","Sat Apr 11 01:26:25 UTC 2026","Sat Apr 11 01:26:25 UTC 2026","0","tests.PROJECT_EDUCATION.test_system","test_03_user_answers","","","","test_user_answers_unauthorized__401_or_404",""
"passed","Sat Apr 11 01:29:18 UTC 2026","Sat Apr 11 01:29:19 UTC 2026","579","tests.cart","test_10_cart_save_city","","","","test_save_city_invalid_payload[client-payload0]","Негатив: невалидный payload."
"passed","Sat Apr 11 00:51:57 UTC 2026","Sat Apr 11 00:51:59 UTC 2026","2067","tests.tickets","test_04_create_ticket","","","","test_create_ticket_success[client-attachments2-QuestionsAboutTheWorkOfTheStructureAndMentors]","Позитивный тест: создание тикета с разными темами и вложениями для клиента, партнера и админа"
"passed","Sat Apr 11 01:09:15 UTC 2026","Sat Apr 11 01:09:16 UTC 2026","1093","tests.cart","test_20_cart_recommended_products","","","","test_cart_recommended_products_invalid_cart_cookie_no_500[999999999999999999999-client]","
    невалидный cart_id в cookie
    "
"passed","Sat Apr 11 01:10:33 UTC 2026","Sat Apr 11 01:10:40 UTC 2026","7015","tests.cart","test_free_delivery_by_rc_and_belts","","","","test_free_delivery_by_belts_contract[\u0425\u0430\u0431\u0430\u0440\u043e\u0432\u0441\u043a-client-zone_3-belt_cfg2]","
    КОНТРАКТ:
    - ручка работает
    - advance_costs может быть []
    - free может быть
    - платная доставка допустима
    "
"passed","Sat Apr 11 01:59:37 UTC 2026","Sat Apr 11 01:59:38 UTC 2026","604","tests.account","test_0_grades_rating","","","","test_get_grades_rating_positive[admin]","Позитивные тесты на получение рейтинга квалификаций"
"passed","Sat Apr 11 00:57:22 UTC 2026","Sat Apr 11 00:57:22 UTC 2026","609","tests.delivery","test_get_cities","","","","test_get_cities_missing_required_params_should_fail[params1-client]","
    Негатив: отсутствие обязательных page/page_size/country_id
    "
"skipped","Sat Apr 11 01:23:56 UTC 2026","Sat Apr 11 01:23:56 UTC 2026","592","tests.statistic","test_team_go","","","","test_get_team_go_statistic_negative[payload1-partner]","Негативный тест: ошибка при получении статистики по команде с невалидным телом запроса"
"passed","Sat Apr 11 01:56:38 UTC 2026","Sat Apr 11 01:56:39 UTC 2026","804","tests.admin_panel.products","test_39_get_product_brands","","","","test_get_product_brands_success","Позитивный тест: успешное получение списка брендов админом."
"passed","Sat Apr 11 01:40:09 UTC 2026","Sat Apr 11 01:40:11 UTC 2026","2101","tests.admin_panel.slides","test_58_get_slides_by_id","","","","test_get_slides_by_id_forbidden[client]","Негативный тест: попытка получения слайда по ID не-админом"
"passed","Sat Apr 11 01:57:15 UTC 2026","Sat Apr 11 01:57:16 UTC 2026","614","tests.cart","test_16_cart_update_stock","","","","test_update_stock_unauthorized","Негатив: вызов без авторизации/корзины"
"passed","Sat Apr 11 01:39:22 UTC 2026","Sat Apr 11 01:39:23 UTC 2026","609","tests.admin_panel.categories","test_47_get_categories_by_id","","","","test_get_categories_unauthorized","Негативный тест: получение категории без авторизации."
"passed","Sat Apr 11 01:46:06 UTC 2026","Sat Apr 11 01:46:07 UTC 2026","849","tests.cart","test_08_cart_delete","","","","test_delete_cart_item_invalid_payload[partner-payload1]","Негатив: невалидный payload при удалении позиции"
"failed","Sat Apr 11 01:52:32 UTC 2026","Sat Apr 11 01:52:33 UTC 2026","870","tests.cart","test_11_cart_save_delivery_method","","","","test_cart_save_delivery_method_group_order_without_group_order_id_returns_400",""
"failed","Sat Apr 11 01:57:02 UTC 2026","Sat Apr 11 01:57:03 UTC 2026","608","tests.auth","test_03_token_auth","","","","test_auth_by_valid_token[client]","Тест успешной авторизации по валидному токену"
"skipped","Sat Apr 11 01:57:19 UTC 2026","Sat Apr 11 01:57:19 UTC 2026","0","tests.cart","test_exclusive_preorder_cart_update_multi","","","","test_cart_update_multi_checks_permission_for_exclusive_400[partner]",""
"skipped","Sat Apr 11 01:05:28 UTC 2026","Sat Apr 11 01:05:28 UTC 2026","0","tests.admin_panel.categories","test_50_upload_category_images","","","","test_upload_category_images_invalid_format[valid.jpg-image/jpeg-204]","Негативный тест: загрузка изображений в неверном формате (например, .txt)."
"passed","Sat Apr 11 01:22:26 UTC 2026","Sat Apr 11 01:22:27 UTC 2026","1450","tests.admin_panel.products","test_40_create_product_brand","","","","test_create_duplicate_brand_should_true","Позитивный тест: попытка создать бренд с теми же параметрами (разрешено)."
"skipped","Sat Apr 11 02:02:02 UTC 2026","Sat Apr 11 02:02:02 UTC 2026","0","tests.admin_panel.products","test_0_create_product","","","","test_create_product",""
"passed","Sat Apr 11 01:07:15 UTC 2026","Sat Apr 11 01:07:15 UTC 2026","491","tests.one_c","test_free_delivery_to_regions_and_cities","","","","test_1c_free_delivery_bad_request_for_unknown_region_id",""
"passed","Sat Apr 11 01:18:29 UTC 2026","Sat Apr 11 01:18:30 UTC 2026","574","tests.delivery","test_self_pickup_offices","","","","test_self_pickup_offices_invalid_params[partner-params0]","
    Негатив: невалидные параметры  = 400
    "
"passed","Sat Apr 11 00:56:37 UTC 2026","Sat Apr 11 00:56:38 UTC 2026","577","tests.tickets","test_01_get_tickets","","","","test_get_tickets_invalid_filter[invalid_filter3-400-client]","Негативный тест: передаем некорректные параметры фильтрации"
"passed","Sat Apr 11 01:44:51 UTC 2026","Sat Apr 11 01:45:00 UTC 2026","9002","tests.admin_panel.products","test_product_files_get_upload_urls","","","","test_get_upload_urls_translation_not_found",""
"passed","Sat Apr 11 01:53:00 UTC 2026","Sat Apr 11 01:53:00 UTC 2026","593","tests.delivery","test_get_fargo_offices","","","","test_get_fargo_offices_missing_city_id_should_fail[admin]","Негатив: отсутствует обязательный query-параметр city_id → 400/422."
"passed","Sat Apr 11 01:46:16 UTC 2026","Sat Apr 11 01:46:23 UTC 2026","7312","tests.orders","test_group_order_join_roles_and_rejections","","","","test_group_order_join_client_happy_path_returns_order",""
"passed","Sat Apr 11 01:50:05 UTC 2026","Sat Apr 11 01:50:05 UTC 2026","797","tests.catalog","test_delete_admin_product_translation","","","","test_delete_admin_product_translation_invalid_id[9999999]","Удаление перевода по невалидному product_id — должно вернуть 400 или 404."
"passed","Sat Apr 11 00:50:36 UTC 2026","Sat Apr 11 00:50:38 UTC 2026","1221","tests.tickets","test_04_create_ticket","","","","test_create_ticket_success[client-attachments0-QuestionsAboutOrders]","Позитивный тест: создание тикета с разными темами и вложениями для клиента, партнера и админа"
"skipped","Sat Apr 11 01:54:00 UTC 2026","Sat Apr 11 01:54:00 UTC 2026","0","tests.account","test_history","","","","test_get_history_positive[partner-payload1]","Позитивные тесты на получение истории аккаунта"
"passed","Sat Apr 11 01:36:31 UTC 2026","Sat Apr 11 01:36:32 UTC 2026","828","tests.admin_panel.slides","test_0_slides_sort","","","","test_slides_sort_invalid_id[-1]","Негативный тест: невалидный path parameter."
"passed","Sat Apr 11 01:38:26 UTC 2026","Sat Apr 11 01:38:27 UTC 2026","1897","tests.reviews","test_reviews_delete_post","","","","test_reviews_delete_large_batch",""
"passed","Sat Apr 11 01:58:25 UTC 2026","Sat Apr 11 01:58:26 UTC 2026","599","tests.admin_panel.periods","test_get_periods_current","","","","test_get_periods_current__unauthorized",""
"passed","Sat Apr 11 01:30:12 UTC 2026","Sat Apr 11 01:30:12 UTC 2026","594","tests.account","test_get_account_exists","","","","test_get_account_exists_positive[params2-admin]","Нкгатив: невлидны id"
"passed","Sat Apr 11 01:43:38 UTC 2026","Sat Apr 11 01:43:46 UTC 2026","7914","tests.catalog","test_get_admin_product_translation","","","","test_get_admin_product_translation_forbidden[partner]","Запрет получения переводов для клиента/партнёра."
"skipped","Sat Apr 11 01:39:23 UTC 2026","Sat Apr 11 01:39:23 UTC 2026","0","tests.admin_panel.products","test_01_create_product_group","","","","test_create_product_group_success_2","Позитивный тест: успешное создание продукт группы (только обязательное поле)."
"passed","Sat Apr 11 02:02:34 UTC 2026","Sat Apr 11 02:02:36 UTC 2026","1334","tests.temporary","test_last_cleanup_orphan_boxes","","","","test_cleanup_orphan_boxes_is_idempotent","
    Проверяем:
      1) сколько сирот есть сейчас,
      2) cleanup удаляет ровно их количество,
      3) повторный запуск не удаляет ничего.
    "
"passed","Sat Apr 11 01:09:10 UTC 2026","Sat Apr 11 01:09:11 UTC 2026","839","tests.cart","test_20_cart_recommended_products","","","","test_cart_recommended_products_invalid_cart_cookie_no_500[null-partner]","
    невалидный cart_id в cookie
    "
"passed","Sat Apr 11 00:51:23 UTC 2026","Sat Apr 11 00:51:25 UTC 2026","2200","tests.tickets","test_04_create_ticket","","","","test_create_ticket_success[client-attachments1-QuestionsAboutTheRewardSystemMarketingPlan]","Позитивный тест: создание тикета с разными темами и вложениями для клиента, партнера и админа"
"skipped","Sat Apr 11 02:01:42 UTC 2026","Sat Apr 11 02:01:42 UTC 2026","0","tests.promo_time.new_year_lottery","test_new_year_lottery_accrual_and_views","","","","test_coupons_accrual_on_successful_payment","
    Позитив: при успешной оплате заказа начисляются купоны в new_year_lottery_coupons
    "
"passed","Sat Apr 11 01:45:16 UTC 2026","Sat Apr 11 01:45:26 UTC 2026","9390","tests.admin_panel.products","test_product_files_get_upload_urls","","","","test_get_upload_urls_response_contract",""
"passed","Sat Apr 11 01:05:14 UTC 2026","Sat Apr 11 01:05:15 UTC 2026","1059","tests.catalog","test_create_admin_product","","","","test_create_product_invalid_payload[payload0-400]",""
"passed","Sat Apr 11 00:52:15 UTC 2026","Sat Apr 11 00:52:17 UTC 2026","2077","tests.tickets","test_04_create_ticket","","","","test_create_ticket_success[client-attachments2-ReceivingDefectiveProducts]","Позитивный тест: создание тикета с разными темами и вложениями для клиента, партнера и админа"
"passed","Sat Apr 11 01:11:04 UTC 2026","Sat Apr 11 01:11:11 UTC 2026","7077","tests.cart","test_free_delivery_by_rc_and_belts","","","","test_below_threshold_contract[\u041d\u043e\u0432\u043e\u0441\u0438\u0431\u0438\u0440\u0441\u043a-client-zone_3-belt_cfg2]","
    КОНТРАКТ:
    free МОЖЕТ быть
    платная МОЖЕТ быть
    advance_costs МОЖЕТ быть []
    "
"passed","Sat Apr 11 01:21:39 UTC 2026","Sat Apr 11 01:21:40 UTC 2026","837","tests.admin_panel.promo","test_77_create_promotion_item","","","","test_create_promotion_item_invalid_ids[1-xyz-404]",""
"passed","Sat Apr 11 00:53:06 UTC 2026","Sat Apr 11 00:53:09 UTC 2026","2244","tests.tickets","test_04_create_ticket","","","","test_create_ticket_success[partner-attachments1-QuestionsAboutTheWorkOfTheStructureAndMentors]","Позитивный тест: создание тикета с разными темами и вложениями для клиента, партнера и админа"
"failed","Sat Apr 11 01:54:57 UTC 2026","Sat Apr 11 01:54:58 UTC 2026","650","tests.cart","test_07_cart_update_multi","","","","test_update_cart_items_multi_success[client]","Позитив: массовое изменение позиций /cart/update_multi"
"skipped","Sat Apr 11 01:47:27 UTC 2026","Sat Apr 11 01:47:27 UTC 2026","0","tests.tickets","test_11_update_message","","","","test_update_message_role_permissions[authorize_client-200]","Проверка прав на редактирование сообщения в тикете"
"passed","Sat Apr 11 01:12:16 UTC 2026","Sat Apr 11 01:12:16 UTC 2026","582","tests.delivery","test_get_cities_v2","","","","test_get_cities_v2_invalid_city_name_should_fail[ -admin]","
    Негатив: city_name — строка, minLength=2
    "
"skipped","Sat Apr 11 01:44:12 UTC 2026","Sat Apr 11 01:44:12 UTC 2026","0","tests.PROJECT_EDUCATION.test_system","test_01_start_test","","","","test_start_test_invalid_id__400_or_404[999999]",""
"skipped","Sat Apr 11 01:57:26 UTC 2026","Sat Apr 11 01:57:26 UTC 2026","0","tests.promo_time.new_year_lottery","test_admin_new_year_lottery_coupons","","","","test_admin_can_set_coupons_count_for_order","
    Позитив: админ меняет количество купонов по заказу на ненулевое значение
    "
"failed","Sat Apr 11 01:31:59 UTC 2026","Sat Apr 11 01:32:00 UTC 2026","597","tests.delivery","test_get_cdek_offices","","","","test_get_cdek_offices_invalid_city_id_should_fail[-1-admin]",""
"skipped","Sat Apr 11 01:22:10 UTC 2026","Sat Apr 11 01:22:11 UTC 2026","812","tests.delivery","test_get_delivery_countries","","","","test_get_delivery_countries_unauthorized","Негатив: запрос без авторизации."
"skipped","Sat Apr 11 01:54:00 UTC 2026","Sat Apr 11 01:54:00 UTC 2026","0","tests.account","test_history_personal_volumes_admin","","","","test_get_personal_volumes_history_admin_positive[client-payload0]","Позитивные тесты на получение истории начисления личных объемов для админа"
"passed","Sat Apr 11 01:31:48 UTC 2026","Sat Apr 11 01:31:49 UTC 2026","597","tests.delivery","test_get_boxberry_offices","","","","test_get_boxberry_offices_invalid_city_id_should_fail[abc-admin]",""
"passed","Sat Apr 11 01:07:28 UTC 2026","Sat Apr 11 01:07:30 UTC 2026","1680","tests.admin_panel.promo","test_74_update_promotion","","","","test_update_promotion_name_should_fail_if_not_unique","Негативный тест: попытка обновить имя акции на уже существующий"
"skipped","Sat Apr 11 00:49:07 UTC 2026","Sat Apr 11 00:49:08 UTC 2026","889","tests.one_c","test_cart_calculate_full_coverage","","","","test_packaging_invalid_numbers[length--1]",""
"passed","Sat Apr 11 01:12:15 UTC 2026","Sat Apr 11 01:12:16 UTC 2026","594","tests.delivery","test_get_cities_v2","","","","test_get_cities_v2_invalid_city_name_should_fail[-admin]","
    Негатив: city_name — строка, minLength=2
    "
"skipped","Sat Apr 11 01:35:30 UTC 2026","Sat Apr 11 01:35:30 UTC 2026","0","tests.account","test_get_languages","","","","test_get_languages_success[partner--400]","Возвращает список языков, доступных для перевода"
"passed","Sat Apr 11 01:36:40 UTC 2026","Sat Apr 11 01:36:41 UTC 2026","591","tests.admin_panel.slides","test_0_slides_sort","","","","test_slides_sort_by_id_forbidden[client]","Негативный тест: не админом."
"passed","Sat Apr 11 00:54:28 UTC 2026","Sat Apr 11 00:54:29 UTC 2026","1182","tests.tickets","test_04_create_ticket","","","","test_create_ticket_success[admin-attachments0-QuestionsAboutTheRewardSystemMarketingPlan]","Позитивный тест: создание тикета с разными темами и вложениями для клиента, партнера и админа"
"passed","Sat Apr 11 01:00:28 UTC 2026","Sat Apr 11 01:00:35 UTC 2026","6366","tests.cart","test_12_cart_estimate_delivery","","","","test_estimate_delivery_success[client-fargo-payload1]","
    Позитив: корзина с товаром, выбор способа доставки и расчёт стоимости для разных служб
    "
"passed","Sat Apr 11 01:39:59 UTC 2026","Sat Apr 11 01:40:00 UTC 2026","808","tests.admin_panel.sliders","test_53_get_sliders_by_id","","","","test_get_sliders_invalid_id[abc]","Негативный тест: получение слайдера по невалидному ID"
"failed","Sat Apr 11 01:57:10 UTC 2026","Sat Apr 11 01:57:10 UTC 2026","592","tests.cart","test_15_cart_update_country","","","","test_update_country_success[client]","Позитив: изменение страны доставки"
"skipped","Sat Apr 11 01:57:19 UTC 2026","Sat Apr 11 01:57:19 UTC 2026","0","tests.cart","test_exclusive_preorder_cart_update_multi","","","","test_cart_update_multi_checks_auth_first_400",""
"skipped","Sat Apr 11 00:56:27 UTC 2026","Sat Apr 11 00:56:27 UTC 2026","0","tests.tickets","test_01_get_tickets","","","","test_get_tickets_success[filter2-sort1-search2-pagination1-admin]","Позитивный тест: получение списка тикетов с разными комбинациями параметров"
"failed","Sat Apr 11 02:00:01 UTC 2026","Sat Apr 11 02:00:02 UTC 2026","610","tests.cart","test_22_cart_fill_advanced_cost","","","","test_fill_advanced_cost_success[client]","
    advance_costs рассчитываются при полном контексте
    "
"passed","Sat Apr 11 01:53:41 UTC 2026","Sat Apr 11 01:53:47 UTC 2026","5951","tests.orders","test_group_order_leave","","","","test_partner_join_leave_returns_200",""
"passed","Sat Apr 11 01:09:13 UTC 2026","Sat Apr 11 01:09:14 UTC 2026","1026","tests.cart","test_20_cart_recommended_products","","","","test_cart_recommended_products_invalid_cart_cookie_no_500[0-client]","
    невалидный cart_id в cookie
    "
"skipped","Sat Apr 11 01:46:15 UTC 2026","Sat Apr 11 01:46:15 UTC 2026","0","tests.fund","test_get_top_donors","","","","test_get_top_donors_invalid_params[invalid_param3-https://dev.ewahelps.com/api]","Негатив: неверные параметры должны дать 400 (при рабочем маршруте)."
"skipped","Sat Apr 11 01:54:00 UTC 2026","Sat Apr 11 01:54:00 UTC 2026","0","tests.account","test_token_revoke","","","","test_revoke_token_positive[admin-payload0]","Позитивные тесты на удаление токена"
"passed","Sat Apr 11 01:54:32 UTC 2026","Sat Apr 11 01:54:36 UTC 2026","3715","tests.admin_panel.products","test_03_recommended_products_delete","","","","test_remove_empty_recommendation_list","Удаление с пустым списком рекомендаций."
"passed","Sat Apr 11 01:40:22 UTC 2026","Sat Apr 11 01:40:23 UTC 2026","622","tests.cart","test_09_cart_save_region","","","","test_save_region_by_name_eaes_invalid[partner]","Негатив: для ЕАЭС region_name не разрешён"
"skipped","Sat Apr 11 01:47:23 UTC 2026","Sat Apr 11 01:47:24 UTC 2026","614","tests.stock","test_get_group_orders","","","","test_get_group_orders_invalid_country_id[-1-admin]","Проверка получения складов по невалидному country_id"
"passed","Sat Apr 11 01:00:07 UTC 2026","Sat Apr 11 01:00:08 UTC 2026","625","tests.cart","test_02_get_delivery_cost","","","","test_get_delivery_cost_success_partial_payload[client-payload4-400]",""
"failed","Sat Apr 11 01:53:26 UTC 2026","Sat Apr 11 01:53:28 UTC 2026","1898","tests.orders","test_group_order_leave","","","","test_cart_leave_group_happy[client]","
    - join в ГО
    - leave
    - cart НЕ содержит group_order
    - delivery != GroupOrder
    - advance_costs пересчитан
    "
"passed","Sat Apr 11 01:26:53 UTC 2026","Sat Apr 11 01:26:54 UTC 2026","650","tests.account","test_history_group_volumes","","","","test_group_volumes_history_happy_path_contract[1-10-client]",""
"passed","Sat Apr 11 01:35:17 UTC 2026","Sat Apr 11 01:35:18 UTC 2026","1424","tests.account","test_add_cover_url","","","","test_add_cover_full_payload[partner]",""
"passed","Sat Apr 11 01:06:24 UTC 2026","Sat Apr 11 01:06:27 UTC 2026","2609","tests.one_c","test_free_delivery_to_regions_and_cities","","","","test_1c_free_delivery_remove_from_all_cities_only",""
"passed","Sat Apr 11 01:06:54 UTC 2026","Sat Apr 11 01:06:54 UTC 2026","642","tests.one_c","test_free_delivery_to_regions_and_cities","","","","test_1c_free_delivery_bad_request_for_missing_id_1c",""
"passed","Sat Apr 11 01:54:03 UTC 2026","Sat Apr 11 01:54:05 UTC 2026","1689","tests.account","test_update_avatar","","","","test_update_avatar_positive[partner-payload0]","Позитивные тесты на обновление аватара"
"passed","Sat Apr 11 00:56:51 UTC 2026","Sat Apr 11 00:56:52 UTC 2026","994","tests.delivery","test_01_save_delivery_address","","","","test_save_address_positive_contract_and_cleanup[payload4-partner]",""
"passed","Sat Apr 11 01:36:51 UTC 2026","Sat Apr 11 01:36:52 UTC 2026","591","tests.catalog","test_get_recommended_products","","","","test_get_recommended_products_invalid_stock_id[-1]","
    Негативные значения stock_id
    "
"skipped","Sat Apr 11 00:56:27 UTC 2026","Sat Apr 11 00:56:27 UTC 2026","0","tests.tickets","test_01_get_tickets","","","","test_get_tickets_success[filter0-sort1-search2-pagination0-partner]","Позитивный тест: получение списка тикетов с разными комбинациями параметров"
"passed","Sat Apr 11 01:18:10 UTC 2026","Sat Apr 11 01:18:10 UTC 2026","811","tests.catalog","test_create_admin_product_translation","","","","test_create_admin_product_translation_invalid_payload[payload5-422]","Негативные проверки на создание перевода с некорректным payload."
"passed","Sat Apr 11 01:29:13 UTC 2026","Sat Apr 11 01:29:15 UTC 2026","1462","tests.admin_panel.users","test_post_admin_users_exclusive_preorder_permissions","","","","test_post_exclusive_preorder_permissions_validation_errors_400[payload10]","
    Негатив: некорректный payload
    "
"passed","Sat Apr 11 01:21:53 UTC 2026","Sat Apr 11 01:21:54 UTC 2026","592","tests.delivery","test_02_get_delivery_address","","","","test_history_invalid_pagination_should_fail[bad_body5-client]","
    Негатив: валидация PaginationRequest
    "
"passed","Sat Apr 11 01:21:37 UTC 2026","Sat Apr 11 01:21:38 UTC 2026","882","tests.admin_panel.promo","test_77_create_promotion_item","","","","test_create_promotion_item_invalid_ids[1-999999-404]",""
"passed","Sat Apr 11 01:02:36 UTC 2026","Sat Apr 11 01:02:39 UTC 2026","3645","tests.cart","test_12_cart_estimate_delivery","","","","test_estimate_delivery_empty_payload[partner-payload0]","
    пустой payload для /cart/estimate_delivery при непустой корзине
    "
"skipped","Sat Apr 11 01:54:00 UTC 2026","Sat Apr 11 01:54:00 UTC 2026","0","tests.account","test_token","","","","test_add_token_positive[admin-payload1]","Позитивные тесты на добавление токена"
"passed","Sat Apr 11 00:49:42 UTC 2026","Sat Apr 11 00:49:43 UTC 2026","893","tests.one_c","test_cart_calculate_full_coverage","","","","test_payment_missing_fields[is_bonus]",""
"passed","Sat Apr 11 01:18:29 UTC 2026","Sat Apr 11 01:18:29 UTC 2026","659","tests.delivery","test_self_pickup_offices","","","","test_self_pickup_offices_invalid_params[client-params3]","
    Негатив: невалидные параметры  = 400
    "
"passed","Sat Apr 11 01:26:42 UTC 2026","Sat Apr 11 01:26:43 UTC 2026","645","tests.account","test_account_branded_wallet_upload","","","","test_upload_missing_image_field_returns_400_or_422[client]","Негатив: отсутствует поле 'image' → 400/422"
"failed","Sat Apr 11 01:05:56 UTC 2026","Sat Apr 11 01:05:57 UTC 2026","1139","tests.cart","test_update_location","","","","test_update_location_international_delivery_true_full_data_state",""
"passed","Sat Apr 11 01:39:07 UTC 2026","Sat Apr 11 01:39:08 UTC 2026","790","tests.admin_panel","test_partner_accrual_details_main_bonus","","","","test_main_bonus_details_invalid_query_params[query6-expected_codes6]","
    Негатив: валидация query-параметров main-bonus
    "
"skipped","Sat Apr 11 01:24:04 UTC 2026","Sat Apr 11 01:24:05 UTC 2026","644","tests.statistic","test_team_registrations","","","","test_get_team_registration_statistic_negative[payload0-client]","Негативный тест: ошибка при получении статистики регистрации команды с невалидным телом запроса"
"failed","Sat Apr 11 01:59:52 UTC 2026","Sat Apr 11 01:59:53 UTC 2026","608","tests.cart","test_05_cart_clear","","","","test_clear_cart_success[client]","Позитив: успешная очистка корзины"
"passed","Sat Apr 11 00:54:30 UTC 2026","Sat Apr 11 00:54:31 UTC 2026","1259","tests.tickets","test_04_create_ticket","","","","test_create_ticket_success[admin-attachments0-OtherQuestions]","Позитивный тест: создание тикета с разными темами и вложениями для клиента, партнера и админа"
"passed","Sat Apr 11 01:25:11 UTC 2026","Sat Apr 11 01:25:12 UTC 2026","785","tests.admin_panel.categories","test_57_v2_update_category","","","","test_v2_update_category_invalid_id[9999999]","Негативный тест: несуществующий или некорректный ID."
"passed","Sat Apr 11 01:52:47 UTC 2026","Sat Apr 11 01:52:47 UTC 2026","615","tests.delivery","test_get_cargo_offices","","","","test_get_cargo_offices_missing_city_id_should_fail[admin]",""
"skipped","Sat Apr 11 01:53:47 UTC 2026","Sat Apr 11 01:53:47 UTC 2026","0","tests.register","test_02_register_partner","","","","test_register_partner_positive[partner-200]","Тест: позитивные тесты для регистрации партнера вручную"
"failed","Sat Apr 11 01:55:14 UTC 2026","Sat Apr 11 01:55:15 UTC 2026","573","tests.cart","test_cart_update_duplicate_regression","","","","test_cart_update_same_item_twice_sequential_does_not_duplicate_line[partner]",""
"passed","Sat Apr 11 00:56:37 UTC 2026","Sat Apr 11 00:56:37 UTC 2026","592","tests.tickets","test_01_get_tickets","","","","test_get_tickets_invalid_filter[invalid_filter2-400-partner]","Негативный тест: передаем некорректные параметры фильтрации"
"passed","Sat Apr 11 01:19:12 UTC 2026","Sat Apr 11 01:19:13 UTC 2026","802","tests.admin_panel.categories","test_80_create_category_translation","","","","test_create_category_translation_invalid_payload[payload3-400]","Негативный тест: создание перевода с невалидным payload."
"skipped","Sat Apr 11 01:07:25 UTC 2026","Sat Apr 11 01:07:25 UTC 2026","0","tests.PROJECT_EDUCATION.orders","test_post_orders","","","","test_post_orders_invalid_payload__400_422[payload0]","Негатив: невалидный body"
"passed","Sat Apr 11 00:50:39 UTC 2026","Sat Apr 11 00:50:40 UTC 2026","1198","tests.tickets","test_04_create_ticket","","","","test_create_ticket_success[client-attachments0-QuestionsAboutInternationalDelivery]","Позитивный тест: создание тикета с разными темами и вложениями для клиента, партнера и админа"
"skipped","Sat Apr 11 01:54:00 UTC 2026","Sat Apr 11 01:54:00 UTC 2026","0","tests.account","test_history_personal_volumes","","","","test_get_personal_volumes_history_positive[admin-payload1]","Позитивные тесты на получение истории начисления личных объемов"
"passed","Sat Apr 11 01:13:36 UTC 2026","Sat Apr 11 01:13:37 UTC 2026","800","tests.catalog","test_update_admin_product","","","","test_update_admin_product_invalid_id[abc]",""
"skipped","Sat Apr 11 01:54:00 UTC 2026","Sat Apr 11 01:54:00 UTC 2026","0","tests.account","test_list_csv","","","","test_get_account_list_csv_positive[admin-payload0]","Позитивные тесты на выгрузку структуры партнеров в CSV"
"passed","Sat Apr 11 01:41:41 UTC 2026","Sat Apr 11 01:41:42 UTC 2026","1649","tests.tickets","test_09_get_ticket_messages","","","","test_get_ticket_messages_positive[partner]","Позитивный тест: успешное получение списка сообщений тикета"
"passed","Sat Apr 11 00:57:00 UTC 2026","Sat Apr 11 00:57:01 UTC 2026","576","tests.delivery","test_01_save_delivery_address","","","","test_save_address_missing_required_fields_should_fail[phone-client]",""
"failed","Sat Apr 11 01:58:37 UTC 2026","Sat Apr 11 01:58:39 UTC 2026","1608","tests.catalog","test_get_item_by_id","","","","test_get_item_success[admin]","
    Позитивный тест: успешное получение атомарного товара по id
    "
"passed","Sat Apr 11 01:17:06 UTC 2026","Sat Apr 11 01:17:14 UTC 2026","7824","tests.catalog","test_create_admin_product_translation","","","","test_create_admin_product_translation_success[ky]","Создание и обновление перевода продукта на разных языках."
"passed","Sat Apr 11 01:35:55 UTC 2026","Sat Apr 11 01:35:56 UTC 2026","612","tests.admin_panel","test_partner_accrual_details_common","","","","test_common_accrual_details_unauthorized","
    Негатив: без токена запрос к админ-ручке → 401
    "
"failed","Sat Apr 11 02:02:02 UTC 2026","Sat Apr 11 02:02:02 UTC 2026","608","tests.cart","test_24_cart_delivery_smoke","","","","test_smoke_delivery_recalculation_flow[client]","
    Smoke: сценарий пересчёта доставки
    1. Подготовили корзину с товаром, location и delivery_method
    2. Явно рассчитали доставку через POST /cart/fill_advanced_cost →
       advance_costs заполнены
    3. Изменили количество товара через /cart/update с calculate_delivery=false →
       advance_costs очищены
    4. Снова явно рассчитали доставку →
       advance_costs снова заполнены
    "
"passed","Sat Apr 11 01:00:24 UTC 2026","Sat Apr 11 01:00:24 UTC 2026","610","tests.cart","test_02_get_delivery_cost","","","","test_get_delivery_cost_unauthorized","
    Негатив: запрос без авторизации/корзины
    "
"passed","Sat Apr 11 01:23:02 UTC 2026","Sat Apr 11 01:23:03 UTC 2026","812","tests.admin_panel.promo","test_72_create_promotion","","","","test_create_promotion_invalid_data[payload0-400]","Негативные тесты: невалидные данные"
"passed","Sat Apr 11 01:47:51 UTC 2026","Sat Apr 11 01:47:51 UTC 2026","818","tests.PROJECT_FUND.initiatives","test_get_report_by_id","","","","test_get_report_by_invalid_id[-https://dev.ewahelps.com/api]","Негативный тест: невалидный или несуществующий path-параметр"
"skipped","Sat Apr 11 01:59:50 UTC 2026","Sat Apr 11 01:59:50 UTC 2026","0","tests.account","test_delete_avatar","","","","test_delete_avatar_positive[client]","Позитивные тесты на удаление аватара"
"failed","Sat Apr 11 01:57:10 UTC 2026","Sat Apr 11 01:57:11 UTC 2026","604","tests.cart","test_15_cart_update_country","","","","test_update_country_success[partner]","Позитив: изменение страны доставки"
"skipped","Sat Apr 11 01:32:36 UTC 2026","Sat Apr 11 01:32:37 UTC 2026","579","tests.orders","test_group_order_change_country","","","","test_change_country_without_auth","Негативный тест: изменение страны без авторизации"
"passed","Sat Apr 11 01:37:24 UTC 2026","Sat Apr 11 01:37:24 UTC 2026","615","tests.orders","test_group_order_v2_create","","","","test_group_order_v2_create_forbidden_for_client[client]",""
"passed","Sat Apr 11 01:58:32 UTC 2026","Sat Apr 11 01:58:32 UTC 2026","679","tests.cart","test_25_cart_city_guessed_flag","","","","test_city_guessed_guest_first_visit","
    Гость, первый заход без кук:
    - город автоопределён
    - is_city_guessed = true
    "
"passed","Sat Apr 11 00:48:21 UTC 2026","Sat Apr 11 00:48:22 UTC 2026","618","tests.one_c","test_cart_calculate_full_coverage","","","","test_invalid_top_types[is_paid-yes]",""
"passed","Sat Apr 11 01:36:43 UTC 2026","Sat Apr 11 01:36:44 UTC 2026","579","tests.auth","test_02_login","","","","test_admin_login[admin--Aa1234567-400]",""
"passed","Sat Apr 11 01:21:35 UTC 2026","Sat Apr 11 01:21:35 UTC 2026","846","tests.admin_panel.promo","test_77_create_promotion_item","","","","test_create_promotion_item_invalid_ids[1-None-404]",""
"passed","Sat Apr 11 01:39:00 UTC 2026","Sat Apr 11 01:39:01 UTC 2026","1074","tests.admin_panel","test_partner_accrual_details_main_bonus","","","","test_main_bonus_details_success","
    Позитив: детализация по главному бонусу
    "
"passed","Sat Apr 11 01:36:26 UTC 2026","Sat Apr 11 01:36:27 UTC 2026","592","tests.admin_panel.periods","test_get_period_by_id","","","","test_get_period_by_id__unauthorized",""
"passed","Sat Apr 11 01:31:47 UTC 2026","Sat Apr 11 01:31:47 UTC 2026","610","tests.delivery","test_get_boxberry_offices","","","","test_get_boxberry_offices_missing_city_id_should_fail[admin]",""
"passed","Sat Apr 11 01:21:52 UTC 2026","Sat Apr 11 01:21:53 UTC 2026","611","tests.delivery","test_02_get_delivery_address","","","","test_history_invalid_pagination_should_fail[bad_body4-partner]","
    Негатив: валидация PaginationRequest
    "
"passed","Sat Apr 11 01:24:39 UTC 2026","Sat Apr 11 01:24:44 UTC 2026","4799","tests.admin_panel.slides","test_61_upload_slides_images","","","","test_upload_slide_images_file_too_large[5.3-image-400]",""
"passed","Sat Apr 11 01:52:55 UTC 2026","Sat Apr 11 01:52:55 UTC 2026","610","tests.delivery","test_get_europost_offices","","","","test_get_europost_offices_success[1573-admin]",""
"skipped","Sat Apr 11 02:01:53 UTC 2026","Sat Apr 11 02:01:53 UTC 2026","0","tests.sockets","test_ws_chat_basic","","","","test_ws_message_with_tag_type_persists[partner]","
    Отправка с реальным tag_type из /support-chat/tags:
      - выбираем type и все id с этим type
      - шлём WS-сообщение с tag_type
      - проверяем, что в сообщении есть user_intent_tag и его id из valid_tag_ids.
    "
"passed","Sat Apr 11 01:06:00 UTC 2026","Sat Apr 11 01:06:01 UTC 2026","184","tests.cart","test_update_location","","","","test_update_location_city_id_and_city_name_conflict","
    Нельзя передавать одновременно city_id и city_name
    "
"skipped","Sat Apr 11 02:00:56 UTC 2026","Sat Apr 11 02:00:56 UTC 2026","0","tests.PROJECT_EDUCATION.payment_system","test_get_payment_methods","","","","test_get_payment_methods_200_anonymous__schema","Публичный список способов оплаты"
"passed","Sat Apr 11 01:21:56 UTC 2026","Sat Apr 11 01:21:57 UTC 2026","783","tests.delivery","test_get_delivery_countries","","","","test_get_delivery_countries_success[None-client]","Позитив: успешное получение списка стран с разными значениями ?from=."
"passed","Sat Apr 11 01:08:02 UTC 2026","Sat Apr 11 01:08:03 UTC 2026","1262","tests.admin_panel.promo","test_74_update_promotion","","","","test_update_promotion_invalid_payload[payload10-422]","Негативный тест: обновление акции с невалидным или неполным телом запроса"
"broken","Sat Apr 11 01:57:58 UTC 2026","Sat Apr 11 01:57:58 UTC 2026","627","tests.tickets","test_07_delete_ticket","","","","test_delete_ticket_not_admin[partner]","Негативный тест: попытка удаления тикета клиентом, партнёром"
"skipped","Sat Apr 11 01:56:01 UTC 2026","Sat Apr 11 01:56:01 UTC 2026","0","tests.stock","test_update_stock","","","","test_update_stock_invalid_id[0]",""
"skipped","Sat Apr 11 01:47:22 UTC 2026","Sat Apr 11 01:47:23 UTC 2026","757","tests.stock","test_get_group_orders","","","","test_get_group_orders_invalid_country_id[abc-admin]","Проверка получения складов по невалидному country_id"
"failed","Sat Apr 11 01:52:20 UTC 2026","Sat Apr 11 01:52:21 UTC 2026","616","tests.cart","test_04_cart_full_data","","","","test_cart_full_data_calculate_delivery_true[client]",""
"passed","Sat Apr 11 01:40:04 UTC 2026","Sat Apr 11 01:40:05 UTC 2026","788","tests.admin_panel.sliders","test_53_get_sliders_by_id","","","","test_get_slider_not_found","Негативный тест: слайдер не найден"
"failed","Sat Apr 11 01:53:50 UTC 2026","Sat Apr 11 01:53:51 UTC 2026","786","tests.register","test_03_register_client","","","","test_register_client_positive[partner-200]","Тест: позитивные тесты для регистрации клиента вручную"
"passed","Sat Apr 11 00:57:45 UTC 2026","Sat Apr 11 00:57:46 UTC 2026","795","tests.account","test_update_utc_offset","","","","test_update_utc_offset_trims_spaces[admin]",""
"skipped","Sat Apr 11 00:56:42 UTC 2026","Sat Apr 11 00:56:42 UTC 2026","0","tests.stock","test_create_stock","","","","test_create_stock_with_empty_string_log_if_not_200[timezone.is_dst]",""
"passed","Sat Apr 11 01:23:32 UTC 2026","Sat Apr 11 01:23:33 UTC 2026","1294","tests.admin_panel.sliders","test_52_create_slider","","","","test_create_slider_should_fail_on_duplicate","Негативный тест: дублирование уникальных полей слайдера."
"skipped","Sat Apr 11 01:54:00 UTC 2026","Sat Apr 11 01:54:00 UTC 2026","0","tests.account","test_family_agreement_create_one","","","","test_create_family_agreement_one_positive[partner-payload1]","Позитивные тесты на создание семейного соглашения при отсутствующем втором партнере"
"skipped","Sat Apr 11 01:42:25 UTC 2026","Sat Apr 11 01:42:25 UTC 2026","0","tests.admin_panel","test_accrue_presidential_pool","","","","test_accrue_presidential_pool_invalid_payload[payload0-400]",""
"passed","Sat Apr 11 01:40:00 UTC 2026","Sat Apr 11 01:40:01 UTC 2026","846","tests.admin_panel.sliders","test_53_get_sliders_by_id","","","","test_get_sliders_invalid_id[0]","Негативный тест: получение слайдера по невалидному ID"
"skipped","Sat Apr 11 01:32:34 UTC 2026","Sat Apr 11 01:32:35 UTC 2026","623","tests.orders","test_group_order_change_country","","","","test_change_country_invalid_data[invalid_payload2-client]","Негативные тесты: передача некорректных данных"
"passed","Sat Apr 11 00:55:19 UTC 2026","Sat Apr 11 00:55:22 UTC 2026","2273","tests.tickets","test_04_create_ticket","","","","test_create_ticket_success[admin-attachments1-ReceivingProductsShortage]","Позитивный тест: создание тикета с разными темами и вложениями для клиента, партнера и админа"
"skipped","Sat Apr 11 01:58:35 UTC 2026","Sat Apr 11 01:58:35 UTC 2026","0","tests.catalog","test_exclusive_preorder_products_list","","","","test_products_list_exclusive_flags_types_contract[partner]","
    Жёсткий контракт по типам:
      - если is_exclusive_preorder_only присутствует => bool
      - если is_visible присутствует => bool
      - если in_stock присутствует => int
    "
"passed","Sat Apr 11 01:24:15 UTC 2026","Sat Apr 11 01:24:17 UTC 2026","2321","tests.admin_panel.slides","test_61_upload_slides_images","","","","test_upload_slide_images_invalid_format[invalid.txt-text/plain-400]",""
"passed","Sat Apr 11 01:40:00 UTC 2026","Sat Apr 11 01:40:00 UTC 2026","817","tests.admin_panel.sliders","test_53_get_sliders_by_id","","","","test_get_sliders_invalid_id[-1]","Негативный тест: получение слайдера по невалидному ID"
"passed","Sat Apr 11 01:30:24 UTC 2026","Sat Apr 11 01:30:29 UTC 2026","4298","tests.cart","test_23_cart_calculate_delivery_flag","","","","test_update_cart_multi_with_calculate_delivery_false[client]","
    Позитив: /cart/update_multi с calculate_delivery=false
    Корзина обновляется пакетом, advance_costs не считаются
    "
"passed","Sat Apr 11 00:56:55 UTC 2026","Sat Apr 11 00:56:56 UTC 2026","1014","tests.delivery","test_01_save_delivery_address","","","","test_save_address_positive_contract_and_cleanup[payload6-partner]",""
"skipped","Sat Apr 11 00:49:48 UTC 2026","Sat Apr 11 00:49:49 UTC 2026","901","tests.one_c","test_cart_calculate_full_coverage","","","","test_bonus_info_invalid_numbers[bonus_to_money--0.1]",""
"skipped","Sat Apr 11 01:54:00 UTC 2026","Sat Apr 11 01:54:00 UTC 2026","0","tests.account","test_history_admin","","","","test_get_admin_history_positive[client-payload0]","Позитивные тесты на получение истории бонусов для админа"
"passed","Sat Apr 11 01:57:25 UTC 2026","Sat Apr 11 01:57:25 UTC 2026","598","tests.one_c","test_create_1c_stock","","","","test_create_1c_stock_forbidden_with_wrong_secret_key",""
"passed","Sat Apr 11 01:05:39 UTC 2026","Sat Apr 11 01:05:39 UTC 2026","229","tests.cart","test_update_location","","","","test_update_location_international_city_id_rejected",""
"passed","Sat Apr 11 01:51:56 UTC 2026","Sat Apr 11 01:51:57 UTC 2026","584","tests.admin_panel.slides","test_62_slides_get_upload_urls","","","","test_get_upload_urls_forbidden[client]","Негативный тест: неадмин не может получить ссылки на загрузку видео файлов"
"passed","Sat Apr 11 01:18:27 UTC 2026","Sat Apr 11 01:18:28 UTC 2026","632","tests.delivery","test_self_pickup_offices","","","","test_self_pickup_offices_invalid_params[client-params1]","
    Негатив: невалидные параметры  = 400
    "
"passed","Sat Apr 11 01:54:12 UTC 2026","Sat Apr 11 01:54:13 UTC 2026","817","tests.admin_panel","test_02_support_users_list","","","","test_admin_gets_support_users_list_with_navigation","
    GET /admin/support-users?page=0&page_size=20
    "
"skipped","Sat Apr 11 00:48:57 UTC 2026","Sat Apr 11 00:48:58 UTC 2026","634","tests.one_c","test_cart_calculate_full_coverage","","","","test_products_missing_fields[article]",""
"passed","Sat Apr 11 01:03:24 UTC 2026","Sat Apr 11 01:03:25 UTC 2026","1304","tests.admin_panel.slides","test_59_update_slide","","","","test_update_slide_invalid_payload[payload5-expected_code5]","
    Негативный тест: обновление слайда с невалидным или неполным телом запроса
    "
"passed","Sat Apr 11 00:57:07 UTC 2026","Sat Apr 11 00:57:08 UTC 2026","577","tests.delivery","test_01_save_delivery_address","","","","test_save_address_invalid_types_should_fail[delivery-None-client]",""
"passed","Sat Apr 11 01:23:51 UTC 2026","Sat Apr 11 01:23:51 UTC 2026","710","tests.statistic","test_team_go","","","","test_get_team_go_statistic_positive[payload3-client]","Позитивный тест: получение статистики по команде с валидным телом запроса"
"passed","Sat Apr 11 01:42:44 UTC 2026","Sat Apr 11 01:42:47 UTC 2026","3417","tests.admin_panel.items","test_get_item_translation","","","","test_get_item_translation_success",""
"failed","Sat Apr 11 01:59:39 UTC 2026","Sat Apr 11 01:59:40 UTC 2026","602","tests.account","test_0_referral_links","","","","test_get_referral_links_positive[admin-403]","Позитивные тесты на получение реферальных ссылок"
"passed","Sat Apr 11 01:45:50 UTC 2026","Sat Apr 11 01:45:51 UTC 2026","781","tests.admin_panel.promo","test_78_delete_promotion_item","","","","test_delete_promotion_item_invalid_id[1.5-1.5]","Негативный тест: удаление элемента акции с невалидным ID продукта."
"passed","Sat Apr 11 01:47:48 UTC 2026","Sat Apr 11 01:47:49 UTC 2026","910","tests.PROJECT_FUND.initiatives","test_get_report_by_id","","","","test_get_report_by_invalid_id[0-https://dev.ewahelps.com/api]","Негативный тест: невалидный или несуществующий path-параметр"
"skipped","Sat Apr 11 00:56:26 UTC 2026","Sat Apr 11 00:56:26 UTC 2026","0","tests.tickets","test_04_create_ticket","","","","test_create_ticket_invalid_attachment[partner]","Негативный тест: попытка загрузки вложения с некорректными данными"
"passed","Sat Apr 11 01:50:15 UTC 2026","Sat Apr 11 01:50:16 UTC 2026","611","tests.delivery","test_mongpost_postcodes","","","","test_mongpost_postcodes_unauthorized","Негативный тест: запрос без авторизации."
"passed","Sat Apr 11 01:22:52 UTC 2026","Sat Apr 11 01:22:53 UTC 2026","1186","tests.admin_panel.products","test_42_update_product_brand","","","","test_update_product_brand_invalid_payload[payload6-422]","Негативный тест: обновление бренда с невалидным или неполным телом запроса."
"passed","Sat Apr 11 01:39:39 UTC 2026","Sat Apr 11 01:39:40 UTC 2026","1288","tests.admin_panel.promo","test_73_get_promotion_by_id","","","","test_get_promotion_by_id","Позитивный тест: получение акции по ID"
"passed","Sat Apr 11 00:55:10 UTC 2026","Sat Apr 11 00:55:12 UTC 2026","2284","tests.tickets","test_04_create_ticket","","","","test_create_ticket_success[admin-attachments1-ChangePersonalData]","Позитивный тест: создание тикета с разными темами и вложениями для клиента, партнера и админа"
"passed","Sat Apr 11 01:23:59 UTC 2026","Sat Apr 11 01:23:59 UTC 2026","583","tests.statistic","test_team_registrations","","","","test_get_team_registration_statistic_positive[payload1-client]","Позитивный тест: получение статистики по регистрации команды с валидным телом запроса"
"passed","Sat Apr 11 01:35:25 UTC 2026","Sat Apr 11 01:35:26 UTC 2026","872","tests.account","test_add_cover_url","","","","test_add_cover_invalid_payload[payload0]",""
"skipped","Sat Apr 11 01:54:00 UTC 2026","Sat Apr 11 01:54:00 UTC 2026","0","tests.account","test_history","","","","test_get_history_positive[client-payload0]","Позитивные тесты на получение истории аккаунта"
"passed","Sat Apr 11 01:36:44 UTC 2026","Sat Apr 11 01:36:44 UTC 2026","579","tests.auth","test_02_login","","","","test_admin_login[admin---400]",""
"passed","Sat Apr 11 00:54:32 UTC 2026","Sat Apr 11 00:54:33 UTC 2026","1255","tests.tickets","test_04_create_ticket","","","","test_create_ticket_success[admin-attachments0-ChangePersonalData]","Позитивный тест: создание тикета с разными темами и вложениями для клиента, партнера и админа"
"passed","Sat Apr 11 00:58:01 UTC 2026","Sat Apr 11 00:58:02 UTC 2026","804","tests.account","test_update_utc_offset","","","","test_update_utc_offset_invalid_format_rejected[+003]",""
"skipped","Sat Apr 11 00:56:27 UTC 2026","Sat Apr 11 00:56:27 UTC 2026","0","tests.tickets","test_01_get_tickets","","","","test_get_tickets_success[filter1-sort1-search2-pagination0-client]","Позитивный тест: получение списка тикетов с разными комбинациями параметров"
"passed","Sat Apr 11 01:47:44 UTC 2026","Sat Apr 11 01:47:45 UTC 2026","846","tests.PROJECT_FUND.initiatives","test_get_initiative_by_id","","","","test_get_initiative_by_invalid_id[999999-https://dev.ewahelps.com/api]",""
"passed","Sat Apr 11 01:12:17 UTC 2026","Sat Apr 11 01:12:18 UTC 2026","588","tests.delivery","test_get_cities_v2","","","","test_get_cities_v2_invalid_city_name_should_fail[a-admin]","
    Негатив: city_name — строка, minLength=2
    "
"passed","Sat Apr 11 00:48:27 UTC 2026","Sat Apr 11 00:48:27 UTC 2026","612","tests.one_c","test_cart_calculate_full_coverage","","","","test_invalid_top_types[sms_notice_recipient-0]",""
"skipped","Sat Apr 11 00:56:26 UTC 2026","Sat Apr 11 00:56:26 UTC 2026","0","tests.tickets","test_01_get_tickets","","","","test_get_tickets_success[filter0-sort0-search0-pagination0-partner]","Позитивный тест: получение списка тикетов с разными комбинациями параметров"
"passed","Sat Apr 11 01:02:45 UTC 2026","Sat Apr 11 01:02:46 UTC 2026","623","tests.admin_panel.slides","test_59_update_slide","","","","test_update_slide_unauthorized","Негативный тест: попытка обновления слайда без авторизации"
"skipped","Sat Apr 11 01:53:09 UTC 2026","Sat Apr 11 01:53:09 UTC 2026","611","tests.delivery","test_get_haypost_offices","","","","test_get_haypost_offices_invalid_city_id_should_fail[-1-admin]","Негатив: невалидные значения city_id → 400/422."
"passed","Sat Apr 11 01:36:35 UTC 2026","Sat Apr 11 01:36:36 UTC 2026","788","tests.admin_panel.slides","test_0_slides_sort","","","","test_slides_sort_invalid_id[999999]","Негативный тест: невалидный path parameter."
"skipped","Sat Apr 11 01:44:12 UTC 2026","Sat Apr 11 01:44:12 UTC 2026","0","tests.PROJECT_EDUCATION.test_system","test_05_get_info","","","","test_get_info_invalid_id__400_or_404[]","Негатив: невалидный id в path"
"skipped","Sat Apr 11 01:05:28 UTC 2026","Sat Apr 11 01:05:28 UTC 2026","0","tests.admin_panel.categories","test_50_upload_category_images","","","","test_upload_category_images_invalid_id","Негативный тест: несуществующий ID категории."
"passed","Sat Apr 11 01:12:28 UTC 2026","Sat Apr 11 01:12:36 UTC 2026","7715","tests.catalog","test_update_admin_product","","","","test_update_admin_product_full_payload",""
"passed","Sat Apr 11 00:58:11 UTC 2026","Sat Apr 11 00:58:16 UTC 2026","5201","tests.cart","test_01_user_locale","","","","test_update_user_locale_valid_payload[client-payload0]",""
"passed","Sat Apr 11 00:57:35 UTC 2026","Sat Apr 11 00:57:36 UTC 2026","610","tests.delivery","test_get_cities","","","","test_get_cities_invalid_region_id_should_fail[-admin]","
    Негатив: невалидный region_id
    "
"skipped","Sat Apr 11 01:59:50 UTC 2026","Sat Apr 11 01:59:50 UTC 2026","0","tests.account","test_delete_avatar","","","","test_delete_avatar_positive[admin]","Позитивные тесты на удаление аватара"
"skipped","Sat Apr 11 01:05:28 UTC 2026","Sat Apr 11 01:05:28 UTC 2026","0","tests.admin_panel.categories","test_50_upload_category_images","","","","test_upload_category_images_file_too_large[5.3-fields_to_send1-400]","Негативный тест: загрузка слишком большого изображения."
"passed","Sat Apr 11 01:12:24 UTC 2026","Sat Apr 11 01:12:25 UTC 2026","825","tests.delivery","test_get_cities_v2","","","","test_get_cities_v2_unauthorized","
    Позитив: запрос без авторизации → 200
    "
"passed","Sat Apr 11 01:24:13 UTC 2026","Sat Apr 11 01:24:14 UTC 2026","809","tests.admin_panel.slides","test_61_upload_slides_images","","","","test_upload_slide_images_invalid_id",""
"passed","Sat Apr 11 00:54:44 UTC 2026","Sat Apr 11 00:54:46 UTC 2026","2170","tests.tickets","test_04_create_ticket","","","","test_create_ticket_success[admin-attachments1-QuestionsAboutTheHousingAndCarProgram]","Позитивный тест: создание тикета с разными темами и вложениями для клиента, партнера и админа"
"passed","Sat Apr 11 01:30:12 UTC 2026","Sat Apr 11 01:30:13 UTC 2026","584","tests.account","test_get_account_exists","","","","test_get_account_exists_positive[params3-client]","Нкгатив: невлидны id"
"passed","Sat Apr 11 00:51:13 UTC 2026","Sat Apr 11 00:51:16 UTC 2026","2204","tests.tickets","test_04_create_ticket","","","","test_create_ticket_success[client-attachments1-QuestionsAboutProducts]","Позитивный тест: создание тикета с разными темами и вложениями для клиента, партнера и админа"
"passed","Sat Apr 11 01:26:20 UTC 2026","Sat Apr 11 01:26:21 UTC 2026","594","tests.orders","test_create_order_by_delivery_address","","","","test_create_order_invalid_data[invalid_payload1-expected_status1-partner]",""
"passed","Sat Apr 11 01:19:11 UTC 2026","Sat Apr 11 01:19:12 UTC 2026","784","tests.admin_panel.categories","test_80_create_category_translation","","","","test_create_category_translation_invalid_payload[payload2-400]","Негативный тест: создание перевода с невалидным payload."
"passed","Sat Apr 11 01:58:51 UTC 2026","Sat Apr 11 01:58:51 UTC 2026","603","tests.delivery","test_get_five_post_warehouses","","","","test_get_five_post_warehouses_unauthorized","Негатив: запрос без авторизации."
"skipped","Sat Apr 11 01:53:07 UTC 2026","Sat Apr 11 01:53:08 UTC 2026","642","tests.delivery","test_get_haypost_offices","","","","test_get_haypost_offices_success[186343-partner]","Позитив: успешное получение списка офисов по city_id."
"passed","Sat Apr 11 01:56:52 UTC 2026","Sat Apr 11 01:56:53 UTC 2026","1173","tests.admin_panel.slides","test_56_get_slides","","","","test_get_slides_success","Позитивный тест: успешное получение списка слайдов админом"
"passed","Sat Apr 11 01:12:13 UTC 2026","Sat Apr 11 01:12:14 UTC 2026","612","tests.delivery","test_get_cities_v2","","","","test_get_cities_v2_missing_required_params_should_fail[params0-admin]","
    Негатив: отсутствие обязательных параметров country_id/city_name → 400/422
    "
"passed","Sat Apr 11 00:52:28 UTC 2026","Sat Apr 11 00:52:29 UTC 2026","1199","tests.tickets","test_04_create_ticket","","","","test_create_ticket_success[partner-attachments0-QuestionsAboutInternationalDelivery]","Позитивный тест: создание тикета с разными темами и вложениями для клиента, партнера и админа"
"failed","Sat Apr 11 01:59:58 UTC 2026","Sat Apr 11 01:59:58 UTC 2026","605","tests.cart","test_19_cart_empty_suggestions","","","","test_cart_empty_suggestions_success[client]","Позитив: получение рекомендаций при пустой корзине"
"passed","Sat Apr 11 01:30:35 UTC 2026","Sat Apr 11 01:30:38 UTC 2026","2720","tests.cart","test_23_cart_calculate_delivery_flag","","","","test_delete_cart_item_with_calculate_delivery_false[partner]","
    Позитив: /cart/delete с calculate_delivery=false
    Позиция удаляется, advance_costs не считаются
    "
"skipped","Sat Apr 11 01:54:00 UTC 2026","Sat Apr 11 01:54:00 UTC 2026","0","tests.account","test_funds_transfer_send","","","","test_send_funds_transfer_positive[partner-payload0]","Позитивные тесты на перевод/вывод средств по visibleId"
"passed","Sat Apr 11 01:16:07 UTC 2026","Sat Apr 11 01:16:09 UTC 2026","1314","tests.admin_panel.slides","test_57_create_slide","","","","test_create_slide_title_color_validation[#1234567-400]","Валидация поля title_color при создании слайда"
"passed","Sat Apr 11 01:13:06 UTC 2026","Sat Apr 11 01:13:13 UTC 2026","7032","tests.catalog","test_update_admin_product","","","","test_update_admin_product_forbidden[client]",""
"passed","Sat Apr 11 01:59:50 UTC 2026","Sat Apr 11 01:59:50 UTC 2026","695","tests.account","test_0_users_by_lo_rating","","","","test_get_users_by_lo_rating_positive[admin]","Позитивные тесты на получение рейтинга продавцов по личному объему"
"passed","Sat Apr 11 01:22:21 UTC 2026","Sat Apr 11 01:22:22 UTC 2026","800","tests.admin_panel.products","test_40_create_product_brand","","","","test_create_product_brand_invalid_payload[payload8-expected_codes8]","Негативные кейсы: невалидные поля при создании бренда."
"skipped","Sat Apr 11 01:39:23 UTC 2026","Sat Apr 11 01:39:23 UTC 2026","0","tests.admin_panel.products","test_01_create_product_group","","","","test_create_product_group_invalid_payload[payload2-400]",""
"passed","Sat Apr 11 01:37:13 UTC 2026","Sat Apr 11 01:37:13 UTC 2026","197","tests.one_c","test_stock_delivery_methods","","","","test_1c_stock_delivery_methods_forbidden_with_wrong_secret_key",""
"passed","Sat Apr 11 01:58:56 UTC 2026","Sat Apr 11 01:58:56 UTC 2026","196","tests.one_c","test_get_1с_stock","","","","test_get_1c_stock_forbidden_without_secret_key",""
"skipped","Sat Apr 11 00:49:00 UTC 2026","Sat Apr 11 00:49:01 UTC 2026","911","tests.one_c","test_cart_calculate_full_coverage","","","","test_packaging_invalid_numbers[price--1]",""
"passed","Sat Apr 11 00:55:50 UTC 2026","Sat Apr 11 00:55:52 UTC 2026","2013","tests.tickets","test_04_create_ticket","","","","test_create_ticket_success[admin-attachments2-ChangePersonalData]","Позитивный тест: создание тикета с разными темами и вложениями для клиента, партнера и админа"
"passed","Sat Apr 11 01:03:50 UTC 2026","Sat Apr 11 01:03:52 UTC 2026","1291","tests.admin_panel.slides","test_59_update_slide","","","","test_update_slide_invalid_payload[payload13-400]","
    Негативный тест: обновление слайда с невалидным или неполным телом запроса
    "
"passed","Sat Apr 11 01:36:48 UTC 2026","Sat Apr 11 01:36:49 UTC 2026","613","tests.auth","test_02_login","","","","test_partner_login[partner-empty_all-400]",""
"passed","Sat Apr 11 01:33:54 UTC 2026","Sat Apr 11 01:34:32 UTC 2026","37746","tests.admin_panel.products","test_product_files_update","","","","test_update_invalid_urls",""
"skipped","Sat Apr 11 01:41:51 UTC 2026","Sat Apr 11 01:41:51 UTC 2026","0","tests.PROJECT_EDUCATION.test_system","test_08_get_course_with_tests","","","","test_get_course_with_tests__unauthorized__401_403[headers1]",""
"passed","Sat Apr 11 01:52:06 UTC 2026","Sat Apr 11 01:52:06 UTC 2026","579","tests.admin_panel.slides","test_62_slides_update_video_url","","","","test_update_video_url_unauthorized","Негативный тест: попытка обновления ссылки без авторизации"
"passed","Sat Apr 11 01:35:24 UTC 2026","Sat Apr 11 01:35:25 UTC 2026","1220","tests.account","test_add_cover_url","","","","test_add_cover_unauthorized",""
"passed","Sat Apr 11 01:00:16 UTC 2026","Sat Apr 11 01:00:17 UTC 2026","613","tests.cart","test_02_get_delivery_cost","","","","test_get_delivery_cost_invalid_payload[client-payload2]","Негатив: некорректные входные данные"
"passed","Sat Apr 11 01:24:34 UTC 2026","Sat Apr 11 01:24:38 UTC 2026","4414","tests.admin_panel.slides","test_61_upload_slides_images","","","","test_upload_slide_images_file_too_large[4.7-image-204]",""
"passed","Sat Apr 11 01:27:40 UTC 2026","Sat Apr 11 01:27:40 UTC 2026","848","tests.admin_panel","test_04_generate_support_token","","","","test_invalid_user_id_for_token_returns_client_error[None]",""
"passed","Sat Apr 11 01:36:52 UTC 2026","Sat Apr 11 01:36:53 UTC 2026","611","tests.catalog","test_get_recommended_products","","","","test_get_recommended_products_invalid_stock_id[999999999999]","
    Негативные значения stock_id
    "
"passed","Sat Apr 11 01:52:02 UTC 2026","Sat Apr 11 01:52:04 UTC 2026","1465","tests.admin_panel.slides","test_62_slides_update_video_url","","","","test_update_video_url_empty","Позитивный тест: передача пустой строки — должен быть сгенерирован мастер-файл"
"passed","Sat Apr 11 01:57:12 UTC 2026","Sat Apr 11 01:57:13 UTC 2026","608","tests.cart","test_15_cart_update_country","","","","test_update_country_unauthorized","Негатив: вызов без авторизации/корзины"
"passed","Sat Apr 11 01:59:43 UTC 2026","Sat Apr 11 01:59:44 UTC 2026","776","tests.account","test_0_top_partners_client_service_v2","","","","test_get_top_partners_client_service_v2_positive[admin]","Позитивные тесты на получение топ-партнеров по сумме ЛО клиентов"
"passed","Sat Apr 11 01:52:16 UTC 2026","Sat Apr 11 01:52:18 UTC 2026","1492","tests.admin_panel.users","test_delete_admin_users_exclusive_preorder_permissions","","","","test_delete_exclusive_preorder_permissions_validation_error_400[payload1]","
    Негатив: некорректный item_id
    "
"passed","Sat Apr 11 01:27:03 UTC 2026","Sat Apr 11 01:27:04 UTC 2026","609","tests.account","test_history_group_volumes","","","","test_group_volumes_history_invalid_query_params[params1-admin]",""
"passed","Sat Apr 11 01:50:55 UTC 2026","Sat Apr 11 01:50:57 UTC 2026","1544","tests.account","test_account_branded_wallet_delete","","","","test_delete_flow_upload_then_delete_then_get_null[client]","
    Upload (текущий период, JSON base64) → DELETE → cleanup в БД
    "
"passed","Sat Apr 11 01:51:50 UTC 2026","Sat Apr 11 01:51:51 UTC 2026","839","tests.admin_panel.slides","test_62_slides_get_upload_urls","","","","test_get_upload_urls_invalid_files[data0-400]","Негативный тест: пустой список файлов, отсутствие 'filenames' в теле запроса"
"skipped","Sat Apr 11 00:56:42 UTC 2026","Sat Apr 11 00:56:42 UTC 2026","0","tests.stock","test_create_stock","","","","test_create_stock_with_empty_string_log_if_not_200[self_pickup_available]",""
"passed","Sat Apr 11 00:51:39 UTC 2026","Sat Apr 11 00:51:41 UTC 2026","2256","tests.tickets","test_04_create_ticket","","","","test_create_ticket_success[client-attachments1-ReceivingProductsShortage]","Позитивный тест: создание тикета с разными темами и вложениями для клиента, партнера и админа"
"skipped","Sat Apr 11 00:56:42 UTC 2026","Sat Apr 11 00:56:42 UTC 2026","0","tests.stock","test_create_stock","","","","test_create_stock_with_empty_string_log_if_not_200[name]",""
"skipped","Sat Apr 11 01:44:12 UTC 2026","Sat Apr 11 01:44:12 UTC 2026","0","tests.PROJECT_EDUCATION.test_system","test_04_finish_test","","","","test_finish_test_invalid_id__400_or_404[abc]",""
"skipped","Sat Apr 11 00:49:47 UTC 2026","Sat Apr 11 00:49:48 UTC 2026","921","tests.one_c","test_cart_calculate_full_coverage","","","","test_bonus_info_invalid_numbers[bonus_to_money--1]",""
"passed","Sat Apr 11 01:12:22 UTC 2026","Sat Apr 11 01:12:22 UTC 2026","595","tests.delivery","test_get_cities_v2","","","","test_get_cities_v2_invalid_country_id_should_fail[1.5-admin]","
    Негатив: невалидные значения country_id → 400/422
    "
"passed","Sat Apr 11 01:32:29 UTC 2026","Sat Apr 11 01:32:30 UTC 2026","580","tests.delivery","test_get_self_pickup_offices","","","","test_get_self_pickup_offices_invalid_city_id_should_fail[bad_city_id8-admin]","Негатив: невалидные значения city_id → 400/422."
"passed","Sat Apr 11 01:50:47 UTC 2026","Sat Apr 11 01:50:48 UTC 2026","972","tests.stock","test_get_stocks","","","","test_get_stocks[client]","Запрос всех складов"
"failed","Sat Apr 11 01:58:19 UTC 2026","Sat Apr 11 01:58:19 UTC 2026","606","tests.account","test_post_bonus_tokens","","","","test_get_bonus_tokens_positive[client]","Позитивные тесты на получение списка токенов"
"skipped","Sat Apr 11 00:56:42 UTC 2026","Sat Apr 11 00:56:42 UTC 2026","0","tests.stock","test_create_stock","","","","test_create_stock_with_empty_string_log_if_not_200[timezone.id]",""
"passed","Sat Apr 11 01:26:59 UTC 2026","Sat Apr 11 01:27:00 UTC 2026","632","tests.account","test_history_group_volumes","","","","test_group_volumes_history_missing_query_params_validation[partner]",""
"passed","Sat Apr 11 01:49:27 UTC 2026","Sat Apr 11 01:49:28 UTC 2026","821","tests.admin_panel.slides","test_60_delete_slides","","","","test_delete_slide_invalid_id[-1]","Негативный тест: удаление несуществующего или некорректного слайда"
"passed","Sat Apr 11 01:46:11 UTC 2026","Sat Apr 11 01:46:12 UTC 2026","579","tests.catalog","test_product_get_by_slug","","","","test_get_product_by_slug_wrong_method[post-client]","
    Негативный: неверный HTTP-метод для GET /products/{slug}
    "
"passed","Sat Apr 11 01:48:42 UTC 2026","Sat Apr 11 01:48:43 UTC 2026","806","tests.admin_panel.items","test_delete_item_translation","","","","test_delete_item_translation_invalid_id[999999999]","Негативный тест: удаление перевода с невалидным или несуществующим ID item."
"passed","Sat Apr 11 01:21:06 UTC 2026","Sat Apr 11 01:21:09 UTC 2026","3547","tests.admin_panel.products","test_44_upload_product_brand_images","","","","test_upload_product_brand_images_various_fields[5.3-fields_to_send5-400]","Негативный тест. Загрузка слишком большого изображения."
"failed","Sat Apr 11 01:21:43 UTC 2026","Sat Apr 11 01:21:44 UTC 2026","1151","tests.delivery","test_02_get_delivery_address","","","","test_history_positive_contract[client]","
    GET /delivery/address/history
    "
"passed","Sat Apr 11 01:16:09 UTC 2026","Sat Apr 11 01:16:11 UTC 2026","1280","tests.admin_panel.slides","test_57_create_slide","","","","test_create_slide_title_color_validation[ -400]","Валидация поля title_color при создании слайда"
"passed","Sat Apr 11 01:48:18 UTC 2026","Sat Apr 11 01:48:19 UTC 2026","815","tests.admin_panel.categories","test_81_delete_category_translation","","","","test_delete_category_translation_invalid_id[-1]","Негативный тест: удаление перевода с невалидным ID категории."
"passed","Sat Apr 11 01:48:53 UTC 2026","Sat Apr 11 01:48:54 UTC 2026","808","tests.admin_panel.products","test_43_delete_product_brand","","","","test_delete_product_brand_invalid_id[9999999]","Негативный тест: удаление несуществующего или некорректного бренда."
"skipped","Sat Apr 11 00:50:27 UTC 2026","Sat Apr 11 00:50:28 UTC 2026","602","tests.one_c","test_cart_calculate_full_coverage","","","","test_random_cart[5]",""
"skipped","Sat Apr 11 00:56:42 UTC 2026","Sat Apr 11 00:56:42 UTC 2026","0","tests.stock","test_create_stock","","","","test_create_stock_with_empty_string_log_if_not_200[user_has_access]",""
"passed","Sat Apr 11 01:21:52 UTC 2026","Sat Apr 11 01:21:52 UTC 2026","574","tests.delivery","test_02_get_delivery_address","","","","test_history_invalid_pagination_should_fail[bad_body4-client]","
    Негатив: валидация PaginationRequest
    "
"passed","Sat Apr 11 01:48:11 UTC 2026","Sat Apr 11 01:48:12 UTC 2026","591","tests.admin_panel.categories","test_81_delete_category_translation","","","","test_delete_category_translation_unauthorized","Негативный тест: удаление перевода без авторизации."
"skipped","Sat Apr 11 01:58:12 UTC 2026","Sat Apr 11 01:58:14 UTC 2026","1649","tests.tickets","test_10_send_message_to_ticket","","","","test_send_message_validation[message_payload1-400]","Проверка валидации входных данных при отправке сообщений"
"skipped","Sat Apr 11 00:56:42 UTC 2026","Sat Apr 11 00:56:42 UTC 2026","0","tests.stock","test_create_stock","","","","test_create_stock_with_empty_string_log_if_not_200[address.floor]",""
"passed","Sat Apr 11 01:36:28 UTC 2026","Sat Apr 11 01:36:30 UTC 2026","2821","tests.admin_panel.slides","test_0_slides_sort","","","","test_slides_sort_success","Позитивный тест: успешная сортировка слайдов в слайдере."
"passed","Sat Apr 11 01:56:17 UTC 2026","Sat Apr 11 01:56:22 UTC 2026","4543","tests.admin_panel.products","test_01_recommended_products_sort","","","","test_sort_recommendations_partial","Сортировка по рекомендациям"
"passed","Sat Apr 11 01:48:57 UTC 2026","Sat Apr 11 01:48:58 UTC 2026","641","tests.admin_panel.promo","test_75_delete_promotion_by_id","","","","test_delete_promotion_unauthorized","Негативный тест: попытка удаления акции без авторизации."
"passed","Sat Apr 11 01:03:17 UTC 2026","Sat Apr 11 01:03:19 UTC 2026","1246","tests.admin_panel.slides","test_59_update_slide","","","","test_update_slide_invalid_payload[payload3-expected_code3]","
    Негативный тест: обновление слайда с невалидным или неполным телом запроса
    "
"passed","Sat Apr 11 00:56:29 UTC 2026","Sat Apr 11 00:56:30 UTC 2026","601","tests.tickets","test_01_get_tickets","","","","test_get_tickets_invalid_pagination[invalid_pagination1-client]","Негативный тест: передаем некорректные значения в pagination"
"passed","Sat Apr 11 01:22:33 UTC 2026","Sat Apr 11 01:22:35 UTC 2026","1654","tests.admin_panel.products","test_42_update_product_brand","","","","test_update_product_brand_forbidden[partner]","Негативный тест: попытка обновления бренда не-админом."
"passed","Sat Apr 11 01:08:17 UTC 2026","Sat Apr 11 01:08:18 UTC 2026","1589","tests.admin_panel.sliders","test_54_update_slider","","","","test_update_slider_forbidden[partner]","Негативный тест: попытка обновления слайдера не-админом."
"passed","Sat Apr 11 00:57:40 UTC 2026","Sat Apr 11 00:57:41 UTC 2026","617","tests.delivery","test_get_cities","","","","test_get_cities_unauthorized","
    Позитив: запрос без авторизации → 200
    "
"passed","Sat Apr 11 01:58:18 UTC 2026","Sat Apr 11 01:58:19 UTC 2026","595","tests.account","test_delete_cover_url","","","","test_add_cover_unauthorized",""
"passed","Sat Apr 11 01:16:13 UTC 2026","Sat Apr 11 01:16:21 UTC 2026","7817","tests.catalog","test_create_admin_product_translation","","","","test_create_admin_product_translation_success[ru]","Создание и обновление перевода продукта на разных языках."
"passed","Sat Apr 11 01:59:46 UTC 2026","Sat Apr 11 01:59:47 UTC 2026","1242","tests.account","test_0_top_partners_top_recruiters","","","","test_get_top_partners_top_recruiters_positive[client]","Позитивные тесты на получение топ-партнеров по количеству активных партнеров"
"passed","Sat Apr 11 01:18:58 UTC 2026","Sat Apr 11 01:19:00 UTC 2026","2197","tests.admin_panel.categories","test_80_create_category_translation","","","","test_create_category_translation_success[ka]","Позитивный тест: создание/обновление перевода категории для разных языков."
"passed","Sat Apr 11 00:48:32 UTC 2026","Sat Apr 11 00:48:32 UTC 2026","591","tests.one_c","test_cart_calculate_full_coverage","","","","test_invalid_top_types[creator-123]",""
"passed","Sat Apr 11 01:27:06 UTC 2026","Sat Apr 11 01:27:08 UTC 2026","1480","tests.admin_panel","test_04_generate_support_token","","","","test_admin_can_generate_support_token_default_ttl","
    POST /admin/support-users/{id}/token
    Без ttl → дефолт (30 суток).
    Проверяем:
    - 200 + поле token
    - в tokens добавилась ровно одна запись для (role=3, id=user_id).
    "
"skipped","Sat Apr 11 01:44:16 UTC 2026","Sat Apr 11 01:44:17 UTC 2026","644","tests.account","test_post_downgrade_user","","","","test_downgrade_validation_errors[bad_payload0-admin]","
    Валидация: битый payload → 400/422.
    "
"passed","Sat Apr 11 01:50:17 UTC 2026","Sat Apr 11 01:50:18 UTC 2026","604","tests.orders","test_group_order_confirm","","","","test_group_order_confirm_validation_errors[payload2-partner]",""
"passed","Sat Apr 11 01:01:09 UTC 2026","Sat Apr 11 01:01:13 UTC 2026","4393","tests.cart","test_12_cart_estimate_delivery","","","","test_estimate_delivery_success[client-dpd_pickup-payload11]","
    Позитив: корзина с товаром, выбор способа доставки и расчёт стоимости для разных служб
    "
"passed","Sat Apr 11 01:32:05 UTC 2026","Sat Apr 11 01:32:06 UTC 2026","811","tests.delivery","test_get_dpd_offices","","","","test_get_dpd_offices_success[1-partner]",""
"passed","Sat Apr 11 01:51:00 UTC 2026","Sat Apr 11 01:51:01 UTC 2026","583","tests.account","test_account_branded_wallet_delete","","","","test_delete_when_nothing_uploaded_returns_404[client]","
    Удаление при отсутствии изображения → 404
    "
"passed","Sat Apr 11 01:22:41 UTC 2026","Sat Apr 11 01:22:43 UTC 2026","1235","tests.admin_panel.products","test_42_update_product_brand","","","","test_update_product_brand_invalid_payload[payload1-expected_code1]","Негативный тест: обновление бренда с невалидным или неполным телом запроса."
"skipped","Sat Apr 11 00:50:19 UTC 2026","Sat Apr 11 00:50:20 UTC 2026","634","tests.one_c","test_cart_calculate_full_coverage","","","","test_large_cart_error[1]",""
"passed","Sat Apr 11 01:04:21 UTC 2026","Sat Apr 11 01:04:29 UTC 2026","7365","tests.catalog","test_create_admin_product","","","","test_create_admin_product_full_payload",""
"passed","Sat Apr 11 01:42:02 UTC 2026","Sat Apr 11 01:42:03 UTC 2026","797","tests.admin_panel","test_03_support_delete_user","","","","test_invalid_id_returns_client_error[None]","
    Кривой/отсутствующий id в path:
    ожидаем клиентскую ошибку (400/404/405), а не 5xx.
    "
"passed","Sat Apr 11 00:49:54 UTC 2026","Sat Apr 11 00:49:55 UTC 2026","862","tests.one_c","test_cart_calculate_full_coverage","","","","test_bonus_info_missing_bonus_to_money",""
"passed","Sat Apr 11 01:25:33 UTC 2026","Sat Apr 11 01:25:35 UTC 2026","2016","tests.admin_panel.items","test_create_item","","","","test_create_item_required_fields_only","Позитивный тест: успешное создание варианта товара (только обязательные поля)."
"skipped","Sat Apr 11 00:56:27 UTC 2026","Sat Apr 11 00:56:27 UTC 2026","0","tests.tickets","test_01_get_tickets","","","","test_get_tickets_success[filter2-sort0-search1-pagination1-partner]","Позитивный тест: получение списка тикетов с разными комбинациями параметров"
"passed","Sat Apr 11 01:46:12 UTC 2026","Sat Apr 11 01:46:12 UTC 2026","576","tests.catalog","test_product_get_by_slug","","","","test_get_product_by_slug_wrong_method[put-client]","
    Негативный: неверный HTTP-метод для GET /products/{slug}
    "
"passed","Sat Apr 11 00:56:32 UTC 2026","Sat Apr 11 00:56:33 UTC 2026","573","tests.tickets","test_01_get_tickets","","","","test_get_tickets_invalid_search[invalid_search1-400-partner]","Негативный тест: передаем некорректные параметры поиска"
"passed","Sat Apr 11 01:08:47 UTC 2026","Sat Apr 11 01:08:48 UTC 2026","1315","tests.admin_panel.sliders","test_54_update_slider","","","","test_update_slider_invalid_payload[payload11-422]","Негативный тест: обновление слайдера с невалидным или неполным телом запроса."
"skipped","Sat Apr 11 02:00:56 UTC 2026","Sat Apr 11 02:00:56 UTC 2026","0","tests.PROJECT_EDUCATION","test_paid_course_integration","","","","test_paid_course_creates_access[client]","
    Сценарий:
    1) Создаём one-click заказ на digital-course
    2) Отмечаем заказ как оплаченный
    3) Проверяем, что в education DB появился активный доступ на курс (external_id=item_id)
    "
"passed","Sat Apr 11 00:57:46 UTC 2026","Sat Apr 11 00:57:47 UTC 2026","771","tests.account","test_update_utc_offset","","","","test_update_utc_offset_valid_values[+00-expected0-partner]",""
"skipped","Sat Apr 11 02:00:35 UTC 2026","Sat Apr 11 02:00:35 UTC 2026","0","tests.orders","test_group_order_get_extended","","","","test_group_order_roles_mapping_partner_and_client",""
"skipped","Sat Apr 11 00:56:42 UTC 2026","Sat Apr 11 00:56:42 UTC 2026","0","tests.stock","test_create_stock","","","","test_create_stock_with_empty_string_log_if_not_200[address.country_id]",""
"skipped","Sat Apr 11 00:50:08 UTC 2026","Sat Apr 11 00:50:08 UTC 2026","914","tests.one_c","test_cart_calculate_full_coverage","","","","test_email_validation[billing_customer-test @mail.com]",""
"passed","Sat Apr 11 01:54:00 UTC 2026","Sat Apr 11 01:54:02 UTC 2026","1641","tests.account","test_update_avatar","","","","test_update_avatar_positive[client-payload0]","Позитивные тесты на обновление аватара"
"passed","Sat Apr 11 01:00:04 UTC 2026","Sat Apr 11 01:00:05 UTC 2026","674","tests.cart","test_02_get_delivery_cost","","","","test_get_delivery_cost_success_partial_payload[client-payload0-400]",""
"passed","Sat Apr 11 01:58:35 UTC 2026","Sat Apr 11 01:58:36 UTC 2026","599","tests.catalog","test_get_currencies","","","","test_get_currencies_success[partner]","
    Позитивный тест: успешное получение списка валют
    "
"passed","Sat Apr 11 01:28:11 UTC 2026","Sat Apr 11 01:28:12 UTC 2026","844","tests.admin_panel.items","test_update_item","","","","test_update_item_invalid_id[-1]","Негативный тест: несуществующий или некорректный ID."
"passed","Sat Apr 11 00:50:47 UTC 2026","Sat Apr 11 00:50:49 UTC 2026","1206","tests.tickets","test_04_create_ticket","","","","test_create_ticket_success[client-attachments0-QuestionsAboutTheRewardSystemMarketingPlan]","Позитивный тест: создание тикета с разными темами и вложениями для клиента, партнера и админа"
"passed","Sat Apr 11 01:36:55 UTC 2026","Sat Apr 11 01:36:55 UTC 2026","613","tests.catalog","test_get_recommended_products","","","","test_get_recommended_products_invalid_stock_id[1.5]","
    Негативные значения stock_id
    "
"failed","Sat Apr 11 01:36:56 UTC 2026","Sat Apr 11 01:36:57 UTC 2026","782","tests.catalog","test_get_recommended_products","","","","test_get_recommended_products_without_token_success","
    Проверяем, что без токена возвращается валидный контракт
    "
"skipped","Sat Apr 11 01:07:25 UTC 2026","Sat Apr 11 01:07:25 UTC 2026","0","tests.PROJECT_EDUCATION.orders","test_post_orders","","","","test_post_orders_invalid_payload__400_422[payload1]","Негатив: невалидный body"
"passed","Sat Apr 11 01:45:38 UTC 2026","Sat Apr 11 01:45:38 UTC 2026","832","tests.admin_panel.promo","test_76_get_promotion_items","","","","test_get_promotion_item_not_found","Негативный тест: получение элемента для несуществующей акции"
"skipped","Sat Apr 11 00:56:42 UTC 2026","Sat Apr 11 00:56:42 UTC 2026","0","tests.stock","test_create_stock","","","","test_create_stock_with_empty_string_log_if_not_200[timezone.display_name]",""
"skipped","Sat Apr 11 02:00:56 UTC 2026","Sat Apr 11 02:00:56 UTC 2026","0","tests.PROJECT_EDUCATION.orders","test_get_order_by_id","","","","test_get_order_by_id__unauthorized__401_403",""
"skipped","Sat Apr 11 01:58:39 UTC 2026","Sat Apr 11 01:58:40 UTC 2026","841","tests.catalog","test_get_item_by_id","","","","test_get_item_invalid_id[0]","
    Негативный тест: передан некорректный ID (тип/значение)
    "
"skipped","Sat Apr 11 00:56:27 UTC 2026","Sat Apr 11 00:56:27 UTC 2026","0","tests.tickets","test_01_get_tickets","","","","test_get_tickets_success[filter1-sort0-search0-pagination1-admin]","Позитивный тест: получение списка тикетов с разными комбинациями параметров"
"passed","Sat Apr 11 01:18:13 UTC 2026","Sat Apr 11 01:18:22 UTC 2026","8348","tests.catalog","test_create_admin_product_translation","","","","test_product_translation_update_duplicate_lang_code","Проверка перезаписи перевода по одному и тому же lang_code."
"skipped","Sat Apr 11 01:40:23 UTC 2026","Sat Apr 11 01:40:23 UTC 2026","1","tests.cart","test_09_cart_save_region","","","","test_save_region_by_name_success[client]","Позитив: сохранение региона по region_name"
"passed","Sat Apr 11 00:56:42 UTC 2026","Sat Apr 11 00:56:43 UTC 2026","1020","tests.delivery","test_01_save_delivery_address","","","","test_save_address_positive_contract_and_cleanup[payload0-client]",""
"failed","Sat Apr 11 01:59:55 UTC 2026","Sat Apr 11 01:59:55 UTC 2026","580","tests.cart","test_13_cart_delete_estimate_delivery","","","","test_delete_estimate_delivery_switches_to_selfpickup[partner]","
    поведение backend:
    - estimate удаляется
    - корзина переключается на SelfPickup
    - advance_costs могут остаться
    "
"skipped","Sat Apr 11 00:56:42 UTC 2026","Sat Apr 11 00:56:42 UTC 2026","0","tests.stock","test_create_stock","","","","test_create_stock_with_empty_string_log_if_not_200[address.name]",""
"passed","Sat Apr 11 01:12:13 UTC 2026","Sat Apr 11 01:12:13 UTC 2026","752","tests.delivery","test_get_cities_v2","","","","test_get_cities_v2_success[admin]","
    Позитив: быстрый поиск городов по части названия
    "
"passed","Sat Apr 11 00:54:23 UTC 2026","Sat Apr 11 00:54:24 UTC 2026","1247","tests.tickets","test_04_create_ticket","","","","test_create_ticket_success[admin-attachments0-QuestionsAboutTheWorkOfTheStructureAndMentors]","Позитивный тест: создание тикета с разными темами и вложениями для клиента, партнера и админа"
"passed","Sat Apr 11 00:57:31 UTC 2026","Sat Apr 11 00:57:32 UTC 2026","582","tests.delivery","test_get_cities","","","","test_get_cities_invalid_country_id_should_fail[abc-admin]","
    Негатив: невалидный country_id → 400/422
    "
"passed","Sat Apr 11 01:42:29 UTC 2026","Sat Apr 11 01:42:32 UTC 2026","2653","tests.admin_panel.categories","test_79_get_category_translation","","","","test_get_category_two_translations_success",""
"skipped","Sat Apr 11 00:56:27 UTC 2026","Sat Apr 11 00:56:27 UTC 2026","0","tests.tickets","test_01_get_tickets","","","","test_get_tickets_success[filter2-sort0-search2-pagination1-admin]","Позитивный тест: получение списка тикетов с разными комбинациями параметров"
"passed","Sat Apr 11 00:50:24 UTC 2026","Sat Apr 11 00:50:26 UTC 2026","2184","tests.one_c","test_cart_calculate_full_coverage","","","","test_large_cart[20]",""
"passed","Sat Apr 11 00:54:14 UTC 2026","Sat Apr 11 00:54:16 UTC 2026","1256","tests.tickets","test_04_create_ticket","","","","test_create_ticket_success[admin-attachments0-QuestionsAboutTheHousingAndCarProgram]","Позитивный тест: создание тикета с разными темами и вложениями для клиента, партнера и админа"
"passed","Sat Apr 11 01:28:23 UTC 2026","Sat Apr 11 01:28:25 UTC 2026","2019","tests.admin_panel.items","test_update_item","","","","test_update_item_invalid_payload[payload0-expected_code0]","Негативный тест: обновление item с невалидным или неполным телом запроса."
"skipped","Sat Apr 11 01:07:25 UTC 2026","Sat Apr 11 01:07:25 UTC 2026","0","tests.PROJECT_EDUCATION.orders","test_post_orders","","","","test_post_orders_uniqueness__two_creates__uuid_and_int_id_different","Уникальность: два заказа - разные uuid и int_id"
"passed","Sat Apr 11 01:28:14 UTC 2026","Sat Apr 11 01:28:15 UTC 2026","875","tests.admin_panel.items","test_update_item","","","","test_update_item_invalid_id[0]","Негативный тест: несуществующий или некорректный ID."
"skipped","Sat Apr 11 01:07:25 UTC 2026","Sat Apr 11 01:07:25 UTC 2026","0","tests.PROJECT_EDUCATION.orders","test_post_orders","","","","test_post_orders_invalid_payload__400_422[payload14]","Негатив: невалидный body"
"passed","Sat Apr 11 01:24:53 UTC 2026","Sat Apr 11 01:24:55 UTC 2026","2093","tests.admin_panel.slides","test_61_upload_slides_images","","","","test_upload_only_single_slide_image_field[desktop_image-test_jpg.jpg-image/jpeg]",""
"passed","Sat Apr 11 01:43:18 UTC 2026","Sat Apr 11 01:43:26 UTC 2026","7273","tests.catalog","test_get_admin_product_translation","","","","test_get_admin_product_two_translations_success","Проверка получения двух переводов продукта (ru, en)."
"skipped","Sat Apr 11 01:44:12 UTC 2026","Sat Apr 11 01:44:12 UTC 2026","0","tests.PROJECT_EDUCATION.test_system","test_01_start_test","","","","test_start_test_unauthorized__401_or_404","
    без авторизации
    "
"passed","Sat Apr 11 01:50:17 UTC 2026","Sat Apr 11 01:50:17 UTC 2026","643","tests.orders","test_group_order_confirm","","","","test_group_order_confirm_validation_errors[payload1-partner]",""
"passed","Sat Apr 11 01:31:57 UTC 2026","Sat Apr 11 01:31:58 UTC 2026","612","tests.delivery","test_get_cdek_offices","","","","test_get_cdek_offices_missing_city_id_should_fail[admin]",""
"failed","Sat Apr 11 01:56:06 UTC 2026","Sat Apr 11 01:56:07 UTC 2026","619","tests.admin_panel.categories","test_45_get_categories","","","","test_get_categories_forbidden[partner]","Негативный тест: получение списка категорий не админом."
"passed","Sat Apr 11 01:35:51 UTC 2026","Sat Apr 11 01:35:52 UTC 2026","805","tests.admin_panel","test_01_support_create_user","","","","test_invalid_user_id_returns_client_error[None]",""
"passed","Sat Apr 11 01:53:56 UTC 2026","Sat Apr 11 01:53:57 UTC 2026","598","tests.account","test_0_profile","","","","test_get_profile_positive[partner]","Позитивные тесты на получение данных пользовательского аккаунта"
"passed","Sat Apr 11 01:29:45 UTC 2026","Sat Apr 11 01:29:46 UTC 2026","853","tests.reviews","test_reviews_create_post","","","","test_reviews_create_missing_required_field_returns_400[payload2]",""
"passed","Sat Apr 11 01:02:15 UTC 2026","Sat Apr 11 01:02:19 UTC 2026","4032","tests.cart","test_12_cart_estimate_delivery","","","","test_estimate_delivery_success[partner-dpd_courier-payload12]","
    Позитив: корзина с товаром, выбор способа доставки и расчёт стоимости для разных служб
    "
"passed","Sat Apr 11 01:32:24 UTC 2026","Sat Apr 11 01:32:25 UTC 2026","621","tests.delivery","test_get_self_pickup_offices","","","","test_get_self_pickup_offices_missing_city_id_should_fail[admin]","Негатив: отсутствует обязательный query-параметр city_id → 400/422."
"passed","Sat Apr 11 01:13:30 UTC 2026","Sat Apr 11 01:13:31 UTC 2026","777","tests.catalog","test_update_admin_product","","","","test_update_admin_product_invalid_id[0]",""
"skipped","Sat Apr 11 01:58:35 UTC 2026","Sat Apr 11 01:58:35 UTC 2026","0","tests.catalog","test_exclusive_preorder_products_by_id","","","","test_products_by_id_exclusive_in_stock_with_permission[partner]","
    Позитив:
      - берём product_id+item_id по /products/list (exclusive)
      - permission remaining_quantity=2
      - /products/{id} должен отдать availability слот для stock_id:
           is_exclusive_preorder_only==True (если поле есть)
           is_visible==True (если поле есть)
           in_stock==2 (если поле есть)
    "
"passed","Sat Apr 11 01:53:49 UTC 2026","Sat Apr 11 01:53:50 UTC 2026","803","tests.register","test_02_register_partner","","","","test_register_partner_negative[payload2-400]","Тест: негативные тесты для регистрации партнера вручную"
"passed","Sat Apr 11 01:04:49 UTC 2026","Sat Apr 11 01:04:56 UTC 2026","6631","tests.catalog","test_create_admin_product","","","","test_create_admin_product_minimal_payload_variants[slug+categories+category_ids]",""
"passed","Sat Apr 11 01:03:34 UTC 2026","Sat Apr 11 01:03:35 UTC 2026","1306","tests.admin_panel.slides","test_59_update_slide","","","","test_update_slide_invalid_payload[payload8-422]","
    Негативный тест: обновление слайда с невалидным или неполным телом запроса
    "
"failed","Sat Apr 11 01:56:49 UTC 2026","Sat Apr 11 01:56:50 UTC 2026","587","tests.admin_panel.sliders","test_51_get_sliders","","","","test_get_sliders_forbidden[partner]","Негативный тест: получение списка слайдеров не админом"
"skipped","Sat Apr 11 00:49:22 UTC 2026","Sat Apr 11 00:49:23 UTC 2026","852","tests.one_c","test_cart_calculate_full_coverage","","","","test_payment_invalid_numbers[total-0]",""
"passed","Sat Apr 11 01:42:33 UTC 2026","Sat Apr 11 01:42:35 UTC 2026","2356","tests.admin_panel.categories","test_79_get_category_translation","","","","test_get_category_translation_forbidden[client]",""
"passed","Sat Apr 11 00:56:28 UTC 2026","Sat Apr 11 00:56:28 UTC 2026","580","tests.tickets","test_01_get_tickets","","","","test_get_tickets_invalid_pagination[invalid_pagination0-client]","Негативный тест: передаем некорректные значения в pagination"
"passed","Sat Apr 11 00:57:54 UTC 2026","Sat Apr 11 00:57:55 UTC 2026","829","tests.account","test_update_utc_offset","","","","test_update_utc_offset_valid_values[-00-expected3-admin]",""
"skipped","Sat Apr 11 01:29:53 UTC 2026","Sat Apr 11 01:29:53 UTC 2026","853","tests.reviews","test_reviews_create_post","","","","test_reviews_create_invalid_types_return_client_error[patch1]",""
"passed","Sat Apr 11 01:02:56 UTC 2026","Sat Apr 11 01:02:56 UTC 2026","841","tests.admin_panel.slides","test_59_update_slide","","","","test_update_slide_invalid_id[-1]","Негативный тест: несуществующий или некорректный ID"
"skipped","Sat Apr 11 01:04:19 UTC 2026","Sat Apr 11 01:04:19 UTC 2026","0","tests.account","test_0_marathon","","","","test_get_marathon_is_purchased_negative[partner-400]","Негативный кейс — проверяет приобретал ли аккаунт марафонский набор (все поля)"
"passed","Sat Apr 11 02:00:55 UTC 2026","Sat Apr 11 02:00:56 UTC 2026","613","tests.stock","test_delete_stock","","","","test_delete_stock_unauthorized",""
"passed","Sat Apr 11 01:35:12 UTC 2026","Sat Apr 11 01:35:13 UTC 2026","841","tests.reviews","test_reviews_list_post","","","","test_reviews_list_invalid_period_filter_returns_client_error[123]",""
"passed","Sat Apr 11 01:58:49 UTC 2026","Sat Apr 11 01:58:50 UTC 2026","578","tests.delivery","test_get_five_post_warehouses","","","","test_get_five_post_warehouses_forbidden_for_non_admins[client]","Негатив: доступ к списку складов 5Post разрешён только админу."
"skipped","Sat Apr 11 00:56:42 UTC 2026","Sat Apr 11 00:56:42 UTC 2026","0","tests.stock","test_create_stock","","","","test_create_stock_with_empty_string_log_if_not_200[timezone]",""
"passed","Sat Apr 11 01:35:23 UTC 2026","Sat Apr 11 01:35:24 UTC 2026","1333","tests.account","test_add_cover_url","","","","test_add_cover_min_payload[admin]",""
"passed","Sat Apr 11 01:32:18 UTC 2026","Sat Apr 11 01:32:18 UTC 2026","614","tests.delivery","test_get_emu_pickup_points","","","","test_get_emu_pickup_points_invalid_city_id_should_fail[0-admin]","Негатив: невалидные значения city_id → 400/422."
"skipped","Sat Apr 11 01:41:49 UTC 2026","Sat Apr 11 01:41:49 UTC 2026","830","tests.tickets","test_09_get_ticket_messages","","","","test_get_ticket_messages_invalid_id_format[None]","Негативный тест: запрос с некорректным ID (строка, спецсимволы, пустое значение)"
"failed","Sat Apr 11 01:02:19 UTC 2026","Sat Apr 11 01:02:21 UTC 2026","2548","tests.cart","test_12_cart_estimate_delivery","","","","test_estimate_delivery_success[partner-boxberry_pickup-payload13]","
    Позитив: корзина с товаром, выбор способа доставки и расчёт стоимости для разных служб
    "
"passed","Sat Apr 11 01:36:26 UTC 2026","Sat Apr 11 01:36:26 UTC 2026","580","tests.admin_panel.periods","test_get_period_by_id","","","","test_get_period_by_id__invalid_id_400_404[admin-0]",""
"passed","Sat Apr 11 01:01:27 UTC 2026","Sat Apr 11 01:01:31 UTC 2026","3716","tests.cart","test_12_cart_estimate_delivery","","","","test_estimate_delivery_success[partner-fargo-payload1]","
    Позитив: корзина с товаром, выбор способа доставки и расчёт стоимости для разных служб
    "
"passed","Sat Apr 11 01:31:17 UTC 2026","Sat Apr 11 01:31:17 UTC 2026","188","tests.cart","test_delivery_address_save_apply","","","","test_save_address_invalid_payload[payload1]",""
"skipped","Sat Apr 11 01:44:22 UTC 2026","Sat Apr 11 01:44:23 UTC 2026","833","tests.admin_panel","test_accrue_auto_bonus","","","","test_accrue_auto_bonus_invalid_payload[payload0-400]",""
"skipped","Sat Apr 11 01:44:12 UTC 2026","Sat Apr 11 01:44:12 UTC 2026","0","tests.PROJECT_EDUCATION.test_system","test_02_get_question","","","","test_get_question_invalid_id__400_or_404[999999]",""
"passed","Sat Apr 11 01:03:31 UTC 2026","Sat Apr 11 01:03:32 UTC 2026","1292","tests.admin_panel.slides","test_59_update_slide","","","","test_update_slide_invalid_payload[payload7-expected_code7]","
    Негативный тест: обновление слайда с невалидным или неполным телом запроса
    "
"failed","Sat Apr 11 01:53:29 UTC 2026","Sat Apr 11 01:53:31 UTC 2026","2015","tests.orders","test_group_order_leave","","","","test_cart_leave_group_restore_available_delivery_methods[client]","
    После leave должны быть доступны обычные delivery методы
    "
"passed","Sat Apr 11 01:54:19 UTC 2026","Sat Apr 11 01:54:19 UTC 2026","573","tests.admin_panel","test_report_accruals","","","","test_report_accruals_forbidden[client]",""
"failed","Sat Apr 11 01:40:33 UTC 2026","Sat Apr 11 01:40:36 UTC 2026","3396","tests.catalog","test_product_get_by_id","","","","test_get_product_by_id_success[admin]","
    Позитивный: успешное получение продукта по ID
    "
"skipped","Sat Apr 11 00:48:37 UTC 2026","Sat Apr 11 00:48:38 UTC 2026","904","tests.one_c","test_cart_calculate_full_coverage","","","","test_products_negative_numbers[total_price--1]",""
"passed","Sat Apr 11 01:26:18 UTC 2026","Sat Apr 11 01:26:19 UTC 2026","580","tests.orders","test_create_order_by_delivery_address","","","","test_create_order_invalid_data[invalid_payload0-expected_status0-partner]",""
"passed","Sat Apr 11 01:27:42 UTC 2026","Sat Apr 11 01:27:43 UTC 2026","871","tests.admin_panel","test_04_generate_support_token","","","","test_invalid_user_id_for_token_returns_client_error[0]",""
"skipped","Sat Apr 11 01:54:00 UTC 2026","Sat Apr 11 01:54:00 UTC 2026","0","tests.account","test_history","","","","test_get_history_positive[client-payload1]","Позитивные тесты на получение истории аккаунта"
"passed","Sat Apr 11 01:49:09 UTC 2026","Sat Apr 11 01:49:09 UTC 2026","617","tests.admin_panel.sliders","test_55_delete_sliders","","","","test_delete_slider_unauthorized","Негативный тест: попытка удаления слайдера без авторизации."
"passed","Sat Apr 11 01:32:39 UTC 2026","Sat Apr 11 01:32:49 UTC 2026","9968","tests.admin_panel.products","test_product_files_update","","","","test_update_product_files_success",""
"passed","Sat Apr 11 01:29:12 UTC 2026","Sat Apr 11 01:29:13 UTC 2026","1435","tests.admin_panel.users","test_post_admin_users_exclusive_preorder_permissions","","","","test_post_exclusive_preorder_permissions_validation_errors_400[payload9]","
    Негатив: некорректный payload
    "
"passed","Sat Apr 11 01:37:17 UTC 2026","Sat Apr 11 01:37:17 UTC 2026","579","tests.one_c","test_stock_delivery_methods","","","","test_1c_stock_delivery_methods_bad_request_for_invalid_payload[body4]",""
"passed","Sat Apr 11 00:55:35 UTC 2026","Sat Apr 11 00:55:37 UTC 2026","1965","tests.tickets","test_04_create_ticket","","","","test_create_ticket_success[admin-attachments2-QuestionsAboutProducts]","Позитивный тест: создание тикета с разными темами и вложениями для клиента, партнера и админа"
"passed","Sat Apr 11 01:07:42 UTC 2026","Sat Apr 11 01:07:43 UTC 2026","1182","tests.admin_panel.promo","test_74_update_promotion","","","","test_update_promotion_invalid_payload[payload1-400]","Негативный тест: обновление акции с невалидным или неполным телом запроса"
"skipped","Sat Apr 11 02:01:01 UTC 2026","Sat Apr 11 02:01:01 UTC 2026","0","tests.chat_support","test_03_support_chat_ticket_post","","","","test_create_ticket_from_last_messages_success[client]","
    Позитив: /support-chat/ticket создаёт тикет из последних 3 сообщений
    "
"passed","Sat Apr 11 01:30:13 UTC 2026","Sat Apr 11 01:30:13 UTC 2026","579","tests.account","test_get_account_exists","","","","test_get_account_exists_positive[params3-admin]","Нкгатив: невлидны id"
"passed","Sat Apr 11 01:57:03 UTC 2026","Sat Apr 11 01:57:04 UTC 2026","606","tests.auth","test_03_token_auth","","","","test_auth_by_valid_token[admin]","Тест успешной авторизации по валидному токену"
"passed","Sat Apr 11 01:11:27 UTC 2026","Sat Apr 11 01:11:28 UTC 2026","1318","tests.cart","test_free_delivery_by_rc_and_belts","","","","test_delivery_costs_with_empty_cart[client]",""
"passed","Sat Apr 11 01:08:04 UTC 2026","Sat Apr 11 01:08:05 UTC 2026","1318","tests.admin_panel.promo","test_74_update_promotion","","","","test_update_promotion_invalid_payload[payload11-422]","Негативный тест: обновление акции с невалидным или неполным телом запроса"
"passed","Sat Apr 11 01:29:33 UTC 2026","Sat Apr 11 01:29:35 UTC 2026","1671","tests.reviews","test_reviews_create_post","","","","test_reviews_create_allowed_for_authorized_users[authorize_partner]",""
"passed","Sat Apr 11 01:23:58 UTC 2026","Sat Apr 11 01:23:59 UTC 2026","619","tests.statistic","test_team_registrations","","","","test_get_team_registration_statistic_positive[payload0-admin]","Позитивный тест: получение статистики по регистрации команды с валидным телом запроса"
"passed","Sat Apr 11 01:08:52 UTC 2026","Sat Apr 11 01:08:56 UTC 2026","3898","tests.cart","test_20_cart_recommended_products","","","","test_cart_recommended_products_empty_cart[client]",""
"skipped","Sat Apr 11 01:04:19 UTC 2026","Sat Apr 11 01:04:19 UTC 2026","0","tests.account","test_account_branded_wallet_get","","","","test_get_missing_params_returns_200[partner]","
    Негатив: отсутствуют month/year → 200(берем теуще)
    "
"skipped","Sat Apr 11 01:23:54 UTC 2026","Sat Apr 11 01:23:54 UTC 2026","574","tests.statistic","test_team_go","","","","test_get_team_go_statistic_negative[payload0-partner]","Негативный тест: ошибка при получении статистики по команде с невалидным телом запроса"
"passed","Sat Apr 11 00:57:31 UTC 2026","Sat Apr 11 00:57:31 UTC 2026","607","tests.delivery","test_get_cities","","","","test_get_cities_invalid_country_id_should_fail[-admin]","
    Негатив: невалидный country_id → 400/422
    "
"skipped","Sat Apr 11 01:04:19 UTC 2026","Sat Apr 11 01:04:19 UTC 2026","0","tests.account","test_account_branded_wallet_get","","","","test_get_past_year_should_be_404[partner]","
    прошлый период. днных нет - 404
    "
"passed","Sat Apr 11 01:58:34 UTC 2026","Sat Apr 11 01:58:35 UTC 2026","1158","tests.cart","test_25_cart_city_guessed_flag","","","","test_city_guessed_guest_after_city_saved","
    Гость:
      - первый заход: is_city_guessed должен быть True
      - попытка сохранить город через /cart/save_city:
          is_city_guessed уже не может быть True
    "
"passed","Sat Apr 11 01:02:58 UTC 2026","Sat Apr 11 01:02:59 UTC 2026","807","tests.admin_panel.slides","test_59_update_slide","","","","test_update_slide_invalid_id[0]","Негативный тест: несуществующий или некорректный ID"
"skipped","Sat Apr 11 01:44:18 UTC 2026","Sat Apr 11 01:44:19 UTC 2026","613","tests.account","test_post_downgrade_user","","","","test_downgrade_validation_errors[bad_payload4-admin]","
    Валидация: битый payload → 400/422.
    "
"skipped","Sat Apr 11 00:56:42 UTC 2026","Sat Apr 11 00:56:42 UTC 2026","0","tests.stock","test_create_stock","","","","test_create_stock_with_empty_string_log_if_not_200[address.latitude]",""
"skipped","Sat Apr 11 01:40:23 UTC 2026","Sat Apr 11 01:40:23 UTC 2026","0","tests.cart","test_09_cart_save_region","","","","test_save_region_by_name_success[partner]","Позитив: сохранение региона по region_name"
"skipped","Sat Apr 11 00:56:42 UTC 2026","Sat Apr 11 00:56:42 UTC 2026","0","tests.stock","test_create_stock","","","","test_create_stock_with_empty_string_log_if_not_200[city.id]",""
"passed","Sat Apr 11 01:57:29 UTC 2026","Sat Apr 11 01:57:30 UTC 2026","1426","tests.promo_time.new_year_lottery","test_admin_new_year_lottery_coupons","","","","test_change_coupons_for_unknown_order_returns_404","
    Негатив: заказ не найден
    "
"skipped","Sat Apr 11 01:41:51 UTC 2026","Sat Apr 11 01:41:51 UTC 2026","0","tests.PROJECT_EDUCATION.test_system","test_06_get_result","","","","test_get_result_invalid_id__400_or_404[]",""
"passed","Sat Apr 11 01:35:21 UTC 2026","Sat Apr 11 01:35:23 UTC 2026","1580","tests.account","test_add_cover_url","","","","test_add_cover_min_payload[partner]",""
"passed","Sat Apr 11 01:05:18 UTC 2026","Sat Apr 11 01:05:19 UTC 2026","1017","tests.catalog","test_create_admin_product","","","","test_create_product_invalid_payload[payload4-400]",""
"passed","Sat Apr 11 01:50:35 UTC 2026","Sat Apr 11 01:50:36 UTC 2026","807","tests.orders","test_group_order_v2_with_preorder_and_items","","","","test_group_order_v2_invalid_item_ids_returns_400[bad_item_ids1]",""
"skipped","Sat Apr 11 00:56:27 UTC 2026","Sat Apr 11 00:56:27 UTC 2026","0","tests.tickets","test_01_get_tickets","","","","test_get_tickets_success[filter2-sort0-search2-pagination1-client]","Позитивный тест: получение списка тикетов с разными комбинациями параметров"
"passed","Sat Apr 11 01:52:44 UTC 2026","Sat Apr 11 01:52:44 UTC 2026","597","tests.catalog","test_get_items_list_all","","","","test_get_items_list_all_wrong_method[put]",""
"passed","Sat Apr 11 01:05:49 UTC 2026","Sat Apr 11 01:05:50 UTC 2026","184","tests.cart","test_update_location","","","","test_update_location_invalid_types[payload1]",""
"passed","Sat Apr 11 01:46:05 UTC 2026","Sat Apr 11 01:46:06 UTC 2026","924","tests.cart","test_08_cart_delete","","","","test_delete_cart_item_invalid_payload[partner-payload0]","Негатив: невалидный payload при удалении позиции"
"passed","Sat Apr 11 00:56:39 UTC 2026","Sat Apr 11 00:56:39 UTC 2026","571","tests.tickets","test_01_get_tickets","","","","test_get_tickets_unauthorized","Негативный тест: запрос без авторизации"
"skipped","Sat Apr 11 01:57:19 UTC 2026","Sat Apr 11 01:57:19 UTC 2026","0","tests.cart","test_exclusive_preorder_cart_update_multi","","","","test_cart_update_multi_checks_quantity_after_permission_400[client]",""
"passed","Sat Apr 11 01:00:13 UTC 2026","Sat Apr 11 01:00:13 UTC 2026","616","tests.cart","test_02_get_delivery_cost","","","","test_get_delivery_cost_success_partial_payload[partner-payload4-400]",""
"passed","Sat Apr 11 01:45:46 UTC 2026","Sat Apr 11 01:45:48 UTC 2026","2087","tests.admin_panel.promo","test_78_delete_promotion_item","","","","test_delete_promotion_item_forbidden[partner]","Негативный тест: удаление элемента акции не-админом запрещено."
"skipped","Sat Apr 11 00:50:06 UTC 2026","Sat Apr 11 00:50:07 UTC 2026","957","tests.one_c","test_cart_calculate_full_coverage","","","","test_email_validation[billing_customer-]",""
"passed","Sat Apr 11 01:47:11 UTC 2026","Sat Apr 11 01:47:12 UTC 2026","886","tests.reviews","test_reviews_get_by_id","","","","test_reviews_get_by_id_invalid_id_returns_client_error[1.23]",""
"passed","Sat Apr 11 01:41:27 UTC 2026","Sat Apr 11 01:41:28 UTC 2026","1408","tests.tickets","test_02_get_ticket_by_id","","","","test_get_ticket_success[partner]","Позитивный тест: успешное получение тикета по ID для клиента, партнера и администратора."
"passed","Sat Apr 11 01:35:14 UTC 2026","Sat Apr 11 01:35:15 UTC 2026","811","tests.reviews","test_reviews_list_post","","","","test_reviews_list_invalid_period_filter_returns_client_error[123/abc]",""
"failed","Sat Apr 11 01:58:42 UTC 2026","Sat Apr 11 01:58:44 UTC 2026","1372","tests.catalog","test_get_items_list","","","","test_get_items_list_success[partner]","
    Позитивный тест: успешное получение списка атомарных товаров
    "
"skipped","Sat Apr 11 01:57:19 UTC 2026","Sat Apr 11 01:57:19 UTC 2026","0","tests.cart","test_exclusive_preorder_cart_update","","","","test_cart_update_checks_permission_for_exclusive_400[partner]","
    Негатив
      - availability_items.is_exclusive_preorder_only=true
      - permission отсутствует
      => /cart/update ДОЛЖЕН вернуть 400
    "
"passed","Sat Apr 11 01:50:07 UTC 2026","Sat Apr 11 01:50:08 UTC 2026","589","tests.delivery","test_geo_suggest","","","","test_geo_suggest_unauthorized_401",""
"skipped","Sat Apr 11 01:44:12 UTC 2026","Sat Apr 11 01:44:12 UTC 2026","0","tests.PROJECT_EDUCATION.test_system","test_05_get_info","","","","test_get_info_invalid_id__400_or_404[-1]","Негатив: невалидный id в path"
"skipped","Sat Apr 11 01:54:00 UTC 2026","Sat Apr 11 01:54:00 UTC 2026","0","tests.account","test_family_agreement_create_one","","","","test_create_family_agreement_one_positive[admin-payload0]","Позитивные тесты на создание семейного соглашения при отсутствующем втором партнере"
"skipped","Sat Apr 11 00:50:02 UTC 2026","Sat Apr 11 00:50:03 UTC 2026","922","tests.one_c","test_cart_calculate_full_coverage","","","","test_email_validation[billing_customer-@mail.com]",""
"skipped","Sat Apr 11 00:56:27 UTC 2026","Sat Apr 11 00:56:27 UTC 2026","0","tests.tickets","test_01_get_tickets","","","","test_get_tickets_success[filter2-sort0-search1-pagination0-admin]","Позитивный тест: получение списка тикетов с разными комбинациями параметров"
"passed","Sat Apr 11 01:34:45 UTC 2026","Sat Apr 11 01:34:46 UTC 2026","877","tests.admin_panel.products","test_product_files_update","","","","test_update_product_not_found",""
"passed","Sat Apr 11 01:18:42 UTC 2026","Sat Apr 11 01:18:44 UTC 2026","1985","tests.admin_panel.categories","test_80_create_category_translation","","","","test_create_category_translation_success[en]","Позитивный тест: создание/обновление перевода категории для разных языков."
"passed","Sat Apr 11 01:48:23 UTC 2026","Sat Apr 11 01:48:27 UTC 2026","4118","tests.admin_panel.items","test_delete_item_translation","","","","test_delete_item_translation_success","Позитивный тест: удаление одного из двух переводов варианта товара."
"passed","Sat Apr 11 01:39:32 UTC 2026","Sat Apr 11 01:39:33 UTC 2026","808","tests.admin_panel.products","test_41_get_product_brand_by_id","","","","test_get_product_brand_invalid_id[-1]","Негативный тест: получение бренда по невалидному ID"
"passed","Sat Apr 11 00:52:33 UTC 2026","Sat Apr 11 00:52:34 UTC 2026","1242","tests.tickets","test_04_create_ticket","","","","test_create_ticket_success[partner-attachments0-QuestionsAboutTheWorkOfTheStructureAndMentors]","Позитивный тест: создание тикета с разными темами и вложениями для клиента, партнера и админа"
"passed","Sat Apr 11 01:32:23 UTC 2026","Sat Apr 11 01:32:24 UTC 2026","634","tests.delivery","test_get_self_pickup_offices","","","","test_get_self_pickup_offices_success[142257-admin]","Позитив: успешное получение списка ПВЗ ЭВЫ по city_id."
"passed","Sat Apr 11 01:00:53 UTC 2026","Sat Apr 11 01:00:57 UTC 2026","3781","tests.cart","test_12_cart_estimate_delivery","","","","test_estimate_delivery_success[client-cargo-payload7]","
    Позитив: корзина с товаром, выбор способа доставки и расчёт стоимости для разных служб
    "
"passed","Sat Apr 11 01:59:37 UTC 2026","Sat Apr 11 01:59:37 UTC 2026","616","tests.account","test_0_grades_rating","","","","test_get_grades_rating_positive[partner]","Позитивные тесты на получение рейтинга квалификаций"
"failed","Sat Apr 11 01:59:15 UTC 2026","Sat Apr 11 01:59:16 UTC 2026","1156","tests.promo_time.new_year_lottery","test_new_year_lottery_info","","","","test_get_new_year_lottery_info_empty[partner]","
    ккорректная форма ответа
    "
"passed","Sat Apr 11 01:53:57 UTC 2026","Sat Apr 11 01:53:58 UTC 2026","598","tests.account","test_0_profile","","","","test_get_profile_positive[admin]","Позитивные тесты на получение данных пользовательского аккаунта"
"passed","Sat Apr 11 01:04:14 UTC 2026","Sat Apr 11 01:04:15 UTC 2026","1279","tests.admin_panel.slides","test_59_update_slide","","","","test_update_slide_invalid_payload[payload20-422]","
    Негативный тест: обновление слайда с невалидным или неполным телом запроса
    "
"passed","Sat Apr 11 01:24:49 UTC 2026","Sat Apr 11 01:24:52 UTC 2026","2514","tests.admin_panel.slides","test_61_upload_slides_images","","","","test_upload_only_single_slide_image_field[preview-test_png.png-image/png]",""
"passed","Sat Apr 11 01:57:19 UTC 2026","Sat Apr 11 01:57:21 UTC 2026","1841","tests.one_c","test_create_1c_stock","","","","test_create_1c_stock_success",""
"passed","Sat Apr 11 01:20:59 UTC 2026","Sat Apr 11 01:21:05 UTC 2026","5897","tests.admin_panel.products","test_44_upload_product_brand_images","","","","test_upload_product_brand_images_various_fields[4.7-fields_to_send4-204]","Негативный тест. Загрузка слишком большого изображения."
"passed","Sat Apr 11 01:06:48 UTC 2026","Sat Apr 11 01:06:49 UTC 2026","197","tests.one_c","test_free_delivery_to_regions_and_cities","","","","test_1c_free_delivery_forbidden_without_secret_key",""
"passed","Sat Apr 11 01:48:46 UTC 2026","Sat Apr 11 01:48:46 UTC 2026","642","tests.admin_panel.products","test_43_delete_product_brand","","","","test_delete_product_brand_unauthorized","Негативный тест: попытка удаления бренда без авторизации."
"passed","Sat Apr 11 01:25:44 UTC 2026","Sat Apr 11 01:25:45 UTC 2026","998","tests.admin_panel.items","test_create_item","","","","test_create_item_invalid_payload[payload3-expected_code3]","
    Негативный тест: создание варианта с невалидным телом запроса.
    Если сервер внезапно вернул успех — удаляем созданный item из БД.
    "
"passed","Sat Apr 11 01:46:09 UTC 2026","Sat Apr 11 01:46:10 UTC 2026","1010","tests.catalog","test_product_get_by_slug","","","","test_get_product_by_slug_success[admin]","
    Позитивный: успешный поиск товара по slug
    "
"passed","Sat Apr 11 01:50:06 UTC 2026","Sat Apr 11 01:50:07 UTC 2026","697","tests.delivery","test_geo_suggest","","","","test_geo_suggest_success_authorized_contract_and_business[client]",""
"skipped","Sat Apr 11 00:48:43 UTC 2026","Sat Apr 11 00:48:44 UTC 2026","582","tests.one_c","test_cart_calculate_full_coverage","","","","test_products_negative_numbers[storage_id--1]",""
"passed","Sat Apr 11 01:32:11 UTC 2026","Sat Apr 11 01:32:11 UTC 2026","612","tests.delivery","test_get_dpd_offices","","","","test_get_dpd_offices_invalid_city_id_should_fail[None-admin]",""
"passed","Sat Apr 11 01:58:14 UTC 2026","Sat Apr 11 01:58:15 UTC 2026","589","tests.tickets","test_10_send_message_to_ticket","","","","test_send_message_unauthorized","Проверка отправки сообщений без авторизации"
"passed","Sat Apr 11 01:23:09 UTC 2026","Sat Apr 11 01:23:10 UTC 2026","810","tests.admin_panel.promo","test_72_create_promotion","","","","test_create_promotion_invalid_data[payload9-422]","Негативные тесты: невалидные данные"
"passed","Sat Apr 11 00:58:30 UTC 2026","Sat Apr 11 00:58:34 UTC 2026","3732","tests.cart","test_01_user_locale","","","","test_update_user_locale_valid_payload[client-payload5]",""
"skipped","Sat Apr 11 01:39:23 UTC 2026","Sat Apr 11 01:39:23 UTC 2026","0","tests.admin_panel.products","test_01_create_product_group","","","","test_create_product_group_invalid_payload[payload3-422]",""
"passed","Sat Apr 11 00:51:51 UTC 2026","Sat Apr 11 00:51:53 UTC 2026","2019","tests.tickets","test_04_create_ticket","","","","test_create_ticket_success[client-attachments2-QuestionsAboutInternationalDelivery]","Позитивный тест: создание тикета с разными темами и вложениями для клиента, партнера и админа"
"passed","Sat Apr 11 01:53:21 UTC 2026","Sat Apr 11 01:53:21 UTC 2026","583","tests.delivery","test_get_rupost_offices","","","","test_get_rupost_offices_success[439930-client]",""
"passed","Sat Apr 11 01:47:49 UTC 2026","Sat Apr 11 01:47:50 UTC 2026","816","tests.PROJECT_FUND.initiatives","test_get_report_by_id","","","","test_get_report_by_invalid_id[9999999-https://dev.ewahelps.com/api]","Негативный тест: невалидный или несуществующий path-параметр"
"passed","Sat Apr 11 00:50:17 UTC 2026","Sat Apr 11 00:50:18 UTC 2026","596","tests.one_c","test_cart_calculate_full_coverage","","","","test_invalid_arrays[packaging-value2]",""
"passed","Sat Apr 11 01:57:08 UTC 2026","Sat Apr 11 01:57:09 UTC 2026","610","tests.auth","test_05_logout","","","","test_logout_without_token","Тест разлогинивания без токена"
"passed","Sat Apr 11 01:39:06 UTC 2026","Sat Apr 11 01:39:07 UTC 2026","831","tests.admin_panel","test_partner_accrual_details_main_bonus","","","","test_main_bonus_details_invalid_query_params[query5-expected_codes5]","
    Негатив: валидация query-параметров main-bonus
    "
"passed","Sat Apr 11 01:39:34 UTC 2026","Sat Apr 11 01:39:35 UTC 2026","834","tests.admin_panel.products","test_41_get_product_brand_by_id","","","","test_get_product_brand_invalid_id[None]","Негативный тест: получение бренда по невалидному ID"
"passed","Sat Apr 11 01:00:12 UTC 2026","Sat Apr 11 01:00:13 UTC 2026","737","tests.cart","test_02_get_delivery_cost","","","","test_get_delivery_cost_success_partial_payload[partner-payload3-200]",""
"passed","Sat Apr 11 01:57:27 UTC 2026","Sat Apr 11 01:57:28 UTC 2026","799","tests.promo_time.new_year_lottery","test_admin_new_year_lottery_coupons","","","","test_change_coupons_negative_count_returns_400","
    Негатив: coupons_count < 0 → 400 invalid body values
    "
"passed","Sat Apr 11 01:41:33 UTC 2026","Sat Apr 11 01:41:34 UTC 2026","809","tests.tickets","test_02_get_ticket_by_id","","","","test_get_ticket_invalid_id[None]","Негативный тест: передан некорректный ID."
"failed","Sat Apr 11 01:58:26 UTC 2026","Sat Apr 11 01:58:27 UTC 2026","594","tests.admin_panel.periods","test_get_periods_list","","","","test_get_periods_list__200_contract[admin]",""
"passed","Sat Apr 11 01:39:32 UTC 2026","Sat Apr 11 01:39:32 UTC 2026","803","tests.admin_panel.products","test_41_get_product_brand_by_id","","","","test_get_product_brand_invalid_id[abc]","Негативный тест: получение бренда по невалидному ID"
"passed","Sat Apr 11 01:52:05 UTC 2026","Sat Apr 11 01:52:06 UTC 2026","793","tests.admin_panel.slides","test_62_slides_update_video_url","","","","test_update_video_url_invalid_empty_without_slide","Негативный тест: пустая строка на несуществующем слайде (id=1) должна падать"
"passed","Sat Apr 11 00:49:18 UTC 2026","Sat Apr 11 00:49:18 UTC 2026","909","tests.one_c","test_cart_calculate_full_coverage","","","","test_packaging_missing_fields[height]",""
"passed","Sat Apr 11 01:22:50 UTC 2026","Sat Apr 11 01:22:51 UTC 2026","1263","tests.admin_panel.products","test_42_update_product_brand","","","","test_update_product_brand_invalid_payload[payload5-422]","Негативный тест: обновление бренда с невалидным или неполным телом запроса."
"skipped","Sat Apr 11 00:56:27 UTC 2026","Sat Apr 11 00:56:27 UTC 2026","0","tests.tickets","test_01_get_tickets","","","","test_get_tickets_success[filter2-sort1-search0-pagination0-partner]","Позитивный тест: получение списка тикетов с разными комбинациями параметров"
"skipped","Sat Apr 11 00:49:30 UTC 2026","Sat Apr 11 00:49:31 UTC 2026","950","tests.one_c","test_cart_calculate_full_coverage","","","","test_payment_invalid_uuid[invalid]",""
"passed","Sat Apr 11 00:53:03 UTC 2026","Sat Apr 11 00:53:05 UTC 2026","2197","tests.tickets","test_04_create_ticket","","","","test_create_ticket_success[partner-attachments1-QuestionsAboutProducts]","Позитивный тест: создание тикета с разными темами и вложениями для клиента, партнера и админа"
"passed","Sat Apr 11 01:39:37 UTC 2026","Sat Apr 11 01:39:38 UTC 2026","578","tests.admin_panel.products","test_41_get_product_brand_by_id","","","","test_get_product_brand_unauthorized","Негативный тест: без авторизации"
"passed","Sat Apr 11 01:22:36 UTC 2026","Sat Apr 11 01:22:37 UTC 2026","779","tests.admin_panel.products","test_42_update_product_brand","","","","test_update_product_brand_invalid_id[0]","Негативный тест: несуществующий или некорректный ID."
"passed","Sat Apr 11 01:17:36 UTC 2026","Sat Apr 11 01:17:44 UTC 2026","7211","tests.catalog","test_create_admin_product_translation","","","","test_create_admin_product_translation_minimal_payload","Создание перевода продукта с минимальными полями."
"skipped","Sat Apr 11 00:56:27 UTC 2026","Sat Apr 11 00:56:27 UTC 2026","0","tests.tickets","test_01_get_tickets","","","","test_get_tickets_success[filter0-sort1-search0-pagination0-client]","Позитивный тест: получение списка тикетов с разными комбинациями параметров"
"failed","Sat Apr 11 01:32:00 UTC 2026","Sat Apr 11 01:32:00 UTC 2026","613","tests.delivery","test_get_cdek_offices","","","","test_get_cdek_offices_invalid_city_id_should_fail[0-admin]",""
"skipped","Sat Apr 11 01:40:44 UTC 2026","Sat Apr 11 01:40:44 UTC 2026","0","tests.chat_support","test_01_support_chat_messages_post","","","","test_create_message_missing_required_fields_returns_400[client-payload0]","
    Негатив: отсутствие обязательных полей client_uuid/message → 400
    "
"passed","Sat Apr 11 01:55:15 UTC 2026","Sat Apr 11 01:55:21 UTC 2026","6160","tests.cart","test_cart_update_duplicate_regression","","","","test_cart_update_same_item_parallel_requests_do_not_raise_500[client]",""
"passed","Sat Apr 11 01:12:40 UTC 2026","Sat Apr 11 01:12:47 UTC 2026","7078","tests.catalog","test_update_admin_product","","","","test_update_admin_product_type_not_allowed",""
"passed","Sat Apr 11 00:56:48 UTC 2026","Sat Apr 11 00:56:49 UTC 2026","1036","tests.delivery","test_01_save_delivery_address","","","","test_save_address_positive_contract_and_cleanup[payload3-client]",""
"failed","Sat Apr 11 01:56:53 UTC 2026","Sat Apr 11 01:56:54 UTC 2026","597","tests.admin_panel.slides","test_56_get_slides","","","","test_get_slides_forbidden[client]","Негативный тест: получение списка слайдов не админом"
"passed","Sat Apr 11 00:57:00 UTC 2026","Sat Apr 11 00:57:00 UTC 2026","572","tests.delivery","test_01_save_delivery_address","","","","test_save_address_missing_required_fields_should_fail[name-client]",""
"passed","Sat Apr 11 01:08:06 UTC 2026","Sat Apr 11 01:08:08 UTC 2026","1330","tests.admin_panel.promo","test_74_update_promotion","","","","test_update_promotion_invalid_payload[payload12-422]","Негативный тест: обновление акции с невалидным или неполным телом запроса"
"passed","Sat Apr 11 01:50:34 UTC 2026","Sat Apr 11 01:50:35 UTC 2026","862","tests.orders","test_group_order_v2_with_preorder_and_items","","","","test_group_order_v2_invalid_item_ids_returns_400[bad_item_ids0]",""
"skipped","Sat Apr 11 00:49:10 UTC 2026","Sat Apr 11 00:49:11 UTC 2026","879","tests.one_c","test_cart_calculate_full_coverage","","","","test_packaging_invalid_numbers[width-0]",""
"skipped","Sat Apr 11 01:37:34 UTC 2026","Sat Apr 11 01:37:34 UTC 2026","622","tests.register","test_01_register_form","","","","test_register_form_negative[partner-payload1-400]",""
"passed","Sat Apr 11 01:22:12 UTC 2026","Sat Apr 11 01:22:13 UTC 2026","1042","tests.admin_panel.products","test_40_create_product_brand","","","","test_create_product_brand_success","Позитивный тест: успешное создание бренда (все поля)."
"failed","Sat Apr 11 01:59:03 UTC 2026","Sat Apr 11 01:59:03 UTC 2026","605","tests.orders","test_group_order_join_out_of_stock","","","","test_group_order_change_empty_new_group_order_id_validation[partner]",""
"passed","Sat Apr 11 00:59:58 UTC 2026","Sat Apr 11 01:00:01 UTC 2026","2252","tests.cart","test_02_get_delivery_cost","","","","test_get_delivery_cost_success_full_payload[client]","Позитив: успешное получение ТК при полном наборе параметров"
"failed","Sat Apr 11 01:51:42 UTC 2026","Sat Apr 11 01:51:43 UTC 2026","833","tests.admin_panel.slides","test_62_slides_get_upload_urls","","","","test_get_upload_urls_success","Позитивный тест: успешное получение временных ссылок на загрузку видео файлов у слайда типа 'video'"
"passed","Sat Apr 11 01:09:22 UTC 2026","Sat Apr 11 01:09:26 UTC 2026","4867","tests.cart","test_20_cart_recommended_products","","","","test_cart_recommended_products_item_in_country_only_cart_no_500[client]","
    Частично заполненная корзина
    "
"passed","Sat Apr 11 00:59:49 UTC 2026","Sat Apr 11 00:59:51 UTC 2026","2265","tests.cart","test_01_user_locale","","","","test_update_user_locale_invalid_language_enum[partner-EN]",""
"passed","Sat Apr 11 00:57:01 UTC 2026","Sat Apr 11 00:57:02 UTC 2026","623","tests.delivery","test_01_save_delivery_address","","","","test_save_address_missing_required_fields_should_fail[email-client]",""
"passed","Sat Apr 11 01:58:40 UTC 2026","Sat Apr 11 01:58:41 UTC 2026","597","tests.catalog","test_get_item_by_id","","","","test_get_item_unauthorized","
    Негативный тест: запрос без авторизации. в данном слчае 200
    "
"passed","Sat Apr 11 01:36:24 UTC 2026","Sat Apr 11 01:36:25 UTC 2026","614","tests.admin_panel.periods","test_get_period_by_id","","","","test_get_period_by_id__invalid_id_400_404[admin-None]",""
"passed","Sat Apr 11 01:59:42 UTC 2026","Sat Apr 11 01:59:43 UTC 2026","827","tests.account","test_0_top_partners_client_service_v2","","","","test_get_top_partners_client_service_v2_positive[partner]","Позитивные тесты на получение топ-партнеров по сумме ЛО клиентов"
"passed","Sat Apr 11 01:29:10 UTC 2026","Sat Apr 11 01:29:12 UTC 2026","1441","tests.admin_panel.users","test_post_admin_users_exclusive_preorder_permissions","","","","test_post_exclusive_preorder_permissions_validation_errors_400[payload8]","
    Негатив: некорректный payload
    "
"passed","Sat Apr 11 00:57:36 UTC 2026","Sat Apr 11 00:57:37 UTC 2026","581","tests.delivery","test_get_cities","","","","test_get_cities_invalid_region_id_should_fail[abc-admin]","
    Негатив: невалидный region_id
    "
"passed","Sat Apr 11 01:53:58 UTC 2026","Sat Apr 11 01:53:59 UTC 2026","778","tests.account","test_0_profile","","","","test_get_profile_contains_updated_utc_offset_after_update[partner]",""
"failed","Sat Apr 11 01:56:44 UTC 2026","Sat Apr 11 01:56:45 UTC 2026","611","tests.admin_panel.promo","test_71_get_promotions","","","","test_get_promotions_list_forbidden[partner]","Негативный тест: получение списка акций не админом"
"passed","Sat Apr 11 01:19:38 UTC 2026","Sat Apr 11 01:19:41 UTC 2026","3118","tests.admin_panel.items","test_create_item_translation","","","","test_create_item_translation_success[uz]",""
"passed","Sat Apr 11 01:26:56 UTC 2026","Sat Apr 11 01:26:57 UTC 2026","590","tests.account","test_history_group_volumes","","","","test_group_volumes_history_happy_path_contract[2-20-partner]",""
"skipped","Sat Apr 11 01:41:47 UTC 2026","Sat Apr 11 01:41:48 UTC 2026","783","tests.tickets","test_09_get_ticket_messages","","","","test_get_ticket_messages_invalid_id_format[-1]","Негативный тест: запрос с некорректным ID (строка, спецсимволы, пустое значение)"
"skipped","Sat Apr 11 01:41:49 UTC 2026","Sat Apr 11 01:41:50 UTC 2026","831","tests.tickets","test_09_get_ticket_messages","","","","test_get_ticket_messages_invalid_id_format[]","Негативный тест: запрос с некорректным ID (строка, спецсимволы, пустое значение)"
"passed","Sat Apr 11 01:21:54 UTC 2026","Sat Apr 11 01:21:55 UTC 2026","645","tests.delivery","test_02_get_delivery_address","","","","test_history_invalid_pagination_should_fail[bad_body6-client]","
    Негатив: валидация PaginationRequest
    "
"passed","Sat Apr 11 01:32:08 UTC 2026","Sat Apr 11 01:32:08 UTC 2026","643","tests.delivery","test_get_dpd_offices","","","","test_get_dpd_offices_invalid_city_id_should_fail[abc-admin]",""
"passed","Sat Apr 11 00:57:12 UTC 2026","Sat Apr 11 00:57:12 UTC 2026","590","tests.delivery","test_01_save_delivery_address","","","","test_save_address_empty_required_strings_should_fail[-name-client]",""
"passed","Sat Apr 11 01:34:34 UTC 2026","Sat Apr 11 01:34:44 UTC 2026","10207","tests.admin_panel.products","test_product_files_update","","","","test_update_null_values_behavior",""
"skipped","Sat Apr 11 01:04:19 UTC 2026","Sat Apr 11 01:04:19 UTC 2026","0","tests.account","test_0_marathon","","","","test_create_product_brand_invalid_payload[params1-400-client]",""
"passed","Sat Apr 11 01:43:48 UTC 2026","Sat Apr 11 01:43:49 UTC 2026","831","tests.catalog","test_get_admin_product_translation","","","","test_get_admin_product_translation_invalid_id[0]","Проверка получения перевода по невалидному product_id."
"passed","Sat Apr 11 00:57:41 UTC 2026","Sat Apr 11 00:57:42 UTC 2026","798","tests.account","test_update_utc_offset","","","","test_update_utc_offset_happy_path_persists_to_account_profile[client]",""
"skipped","Sat Apr 11 01:58:35 UTC 2026","Sat Apr 11 01:58:35 UTC 2026","0","tests.catalog","test_exclusive_preorder_products_by_id","","","","test_products_by_id_exclusive_in_stock_with_permission[client]","
    Позитив:
      - берём product_id+item_id по /products/list (exclusive)
      - permission remaining_quantity=2
      - /products/{id} должен отдать availability слот для stock_id:
           is_exclusive_preorder_only==True (если поле есть)
           is_visible==True (если поле есть)
           in_stock==2 (если поле есть)
    "
"skipped","Sat Apr 11 01:50:51 UTC 2026","Sat Apr 11 01:50:52 UTC 2026","648","tests.stock","test_get_stocks","","","","test_get_stocks_invalid_country_id[-1-admin]","Проверка получения складов по невалидному country_id"
"passed","Sat Apr 11 01:20:29 UTC 2026","Sat Apr 11 01:20:31 UTC 2026","1464","tests.admin_panel.products","test_44_upload_product_brand_images","","","","test_upload_product_brand_images_formats[invalid.exe-application/octet-stream-400]","Проверка загрузки изображений бренда в разных форматах: негативные и позитивные кейсы."
"skipped","Sat Apr 11 01:54:00 UTC 2026","Sat Apr 11 01:54:00 UTC 2026","0","tests.account","test_funds_transfer_list","","","","test_get_funds_transfer_list_positive[client-payload0]","Позитивные тесты на получение истории переводов/выводов средств"
"passed","Sat Apr 11 01:45:56 UTC 2026","Sat Apr 11 01:45:56 UTC 2026","629","tests.auth","test_01_check_version","","","","test_check_version[unknown-1.0.0-400]","Тест проверяет API /check_version для разных платформ и версий."
"passed","Sat Apr 11 01:29:21 UTC 2026","Sat Apr 11 01:29:21 UTC 2026","629","tests.cart","test_10_cart_save_city","","","","test_save_city_invalid_payload[client-payload4]","Негатив: невалидный payload."
"skipped","Sat Apr 11 00:56:27 UTC 2026","Sat Apr 11 00:56:27 UTC 2026","0","tests.tickets","test_01_get_tickets","","","","test_get_tickets_success[filter2-sort1-search2-pagination1-client]","Позитивный тест: получение списка тикетов с разными комбинациями параметров"
"passed","Sat Apr 11 00:57:14 UTC 2026","Sat Apr 11 00:57:15 UTC 2026","618","tests.delivery","test_01_save_delivery_address","","","","test_save_address_empty_required_strings_should_fail[   -phone-client]",""
"skipped","Sat Apr 11 01:46:15 UTC 2026","Sat Apr 11 01:46:15 UTC 2026","0","tests.fund","test_get_top_donors","","","","test_get_top_donors_success[all-https://dev.ewahelps.com/api]",""
"passed","Sat Apr 11 00:56:31 UTC 2026","Sat Apr 11 00:56:32 UTC 2026","612","tests.tickets","test_01_get_tickets","","","","test_get_tickets_invalid_search[invalid_search1-400-client]","Негативный тест: передаем некорректные параметры поиска"
"passed","Sat Apr 11 00:58:58 UTC 2026","Sat Apr 11 00:59:02 UTC 2026","3628","tests.cart","test_01_user_locale","","","","test_update_user_locale_invalid_payload[client-payload1]",""
"passed","Sat Apr 11 01:36:06 UTC 2026","Sat Apr 11 01:36:07 UTC 2026","822","tests.admin_panel.categories","test_56_v2_create_category","","","","test_v2_create_category_invalid_payload[payload0-expected_code0]","Негативный тест: создание категории с невалидным телом запроса."
"passed","Sat Apr 11 01:45:02 UTC 2026","Sat Apr 11 01:45:02 UTC 2026","578","tests.admin_panel.products","test_product_files_get_upload_urls","","","","test_get_upload_urls_forbidden[client]",""
"skipped","Sat Apr 11 00:56:27 UTC 2026","Sat Apr 11 00:56:27 UTC 2026","0","tests.tickets","test_01_get_tickets","","","","test_get_tickets_success[filter2-sort1-search1-pagination1-client]","Позитивный тест: получение списка тикетов с разными комбинациями параметров"
"passed","Sat Apr 11 01:28:07 UTC 2026","Sat Apr 11 01:28:09 UTC 2026","2590","tests.admin_panel.items","test_update_item","","","","test_update_item_forbidden[partner]","Негативный тест: попытка обновления item не-админом."
"skipped","Sat Apr 11 01:41:07 UTC 2026","Sat Apr 11 01:41:08 UTC 2026","814","tests.reviews","test_reviews_update_post","","","","test_reviews_update_invalid_payload_returns_client_error[bad_update2]",""
"passed","Sat Apr 11 00:57:09 UTC 2026","Sat Apr 11 00:57:09 UTC 2026","592","tests.delivery","test_01_save_delivery_address","","","","test_save_address_invalid_types_should_fail[phone-123-client]",""
"failed","Sat Apr 11 01:52:45 UTC 2026","Sat Apr 11 01:52:46 UTC 2026","587","tests.delivery","test_get_cargo_offices","","","","test_get_cargo_offices_success[1-client]",""
"skipped","Sat Apr 11 01:52:47 UTC 2026","Sat Apr 11 01:52:48 UTC 2026","617","tests.delivery","test_get_cargo_offices","","","","test_get_cargo_offices_invalid_city_id_should_fail[-1-admin]",""
"passed","Sat Apr 11 01:07:08 UTC 2026","Sat Apr 11 01:07:09 UTC 2026","198","tests.one_c","test_free_delivery_to_regions_and_cities","","","","test_1c_free_delivery_bad_request_for_empty_regions_array",""
"passed","Sat Apr 11 01:56:13 UTC 2026","Sat Apr 11 01:56:13 UTC 2026","589","tests.admin_panel.periods","test_post_periods_by_date","","","","test_post_periods_by_date__unauthorized",""
"passed","Sat Apr 11 01:24:03 UTC 2026","Sat Apr 11 01:24:03 UTC 2026","622","tests.statistic","test_team_registrations","","","","test_get_team_registration_statistic_positive[payload3-client]","Позитивный тест: получение статистики по регистрации команды с валидным телом запроса"
"passed","Sat Apr 11 01:49:15 UTC 2026","Sat Apr 11 01:49:16 UTC 2026","894","tests.admin_panel.sliders","test_55_delete_sliders","","","","test_delete_slider_invalid_id[0]","Негативный тест: удаление несуществующего или некорректного слайдера."
"passed","Sat Apr 11 01:00:09 UTC 2026","Sat Apr 11 01:00:10 UTC 2026","704","tests.cart","test_02_get_delivery_cost","","","","test_get_delivery_cost_success_partial_payload[client-payload7-200]",""
"passed","Sat Apr 11 00:52:09 UTC 2026","Sat Apr 11 00:52:11 UTC 2026","1994","tests.tickets","test_04_create_ticket","","","","test_create_ticket_success[client-attachments2-ChangePersonalData]","Позитивный тест: создание тикета с разными темами и вложениями для клиента, партнера и админа"
"passed","Sat Apr 11 01:36:35 UTC 2026","Sat Apr 11 01:36:35 UTC 2026","817","tests.admin_panel.slides","test_0_slides_sort","","","","test_slides_sort_invalid_id[1.5]","Негативный тест: невалидный path parameter."
"failed","Sat Apr 11 01:56:39 UTC 2026","Sat Apr 11 01:56:40 UTC 2026","617","tests.admin_panel.products","test_39_get_product_brands","","","","test_get_product_brands_forbidden[client]","Негативный тест: получение списка брендов не админом."
"passed","Sat Apr 11 01:59:59 UTC 2026","Sat Apr 11 01:59:59 UTC 2026","577","tests.cart","test_19_cart_empty_suggestions","","","","test_cart_empty_suggestions_unauthorized","Негатив: вызов без авторизации/корзины"
"passed","Sat Apr 11 01:50:13 UTC 2026","Sat Apr 11 01:50:14 UTC 2026","592","tests.delivery","test_mongpost_postcodes","","","","test_mongpost_postcodes_missing_city_id_should_fail[admin]","Негатив: отсутствует обязательный query-параметр city_id → 400/422."
"passed","Sat Apr 11 01:25:58 UTC 2026","Sat Apr 11 01:26:01 UTC 2026","2404","tests.admin_panel.items","test_create_item","","","","test_create_item_unique_article","
    Проверка уникальности article: второй item с тем же article создать нельзя.
    "
"passed","Sat Apr 11 01:47:36 UTC 2026","Sat Apr 11 01:47:37 UTC 2026","1590","tests.tickets","test_11_update_message","","","","test_update_message_validation[partner-update_payload1-403]","Негативные тесты: невалидные поля при редактировании сообщения"
"passed","Sat Apr 11 01:40:18 UTC 2026","Sat Apr 11 01:40:19 UTC 2026","813","tests.admin_panel.slides","test_58_get_slides_by_id","","","","test_get_slides_invalid_id[1.5]","Негативный тест: невалидный ID в path-параметре"
"passed","Sat Apr 11 01:30:07 UTC 2026","Sat Apr 11 01:30:08 UTC 2026","832","tests.reviews","test_reviews_create_post","","","","test_reviews_create_invalid_product_id[0]",""
"passed","Sat Apr 11 01:35:43 UTC 2026","Sat Apr 11 01:35:44 UTC 2026","826","tests.admin_panel","test_01_support_create_user","","","","test_client_cannot_create_support",""
"passed","Sat Apr 11 01:36:17 UTC 2026","Sat Apr 11 01:36:18 UTC 2026","831","tests.admin_panel.minions","test_admin_add_lo","","","","test_post_admin_add_lo_negative_missing_required_fields[payload1]","
    Негативные сценарии: отсутствуют обязательные поля.
    "
"passed","Sat Apr 11 01:49:13 UTC 2026","Sat Apr 11 01:49:14 UTC 2026","1584","tests.admin_panel.sliders","test_55_delete_sliders","","","","test_delete_slider_forbidden[partner]","Негативный тест: попытка удаления слайдера не-админом."
"passed","Sat Apr 11 00:51:33 UTC 2026","Sat Apr 11 00:51:35 UTC 2026","2199","tests.tickets","test_04_create_ticket","","","","test_create_ticket_success[client-attachments1-ReceivingDefectiveProductsOrShortage]","Позитивный тест: создание тикета с разными темами и вложениями для клиента, партнера и админа"
"passed","Sat Apr 11 01:45:51 UTC 2026","Sat Apr 11 01:45:52 UTC 2026","814","tests.admin_panel.promo","test_78_delete_promotion_item","","","","test_delete_promotion_item_invalid_id[999999-999999]","Негативный тест: удаление элемента акции с невалидным ID продукта."
"passed","Sat Apr 11 01:23:21 UTC 2026","Sat Apr 11 01:23:22 UTC 2026","787","tests.admin_panel.sliders","test_52_create_slider","","","","test_create_slider_invalid_payload[payload1-expected_code1]","Негативный тест: попытка создать слайдер с невалидным payload."
"failed","Sat Apr 11 01:05:46 UTC 2026","Sat Apr 11 01:05:47 UTC 2026","671","tests.cart","test_update_location","","","","test_update_location_international_delivery_ignores_city_validation","
    Намеренно используем латиницу — город может не существовать в БД
    "
"skipped","Sat Apr 11 01:05:25 UTC 2026","Sat Apr 11 01:05:25 UTC 2026","0","tests.catalog","test_create_admin_product","","","","test_create_product_duplicate_slug[kk]",""
"skipped","Sat Apr 11 00:50:26 UTC 2026","Sat Apr 11 00:50:27 UTC 2026","594","tests.one_c","test_cart_calculate_full_coverage","","","","test_random_cart[1]",""
"passed","Sat Apr 11 01:37:27 UTC 2026","Sat Apr 11 01:37:28 UTC 2026","612","tests.orders","test_group_order_v2_create","","","","test_group_order_v2_invalid_payloads[partner-payload4]",""
"passed","Sat Apr 11 01:47:47 UTC 2026","Sat Apr 11 01:47:48 UTC 2026","610","tests.PROJECT_FUND.initiatives","test_get_report_by_id","","","","test_get_report_by_invalid_id[-1-https://dev.ewahelps.com/api]","Негативный тест: невалидный или несуществующий path-параметр"
"skipped","Sat Apr 11 01:40:29 UTC 2026","Sat Apr 11 01:40:29 UTC 2026","588","tests.cart","test_14_cart_update_personal_data","","","","test_update_personal_data_invalid_payload[client-payload0]","
    Негатив: отсутствующие обязательные поля или невалидные значения
    "
"passed","Sat Apr 11 01:33:29 UTC 2026","Sat Apr 11 01:33:39 UTC 2026","9965","tests.admin_panel.products","test_product_files_update","","","","test_update_replaces_both_urls",""
"passed","Sat Apr 11 01:32:14 UTC 2026","Sat Apr 11 01:32:15 UTC 2026","629","tests.delivery","test_get_emu_pickup_points","","","","test_get_emu_pickup_points_success[143796-partner]","Позитив: успешное получение списка ПВЗ EMU по city_id."
"failed","Sat Apr 11 01:57:06 UTC 2026","Sat Apr 11 01:57:07 UTC 2026","588","tests.auth","test_05_logout","","","","test_logout_success[client]","Тест разлогинивания с валидным токеном (клиент, партнёр, админ)"
"failed","Sat Apr 11 01:55:57 UTC 2026","Sat Apr 11 01:55:58 UTC 2026","602","tests.delivery","test_get_five_post_offices","","","","test_get_five_post_offices_success[113607-client]","Позитив: успешное получение списка ПВЗ FivePost по city_id."
"passed","Sat Apr 11 01:35:01 UTC 2026","Sat Apr 11 01:35:02 UTC 2026","832","tests.reviews","test_reviews_list_post","","","","test_reviews_list_pagination_required_for_valid_request",""
"passed","Sat Apr 11 00:48:25 UTC 2026","Sat Apr 11 00:48:25 UTC 2026","626","tests.one_c","test_cart_calculate_full_coverage","","","","test_invalid_top_types[packaging-string]",""
"skipped","Sat Apr 11 01:57:19 UTC 2026","Sat Apr 11 01:57:19 UTC 2026","0","tests.cart","test_exclusive_preorder_cart_update_multi","","","","test_cart_update_multi_checks_permission_for_exclusive_400[client]",""
"passed","Sat Apr 11 01:12:21 UTC 2026","Sat Apr 11 01:12:22 UTC 2026","642","tests.delivery","test_get_cities_v2","","","","test_get_cities_v2_invalid_country_id_should_fail[0-admin]","
    Негатив: невалидные значения country_id → 400/422
    "
"skipped","Sat Apr 11 00:49:37 UTC 2026","Sat Apr 11 00:49:38 UTC 2026","899","tests.one_c","test_cart_calculate_full_coverage","","","","test_discount_more_than_total[1000-2000]",""
"passed","Sat Apr 11 01:50:58 UTC 2026","Sat Apr 11 01:51:00 UTC 2026","1620","tests.account","test_account_branded_wallet_delete","","","","test_delete_flow_upload_then_delete_then_get_null[partner]","
    Upload (текущий период, JSON base64) → DELETE → cleanup в БД
    "
"passed","Sat Apr 11 01:52:44 UTC 2026","Sat Apr 11 01:52:45 UTC 2026","609","tests.catalog","test_get_items_list_all","","","","test_get_items_list_all_wrong_method[delete]",""
"passed","Sat Apr 11 00:57:05 UTC 2026","Sat Apr 11 00:57:06 UTC 2026","590","tests.delivery","test_01_save_delivery_address","","","","test_save_address_invalid_types_should_fail[city_id-86990-client]",""
"passed","Sat Apr 11 02:02:05 UTC 2026","Sat Apr 11 02:02:12 UTC 2026","7183","tests.integration","test_bonus_transfer_round_trip","","","","test_funds_transfer_round_trip_bonus_and_gift","
    Полный цикл:
    - создаём двух партнёров через /admin/create_partner
    - каждому начисляем бонусы/гифты
    - A -> B (bonus, gift)
    - B -> A (bonus, gift)
    - проверяем историю у обоих
    - удаляем пользователей
    "
"passed","Sat Apr 11 01:43:01 UTC 2026","Sat Apr 11 01:43:02 UTC 2026","790","tests.admin_panel.items","test_get_item_translation","","","","test_get_item_translation_invalid_id[abc]",""
"passed","Sat Apr 11 01:35:26 UTC 2026","Sat Apr 11 01:35:27 UTC 2026","828","tests.account","test_add_cover_url","","","","test_add_cover_invalid_payload[payload1]",""
"passed","Sat Apr 11 00:57:06 UTC 2026","Sat Apr 11 00:57:06 UTC 2026","580","tests.delivery","test_01_save_delivery_address","","","","test_save_address_invalid_types_should_fail[city_id-False-client]",""
"passed","Sat Apr 11 01:38:33 UTC 2026","Sat Apr 11 01:38:35 UTC 2026","1654","tests.tickets","test_06_close_ticket","","","","test_close_ticket_success[admin]","Позитивный тест: закрытие тикета для клиента, партнера и админа."
"passed","Sat Apr 11 02:01:49 UTC 2026","Sat Apr 11 02:01:53 UTC 2026","4067","tests.promo_time.new_year_lottery","test_new_year_lottery_calculation","","","","test_orders_calculation_contains_lottery_progress_bar","
    - Если акция активна → /orders/calculation возвращает поля прогресс-бара:
        * new_year_lottery_coupons_count
        * remaining_sum_for_next_new_year_lottery_coupon
    "
"skipped","Sat Apr 11 01:50:16 UTC 2026","Sat Apr 11 01:50:16 UTC 2026","0","tests.orders","test_group_order_confirm","","","","test_group_order_confirm_without_paid_participants_returns_400[partner]","
    - Partner создал group order
    - Partner присоединился
    - Client присоединился
    - НИКТО не оплатил
    - Confirm
    Ожидание:
    - HTTP 400
    "
"skipped","Sat Apr 11 01:54:00 UTC 2026","Sat Apr 11 01:54:00 UTC 2026","0","tests.account","test_token","","","","test_add_token_positive[admin-payload0]","Позитивные тесты на добавление токена"
"passed","Sat Apr 11 00:57:56 UTC 2026","Sat Apr 11 00:57:57 UTC 2026","825","tests.account","test_update_utc_offset","","","","test_update_utc_offset_required_field_validation[payload0]",""
"skipped","Sat Apr 11 01:37:58 UTC 2026","Sat Apr 11 01:37:58 UTC 2026","800","tests.reviews","test_reviews_delete_post","","","","test_reviews_delete_invalid_payload_returns_client_error[bad_delete0]",""
"passed","Sat Apr 11 01:39:21 UTC 2026","Sat Apr 11 01:39:21 UTC 2026","796","tests.admin_panel.categories","test_47_get_categories_by_id","","","","test_get_categories_invalid_id[1.5]","Негативный тест: получение категории по невалидному ID."
"skipped","Sat Apr 11 01:57:52 UTC 2026","Sat Apr 11 01:57:53 UTC 2026","849","tests.reviews","test_reviews_by_product_get","","","","test_reviews_by_product_invalid_params[params0]",""
"skipped","Sat Apr 11 00:56:27 UTC 2026","Sat Apr 11 00:56:27 UTC 2026","0","tests.tickets","test_01_get_tickets","","","","test_get_tickets_success[filter0-sort1-search1-pagination0-admin]","Позитивный тест: получение списка тикетов с разными комбинациями параметров"
"passed","Sat Apr 11 01:23:52 UTC 2026","Sat Apr 11 01:23:53 UTC 2026","1315","tests.statistic","test_team_go","","","","test_get_team_go_statistic_positive[payload3-admin]","Позитивный тест: получение статистики по команде с валидным телом запроса"
"passed","Sat Apr 11 01:53:54 UTC 2026","Sat Apr 11 01:53:55 UTC 2026","796","tests.register","test_03_register_client","","","","test_register_client_negative[payload2-400]","Тест: негативные тесты для регистрации клиента вручную"
"skipped","Sat Apr 11 01:41:51 UTC 2026","Sat Apr 11 01:41:51 UTC 2026","0","tests.PROJECT_EDUCATION.test_system","test_08_get_course_with_tests","","","","test_get_course_with_tests__invalid_id__400_404[0]",""
"passed","Sat Apr 11 01:39:57 UTC 2026","Sat Apr 11 01:39:59 UTC 2026","1639","tests.admin_panel.sliders","test_53_get_sliders_by_id","","","","test_get_sliders_by_id_forbidden[partner]","Негативный тест: получение слайдера по ID не-админом запрещено"
"skipped","Sat Apr 11 00:56:27 UTC 2026","Sat Apr 11 00:56:27 UTC 2026","0","tests.tickets","test_01_get_tickets","","","","test_get_tickets_success[filter2-sort1-search1-pagination1-admin]","Позитивный тест: получение списка тикетов с разными комбинациями параметров"
"passed","Sat Apr 11 00:59:12 UTC 2026","Sat Apr 11 00:59:16 UTC 2026","3942","tests.cart","test_01_user_locale","","","","test_update_user_locale_invalid_payload[partner-payload1]",""
"passed","Sat Apr 11 01:25:38 UTC 2026","Sat Apr 11 01:25:39 UTC 2026","1059","tests.admin_panel.items","test_create_item","","","","test_create_item_invalid_payload[payload0-expected_code0]","
    Негативный тест: создание варианта с невалидным телом запроса.
    Если сервер внезапно вернул успех — удаляем созданный item из БД.
    "
"passed","Sat Apr 11 01:54:43 UTC 2026","Sat Apr 11 01:54:48 UTC 2026","5012","tests.admin_panel.products","test_03_recommended_products_delete","","","","test_remove_recommendation_db_no_rights[partner]","Пользователь без прав пытается удалить рекомендации."
"failed","Sat Apr 11 01:59:59 UTC 2026","Sat Apr 11 02:00:00 UTC 2026","612","tests.cart","test_20_cart_share","","","","test_cart_share_success[client]","Позитив: успешное создание ссылки на корзину"
"passed","Sat Apr 11 01:32:26 UTC 2026","Sat Apr 11 01:32:27 UTC 2026","612","tests.delivery","test_get_self_pickup_offices","","","","test_get_self_pickup_offices_invalid_city_id_should_fail[0-admin]","Негатив: невалидные значения city_id → 400/422."
"passed","Sat Apr 11 01:07:26 UTC 2026","Sat Apr 11 01:07:27 UTC 2026","1197","tests.admin_panel.promo","test_74_update_promotion","","","","test_update_promotion_success","Позитивный тест: успешное обновление акции (все поля)"
"passed","Sat Apr 11 00:57:29 UTC 2026","Sat Apr 11 00:57:29 UTC 2026","611","tests.delivery","test_get_cities","","","","test_get_cities_invalid_page_size_should_fail[True-admin]","
    Негатив: невалидный page_size → 400/422
    "
"passed","Sat Apr 11 01:05:48 UTC 2026","Sat Apr 11 01:05:48 UTC 2026","197","tests.cart","test_update_location","","","","test_update_location_invalid_types[payload0]",""
"passed","Sat Apr 11 00:57:50 UTC 2026","Sat Apr 11 00:57:50 UTC 2026","777","tests.account","test_update_utc_offset","","","","test_update_utc_offset_valid_values[+07-expected1-admin]",""
"passed","Sat Apr 11 01:22:23 UTC 2026","Sat Apr 11 01:22:24 UTC 2026","786","tests.admin_panel.products","test_40_create_product_brand","","","","test_create_product_brand_invalid_payload[payload11-expected_codes11]","Негативные кейсы: невалидные поля при создании бренда."
"passed","Sat Apr 11 01:01:49 UTC 2026","Sat Apr 11 01:01:53 UTC 2026","3737","tests.cart","test_12_cart_estimate_delivery","","","","test_estimate_delivery_success[partner-haypost-payload6]","
    Позитив: корзина с товаром, выбор способа доставки и расчёт стоимости для разных служб
    "
"skipped","Sat Apr 11 00:48:42 UTC 2026","Sat Apr 11 00:48:42 UTC 2026","945","tests.one_c","test_cart_calculate_full_coverage","","","","test_products_negative_numbers[total_bonus--1]",""
"passed","Sat Apr 11 01:57:25 UTC 2026","Sat Apr 11 01:57:26 UTC 2026","609","tests.one_c","test_create_1c_stock","","","","test_create_1c_stock_bad_request_for_invalid_payload",""
"failed","Sat Apr 11 01:53:32 UTC 2026","Sat Apr 11 01:53:33 UTC 2026","1007","tests.orders","test_group_order_leave","","","","test_cart_leave_group_when_not_in_group_returns_400[client]","
    Негатив: клиент НЕ в ГО = 400
    "
"passed","Sat Apr 11 01:24:56 UTC 2026","Sat Apr 11 01:24:59 UTC 2026","2833","tests.admin_panel.slides","test_61_upload_slides_images","","","","test_upload_only_single_slide_image_field[desktop_preview-test_png.png-image/png]",""
"passed","Sat Apr 11 00:48:30 UTC 2026","Sat Apr 11 00:48:30 UTC 2026","580","tests.one_c","test_cart_calculate_full_coverage","","","","test_invalid_top_types[track-123]",""
"skipped","Sat Apr 11 00:48:56 UTC 2026","Sat Apr 11 00:48:57 UTC 2026","623","tests.one_c","test_cart_calculate_full_coverage","","","","test_products_missing_fields[address]",""
"passed","Sat Apr 11 00:56:08 UTC 2026","Sat Apr 11 00:56:09 UTC 2026","599","tests.tickets","test_04_create_ticket","","","","test_create_ticket_invalid_request_type[partner-invalid_request_type-400]","Негативный тест: попытка создания тикета с неверным типом request_type"
"skipped","Sat Apr 11 01:04:19 UTC 2026","Sat Apr 11 01:04:19 UTC 2026","0","tests.account","test_0_marathon","","","","test_create_product_brand_invalid_payload[params5-400-admin]",""
"passed","Sat Apr 11 01:15:53 UTC 2026","Sat Apr 11 01:15:55 UTC 2026","1521","tests.admin_panel.slides","test_57_create_slide","","","","test_create_slide_title_color_validation[#ABCDEF-201]","Валидация поля title_color при создании слайда"
"failed","Sat Apr 11 01:54:49 UTC 2026","Sat Apr 11 01:54:49 UTC 2026","646","tests.cart","test_06_cart_update","","","","test_update_cart_item_add_and_change_quantity[client]","
    Позитив: добавление позиции и изменение её количества через /cart/update
    "
"passed","Sat Apr 11 01:16:55 UTC 2026","Sat Apr 11 01:17:03 UTC 2026","7832","tests.catalog","test_create_admin_product_translation","","","","test_create_admin_product_translation_success[uz]","Создание и обновление перевода продукта на разных языках."
"passed","Sat Apr 11 00:52:03 UTC 2026","Sat Apr 11 00:52:05 UTC 2026","2064","tests.tickets","test_04_create_ticket","","","","test_create_ticket_success[client-attachments2-QuestionsAboutTheRewardSystemMarketingPlan]","Позитивный тест: создание тикета с разными темами и вложениями для клиента, партнера и админа"
"passed","Sat Apr 11 01:50:42 UTC 2026","Sat Apr 11 01:50:43 UTC 2026","669","tests.stock","test_get_stock_by_id","","","","test_get_stock_by_id[client]","Запрос склада по ID"
"passed","Sat Apr 11 01:43:05 UTC 2026","Sat Apr 11 01:43:06 UTC 2026","842","tests.admin_panel.items","test_get_item_translation","","","","test_get_item_translation_not_found",""
"passed","Sat Apr 11 00:56:14 UTC 2026","Sat Apr 11 00:56:15 UTC 2026","642","tests.tickets","test_04_create_ticket","","","","test_create_ticket_invalid_request_type[admin-invalid_request_type-400]","Негативный тест: попытка создания тикета с неверным типом request_type"
"skipped","Sat Apr 11 01:53:19 UTC 2026","Sat Apr 11 01:53:20 UTC 2026","596","tests.delivery","test_get_kgpost_offices","","","","test_get_kgpost_offices_invalid_city_id_should_fail[-1-admin]",""
"skipped","Sat Apr 11 01:54:00 UTC 2026","Sat Apr 11 01:54:00 UTC 2026","0","tests.account","test_history_personal_volumes","","","","test_get_personal_volumes_history_positive[admin-payload0]","Позитивные тесты на получение истории начисления личных объемов"
"skipped","Sat Apr 11 01:22:07 UTC 2026","Sat Apr 11 01:22:08 UTC 2026","806","tests.delivery","test_get_delivery_countries","","","","test_get_delivery_countries_invalid_from[1.5-admin]","Негатив: невалидные значения параметра from → 400/422."
"passed","Sat Apr 11 01:26:22 UTC 2026","Sat Apr 11 01:26:22 UTC 2026","580","tests.orders","test_create_order_by_delivery_address","","","","test_create_order_invalid_data[invalid_payload2-expected_status2-partner]",""
"skipped","Sat Apr 11 01:53:08 UTC 2026","Sat Apr 11 01:53:09 UTC 2026","588","tests.delivery","test_get_haypost_offices","","","","test_get_haypost_offices_missing_city_id_should_fail[admin]","Негатив: отсутствует обязательный query-параметр city_id → 400/422."
"passed","Sat Apr 11 01:19:14 UTC 2026","Sat Apr 11 01:19:15 UTC 2026","786","tests.admin_panel.categories","test_80_create_category_translation","","","","test_create_category_translation_invalid_payload[payload5-422]","Негативный тест: создание перевода с невалидным payload."
"passed","Sat Apr 11 01:28:54 UTC 2026","Sat Apr 11 01:28:59 UTC 2026","5082","tests.admin_panel.users","test_post_admin_users_exclusive_preorder_permissions","","","","test_post_exclusive_preorder_permissions_create_update_success","
    админ создаёт permission на эксклюзивный предзаказ для пользователя,
    затем обновляет remaining_quantity для того же item_id
    "
"passed","Sat Apr 11 00:49:43 UTC 2026","Sat Apr 11 00:49:43 UTC 2026","963","tests.one_c","test_cart_calculate_full_coverage","","","","test_payment_missing_fields[bonus_info]",""
"passed","Sat Apr 11 00:57:55 UTC 2026","Sat Apr 11 00:57:56 UTC 2026","579","tests.account","test_update_utc_offset","","","","test_update_utc_offset_unauthorized",""
"passed","Sat Apr 11 01:18:30 UTC 2026","Sat Apr 11 01:18:30 UTC 2026","613","tests.delivery","test_self_pickup_offices","","","","test_self_pickup_offices_invalid_params[partner-params1]","
    Негатив: невалидные параметры  = 400
    "
"passed","Sat Apr 11 01:58:28 UTC 2026","Sat Apr 11 01:58:28 UTC 2026","611","tests.admin_panel.periods","test_get_periods_list","","","","test_get_periods_list__unauthorized",""
"passed","Sat Apr 11 01:35:48 UTC 2026","Sat Apr 11 01:35:48 UTC 2026","830","tests.admin_panel","test_01_support_create_user","","","","test_invalid_user_id_returns_client_error[abc]",""
"passed","Sat Apr 11 01:40:17 UTC 2026","Sat Apr 11 01:40:18 UTC 2026","845","tests.admin_panel.slides","test_58_get_slides_by_id","","","","test_get_slides_invalid_id[]","Негативный тест: невалидный ID в path-параметре"
"passed","Sat Apr 11 01:41:35 UTC 2026","Sat Apr 11 01:41:36 UTC 2026","834","tests.tickets","test_02_get_ticket_by_id","","","","test_get_ticket_invalid_id[1.5]","Негативный тест: передан некорректный ID."
"skipped","Sat Apr 11 01:43:51 UTC 2026","Sat Apr 11 01:43:51 UTC 2026","0","tests.orders","test_shop_digital_flow","","","","test_one_click_invalid_item_returns_400[client]","
    несуществующий item_id = 400
    "
"passed","Sat Apr 11 00:53:35 UTC 2026","Sat Apr 11 00:53:37 UTC 2026","2047","tests.tickets","test_04_create_ticket","","","","test_create_ticket_success[partner-attachments2-QuestionsAboutTheHousingAndCarProgram]","Позитивный тест: создание тикета с разными темами и вложениями для клиента, партнера и админа"
"passed","Sat Apr 11 01:31:40 UTC 2026","Sat Apr 11 01:31:40 UTC 2026","188","tests.cart","test_delivery_address_save_apply","","","","test_save_address_invalid_payload[payload7]",""
"skipped","Sat Apr 11 02:02:29 UTC 2026","Sat Apr 11 02:02:29 UTC 2026","0","tests.sockets","test_tickets_end_to_end_from_support_chat","","","","test_ticket_created_from_support_chat_flow[partner]","
      - создаём 3 сообщения через /support-chat/create
      - вызываем /support-chat/ticket
      - тикет должен быть создан, ticket_id > 0
    "
"passed","Sat Apr 11 01:32:11 UTC 2026","Sat Apr 11 01:32:12 UTC 2026","586","tests.delivery","test_get_dpd_offices","","","","test_get_dpd_offices_invalid_city_id_should_fail[bad_city_id7-admin]",""
"passed","Sat Apr 11 01:15:56 UTC 2026","Sat Apr 11 01:15:57 UTC 2026","1445","tests.admin_panel.slides","test_57_create_slide","","","","test_create_slide_title_color_validation[#12FaBc-201]","Валидация поля title_color при создании слайда"
"passed","Sat Apr 11 01:55:28 UTC 2026","Sat Apr 11 01:55:36 UTC 2026","8276","tests.cart","test_cart_update_duplicate_regression","","","","test_cart_update_same_item_parallel_last_write_wins_without_duplicates[client]",""
"passed","Sat Apr 11 01:32:10 UTC 2026","Sat Apr 11 01:32:10 UTC 2026","592","tests.delivery","test_get_dpd_offices","","","","test_get_dpd_offices_invalid_city_id_should_fail[1.5-admin]",""
"skipped","Sat Apr 11 01:39:23 UTC 2026","Sat Apr 11 01:39:23 UTC 2026","0","tests.admin_panel.products","test_01_create_product_group","","","","test_create_product_group_unauthorized","Негативный тест: создание продукт группы без авторизации."
"skipped","Sat Apr 11 01:53:10 UTC 2026","Sat Apr 11 01:53:11 UTC 2026","642","tests.delivery","test_get_haypost_offices","","","","test_get_haypost_offices_unauthorized","Негатив: запрос без авторизации."
"failed","Sat Apr 11 01:21:44 UTC 2026","Sat Apr 11 01:21:45 UTC 2026","1014","tests.delivery","test_02_get_delivery_address","","","","test_history_positive_contract[partner]","
    GET /delivery/address/history
    "
"passed","Sat Apr 11 01:52:42 UTC 2026","Sat Apr 11 01:52:43 UTC 2026","579","tests.catalog","test_get_items_list_all","","","","test_get_items_list_forbidden[partner]",""
"passed","Sat Apr 11 01:38:17 UTC 2026","Sat Apr 11 01:38:18 UTC 2026","1253","tests.reviews","test_reviews_delete_post","","","","test_reviews_delete_mixed_valid_and_invalid_ids",""
"failed","Sat Apr 11 01:59:38 UTC 2026","Sat Apr 11 01:59:39 UTC 2026","574","tests.account","test_0_referral_links","","","","test_get_referral_links_positive[client-403]","Позитивные тесты на получение реферальных ссылок"
"passed","Sat Apr 11 01:27:20 UTC 2026","Sat Apr 11 01:27:21 UTC 2026","825","tests.admin_panel","test_04_generate_support_token","","","","test_partner_cannot_generate_support_token",""
"passed","Sat Apr 11 01:51:55 UTC 2026","Sat Apr 11 01:51:56 UTC 2026","666","tests.admin_panel.slides","test_62_slides_get_upload_urls","","","","test_get_upload_urls_unauthorized","Негативный тест: попытка получить ссылки без авторизации"
"passed","Sat Apr 11 02:00:16 UTC 2026","Sat Apr 11 02:00:23 UTC 2026","7730","tests.integration","test_order_pickup_ru","","","","test_order_pickup_ru[CDEK]",""
"skipped","Sat Apr 11 01:40:44 UTC 2026","Sat Apr 11 01:40:44 UTC 2026","0","tests.chat_support","test_01_support_chat_messages_post","","","","test_create_message_missing_required_fields_returns_400[client-payload1]","
    Негатив: отсутствие обязательных полей client_uuid/message → 400
    "
"passed","Sat Apr 11 01:26:21 UTC 2026","Sat Apr 11 01:26:22 UTC 2026","588","tests.orders","test_create_order_by_delivery_address","","","","test_create_order_invalid_data[invalid_payload2-expected_status2-client]",""
"passed","Sat Apr 11 01:10:49 UTC 2026","Sat Apr 11 01:10:56 UTC 2026","7122","tests.cart","test_free_delivery_by_rc_and_belts","","","","test_below_threshold_contract[\u041c\u043e\u0441\u043a\u0432\u0430-client-zone_3-belt_cfg2]","
    КОНТРАКТ:
    free МОЖЕТ быть
    платная МОЖЕТ быть
    advance_costs МОЖЕТ быть []
    "
"passed","Sat Apr 11 01:46:13 UTC 2026","Sat Apr 11 01:46:14 UTC 2026","598","tests.catalog","test_product_get_by_slug","","","","test_get_product_by_slug_invalid_slug_value[ -client]",""
"passed","Sat Apr 11 00:48:30 UTC 2026","Sat Apr 11 00:48:31 UTC 2026","596","tests.one_c","test_cart_calculate_full_coverage","","","","test_invalid_top_types[state-123]",""
"skipped","Sat Apr 11 00:50:04 UTC 2026","Sat Apr 11 00:50:04 UTC 2026","931","tests.one_c","test_cart_calculate_full_coverage","","","","test_email_validation[billing_customer-test.mail.com]",""
"passed","Sat Apr 11 01:47:58 UTC 2026","Sat Apr 11 01:47:59 UTC 2026","1377","tests.admin_panel.categories","test_49_delete_category","","","","test_delete_category_success","Позитивный тест: успешное удаление категории."
"passed","Sat Apr 11 01:20:55 UTC 2026","Sat Apr 11 01:20:58 UTC 2026","3096","tests.admin_panel.products","test_44_upload_product_brand_images","","","","test_upload_product_brand_images_various_fields[5.3-fields_to_send3-400]","Негативный тест. Загрузка слишком большого изображения."
"passed","Sat Apr 11 02:01:43 UTC 2026","Sat Apr 11 02:01:48 UTC 2026","5260","tests.promo_time.new_year_lottery","test_new_year_lottery_accrual_and_views","","","","test_check_payment_contains_lottery_coupons_count","
    /orders/check_payment возвращает new_year_lottery_coupons_count,
    равный количеству строк (купонов) по заказу, но только когда акция активна
    "
"passed","Sat Apr 11 01:35:35 UTC 2026","Sat Apr 11 01:35:38 UTC 2026","2491","tests.admin_panel","test_01_support_create_user","","","","test_admin_can_create_support_without_login_creates_support_user_with_suffix","
    Фактическое поведение бэкенда:
    - users.login для исходного пользователя (id = base_user) НЕ меняется
    - в users появляется вторая строка с login, содержащим '_support' и оригинальный login
    - в minions количество строк для этого пользователя не меняется
    "
"skipped","Sat Apr 11 01:42:25 UTC 2026","Sat Apr 11 01:42:25 UTC 2026","0","tests.admin_panel","test_accrue_gold_pro_gift","","","","test_accrue_gold_pro_gift_invalid_payload[payload1-400]",""
"passed","Sat Apr 11 01:26:54 UTC 2026","Sat Apr 11 01:26:56 UTC 2026","1177","tests.account","test_history_group_volumes","","","","test_group_volumes_history_happy_path_contract[1-10-admin]",""
"failed","Sat Apr 11 01:55:08 UTC 2026","Sat Apr 11 01:55:09 UTC 2026","617","tests.cart","test_07_cart_update_multi","","","","test_cart_update_multi_calculate_delivery_false_resets_advance_costs[client]",""
"skipped","Sat Apr 11 00:56:27 UTC 2026","Sat Apr 11 00:56:27 UTC 2026","0","tests.tickets","test_01_get_tickets","","","","test_get_tickets_success[filter0-sort0-search2-pagination1-partner]","Позитивный тест: получение списка тикетов с разными комбинациями параметров"
"passed","Sat Apr 11 01:53:03 UTC 2026","Sat Apr 11 01:53:04 UTC 2026","644","tests.delivery","test_get_georgian_post_pickup_points","","","","test_get_georgian_post_pickup_points_success[1-admin]","Позитив: успешное получение списка ПВЗ грузинской почты по city_id."
"passed","Sat Apr 11 01:05:15 UTC 2026","Sat Apr 11 01:05:16 UTC 2026","1034","tests.catalog","test_create_admin_product","","","","test_create_product_invalid_payload[payload1-400]",""
"passed","Sat Apr 11 01:42:19 UTC 2026","Sat Apr 11 01:42:20 UTC 2026","795","tests.admin_panel","test_05_admin_support_users_token_revoke_all","","","","test_invalid_user_id_for_revoke_all_returns_client_error[None]",""
"skipped","Sat Apr 11 01:52:57 UTC 2026","Sat Apr 11 01:52:57 UTC 2026","645","tests.delivery","test_get_europost_offices","","","","test_get_europost_offices_invalid_city_id_should_fail[0-admin]",""
"passed","Sat Apr 11 01:37:10 UTC 2026","Sat Apr 11 01:37:10 UTC 2026","190","tests.one_c","test_stock_delivery_methods","","","","test_1c_stock_delivery_methods_forbidden_without_secret_key",""
"skipped","Sat Apr 11 01:54:10 UTC 2026","Sat Apr 11 01:54:10 UTC 2026","0","tests.account","test_update_default_stock","","","","test_update_default_stock_positive[admin-payload0]","Позитивные тесты на изменение дефолтного склада"
"passed","Sat Apr 11 01:38:21 UTC 2026","Sat Apr 11 01:38:23 UTC 2026","1311","tests.reviews","test_reviews_delete_post","","","","test_reviews_delete_already_deleted_review",""
"passed","Sat Apr 11 01:49:03 UTC 2026","Sat Apr 11 01:49:04 UTC 2026","844","tests.admin_panel.promo","test_75_delete_promotion_by_id","","","","test_delete_promotion_invalid_id[-1]","Негативный тест: удаление несуществующей или некорректной акции."
"skipped","Sat Apr 11 00:56:27 UTC 2026","Sat Apr 11 00:56:27 UTC 2026","0","tests.tickets","test_01_get_tickets","","","","test_get_tickets_success[filter2-sort1-search0-pagination0-admin]","Позитивный тест: получение списка тикетов с разными комбинациями параметров"
"passed","Sat Apr 11 01:34:58 UTC 2026","Sat Apr 11 01:34:58 UTC 2026","645","tests.admin_panel.products","test_product_files_update","","","","test_update_forbidden[client]",""
"skipped","Sat Apr 11 01:04:19 UTC 2026","Sat Apr 11 01:04:19 UTC 2026","0","tests.account","test_account_branded_wallet_get","","","","test_get_period_zero_returns_400[partner]","
    Негатив: период по нулям → 400.
    "
"skipped","Sat Apr 11 02:02:00 UTC 2026","Sat Apr 11 02:02:00 UTC 2026","0","tests.PROJECT_EDUCATION.test_system","test_07_cleanup_test_system_artifacts_for_user","","","","test_cleanup_test_system_artifacts_for_current_user__db",""
"passed","Sat Apr 11 01:25:35 UTC 2026","Sat Apr 11 01:25:36 UTC 2026","788","tests.admin_panel.items","test_create_item","","","","test_create_item_forbidden[client]","Негативный тест: создание варианта не-админом запрещено."
"passed","Sat Apr 11 01:21:26 UTC 2026","Sat Apr 11 01:21:27 UTC 2026","1165","tests.admin_panel.promo","test_77_create_promotion_item","","","","test_create_promotion_item_invalid_payload[payload3-422]",""
"passed","Sat Apr 11 01:20:27 UTC 2026","Sat Apr 11 01:20:29 UTC 2026","1373","tests.admin_panel.products","test_44_upload_product_brand_images","","","","test_upload_product_brand_images_formats[invalid.docx-application/vnd.openxmlformats-officedocument.wordprocessingml.document-400]","Проверка загрузки изображений бренда в разных форматах: негативные и позитивные кейсы."
"skipped","Sat Apr 11 01:54:00 UTC 2026","Sat Apr 11 01:54:00 UTC 2026","0","tests.account","test_history_personal_volumes_admin","","","","test_get_personal_volumes_history_admin_positive[partner-payload0]","Позитивные тесты на получение истории начисления личных объемов для админа"
"passed","Sat Apr 11 01:31:55 UTC 2026","Sat Apr 11 01:31:56 UTC 2026","1189","tests.delivery","test_get_cdek_offices","","","","test_get_cdek_offices_success[86990-partner]",""
"failed","Sat Apr 11 01:56:03 UTC 2026","Sat Apr 11 01:56:03 UTC 2026","578","tests.account","test_history_group_volumes_admin","","","","test_group_volumes_history_admin_forbidden_for_non_admin[client]",""
"skipped","Sat Apr 11 00:49:55 UTC 2026","Sat Apr 11 00:49:56 UTC 2026","969","tests.one_c","test_cart_calculate_full_coverage","","","","test_email_validation[shipping_customer-invalid]",""
"skipped","Sat Apr 11 00:48:35 UTC 2026","Sat Apr 11 00:48:36 UTC 2026","1094","tests.one_c","test_cart_calculate_full_coverage","","","","test_products_negative_numbers[price--1]",""
"passed","Sat Apr 11 00:48:22 UTC 2026","Sat Apr 11 00:48:23 UTC 2026","603","tests.one_c","test_cart_calculate_full_coverage","","","","test_invalid_top_types[secret_keys-8886]",""
"passed","Sat Apr 11 01:53:14 UTC 2026","Sat Apr 11 01:53:14 UTC 2026","577","tests.delivery","test_get_kazpost_offices","","","","test_get_kazpost_offices_missing_city_id_should_fail[admin]","Негатив: отсутствует обязательный query-параметр city_id → 400/422."
"passed","Sat Apr 11 01:27:00 UTC 2026","Sat Apr 11 01:27:01 UTC 2026","591","tests.account","test_history_group_volumes","","","","test_group_volumes_history_invalid_query_params[params0-client]",""
"passed","Sat Apr 11 01:37:41 UTC 2026","Sat Apr 11 01:37:42 UTC 2026","850","tests.reviews","test_reviews_delete_post","","","","test_reviews_delete_unauthorized_for_client_and_partner[authorize_client]",""
"skipped","Sat Apr 11 01:54:17 UTC 2026","Sat Apr 11 01:54:18 UTC 2026","1010","tests.admin_panel","test_report_accruals","","","","test_report_accruals_full_payload",""
"passed","Sat Apr 11 01:21:36 UTC 2026","Sat Apr 11 01:21:37 UTC 2026","839","tests.admin_panel.promo","test_77_create_promotion_item","","","","test_create_promotion_item_invalid_ids[999999-1-404]",""
"skipped","Sat Apr 11 00:56:27 UTC 2026","Sat Apr 11 00:56:27 UTC 2026","0","tests.tickets","test_01_get_tickets","","","","test_get_tickets_success[filter1-sort1-search1-pagination1-admin]","Позитивный тест: получение списка тикетов с разными комбинациями параметров"
"passed","Sat Apr 11 01:24:12 UTC 2026","Sat Apr 11 01:24:13 UTC 2026","644","tests.admin_panel.slides","test_61_upload_slides_images","","","","test_upload_slide_images_forbidden[client]",""
"skipped","Sat Apr 11 01:40:25 UTC 2026","Sat Apr 11 01:40:25 UTC 2026","598","tests.cart","test_09_cart_save_region","","","","test_save_region_invalid_payload[partner-payload1]","Негатив: невалидный payload"
"passed","Sat Apr 11 01:07:46 UTC 2026","Sat Apr 11 01:07:47 UTC 2026","1276","tests.admin_panel.promo","test_74_update_promotion","","","","test_update_promotion_invalid_payload[payload3-400]","Негативный тест: обновление акции с невалидным или неполным телом запроса"
"passed","Sat Apr 11 00:58:26 UTC 2026","Sat Apr 11 00:58:30 UTC 2026","3737","tests.cart","test_01_user_locale","","","","test_update_user_locale_valid_payload[client-payload4]",""
"passed","Sat Apr 11 01:20:49 UTC 2026","Sat Apr 11 01:20:54 UTC 2026","4721","tests.admin_panel.products","test_44_upload_product_brand_images","","","","test_upload_product_brand_images_various_fields[4.7-fields_to_send2-204]","Негативный тест. Загрузка слишком большого изображения."
"skipped","Sat Apr 11 00:56:27 UTC 2026","Sat Apr 11 00:56:27 UTC 2026","0","tests.tickets","test_01_get_tickets","","","","test_get_tickets_success[filter1-sort0-search2-pagination0-partner]","Позитивный тест: получение списка тикетов с разными комбинациями параметров"
"passed","Sat Apr 11 00:57:59 UTC 2026","Sat Apr 11 00:58:00 UTC 2026","835","tests.account","test_update_utc_offset","","","","test_update_utc_offset_invalid_format_rejected[03]",""
"passed","Sat Apr 11 01:24:45 UTC 2026","Sat Apr 11 01:24:48 UTC 2026","3115","tests.admin_panel.slides","test_61_upload_slides_images","","","","test_upload_only_single_slide_image_field[image-test_jpg.jpg-image/jpeg]",""
"skipped","Sat Apr 11 02:00:53 UTC 2026","Sat Apr 11 02:00:53 UTC 2026","0","tests.sockets","test_ws_chat_protocol","","","","test_ws_unknown_msg_returns_error_and_keeps_connection[partner]","
    Негатив: шлём левый msg → сервер должен вернуть
      {""msg"": ""error"", ""error"": ""unknown command""}
    "
"passed","Sat Apr 11 01:36:46 UTC 2026","Sat Apr 11 01:36:46 UTC 2026","617","tests.auth","test_02_login","","","","test_client_login[client-empty_password-401]",""
"passed","Sat Apr 11 00:48:16 UTC 2026","Sat Apr 11 00:48:18 UTC 2026","2141","tests.one_c","test_cart_calculate_full_coverage","","","","test_cart_calculate_smoke",""
"passed","Sat Apr 11 01:25:12 UTC 2026","Sat Apr 11 01:25:13 UTC 2026","794","tests.admin_panel.categories","test_57_v2_update_category","","","","test_v2_update_category_invalid_id[abc]","Негативный тест: несуществующий или некорректный ID."
"passed","Sat Apr 11 01:41:24 UTC 2026","Sat Apr 11 01:41:26 UTC 2026","1458","tests.tickets","test_02_get_ticket_by_id","","","","test_get_ticket_success[client]","Позитивный тест: успешное получение тикета по ID для клиента, партнера и администратора."
"passed","Sat Apr 11 01:36:12 UTC 2026","Sat Apr 11 01:36:14 UTC 2026","1222","tests.admin_panel.categories","test_56_v2_create_category","","","","test_v2_create_category_slug_should_fail_if_not_unique","Негативный тест: попытка создать категорию с уже существующим slug."
"passed","Sat Apr 11 01:05:33 UTC 2026","Sat Apr 11 01:05:33 UTC 2026","279","tests.cart","test_update_location","","","","test_update_location_rf_positive[payload1]",""
"passed","Sat Apr 11 01:58:20 UTC 2026","Sat Apr 11 01:58:21 UTC 2026","590","tests.account","test_post_bonus_tokens","","","","test_get_bonus_tokens_unauthorized","Негативный тест: без авторизации."
"passed","Sat Apr 11 01:15:47 UTC 2026","Sat Apr 11 01:15:48 UTC 2026","807","tests.admin_panel.slides","test_57_create_slide","","","","test_create_slide_invalid_payload[payload4-422]","Негативные тесты: некорректные и неполные payload'ы"
"passed","Sat Apr 11 00:56:53 UTC 2026","Sat Apr 11 00:56:54 UTC 2026","983","tests.delivery","test_01_save_delivery_address","","","","test_save_address_positive_contract_and_cleanup[payload5-partner]",""
"passed","Sat Apr 11 01:09:20 UTC 2026","Sat Apr 11 01:09:22 UTC 2026","1573","tests.cart","test_20_cart_recommended_products","","","","test_cart_recommended_products_country_only_cart_no_500[partner]","
    Корзина инициализирована только страной через update_location,
    без явного save_city
    "
"skipped","Sat Apr 11 00:56:27 UTC 2026","Sat Apr 11 00:56:27 UTC 2026","0","tests.tickets","test_01_get_tickets","","","","test_get_tickets_success[filter1-sort0-search2-pagination0-client]","Позитивный тест: получение списка тикетов с разными комбинациями параметров"
"passed","Sat Apr 11 00:49:53 UTC 2026","Sat Apr 11 00:49:54 UTC 2026","885","tests.one_c","test_cart_calculate_full_coverage","","","","test_bonus_info_missing_bonus_list_fields[account_text]",""
"passed","Sat Apr 11 01:48:47 UTC 2026","Sat Apr 11 01:48:49 UTC 2026","1675","tests.admin_panel.products","test_43_delete_product_brand","","","","test_delete_product_brand_forbidden[client]","Негативный тест: попытка удаления бренда не-админом."
"passed","Sat Apr 11 01:32:01 UTC 2026","Sat Apr 11 01:32:02 UTC 2026","610","tests.delivery","test_get_cdek_offices","","","","test_get_cdek_offices_invalid_city_id_should_fail[True-admin]",""
"passed","Sat Apr 11 01:50:03 UTC 2026","Sat Apr 11 01:50:04 UTC 2026","888","tests.catalog","test_delete_admin_product_translation","","","","test_delete_admin_product_translation_invalid_id[-1]","Удаление перевода по невалидному product_id — должно вернуть 400 или 404."
"passed","Sat Apr 11 01:26:15 UTC 2026","Sat Apr 11 01:26:18 UTC 2026","3014","tests.orders","test_create_order_by_delivery_address","","","","test_create_order_permissions[authorize_partner-authorize_client-404]",""
"passed","Sat Apr 11 01:22:15 UTC 2026","Sat Apr 11 01:22:16 UTC 2026","828","tests.admin_panel.products","test_40_create_product_brand","","","","test_create_product_brand_invalid_payload[payload1-expected_codes1]","Негативные кейсы: невалидные поля при создании бренда."
"passed","Sat Apr 11 00:57:33 UTC 2026","Sat Apr 11 00:57:34 UTC 2026","571","tests.delivery","test_get_cities","","","","test_get_cities_invalid_country_id_should_fail[1.5-admin]","
    Негатив: невалидный country_id → 400/422
    "
"passed","Sat Apr 11 01:30:08 UTC 2026","Sat Apr 11 01:30:09 UTC 2026","786","tests.reviews","test_reviews_create_post","","","","test_reviews_create_invalid_product_id[-1]",""
"passed","Sat Apr 11 01:36:42 UTC 2026","Sat Apr 11 01:36:43 UTC 2026","603","tests.auth","test_02_login","","","","test_admin_login[admin-admin--401]",""
"passed","Sat Apr 11 01:34:58 UTC 2026","Sat Apr 11 01:34:59 UTC 2026","644","tests.admin_panel.products","test_product_files_update","","","","test_update_forbidden[partner]",""
"passed","Sat Apr 11 00:53:44 UTC 2026","Sat Apr 11 00:53:46 UTC 2026","2051","tests.tickets","test_04_create_ticket","","","","test_create_ticket_success[partner-attachments2-QuestionsAboutProducts]","Позитивный тест: создание тикета с разными темами и вложениями для клиента, партнера и админа"
"passed","Sat Apr 11 00:57:13 UTC 2026","Sat Apr 11 00:57:13 UTC 2026","573","tests.delivery","test_01_save_delivery_address","","","","test_save_address_empty_required_strings_should_fail[-email-client]",""
"passed","Sat Apr 11 01:20:06 UTC 2026","Sat Apr 11 01:20:06 UTC 2026","791","tests.admin_panel.items","test_create_item_translation","","","","test_create_item_translation_invalid_payload[payload4-code4]","Негативный тест: создание перевода с невалидным payload."
"passed","Sat Apr 11 01:45:00 UTC 2026","Sat Apr 11 01:45:01 UTC 2026","813","tests.admin_panel.products","test_product_files_get_upload_urls","","","","test_get_upload_urls_not_found",""
"passed","Sat Apr 11 01:16:34 UTC 2026","Sat Apr 11 01:16:42 UTC 2026","7609","tests.catalog","test_create_admin_product_translation","","","","test_create_admin_product_translation_success[de]","Создание и обновление перевода продукта на разных языках."
"passed","Sat Apr 11 01:32:26 UTC 2026","Sat Apr 11 01:32:26 UTC 2026","583","tests.delivery","test_get_self_pickup_offices","","","","test_get_self_pickup_offices_invalid_city_id_should_fail[-1-admin]","Негатив: невалидные значения city_id → 400/422."
"passed","Sat Apr 11 01:24:18 UTC 2026","Sat Apr 11 01:24:21 UTC 2026","2698","tests.admin_panel.slides","test_61_upload_slides_images","","","","test_upload_slide_images_invalid_format[invalid.pdf-application/pdf-400]",""
"passed","Sat Apr 11 01:34:57 UTC 2026","Sat Apr 11 01:34:58 UTC 2026","613","tests.admin_panel.products","test_product_files_update","","","","test_update_unauthorized",""
"passed","Sat Apr 11 00:50:21 UTC 2026","Sat Apr 11 00:50:22 UTC 2026","928","tests.one_c","test_cart_calculate_full_coverage","","","","test_large_cart[1]",""
"passed","Sat Apr 11 01:22:00 UTC 2026","Sat Apr 11 01:22:01 UTC 2026","802","tests.delivery","test_get_delivery_countries","","","","test_get_delivery_countries_success[delivery-admin]","Позитив: успешное получение списка стран с разными значениями ?from=."
"passed","Sat Apr 11 00:59:19 UTC 2026","Sat Apr 11 00:59:21 UTC 2026","2255","tests.cart","test_01_user_locale","","","","test_update_user_locale_invalid_payload[partner-payload3]",""
"passed","Sat Apr 11 01:40:39 UTC 2026","Sat Apr 11 01:40:40 UTC 2026","832","tests.catalog","test_product_get_by_id","","","","test_get_product_by_id_invalid_string[]","
    Негативный: ID строкового типа
    "
"skipped","Sat Apr 11 01:44:12 UTC 2026","Sat Apr 11 01:44:12 UTC 2026","0","tests.PROJECT_EDUCATION.test_system","test_05_get_info","","","","test_get_info_invalid_id__400_or_404[999999]","Негатив: невалидный id в path"
"passed","Sat Apr 11 01:00:08 UTC 2026","Sat Apr 11 01:00:08 UTC 2026","605","tests.cart","test_02_get_delivery_cost","","","","test_get_delivery_cost_success_partial_payload[client-payload5-400]",""
"passed","Sat Apr 11 00:55:53 UTC 2026","Sat Apr 11 00:55:55 UTC 2026","1961","tests.tickets","test_04_create_ticket","","","","test_create_ticket_success[admin-attachments2-ReceivingDefectiveProductsOrShortage]","Позитивный тест: создание тикета с разными темами и вложениями для клиента, партнера и админа"
"passed","Sat Apr 11 00:50:32 UTC 2026","Sat Apr 11 00:50:33 UTC 2026","1013","tests.tickets","test_04_create_ticket","","","","test_create_ticket_success[client-attachments0-QuestionsAboutPaymentsToIP]","Позитивный тест: создание тикета с разными темами и вложениями для клиента, партнера и админа"
"passed","Sat Apr 11 01:42:20 UTC 2026","Sat Apr 11 01:42:21 UTC 2026","786","tests.admin_panel","test_05_admin_support_users_token_revoke_all","","","","test_invalid_user_id_for_revoke_all_returns_client_error[]",""
"passed","Sat Apr 11 00:58:04 UTC 2026","Sat Apr 11 00:58:05 UTC 2026","804","tests.account","test_update_utc_offset","","","","test_update_utc_offset_invalid_format_rejected[+ 7]",""
"passed","Sat Apr 11 01:09:31 UTC 2026","Sat Apr 11 01:09:46 UTC 2026","15577","tests.cart","test_free_delivery_by_rc_and_belts","","","","test_free_delivery_by_belts_contract[\u041c\u043e\u0441\u043a\u0432\u0430-client-zone_1-belt_cfg0]","
    КОНТРАКТ:
    - ручка работает
    - advance_costs может быть []
    - free может быть
    - платная доставка допустима
    "
"passed","Sat Apr 11 00:57:08 UTC 2026","Sat Apr 11 00:57:08 UTC 2026","619","tests.delivery","test_01_save_delivery_address","","","","test_save_address_invalid_types_should_fail[name-123-client]",""
"passed","Sat Apr 11 01:22:16 UTC 2026","Sat Apr 11 01:22:17 UTC 2026","786","tests.admin_panel.products","test_40_create_product_brand","","","","test_create_product_brand_invalid_payload[payload2-expected_codes2]","Негативные кейсы: невалидные поля при создании бренда."
"skipped","Sat Apr 11 01:23:54 UTC 2026","Sat Apr 11 01:23:55 UTC 2026","598","tests.statistic","test_team_go","","","","test_get_team_go_statistic_negative[payload0-admin]","Негативный тест: ошибка при получении статистики по команде с невалидным телом запроса"
"passed","Sat Apr 11 01:08:14 UTC 2026","Sat Apr 11 01:08:16 UTC 2026","1723","tests.admin_panel.sliders","test_54_update_slider","","","","test_update_slider_forbidden[client]","Негативный тест: попытка обновления слайдера не-админом."
"skipped","Sat Apr 11 00:49:25 UTC 2026","Sat Apr 11 00:49:26 UTC 2026","949","tests.one_c","test_cart_calculate_full_coverage","","","","test_payment_invalid_numbers[shipping--1]",""
"passed","Sat Apr 11 01:36:14 UTC 2026","Sat Apr 11 01:36:16 UTC 2026","2150","tests.admin_panel.minions","test_admin_add_lo","","","","test_post_admin_add_lo_negative_forbidden_for_non_admin","
    Негативный сценарий: клиентский пользователь не имеет доступа к admin-ручке.
    "
"skipped","Sat Apr 11 01:42:25 UTC 2026","Sat Apr 11 01:42:25 UTC 2026","0","tests.admin_panel","test_accrue_gold_pro_gift","","","","test_accrue_gold_pro_gift_unauthorized",""
"passed","Sat Apr 11 01:35:18 UTC 2026","Sat Apr 11 01:35:20 UTC 2026","1508","tests.account","test_add_cover_url","","","","test_add_cover_full_payload[admin]",""
"passed","Sat Apr 11 00:49:28 UTC 2026","Sat Apr 11 00:49:29 UTC 2026","644","tests.one_c","test_cart_calculate_full_coverage","","","","test_payment_invalid_types[shipping-5]",""
"passed","Sat Apr 11 01:30:14 UTC 2026","Sat Apr 11 01:30:15 UTC 2026","611","tests.account","test_get_account_exists","","","","test_get_account_exists_positive[params4-admin]","Нкгатив: невлидны id"
"passed","Sat Apr 11 02:01:16 UTC 2026","Sat Apr 11 02:01:26 UTC 2026","10138","tests.integration","test_order_courier_ru","","","","test_order_courier_ru[DPD]",""
"passed","Sat Apr 11 01:05:13 UTC 2026","Sat Apr 11 01:05:14 UTC 2026","1137","tests.catalog","test_create_admin_product","","","","test_create_product_unauthorized",""
"passed","Sat Apr 11 01:40:15 UTC 2026","Sat Apr 11 01:40:16 UTC 2026","829","tests.admin_panel.slides","test_58_get_slides_by_id","","","","test_get_slides_invalid_id[0]","Негативный тест: невалидный ID в path-параметре"
"skipped","Sat Apr 11 01:54:00 UTC 2026","Sat Apr 11 01:54:00 UTC 2026","0","tests.account","test_update","","","","test_update_account_positive[admin-payload0]","Позитивные тесты на обновление данных аккаунта"
"passed","Sat Apr 11 01:26:29 UTC 2026","Sat Apr 11 01:26:30 UTC 2026","1591","tests.account","test_account_branded_wallet_upload","","","","test_upload_success[valid_png.png-partner]","Позитив: валидное изображение (PNG/JPG) → 200 + корректная схема"
"passed","Sat Apr 11 01:04:11 UTC 2026","Sat Apr 11 01:04:12 UTC 2026","1298","tests.admin_panel.slides","test_59_update_slide","","","","test_update_slide_invalid_payload[payload19-422]","
    Негативный тест: обновление слайда с невалидным или неполным телом запроса
    "
"passed","Sat Apr 11 01:00:18 UTC 2026","Sat Apr 11 01:00:19 UTC 2026","644","tests.cart","test_02_get_delivery_cost","","","","test_get_delivery_cost_invalid_payload[client-payload5]","Негатив: некорректные входные данные"
"skipped","Sat Apr 11 00:56:42 UTC 2026","Sat Apr 11 00:56:42 UTC 2026","0","tests.stock","test_create_stock","","","","test_create_stock_with_empty_string_log_if_not_200[is_office_entry_enabled]",""
"passed","Sat Apr 11 01:06:09 UTC 2026","Sat Apr 11 01:06:11 UTC 2026","2712","tests.one_c","test_free_delivery_to_regions_and_cities","","","","test_1c_free_delivery_regions_only_does_not_touch_cities",""
"skipped","Sat Apr 11 01:53:17 UTC 2026","Sat Apr 11 01:53:17 UTC 2026","593","tests.delivery","test_get_kgpost_offices","","","","test_get_kgpost_offices_success[208110-client]",""
"skipped","Sat Apr 11 01:46:15 UTC 2026","Sat Apr 11 01:46:15 UTC 2026","0","tests.fund","test_get_top_donors","","","","test_get_top_donors_invalid_params[invalid_param1-https://dev.ewahelps.com/api]","Негатив: неверные параметры должны дать 400 (при рабочем маршруте)."
"skipped","Sat Apr 11 02:00:56 UTC 2026","Sat Apr 11 02:00:56 UTC 2026","0","tests.PROJECT_EDUCATION.orders","test_get_orders","","","","test_get_orders__authorized__contract",""
"passed","Sat Apr 11 01:54:16 UTC 2026","Sat Apr 11 01:54:16 UTC 2026","827","tests.admin_panel","test_02_support_users_list","","","","test_invalid_paging_returns_400_for_admin[page=-1&page_size=20]","
    Некорректные значения page/page_size
    "
"skipped","Sat Apr 11 01:38:41 UTC 2026","Sat Apr 11 01:38:43 UTC 2026","1704","tests.tickets","test_06_close_ticket","","","","test_close_tickets_negative[client-None-400]","Негативные тесты: закрытие с некорректными данными"
"skipped","Sat Apr 11 00:49:46 UTC 2026","Sat Apr 11 00:49:47 UTC 2026","869","tests.one_c","test_cart_calculate_full_coverage","","","","test_bonus_info_invalid_numbers[account_id--1]",""
"passed","Sat Apr 11 01:54:19 UTC 2026","Sat Apr 11 01:54:20 UTC 2026","601","tests.admin_panel","test_report_accruals","","","","test_report_accruals_forbidden[partner]",""
"skipped","Sat Apr 11 01:40:24 UTC 2026","Sat Apr 11 01:40:25 UTC 2026","631","tests.cart","test_09_cart_save_region","","","","test_save_region_invalid_payload[partner-payload0]","Негатив: невалидный payload"
"passed","Sat Apr 11 01:22:28 UTC 2026","Sat Apr 11 01:22:29 UTC 2026","1201","tests.admin_panel.products","test_42_update_product_brand","","","","test_update_product_brand_success","Позитивный тест: успешное обновление бренда (все поля)."
"passed","Sat Apr 11 01:39:36 UTC 2026","Sat Apr 11 01:39:37 UTC 2026","834","tests.admin_panel.products","test_41_get_product_brand_by_id","","","","test_get_product_brand_invalid_id[1.5]","Негативный тест: получение бренда по невалидному ID"
"skipped","Sat Apr 11 00:49:06 UTC 2026","Sat Apr 11 00:49:06 UTC 2026","884","tests.one_c","test_cart_calculate_full_coverage","","","","test_packaging_invalid_numbers[height--1]",""
"passed","Sat Apr 11 01:30:54 UTC 2026","Sat Apr 11 01:30:55 UTC 2026","1015","tests.cart","test_23_cart_calculate_delivery_flag","","","","test_delete_invalid_item_id[client]",""
"passed","Sat Apr 11 01:41:46 UTC 2026","Sat Apr 11 01:41:46 UTC 2026","627","tests.tickets","test_09_get_ticket_messages","","","","test_get_ticket_messages_no_auth","Негативный тест: запрос без токена (отсутствие авторизации)"
"passed","Sat Apr 11 00:59:38 UTC 2026","Sat Apr 11 00:59:40 UTC 2026","2259","tests.cart","test_01_user_locale","","","","test_update_user_locale_invalid_language_enum[client-]",""
"passed","Sat Apr 11 01:49:33 UTC 2026","Sat Apr 11 01:49:41 UTC 2026","7556","tests.catalog","test_delete_admin_product_translation","","","","test_delete_admin_product_translation_success","Удаление одного из переводов продукта (успешный сценарий)."
"skipped","Sat Apr 11 01:56:13 UTC 2026","Sat Apr 11 01:56:13 UTC 2026","0","tests.admin_panel.periods","test_post_periods_by_date_interval","","","","test_post_periods_by_date_interval__200_strict[admin]",""
"failed","Sat Apr 11 01:36:53 UTC 2026","Sat Apr 11 01:36:54 UTC 2026","826","tests.catalog","test_get_recommended_products","","","","test_get_recommended_products_invalid_stock_id[]","
    Негативные значения stock_id
    "
"passed","Sat Apr 11 00:53:57 UTC 2026","Sat Apr 11 00:53:59 UTC 2026","2110","tests.tickets","test_04_create_ticket","","","","test_create_ticket_success[partner-attachments2-OtherQuestions]","Позитивный тест: создание тикета с разными темами и вложениями для клиента, партнера и админа"
"passed","Sat Apr 11 01:54:07 UTC 2026","Sat Apr 11 01:54:08 UTC 2026","1679","tests.account","test_update_avatar","","","","test_update_avatar_positive[admin-payload0]","Позитивные тесты на обновление аватара"
"passed","Sat Apr 11 00:52:26 UTC 2026","Sat Apr 11 00:52:27 UTC 2026","1180","tests.tickets","test_04_create_ticket","","","","test_create_ticket_success[partner-attachments0-QuestionsAboutOrders]","Позитивный тест: создание тикета с разными темами и вложениями для клиента, партнера и админа"
"skipped","Sat Apr 11 02:00:57 UTC 2026","Sat Apr 11 02:00:57 UTC 2026","591","tests.cart","test_cart_international_stock","","","","test_international_auto_stock_moscow_first","
    Международка:
    товар есть в Москве → выбирается московский склад
    "
"skipped","Sat Apr 11 01:54:00 UTC 2026","Sat Apr 11 01:54:00 UTC 2026","0","tests.account","test_token_revoke","","","","test_revoke_token_positive[partner-payload1]","Позитивные тесты на удаление токена"
"skipped","Sat Apr 11 01:40:23 UTC 2026","Sat Apr 11 01:40:23 UTC 2026","612","tests.cart","test_09_cart_save_region","","","","test_save_region_invalid_payload[client-payload0]","Негатив: невалидный payload"
"passed","Sat Apr 11 01:43:03 UTC 2026","Sat Apr 11 01:43:04 UTC 2026","871","tests.admin_panel.items","test_get_item_translation","","","","test_get_item_translation_invalid_id[0]",""
"passed","Sat Apr 11 00:55:47 UTC 2026","Sat Apr 11 00:55:49 UTC 2026","2077","tests.tickets","test_04_create_ticket","","","","test_create_ticket_success[admin-attachments2-OtherQuestions]","Позитивный тест: создание тикета с разными темами и вложениями для клиента, партнера и админа"
"passed","Sat Apr 11 01:24:13 UTC 2026","Sat Apr 11 01:24:13 UTC 2026","582","tests.admin_panel.slides","test_61_upload_slides_images","","","","test_upload_slide_images_forbidden[partner]",""
"skipped","Sat Apr 11 00:56:26 UTC 2026","Sat Apr 11 00:56:26 UTC 2026","0","tests.tickets","test_01_get_tickets","","","","test_get_tickets_success[filter0-sort0-search1-pagination1-client]","Позитивный тест: получение списка тикетов с разными комбинациями параметров"
"skipped","Sat Apr 11 01:40:44 UTC 2026","Sat Apr 11 01:40:44 UTC 2026","0","tests.chat_support","test_01_support_chat_messages_post","","","","test_create_message_success[client]","
    Позитив: отправка сообщения в чат поддержки через /support-chat/create
    "
"passed","Sat Apr 11 01:16:05 UTC 2026","Sat Apr 11 01:16:06 UTC 2026","1208","tests.admin_panel.slides","test_57_create_slide","","","","test_create_slide_title_color_validation[#12345G-400]","Валидация поля title_color при создании слайда"
"passed","Sat Apr 11 00:52:41 UTC 2026","Sat Apr 11 00:52:43 UTC 2026","1240","tests.tickets","test_04_create_ticket","","","","test_create_ticket_success[partner-attachments0-ChangePersonalData]","Позитивный тест: создание тикета с разными темами и вложениями для клиента, партнера и админа"
"passed","Sat Apr 11 01:35:48 UTC 2026","Sat Apr 11 01:35:49 UTC 2026","871","tests.admin_panel","test_01_support_create_user","","","","test_invalid_user_id_returns_client_error[1.23]",""
"skipped","Sat Apr 11 01:41:46 UTC 2026","Sat Apr 11 01:41:47 UTC 2026","791","tests.tickets","test_09_get_ticket_messages","","","","test_get_ticket_messages_invalid_id_format[abc]","Негативный тест: запрос с некорректным ID (строка, спецсимволы, пустое значение)"
"passed","Sat Apr 11 01:11:28 UTC 2026","Sat Apr 11 01:11:50 UTC 2026","21744","tests.cart","test_free_delivery_by_rc_and_belts","","","","test_delivery_for_region_outside_belts[client]",""
"skipped","Sat Apr 11 01:54:21 UTC 2026","Sat Apr 11 01:54:22 UTC 2026","805","tests.admin_panel","test_report_accruals","","","","test_report_accruals_invalid_payload[payload1-400]",""
"passed","Sat Apr 11 01:57:18 UTC 2026","Sat Apr 11 01:57:19 UTC 2026","587","tests.cart","test_17_cart_update_user_country","","","","test_update_user_country_unauthorized","Негатив: вызов без авторизации/корзины"
"passed","Sat Apr 11 01:08:35 UTC 2026","Sat Apr 11 01:08:37 UTC 2026","1256","tests.admin_panel.sliders","test_54_update_slider","","","","test_update_slider_invalid_payload[payload6-400]","Негативный тест: обновление слайдера с невалидным или неполным телом запроса."
"passed","Sat Apr 11 01:09:07 UTC 2026","Sat Apr 11 01:09:08 UTC 2026","1097","tests.cart","test_20_cart_recommended_products","","","","test_cart_recommended_products_invalid_cart_cookie_no_500[abc-client]","
    невалидный cart_id в cookie
    "
"skipped","Sat Apr 11 00:48:19 UTC 2026","Sat Apr 11 00:48:20 UTC 2026","642","tests.one_c","test_cart_calculate_full_coverage","","","","test_required_fields[products]",""
"passed","Sat Apr 11 00:56:16 UTC 2026","Sat Apr 11 00:56:17 UTC 2026","1198","tests.tickets","test_04_create_ticket","","","","test_create_ticket_invalid_request_type[admin--200]","Негативный тест: попытка создания тикета с неверным типом request_type"
"passed","Sat Apr 11 00:56:26 UTC 2026","Sat Apr 11 00:56:26 UTC 2026","616","tests.tickets","test_04_create_ticket","","","","test_create_ticket_unauthorized","Негативный тест: попытка создания тикета без авторизации"
"passed","Sat Apr 11 01:22:19 UTC 2026","Sat Apr 11 01:22:20 UTC 2026","787","tests.admin_panel.products","test_40_create_product_brand","","","","test_create_product_brand_invalid_payload[payload6-expected_codes6]","Негативные кейсы: невалидные поля при создании бренда."
"failed","Sat Apr 11 01:58:25 UTC 2026","Sat Apr 11 01:58:25 UTC 2026","597","tests.admin_panel.periods","test_get_periods_current","","","","test_get_periods_current__200_strict[partner]",""
"skipped","Sat Apr 11 00:56:42 UTC 2026","Sat Apr 11 00:56:42 UTC 2026","0","tests.stock","test_create_stock","","","","test_create_stock_with_empty_string_log_if_not_200[city.latitude]",""
"skipped","Sat Apr 11 01:41:13 UTC 2026","Sat Apr 11 01:41:14 UTC 2026","883","tests.reviews","test_reviews_update_post","","","","test_reviews_update_boundary[message--400]",""
"passed","Sat Apr 11 00:57:02 UTC 2026","Sat Apr 11 00:57:02 UTC 2026","611","tests.delivery","test_01_save_delivery_address","","","","test_save_address_missing_required_cdek_fields_should_fail[is_courier-client]",""
"skipped","Sat Apr 11 01:54:10 UTC 2026","Sat Apr 11 01:54:10 UTC 2026","0","tests.account","test_update_default_stock","","","","test_update_default_stock_positive[admin-payload1]","Позитивные тесты на изменение дефолтного склада"
"failed","Sat Apr 11 02:00:02 UTC 2026","Sat Apr 11 02:00:02 UTC 2026","575","tests.cart","test_22_cart_fill_advanced_cost","","","","test_fill_advanced_cost_without_items_returns_ok[client]","
    допускается расчёт delivery без items
    "
"passed","Sat Apr 11 01:50:04 UTC 2026","Sat Apr 11 01:50:05 UTC 2026","820","tests.catalog","test_delete_admin_product_translation","","","","test_delete_admin_product_translation_invalid_id[0]","Удаление перевода по невалидному product_id — должно вернуть 400 или 404."
"passed","Sat Apr 11 01:35:53 UTC 2026","Sat Apr 11 01:35:54 UTC 2026","614","tests.admin_panel","test_partner_accrual_details_common","","","","test_common_accrual_details_forbidden_to_non_admin[partner]","
    Негатив: клиент/партнёр стучится в админ-ручку общей детализации → 403
    "
"passed","Sat Apr 11 01:21:57 UTC 2026","Sat Apr 11 01:21:58 UTC 2026","760","tests.delivery","test_get_delivery_countries","","","","test_get_delivery_countries_success[None-partner]","Позитив: успешное получение списка стран с разными значениями ?from=."
"passed","Sat Apr 11 01:21:19 UTC 2026","Sat Apr 11 01:21:20 UTC 2026","1319","tests.admin_panel.promo","test_77_create_promotion_item","","","","test_create_promotion_item_invalid_payload[payload0-400]",""
"failed","Sat Apr 11 01:56:40 UTC 2026","Sat Apr 11 01:56:40 UTC 2026","614","tests.admin_panel.products","test_39_get_product_brands","","","","test_get_product_brands_forbidden[partner]","Негативный тест: получение списка брендов не админом."
"passed","Sat Apr 11 00:50:52 UTC 2026","Sat Apr 11 00:50:53 UTC 2026","1242","tests.tickets","test_04_create_ticket","","","","test_create_ticket_success[client-attachments0-ChangePersonalData]","Позитивный тест: создание тикета с разными темами и вложениями для клиента, партнера и админа"
"passed","Sat Apr 11 01:06:41 UTC 2026","Sat Apr 11 01:06:47 UTC 2026","6293","tests.one_c","test_free_delivery_to_regions_and_cities","","","","test_1c_free_delivery_processes_multiple_stocks",""
"skipped","Sat Apr 11 01:41:51 UTC 2026","Sat Apr 11 01:41:51 UTC 2026","0","tests.PROJECT_EDUCATION.test_system","test_06_get_result","","","","test_get_result__after_finish_single","
    1) Гасим активные сессии
    2) Стартуем тест
    3) Финишим
    4) Проверяем, что GET /result возвращает 200
    "
"skipped","Sat Apr 11 00:49:13 UTC 2026","Sat Apr 11 00:49:14 UTC 2026","931","tests.one_c","test_cart_calculate_full_coverage","","","","test_packaging_invalid_types[weight-None]",""
"passed","Sat Apr 11 01:20:07 UTC 2026","Sat Apr 11 01:20:08 UTC 2026","814","tests.admin_panel.items","test_create_item_translation","","","","test_create_item_translation_invalid_payload[payload6-code6]","Негативный тест: создание перевода с невалидным payload."
"passed","Sat Apr 11 00:58:34 UTC 2026","Sat Apr 11 00:58:38 UTC 2026","3830","tests.cart","test_01_user_locale","","","","test_update_user_locale_valid_payload[partner-payload0]",""
"skipped","Sat Apr 11 01:55:06 UTC 2026","Sat Apr 11 01:55:06 UTC 2026","591","tests.cart","test_07_cart_update_multi","","","","test_update_cart_items_multi_invalid_payload[client-payload0]","Негатив: невалидный payload для /cart/update_multi"
"passed","Sat Apr 11 01:04:01 UTC 2026","Sat Apr 11 01:04:02 UTC 2026","1317","tests.admin_panel.slides","test_59_update_slide","","","","test_update_slide_invalid_payload[payload16-422]","
    Негативный тест: обновление слайда с невалидным или неполным телом запроса
    "
"skipped","Sat Apr 11 00:56:27 UTC 2026","Sat Apr 11 00:56:27 UTC 2026","0","tests.tickets","test_01_get_tickets","","","","test_get_tickets_success[filter2-sort0-search2-pagination0-admin]","Позитивный тест: получение списка тикетов с разными комбинациями параметров"
"passed","Sat Apr 11 01:24:12 UTC 2026","Sat Apr 11 01:24:12 UTC 2026","572","tests.admin_panel.slides","test_61_upload_slides_images","","","","test_upload_slide_images_unauthorized",""
"passed","Sat Apr 11 01:29:43 UTC 2026","Sat Apr 11 01:29:44 UTC 2026","802","tests.reviews","test_reviews_create_post","","","","test_reviews_create_missing_required_field_returns_400[payload0]",""
"passed","Sat Apr 11 01:32:12 UTC 2026","Sat Apr 11 01:32:13 UTC 2026","590","tests.delivery","test_get_dpd_offices","","","","test_get_dpd_offices_invalid_city_id_should_fail[bad_city_id8-admin]",""
"passed","Sat Apr 11 01:37:24 UTC 2026","Sat Apr 11 01:37:25 UTC 2026","604","tests.orders","test_group_order_v2_create","","","","test_group_order_v2_create_unauthorized",""
"passed","Sat Apr 11 00:57:38 UTC 2026","Sat Apr 11 00:57:38 UTC 2026","578","tests.delivery","test_get_cities","","","","test_get_cities_invalid_region_id_should_fail[1.5-admin]","
    Негатив: невалидный region_id
    "
"passed","Sat Apr 11 01:49:10 UTC 2026","Sat Apr 11 01:49:12 UTC 2026","1685","tests.admin_panel.sliders","test_55_delete_sliders","","","","test_delete_slider_forbidden[client]","Негативный тест: попытка удаления слайдера не-админом."
"passed","Sat Apr 11 01:46:14 UTC 2026","Sat Apr 11 01:46:15 UTC 2026","607","tests.catalog","test_product_get_by_slug","","","","test_get_product_by_slug_invalid_slug_value[%20-client]",""
"passed","Sat Apr 11 01:56:40 UTC 2026","Sat Apr 11 01:56:41 UTC 2026","588","tests.admin_panel.products","test_39_get_product_brands","","","","test_get_product_brands_unauthorized","Негативный тест: получение брендов без авторизации."
"passed","Sat Apr 11 00:51:48 UTC 2026","Sat Apr 11 00:51:50 UTC 2026","2154","tests.tickets","test_04_create_ticket","","","","test_create_ticket_success[client-attachments2-QuestionsAboutOrders]","Позитивный тест: создание тикета с разными темами и вложениями для клиента, партнера и админа"
"passed","Sat Apr 11 01:19:29 UTC 2026","Sat Apr 11 01:19:32 UTC 2026","3335","tests.admin_panel.items","test_create_item_translation","","","","test_create_item_translation_success[kk]",""
"skipped","Sat Apr 11 00:56:27 UTC 2026","Sat Apr 11 00:56:27 UTC 2026","0","tests.tickets","test_01_get_tickets","","","","test_get_tickets_success[filter2-sort1-search2-pagination0-admin]","Позитивный тест: получение списка тикетов с разными комбинациями параметров"
"passed","Sat Apr 11 00:58:07 UTC 2026","Sat Apr 11 00:58:07 UTC 2026","839","tests.account","test_update_utc_offset","","","","test_update_utc_offset_invalid_types_rejected[3]",""
"passed","Sat Apr 11 01:45:52 UTC 2026","Sat Apr 11 01:45:53 UTC 2026","579","tests.auth","test_01_check_version","","","","test_check_version[Android-1.0.0-200]","Тест проверяет API /check_version для разных платформ и версий."
"skipped","Sat Apr 11 00:48:59 UTC 2026","Sat Apr 11 00:48:59 UTC 2026","581","tests.one_c","test_cart_calculate_full_coverage","","","","test_products_invalid_values[None-storage_id]",""
"passed","Sat Apr 11 00:59:40 UTC 2026","Sat Apr 11 00:59:42 UTC 2026","2331","tests.cart","test_01_user_locale","","","","test_update_user_locale_invalid_language_enum[partner-Russian]",""
"passed","Sat Apr 11 01:37:31 UTC 2026","Sat Apr 11 01:37:31 UTC 2026","626","tests.register","test_01_register_form","","","","test_register_form_positive[admin-payload0]",""
"passed","Sat Apr 11 01:00:08 UTC 2026","Sat Apr 11 01:00:09 UTC 2026","642","tests.cart","test_02_get_delivery_cost","","","","test_get_delivery_cost_success_partial_payload[client-payload6-400]",""
"passed","Sat Apr 11 01:31:46 UTC 2026","Sat Apr 11 01:31:46 UTC 2026","683","tests.delivery","test_get_boxberry_offices","","","","test_get_boxberry_offices_success[5-partner]",""
"skipped","Sat Apr 11 01:04:19 UTC 2026","Sat Apr 11 01:04:19 UTC 2026","0","tests.account","test_account_branded_wallet_get","","","","test_get_period_bad_types_400_or_422[period0-client]","
    Негатив: некорректные типы month/year → 400/422
    "
"skipped","Sat Apr 11 01:44:12 UTC 2026","Sat Apr 11 01:44:12 UTC 2026","0","tests.PROJECT_EDUCATION.test_system","test_02_get_question","","","","test_get_question_invalid_id__400_or_404[None]",""
"passed","Sat Apr 11 01:09:16 UTC 2026","Sat Apr 11 01:09:17 UTC 2026","868","tests.cart","test_20_cart_recommended_products","","","","test_cart_recommended_products_invalid_cart_cookie_no_500[999999999999999999999-partner]","
    невалидный cart_id в cookie
    "
"passed","Sat Apr 11 00:57:46 UTC 2026","Sat Apr 11 00:57:46 UTC 2026","783","tests.account","test_update_utc_offset","","","","test_update_utc_offset_valid_values[+00-expected0-client]",""
"skipped","Sat Apr 11 00:56:42 UTC 2026","Sat Apr 11 00:56:42 UTC 2026","0","tests.stock","test_create_stock","","","","test_create_stock_with_empty_string_log_if_not_200[address.email]",""
"passed","Sat Apr 11 00:50:34 UTC 2026","Sat Apr 11 00:50:35 UTC 2026","1236","tests.tickets","test_04_create_ticket","","","","test_create_ticket_success[client-attachments0-QuestionsAboutTheHousingAndCarProgram]","Позитивный тест: создание тикета с разными темами и вложениями для клиента, партнера и админа"
"passed","Sat Apr 11 01:54:37 UTC 2026","Sat Apr 11 01:54:42 UTC 2026","4896","tests.admin_panel.products","test_03_recommended_products_delete","","","","test_remove_recommendation_db_no_rights[client]","Пользователь без прав пытается удалить рекомендации."
"passed","Sat Apr 11 01:28:02 UTC 2026","Sat Apr 11 01:28:04 UTC 2026","2686","tests.admin_panel.items","test_update_item","","","","test_update_item_forbidden[client]","Негативный тест: попытка обновления item не-админом."
"passed","Sat Apr 11 01:18:10 UTC 2026","Sat Apr 11 01:18:11 UTC 2026","870","tests.catalog","test_create_admin_product_translation","","","","test_create_admin_product_translation_invalid_payload[payload6-422]","Негативные проверки на создание перевода с некорректным payload."
"passed","Sat Apr 11 01:23:34 UTC 2026","Sat Apr 11 01:23:35 UTC 2026","643","tests.statistic","test_team_activations","","","","test_get_team_activation_statistic_positive[payload0-admin]","Позитивный тест: получение статистики по активации команды с валидным телом запроса"
"passed","Sat Apr 11 01:55:21 UTC 2026","Sat Apr 11 01:55:28 UTC 2026","6646","tests.cart","test_cart_update_duplicate_regression","","","","test_cart_update_same_item_parallel_requests_do_not_raise_500[partner]",""
"skipped","Sat Apr 11 01:44:17 UTC 2026","Sat Apr 11 01:44:17 UTC 2026","582","tests.account","test_post_downgrade_user","","","","test_downgrade_validation_errors[bad_payload1-admin]","
    Валидация: битый payload → 400/422.
    "
"passed","Sat Apr 11 01:02:43 UTC 2026","Sat Apr 11 01:02:43 UTC 2026","819","tests.admin_panel.slides","test_59_update_slide","","","","test_update_slide_success","Позитивный тест: успешное обновление слайда (все поля)"
"skipped","Sat Apr 11 01:42:25 UTC 2026","Sat Apr 11 01:42:25 UTC 2026","0","tests.admin_panel","test_accrue_presidential_pool","","","","test_accrue_presidential_pool_invalid_payload[payload4-400]",""
"skipped","Sat Apr 11 01:39:23 UTC 2026","Sat Apr 11 01:39:23 UTC 2026","0","tests.admin_panel.products","test_01_create_product_group","","","","test_create_product_group_with_duplicate_items","Негативный тест: попытка создать продукт группы с одинаковыми items."
"passed","Sat Apr 11 01:51:02 UTC 2026","Sat Apr 11 01:51:04 UTC 2026","1745","tests.account","test_account_branded_wallet_delete","","","","test_delete_twice_first_204_second_404[client]","
    Двойное удаление: первый DELETE успешен, второй — 404
    "
"failed","Sat Apr 11 01:59:35 UTC 2026","Sat Apr 11 01:59:36 UTC 2026","582","tests.account","test_0_funds_transfer_withdrawal_info","","","","test_get_withdrawal_info_positive[partner-200]","Позитивные тесты на получение информации о выводе средств"
"passed","Sat Apr 11 01:37:51 UTC 2026","Sat Apr 11 01:37:52 UTC 2026","612","tests.reviews","test_reviews_delete_post","","","","test_reviews_delete_unauthorized_for_non_auth",""
"passed","Sat Apr 11 01:48:05 UTC 2026","Sat Apr 11 01:48:06 UTC 2026","819","tests.admin_panel.categories","test_49_delete_category","","","","test_delete_category_invalid_id[0]","Негативный тест: удаление несуществующей или некорректной категории."
"passed","Sat Apr 11 00:56:10 UTC 2026","Sat Apr 11 00:56:11 UTC 2026","1186","tests.tickets","test_04_create_ticket","","","","test_create_ticket_invalid_request_type[partner--200]","Негативный тест: попытка создания тикета с неверным типом request_type"
"passed","Sat Apr 11 01:08:22 UTC 2026","Sat Apr 11 01:08:24 UTC 2026","1320","tests.admin_panel.sliders","test_54_update_slider","","","","test_update_slider_invalid_payload[payload0-expected_code0]","Негативный тест: обновление слайдера с невалидным или неполным телом запроса."
"passed","Sat Apr 11 01:35:53 UTC 2026","Sat Apr 11 01:35:53 UTC 2026","646","tests.admin_panel","test_partner_accrual_details_common","","","","test_common_accrual_details_forbidden_to_non_admin[client]","
    Негатив: клиент/партнёр стучится в админ-ручку общей детализации → 403
    "
"passed","Sat Apr 11 01:25:18 UTC 2026","Sat Apr 11 01:25:19 UTC 2026","1207","tests.admin_panel.categories","test_57_v2_update_category","","","","test_v2_update_category_invalid_payload[payload2-expected_code2]","Негативный тест: обновление категории с невалидным или неполным телом запроса."
"passed","Sat Apr 11 01:57:54 UTC 2026","Sat Apr 11 01:57:55 UTC 2026","1798","tests.tickets","test_07_delete_ticket","","","","test_delete_ticket_positive","Позитивный тест: успешное удаление тикета"
"passed","Sat Apr 11 00:52:31 UTC 2026","Sat Apr 11 00:52:32 UTC 2026","1229","tests.tickets","test_04_create_ticket","","","","test_create_ticket_success[partner-attachments0-QuestionsAboutProducts]","Позитивный тест: создание тикета с разными темами и вложениями для клиента, партнера и админа"
"skipped","Sat Apr 11 00:56:27 UTC 2026","Sat Apr 11 00:56:27 UTC 2026","0","tests.tickets","test_01_get_tickets","","","","test_get_tickets_success[filter2-sort1-search1-pagination0-admin]","Позитивный тест: получение списка тикетов с разными комбинациями параметров"
"failed","Sat Apr 11 01:57:00 UTC 2026","Sat Apr 11 01:57:01 UTC 2026","596","tests.admin_panel.users","test_get_admin_users_exclusive_preorder_permissions","","","","test_get_exclusive_preorder_permissions_success","
    Позитив
    - создаём/обновляем валидный permission для SEED_ITEM_ID
    - читаем список и проверяем, что наша запись присутствует и корректна
    - cleanup
    "
"passed","Sat Apr 11 00:50:45 UTC 2026","Sat Apr 11 00:50:46 UTC 2026","1210","tests.tickets","test_04_create_ticket","","","","test_create_ticket_success[client-attachments0-QuestionsAboutTheMarriageContract]","Позитивный тест: создание тикета с разными темами и вложениями для клиента, партнера и админа"
"passed","Sat Apr 11 00:58:56 UTC 2026","Sat Apr 11 00:58:58 UTC 2026","2525","tests.cart","test_01_user_locale","","","","test_update_user_locale_invalid_payload[client-payload0]",""
"skipped","Sat Apr 11 01:36:19 UTC 2026","Sat Apr 11 01:36:19 UTC 2026","0","tests.admin_panel.minions","test_admin_add_lo","","","","test_post_admin_add_lo_negative_invalid_types_and_values[payload3]","
    Негативные сценарии: неверные типы и бизнес-некорректные значения.
    "
"passed","Sat Apr 11 01:07:34 UTC 2026","Sat Apr 11 01:07:35 UTC 2026","1575","tests.admin_panel.promo","test_74_update_promotion","","","","test_update_promotion_forbidden[partner]","Негативный тест: попытка обновления акции не-админом"
"passed","Sat Apr 11 01:22:03 UTC 2026","Sat Apr 11 01:22:04 UTC 2026","812","tests.delivery","test_get_delivery_countries","","","","test_get_delivery_countries_success[all-client]","Позитив: успешное получение списка стран с разными значениями ?from=."
"passed","Sat Apr 11 01:46:12 UTC 2026","Sat Apr 11 01:46:13 UTC 2026","629","tests.catalog","test_product_get_by_slug","","","","test_get_product_by_slug_wrong_method[delete-client]","
    Негативный: неверный HTTP-метод для GET /products/{slug}
    "
"passed","Sat Apr 11 01:02:21 UTC 2026","Sat Apr 11 01:02:25 UTC 2026","3624","tests.cart","test_12_cart_estimate_delivery","","","","test_estimate_delivery_success[partner-five_post_pickup-payload14]","
    Позитив: корзина с товаром, выбор способа доставки и расчёт стоимости для разных служб
    "
"passed","Sat Apr 11 01:36:24 UTC 2026","Sat Apr 11 01:36:24 UTC 2026","582","tests.admin_panel.periods","test_get_period_by_id","","","","test_get_period_by_id__invalid_id_400_404[admin-1 2]",""
"passed","Sat Apr 11 01:01:53 UTC 2026","Sat Apr 11 01:01:57 UTC 2026","3967","tests.cart","test_12_cart_estimate_delivery","","","","test_estimate_delivery_success[partner-cargo-payload7]","
    Позитив: корзина с товаром, выбор способа доставки и расчёт стоимости для разных служб
    "
"passed","Sat Apr 11 01:46:03 UTC 2026","Sat Apr 11 01:46:04 UTC 2026","894","tests.cart","test_08_cart_delete","","","","test_delete_cart_item_invalid_payload[client-payload1]","Негатив: невалидный payload при удалении позиции"
"skipped","Sat Apr 11 01:41:45 UTC 2026","Sat Apr 11 01:41:46 UTC 2026","820","tests.tickets","test_09_get_ticket_messages","","","","test_get_ticket_messages_invalid_id","Негативный тест: запрос с несуществующим ID тикета"
"passed","Sat Apr 11 01:37:46 UTC 2026","Sat Apr 11 01:37:47 UTC 2026","851","tests.reviews","test_reviews_delete_post","","","","test_reviews_delete_unauthorized_for_client_and_partner[authorize_partner]",""
"skipped","Sat Apr 11 01:47:55 UTC 2026","Sat Apr 11 01:47:55 UTC 2026","657","tests.PROJECT_FUND.initiatives","test_get_reports","","","","test_get_reports_invalid_query_params[query1-https://dev.ewahelps.com/api]","Негативный тест: запрос с некорректными query-параметрами"
"passed","Sat Apr 11 01:23:44 UTC 2026","Sat Apr 11 01:23:45 UTC 2026","598","tests.statistic","test_team_go","","","","test_get_team_go_statistic_positive[payload0-client]","Позитивный тест: получение статистики по команде с валидным телом запроса"
"failed","Sat Apr 11 01:55:43 UTC 2026","Sat Apr 11 01:55:43 UTC 2026","579","tests.catalog","test_products_list","","","","test_get_products_list_with_country_id[1-client]","
    Позитивный: список товаров с фильтром по country_id
    "
"passed","Sat Apr 11 02:00:23 UTC 2026","Sat Apr 11 02:00:31 UTC 2026","7721","tests.integration","test_order_pickup_ru","","","","test_order_pickup_ru[YandexPVZ]",""
"passed","Sat Apr 11 00:54:00 UTC 2026","Sat Apr 11 00:54:02 UTC 2026","2031","tests.tickets","test_04_create_ticket","","","","test_create_ticket_success[partner-attachments2-ChangePersonalData]","Позитивный тест: создание тикета с разными темами и вложениями для клиента, партнера и админа"
"passed","Sat Apr 11 01:43:51 UTC 2026","Sat Apr 11 01:43:51 UTC 2026","590","tests.catalog","test_get_admin_product_translation","","","","test_get_admin_product_translation_unauthorized","Запрос перевода без авторизации — 401."
"passed","Sat Apr 11 01:12:15 UTC 2026","Sat Apr 11 01:12:15 UTC 2026","642","tests.delivery","test_get_cities_v2","","","","test_get_cities_v2_missing_required_params_should_fail[params2-admin]","
    Негатив: отсутствие обязательных параметров country_id/city_name → 400/422
    "
"skipped","Sat Apr 11 01:57:26 UTC 2026","Sat Apr 11 01:57:26 UTC 2026","0","tests.promo_time.new_year_lottery","test_admin_new_year_lottery_coupons","","","","test_admin_can_delete_all_coupons_for_order","
    Позитив: админ передаёт coupons_count = 0
    "
"skipped","Sat Apr 11 01:43:51 UTC 2026","Sat Apr 11 01:43:51 UTC 2026","0","tests.orders","test_shop_digital_flow","","","","test_one_click_without_course_record_returns_400[client]","
    Если item.type = education_course,
    но записи в education.courses нет,
    заказ не должен создаваться
    "
"skipped","Sat Apr 11 01:44:12 UTC 2026","Sat Apr 11 01:44:12 UTC 2026","0","tests.PROJECT_EDUCATION.test_system","test_04_finish_test","","","","test_finish_test_unauthorized__401_or_404",""
"passed","Sat Apr 11 01:35:28 UTC 2026","Sat Apr 11 01:35:29 UTC 2026","1447","tests.account","test_add_cover_url","","","","test_add_cover_invalid_payload[payload3]",""
"passed","Sat Apr 11 01:36:01 UTC 2026","Sat Apr 11 01:36:02 UTC 2026","875","tests.admin_panel","test_partner_accrual_details_common","","","","test_common_accrual_details_invalid_payload[payload6-expected_codes6]","
    Негатив: валидация тела запроса общей детализации.
    "
"passed","Sat Apr 11 01:30:59 UTC 2026","Sat Apr 11 01:31:00 UTC 2026","462","tests.cart","test_delivery_address_save_apply","","","","test_save_address_apply_true_ru_success",""
"skipped","Sat Apr 11 01:26:25 UTC 2026","Sat Apr 11 01:26:25 UTC 2026","0","tests.PROJECT_EDUCATION.test_system","test_03_user_answers","","","","test_user_answers_invalid_id__400_or_404[]",""
"passed","Sat Apr 11 01:22:59 UTC 2026","Sat Apr 11 01:23:00 UTC 2026","1269","tests.admin_panel.products","test_42_update_product_brand","","","","test_update_product_brand_invalid_payload[payload9-422]","Негативный тест: обновление бренда с невалидным или неполным телом запроса."
"passed","Sat Apr 11 01:25:50 UTC 2026","Sat Apr 11 01:25:51 UTC 2026","1070","tests.admin_panel.items","test_create_item","","","","test_create_item_invalid_payload[payload6-expected_code6]","
    Негативный тест: создание варианта с невалидным телом запроса.
    Если сервер внезапно вернул успех — удаляем созданный item из БД.
    "
"passed","Sat Apr 11 00:57:48 UTC 2026","Sat Apr 11 00:57:49 UTC 2026","782","tests.account","test_update_utc_offset","","","","test_update_utc_offset_valid_values[+07-expected1-client]",""
"skipped","Sat Apr 11 00:56:22 UTC 2026","Sat Apr 11 00:56:22 UTC 2026","0","tests.tickets","test_04_create_ticket","","","","test_create_ticket_invalid_title[partner-None]","Негативный тест: создание тикета без заголовка"
"passed","Sat Apr 11 00:57:42 UTC 2026","Sat Apr 11 00:57:42 UTC 2026","775","tests.account","test_update_utc_offset","","","","test_update_utc_offset_happy_path_persists_to_account_profile[partner]",""
"passed","Sat Apr 11 01:26:22 UTC 2026","Sat Apr 11 01:26:23 UTC 2026","613","tests.orders","test_create_order_by_delivery_address","","","","test_create_order_invalid_data[invalid_payload2-expected_status2-admin]",""
"passed","Sat Apr 11 01:43:04 UTC 2026","Sat Apr 11 01:43:05 UTC 2026","795","tests.admin_panel.items","test_get_item_translation","","","","test_get_item_translation_invalid_id[1.5]",""
"passed","Sat Apr 11 01:21:28 UTC 2026","Sat Apr 11 01:21:29 UTC 2026","1317","tests.admin_panel.promo","test_77_create_promotion_item","","","","test_create_promotion_item_invalid_payload[payload4-422]",""
"passed","Sat Apr 11 01:07:48 UTC 2026","Sat Apr 11 01:07:50 UTC 2026","1314","tests.admin_panel.promo","test_74_update_promotion","","","","test_update_promotion_invalid_payload[payload4-400]","Негативный тест: обновление акции с невалидным или неполным телом запроса"
"passed","Sat Apr 11 01:22:18 UTC 2026","Sat Apr 11 01:22:18 UTC 2026","847","tests.admin_panel.products","test_40_create_product_brand","","","","test_create_product_brand_invalid_payload[payload4-expected_codes4]","Негативные кейсы: невалидные поля при создании бренда."
"passed","Sat Apr 11 00:57:12 UTC 2026","Sat Apr 11 00:57:13 UTC 2026","580","tests.delivery","test_01_save_delivery_address","","","","test_save_address_empty_required_strings_should_fail[-phone-client]",""
"skipped","Sat Apr 11 00:56:42 UTC 2026","Sat Apr 11 00:56:42 UTC 2026","0","tests.stock","test_create_stock","","","","test_create_stock_with_empty_string_log_if_not_200[city.post_code]",""
"skipped","Sat Apr 11 00:56:42 UTC 2026","Sat Apr 11 00:56:42 UTC 2026","0","tests.stock","test_create_stock","","","","test_create_stock_with_empty_string_log_if_not_200[address.house_number]",""
"passed","Sat Apr 11 00:56:56 UTC 2026","Sat Apr 11 00:56:59 UTC 2026","2475","tests.delivery","test_01_save_delivery_address","","","","test_save_address_negative__second_identical_create_should_fail_400[client]","
    Негатив: создаём адрес, затем пытаемся создать второй такой же
    "
"passed","Sat Apr 11 01:07:36 UTC 2026","Sat Apr 11 01:07:37 UTC 2026","838","tests.admin_panel.promo","test_74_update_promotion","","","","test_update_promotion_invalid_id[0]","Негативный тест: несуществующий или некорректный ID"
"passed","Sat Apr 11 01:35:54 UTC 2026","Sat Apr 11 01:35:55 UTC 2026","1120","tests.admin_panel","test_partner_accrual_details_common","","","","test_common_accrual_details_success","
    Позитив: админ запрашивает отчёт по валидному minion_id → txt-файл
    "
"passed","Sat Apr 11 00:55:26 UTC 2026","Sat Apr 11 00:55:28 UTC 2026","1951","tests.tickets","test_04_create_ticket","","","","test_create_ticket_success[admin-attachments2-QuestionsAboutTheHousingAndCarProgram]","Позитивный тест: создание тикета с разными темами и вложениями для клиента, партнера и админа"
"passed","Sat Apr 11 01:59:48 UTC 2026","Sat Apr 11 01:59:48 UTC 2026","584","tests.account","test_0_top_partners_top_recruiters","","","","test_get_top_partners_top_recruiters_positive[admin]","Позитивные тесты на получение топ-партнеров по количеству активных партнеров"
"passed","Sat Apr 11 00:48:54 UTC 2026","Sat Apr 11 00:48:55 UTC 2026","887","tests.one_c","test_cart_calculate_full_coverage","","","","test_products_various_qty[50]",""
"skipped","Sat Apr 11 01:36:19 UTC 2026","Sat Apr 11 01:36:19 UTC 2026","0","tests.admin_panel.minions","test_admin_add_lo","","","","test_post_admin_add_lo_negative_invalid_types_and_values[payload0]","
    Негативные сценарии: неверные типы и бизнес-некорректные значения.
    "
"passed","Sat Apr 11 01:19:25 UTC 2026","Sat Apr 11 01:19:28 UTC 2026","3127","tests.admin_panel.items","test_create_item_translation","","","","test_create_item_translation_success[en]",""
"passed","Sat Apr 11 01:49:20 UTC 2026","Sat Apr 11 01:49:21 UTC 2026","642","tests.admin_panel.slides","test_60_delete_slides","","","","test_delete_slide_unauthorized","Негативный тест: попытка удаления слайда без авторизации"
"failed","Sat Apr 11 01:32:08 UTC 2026","Sat Apr 11 01:32:09 UTC 2026","576","tests.delivery","test_get_dpd_offices","","","","test_get_dpd_offices_invalid_city_id_should_fail[-1-admin]",""
"passed","Sat Apr 11 01:39:05 UTC 2026","Sat Apr 11 01:39:05 UTC 2026","843","tests.admin_panel","test_partner_accrual_details_main_bonus","","","","test_main_bonus_details_invalid_query_params[query3-expected_codes3]","
    Негатив: валидация query-параметров main-bonus
    "
"skipped","Sat Apr 11 00:56:27 UTC 2026","Sat Apr 11 00:56:27 UTC 2026","0","tests.tickets","test_01_get_tickets","","","","test_get_tickets_success[filter0-sort1-search1-pagination1-admin]","Позитивный тест: получение списка тикетов с разными комбинациями параметров"
"skipped","Sat Apr 11 01:04:19 UTC 2026","Sat Apr 11 01:04:19 UTC 2026","0","tests.account","test_0_marathon","","","","test_create_product_brand_invalid_payload[params2-400-client]",""
"passed","Sat Apr 11 01:00:10 UTC 2026","Sat Apr 11 01:00:10 UTC 2026","641","tests.cart","test_02_get_delivery_cost","","","","test_get_delivery_cost_success_partial_payload[partner-payload0-400]",""
"skipped","Sat Apr 11 01:30:05 UTC 2026","Sat Apr 11 01:30:06 UTC 2026","817","tests.reviews","test_reviews_create_post","","","","test_reviews_create_boundary_string_length[sender_name--400]",""
"failed","Sat Apr 11 01:52:24 UTC 2026","Sat Apr 11 01:52:25 UTC 2026","632","tests.cart","test_04_cart_full_data","","","","test_cart_full_data_calculate_delivery_false_preserves_advance_costs_when_already_calculated[client]","
    Если advance_costs уже рассчитан, то full_data?calculate_delivery=false НЕ должен возвращать пустую структуру
    "
"passed","Sat Apr 11 01:36:19 UTC 2026","Sat Apr 11 01:36:20 UTC 2026","772","tests.admin_panel.periods","test_get_period_by_id","","","","test_get_period_by_id__200_strict[admin]",""
"skipped","Sat Apr 11 00:56:27 UTC 2026","Sat Apr 11 00:56:27 UTC 2026","0","tests.tickets","test_01_get_tickets","","","","test_get_tickets_success[filter0-sort0-search2-pagination0-partner]","Позитивный тест: получение списка тикетов с разными комбинациями параметров"
"passed","Sat Apr 11 01:54:18 UTC 2026","Sat Apr 11 01:54:19 UTC 2026","581","tests.admin_panel","test_report_accruals","","","","test_report_accruals_unauthorized",""
"skipped","Sat Apr 11 01:32:13 UTC 2026","Sat Apr 11 01:32:13 UTC 2026","583","tests.delivery","test_get_dpd_offices","","","","test_get_dpd_offices_unauthorized",""
"skipped","Sat Apr 11 01:47:27 UTC 2026","Sat Apr 11 01:47:27 UTC 2026","0","tests.tickets","test_11_update_message","","","","test_update_message_role_permissions[authorize_partner-200]","Проверка прав на редактирование сообщения в тикете"
"skipped","Sat Apr 11 01:54:00 UTC 2026","Sat Apr 11 01:54:00 UTC 2026","0","tests.account","test_history_personal_volumes_admin","","","","test_get_personal_volumes_history_admin_positive[client-payload1]","Позитивные тесты на получение истории начисления личных объемов для админа"
"passed","Sat Apr 11 01:54:02 UTC 2026","Sat Apr 11 01:54:03 UTC 2026","1651","tests.account","test_update_avatar","","","","test_update_avatar_positive[client-payload1]","Позитивные тесты на обновление аватара"
"passed","Sat Apr 11 01:55:54 UTC 2026","Sat Apr 11 01:55:57 UTC 2026","3044","tests.catalog","test_products_list","","","","test_get_products_list_unauthorized",""
"passed","Sat Apr 11 01:27:03 UTC 2026","Sat Apr 11 01:27:03 UTC 2026","587","tests.account","test_history_group_volumes","","","","test_group_volumes_history_invalid_query_params[params1-partner]",""
"passed","Sat Apr 11 00:54:38 UTC 2026","Sat Apr 11 00:54:40 UTC 2026","1261","tests.tickets","test_04_create_ticket","","","","test_create_ticket_success[admin-attachments0-ReceivingProductsShortage]","Позитивный тест: создание тикета с разными темами и вложениями для клиента, партнера и админа"
"passed","Sat Apr 11 01:53:58 UTC 2026","Sat Apr 11 01:53:58 UTC 2026","797","tests.account","test_0_profile","","","","test_get_profile_contains_updated_utc_offset_after_update[client]",""
"passed","Sat Apr 11 01:01:46 UTC 2026","Sat Apr 11 01:01:49 UTC 2026","3663","tests.cart","test_12_cart_estimate_delivery","","","","test_estimate_delivery_success[partner-haypost-payload5]","
    Позитив: корзина с товаром, выбор способа доставки и расчёт стоимости для разных служб
    "
"passed","Sat Apr 11 00:49:52 UTC 2026","Sat Apr 11 00:49:53 UTC 2026","924","tests.one_c","test_cart_calculate_full_coverage","","","","test_bonus_info_missing_bonus_list_fields[account_id]",""
"skipped","Sat Apr 11 00:48:38 UTC 2026","Sat Apr 11 00:48:39 UTC 2026","971","tests.one_c","test_cart_calculate_full_coverage","","","","test_products_negative_numbers[total_price--100]",""
"passed","Sat Apr 11 01:31:45 UTC 2026","Sat Apr 11 01:31:46 UTC 2026","661","tests.delivery","test_get_boxberry_offices","","","","test_get_boxberry_offices_success[5-client]",""
"passed","Sat Apr 11 00:58:38 UTC 2026","Sat Apr 11 00:58:42 UTC 2026","3925","tests.cart","test_01_user_locale","","","","test_update_user_locale_valid_payload[partner-payload1]",""
"skipped","Sat Apr 11 01:05:28 UTC 2026","Sat Apr 11 01:05:28 UTC 2026","0","tests.admin_panel.categories","test_50_upload_category_images","","","","test_upload_category_images_invalid_format[invalid.pdf-application/pdf-400]","Негативный тест: загрузка изображений в неверном формате (например, .txt)."
"passed","Sat Apr 11 01:36:11 UTC 2026","Sat Apr 11 01:36:12 UTC 2026","848","tests.admin_panel.categories","test_56_v2_create_category","","","","test_v2_create_category_invalid_payload[payload6-422]","Негативный тест: создание категории с невалидным телом запроса."
"passed","Sat Apr 11 00:48:48 UTC 2026","Sat Apr 11 00:48:49 UTC 2026","881","tests.one_c","test_cart_calculate_full_coverage","","","","test_products_large_numbers[quantity-1000000]",""
"passed","Sat Apr 11 00:57:06 UTC 2026","Sat Apr 11 00:57:07 UTC 2026","572","tests.delivery","test_01_save_delivery_address","","","","test_save_address_invalid_types_should_fail[delivery-cdek-client]",""
"skipped","Sat Apr 11 01:54:00 UTC 2026","Sat Apr 11 01:54:00 UTC 2026","0","tests.account","test_family_agreement_create_one","","","","test_create_family_agreement_one_positive[client-payload0]","Позитивные тесты на создание семейного соглашения при отсутствующем втором партнере"
"passed","Sat Apr 11 00:56:27 UTC 2026","Sat Apr 11 00:56:27 UTC 2026","580","tests.tickets","test_01_get_tickets","","","","test_get_tickets_no_pagination[client]","Негативный тест: запрос без обязательного параметра pagination"
"passed","Sat Apr 11 00:49:16 UTC 2026","Sat Apr 11 00:49:17 UTC 2026","907","tests.one_c","test_cart_calculate_full_coverage","","","","test_packaging_missing_fields[volume]",""
"passed","Sat Apr 11 01:07:44 UTC 2026","Sat Apr 11 01:07:45 UTC 2026","1270","tests.admin_panel.promo","test_74_update_promotion","","","","test_update_promotion_invalid_payload[payload2-400]","Негативный тест: обновление акции с невалидным или неполным телом запроса"
"skipped","Sat Apr 11 00:48:39 UTC 2026","Sat Apr 11 00:48:40 UTC 2026","924","tests.one_c","test_cart_calculate_full_coverage","","","","test_products_negative_numbers[quantity-0]",""
"passed","Sat Apr 11 00:56:54 UTC 2026","Sat Apr 11 00:56:55 UTC 2026","1072","tests.delivery","test_01_save_delivery_address","","","","test_save_address_positive_contract_and_cleanup[payload6-client]",""
"skipped","Sat Apr 11 01:47:56 UTC 2026","Sat Apr 11 01:47:57 UTC 2026","897","tests.PROJECT_FUND.initiatives","test_get_reports","","","","test_get_reports_invalid_query_params[query3-https://dev.ewahelps.com/api]","Негативный тест: запрос с некорректными query-параметрами"
"passed","Sat Apr 11 01:33:04 UTC 2026","Sat Apr 11 01:33:14 UTC 2026","10125","tests.admin_panel.products","test_product_files_update","","","","test_update_noop",""
"passed","Sat Apr 11 01:59:32 UTC 2026","Sat Apr 11 01:59:33 UTC 2026","820","tests.reviews","test_reviews_export_post","","","","test_reviews_export_invalid_filter_parameter_returns_client_error",""
"failed","Sat Apr 11 01:56:15 UTC 2026","Sat Apr 11 01:56:16 UTC 2026","600","tests.admin_panel.periods","test_put_admin_dev_period_end_time","","","","test_put_admin_dev_period_end_time__forbidden[partner]",""
"skipped","Sat Apr 11 00:56:42 UTC 2026","Sat Apr 11 00:56:42 UTC 2026","0","tests.stock","test_create_stock","","","","test_create_stock_with_empty_string_log_if_not_200[is_pickup_only]",""
"passed","Sat Apr 11 01:39:41 UTC 2026","Sat Apr 11 01:39:43 UTC 2026","1644","tests.admin_panel.promo","test_73_get_promotion_by_id","","","","test_get_promotion_by_id_forbidden[client]","Негативный тест: получение акции по ID не админом"
"skipped","Sat Apr 11 01:42:25 UTC 2026","Sat Apr 11 01:42:25 UTC 2026","0","tests.admin_panel","test_accrue_presidential_pool","","","","test_accrue_presidential_pool_for_partner",""
"skipped","Sat Apr 11 01:04:19 UTC 2026","Sat Apr 11 01:04:19 UTC 2026","0","tests.account","test_0_marathon","","","","test_create_product_brand_invalid_payload[params4-400-admin]",""
"skipped","Sat Apr 11 00:56:27 UTC 2026","Sat Apr 11 00:56:27 UTC 2026","0","tests.tickets","test_01_get_tickets","","","","test_get_tickets_success[filter0-sort1-search0-pagination1-partner]","Позитивный тест: получение списка тикетов с разными комбинациями параметров"
"passed","Sat Apr 11 01:48:21 UTC 2026","Sat Apr 11 01:48:21 UTC 2026","784","tests.admin_panel.categories","test_81_delete_category_translation","","","","test_delete_category_translation_invalid_id[abc]","Негативный тест: удаление перевода с невалидным ID категории."
"skipped","Sat Apr 11 01:59:50 UTC 2026","Sat Apr 11 01:59:50 UTC 2026","0","tests.account","test_delete","","","","test_delete_account_positive[admin]","Позитивные тесты на удаление аккаунта"
"skipped","Sat Apr 11 01:40:44 UTC 2026","Sat Apr 11 01:40:44 UTC 2026","0","tests.chat_support","test_01_support_chat_messages_post","","","","test_create_message_success[partner]","
    Позитив: отправка сообщения в чат поддержки через /support-chat/create
    "
"skipped","Sat Apr 11 01:54:00 UTC 2026","Sat Apr 11 01:54:00 UTC 2026","0","tests.account","test_funds_transfer_send","","","","test_send_funds_transfer_positive[partner-payload1]","Позитивные тесты на перевод/вывод средств по visibleId"
"skipped","Sat Apr 11 01:57:33 UTC 2026","Sat Apr 11 01:57:34 UTC 2026","603","tests.reviews","test_reviews_by_product_get","","","","test_reviews_by_product_requires_auth_unauthorized",""
"passed","Sat Apr 11 00:55:16 UTC 2026","Sat Apr 11 00:55:18 UTC 2026","2129","tests.tickets","test_04_create_ticket","","","","test_create_ticket_success[admin-attachments1-ReceivingDefectiveProducts]","Позитивный тест: создание тикета с разными темами и вложениями для клиента, партнера и админа"
"passed","Sat Apr 11 01:18:24 UTC 2026","Sat Apr 11 01:18:25 UTC 2026","630","tests.delivery","test_self_pickup_offices","","","","test_self_pickup_offices_success_without_auth",""
"passed","Sat Apr 11 01:37:18 UTC 2026","Sat Apr 11 01:37:18 UTC 2026","612","tests.one_c","test_stock_delivery_methods","","","","test_1c_stock_delivery_methods_rejects_invalid_method_with_human_readable_message",""
"failed","Sat Apr 11 01:32:09 UTC 2026","Sat Apr 11 01:32:10 UTC 2026","610","tests.delivery","test_get_dpd_offices","","","","test_get_dpd_offices_invalid_city_id_should_fail[0-admin]",""
"passed","Sat Apr 11 01:11:11 UTC 2026","Sat Apr 11 01:11:15 UTC 2026","3723","tests.cart","test_free_delivery_by_rc_and_belts","","","","test_below_threshold_contract[\u0425\u0430\u0431\u0430\u0440\u043e\u0432\u0441\u043a-client-zone_1-belt_cfg0]","
    КОНТРАКТ:
    free МОЖЕТ быть
    платная МОЖЕТ быть
    advance_costs МОЖЕТ быть []
    "
"passed","Sat Apr 11 01:47:14 UTC 2026","Sat Apr 11 01:47:15 UTC 2026","841","tests.reviews","test_reviews_get_by_id","","","","test_reviews_get_by_id_invalid_id_returns_client_error[None]",""
"skipped","Sat Apr 11 01:07:25 UTC 2026","Sat Apr 11 01:07:25 UTC 2026","0","tests.PROJECT_EDUCATION.orders","test_post_orders","","","","test_post_orders_invalid_payload__400_422[payload13]","Негатив: невалидный body"
"passed","Sat Apr 11 01:31:56 UTC 2026","Sat Apr 11 01:31:57 UTC 2026","1233","tests.delivery","test_get_cdek_offices","","","","test_get_cdek_offices_success[86990-admin]",""
"passed","Sat Apr 11 01:13:02 UTC 2026","Sat Apr 11 01:13:03 UTC 2026","637","tests.catalog","test_update_admin_product","","","","test_update_admin_product_unauthorized",""
"skipped","Sat Apr 11 01:32:34 UTC 2026","Sat Apr 11 01:32:34 UTC 2026","611","tests.orders","test_group_order_change_country","","","","test_change_country_invalid_data[invalid_payload1-admin]","Негативные тесты: передача некорректных данных"
"skipped","Sat Apr 11 01:54:00 UTC 2026","Sat Apr 11 01:54:00 UTC 2026","0","tests.account","test_funds_transfer_send","","","","test_send_funds_transfer_positive[client-payload1]","Позитивные тесты на перевод/вывод средств по visibleId"
"passed","Sat Apr 11 01:37:14 UTC 2026","Sat Apr 11 01:37:15 UTC 2026","624","tests.one_c","test_stock_delivery_methods","","","","test_1c_stock_delivery_methods_bad_request_for_invalid_payload[body0]",""
"passed","Sat Apr 11 01:22:04 UTC 2026","Sat Apr 11 01:22:05 UTC 2026","761","tests.delivery","test_get_delivery_countries","","","","test_get_delivery_countries_success[all-admin]","Позитив: успешное получение списка стран с разными значениями ?from=."
"passed","Sat Apr 11 01:57:24 UTC 2026","Sat Apr 11 01:57:25 UTC 2026","592","tests.one_c","test_create_1c_stock","","","","test_create_1c_stock_forbidden_without_secret_key",""
"passed","Sat Apr 11 01:47:53 UTC 2026","Sat Apr 11 01:47:53 UTC 2026","612","tests.PROJECT_FUND.initiatives","test_get_reports","","","","test_get_reports_with_query_params[query2-https://dev.ewahelps.com/api]","Позитивный тест: получение списка отчетов с query-параметрами"
"skipped","Sat Apr 11 00:56:26 UTC 2026","Sat Apr 11 00:56:26 UTC 2026","0","tests.tickets","test_01_get_tickets","","","","test_get_tickets_success[filter0-sort0-search0-pagination1-partner]","Позитивный тест: получение списка тикетов с разными комбинациями параметров"
"passed","Sat Apr 11 01:32:07 UTC 2026","Sat Apr 11 01:32:07 UTC 2026","617","tests.delivery","test_get_dpd_offices","","","","test_get_dpd_offices_missing_city_id_should_fail[admin]",""
"passed","Sat Apr 11 00:53:13 UTC 2026","Sat Apr 11 00:53:15 UTC 2026","2171","tests.tickets","test_04_create_ticket","","","","test_create_ticket_success[partner-attachments1-QuestionsAboutTheRewardSystemMarketingPlan]","Позитивный тест: создание тикета с разными темами и вложениями для клиента, партнера и админа"
"passed","Sat Apr 11 00:52:18 UTC 2026","Sat Apr 11 00:52:20 UTC 2026","2064","tests.tickets","test_04_create_ticket","","","","test_create_ticket_success[client-attachments2-ReceivingProductsShortage]","Позитивный тест: создание тикета с разными темами и вложениями для клиента, партнера и админа"
"passed","Sat Apr 11 00:48:26 UTC 2026","Sat Apr 11 00:48:27 UTC 2026","644","tests.one_c","test_cart_calculate_full_coverage","","","","test_invalid_top_types[currency_cur-1]",""
"passed","Sat Apr 11 01:31:52 UTC 2026","Sat Apr 11 01:31:53 UTC 2026","613","tests.delivery","test_get_boxberry_offices","","","","test_get_boxberry_offices_invalid_city_id_should_fail[bad_city_id8-admin]",""
"passed","Sat Apr 11 00:50:41 UTC 2026","Sat Apr 11 00:50:42 UTC 2026","1180","tests.tickets","test_04_create_ticket","","","","test_create_ticket_success[client-attachments0-QuestionsAboutProducts]","Позитивный тест: создание тикета с разными темами и вложениями для клиента, партнера и админа"
"passed","Sat Apr 11 01:21:51 UTC 2026","Sat Apr 11 01:21:51 UTC 2026","593","tests.delivery","test_02_get_delivery_address","","","","test_history_invalid_pagination_should_fail[bad_body3-client]","
    Негатив: валидация PaginationRequest
    "
"passed","Sat Apr 11 00:57:58 UTC 2026","Sat Apr 11 00:57:59 UTC 2026","843","tests.account","test_update_utc_offset","","","","test_update_utc_offset_null_rejected",""
"passed","Sat Apr 11 01:11:00 UTC 2026","Sat Apr 11 01:11:04 UTC 2026","4721","tests.cart","test_free_delivery_by_rc_and_belts","","","","test_below_threshold_contract[\u041d\u043e\u0432\u043e\u0441\u0438\u0431\u0438\u0440\u0441\u043a-client-zone_2-belt_cfg1]","
    КОНТРАКТ:
    free МОЖЕТ быть
    платная МОЖЕТ быть
    advance_costs МОЖЕТ быть []
    "
"skipped","Sat Apr 11 00:56:27 UTC 2026","Sat Apr 11 00:56:27 UTC 2026","0","tests.tickets","test_01_get_tickets","","","","test_get_tickets_success[filter0-sort0-search2-pagination1-admin]","Позитивный тест: получение списка тикетов с разными комбинациями параметров"
"skipped","Sat Apr 11 01:36:19 UTC 2026","Sat Apr 11 01:36:19 UTC 2026","0","tests.admin_panel.minions","test_admin_add_lo","","","","test_post_admin_add_lo_negative_invalid_types_and_values[payload1]","
    Негативные сценарии: неверные типы и бизнес-некорректные значения.
    "
"passed","Sat Apr 11 02:00:07 UTC 2026","Sat Apr 11 02:00:07 UTC 2026","595","tests.for_test","test_cleanup_expired_tokens","","","","test_cleanup_expired_tokens_without_token","
    Негатив: без авторизации ручка должна быть закрыта
    "
"passed","Sat Apr 11 00:50:16 UTC 2026","Sat Apr 11 00:50:16 UTC 2026","618","tests.one_c","test_cart_calculate_full_coverage","","","","test_invalid_arrays[packaging-invalid]",""
"skipped","Sat Apr 11 01:04:19 UTC 2026","Sat Apr 11 01:04:19 UTC 2026","0","tests.account","test_account_branded_wallet_get","","","","test_get_period_bad_types_400_or_422[period1-client]","
    Негатив: некорректные типы month/year → 400/422
    "
"passed","Sat Apr 11 01:49:44 UTC 2026","Sat Apr 11 01:49:52 UTC 2026","8098","tests.catalog","test_delete_admin_product_translation","","","","test_delete_admin_product_translation_forbidden[client]","Удаление перевода не-админом — должно вернуть 403."
"passed","Sat Apr 11 00:56:06 UTC 2026","Sat Apr 11 00:56:07 UTC 2026","1272","tests.tickets","test_04_create_ticket","","","","test_create_ticket_invalid_request_type[client-None-200]","Негативный тест: попытка создания тикета с неверным типом request_type"
"passed","Sat Apr 11 01:25:23 UTC 2026","Sat Apr 11 01:25:24 UTC 2026","1291","tests.admin_panel.categories","test_57_v2_update_category","","","","test_v2_update_category_invalid_payload[payload4-422]","Негативный тест: обновление категории с невалидным или неполным телом запроса."
"skipped","Sat Apr 11 01:54:00 UTC 2026","Sat Apr 11 01:54:00 UTC 2026","0","tests.account","test_funds_transfer_send","","","","test_send_funds_transfer_positive[client-payload0]","Позитивные тесты на перевод/вывод средств по visibleId"
"passed","Sat Apr 11 01:54:49 UTC 2026","Sat Apr 11 01:54:55 UTC 2026","5501","tests.cart","test_06_cart_update","","","","test_update_cart_item_add_and_change_quantity[partner]","
    Позитив: добавление позиции и изменение её количества через /cart/update
    "
"passed","Sat Apr 11 01:50:48 UTC 2026","Sat Apr 11 01:50:49 UTC 2026","973","tests.stock","test_get_stocks","","","","test_get_stocks[partner]","Запрос всех складов"
"skipped","Sat Apr 11 01:23:41 UTC 2026","Sat Apr 11 01:23:42 UTC 2026","646","tests.statistic","test_team_activations","","","","test_get_team_activation_statistic_negative[payload0-partner]","Негативный тест: ошибка при получении статистики активации команды с невалидным телом запроса"
"passed","Sat Apr 11 01:23:12 UTC 2026","Sat Apr 11 01:23:12 UTC 2026","850","tests.admin_panel.promo","test_72_create_promotion","","","","test_create_promotion_invalid_data[payload12-422]","Негативные тесты: невалидные данные"
"skipped","Sat Apr 11 01:37:31 UTC 2026","Sat Apr 11 01:37:32 UTC 2026","615","tests.register","test_01_register_form","","","","test_register_form_negative[client-payload0-400]",""
"passed","Sat Apr 11 01:22:31 UTC 2026","Sat Apr 11 01:22:32 UTC 2026","1654","tests.admin_panel.products","test_42_update_product_brand","","","","test_update_product_brand_forbidden[client]","Негативный тест: попытка обновления бренда не-админом."
"passed","Sat Apr 11 01:41:38 UTC 2026","Sat Apr 11 01:41:40 UTC 2026","1670","tests.tickets","test_09_get_ticket_messages","","","","test_get_ticket_messages_positive[client]","Позитивный тест: успешное получение списка сообщений тикета"
"skipped","Sat Apr 11 00:56:27 UTC 2026","Sat Apr 11 00:56:27 UTC 2026","0","tests.tickets","test_01_get_tickets","","","","test_get_tickets_success[filter0-sort1-search0-pagination1-admin]","Позитивный тест: получение списка тикетов с разными комбинациями параметров"
"passed","Sat Apr 11 01:48:51 UTC 2026","Sat Apr 11 01:48:52 UTC 2026","820","tests.admin_panel.products","test_43_delete_product_brand","","","","test_delete_product_brand_invalid_id[-1]","Негативный тест: удаление несуществующего или некорректного бренда."
"passed","Sat Apr 11 01:56:50 UTC 2026","Sat Apr 11 01:56:50 UTC 2026","572","tests.admin_panel.sliders","test_51_get_sliders","","","","test_get_sliders_unauthorized","Негативный тест: получение списка слайдеров без авторизации"
"failed","Sat Apr 11 01:21:46 UTC 2026","Sat Apr 11 01:21:47 UTC 2026","1049","tests.delivery","test_02_get_delivery_address","","","","test_history_pagination_total_and_search_filters[partner]","
    POST /delivery/address/history
      - сервер возвращает pagination.total
      - search фильтрует выдачу и total считает по отфильтрованным данным
      - пагинация по страницам консистентна
    "
"passed","Sat Apr 11 01:36:33 UTC 2026","Sat Apr 11 01:36:34 UTC 2026","831","tests.admin_panel.slides","test_0_slides_sort","","","","test_slides_sort_invalid_id[None]","Негативный тест: невалидный path parameter."
"passed","Sat Apr 11 01:31:50 UTC 2026","Sat Apr 11 01:31:51 UTC 2026","604","tests.delivery","test_get_boxberry_offices","","","","test_get_boxberry_offices_invalid_city_id_should_fail[True-admin]",""
"passed","Sat Apr 11 01:29:20 UTC 2026","Sat Apr 11 01:29:21 UTC 2026","595","tests.cart","test_10_cart_save_city","","","","test_save_city_invalid_payload[client-payload3]","Негатив: невалидный payload."
"skipped","Sat Apr 11 00:56:27 UTC 2026","Sat Apr 11 00:56:27 UTC 2026","0","tests.tickets","test_01_get_tickets","","","","test_get_tickets_success[filter1-sort0-search2-pagination1-partner]","Позитивный тест: получение списка тикетов с разными комбинациями параметров"
"passed","Sat Apr 11 01:40:41 UTC 2026","Sat Apr 11 01:40:42 UTC 2026","856","tests.catalog","test_product_get_by_id","","","","test_get_product_by_id_invalid_integer[-1]","
    Негативный: ID некорректный по значению
    "
"passed","Sat Apr 11 00:56:50 UTC 2026","Sat Apr 11 00:56:51 UTC 2026","1030","tests.delivery","test_01_save_delivery_address","","","","test_save_address_positive_contract_and_cleanup[payload4-client]",""
"skipped","Sat Apr 11 01:55:06 UTC 2026","Sat Apr 11 01:55:07 UTC 2026","1297","tests.cart","test_07_cart_update_multi","","","","test_update_cart_items_multi_invalid_payload[partner-payload0]","Негатив: невалидный payload для /cart/update_multi"
"passed","Sat Apr 11 01:39:47 UTC 2026","Sat Apr 11 01:39:48 UTC 2026","829","tests.admin_panel.promo","test_73_get_promotion_by_id","","","","test_get_promotion_invalid_id[0]","Негативный тест: получение акции по невалидному ID"
"failed","Sat Apr 11 01:55:58 UTC 2026","Sat Apr 11 01:55:59 UTC 2026","578","tests.delivery","test_get_five_post_offices","","","","test_get_five_post_offices_success[113607-partner]","Позитив: успешное получение списка ПВЗ FivePost по city_id."
"passed","Sat Apr 11 01:18:22 UTC 2026","Sat Apr 11 01:18:23 UTC 2026","667","tests.delivery","test_self_pickup_offices","","","","test_self_pickup_offices_success_basic[client]","
    Позитив: успешное получение списка офисов по city_id
    Допускается пустой список (если в городе нет офисов)
    "
"skipped","Sat Apr 11 01:46:15 UTC 2026","Sat Apr 11 01:46:15 UTC 2026","0","tests.fund","test_get_top_donors","","","","test_get_top_donors_success[start,end-https://dev.ewahelps.com/api]",""
"passed","Sat Apr 11 01:25:25 UTC 2026","Sat Apr 11 01:25:26 UTC 2026","1328","tests.admin_panel.categories","test_57_v2_update_category","","","","test_v2_update_category_invalid_payload[payload5-422]","Негативный тест: обновление категории с невалидным или неполным телом запроса."
"passed","Sat Apr 11 02:00:07 UTC 2026","Sat Apr 11 02:00:16 UTC 2026","8246","tests.integration","test_order_pickup_ru","","","","test_order_pickup_ru[FivePost]",""
"passed","Sat Apr 11 00:52:54 UTC 2026","Sat Apr 11 00:52:56 UTC 2026","2221","tests.tickets","test_04_create_ticket","","","","test_create_ticket_success[partner-attachments1-QuestionsAboutTheHousingAndCarProgram]","Позитивный тест: создание тикета с разными темами и вложениями для клиента, партнера и админа"
"skipped","Sat Apr 11 01:54:10 UTC 2026","Sat Apr 11 01:54:10 UTC 2026","0","tests.account","test_update_default_stock","","","","test_update_default_stock_positive[partner-payload1]","Позитивные тесты на изменение дефолтного склада"
"passed","Sat Apr 11 01:36:32 UTC 2026","Sat Apr 11 01:36:33 UTC 2026","847","tests.admin_panel.slides","test_0_slides_sort","","","","test_slides_sort_invalid_id[0]","Негативный тест: невалидный path parameter."
"passed","Sat Apr 11 00:57:05 UTC 2026","Sat Apr 11 00:57:05 UTC 2026","591","tests.delivery","test_01_save_delivery_address","","","","test_save_address_invalid_types_should_fail[country_id-None-client]",""
"passed","Sat Apr 11 01:56:45 UTC 2026","Sat Apr 11 01:56:46 UTC 2026","589","tests.admin_panel.promo","test_71_get_promotions","","","","test_get_promotions_list_unauthorized","Негативный тест: получение списка акций без авторизации"
"passed","Sat Apr 11 01:27:38 UTC 2026","Sat Apr 11 01:27:39 UTC 2026","799","tests.admin_panel","test_04_generate_support_token","","","","test_invalid_ttl_returns_400[5270400000]",""
"skipped","Sat Apr 11 01:44:10 UTC 2026","Sat Apr 11 01:44:12 UTC 2026","2019","tests.tickets","test_12_delete_message","","","","test_delete_ticket_message_after_closure","Негативный тест: попытка удалить сообщение после закрытия тикета"
"passed","Sat Apr 11 00:59:24 UTC 2026","Sat Apr 11 00:59:26 UTC 2026","2358","tests.cart","test_01_user_locale","","","","test_update_user_locale_invalid_language_enum[client-Russian]",""
"skipped","Sat Apr 11 00:56:42 UTC 2026","Sat Apr 11 00:56:42 UTC 2026","0","tests.stock","test_create_stock","","","","test_create_stock_with_empty_string_log_if_not_200[city.region_id]",""
"passed","Sat Apr 11 01:03:07 UTC 2026","Sat Apr 11 01:03:08 UTC 2026","1258","tests.admin_panel.slides","test_59_update_slide","","","","test_update_slide_invalid_payload[payload0-expected_code0]","
    Негативный тест: обновление слайда с невалидным или неполным телом запроса
    "
"passed","Sat Apr 11 01:12:11 UTC 2026","Sat Apr 11 01:12:12 UTC 2026","825","tests.delivery","test_get_cities_v2","","","","test_get_cities_v2_success[client]","
    Позитив: быстрый поиск городов по части названия
    "
"passed","Sat Apr 11 01:37:06 UTC 2026","Sat Apr 11 01:37:07 UTC 2026","846","tests.one_c","test_stock_delivery_methods","","","","test_1c_stock_delivery_methods_empty_array_removes_whitelist",""
