"Status","Start Time","Stop Time","Duration in ms","Parent Suite","Suite","Sub Suite","Test Class","Test Method","Name","Description"
"passed","Sun Apr 26 03:34:21 UTC 2026","Sun Apr 26 03:34:22 UTC 2026","1004","tests.cart","test_11_cart_save_delivery_method","","","","test_cart_save_delivery_method_invalid_payload_returns_400[payload0]",""
"broken","Sun Apr 26 03:21:51 UTC 2026","Sun Apr 26 03:21:51 UTC 2026","0","tests.admin_panel.products","test_44_upload_product_brand_images","","","","test_upload_product_brand_images_formats[invalid.txt-text/plain-400]","Проверка загрузки изображений бренда в разных форматах: негативные и позитивные кейсы."
"passed","Sun Apr 26 03:35:12 UTC 2026","Sun Apr 26 03:35:13 UTC 2026","656","tests.account","test_0_profile","","","","test_get_profile_contains_updated_utc_offset_after_update[partner]",""
"passed","Sun Apr 26 03:32:08 UTC 2026","Sun Apr 26 03:32:09 UTC 2026","786","tests.cart","test_08_cart_delete","","","","test_delete_cart_item_invalid_payload[partner-payload2]","Негатив: невалидный payload при удалении позиции"
"broken","Sun Apr 26 03:22:32 UTC 2026","Sun Apr 26 03:22:32 UTC 2026","0","tests.admin_panel.products","test_42_update_product_brand","","","","test_update_product_brand_forbidden[client]","Негативный тест: попытка обновления бренда не-админом."
"passed","Sun Apr 26 03:25:51 UTC 2026","Sun Apr 26 03:25:52 UTC 2026","942","tests.cart","test_23_cart_calculate_delivery_flag","","","","test_update_multi_invalid_items_payload[client]",""
"passed","Sun Apr 26 03:28:32 UTC 2026","Sun Apr 26 03:28:33 UTC 2026","517","tests.orders","test_group_order_v2_create","","","","test_group_order_v2_create_unauthorized",""
"passed","Sun Apr 26 03:06:49 UTC 2026","Sun Apr 26 03:06:49 UTC 2026","491","tests.one_c","test_cart_calculate_full_coverage","","","","test_bonus_info_invalid_types[bonus-10]",""
"skipped","Sun Apr 26 03:38:42 UTC 2026","Sun Apr 26 03:38:42 UTC 2026","0","tests.account","test_delete_avatar","","","","test_delete_avatar_positive[client]","Позитивные тесты на удаление аватара"
"passed","Sun Apr 26 03:21:35 UTC 2026","Sun Apr 26 03:21:36 UTC 2026","495","tests.delivery","test_self_pickup_offices","","","","test_self_pickup_offices_invalid_params[admin-params1]","
    Негатив: невалидные параметры  = 400
    "
"skipped","Sun Apr 26 03:36:41 UTC 2026","Sun Apr 26 03:36:41 UTC 2026","0","tests.stock","test_update_stock","","","","test_update_stock_invalid_id[0]",""
"passed","Sun Apr 26 03:34:16 UTC 2026","Sun Apr 26 03:34:20 UTC 2026","3879","tests.cart","test_04_cart_full_data","","","","test_cart_full_data_calculate_delivery_false_preserves_advance_costs_when_already_calculated[client]","
    Если advance_costs уже рассчитан, то full_data?calculate_delivery=false НЕ должен возвращать пустую структуру
    "
"passed","Sun Apr 26 03:14:19 UTC 2026","Sun Apr 26 03:14:21 UTC 2026","2113","tests.cart","test_01_user_locale","","","","test_update_user_locale_valid_payload[partner-payload2]",""
"passed","Sun Apr 26 03:38:35 UTC 2026","Sun Apr 26 03:38:35 UTC 2026","676","tests.account","test_0_top_partners_client_service_v2","","","","test_get_top_partners_client_service_v2_positive[partner]","Позитивные тесты на получение топ-партнеров по сумме ЛО клиентов"
"skipped","Sun Apr 26 03:12:30 UTC 2026","Sun Apr 26 03:12:30 UTC 2026","0","tests.stock","test_create_stock","","","","test_create_stock_with_empty_string_log_if_not_200[timezone.is_dst]",""
"passed","Sun Apr 26 03:30:59 UTC 2026","Sun Apr 26 03:31:00 UTC 2026","681","tests.tickets","test_02_get_ticket_by_id","","","","test_get_ticket_invalid_id[0]","Негативный тест: передан некорректный ID."
"passed","Sun Apr 26 03:09:47 UTC 2026","Sun Apr 26 03:09:49 UTC 2026","1815","tests.tickets","test_04_create_ticket","","","","test_create_ticket_success[partner-attachments1-ReceivingDefectiveProductsOrShortage]","Позитивный тест: создание тикета с разными темами и вложениями для клиента, партнера и админа"
"passed","Sun Apr 26 03:27:54 UTC 2026","Sun Apr 26 03:27:54 UTC 2026","708","tests.admin_panel","test_partner_accrual_details_common","","","","test_common_accrual_details_invalid_payload[payload2-expected_codes2]","
    Негатив: валидация тела запроса общей детализации.
    "
"skipped","Sun Apr 26 03:27:15 UTC 2026","Sun Apr 26 03:27:16 UTC 2026","514","tests.orders","test_group_order_change_country","","","","test_change_country_invalid_data[invalid_payload2-client]","Негативные тесты: передача некорректных данных"
"skipped","Sun Apr 26 03:28:38 UTC 2026","Sun Apr 26 03:28:38 UTC 2026","509","tests.register","test_01_register_form","","","","test_register_form_negative[client-payload0-400]",""
"broken","Sun Apr 26 03:17:47 UTC 2026","Sun Apr 26 03:17:47 UTC 2026","0","tests.admin_panel.slides","test_59_update_slide","","","","test_update_slide_invalid_id[9999999]","Негативный тест: несуществующий или некорректный ID"
"skipped","Sun Apr 26 03:06:45 UTC 2026","Sun Apr 26 03:06:46 UTC 2026","839","tests.one_c","test_cart_calculate_full_coverage","","","","test_bonus_info_invalid_numbers[bonus--100]",""
"skipped","Sun Apr 26 03:06:03 UTC 2026","Sun Apr 26 03:06:04 UTC 2026","498","tests.one_c","test_cart_calculate_full_coverage","","","","test_products_invalid_values[None-storage_id]",""
"passed","Sun Apr 26 03:31:41 UTC 2026","Sun Apr 26 03:31:42 UTC 2026","508","tests.admin_panel","test_accrue_auto_bonus","","","","test_accrue_auto_bonus_forbidden[partner]",""
"passed","Sun Apr 26 03:15:48 UTC 2026","Sun Apr 26 03:15:48 UTC 2026","467","tests.cart","test_02_get_delivery_cost","","","","test_get_delivery_cost_invalid_payload[partner-payload2]","Негатив: некорректные входные данные"
"passed","Sun Apr 26 03:22:25 UTC 2026","Sun Apr 26 03:22:26 UTC 2026","677","tests.admin_panel.products","test_40_create_product_brand","","","","test_create_product_brand_invalid_payload[payload4-expected_codes4]","Негативные кейсы: невалидные поля при создании бренда."
"broken","Sun Apr 26 03:18:23 UTC 2026","Sun Apr 26 03:18:23 UTC 2026","0","tests.admin_panel.promo","test_74_update_promotion","","","","test_update_promotion_success","Позитивный тест: успешное обновление акции (все поля)"
"broken","Sun Apr 26 03:23:27 UTC 2026","Sun Apr 26 03:23:27 UTC 2026","0","tests.admin_panel.slides","test_61_upload_slides_images","","","","test_upload_only_single_slide_image_field[desktop_image-test_jpg.jpg-image/jpeg]",""
"skipped","Sun Apr 26 03:23:22 UTC 2026","Sun Apr 26 03:23:22 UTC 2026","489","tests.statistic","test_team_registrations","","","","test_get_team_registration_statistic_negative[payload0-client]","Негативный тест: ошибка при получении статистики регистрации команды с невалидным телом запроса"
"broken","Sun Apr 26 03:29:47 UTC 2026","Sun Apr 26 03:29:47 UTC 2026","0","tests.admin_panel.sliders","test_53_get_sliders_by_id","","","","test_get_sliders_by_id_forbidden[client]","Негативный тест: получение слайдера по ID не-админом запрещено"
"passed","Sun Apr 26 03:34:23 UTC 2026","Sun Apr 26 03:34:24 UTC 2026","1038","tests.cart","test_11_cart_save_delivery_method","","","","test_cart_save_delivery_method_invalid_payload_returns_400[payload2]",""
"skipped","Sun Apr 26 03:32:56 UTC 2026","Sun Apr 26 03:32:57 UTC 2026","840","tests.PROJECT_FUND.initiatives","test_get_reports","","","","test_get_reports_invalid_query_params[query3-https://dev.ewahelps.com/api]","Негативный тест: запрос с некорректными query-параметрами"
"passed","Sun Apr 26 03:24:16 UTC 2026","Sun Apr 26 03:24:17 UTC 2026","673","tests.admin_panel","test_04_generate_support_token","","","","test_invalid_user_id_for_token_returns_client_error[-1]",""
"passed","Sun Apr 26 03:17:22 UTC 2026","Sun Apr 26 03:17:26 UTC 2026","3959","tests.cart","test_12_cart_estimate_delivery","","","","test_estimate_delivery_success[partner-dpd_courier-payload12]","
    Позитив: корзина с товаром, выбор способа доставки и расчёт стоимости для разных служб
    "
"passed","Sun Apr 26 03:22:39 UTC 2026","Sun Apr 26 03:22:39 UTC 2026","674","tests.admin_panel.promo","test_72_create_promotion","","","","test_create_promotion_invalid_data[payload6-400]","Негативные тесты: невалидные данные"
"broken","Sun Apr 26 03:21:51 UTC 2026","Sun Apr 26 03:21:51 UTC 2026","0","tests.admin_panel.promo","test_77_create_promotion_item","","","","test_create_promotion_item_invalid_payload[payload2-400]",""
"skipped","Sun Apr 26 03:17:48 UTC 2026","Sun Apr 26 03:17:48 UTC 2026","0","tests.account","test_account_branded_wallet_get","","","","test_get_invalid_period_returns_422[period2-client]","
    Негатив: невалидные month/year → 422.
    "
"passed","Sun Apr 26 03:05:53 UTC 2026","Sun Apr 26 03:05:54 UTC 2026","852","tests.one_c","test_cart_calculate_full_coverage","","","","test_products_large_numbers[total_price-999999999]",""
"passed","Sun Apr 26 03:14:46 UTC 2026","Sun Apr 26 03:14:48 UTC 2026","2031","tests.cart","test_01_user_locale","","","","test_update_user_locale_invalid_payload[partner-payload1]",""
"passed","Sun Apr 26 03:10:22 UTC 2026","Sun Apr 26 03:10:24 UTC 2026","1655","tests.tickets","test_04_create_ticket","","","","test_create_ticket_success[partner-attachments2-ReceivingDefectiveProducts]","Позитивный тест: создание тикета с разными темами и вложениями для клиента, партнера и админа"
"skipped","Sun Apr 26 03:17:48 UTC 2026","Sun Apr 26 03:17:48 UTC 2026","0","tests.account","test_account_branded_wallet_get","","","","test_get_period_bad_types_400_or_422[period2-client]","
    Негатив: некорректные типы month/year → 400/422
    "
"passed","Sun Apr 26 03:26:47 UTC 2026","Sun Apr 26 03:26:47 UTC 2026","462","tests.delivery","test_get_cdek_offices","","","","test_get_cdek_offices_invalid_city_id_should_fail[0-admin]",""
"passed","Sun Apr 26 03:18:25 UTC 2026","Sun Apr 26 03:18:25 UTC 2026","740","tests.admin_panel.promo","test_74_update_promotion","","","","test_update_promotion_invalid_id[9999999]","Негативный тест: несуществующий или некорректный ID"
"broken","Sun Apr 26 03:33:34 UTC 2026","Sun Apr 26 03:33:34 UTC 2026","0","tests.orders","test_group_order_confirm","","","","test_group_order_confirm_without_joined_partner_rejected[partner]","
    partner НЕ присоединился к своему group order
    "
"passed","Sun Apr 26 03:31:56 UTC 2026","Sun Apr 26 03:31:56 UTC 2026","491","tests.auth","test_01_check_version","","","","test_check_version[Ios-2.0.1-200]","Тест проверяет API /check_version для разных платформ и версий."
"passed","Sun Apr 26 03:16:14 UTC 2026","Sun Apr 26 03:16:18 UTC 2026","3464","tests.cart","test_12_cart_estimate_delivery","","","","test_estimate_delivery_success[client-cargo-payload7]","
    Позитив: корзина с товаром, выбор способа доставки и расчёт стоимости для разных служб
    "
"failed","Sun Apr 26 03:36:43 UTC 2026","Sun Apr 26 03:36:44 UTC 2026","505","tests.account","test_history_group_volumes_admin","","","","test_group_volumes_history_admin_forbidden_for_non_admin[partner]",""
"skipped","Sun Apr 26 03:31:33 UTC 2026","Sun Apr 26 03:31:33 UTC 2026","0","tests.PROJECT_EDUCATION.test_system","test_01_start_test","","","","test_start_test_invalid_id__400_or_404[abc]",""
"passed","Sun Apr 26 03:13:24 UTC 2026","Sun Apr 26 03:13:25 UTC 2026","690","tests.account","test_update_utc_offset","","","","test_update_utc_offset_happy_path_persists_to_account_profile[client]",""
"skipped","Sun Apr 26 03:12:17 UTC 2026","Sun Apr 26 03:12:17 UTC 2026","0","tests.tickets","test_01_get_tickets","","","","test_get_tickets_success[filter1-sort1-search2-pagination0-admin]","Позитивный тест: получение списка тикетов с разными комбинациями параметров"
"passed","Sun Apr 26 03:37:36 UTC 2026","Sun Apr 26 03:37:38 UTC 2026","1987","tests.reviews","test_reviews_by_product_get","","","","test_reviews_by_product_returns_only_approved",""
"skipped","Sun Apr 26 03:39:20 UTC 2026","Sun Apr 26 03:39:20 UTC 2026","0","tests.account","test_pass_recovery","","","","test_pass_recovery_positive[payload0]","Позитивные тесты на восстановление пароля"
"skipped","Sun Apr 26 03:39:23 UTC 2026","Sun Apr 26 03:39:23 UTC 2026","0","tests.sockets","test_ws_message_type","","","","test_ws_message_type_parametrized_ok[question-partner]","
    WS принимает разные значения message_type, сообщение корректно
    появляется в /support-chat/messages с консистентной схемой
    "
"skipped","Sun Apr 26 03:17:48 UTC 2026","Sun Apr 26 03:17:48 UTC 2026","0","tests.account","test_0_marathon","","","","test_get_marathon_is_purchased[client-200]","Позитивный кейс — проверяет приобретал ли аккаунт марафонский набор (все поля)"
"broken","Sun Apr 26 03:24:17 UTC 2026","Sun Apr 26 03:24:17 UTC 2026","0","tests.admin_panel.items","test_update_item","","","","test_update_item_article_should_fail_if_not_unique","Негативный тест: попытка обновить article на уже существующий."
"passed","Sun Apr 26 03:14:44 UTC 2026","Sun Apr 26 03:14:46 UTC 2026","2011","tests.cart","test_01_user_locale","","","","test_update_user_locale_invalid_payload[partner-payload0]",""
"passed","Sun Apr 26 03:33:38 UTC 2026","Sun Apr 26 03:33:39 UTC 2026","508","tests.stock","test_get_stock_by_id","","","","test_get_stock_by_id[admin]","Запрос склада по ID"
"skipped","Sun Apr 26 03:31:33 UTC 2026","Sun Apr 26 03:31:33 UTC 2026","0","tests.PROJECT_EDUCATION.test_system","test_01_start_test","","","","test_start_test_invalid_id__400_or_404[-1]",""
"passed","Sun Apr 26 03:30:02 UTC 2026","Sun Apr 26 03:30:02 UTC 2026","512","tests.cart","test_09_cart_save_region","","","","test_save_region_unauthorized","Негатив: вызов без авторизации/корзины"
"failed","Sun Apr 26 03:21:26 UTC 2026","Sun Apr 26 03:21:27 UTC 2026","674","tests.catalog","test_create_admin_product_translation","","","","test_create_admin_product_translation_invalid_payload[payload6-422]","Негативные проверки на создание перевода с некорректным payload."
"passed","Sun Apr 26 03:36:42 UTC 2026","Sun Apr 26 03:36:42 UTC 2026","505","tests.account","test_history_group_volumes_admin","","","","test_group_volumes_history_admin_happy_path_contract[1-10-admin]",""
"passed","Sun Apr 26 03:27:21 UTC 2026","Sun Apr 26 03:27:22 UTC 2026","726","tests.reviews","test_reviews_list_post","","","","test_reviews_list_access_allowed_for_client_and_partner[authorize_partner]",""
"passed","Sun Apr 26 03:28:37 UTC 2026","Sun Apr 26 03:28:37 UTC 2026","506","tests.register","test_01_register_form","","","","test_register_form_positive[partner-payload0]",""
"skipped","Sun Apr 26 03:31:31 UTC 2026","Sun Apr 26 03:31:31 UTC 2026","0","tests.orders","test_shop_digital_flow","","","","test_one_click_digital_happy_path[client]",""
"passed","Sun Apr 26 03:29:14 UTC 2026","Sun Apr 26 03:29:15 UTC 2026","1104","tests.reviews","test_reviews_delete_post","","","","test_reviews_delete_mixed_valid_and_invalid_ids",""
"passed","Sun Apr 26 03:21:13 UTC 2026","Sun Apr 26 03:21:14 UTC 2026","607","tests.delivery","test_get_cities_v2","","","","test_get_cities_v2_unauthorized","
    Позитив: запрос без авторизации → 200
    "
"passed","Sun Apr 26 03:07:37 UTC 2026","Sun Apr 26 03:07:38 UTC 2026","1003","tests.tickets","test_04_create_ticket","","","","test_create_ticket_success[client-attachments0-QuestionsAboutTheWorkOfTheStructureAndMentors]","Позитивный тест: создание тикета с разными темами и вложениями для клиента, партнера и админа"
"broken","Sun Apr 26 03:21:21 UTC 2026","Sun Apr 26 03:21:21 UTC 2026","0","tests.admin_panel.slides","test_57_create_slide","","","","test_create_slide_title_color_validation[#12345G-400]","Валидация поля title_color при создании слайда"
"broken","Sun Apr 26 03:29:47 UTC 2026","Sun Apr 26 03:29:47 UTC 2026","0","tests.admin_panel.sliders","test_53_get_sliders_by_id","","","","test_get_sliders_by_id_forbidden[partner]","Негативный тест: получение слайдера по ID не-админом запрещено"
"passed","Sun Apr 26 03:26:26 UTC 2026","Sun Apr 26 03:26:27 UTC 2026","164","tests.cart","test_delivery_address_save_apply","","","","test_save_address_invalid_payload[payload6]",""
"skipped","Sun Apr 26 03:38:01 UTC 2026","Sun Apr 26 03:38:01 UTC 2026","0","tests.catalog","test_exclusive_preorder_products_list","","","","test_products_list_in_stock_overwritten_with_permission[partner]","
    Позитив:
      1) берём реальный exclusive item из /products/list
      2) ставим permission remaining_quantity=3
      3) снова /products/list
      4) жёстко проверяем: в слоте (stock_id=DEFAULT_STOCK_ID) in_stock == 3 (если поле есть)
         + is_visible==True (если поле есть)
    "
"skipped","Sun Apr 26 03:31:33 UTC 2026","Sun Apr 26 03:31:33 UTC 2026","0","tests.PROJECT_EDUCATION.test_system","test_01_start_test","","","","test_start_test_invalid_id__400_or_404[1.5]",""
"passed","Sun Apr 26 03:05:40 UTC 2026","Sun Apr 26 03:05:40 UTC 2026","591","tests.one_c","test_cart_calculate_full_coverage","","","","test_invalid_top_types[stateTK-123]",""
"broken","Sun Apr 26 03:21:15 UTC 2026","Sun Apr 26 03:21:15 UTC 2026","0","tests.catalog","test_update_admin_product","","","","test_update_admin_product_invalid_payload[update_payload8-422]",""
"passed","Sun Apr 26 03:26:35 UTC 2026","Sun Apr 26 03:26:36 UTC 2026","607","tests.delivery","test_get_boxberry_offices","","","","test_get_boxberry_offices_success[5-admin]",""
"passed","Sun Apr 26 03:24:28 UTC 2026","Sun Apr 26 03:24:30 UTC 2026","1151","tests.admin_panel.users","test_post_admin_users_exclusive_preorder_permissions","","","","test_post_exclusive_preorder_permissions_validation_errors_400[payload8]","
    Негатив: некорректный payload
    "
"skipped","Sun Apr 26 03:12:30 UTC 2026","Sun Apr 26 03:12:30 UTC 2026","0","tests.stock","test_create_stock","","","","test_create_stock_with_empty_string_log_if_not_200[address.floor]",""
"broken","Sun Apr 26 03:33:14 UTC 2026","Sun Apr 26 03:33:14 UTC 2026","0","tests.admin_panel.sliders","test_55_delete_sliders","","","","test_delete_slider_forbidden[client]","Негативный тест: попытка удаления слайдера не-админом."
"failed","Sun Apr 26 03:33:30 UTC 2026","Sun Apr 26 03:33:31 UTC 2026","527","tests.delivery","test_mongpost_postcodes","","","","test_mongpost_postcodes_invalid_city_id[-1-admin]","Негативный тест: невалидные значения city_id → 400/422"
"broken","Sun Apr 26 03:31:03 UTC 2026","Sun Apr 26 03:31:03 UTC 2026","0","tests.tickets","test_09_get_ticket_messages","","","","test_get_ticket_messages_positive[client]","Позитивный тест: успешное получение списка сообщений тикета"
"passed","Sun Apr 26 03:18:27 UTC 2026","Sun Apr 26 03:18:28 UTC 2026","670","tests.admin_panel.sliders","test_54_update_slider","","","","test_update_slider_invalid_id[0]","Негативный тест: несуществующий или некорректный ID."
"passed","Sun Apr 26 03:33:56 UTC 2026","Sun Apr 26 03:33:57 UTC 2026","517","tests.admin_panel.slides","test_62_slides_get_upload_urls","","","","test_get_upload_urls_unauthorized","Негативный тест: попытка получить ссылки без авторизации"
"passed","Sun Apr 26 03:33:49 UTC 2026","Sun Apr 26 03:33:49 UTC 2026","487","tests.account","test_account_branded_wallet_delete","","","","test_delete_branded_wallet_unauthorized","
    Без авторизации → 401
    "
"passed","Sun Apr 26 03:36:56 UTC 2026","Sun Apr 26 03:36:57 UTC 2026","676","tests.admin_panel.products","test_39_get_product_brands","","","","test_get_product_brands_success","Позитивный тест: успешное получение списка брендов админом."
"broken","Sun Apr 26 03:24:13 UTC 2026","Sun Apr 26 03:24:13 UTC 2026","0","tests.admin_panel","test_04_generate_support_token","","","","test_invalid_ttl_returns_400[abc]",""
"passed","Sun Apr 26 03:29:53 UTC 2026","Sun Apr 26 03:29:53 UTC 2026","671","tests.admin_panel.slides","test_58_get_slides_by_id","","","","test_get_slides_invalid_id[-1]","Негативный тест: невалидный ID в path-параметре"
"passed","Sun Apr 26 03:05:34 UTC 2026","Sun Apr 26 03:05:34 UTC 2026","462","tests.one_c","test_cart_calculate_full_coverage","","","","test_invalid_top_types[products-string]",""
"passed","Sun Apr 26 03:09:37 UTC 2026","Sun Apr 26 03:09:39 UTC 2026","1794","tests.tickets","test_04_create_ticket","","","","test_create_ticket_success[partner-attachments1-QuestionsAboutTheMarriageContract]","Позитивный тест: создание тикета с разными темами и вложениями для клиента, партнера и админа"
"passed","Sun Apr 26 03:19:07 UTC 2026","Sun Apr 26 03:19:14 UTC 2026","6683","tests.cart","test_free_delivery_by_rc_and_belts","","","","test_free_delivery_by_belts_contract[\u041c\u043e\u0441\u043a\u0432\u0430-client-zone_2-belt_cfg1]","
    КОНТРАКТ:
    - ручка работает
    - advance_costs может быть []
    - free может быть
    - платная доставка допустима
    "
"broken","Sun Apr 26 03:23:33 UTC 2026","Sun Apr 26 03:23:33 UTC 2026","0","tests.admin_panel.items","test_create_item","","","","test_create_item_invalid_payload[payload3-expected_code3]","
    Негативный тест: создание варианта с невалидным телом запроса.
    Если сервер внезапно вернул успех — удаляем созданный item из БД.
    "
"passed","Sun Apr 26 03:24:35 UTC 2026","Sun Apr 26 03:24:36 UTC 2026","486","tests.cart","test_10_cart_save_city","","","","test_save_city_invalid_payload[client-payload0]","Негатив: невалидный payload."
"passed","Sun Apr 26 03:07:20 UTC 2026","Sun Apr 26 03:07:23 UTC 2026","2411","tests.one_c","test_cart_calculate_full_coverage","","","","test_large_cart[20]",""
"broken","Sun Apr 26 03:18:20 UTC 2026","Sun Apr 26 03:18:20 UTC 2026","0","tests.one_c","test_free_delivery_to_regions_and_cities","","","","test_1c_free_delivery_remove_from_all_regions_only",""
"passed","Sun Apr 26 03:15:00 UTC 2026","Sun Apr 26 03:15:02 UTC 2026","2018","tests.cart","test_01_user_locale","","","","test_update_user_locale_invalid_language_enum[client-RU]",""
"broken","Sun Apr 26 03:23:32 UTC 2026","Sun Apr 26 03:23:32 UTC 2026","0","tests.admin_panel.items","test_create_item","","","","test_create_item_invalid_payload[payload0-expected_code0]","
    Негативный тест: создание варианта с невалидным телом запроса.
    Если сервер внезапно вернул успех — удаляем созданный item из БД.
    "
"passed","Sun Apr 26 03:27:52 UTC 2026","Sun Apr 26 03:27:52 UTC 2026","479","tests.admin_panel","test_partner_accrual_details_common","","","","test_common_accrual_details_unauthorized","
    Негатив: без токена запрос к админ-ручке → 401
    "
"skipped","Sun Apr 26 03:31:37 UTC 2026","Sun Apr 26 03:31:38 UTC 2026","505","tests.account","test_post_downgrade_user","","","","test_downgrade_validation_errors[bad_payload1-admin]","
    Валидация: битый payload → 400/422.
    "
"passed","Sun Apr 26 03:06:31 UTC 2026","Sun Apr 26 03:06:31 UTC 2026","458","tests.one_c","test_cart_calculate_full_coverage","","","","test_payment_invalid_types[transaction_id-123]",""
"skipped","Sun Apr 26 03:39:23 UTC 2026","Sun Apr 26 03:39:23 UTC 2026","0","tests.PROJECT_EDUCATION.test_system","test_00_full_integration","","","","test_full_flow_test_system",""
"broken","Sun Apr 26 03:33:07 UTC 2026","Sun Apr 26 03:33:07 UTC 2026","0","tests.admin_panel.products","test_43_delete_product_brand","","","","test_delete_product_brand_success","Позитивный тест: успешное удаление бренда."
"broken","Sun Apr 26 03:29:36 UTC 2026","Sun Apr 26 03:29:36 UTC 2026","0","tests.admin_panel.products","test_41_get_product_brand_by_id","","","","test_get_product_brand_by_id_success","Позитивный тест: успешное получение бренда по ID админом"
"passed","Sun Apr 26 03:29:47 UTC 2026","Sun Apr 26 03:29:48 UTC 2026","683","tests.admin_panel.sliders","test_53_get_sliders_by_id","","","","test_get_sliders_invalid_id[-1]","Негативный тест: получение слайдера по невалидному ID"
"passed","Sun Apr 26 03:12:10 UTC 2026","Sun Apr 26 03:12:11 UTC 2026","1004","tests.tickets","test_04_create_ticket","","","","test_create_ticket_invalid_request_type[admin-None-200]","Негативный тест: попытка создания тикета с неверным типом request_type"
"passed","Sun Apr 26 03:22:35 UTC 2026","Sun Apr 26 03:22:36 UTC 2026","690","tests.admin_panel.promo","test_72_create_promotion","","","","test_create_promotion_invalid_data[payload1-400]","Негативные тесты: невалидные данные"
"passed","Sun Apr 26 03:21:40 UTC 2026","Sun Apr 26 03:21:41 UTC 2026","681","tests.admin_panel.categories","test_80_create_category_translation","","","","test_create_category_translation_invalid_payload[payload3-400]","Негативный тест: создание перевода с невалидным payload."
"passed","Sun Apr 26 03:36:23 UTC 2026","Sun Apr 26 03:36:27 UTC 2026","4099","tests.cart","test_cart_update_duplicate_regression","","","","test_cart_update_same_item_parallel_last_write_wins_without_duplicates[partner]",""
"broken","Sun Apr 26 03:22:31 UTC 2026","Sun Apr 26 03:22:31 UTC 2026","0","tests.admin_panel.products","test_40_create_product_brand","","","","test_create_duplicate_brand_should_true","Позитивный тест: попытка создать бренд с теми же параметрами (разрешено)."
"passed","Sun Apr 26 03:22:06 UTC 2026","Sun Apr 26 03:22:06 UTC 2026","512","tests.delivery","test_02_get_delivery_address","","","","test_history_invalid_pagination_should_fail[bad_body4-client]","
    Негатив: валидация PaginationRequest
    "
"broken","Sun Apr 26 03:27:17 UTC 2026","Sun Apr 26 03:27:17 UTC 2026","0","tests.admin_panel.products","test_product_files_update","","","","test_update_only_review_link",""
"passed","Sun Apr 26 03:31:15 UTC 2026","Sun Apr 26 03:31:16 UTC 2026","673","tests.admin_panel","test_05_admin_support_users_token_revoke_all","","","","test_invalid_user_id_for_revoke_all_returns_client_error[abc]",""
"skipped","Sun Apr 26 03:34:55 UTC 2026","Sun Apr 26 03:34:56 UTC 2026","466","tests.delivery","test_get_kgpost_offices","","","","test_get_kgpost_offices_success[208110-partner]",""
"passed","Sun Apr 26 03:23:56 UTC 2026","Sun Apr 26 03:23:56 UTC 2026","475","tests.account","test_account_branded_wallet_upload","","","","test_upload_empty_string_returns_400[client]","Негатив: пустая строка → 400"
"passed","Sun Apr 26 03:21:31 UTC 2026","Sun Apr 26 03:21:31 UTC 2026","465","tests.delivery","test_self_pickup_offices","","","","test_self_pickup_offices_invalid_params[client-params0]","
    Негатив: невалидные параметры  = 400
    "
"skipped","Sun Apr 26 03:12:30 UTC 2026","Sun Apr 26 03:12:30 UTC 2026","0","tests.stock","test_create_stock","","","","test_create_stock_with_empty_string_log_if_not_200[address.description]",""
"passed","Sun Apr 26 03:24:07 UTC 2026","Sun Apr 26 03:24:07 UTC 2026","519","tests.account","test_history_group_volumes","","","","test_group_volumes_history_happy_path_contract[2-20-client]",""
"skipped","Sun Apr 26 03:12:30 UTC 2026","Sun Apr 26 03:12:30 UTC 2026","0","tests.stock","test_create_stock","","","","test_create_stock_with_empty_string_log_if_not_200[delivery_restrictions]",""
"passed","Sun Apr 26 03:21:07 UTC 2026","Sun Apr 26 03:21:08 UTC 2026","515","tests.delivery","test_get_cities_v2","","","","test_get_cities_v2_invalid_city_name_should_fail[a-admin]","
    Негатив: city_name — строка, minLength=2
    "
"passed","Sun Apr 26 03:28:24 UTC 2026","Sun Apr 26 03:28:24 UTC 2026","489","tests.auth","test_02_login","","","","test_admin_login[admin---400]",""
"broken","Sun Apr 26 03:39:23 UTC 2026","Sun Apr 26 03:39:23 UTC 2026","0","tests.promo_time.new_year_lottery","test_new_year_lottery_calculation","","","","test_orders_calculation_contains_lottery_progress_bar","
    - Если акция активна → /orders/calculation возвращает поля прогресс-бара:
        * new_year_lottery_coupons_count
        * remaining_sum_for_next_new_year_lottery_coupon
    "
"failed","Sun Apr 26 03:36:06 UTC 2026","Sun Apr 26 03:36:06 UTC 2026","464","tests.cart","test_cart_update_duplicate_regression","","","","test_cart_update_same_item_twice_sequential_does_not_duplicate_line[partner]",""
"passed","Sun Apr 26 03:13:00 UTC 2026","Sun Apr 26 03:13:00 UTC 2026","469","tests.delivery","test_01_save_delivery_address","","","","test_save_address_empty_required_strings_should_fail[-phone-client]",""
"passed","Sun Apr 26 03:13:33 UTC 2026","Sun Apr 26 03:13:34 UTC 2026","669","tests.account","test_update_utc_offset","","","","test_update_utc_offset_valid_values[-07-expected2-admin]",""
"passed","Sun Apr 26 03:38:46 UTC 2026","Sun Apr 26 03:38:47 UTC 2026","489","tests.cart","test_13_cart_delete_estimate_delivery","","","","test_delete_estimate_delivery_unauthorized","
    Без авторизации backend возвращает 404 (корзины нет)
    "
"passed","Sun Apr 26 03:06:20 UTC 2026","Sun Apr 26 03:06:21 UTC 2026","935","tests.one_c","test_cart_calculate_full_coverage","","","","test_packaging_missing_fields[weight]",""
"passed","Sun Apr 26 03:07:46 UTC 2026","Sun Apr 26 03:07:47 UTC 2026","1005","tests.tickets","test_04_create_ticket","","","","test_create_ticket_success[client-attachments0-ReceivingDefectiveProductsOrShortage]","Позитивный тест: создание тикета с разными темами и вложениями для клиента, партнера и админа"
"passed","Sun Apr 26 03:30:29 UTC 2026","Sun Apr 26 03:30:30 UTC 2026","682","tests.reviews","test_reviews_update_post","","","","test_reviews_update_unauthorized_for_client_and_partner[authorize_client]",""
"passed","Sun Apr 26 03:13:06 UTC 2026","Sun Apr 26 03:13:07 UTC 2026","621","tests.delivery","test_get_cities","","","","test_get_cities_search_by_city_name_success[client]","
    Позитив: поиск по части названия
    "
"skipped","Sun Apr 26 03:05:50 UTC 2026","Sun Apr 26 03:05:51 UTC 2026","941","tests.one_c","test_cart_calculate_full_coverage","","","","test_products_invalid_types[price-None]",""
"passed","Sun Apr 26 03:15:39 UTC 2026","Sun Apr 26 03:15:40 UTC 2026","673","tests.cart","test_02_get_delivery_cost","","","","test_get_delivery_cost_success_partial_payload[partner-payload1-200]",""
"skipped","Sun Apr 26 03:07:16 UTC 2026","Sun Apr 26 03:07:17 UTC 2026","532","tests.one_c","test_cart_calculate_full_coverage","","","","test_large_cart_error[10]",""
"passed","Sun Apr 26 03:26:17 UTC 2026","Sun Apr 26 03:26:17 UTC 2026","164","tests.cart","test_delivery_address_save_apply","","","","test_save_address_invalid_payload[payload3]",""
"passed","Sun Apr 26 03:23:21 UTC 2026","Sun Apr 26 03:23:21 UTC 2026","526","tests.statistic","test_team_registrations","","","","test_get_team_registration_statistic_positive[payload3-partner]","Позитивный тест: получение статистики по регистрации команды с валидным телом запроса"
"passed","Sun Apr 26 03:28:08 UTC 2026","Sun Apr 26 03:28:09 UTC 2026","721","tests.admin_panel.minions","test_admin_add_lo","","","","test_post_admin_add_lo_negative_missing_required_fields[payload2]","
    Негативные сценарии: отсутствуют обязательные поля.
    "
"passed","Sun Apr 26 03:38:42 UTC 2026","Sun Apr 26 03:38:42 UTC 2026","602","tests.account","test_0_users_by_lo_rating","","","","test_get_users_by_lo_rating_positive[admin]","Позитивные тесты на получение рейтинга продавцов по личному объему"
"skipped","Sun Apr 26 03:31:33 UTC 2026","Sun Apr 26 03:31:33 UTC 2026","0","tests.PROJECT_EDUCATION.test_system","test_01_start_test","","","","test_start_test_invalid_id__400_or_404[None]",""
"skipped","Sun Apr 26 03:05:43 UTC 2026","Sun Apr 26 03:05:44 UTC 2026","943","tests.one_c","test_cart_calculate_full_coverage","","","","test_products_negative_numbers[total_price--1]",""
"passed","Sun Apr 26 03:31:20 UTC 2026","Sun Apr 26 03:31:21 UTC 2026","692","tests.admin_panel.categories","test_79_get_category_translation","","","","test_get_category_translation_invalid_id[1.5]",""
"failed","Sun Apr 26 03:39:26 UTC 2026","Sun Apr 26 03:39:26 UTC 2026","638","tests.cart","test_cart_full_data_advances_cost_old_price","","","","test_cart_full_data_advance_costs_old_price[client]","
    - наличие old_price у товаров
    - НЕ влияет на advance_costs
    - advance_costs:
        - может отсутствовать
        - может быть []
        - может быть list с price >= 0
    "
"passed","Sun Apr 26 03:27:02 UTC 2026","Sun Apr 26 03:27:03 UTC 2026","488","tests.delivery","test_get_emu_pickup_points","","","","test_get_emu_pickup_points_invalid_city_id_should_fail[1.5-admin]","Негатив: невалидные значения city_id → 400/422."
"passed","Sun Apr 26 03:11:22 UTC 2026","Sun Apr 26 03:11:24 UTC 2026","1799","tests.tickets","test_04_create_ticket","","","","test_create_ticket_success[admin-attachments1-ReceivingProductsShortage]","Позитивный тест: создание тикета с разными темами и вложениями для клиента, партнера и админа"
"passed","Sun Apr 26 03:33:39 UTC 2026","Sun Apr 26 03:33:39 UTC 2026","511","tests.stock","test_get_stock_by_id","","","","test_get_stock_by_invalid_id[abc-admin]","Невалидные значения ID склада"
"skipped","Sun Apr 26 03:36:49 UTC 2026","Sun Apr 26 03:36:49 UTC 2026","0","tests.admin_panel.periods","test_post_periods_by_date","","","","test_post_periods_by_date__200_strict[admin]",""
"passed","Sun Apr 26 03:21:32 UTC 2026","Sun Apr 26 03:21:33 UTC 2026","506","tests.delivery","test_self_pickup_offices","","","","test_self_pickup_offices_invalid_params[client-params3]","
    Негатив: невалидные параметры  = 400
    "
"failed","Sun Apr 26 03:38:51 UTC 2026","Sun Apr 26 03:38:52 UTC 2026","514","tests.cart","test_22_cart_fill_advanced_cost","","","","test_fill_advanced_cost_success[client]","
    advance_costs рассчитываются при полном контексте
    "
"skipped","Sun Apr 26 03:31:09 UTC 2026","Sun Apr 26 03:31:09 UTC 2026","0","tests.PROJECT_EDUCATION.test_system","test_08_get_course_with_tests","","","","test_get_course_with_tests__invalid_id__400_404[999999999]",""
"passed","Sun Apr 26 03:27:50 UTC 2026","Sun Apr 26 03:27:51 UTC 2026","505","tests.admin_panel","test_partner_accrual_details_common","","","","test_common_accrual_details_forbidden_to_non_admin[partner]","
    Негатив: клиент/партнёр стучится в админ-ручку общей детализации → 403
    "
"passed","Sun Apr 26 03:18:42 UTC 2026","Sun Apr 26 03:18:43 UTC 2026","574","tests.cart","test_20_cart_recommended_products","","","","test_cart_recommended_products_invalid_cart_cookie_no_500[null-partner]","
    невалидный cart_id в cookie
    "
"passed","Sun Apr 26 03:21:02 UTC 2026","Sun Apr 26 03:21:03 UTC 2026","671","tests.delivery","test_get_cities_v2","","","","test_get_cities_v2_success[client]","
    Позитив: быстрый поиск городов по части названия
    "
"passed","Sun Apr 26 03:23:50 UTC 2026","Sun Apr 26 03:23:51 UTC 2026","496","tests.orders","test_create_order_by_delivery_address","","","","test_create_order_invalid_data[invalid_payload1-expected_status1-client]",""
"skipped","Sun Apr 26 03:39:19 UTC 2026","Sun Apr 26 03:39:19 UTC 2026","0","tests.stock","test_delete_stock","","","","test_delete_stock_success",""
"passed","Sun Apr 26 03:11:15 UTC 2026","Sun Apr 26 03:11:17 UTC 2026","1867","tests.tickets","test_04_create_ticket","","","","test_create_ticket_success[admin-attachments1-ChangePersonalData]","Позитивный тест: создание тикета с разными темами и вложениями для клиента, партнера и админа"
"broken","Sun Apr 26 03:21:21 UTC 2026","Sun Apr 26 03:21:21 UTC 2026","0","tests.admin_panel.slides","test_57_create_slide","","","","test_create_slide_title_color_validation[#ABCDEF-201]","Валидация поля title_color при создании слайда"
"skipped","Sun Apr 26 03:12:30 UTC 2026","Sun Apr 26 03:12:30 UTC 2026","0","tests.stock","test_create_stock","","","","test_create_stock_with_empty_string_log_if_not_200[address.building]",""
"passed","Sun Apr 26 03:33:13 UTC 2026","Sun Apr 26 03:33:13 UTC 2026","682","tests.admin_panel.promo","test_75_delete_promotion_by_id","","","","test_delete_promotion_invalid_id[abc]","Негативный тест: удаление несуществующей или некорректной акции."
"passed","Sun Apr 26 03:17:08 UTC 2026","Sun Apr 26 03:17:12 UTC 2026","3356","tests.cart","test_12_cart_estimate_delivery","","","","test_estimate_delivery_success[partner-yandex-payload8]","
    Позитив: корзина с товаром, выбор способа доставки и расчёт стоимости для разных служб
    "
"broken","Sun Apr 26 03:21:21 UTC 2026","Sun Apr 26 03:21:21 UTC 2026","0","tests.admin_panel.slides","test_57_create_slide","","","","test_create_slide_title_color_validation[#1234567-400]","Валидация поля title_color при создании слайда"
"passed","Sun Apr 26 03:12:07 UTC 2026","Sun Apr 26 03:12:07 UTC 2026","488","tests.tickets","test_04_create_ticket","","","","test_create_ticket_invalid_request_type[admin-invalid_request_type-400]","Негативный тест: попытка создания тикета с неверным типом request_type"
"passed","Sun Apr 26 03:31:41 UTC 2026","Sun Apr 26 03:31:41 UTC 2026","473","tests.admin_panel","test_accrue_auto_bonus","","","","test_accrue_auto_bonus_forbidden[client]",""
"skipped","Sun Apr 26 03:31:18 UTC 2026","Sun Apr 26 03:31:18 UTC 2026","0","tests.admin_panel","test_accrue_gold_pro_gift","","","","test_accrue_gold_pro_gift_forbidden[partner]",""
"passed","Sun Apr 26 03:18:47 UTC 2026","Sun Apr 26 03:18:48 UTC 2026","747","tests.cart","test_20_cart_recommended_products","","","","test_cart_recommended_products_nonexistent_cart_cookie_no_500[client]","
    cart_id cookie указывает на несуществующую корзину
    "
"broken","Sun Apr 26 03:17:47 UTC 2026","Sun Apr 26 03:17:47 UTC 2026","0","tests.admin_panel.slides","test_59_update_slide","","","","test_update_slide_invalid_payload[payload17-422]","
    Негативный тест: обновление слайда с невалидным или неполным телом запроса
    "
"skipped","Sun Apr 26 03:24:35 UTC 2026","Sun Apr 26 03:24:35 UTC 2026","0","tests.cart","test_10_cart_save_city","","","","test_save_city_by_name_success[client]","Позитив: сохранение города по city_name"
"passed","Sun Apr 26 03:13:55 UTC 2026","Sun Apr 26 03:13:59 UTC 2026","3303","tests.cart","test_01_user_locale","","","","test_update_user_locale_valid_payload[client-payload1]",""
"passed","Sun Apr 26 03:37:57 UTC 2026","Sun Apr 26 03:37:57 UTC 2026","175","tests.auth","test_06_full_logout","","","","test_full_logout_success[partner]",""
"skipped","Sun Apr 26 03:12:18 UTC 2026","Sun Apr 26 03:12:18 UTC 2026","0","tests.tickets","test_01_get_tickets","","","","test_get_tickets_success[filter2-sort0-search1-pagination0-client]","Позитивный тест: получение списка тикетов с разными комбинациями параметров"
"passed","Sun Apr 26 03:24:19 UTC 2026","Sun Apr 26 03:24:20 UTC 2026","1188","tests.admin_panel.users","test_post_admin_users_exclusive_preorder_permissions","","","","test_post_exclusive_preorder_permissions_validation_errors_400[payload0]","
    Негатив: некорректный payload
    "
"passed","Sun Apr 26 03:25:24 UTC 2026","Sun Apr 26 03:25:25 UTC 2026","459","tests.account","test_get_account_exists","","","","test_get_account_exists_positive[params6-client]","Нкгатив: невлидны id"
"broken","Sun Apr 26 03:23:30 UTC 2026","Sun Apr 26 03:23:30 UTC 2026","0","tests.admin_panel.categories","test_57_v2_update_category","","","","test_v2_update_category_invalid_payload[payload1-expected_code1]","Негативный тест: обновление категории с невалидным или неполным телом запроса."
"passed","Sun Apr 26 03:07:51 UTC 2026","Sun Apr 26 03:07:53 UTC 2026","1841","tests.tickets","test_04_create_ticket","","","","test_create_ticket_success[client-attachments1-QuestionsAboutPaymentsToIP]","Позитивный тест: создание тикета с разными темами и вложениями для клиента, партнера и админа"
"broken","Sun Apr 26 03:21:21 UTC 2026","Sun Apr 26 03:21:21 UTC 2026","0","tests.admin_panel.slides","test_57_create_slide","","","","test_create_slide_title_color_validation[#12FaBc-201]","Валидация поля title_color при создании слайда"
"broken","Sun Apr 26 03:29:41 UTC 2026","Sun Apr 26 03:29:41 UTC 2026","0","tests.admin_panel.promo","test_73_get_promotion_by_id","","","","test_get_promotion_by_id_forbidden[client]","Негативный тест: получение акции по ID не админом"
"broken","Sun Apr 26 03:24:17 UTC 2026","Sun Apr 26 03:24:17 UTC 2026","0","tests.admin_panel.items","test_update_item","","","","test_update_item_unauthorized","Негативный тест: попытка обновления item без авторизации."
"skipped","Sun Apr 26 03:23:55 UTC 2026","Sun Apr 26 03:23:55 UTC 2026","0","tests.PROJECT_EDUCATION.test_system","test_03_user_answers","","","","test_user_answers_unauthorized__401_or_404",""
"passed","Sun Apr 26 03:23:01 UTC 2026","Sun Apr 26 03:23:01 UTC 2026","544","tests.statistic","test_team_activations","","","","test_get_team_activation_statistic_positive[payload3-partner]","Позитивный тест: получение статистики по активации команды с валидным телом запроса"
"passed","Sun Apr 26 03:13:44 UTC 2026","Sun Apr 26 03:13:45 UTC 2026","674","tests.account","test_update_utc_offset","","","","test_update_utc_offset_invalid_format_rejected[+0]",""
"passed","Sun Apr 26 03:12:44 UTC 2026","Sun Apr 26 03:12:45 UTC 2026","1044","tests.delivery","test_01_save_delivery_address","","","","test_save_address_positive_contract_and_cleanup[payload6-client]",""
"passed","Sun Apr 26 03:32:21 UTC 2026","Sun Apr 26 03:32:22 UTC 2026","717","tests.reviews","test_reviews_get_by_id","","","","test_reviews_get_by_id_access_allowed_for_client_and_partner[authorize_client]",""
"broken","Sun Apr 26 03:22:35 UTC 2026","Sun Apr 26 03:22:35 UTC 2026","0","tests.admin_panel.products","test_42_update_product_brand","","","","test_update_product_brand_invalid_payload[payload4-expected_code4]","Негативный тест: обновление бренда с невалидным или неполным телом запроса."
"passed","Sun Apr 26 03:33:22 UTC 2026","Sun Apr 26 03:33:23 UTC 2026","672","tests.catalog","test_delete_admin_product_translation","","","","test_delete_admin_product_translation_invalid_id[9999999]","Удаление перевода по невалидному product_id — должно вернуть 400 или 404."
"passed","Sun Apr 26 03:23:16 UTC 2026","Sun Apr 26 03:23:17 UTC 2026","519","tests.statistic","test_team_registrations","","","","test_get_team_registration_statistic_positive[payload0-admin]","Позитивный тест: получение статистики по регистрации команды с валидным телом запроса"
"passed","Sun Apr 26 03:13:08 UTC 2026","Sun Apr 26 03:13:08 UTC 2026","480","tests.delivery","test_get_cities","","","","test_get_cities_missing_required_params_should_fail[params0-client]","
    Негатив: отсутствие обязательных page/page_size/country_id
    "
"passed","Sun Apr 26 03:14:39 UTC 2026","Sun Apr 26 03:14:41 UTC 2026","2053","tests.cart","test_01_user_locale","","","","test_update_user_locale_invalid_payload[client-payload3]",""
"skipped","Sun Apr 26 03:35:14 UTC 2026","Sun Apr 26 03:35:14 UTC 2026","0","tests.account","test_list_csv","","","","test_get_account_list_csv_positive[admin-payload1]","Позитивные тесты на выгрузку структуры партнеров в CSV"
"passed","Sun Apr 26 03:15:15 UTC 2026","Sun Apr 26 03:15:17 UTC 2026","1903","tests.cart","test_01_user_locale","","","","test_update_user_locale_invalid_language_enum[partner-English]",""
"passed","Sun Apr 26 03:11:25 UTC 2026","Sun Apr 26 03:11:27 UTC 2026","1595","tests.tickets","test_04_create_ticket","","","","test_create_ticket_success[admin-attachments2-QuestionsAboutPaymentsToIP]","Позитивный тест: создание тикета с разными темами и вложениями для клиента, партнера и админа"
"skipped","Sun Apr 26 03:37:42 UTC 2026","Sun Apr 26 03:37:43 UTC 2026","694","tests.tickets","test_07_delete_ticket","","","","test_delete_tickets_negative[ticket_ids1-400]","Негативные тесты: удаление с некорректными данными"
"passed","Sun Apr 26 03:32:46 UTC 2026","Sun Apr 26 03:32:47 UTC 2026","892","tests.PROJECT_FUND.initiatives","test_get_report_by_id","","","","test_get_report_by_valid_id[https://dev.ewahelps.com/api]","Позитивный тест: получение отчета по существующему ID"
"passed","Sun Apr 26 03:37:05 UTC 2026","Sun Apr 26 03:37:05 UTC 2026","492","tests.admin_panel.slides","test_56_get_slides","","","","test_get_slides_unauthorized","Негативный тест: получение слайдов без авторизации"
"passed","Sun Apr 26 03:18:46 UTC 2026","Sun Apr 26 03:18:47 UTC 2026","588","tests.cart","test_20_cart_recommended_products","","","","test_cart_recommended_products_invalid_cart_cookie_no_500[999999999999999999999-partner]","
    невалидный cart_id в cookie
    "
"passed","Sun Apr 26 03:15:34 UTC 2026","Sun Apr 26 03:15:34 UTC 2026","529","tests.cart","test_02_get_delivery_cost","","","","test_get_delivery_cost_success_partial_payload[client-payload0-400]",""
"skipped","Sun Apr 26 03:31:09 UTC 2026","Sun Apr 26 03:31:09 UTC 2026","0","tests.PROJECT_EDUCATION.test_system","test_08_get_course_with_tests","","","","test_get_course_with_tests__unauthorized__401_403[None]",""
"passed","Sun Apr 26 03:30:24 UTC 2026","Sun Apr 26 03:30:24 UTC 2026","762","tests.catalog","test_product_get_by_id","","","","test_get_product_by_id_invalid_integer[0]","
    Негативный: ID некорректный по значению
    "
"passed","Sun Apr 26 03:21:03 UTC 2026","Sun Apr 26 03:21:04 UTC 2026","673","tests.delivery","test_get_cities_v2","","","","test_get_cities_v2_success[admin]","
    Позитив: быстрый поиск городов по части названия
    "
"passed","Sun Apr 26 03:09:06 UTC 2026","Sun Apr 26 03:09:07 UTC 2026","992","tests.tickets","test_04_create_ticket","","","","test_create_ticket_success[partner-attachments0-QuestionsAboutTheWorkOfTheStructureAndMentors]","Позитивный тест: создание тикета с разными темами и вложениями для клиента, партнера и админа"
"skipped","Sun Apr 26 03:33:32 UTC 2026","Sun Apr 26 03:33:32 UTC 2026","0","tests.orders","test_group_order_confirm","","","","test_group_order_confirm_happy_path_returns_cart[partner]",""
"passed","Sun Apr 26 03:08:55 UTC 2026","Sun Apr 26 03:08:56 UTC 2026","1622","tests.tickets","test_04_create_ticket","","","","test_create_ticket_success[client-attachments2-ReceivingProductsShortage]","Позитивный тест: создание тикета с разными темами и вложениями для клиента, партнера и админа"
"passed","Sun Apr 26 03:27:43 UTC 2026","Sun Apr 26 03:27:44 UTC 2026","1354","tests.account","test_add_cover_url","","","","test_add_cover_invalid_payload[payload3]",""
"skipped","Sun Apr 26 03:07:05 UTC 2026","Sun Apr 26 03:07:06 UTC 2026","806","tests.one_c","test_cart_calculate_full_coverage","","","","test_email_validation[shipping_customer-test @mail.com]",""
"passed","Sun Apr 26 03:12:28 UTC 2026","Sun Apr 26 03:12:29 UTC 2026","502","tests.stock","test_create_stock","","","","test_create_stock_unauthorized",""
"skipped","Sun Apr 26 03:12:18 UTC 2026","Sun Apr 26 03:12:18 UTC 2026","0","tests.tickets","test_01_get_tickets","","","","test_get_tickets_success[filter2-sort1-search1-pagination1-admin]","Позитивный тест: получение списка тикетов с разными комбинациями параметров"
"skipped","Sun Apr 26 03:31:41 UTC 2026","Sun Apr 26 03:31:41 UTC 2026","0","tests.admin_panel","test_accrue_auto_bonus","","","","test_accrue_auto_bonus_for_partner",""
"skipped","Sun Apr 26 03:34:49 UTC 2026","Sun Apr 26 03:34:50 UTC 2026","480","tests.delivery","test_get_haypost_offices","","","","test_get_haypost_offices_unauthorized","Негатив: запрос без авторизации."
"skipped","Sun Apr 26 03:18:23 UTC 2026","Sun Apr 26 03:18:23 UTC 2026","0","tests.PROJECT_EDUCATION.orders","test_post_orders","","","","test_post_orders_invalid_payload__400_422[payload13]","Негатив: невалидный body"
"broken","Sun Apr 26 03:33:49 UTC 2026","Sun Apr 26 03:33:49 UTC 2026","0","tests.account","test_account_branded_wallet_delete","","","","test_delete_twice_first_204_second_404[client]","
    Двойное удаление: первый DELETE успешен, второй — 404
    "
"skipped","Sun Apr 26 03:34:55 UTC 2026","Sun Apr 26 03:34:55 UTC 2026","465","tests.delivery","test_get_kgpost_offices","","","","test_get_kgpost_offices_success[208110-client]",""
"passed","Sun Apr 26 03:07:35 UTC 2026","Sun Apr 26 03:07:36 UTC 2026","998","tests.tickets","test_04_create_ticket","","","","test_create_ticket_success[client-attachments0-QuestionsAboutProducts]","Позитивный тест: создание тикета с разными темами и вложениями для клиента, партнера и админа"
"broken","Sun Apr 26 03:39:23 UTC 2026","Sun Apr 26 03:39:23 UTC 2026","0","tests.orders","test_group_order_roles_mapping","","","","test_partner_created_and_joined","
    - Partner создал group order
    - Partner присоединился
    - GET от имени Partner
    - client_role = ""RolePartner""
    "
"broken","Sun Apr 26 03:37:41 UTC 2026","Sun Apr 26 03:37:41 UTC 2026","0","tests.tickets","test_07_delete_ticket","","","","test_delete_ticket_not_admin[partner]","Негативный тест: попытка удаления тикета клиентом, партнёром"
"passed","Sun Apr 26 03:21:11 UTC 2026","Sun Apr 26 03:21:11 UTC 2026","461","tests.delivery","test_get_cities_v2","","","","test_get_cities_v2_invalid_country_id_should_fail[0-admin]","
    Негатив: невалидные значения country_id → 400/422
    "
"skipped","Sun Apr 26 03:18:23 UTC 2026","Sun Apr 26 03:18:23 UTC 2026","0","tests.PROJECT_EDUCATION.orders","test_post_orders","","","","test_post_orders_invalid_payment_method__400_422","Негатив: неизвестный payment_method_code"
"broken","Sun Apr 26 03:21:43 UTC 2026","Sun Apr 26 03:21:43 UTC 2026","0","tests.admin_panel.items","test_create_item_translation","","","","test_create_item_translation_success[ka]",""
"passed","Sun Apr 26 03:10:45 UTC 2026","Sun Apr 26 03:10:46 UTC 2026","966","tests.tickets","test_04_create_ticket","","","","test_create_ticket_success[admin-attachments0-ReceivingDefectiveProductsOrShortage]","Позитивный тест: создание тикета с разными темами и вложениями для клиента, партнера и админа"
"skipped","Sun Apr 26 03:35:14 UTC 2026","Sun Apr 26 03:35:14 UTC 2026","0","tests.account","test_update","","","","test_update_account_positive[client-payload0]","Позитивные тесты на обновление данных аккаунта"
"passed","Sun Apr 26 03:06:49 UTC 2026","Sun Apr 26 03:06:50 UTC 2026","511","tests.one_c","test_cart_calculate_full_coverage","","","","test_bonus_info_invalid_types[account_id-text]",""
"failed","Sun Apr 26 03:38:31 UTC 2026","Sun Apr 26 03:38:32 UTC 2026","501","tests.account","test_0_referral_links","","","","test_get_referral_links_positive[partner-200]","Позитивные тесты на получение реферальных ссылок"
"passed","Sun Apr 26 03:38:17 UTC 2026","Sun Apr 26 03:38:17 UTC 2026","484","tests.reviews","test_reviews_export_post","","","","test_reviews_export_requires_auth_unauthorized",""
"passed","Sun Apr 26 03:27:02 UTC 2026","Sun Apr 26 03:27:02 UTC 2026","489","tests.delivery","test_get_emu_pickup_points","","","","test_get_emu_pickup_points_invalid_city_id_should_fail[0-admin]","Негатив: невалидные значения city_id → 400/422."
"passed","Sun Apr 26 03:33:03 UTC 2026","Sun Apr 26 03:33:04 UTC 2026","693","tests.admin_panel.categories","test_81_delete_category_translation","","","","test_delete_category_translation_invalid_id[abc]","Негативный тест: удаление перевода с невалидным ID категории."
"passed","Sun Apr 26 03:32:04 UTC 2026","Sun Apr 26 03:32:05 UTC 2026","752","tests.cart","test_08_cart_delete","","","","test_delete_cart_item_invalid_payload[client-payload0]","Негатив: невалидный payload при удалении позиции"
"passed","Sun Apr 26 03:14:56 UTC 2026","Sun Apr 26 03:14:58 UTC 2026","2031","tests.cart","test_01_user_locale","","","","test_update_user_locale_invalid_language_enum[client-Russian]",""
"broken","Sun Apr 26 03:28:28 UTC 2026","Sun Apr 26 03:28:28 UTC 2026","0","tests.one_c","test_stock_delivery_methods","","","","test_1c_stock_delivery_methods_forbidden_without_secret_key",""
"skipped","Sun Apr 26 03:23:23 UTC 2026","Sun Apr 26 03:23:23 UTC 2026","487","tests.statistic","test_team_registrations","","","","test_get_team_registration_statistic_negative[payload0-admin]","Негативный тест: ошибка при получении статистики регистрации команды с невалидным телом запроса"
"skipped","Sun Apr 26 03:36:02 UTC 2026","Sun Apr 26 03:36:03 UTC 2026","718","tests.cart","test_21_cart_shareable","","","","test_cart_shareable_from_created_link_success[partner]","
    Позитив: создаём ссылку через /cart/share и по ней успешно получаем корзину
    "
"passed","Sun Apr 26 03:20:18 UTC 2026","Sun Apr 26 03:20:25 UTC 2026","6801","tests.cart","test_free_delivery_by_rc_and_belts","","","","test_below_threshold_contract[\u041d\u043e\u0432\u043e\u0441\u0438\u0431\u0438\u0440\u0441\u043a-client-zone_3-belt_cfg2]","
    КОНТРАКТ:
    free МОЖЕТ быть
    платная МОЖЕТ быть
    advance_costs МОЖЕТ быть []
    "
"passed","Sun Apr 26 03:38:30 UTC 2026","Sun Apr 26 03:38:30 UTC 2026","626","tests.account","test_0_grades_rating","","","","test_get_grades_rating_positive[partner]","Позитивные тесты на получение рейтинга квалификаций"
"passed","Sun Apr 26 03:24:13 UTC 2026","Sun Apr 26 03:24:14 UTC 2026","679","tests.admin_panel","test_04_generate_support_token","","","","test_invalid_user_id_for_token_returns_client_error[None]",""
"skipped","Sun Apr 26 03:23:04 UTC 2026","Sun Apr 26 03:23:04 UTC 2026","495","tests.statistic","test_team_activations","","","","test_get_team_activation_statistic_negative[payload1-partner]","Негативный тест: ошибка при получении статистики активации команды с невалидным телом запроса"
"passed","Sun Apr 26 03:28:26 UTC 2026","Sun Apr 26 03:28:27 UTC 2026","548","tests.auth","test_02_login","","","","test_partner_login[partner-valid-200]",""
"skipped","Sun Apr 26 03:12:17 UTC 2026","Sun Apr 26 03:12:17 UTC 2026","0","tests.tickets","test_01_get_tickets","","","","test_get_tickets_success[filter1-sort1-search1-pagination1-client]","Позитивный тест: получение списка тикетов с разными комбинациями параметров"
"passed","Sun Apr 26 03:18:38 UTC 2026","Sun Apr 26 03:18:40 UTC 2026","2546","tests.cart","test_20_cart_recommended_products","","","","test_cart_recommended_products_with_item_success[partner]",""
"passed","Sun Apr 26 03:36:55 UTC 2026","Sun Apr 26 03:36:56 UTC 2026","502","tests.admin_panel.products","test_01_recommended_products_sort","","","","test_sort_recommendations_unauthorized","Неавторизованный пользователь пытается отсортировать рекомендации"
"passed","Sun Apr 26 03:29:30 UTC 2026","Sun Apr 26 03:29:31 UTC 2026","697","tests.admin_panel","test_partner_accrual_details_main_bonus","","","","test_main_bonus_details_invalid_query_params[query6-expected_codes6]","
    Негатив: валидация query-параметров main-bonus
    "
"failed","Sun Apr 26 03:35:28 UTC 2026","Sun Apr 26 03:35:29 UTC 2026","663","tests.admin_panel","test_report_accruals","","","","test_report_accruals_invalid_payload[payload0-400]",""
"skipped","Sun Apr 26 03:31:38 UTC 2026","Sun Apr 26 03:31:39 UTC 2026","498","tests.account","test_post_downgrade_user","","","","test_downgrade_validation_errors[bad_payload3-admin]","
    Валидация: битый payload → 400/422.
    "
"skipped","Sun Apr 26 03:12:18 UTC 2026","Sun Apr 26 03:12:18 UTC 2026","0","tests.tickets","test_01_get_tickets","","","","test_get_tickets_success[filter2-sort1-search0-pagination1-admin]","Позитивный тест: получение списка тикетов с разными комбинациями параметров"
"skipped","Sun Apr 26 03:17:48 UTC 2026","Sun Apr 26 03:17:48 UTC 2026","0","tests.account","test_0_marathon","","","","test_get_marathon_is_purchased_negative[client-400]","Негативный кейс — проверяет приобретал ли аккаунт марафонский набор (все поля)"
"skipped","Sun Apr 26 03:30:25 UTC 2026","Sun Apr 26 03:30:25 UTC 2026","0","tests.chat_support","test_01_support_chat_messages_post","","","","test_create_message_unauthorized","
    Негатив: /support-chat/create без токена → 401
    "
"skipped","Sun Apr 26 03:12:17 UTC 2026","Sun Apr 26 03:12:17 UTC 2026","0","tests.tickets","test_01_get_tickets","","","","test_get_tickets_success[filter1-sort0-search2-pagination0-partner]","Позитивный тест: получение списка тикетов с разными комбинациями параметров"
"passed","Sun Apr 26 03:31:59 UTC 2026","Sun Apr 26 03:32:02 UTC 2026","2490","tests.cart","test_08_cart_delete","","","","test_delete_cart_item_success[client]","Позитив: удаление позиции из корзины"
"failed","Sun Apr 26 03:37:07 UTC 2026","Sun Apr 26 03:37:08 UTC 2026","469","tests.auth","test_03_token_auth","","","","test_auth_by_valid_token[client]","Тест успешной авторизации по валидному токену"
"passed","Sun Apr 26 03:12:56 UTC 2026","Sun Apr 26 03:12:56 UTC 2026","470","tests.delivery","test_01_save_delivery_address","","","","test_save_address_invalid_types_should_fail[name-123-client]",""
"passed","Sun Apr 26 03:24:18 UTC 2026","Sun Apr 26 03:24:19 UTC 2026","659","tests.admin_panel.users","test_post_admin_users_exclusive_preorder_permissions","","","","test_post_exclusive_preorder_permissions_requires_admin[partner]","
    клиент/партнёр не могут управлять exclusive preorder permissions → 403
    "
"passed","Sun Apr 26 03:36:03 UTC 2026","Sun Apr 26 03:36:03 UTC 2026","505","tests.cart","test_21_cart_shareable","","","","test_cart_shareable_not_found[client]","
    запрос по заведомо несуществующей ссылке
    "
"passed","Sun Apr 26 03:14:30 UTC 2026","Sun Apr 26 03:14:32 UTC 2026","2025","tests.cart","test_01_user_locale","","","","test_update_user_locale_invalid_payload[client-payload0]",""
"passed","Sun Apr 26 03:20:41 UTC 2026","Sun Apr 26 03:21:02 UTC 2026","20307","tests.cart","test_free_delivery_by_rc_and_belts","","","","test_delivery_for_region_outside_belts[client]",""
"failed","Sun Apr 26 03:37:08 UTC 2026","Sun Apr 26 03:37:08 UTC 2026","506","tests.auth","test_03_token_auth","","","","test_auth_by_valid_token[partner]","Тест успешной авторизации по валидному токену"
"skipped","Sun Apr 26 03:06:44 UTC 2026","Sun Apr 26 03:06:45 UTC 2026","840","tests.one_c","test_cart_calculate_full_coverage","","","","test_bonus_info_invalid_numbers[bonus--1]",""
"passed","Sun Apr 26 03:13:20 UTC 2026","Sun Apr 26 03:13:21 UTC 2026","519","tests.delivery","test_get_cities","","","","test_get_cities_invalid_region_id_should_fail[-1-admin]","
    Негатив: невалидный region_id
    "
"passed","Sun Apr 26 03:22:09 UTC 2026","Sun Apr 26 03:22:09 UTC 2026","486","tests.delivery","test_02_get_delivery_address","","","","test_history_unauthorized_should_fail","
    Негатив: неавторизованный доступ должен быть запрещён
    "
"skipped","Sun Apr 26 03:35:14 UTC 2026","Sun Apr 26 03:35:14 UTC 2026","0","tests.account","test_list_csv","","","","test_get_account_list_csv_positive[partner-payload1]","Позитивные тесты на выгрузку структуры партнеров в CSV"
"passed","Sun Apr 26 03:15:51 UTC 2026","Sun Apr 26 03:15:54 UTC 2026","3365","tests.cart","test_12_cart_estimate_delivery","","","","test_estimate_delivery_success[client-self_pickup-payload0]","
    Позитив: корзина с товаром, выбор способа доставки и расчёт стоимости для разных служб
    "
"broken","Sun Apr 26 03:21:22 UTC 2026","Sun Apr 26 03:21:22 UTC 2026","0","tests.catalog","test_create_admin_product_translation","","","","test_create_admin_product_translation_success[de]","Создание и обновление перевода продукта на разных языках."
"passed","Sun Apr 26 03:10:19 UTC 2026","Sun Apr 26 03:10:21 UTC 2026","1791","tests.tickets","test_04_create_ticket","","","","test_create_ticket_success[partner-attachments2-ReceivingDefectiveProductsOrShortage]","Позитивный тест: создание тикета с разными темами и вложениями для клиента, партнера и админа"
"broken","Sun Apr 26 03:32:14 UTC 2026","Sun Apr 26 03:32:14 UTC 2026","0","tests.orders","test_group_order_join_roles_and_rejections","","","","test_group_order_join_client_happy_path_returns_order",""
"skipped","Sun Apr 26 03:27:17 UTC 2026","Sun Apr 26 03:27:17 UTC 2026","520","tests.orders","test_group_order_change_country","","","","test_change_country_without_auth","Негативный тест: изменение страны без авторизации"
"broken","Sun Apr 26 03:17:47 UTC 2026","Sun Apr 26 03:17:47 UTC 2026","0","tests.admin_panel.slides","test_59_update_slide","","","","test_update_slide_invalid_payload[payload8-422]","
    Негативный тест: обновление слайда с невалидным или неполным телом запроса
    "
"passed","Sun Apr 26 03:18:15 UTC 2026","Sun Apr 26 03:18:15 UTC 2026","164","tests.cart","test_update_location","","","","test_update_location_invalid_types[payload3]",""
"passed","Sun Apr 26 03:30:23 UTC 2026","Sun Apr 26 03:30:24 UTC 2026","670","tests.catalog","test_product_get_by_id","","","","test_get_product_by_id_invalid_integer[-1]","
    Негативный: ID некорректный по значению
    "
"passed","Sun Apr 26 03:28:20 UTC 2026","Sun Apr 26 03:28:20 UTC 2026","471","tests.admin_panel.slides","test_0_slides_sort","","","","test_slides_sort_unauthorized","Негативный тест: без авторизации."
"skipped","Sun Apr 26 03:27:13 UTC 2026","Sun Apr 26 03:27:14 UTC 2026","485","tests.orders","test_group_order_change_country","","","","test_change_country_invalid_data[invalid_payload0-admin]","Негативные тесты: передача некорректных данных"
"broken","Sun Apr 26 03:17:47 UTC 2026","Sun Apr 26 03:17:47 UTC 2026","0","tests.admin_panel.slides","test_59_update_slide","","","","test_update_slide_forbidden[client]","Негативный тест: попытка обновления слайда не-админом"
"failed","Sun Apr 26 03:39:34 UTC 2026","Sun Apr 26 03:39:40 UTC 2026","5595","tests.integration","test_order_selfpickup_ewa","","","","test_order_selfpickup_ewa",""
"passed","Sun Apr 26 03:07:28 UTC 2026","Sun Apr 26 03:07:29 UTC 2026","759","tests.tickets","test_04_create_ticket","","","","test_create_ticket_success[client-attachments0-QuestionsAboutPaymentsToIP]","Позитивный тест: создание тикета с разными темами и вложениями для клиента, партнера и админа"
"broken","Sun Apr 26 03:18:29 UTC 2026","Sun Apr 26 03:18:29 UTC 2026","0","tests.admin_panel.sliders","test_54_update_slider","","","","test_update_slider_invalid_payload[payload10-422]","Негативный тест: обновление слайдера с невалидным или неполным телом запроса."
"skipped","Sun Apr 26 03:31:40 UTC 2026","Sun Apr 26 03:31:41 UTC 2026","666","tests.admin_panel","test_accrue_auto_bonus","","","","test_accrue_auto_bonus_for_client",""
"passed","Sun Apr 26 03:30:58 UTC 2026","Sun Apr 26 03:30:59 UTC 2026","669","tests.tickets","test_02_get_ticket_by_id","","","","test_get_ticket_invalid_id[abc]","Негативный тест: передан некорректный ID."
"failed","Sun Apr 26 03:36:45 UTC 2026","Sun Apr 26 03:36:45 UTC 2026","495","tests.admin_panel.categories","test_45_get_categories","","","","test_get_categories_forbidden[client]","Негативный тест: получение списка категорий не админом."
"skipped","Sun Apr 26 03:23:55 UTC 2026","Sun Apr 26 03:23:55 UTC 2026","0","tests.PROJECT_EDUCATION.test_system","test_03_user_answers","","","","test_user_answers_invalid_payload__400_or_422[payload5]",""
"skipped","Sun Apr 26 03:12:17 UTC 2026","Sun Apr 26 03:12:17 UTC 2026","0","tests.tickets","test_01_get_tickets","","","","test_get_tickets_success[filter1-sort0-search1-pagination1-partner]","Позитивный тест: получение списка тикетов с разными комбинациями параметров"
"skipped","Sun Apr 26 03:35:14 UTC 2026","Sun Apr 26 03:35:14 UTC 2026","0","tests.account","test_family_agreement_update_status","","","","test_update_family_agreement_status_positive[partner-payload1]","Позитивные тесты на изменение статуса семейного соглашения"
"broken","Sun Apr 26 03:31:22 UTC 2026","Sun Apr 26 03:31:22 UTC 2026","0","tests.admin_panel.items","test_get_item_translation","","","","test_get_item_translation_forbidden[client]","
    Негативный тест: client/partner не может читать переводы item
    "
"skipped","Sun Apr 26 03:36:50 UTC 2026","Sun Apr 26 03:36:50 UTC 2026","0","tests.admin_panel.periods","test_post_periods_by_date_interval","","","","test_post_periods_by_date_interval__200_strict[admin]",""
"skipped","Sun Apr 26 03:39:24 UTC 2026","Sun Apr 26 03:39:25 UTC 2026","1363","tests.admin_panel","test_delete_user","","","","test_delete_user[authorize_partner-authorize_admin]","Удаление клиента/ партнера админом"
"passed","Sun Apr 26 03:18:45 UTC 2026","Sun Apr 26 03:18:46 UTC 2026","589","tests.cart","test_20_cart_recommended_products","","","","test_cart_recommended_products_invalid_cart_cookie_no_500[0-partner]","
    невалидный cart_id в cookie
    "
"passed","Sun Apr 26 03:27:49 UTC 2026","Sun Apr 26 03:27:49 UTC 2026","712","tests.admin_panel","test_01_support_create_user","","","","test_invalid_user_id_returns_client_error[None]",""
"skipped","Sun Apr 26 03:18:23 UTC 2026","Sun Apr 26 03:18:23 UTC 2026","0","tests.PROJECT_EDUCATION.orders","test_post_orders","","","","test_post_orders_invalid_payload__400_422[payload8]","Негатив: невалидный body"
"passed","Sun Apr 26 03:26:45 UTC 2026","Sun Apr 26 03:26:46 UTC 2026","507","tests.delivery","test_get_cdek_offices","","","","test_get_cdek_offices_invalid_city_id_should_fail[-admin]",""
"passed","Sun Apr 26 03:22:04 UTC 2026","Sun Apr 26 03:22:05 UTC 2026","510","tests.delivery","test_02_get_delivery_address","","","","test_history_invalid_pagination_should_fail[bad_body2-partner]","
    Негатив: валидация PaginationRequest
    "
"passed","Sun Apr 26 03:21:53 UTC 2026","Sun Apr 26 03:21:54 UTC 2026","649","tests.admin_panel.promo","test_77_create_promotion_item","","","","test_create_promotion_item_invalid_ids[999999-1-404]",""
"failed","Sun Apr 26 03:36:50 UTC 2026","Sun Apr 26 03:36:51 UTC 2026","800","tests.admin_panel.periods","test_put_admin_dev_period_end_time","","","","test_put_admin_dev_period_end_time__bad_body_400_422[bad_body0]",""
"skipped","Sun Apr 26 03:18:23 UTC 2026","Sun Apr 26 03:18:23 UTC 2026","0","tests.PROJECT_EDUCATION.orders","test_post_orders","","","","test_post_orders_invalid_payload__400_422[payload12]","Негатив: невалидный body"
"broken","Sun Apr 26 03:33:17 UTC 2026","Sun Apr 26 03:33:17 UTC 2026","0","tests.admin_panel.slides","test_60_delete_slides","","","","test_delete_slide_forbidden[partner]","Негативный тест: попытка удаления слайда не-админом"
"passed","Sun Apr 26 03:32:12 UTC 2026","Sun Apr 26 03:32:12 UTC 2026","510","tests.catalog","test_product_get_by_slug","","","","test_get_product_by_slug_wrong_method[put-client]","
    Негативный: неверный HTTP-метод для GET /products/{slug}
    "
"passed","Sun Apr 26 03:31:55 UTC 2026","Sun Apr 26 03:31:56 UTC 2026","499","tests.auth","test_01_check_version","","","","test_check_version[Android-1.0.0-200]","Тест проверяет API /check_version для разных платформ и версий."
"skipped","Sun Apr 26 03:31:33 UTC 2026","Sun Apr 26 03:31:33 UTC 2026","0","tests.tickets","test_12_delete_message","","","","test_delete_ticket_message_after_closure","Негативный тест: попытка удалить сообщение после закрытия тикета"
"skipped","Sun Apr 26 03:18:23 UTC 2026","Sun Apr 26 03:18:23 UTC 2026","0","tests.PROJECT_EDUCATION.orders","test_post_orders","","","","test_post_orders_uniqueness__two_creates__uuid_and_int_id_different","Уникальность: два заказа - разные uuid и int_id"
"passed","Sun Apr 26 03:19:14 UTC 2026","Sun Apr 26 03:19:22 UTC 2026","7814","tests.cart","test_free_delivery_by_rc_and_belts","","","","test_free_delivery_by_belts_contract[\u041c\u043e\u0441\u043a\u0432\u0430-client-zone_3-belt_cfg2]","
    КОНТРАКТ:
    - ручка работает
    - advance_costs может быть []
    - free может быть
    - платная доставка допустима
    "
"passed","Sun Apr 26 03:31:28 UTC 2026","Sun Apr 26 03:31:29 UTC 2026","697","tests.catalog","test_get_admin_product_translation","","","","test_get_admin_product_translation_invalid_id[0]","Проверка получения перевода по невалидному product_id."
"skipped","Sun Apr 26 03:30:25 UTC 2026","Sun Apr 26 03:30:25 UTC 2026","0","tests.chat_support","test_01_support_chat_messages_post","","","","test_create_message_success[partner]","
    Позитив: отправка сообщения в чат поддержки через /support-chat/create
    "
"passed","Sun Apr 26 03:31:20 UTC 2026","Sun Apr 26 03:31:20 UTC 2026","692","tests.admin_panel.categories","test_79_get_category_translation","","","","test_get_category_translation_invalid_id[0]",""
"broken","Sun Apr 26 03:21:38 UTC 2026","Sun Apr 26 03:21:38 UTC 2026","0","tests.admin_panel.categories","test_80_create_category_translation","","","","test_create_category_translation_success[mn]","Позитивный тест: создание/обновление перевода категории для разных языков."
"passed","Sun Apr 26 03:27:05 UTC 2026","Sun Apr 26 03:27:06 UTC 2026","572","tests.delivery","test_get_self_pickup_offices","","","","test_get_self_pickup_offices_success[142257-client]","Позитив: успешное получение списка ПВЗ ЭВЫ по city_id."
"skipped","Sun Apr 26 03:35:14 UTC 2026","Sun Apr 26 03:35:14 UTC 2026","0","tests.account","test_family_agreement_update_status","","","","test_update_family_agreement_status_positive[client-payload0]","Позитивные тесты на изменение статуса семейного соглашения"
"passed","Sun Apr 26 03:38:05 UTC 2026","Sun Apr 26 03:38:06 UTC 2026","529","tests.catalog","test_get_item_by_id","","","","test_get_item_unauthorized","
    Негативный тест: запрос без авторизации. в данном слчае 200
    "
"passed","Sun Apr 26 03:27:18 UTC 2026","Sun Apr 26 03:27:19 UTC 2026","462","tests.admin_panel.products","test_product_files_update","","","","test_update_unauthorized",""
"passed","Sun Apr 26 03:28:46 UTC 2026","Sun Apr 26 03:28:47 UTC 2026","737","tests.reviews","test_reviews_delete_post","","","","test_reviews_delete_unauthorized_for_client_and_partner[authorize_client]",""
"passed","Sun Apr 26 03:08:17 UTC 2026","Sun Apr 26 03:08:19 UTC 2026","1903","tests.tickets","test_04_create_ticket","","","","test_create_ticket_success[client-attachments1-ReceivingDefectiveProductsOrShortage]","Позитивный тест: создание тикета с разными темами и вложениями для клиента, партнера и админа"
"broken","Sun Apr 26 03:18:26 UTC 2026","Sun Apr 26 03:18:26 UTC 2026","0","tests.admin_panel.promo","test_74_update_promotion","","","","test_update_promotion_invalid_payload[payload5-400]","Негативный тест: обновление акции с невалидным или неполным телом запроса"
"passed","Sun Apr 26 03:35:28 UTC 2026","Sun Apr 26 03:35:28 UTC 2026","541","tests.admin_panel","test_report_accruals","","","","test_report_accruals_forbidden[partner]",""
"broken","Sun Apr 26 03:38:16 UTC 2026","Sun Apr 26 03:38:16 UTC 2026","0","tests.orders","test_group_order_join_out_of_stock","","","","test_group_order_join_with_items_happy_path[partner]","
    join к group order возможен только:
    - через cart/save_delivery_method
    - при наличии корзины
    - при наличии товаров
    "
"passed","Sun Apr 26 03:21:29 UTC 2026","Sun Apr 26 03:21:30 UTC 2026","568","tests.delivery","test_self_pickup_offices","","","","test_self_pickup_offices_unknown_city_returns_empty_list[client]","
    Позитив: неизвестный city_id -> 200 и пустой список
    "
"passed","Sun Apr 26 03:15:37 UTC 2026","Sun Apr 26 03:15:38 UTC 2026","556","tests.cart","test_02_get_delivery_cost","","","","test_get_delivery_cost_success_partial_payload[client-payload6-400]",""
"passed","Sun Apr 26 03:22:45 UTC 2026","Sun Apr 26 03:22:45 UTC 2026","524","tests.admin_panel.promo","test_72_create_promotion","","","","test_create_promotion_forbidden[partner]","Негативный тест: создание акции не-админом запрещено"
"skipped","Sun Apr 26 03:30:25 UTC 2026","Sun Apr 26 03:30:25 UTC 2026","0","tests.chat_support","test_01_support_chat_messages_post","","","","test_create_message_missing_required_fields_returns_400[client-payload0]","
    Негатив: отсутствие обязательных полей client_uuid/message → 400
    "
"passed","Sun Apr 26 03:24:38 UTC 2026","Sun Apr 26 03:24:38 UTC 2026","518","tests.cart","test_10_cart_save_city","","","","test_save_city_invalid_payload[partner-payload0]","Негатив: невалидный payload."
"passed","Sun Apr 26 03:09:42 UTC 2026","Sun Apr 26 03:09:44 UTC 2026","1784","tests.tickets","test_04_create_ticket","","","","test_create_ticket_success[partner-attachments1-OtherQuestions]","Позитивный тест: создание тикета с разными темами и вложениями для клиента, партнера и админа"
"skipped","Sun Apr 26 03:35:14 UTC 2026","Sun Apr 26 03:35:14 UTC 2026","0","tests.account","test_history_personal_volumes_admin","","","","test_get_personal_volumes_history_admin_positive[admin-payload0]","Позитивные тесты на получение истории начисления личных объемов для админа"
"skipped","Sun Apr 26 03:31:39 UTC 2026","Sun Apr 26 03:31:40 UTC 2026","521","tests.account","test_post_downgrade_user","","","","test_downgrade_validation_errors[bad_payload4-admin]","
    Валидация: битый payload → 400/422.
    "
"skipped","Sun Apr 26 03:37:21 UTC 2026","Sun Apr 26 03:37:21 UTC 2026","0","tests.cart","test_exclusive_preorder_cart_update","","","","test_cart_update_checks_quantity_after_permission_400[client]","
    Позитив+негатив
      - permission remaining_quantity=1
      - quantity=1 -> 200
      - quantity=2 -> 400
    "
"passed","Sun Apr 26 03:13:05 UTC 2026","Sun Apr 26 03:13:05 UTC 2026","517","tests.delivery","test_get_cities","","","","test_get_cities_success[client]","
    Позитив: список городов по стране
    "
"passed","Sun Apr 26 03:17:52 UTC 2026","Sun Apr 26 03:17:53 UTC 2026","872","tests.catalog","test_create_admin_product","","","","test_create_product_invalid_payload[payload3-400]",""
"passed","Sun Apr 26 03:32:59 UTC 2026","Sun Apr 26 03:33:00 UTC 2026","677","tests.admin_panel.categories","test_49_delete_category","","","","test_delete_category_invalid_id[9999999]","Негативный тест: удаление несуществующей или некорректной категории."
"broken","Sun Apr 26 03:34:20 UTC 2026","Sun Apr 26 03:34:20 UTC 2026","0","tests.cart","test_11_cart_save_delivery_method","","","","test_cart_save_delivery_method_group_order_happy_path_partner",""
"passed","Sun Apr 26 03:31:53 UTC 2026","Sun Apr 26 03:31:54 UTC 2026","684","tests.admin_panel.promo","test_78_delete_promotion_item","","","","test_delete_promotion_item_invalid_id[0-0]","Негативный тест: удаление элемента акции с невалидным ID продукта."
"passed","Sun Apr 26 03:13:15 UTC 2026","Sun Apr 26 03:13:15 UTC 2026","510","tests.delivery","test_get_cities","","","","test_get_cities_invalid_page_size_should_fail[bad_page_size6-admin]","
    Негатив: невалидный page_size → 400/422
    "
"broken","Sun Apr 26 03:33:56 UTC 2026","Sun Apr 26 03:33:56 UTC 2026","0","tests.admin_panel.slides","test_62_slides_get_upload_urls","","","","test_get_upload_urls_invalid_files[data1-400]","Негативный тест: пустой список файлов, отсутствие 'filenames' в теле запроса"
"passed","Sun Apr 26 03:22:47 UTC 2026","Sun Apr 26 03:22:48 UTC 2026","664","tests.admin_panel.sliders","test_52_create_slider","","","","test_create_slider_invalid_payload[payload1-expected_code1]","Негативный тест: попытка создать слайдер с невалидным payload."
"broken","Sun Apr 26 03:29:52 UTC 2026","Sun Apr 26 03:29:52 UTC 2026","0","tests.admin_panel.slides","test_58_get_slides_by_id","","","","test_get_slides_by_id_forbidden[client]","Негативный тест: попытка получения слайда по ID не-админом"
"failed","Sun Apr 26 03:21:26 UTC 2026","Sun Apr 26 03:21:26 UTC 2026","641","tests.catalog","test_create_admin_product_translation","","","","test_create_admin_product_translation_invalid_payload[payload5-422]","Негативные проверки на создание перевода с некорректным payload."
"broken","Sun Apr 26 03:18:29 UTC 2026","Sun Apr 26 03:18:29 UTC 2026","0","tests.admin_panel.sliders","test_54_update_slider","","","","test_update_slider_invalid_payload[payload8-422]","Негативный тест: обновление слайдера с невалидным или неполным телом запроса."
"failed","Sun Apr 26 03:30:01 UTC 2026","Sun Apr 26 03:30:01 UTC 2026","475","tests.cart","test_09_cart_save_region","","","","test_save_region_invalid_payload[partner-payload1]","Негатив: невалидный payload"
"passed","Sun Apr 26 03:24:24 UTC 2026","Sun Apr 26 03:24:25 UTC 2026","1206","tests.admin_panel.users","test_post_admin_users_exclusive_preorder_permissions","","","","test_post_exclusive_preorder_permissions_validation_errors_400[payload4]","
    Негатив: некорректный payload
    "
"broken","Sun Apr 26 03:21:51 UTC 2026","Sun Apr 26 03:21:51 UTC 2026","0","tests.admin_panel.products","test_44_upload_product_brand_images","","","","test_upload_product_brand_images_various_fields[5.3-fields_to_send5-400]","Негативный тест. Загрузка слишком большого изображения."
"skipped","Sun Apr 26 03:35:14 UTC 2026","Sun Apr 26 03:35:14 UTC 2026","0","tests.account","test_family_agreement_create_three","","","","test_create_family_agreement_three_positive[partner-payload1]","Позитивные тесты на создание семейного соглашения при аннулировании второго партнера"
"passed","Sun Apr 26 03:24:05 UTC 2026","Sun Apr 26 03:24:07 UTC 2026","1098","tests.account","test_history_group_volumes","","","","test_group_volumes_history_happy_path_contract[1-10-admin]",""
"passed","Sun Apr 26 03:07:48 UTC 2026","Sun Apr 26 03:07:49 UTC 2026","1005","tests.tickets","test_04_create_ticket","","","","test_create_ticket_success[client-attachments0-ReceivingDefectiveProducts]","Позитивный тест: создание тикета с разными темами и вложениями для клиента, партнера и админа"
"broken","Sun Apr 26 03:21:43 UTC 2026","Sun Apr 26 03:21:43 UTC 2026","0","tests.admin_panel.items","test_create_item_translation","","","","test_create_item_translation_success[de]",""
"skipped","Sun Apr 26 03:17:58 UTC 2026","Sun Apr 26 03:17:58 UTC 2026","0","tests.admin_panel.categories","test_50_upload_category_images","","","","test_upload_category_images_invalid_format[invalid.txt-text/plain-400]","Негативный тест: загрузка изображений в неверном формате (например, .txt)."
"skipped","Sun Apr 26 03:35:14 UTC 2026","Sun Apr 26 03:35:14 UTC 2026","0","tests.account","test_history_personal_volumes","","","","test_get_personal_volumes_history_positive[client-payload1]","Позитивные тесты на получение истории начисления личных объемов"
"skipped","Sun Apr 26 03:17:58 UTC 2026","Sun Apr 26 03:17:58 UTC 2026","0","tests.admin_panel.categories","test_50_upload_category_images","","","","test_upload_category_images_file_too_large[4.7-fields_to_send2-204]","Негативный тест: загрузка слишком большого изображения."
"failed","Sun Apr 26 03:36:38 UTC 2026","Sun Apr 26 03:36:39 UTC 2026","504","tests.delivery","test_get_five_post_offices","","","","test_get_five_post_offices_success[113607-client]","Позитив: успешное получение списка ПВЗ FivePost по city_id."
"passed","Sun Apr 26 03:34:59 UTC 2026","Sun Apr 26 03:34:59 UTC 2026","534","tests.delivery","test_get_rupost_offices","","","","test_get_rupost_offices_success[439930-partner]",""
"skipped","Sun Apr 26 03:12:17 UTC 2026","Sun Apr 26 03:12:17 UTC 2026","0","tests.tickets","test_01_get_tickets","","","","test_get_tickets_success[filter0-sort1-search1-pagination1-client]","Позитивный тест: получение списка тикетов с разными комбинациями параметров"
"passed","Sun Apr 26 03:14:50 UTC 2026","Sun Apr 26 03:14:53 UTC 2026","3259","tests.cart","test_01_user_locale","","","","test_update_user_locale_invalid_payload[partner-payload3]",""
"broken","Sun Apr 26 03:22:32 UTC 2026","Sun Apr 26 03:22:32 UTC 2026","0","tests.admin_panel.products","test_42_update_product_brand","","","","test_update_product_brand_forbidden[partner]","Негативный тест: попытка обновления бренда не-админом."
"broken","Sun Apr 26 03:37:21 UTC 2026","Sun Apr 26 03:37:21 UTC 2026","0","tests.one_c","test_create_1c_stock","","","","test_create_1c_stock_success",""
"passed","Sun Apr 26 03:13:34 UTC 2026","Sun Apr 26 03:13:35 UTC 2026","711","tests.account","test_update_utc_offset","","","","test_update_utc_offset_valid_values[-00-expected3-client]",""
"skipped","Sun Apr 26 03:31:33 UTC 2026","Sun Apr 26 03:31:33 UTC 2026","0","tests.PROJECT_EDUCATION.test_system","test_02_get_question","","","","test_get_question_invalid_id__400_or_404[-1]",""
"skipped","Sun Apr 26 03:29:23 UTC 2026","Sun Apr 26 03:29:23 UTC 2026","0","tests.tickets","test_06_close_ticket","","","","test_close_tickets_negative[partner-ticket_ids1-400]","Негативные тесты: закрытие с некорректными данными"
"broken","Sun Apr 26 03:29:47 UTC 2026","Sun Apr 26 03:29:47 UTC 2026","0","tests.admin_panel.sliders","test_53_get_sliders_by_id","","","","test_get_sliders_by_id_success","Позитивный тест: успешное получение слайдера по ID админом"
"passed","Sun Apr 26 03:33:01 UTC 2026","Sun Apr 26 03:33:01 UTC 2026","688","tests.admin_panel.categories","test_81_delete_category_translation","","","","test_delete_category_translation_invalid_id[-1]","Негативный тест: удаление перевода с невалидным ID категории."
"failed","Sun Apr 26 03:31:38 UTC 2026","Sun Apr 26 03:31:38 UTC 2026","490","tests.account","test_post_downgrade_user","","","","test_downgrade_validation_errors[bad_payload2-admin]","
    Валидация: битый payload → 400/422.
    "
"skipped","Sun Apr 26 03:35:14 UTC 2026","Sun Apr 26 03:35:14 UTC 2026","0","tests.account","test_history_personal_volumes","","","","test_get_personal_volumes_history_positive[admin-payload1]","Позитивные тесты на получение истории начисления личных объемов"
"passed","Sun Apr 26 03:23:53 UTC 2026","Sun Apr 26 03:23:53 UTC 2026","506","tests.orders","test_create_order_by_delivery_address","","","","test_create_order_invalid_data[invalid_payload2-expected_status2-admin]",""
"broken","Sun Apr 26 03:24:13 UTC 2026","Sun Apr 26 03:24:13 UTC 2026","0","tests.admin_panel","test_04_generate_support_token","","","","test_client_cannot_generate_support_token",""
"passed","Sun Apr 26 03:05:37 UTC 2026","Sun Apr 26 03:05:37 UTC 2026","531","tests.one_c","test_cart_calculate_full_coverage","","","","test_invalid_top_types[auth_code_type-123]",""
"broken","Sun Apr 26 03:17:48 UTC 2026","Sun Apr 26 03:17:48 UTC 2026","0","tests.catalog","test_create_admin_product","","","","test_create_admin_product_minimal_payload_variants[slug+category_ids]",""
"passed","Sun Apr 26 03:25:23 UTC 2026","Sun Apr 26 03:25:23 UTC 2026","471","tests.account","test_get_account_exists","","","","test_get_account_exists_positive[params4-admin]","Нкгатив: невлидны id"
"passed","Sun Apr 26 03:23:54 UTC 2026","Sun Apr 26 03:23:55 UTC 2026","516","tests.orders","test_create_order_by_delivery_address","","","","test_create_order_invalid_data[invalid_payload3-expected_status3-admin]",""
"skipped","Sun Apr 26 03:31:33 UTC 2026","Sun Apr 26 03:31:33 UTC 2026","0","tests.PROJECT_EDUCATION.test_system","test_05_get_info","","","","test_get_info_invalid_id__400_or_404[1.5]","Негатив: невалидный id в path"
"broken","Sun Apr 26 03:35:33 UTC 2026","Sun Apr 26 03:35:33 UTC 2026","0","tests.admin_panel.products","test_03_recommended_products_delete","","","","test_remove_recommendation_db_no_rights[client]","Пользователь без прав пытается удалить рекомендации."
"skipped","Sun Apr 26 03:31:18 UTC 2026","Sun Apr 26 03:31:18 UTC 2026","0","tests.admin_panel","test_accrue_presidential_pool","","","","test_accrue_presidential_pool_invalid_payload[payload3-400]",""
"skipped","Sun Apr 26 03:35:14 UTC 2026","Sun Apr 26 03:35:14 UTC 2026","0","tests.account","test_pass_change","","","","test_change_password_positive[client-payload1]","Позитивные тесты на изменение пароля"
"failed","Sun Apr 26 03:35:06 UTC 2026","Sun Apr 26 03:35:06 UTC 2026","603","tests.register","test_03_register_client","","","","test_register_client_positive[partner-200]","Тест: позитивные тесты для регистрации клиента вручную"
"skipped","Sun Apr 26 03:37:10 UTC 2026","Sun Apr 26 03:37:10 UTC 2026","0","tests.auth","test_04_refresh","","","","test_refresh_token_success[client]","Тест успешного обновления токена через refresh-токен."
"passed","Sun Apr 26 03:13:33 UTC 2026","Sun Apr 26 03:13:33 UTC 2026","667","tests.account","test_update_utc_offset","","","","test_update_utc_offset_valid_values[-07-expected2-partner]",""
"skipped","Sun Apr 26 03:27:16 UTC 2026","Sun Apr 26 03:27:16 UTC 2026","497","tests.orders","test_group_order_change_country","","","","test_change_country_invalid_data[invalid_payload2-partner]","Негативные тесты: передача некорректных данных"
"skipped","Sun Apr 26 03:28:09 UTC 2026","Sun Apr 26 03:28:09 UTC 2026","0","tests.admin_panel.minions","test_admin_add_lo","","","","test_post_admin_add_lo_negative_invalid_types_and_values[payload1]","
    Негативные сценарии: неверные типы и бизнес-некорректные значения.
    "
"passed","Sun Apr 26 03:22:49 UTC 2026","Sun Apr 26 03:22:50 UTC 2026","669","tests.admin_panel.sliders","test_52_create_slider","","","","test_create_slider_invalid_payload[payload4-expected_code4]","Негативный тест: попытка создать слайдер с невалидным payload."
"passed","Sun Apr 26 03:21:48 UTC 2026","Sun Apr 26 03:21:49 UTC 2026","492","tests.admin_panel.products","test_44_upload_product_brand_images","","","","test_upload_product_brand_images_unauthorized","Негативный тест: загрузка изображений без авторизации."
"skipped","Sun Apr 26 03:35:03 UTC 2026","Sun Apr 26 03:35:03 UTC 2026","0","tests.register","test_02_register_partner","","","","test_register_partner_positive[partner-200]","Тест: позитивные тесты для регистрации партнера вручную"
"skipped","Sun Apr 26 03:32:39 UTC 2026","Sun Apr 26 03:32:39 UTC 2026","0","tests.tickets","test_11_update_message","","","","test_update_message_role_permissions[authorize_client-200]","Проверка прав на редактирование сообщения в тикете"
"failed","Sun Apr 26 03:37:48 UTC 2026","Sun Apr 26 03:37:48 UTC 2026","505","tests.account","test_post_bonus_tokens","","","","test_get_bonus_tokens_positive[partner]","Позитивные тесты на получение списка токенов"
"passed","Sun Apr 26 03:16:01 UTC 2026","Sun Apr 26 03:16:04 UTC 2026","3317","tests.cart","test_12_cart_estimate_delivery","","","","test_estimate_delivery_success[client-kgpost-payload3]","
    Позитив: корзина с товаром, выбор способа доставки и расчёт стоимости для разных служб
    "
"passed","Sun Apr 26 03:17:49 UTC 2026","Sun Apr 26 03:17:50 UTC 2026","857","tests.catalog","test_create_admin_product","","","","test_create_product_invalid_payload[payload0-400]",""
"skipped","Sun Apr 26 03:38:01 UTC 2026","Sun Apr 26 03:38:01 UTC 2026","0","tests.catalog","test_exclusive_preorder_products_list","","","","test_products_list_exclusive_flags_types_contract[partner]","
    Жёсткий контракт по типам:
      - если is_exclusive_preorder_only присутствует => bool
      - если is_visible присутствует => bool
      - если in_stock присутствует => int
    "
"passed","Sun Apr 26 03:37:07 UTC 2026","Sun Apr 26 03:37:07 UTC 2026","705","tests.admin_panel.users","test_get_admin_users_exclusive_preorder_permissions","","","","test_get_exclusive_preorder_permissions_invalid_user_id[-1]","
    Негатив: некорректный/несуществующий user_id в path
    "
"broken","Sun Apr 26 03:33:34 UTC 2026","Sun Apr 26 03:33:34 UTC 2026","0","tests.orders","test_group_order_v2_with_preorder_and_items","","","","test_group_order_v2_with_items_happy_path","
    item_ids передан корректно, with_preorder = false
    "
"passed","Sun Apr 26 03:34:44 UTC 2026","Sun Apr 26 03:34:45 UTC 2026","470","tests.delivery","test_get_georgian_post_pickup_points","","","","test_get_georgian_post_pickup_points_success[1-admin]","Позитив: успешное получение списка ПВЗ грузинской почты по city_id."
"skipped","Sun Apr 26 03:31:05 UTC 2026","Sun Apr 26 03:31:06 UTC 2026","724","tests.tickets","test_09_get_ticket_messages","","","","test_get_ticket_messages_invalid_id_format[-1]","Негативный тест: запрос с некорректным ID (строка, спецсимволы, пустое значение)"
"skipped","Sun Apr 26 03:30:25 UTC 2026","Sun Apr 26 03:30:25 UTC 2026","0","tests.chat_support","test_01_support_chat_messages_post","","","","test_create_message_missing_required_fields_returns_400[client-payload2]","
    Негатив: отсутствие обязательных полей client_uuid/message → 400
    "
"skipped","Sun Apr 26 03:12:18 UTC 2026","Sun Apr 26 03:12:18 UTC 2026","0","tests.tickets","test_01_get_tickets","","","","test_get_tickets_success[filter2-sort1-search1-pagination0-client]","Позитивный тест: получение списка тикетов с разными комбинациями параметров"
"passed","Sun Apr 26 03:26:48 UTC 2026","Sun Apr 26 03:26:48 UTC 2026","483","tests.delivery","test_get_cdek_offices","","","","test_get_cdek_offices_invalid_city_id_should_fail[True-admin]",""
"passed","Sun Apr 26 03:26:58 UTC 2026","Sun Apr 26 03:26:59 UTC 2026","596","tests.delivery","test_get_emu_pickup_points","","","","test_get_emu_pickup_points_success[143796-client]","Позитив: успешное получение списка ПВЗ EMU по city_id."
"skipped","Sun Apr 26 03:35:14 UTC 2026","Sun Apr 26 03:35:14 UTC 2026","0","tests.account","test_pass_change","","","","test_change_password_positive[admin-payload0]","Позитивные тесты на изменение пароля"
"failed","Sun Apr 26 03:37:52 UTC 2026","Sun Apr 26 03:37:53 UTC 2026","497","tests.admin_panel.periods","test_get_periods_current","","","","test_get_periods_current__200_strict[partner]",""
"skipped","Sun Apr 26 03:31:18 UTC 2026","Sun Apr 26 03:31:18 UTC 2026","0","tests.admin_panel","test_accrue_presidential_pool","","","","test_accrue_presidential_pool_forbidden[client]",""
"skipped","Sun Apr 26 03:12:17 UTC 2026","Sun Apr 26 03:12:17 UTC 2026","0","tests.tickets","test_01_get_tickets","","","","test_get_tickets_success[filter1-sort1-search1-pagination0-partner]","Позитивный тест: получение списка тикетов с разными комбинациями параметров"
"passed","Sun Apr 26 03:22:58 UTC 2026","Sun Apr 26 03:22:59 UTC 2026","502","tests.statistic","test_team_activations","","","","test_get_team_activation_statistic_positive[payload1-admin]","Позитивный тест: получение статистики по активации команды с валидным телом запроса"
"passed","Sun Apr 26 03:34:52 UTC 2026","Sun Apr 26 03:34:53 UTC 2026","669","tests.delivery","test_get_kazpost_offices","","","","test_get_kazpost_offices_success[166407-admin]","Позитив: успешное получение списка офисов Казпочты по city_id."
"passed","Sun Apr 26 03:23:29 UTC 2026","Sun Apr 26 03:23:30 UTC 2026","671","tests.admin_panel.categories","test_57_v2_update_category","","","","test_v2_update_category_invalid_id[9999999]","Негативный тест: несуществующий или некорректный ID."
"broken","Sun Apr 26 03:22:35 UTC 2026","Sun Apr 26 03:22:35 UTC 2026","0","tests.admin_panel.products","test_42_update_product_brand","","","","test_update_product_brand_invalid_payload[payload9-422]","Негативный тест: обновление бренда с невалидным или неполным телом запроса."
"skipped","Sun Apr 26 03:12:18 UTC 2026","Sun Apr 26 03:12:18 UTC 2026","0","tests.tickets","test_01_get_tickets","","","","test_get_tickets_success[filter2-sort0-search2-pagination0-partner]","Позитивный тест: получение списка тикетов с разными комбинациями параметров"
"failed","Sun Apr 26 03:34:57 UTC 2026","Sun Apr 26 03:34:57 UTC 2026","509","tests.delivery","test_get_kgpost_offices","","","","test_get_kgpost_offices_invalid_city_id_should_fail[-1-admin]",""
"passed","Sun Apr 26 03:24:30 UTC 2026","Sun Apr 26 03:24:31 UTC 2026","1146","tests.admin_panel.users","test_post_admin_users_exclusive_preorder_permissions","","","","test_post_exclusive_preorder_permissions_validation_errors_400[payload9]","
    Негатив: некорректный payload
    "
"passed","Sun Apr 26 03:06:50 UTC 2026","Sun Apr 26 03:06:51 UTC 2026","520","tests.one_c","test_cart_calculate_full_coverage","","","","test_bonus_info_invalid_types[bonus_to_money-0.01]",""
"passed","Sun Apr 26 03:27:19 UTC 2026","Sun Apr 26 03:27:20 UTC 2026","464","tests.admin_panel.products","test_product_files_update","","","","test_update_forbidden[partner]",""
"skipped","Sun Apr 26 03:12:18 UTC 2026","Sun Apr 26 03:12:18 UTC 2026","0","tests.tickets","test_01_get_tickets","","","","test_get_tickets_success[filter2-sort0-search0-pagination1-partner]","Позитивный тест: получение списка тикетов с разными комбинациями параметров"
"passed","Sun Apr 26 03:33:22 UTC 2026","Sun Apr 26 03:33:22 UTC 2026","642","tests.catalog","test_delete_admin_product_translation","","","","test_delete_admin_product_translation_invalid_id[0]","Удаление перевода по невалидному product_id — должно вернуть 400 или 404."
"passed","Sun Apr 26 03:18:08 UTC 2026","Sun Apr 26 03:18:08 UTC 2026","190","tests.cart","test_update_location","","","","test_update_location_international_city_id_rejected",""
"skipped","Sun Apr 26 03:17:48 UTC 2026","Sun Apr 26 03:17:48 UTC 2026","0","tests.account","test_account_branded_wallet_get","","","","test_get_invalid_period_returns_422[period0-partner]","
    Негатив: невалидные month/year → 422.
    "
"broken","Sun Apr 26 03:18:09 UTC 2026","Sun Apr 26 03:18:09 UTC 2026","0","tests.cart","test_update_location","","","","test_update_location_international_delivery_keeps_city_kz",""
"broken","Sun Apr 26 03:27:17 UTC 2026","Sun Apr 26 03:27:17 UTC 2026","0","tests.admin_panel.products","test_product_files_update","","","","test_update_product_files_success",""
"passed","Sun Apr 26 03:07:54 UTC 2026","Sun Apr 26 03:07:56 UTC 2026","1783","tests.tickets","test_04_create_ticket","","","","test_create_ticket_success[client-attachments1-QuestionsAboutTheHousingAndCarProgram]","Позитивный тест: создание тикета с разными темами и вложениями для клиента, партнера и админа"
"broken","Sun Apr 26 03:17:48 UTC 2026","Sun Apr 26 03:17:48 UTC 2026","0","tests.admin_panel.slides","test_59_update_slide","","","","test_update_slide_invalid_payload[payload21-422]","
    Негативный тест: обновление слайда с невалидным или неполным телом запроса
    "
"passed","Sun Apr 26 03:37:56 UTC 2026","Sun Apr 26 03:37:56 UTC 2026","204","tests.auth","test_06_full_logout","","","","test_full_logout_success[client]",""
"passed","Sun Apr 26 03:27:00 UTC 2026","Sun Apr 26 03:27:00 UTC 2026","490","tests.delivery","test_get_emu_pickup_points","","","","test_get_emu_pickup_points_missing_city_id_should_fail[admin]","Негатив: отсутствует обязательный query-параметр city_id → 400/422."
"skipped","Sun Apr 26 03:18:23 UTC 2026","Sun Apr 26 03:18:23 UTC 2026","0","tests.PROJECT_EDUCATION.orders","test_post_orders","","","","test_post_orders_invalid_payload__400_422[payload5]","Негатив: невалидный body"
"broken","Sun Apr 26 03:21:21 UTC 2026","Sun Apr 26 03:21:21 UTC 2026","0","tests.admin_panel.slides","test_57_create_slide","","","","test_create_slide_title_color_validation[#GGGGGG-400]","Валидация поля title_color при создании слайда"
"broken","Sun Apr 26 03:27:45 UTC 2026","Sun Apr 26 03:27:45 UTC 2026","0","tests.admin_panel","test_01_support_create_user","","","","test_client_cannot_create_support",""
"failed","Sun Apr 26 03:17:57 UTC 2026","Sun Apr 26 03:17:57 UTC 2026","904","tests.catalog","test_create_admin_product","","","","test_create_product_invalid_payload[payload8-422]",""
"passed","Sun Apr 26 03:38:24 UTC 2026","Sun Apr 26 03:38:25 UTC 2026","694","tests.reviews","test_reviews_export_post","","","","test_reviews_export_access_allowed_for_client_and_partner[authorize_partner]",""
"skipped","Sun Apr 26 03:12:17 UTC 2026","Sun Apr 26 03:12:17 UTC 2026","0","tests.tickets","test_01_get_tickets","","","","test_get_tickets_success[filter1-sort0-search1-pagination0-client]","Позитивный тест: получение списка тикетов с разными комбинациями параметров"
"passed","Sun Apr 26 03:20:14 UTC 2026","Sun Apr 26 03:20:18 UTC 2026","4455","tests.cart","test_free_delivery_by_rc_and_belts","","","","test_below_threshold_contract[\u041d\u043e\u0432\u043e\u0441\u0438\u0431\u0438\u0440\u0441\u043a-client-zone_2-belt_cfg1]","
    КОНТРАКТ:
    free МОЖЕТ быть
    платная МОЖЕТ быть
    advance_costs МОЖЕТ быть []
    "
"skipped","Sun Apr 26 03:07:00 UTC 2026","Sun Apr 26 03:07:01 UTC 2026","838","tests.one_c","test_cart_calculate_full_coverage","","","","test_email_validation[billing_customer-@mail.com]",""
"skipped","Sun Apr 26 03:31:05 UTC 2026","Sun Apr 26 03:31:05 UTC 2026","671","tests.tickets","test_09_get_ticket_messages","","","","test_get_ticket_messages_invalid_id_format[abc]","Негативный тест: запрос с некорректным ID (строка, спецсимволы, пустое значение)"
"passed","Sun Apr 26 03:12:52 UTC 2026","Sun Apr 26 03:12:53 UTC 2026","471","tests.delivery","test_01_save_delivery_address","","","","test_save_address_invalid_types_should_fail[country_id-1-client]",""
"passed","Sun Apr 26 03:08:43 UTC 2026","Sun Apr 26 03:08:44 UTC 2026","1684","tests.tickets","test_04_create_ticket","","","","test_create_ticket_success[client-attachments2-QuestionsAboutTheRewardSystemMarketingPlan]","Позитивный тест: создание тикета с разными темами и вложениями для клиента, партнера и админа"
"passed","Sun Apr 26 03:15:46 UTC 2026","Sun Apr 26 03:15:47 UTC 2026","518","tests.cart","test_02_get_delivery_cost","","","","test_get_delivery_cost_invalid_payload[client-payload6]","Негатив: некорректные входные данные"
"broken","Sun Apr 26 03:33:17 UTC 2026","Sun Apr 26 03:33:17 UTC 2026","0","tests.admin_panel.slides","test_60_delete_slides","","","","test_delete_slide_success","Позитивный тест: успешное удаление слайда"
"broken","Sun Apr 26 03:21:51 UTC 2026","Sun Apr 26 03:21:51 UTC 2026","0","tests.admin_panel.products","test_44_upload_product_brand_images","","","","test_upload_product_brand_images_various_fields[4.7-fields_to_send0-204]","Негативный тест. Загрузка слишком большого изображения."
"skipped","Sun Apr 26 03:23:13 UTC 2026","Sun Apr 26 03:23:13 UTC 2026","522","tests.statistic","test_team_go","","","","test_get_team_go_statistic_negative[payload0-partner]","Негативный тест: ошибка при получении статистики по команде с невалидным телом запроса"
"skipped","Sun Apr 26 03:17:58 UTC 2026","Sun Apr 26 03:17:58 UTC 2026","0","tests.catalog","test_create_admin_product","","","","test_create_product_duplicate_slug[kk]",""
"passed","Sun Apr 26 03:29:41 UTC 2026","Sun Apr 26 03:29:42 UTC 2026","669","tests.admin_panel.promo","test_73_get_promotion_by_id","","","","test_get_promotion_invalid_id[abc]","Негативный тест: получение акции по невалидному ID"
"passed","Sun Apr 26 03:10:51 UTC 2026","Sun Apr 26 03:10:53 UTC 2026","1838","tests.tickets","test_04_create_ticket","","","","test_create_ticket_success[admin-attachments1-QuestionsAboutPaymentsToIP]","Позитивный тест: создание тикета с разными темами и вложениями для клиента, партнера и админа"
"passed","Sun Apr 26 03:28:19 UTC 2026","Sun Apr 26 03:28:19 UTC 2026","679","tests.admin_panel.slides","test_0_slides_sort","","","","test_slides_sort_invalid_id[1.5]","Негативный тест: невалидный path parameter."
"skipped","Sun Apr 26 03:12:12 UTC 2026","Sun Apr 26 03:12:12 UTC 2026","0","tests.tickets","test_04_create_ticket","","","","test_create_ticket_invalid_title[client-]","Негативный тест: создание тикета без заголовка"
"passed","Sun Apr 26 03:21:51 UTC 2026","Sun Apr 26 03:21:51 UTC 2026","460","tests.admin_panel.promo","test_77_create_promotion_item","","","","test_create_promotion_item_unauthorized","Негативный тест: создание элемента акции без авторизации."
"passed","Sun Apr 26 03:05:31 UTC 2026","Sun Apr 26 03:05:32 UTC 2026","557","tests.one_c","test_cart_calculate_full_coverage","","","","test_invalid_top_types[payment-string]",""
"broken","Sun Apr 26 03:21:14 UTC 2026","Sun Apr 26 03:21:14 UTC 2026","0","tests.catalog","test_update_admin_product","","","","test_update_admin_product_forbidden[client]",""
"skipped","Sun Apr 26 03:27:45 UTC 2026","Sun Apr 26 03:27:45 UTC 2026","0","tests.account","test_get_languages","","","","test_get_languages_success[client-123-400]","Возвращает список языков, доступных для перевода"
"passed","Sun Apr 26 03:34:38 UTC 2026","Sun Apr 26 03:34:38 UTC 2026","507","tests.delivery","test_get_europost_offices","","","","test_get_europost_offices_missing_city_id_should_fail[admin]",""
"failed","Sun Apr 26 03:37:05 UTC 2026","Sun Apr 26 03:37:06 UTC 2026","500","tests.admin_panel.users","test_get_admin_users_exclusive_preorder_permissions","","","","test_get_exclusive_preorder_permissions_requires_admin[client]","
    клиент/партнёр не могут читать список permissions → 403
    "
"broken","Sun Apr 26 03:23:27 UTC 2026","Sun Apr 26 03:23:27 UTC 2026","0","tests.admin_panel.slides","test_61_upload_slides_images","","","","test_upload_slide_images_invalid_format[invalid.exe-application/octet-stream-400]",""
"broken","Sun Apr 26 03:39:23 UTC 2026","Sun Apr 26 03:39:23 UTC 2026","0","tests.integration","test_order_courier_ru","","","","test_order_courier_ru[CDEK]",""
"failed","Sun Apr 26 03:37:54 UTC 2026","Sun Apr 26 03:37:54 UTC 2026","482","tests.admin_panel.periods","test_get_periods_list","","","","test_get_periods_list__200_contract[client]",""
"failed","Sun Apr 26 03:39:04 UTC 2026","Sun Apr 26 03:39:10 UTC 2026","6606","tests.integration","test_order_pickup_ru","","","","test_order_pickup_ru[CDEK]",""
"passed","Sun Apr 26 03:22:47 UTC 2026","Sun Apr 26 03:22:47 UTC 2026","681","tests.admin_panel.sliders","test_52_create_slider","","","","test_create_slider_invalid_payload[payload0-expected_code0]","Негативный тест: попытка создать слайдер с невалидным payload."
"passed","Sun Apr 26 03:08:45 UTC 2026","Sun Apr 26 03:08:47 UTC 2026","1668","tests.tickets","test_04_create_ticket","","","","test_create_ticket_success[client-attachments2-OtherQuestions]","Позитивный тест: создание тикета с разными темами и вложениями для клиента, партнера и админа"
"skipped","Sun Apr 26 03:33:49 UTC 2026","Sun Apr 26 03:33:49 UTC 2026","0","tests.admin_panel.products","test_01_delete_product_group","","","","test_delete_product_group_invalid_id[abc]","Негативный тест: удаление несуществующей или некорректной продукт группы."
"passed","Sun Apr 26 03:06:29 UTC 2026","Sun Apr 26 03:06:29 UTC 2026","489","tests.one_c","test_cart_calculate_full_coverage","","","","test_payment_invalid_types[total-100]",""
"broken","Sun Apr 26 03:21:22 UTC 2026","Sun Apr 26 03:21:22 UTC 2026","0","tests.catalog","test_create_admin_product_translation","","","","test_create_admin_product_translation_minimal_payload","Создание перевода продукта с минимальными полями."
"skipped","Sun Apr 26 03:17:58 UTC 2026","Sun Apr 26 03:17:58 UTC 2026","0","tests.admin_panel.categories","test_50_upload_category_images","","","","test_upload_category_images_invalid_format[invalid.exe-application/octet-stream-400]","Негативный тест: загрузка изображений в неверном формате (например, .txt)."
"skipped","Sun Apr 26 03:31:09 UTC 2026","Sun Apr 26 03:31:09 UTC 2026","0","tests.PROJECT_EDUCATION.test_system","test_08_get_course_with_tests","","","","test_get_course_with_tests__invalid_id__400_404[0]",""
"skipped","Sun Apr 26 03:12:17 UTC 2026","Sun Apr 26 03:12:17 UTC 2026","0","tests.tickets","test_01_get_tickets","","","","test_get_tickets_success[filter0-sort0-search2-pagination0-partner]","Позитивный тест: получение списка тикетов с разными комбинациями параметров"
"skipped","Sun Apr 26 03:35:14 UTC 2026","Sun Apr 26 03:35:14 UTC 2026","0","tests.account","test_family_agreement_create_one","","","","test_create_family_agreement_one_positive[partner-payload1]","Позитивные тесты на создание семейного соглашения при отсутствующем втором партнере"
"passed","Sun Apr 26 03:14:53 UTC 2026","Sun Apr 26 03:14:56 UTC 2026","2068","tests.cart","test_01_user_locale","","","","test_update_user_locale_invalid_payload[partner-payload4]",""
"passed","Sun Apr 26 03:24:40 UTC 2026","Sun Apr 26 03:24:40 UTC 2026","506","tests.cart","test_10_cart_save_city","","","","test_save_city_unauthorized","Негатив: вызов без авторизации/корзины"
"passed","Sun Apr 26 03:12:22 UTC 2026","Sun Apr 26 03:12:22 UTC 2026","493","tests.tickets","test_01_get_tickets","","","","test_get_tickets_invalid_search[invalid_search1-400-client]","Негативный тест: передаем некорректные параметры поиска"
"skipped","Sun Apr 26 03:23:14 UTC 2026","Sun Apr 26 03:23:14 UTC 2026","499","tests.statistic","test_team_go","","","","test_get_team_go_statistic_negative[payload1-client]","Негативный тест: ошибка при получении статистики по команде с невалидным телом запроса"
"passed","Sun Apr 26 03:33:04 UTC 2026","Sun Apr 26 03:33:04 UTC 2026","476","tests.admin_panel.items","test_delete_item_translation","","","","test_delete_item_translation_unauthorized","Негативный тест: удаление перевода без авторизации."
"passed","Sun Apr 26 03:28:15 UTC 2026","Sun Apr 26 03:28:15 UTC 2026","534","tests.admin_panel.periods","test_get_period_by_id","","","","test_get_period_by_id__unauthorized",""
"broken","Sun Apr 26 03:32:14 UTC 2026","Sun Apr 26 03:32:14 UTC 2026","0","tests.orders","test_group_order_join_roles_and_rejections","","","","test_group_order_join_group_order_not_found[authorize_partner]","
    Негатив: group_order_id не существует
    "
"passed","Sun Apr 26 03:23:15 UTC 2026","Sun Apr 26 03:23:16 UTC 2026","550","tests.statistic","test_team_registrations","","","","test_get_team_registration_statistic_positive[payload0-client]","Позитивный тест: получение статистики по регистрации команды с валидным телом запроса"
"passed","Sun Apr 26 03:14:08 UTC 2026","Sun Apr 26 03:14:11 UTC 2026","3502","tests.cart","test_01_user_locale","","","","test_update_user_locale_valid_payload[client-payload5]",""
"skipped","Sun Apr 26 03:25:12 UTC 2026","Sun Apr 26 03:25:13 UTC 2026","699","tests.reviews","test_reviews_create_post","","","","test_reviews_create_boundary_string_length[message--400]",""
"skipped","Sun Apr 26 03:12:17 UTC 2026","Sun Apr 26 03:12:17 UTC 2026","1","tests.tickets","test_01_get_tickets","","","","test_get_tickets_success[filter1-sort0-search2-pagination1-partner]","Позитивный тест: получение списка тикетов с разными комбинациями параметров"
"passed","Sun Apr 26 03:29:51 UTC 2026","Sun Apr 26 03:29:52 UTC 2026","490","tests.admin_panel.sliders","test_53_get_sliders_by_id","","","","test_get_sliders_unauthorized","Негативный тест: получение слайдера без авторизации"
"passed","Sun Apr 26 03:37:23 UTC 2026","Sun Apr 26 03:37:23 UTC 2026","734","tests.promo_time.new_year_lottery","test_admin_new_year_lottery_coupons","","","","test_change_coupons_requires_admin_role","
    Негатив: обычный пользователь не может дергать админскую ручку
    "
"passed","Sun Apr 26 03:08:20 UTC 2026","Sun Apr 26 03:08:22 UTC 2026","1764","tests.tickets","test_04_create_ticket","","","","test_create_ticket_success[client-attachments1-ReceivingDefectiveProducts]","Позитивный тест: создание тикета с разными темами и вложениями для клиента, партнера и админа"
"broken","Sun Apr 26 03:24:17 UTC 2026","Sun Apr 26 03:24:17 UTC 2026","0","tests.admin_panel.items","test_update_item","","","","test_update_item_invalid_id[0]","Негативный тест: несуществующий или некорректный ID."
"passed","Sun Apr 26 03:32:43 UTC 2026","Sun Apr 26 03:32:44 UTC 2026","845","tests.PROJECT_FUND.initiatives","test_get_initiative_by_id","","","","test_get_initiative_by_invalid_id[None-https://dev.ewahelps.com/api]",""
"skipped","Sun Apr 26 03:31:37 UTC 2026","Sun Apr 26 03:31:37 UTC 2026","511","tests.account","test_post_downgrade_user","","","","test_downgrade_validation_errors[bad_payload0-admin]","
    Валидация: битый payload → 400/422.
    "
"skipped","Sun Apr 26 03:35:22 UTC 2026","Sun Apr 26 03:35:22 UTC 2026","0","tests.account","test_update_default_stock","","","","test_update_default_stock_positive[partner-payload0]","Позитивные тесты на изменение дефолтного склада"
"failed","Sun Apr 26 03:37:50 UTC 2026","Sun Apr 26 03:37:50 UTC 2026","479","tests.admin_panel.periods","test_get_approved_marketing_periods","","","","test_get_admin_approved_marketing_periods__forbidden[client]",""
"broken","Sun Apr 26 03:27:18 UTC 2026","Sun Apr 26 03:27:18 UTC 2026","0","tests.admin_panel.products","test_product_files_update","","","","test_update_without_lang_code",""
"passed","Sun Apr 26 03:13:29 UTC 2026","Sun Apr 26 03:13:30 UTC 2026","633","tests.account","test_update_utc_offset","","","","test_update_utc_offset_valid_values[+00-expected0-admin]",""
"passed","Sun Apr 26 03:38:56 UTC 2026","Sun Apr 26 03:38:56 UTC 2026","486","tests.for_test","test_cleanup_expired_tokens","","","","test_cleanup_expired_tokens_without_token","
    Негатив: без авторизации ручка должна быть закрыта
    "
"passed","Sun Apr 26 03:07:15 UTC 2026","Sun Apr 26 03:07:16 UTC 2026","515","tests.one_c","test_cart_calculate_full_coverage","","","","test_invalid_arrays[packaging-value4]",""
"passed","Sun Apr 26 03:11:12 UTC 2026","Sun Apr 26 03:11:14 UTC 2026","1816","tests.tickets","test_04_create_ticket","","","","test_create_ticket_success[admin-attachments1-OtherQuestions]","Позитивный тест: создание тикета с разными темами и вложениями для клиента, партнера и админа"
"skipped","Sun Apr 26 03:12:30 UTC 2026","Sun Apr 26 03:12:30 UTC 2026","0","tests.stock","test_create_stock","","","","test_create_stock_with_empty_string_log_if_not_200[city.name]",""
"passed","Sun Apr 26 03:32:40 UTC 2026","Sun Apr 26 03:32:41 UTC 2026","907","tests.PROJECT_FUND.initiatives","test_get_initiative_by_id","","","","test_get_initiative_by_valid_id[https://dev.ewahelps.com/api]","Позитивный тест: Получение инициативы по идентификатору"
"broken","Sun Apr 26 03:17:47 UTC 2026","Sun Apr 26 03:17:47 UTC 2026","0","tests.admin_panel.slides","test_59_update_slide","","","","test_update_slide_invalid_payload[payload10-422]","
    Негативный тест: обновление слайда с невалидным или неполным телом запроса
    "
"passed","Sun Apr 26 03:21:31 UTC 2026","Sun Apr 26 03:21:32 UTC 2026","502","tests.delivery","test_self_pickup_offices","","","","test_self_pickup_offices_invalid_params[client-params1]","
    Негатив: невалидные параметры  = 400
    "
"skipped","Sun Apr 26 03:31:31 UTC 2026","Sun Apr 26 03:31:31 UTC 2026","0","tests.orders","test_shop_digital_flow","","","","test_one_click_invisible_item_returns_400[client]","
    Если item.visible = FALSE,
    заказ не должен создаваться
    "
"passed","Sun Apr 26 03:37:30 UTC 2026","Sun Apr 26 03:37:30 UTC 2026","739","tests.reviews","test_reviews_by_product_get","","","","test_reviews_by_product_access[authorize_client]",""
"skipped","Sun Apr 26 03:12:17 UTC 2026","Sun Apr 26 03:12:17 UTC 2026","0","tests.tickets","test_01_get_tickets","","","","test_get_tickets_success[filter0-sort0-search0-pagination0-client]","Позитивный тест: получение списка тикетов с разными комбинациями параметров"
"passed","Sun Apr 26 03:13:25 UTC 2026","Sun Apr 26 03:13:26 UTC 2026","726","tests.account","test_update_utc_offset","","","","test_update_utc_offset_happy_path_persists_to_account_profile[admin]",""
"passed","Sun Apr 26 03:33:16 UTC 2026","Sun Apr 26 03:33:17 UTC 2026","649","tests.admin_panel.sliders","test_55_delete_sliders","","","","test_delete_slider_invalid_id[abc]","Негативный тест: удаление несуществующего или некорректного слайдера."
"passed","Sun Apr 26 03:29:47 UTC 2026","Sun Apr 26 03:29:47 UTC 2026","646","tests.admin_panel.sliders","test_53_get_sliders_by_id","","","","test_get_sliders_invalid_id[abc]","Негативный тест: получение слайдера по невалидному ID"
"passed","Sun Apr 26 03:32:06 UTC 2026","Sun Apr 26 03:32:06 UTC 2026","779","tests.cart","test_08_cart_delete","","","","test_delete_cart_item_invalid_payload[client-payload2]","Негатив: невалидный payload при удалении позиции"
"passed","Sun Apr 26 03:12:35 UTC 2026","Sun Apr 26 03:12:36 UTC 2026","1129","tests.delivery","test_01_save_delivery_address","","","","test_save_address_positive_contract_and_cleanup[payload2-client]",""
"skipped","Sun Apr 26 03:32:55 UTC 2026","Sun Apr 26 03:32:56 UTC 2026","661","tests.PROJECT_FUND.initiatives","test_get_reports","","","","test_get_reports_invalid_query_params[query2-https://dev.ewahelps.com/api]","Негативный тест: запрос с некорректными query-параметрами"
"skipped","Sun Apr 26 03:18:23 UTC 2026","Sun Apr 26 03:18:23 UTC 2026","0","tests.PROJECT_EDUCATION.orders","test_post_orders","","","","test_post_orders_invalid_payload__400_422[payload1]","Негатив: невалидный body"
"passed","Sun Apr 26 03:34:00 UTC 2026","Sun Apr 26 03:34:00 UTC 2026","511","tests.admin_panel.slides","test_62_slides_update_video_url","","","","test_update_video_url_forbidden[partner]","Негативный тест: не-админ не может обновить ссылку на мастер-файл"
"passed","Sun Apr 26 03:16:48 UTC 2026","Sun Apr 26 03:16:52 UTC 2026","3373","tests.cart","test_12_cart_estimate_delivery","","","","test_estimate_delivery_success[partner-fargo-payload2]","
    Позитив: корзина с товаром, выбор способа доставки и расчёт стоимости для разных служб
    "
"skipped","Sun Apr 26 03:12:30 UTC 2026","Sun Apr 26 03:12:30 UTC 2026","0","tests.stock","test_create_stock","","","","test_create_stock_with_empty_string_log_if_not_200[address.email]",""
"passed","Sun Apr 26 03:33:43 UTC 2026","Sun Apr 26 03:33:44 UTC 2026","849","tests.stock","test_get_stocks","","","","test_get_stocks[admin]","Запрос всех складов"
"passed","Sun Apr 26 03:24:10 UTC 2026","Sun Apr 26 03:24:10 UTC 2026","492","tests.account","test_history_group_volumes","","","","test_group_volumes_history_missing_query_params_validation[admin]",""
"failed","Sun Apr 26 03:39:18 UTC 2026","Sun Apr 26 03:39:18 UTC 2026","491","tests.statistic","test_0_dashboard","","","","test_get_dashboard_statistic[client]","Позитивный тест: получение статистики для дашборда ""прирост или убыль в числовом виде"
"passed","Sun Apr 26 03:25:20 UTC 2026","Sun Apr 26 03:25:21 UTC 2026","491","tests.account","test_get_account_exists","","","","test_get_account_exists_positive[params2-client]","Нкгатив: невлидны id"
"skipped","Sun Apr 26 03:35:14 UTC 2026","Sun Apr 26 03:35:14 UTC 2026","0","tests.account","test_history","","","","test_get_history_positive[admin-payload0]","Позитивные тесты на получение истории аккаунта"
"skipped","Sun Apr 26 03:37:23 UTC 2026","Sun Apr 26 03:37:23 UTC 2026","0","tests.promo_time.new_year_lottery","test_admin_new_year_lottery_coupons","","","","test_admin_can_set_coupons_count_for_order","
    Позитив: админ меняет количество купонов по заказу на ненулевое значение
    "
"passed","Sun Apr 26 03:13:12 UTC 2026","Sun Apr 26 03:13:12 UTC 2026","500","tests.delivery","test_get_cities","","","","test_get_cities_invalid_page_size_should_fail[-admin]","
    Негатив: невалидный page_size → 400/422
    "
"passed","Sun Apr 26 03:12:39 UTC 2026","Sun Apr 26 03:12:41 UTC 2026","1122","tests.delivery","test_01_save_delivery_address","","","","test_save_address_positive_contract_and_cleanup[payload4-client]",""
"skipped","Sun Apr 26 03:17:48 UTC 2026","Sun Apr 26 03:17:48 UTC 2026","0","tests.account","test_0_marathon","","","","test_get_marathon_is_purchased_negative[admin-400]","Негативный кейс — проверяет приобретал ли аккаунт марафонский набор (все поля)"
"passed","Sun Apr 26 03:23:07 UTC 2026","Sun Apr 26 03:23:08 UTC 2026","471","tests.statistic","test_team_go","","","","test_get_team_go_statistic_positive[payload1-admin]","Позитивный тест: получение статистики по команде с валидным телом запроса"
"passed","Sun Apr 26 03:22:35 UTC 2026","Sun Apr 26 03:22:35 UTC 2026","672","tests.admin_panel.promo","test_72_create_promotion","","","","test_create_promotion_invalid_data[payload0-400]","Негативные тесты: невалидные данные"
"passed","Sun Apr 26 03:21:24 UTC 2026","Sun Apr 26 03:21:24 UTC 2026","694","tests.catalog","test_create_admin_product_translation","","","","test_create_admin_product_translation_invalid_payload[payload2-400]","Негативные проверки на создание перевода с некорректным payload."
"failed","Sun Apr 26 03:34:39 UTC 2026","Sun Apr 26 03:34:39 UTC 2026","489","tests.delivery","test_get_europost_offices","","","","test_get_europost_offices_invalid_city_id_should_fail[0-admin]",""
"skipped","Sun Apr 26 03:35:14 UTC 2026","Sun Apr 26 03:35:14 UTC 2026","0","tests.account","test_history_admin","","","","test_get_admin_history_positive[partner-payload1]","Позитивные тесты на получение истории бонусов для админа"
"passed","Sun Apr 26 03:33:13 UTC 2026","Sun Apr 26 03:33:14 UTC 2026","524","tests.admin_panel.sliders","test_55_delete_sliders","","","","test_delete_slider_unauthorized","Негативный тест: попытка удаления слайдера без авторизации."
"failed","Sun Apr 26 03:34:53 UTC 2026","Sun Apr 26 03:34:54 UTC 2026","530","tests.delivery","test_get_kazpost_offices","","","","test_get_kazpost_offices_invalid_city_id_should_fail[-1-admin]","Негатив: невалидные значения city_id → 400/422."
"passed","Sun Apr 26 03:21:58 UTC 2026","Sun Apr 26 03:22:00 UTC 2026","1626","tests.delivery","test_02_get_delivery_address","","","","test_history_pagination_total_and_search_filters[client]","
    POST /delivery/address/history
      - сервер возвращает pagination.total
      - search фильтрует выдачу и total считает по отфильтрованным данным
      - пагинация по страницам консистентна
    "
"skipped","Sun Apr 26 03:39:27 UTC 2026","Sun Apr 26 03:39:27 UTC 2026","540","tests.for_test","test_get_last_message","","","","test_get_last_message[client]","Ручка для получения последнего сообщения для юзеров в тестовой среде"
"skipped","Sun Apr 26 03:17:48 UTC 2026","Sun Apr 26 03:17:48 UTC 2026","0","tests.account","test_0_marathon","","","","test_get_marathon_is_purchased[partner-200]","Позитивный кейс — проверяет приобретал ли аккаунт марафонский набор (все поля)"
"broken","Sun Apr 26 03:37:41 UTC 2026","Sun Apr 26 03:37:41 UTC 2026","0","tests.tickets","test_07_delete_ticket","","","","test_delete_ticket_not_admin[client]","Негативный тест: попытка удаления тикета клиентом, партнёром"
"broken","Sun Apr 26 03:36:58 UTC 2026","Sun Apr 26 03:36:58 UTC 2026","0","tests.admin_panel.products","test_39_get_product_brands","","","","test_get_product_brands_after_adding","Интеграционный тест: добавление бренда и проверка его наличия в списке по ID."
"passed","Sun Apr 26 03:23:37 UTC 2026","Sun Apr 26 03:23:43 UTC 2026","5623","tests.orders","test_create_order_by_delivery_address","","","","test_create_order_permissions[authorize_partner-authorize_partner-200]",""
"skipped","Sun Apr 26 03:39:23 UTC 2026","Sun Apr 26 03:39:23 UTC 2026","0","tests.promo_time.new_year_lottery","test_new_year_lottery_calculation","","","","test_orders_calculation_has_no_lottery_fields_when_inactive","
    Негатив:
    - явно выключаем акцию
    - купоны не считаются → поля с количеством купонов нет
    - поле remaining_sum_for_next_new_year_lottery_coupon может присутствовать
    "
"passed","Sun Apr 26 03:29:57 UTC 2026","Sun Apr 26 03:29:58 UTC 2026","641","tests.cart","test_09_cart_save_region","","","","test_save_region_by_id_success[client]","Позитив: сохранение региона по region_id"
"passed","Sun Apr 26 03:27:45 UTC 2026","Sun Apr 26 03:27:46 UTC 2026","649","tests.admin_panel","test_01_support_create_user","","","","test_missing_user_id_returns_400","
    user_id — обязательное поле
    "
"skipped","Sun Apr 26 03:33:34 UTC 2026","Sun Apr 26 03:33:34 UTC 2026","0","tests.orders","test_group_order_confirm","","","","test_group_order_confirm_twice_should_return_4xx[partner]",""
"broken","Sun Apr 26 03:23:25 UTC 2026","Sun Apr 26 03:23:25 UTC 2026","0","tests.admin_panel.slides","test_61_upload_slides_images","","","","test_upload_slide_images_success","Позитивный тест: успешная загрузка всех изображений слайда"
"passed","Sun Apr 26 03:25:22 UTC 2026","Sun Apr 26 03:25:22 UTC 2026","484","tests.account","test_get_account_exists","","","","test_get_account_exists_positive[params3-admin]","Нкгатив: невлидны id"
"passed","Sun Apr 26 03:25:19 UTC 2026","Sun Apr 26 03:25:19 UTC 2026","498","tests.account","test_get_account_exists","","","","test_get_account_exists_positive[params0-admin]","Нкгатив: невлидны id"
"passed","Sun Apr 26 03:06:51 UTC 2026","Sun Apr 26 03:06:52 UTC 2026","842","tests.one_c","test_cart_calculate_full_coverage","","","","test_bonus_info_missing_bonus_list_fields[bonus]",""
"passed","Sun Apr 26 03:15:08 UTC 2026","Sun Apr 26 03:15:11 UTC 2026","3259","tests.cart","test_01_user_locale","","","","test_update_user_locale_invalid_language_enum[client-None]",""
"passed","Sun Apr 26 03:31:00 UTC 2026","Sun Apr 26 03:31:01 UTC 2026","667","tests.tickets","test_02_get_ticket_by_id","","","","test_get_ticket_invalid_id[None]","Негативный тест: передан некорректный ID."
"passed","Sun Apr 26 03:27:38 UTC 2026","Sun Apr 26 03:27:39 UTC 2026","1104","tests.account","test_add_cover_url","","","","test_add_cover_min_payload[partner]",""
"failed","Sun Apr 26 03:39:19 UTC 2026","Sun Apr 26 03:39:19 UTC 2026","475","tests.statistic","test_0_dashboard","","","","test_get_dashboard_statistic[admin]","Позитивный тест: получение статистики для дашборда ""прирост или убыль в числовом виде"
"broken","Sun Apr 26 03:21:38 UTC 2026","Sun Apr 26 03:21:38 UTC 2026","0","tests.admin_panel.categories","test_80_create_category_translation","","","","test_create_category_translation_success[ru]","Позитивный тест: создание/обновление перевода категории для разных языков."
"broken","Sun Apr 26 03:18:29 UTC 2026","Sun Apr 26 03:18:29 UTC 2026","0","tests.admin_panel.sliders","test_54_update_slider","","","","test_update_slider_invalid_payload[payload6-400]","Негативный тест: обновление слайдера с невалидным или неполным телом запроса."
"skipped","Sun Apr 26 03:12:17 UTC 2026","Sun Apr 26 03:12:17 UTC 2026","0","tests.tickets","test_01_get_tickets","","","","test_get_tickets_success[filter0-sort0-search2-pagination0-admin]","Позитивный тест: получение списка тикетов с разными комбинациями параметров"
"passed","Sun Apr 26 03:12:25 UTC 2026","Sun Apr 26 03:12:25 UTC 2026","533","tests.tickets","test_01_get_tickets","","","","test_get_tickets_invalid_filter[invalid_filter1-400-client]","Негативный тест: передаем некорректные параметры фильтрации"
"broken","Sun Apr 26 03:31:18 UTC 2026","Sun Apr 26 03:31:18 UTC 2026","0","tests.admin_panel.categories","test_79_get_category_translation","","","","test_get_category_translation_forbidden[client]",""
"skipped","Sun Apr 26 03:12:17 UTC 2026","Sun Apr 26 03:12:17 UTC 2026","1","tests.tickets","test_01_get_tickets","","","","test_get_tickets_success[filter1-sort1-search2-pagination1-client]","Позитивный тест: получение списка тикетов с разными комбинациями параметров"
"passed","Sun Apr 26 03:13:41 UTC 2026","Sun Apr 26 03:13:41 UTC 2026","685","tests.account","test_update_utc_offset","","","","test_update_utc_offset_invalid_format_rejected[+003]",""
"passed","Sun Apr 26 03:34:36 UTC 2026","Sun Apr 26 03:34:37 UTC 2026","522","tests.delivery","test_get_europost_offices","","","","test_get_europost_offices_success[1573-client]",""
"passed","Sun Apr 26 03:21:38 UTC 2026","Sun Apr 26 03:21:39 UTC 2026","646","tests.admin_panel.categories","test_80_create_category_translation","","","","test_create_category_translation_invalid_payload[payload0-400]","Негативный тест: создание перевода с невалидным payload."
"skipped","Sun Apr 26 03:12:17 UTC 2026","Sun Apr 26 03:12:17 UTC 2026","0","tests.tickets","test_01_get_tickets","","","","test_get_tickets_success[filter1-sort0-search0-pagination0-partner]","Позитивный тест: получение списка тикетов с разными комбинациями параметров"
"broken","Sun Apr 26 03:33:37 UTC 2026","Sun Apr 26 03:33:37 UTC 2026","0","tests.orders","test_group_order_v2_with_preorder_and_items","","","","test_group_order_v2_with_preorder_true_does_not_break_validation","
    with_preorder = true
    - не ломает создание
    - не влияет на валидацию item_ids
    "
"passed","Sun Apr 26 03:27:56 UTC 2026","Sun Apr 26 03:27:57 UTC 2026","682","tests.admin_panel","test_partner_accrual_details_common","","","","test_common_accrual_details_invalid_payload[payload6-expected_codes6]","
    Негатив: валидация тела запроса общей детализации.
    "
"skipped","Sun Apr 26 03:28:09 UTC 2026","Sun Apr 26 03:28:09 UTC 2026","0","tests.admin_panel.minions","test_admin_add_lo","","","","test_post_admin_add_lo_negative_invalid_types_and_values[payload4]","
    Негативные сценарии: неверные типы и бизнес-некорректные значения.
    "
"passed","Sun Apr 26 03:26:33 UTC 2026","Sun Apr 26 03:26:33 UTC 2026","164","tests.cart","test_delivery_address_save_apply","","","","test_save_address_invalid_payload[payload8]",""
"broken","Sun Apr 26 03:31:22 UTC 2026","Sun Apr 26 03:31:22 UTC 2026","1","tests.admin_panel.items","test_get_item_translation","","","","test_get_item_two_translations_success",""
"skipped","Sun Apr 26 03:22:18 UTC 2026","Sun Apr 26 03:22:19 UTC 2026","664","tests.delivery","test_get_delivery_countries","","","","test_get_delivery_countries_invalid_from[1.5-admin]","Негатив: невалидные значения параметра from → 400/422."
"broken","Sun Apr 26 03:21:14 UTC 2026","Sun Apr 26 03:21:14 UTC 2026","0","tests.catalog","test_update_admin_product","","","","test_update_admin_product_unauthorized",""
"passed","Sun Apr 26 03:25:48 UTC 2026","Sun Apr 26 03:25:50 UTC 2026","1731","tests.cart","test_23_cart_calculate_delivery_flag","","","","test_update_cart_item_invalid_calculate_delivery_flag[bad_flag4-client]",""
"passed","Sun Apr 26 03:25:58 UTC 2026","Sun Apr 26 03:25:59 UTC 2026","174","tests.cart","test_delivery_address_save_apply","","","","test_save_address_apply_false_kz_allowed",""
"skipped","Sun Apr 26 03:12:30 UTC 2026","Sun Apr 26 03:12:30 UTC 2026","0","tests.stock","test_create_stock","","","","test_create_stock_with_empty_string_log_if_not_200[self_pickup_available]",""
"skipped","Sun Apr 26 03:23:22 UTC 2026","Sun Apr 26 03:23:23 UTC 2026","545","tests.statistic","test_team_registrations","","","","test_get_team_registration_statistic_negative[payload0-partner]","Негативный тест: ошибка при получении статистики регистрации команды с невалидным телом запроса"
"passed","Sun Apr 26 03:12:22 UTC 2026","Sun Apr 26 03:12:23 UTC 2026","509","tests.tickets","test_01_get_tickets","","","","test_get_tickets_invalid_search[invalid_search1-400-partner]","Негативный тест: передаем некорректные параметры поиска"
"passed","Sun Apr 26 03:38:41 UTC 2026","Sun Apr 26 03:38:42 UTC 2026","672","tests.account","test_0_users_by_lo_rating","","","","test_get_users_by_lo_rating_positive[partner]","Позитивные тесты на получение рейтинга продавцов по личному объему"
"skipped","Sun Apr 26 03:31:33 UTC 2026","Sun Apr 26 03:31:33 UTC 2026","0","tests.PROJECT_EDUCATION.test_system","test_04_finish_test","","","","test_finish_test_invalid_id__400_or_404[1.5]",""
"passed","Sun Apr 26 03:21:12 UTC 2026","Sun Apr 26 03:21:12 UTC 2026","513","tests.delivery","test_get_cities_v2","","","","test_get_cities_v2_invalid_country_id_should_fail[True-admin]","
    Негатив: невалидные значения country_id → 400/422
    "
"broken","Sun Apr 26 03:33:56 UTC 2026","Sun Apr 26 03:33:56 UTC 2026","0","tests.admin_panel.products","test_02_recommended_products_add","","","","test_add_recommendation_no_rights[partner]","Пользователь без прав пытается добавить рекомендации"
"failed","Sun Apr 26 03:30:11 UTC 2026","Sun Apr 26 03:30:11 UTC 2026","635","tests.catalog","test_get_recommended_products","","","","test_get_global_recommended_products[]",""
"skipped","Sun Apr 26 03:28:09 UTC 2026","Sun Apr 26 03:28:09 UTC 2026","0","tests.admin_panel.minions","test_admin_add_lo","","","","test_post_admin_add_lo_negative_invalid_types_and_values[payload5]","
    Негативные сценарии: неверные типы и бизнес-некорректные значения.
    "
"broken","Sun Apr 26 03:38:16 UTC 2026","Sun Apr 26 03:38:16 UTC 2026","0","tests.orders","test_group_order_v2_hint_stock","","","","test_group_order_v2_hint_stock_used_when_same_as_auto[partner]","
    если hint совпадает с автоматически выбранным складом, то hint считается использованным
    "
"skipped","Sun Apr 26 03:06:12 UTC 2026","Sun Apr 26 03:06:13 UTC 2026","874","tests.one_c","test_cart_calculate_full_coverage","","","","test_packaging_invalid_numbers[length-0]",""
"skipped","Sun Apr 26 03:12:17 UTC 2026","Sun Apr 26 03:12:17 UTC 2026","0","tests.tickets","test_01_get_tickets","","","","test_get_tickets_success[filter0-sort0-search2-pagination1-client]","Позитивный тест: получение списка тикетов с разными комбинациями параметров"
"passed","Sun Apr 26 03:22:50 UTC 2026","Sun Apr 26 03:22:51 UTC 2026","680","tests.admin_panel.sliders","test_52_create_slider","","","","test_create_slider_invalid_payload[payload5-400]","Негативный тест: попытка создать слайдер с невалидным payload."
"passed","Sun Apr 26 03:29:44 UTC 2026","Sun Apr 26 03:29:45 UTC 2026","666","tests.admin_panel.promo","test_73_get_promotion_by_id","","","","test_get_promotion_invalid_id[]","Негативный тест: получение акции по невалидному ID"
"broken","Sun Apr 26 03:23:27 UTC 2026","Sun Apr 26 03:23:27 UTC 2026","0","tests.admin_panel.slides","test_61_upload_slides_images","","","","test_upload_slide_images_invalid_format[valid.png-image/png-204]",""
"passed","Sun Apr 26 03:21:49 UTC 2026","Sun Apr 26 03:21:50 UTC 2026","506","tests.admin_panel.products","test_44_upload_product_brand_images","","","","test_upload_product_brand_images_forbidden[partner]","Негативный тест: неадмин не может загрузить изображения."
"skipped","Sun Apr 26 03:17:48 UTC 2026","Sun Apr 26 03:17:48 UTC 2026","0","tests.account","test_account_branded_wallet_get","","","","test_get_past_year_should_be_200[client]","
    прошлый период. днные есть - 200
    "
"passed","Sun Apr 26 03:12:54 UTC 2026","Sun Apr 26 03:12:55 UTC 2026","484","tests.delivery","test_01_save_delivery_address","","","","test_save_address_invalid_types_should_fail[city_id-False-client]",""
"broken","Sun Apr 26 03:22:35 UTC 2026","Sun Apr 26 03:22:35 UTC 2026","0","tests.admin_panel.products","test_42_update_product_brand","","","","test_update_product_brand_invalid_payload[payload7-422]","Негативный тест: обновление бренда с невалидным или неполным телом запроса."
"broken","Sun Apr 26 03:29:23 UTC 2026","Sun Apr 26 03:29:23 UTC 2026","0","tests.tickets","test_06_close_ticket","","","","test_close_ticket_success[admin]","Позитивный тест: закрытие тикета для клиента, партнера и админа."
"skipped","Sun Apr 26 03:31:18 UTC 2026","Sun Apr 26 03:31:18 UTC 2026","0","tests.admin_panel","test_accrue_gold_pro_gift","","","","test_accrue_gold_pro_gift_invalid_payload[payload2-400]",""
"failed","Sun Apr 26 03:38:48 UTC 2026","Sun Apr 26 03:38:49 UTC 2026","471","tests.cart","test_19_cart_empty_suggestions","","","","test_cart_empty_suggestions_success[client]","Позитив: получение рекомендаций при пустой корзине"
"skipped","Sun Apr 26 03:37:15 UTC 2026","Sun Apr 26 03:37:15 UTC 2026","504","tests.cart","test_15_cart_update_country","","","","test_update_country_invalid_payload[client-payload0]","Негатив: невалидный payload"
"passed","Sun Apr 26 03:21:39 UTC 2026","Sun Apr 26 03:21:40 UTC 2026","706","tests.admin_panel.categories","test_80_create_category_translation","","","","test_create_category_translation_invalid_payload[payload2-400]","Негативный тест: создание перевода с невалидным payload."
"passed","Sun Apr 26 03:16:38 UTC 2026","Sun Apr 26 03:16:41 UTC 2026","3510","tests.cart","test_12_cart_estimate_delivery","","","","test_estimate_delivery_success[client-five_post_pickup-payload14]","
    Позитив: корзина с товаром, выбор способа доставки и расчёт стоимости для разных служб
    "
"skipped","Sun Apr 26 03:12:13 UTC 2026","Sun Apr 26 03:12:13 UTC 2026","1","tests.tickets","test_04_create_ticket","","","","test_create_ticket_invalid_title[partner-]","Негативный тест: создание тикета без заголовка"
"skipped","Sun Apr 26 03:17:58 UTC 2026","Sun Apr 26 03:17:58 UTC 2026","0","tests.catalog","test_create_admin_product","","","","test_create_product_duplicate_slug[ka]",""
"failed","Sun Apr 26 03:22:42 UTC 2026","Sun Apr 26 03:22:43 UTC 2026","663","tests.admin_panel.promo","test_72_create_promotion","","","","test_create_promotion_invalid_data[payload11-422]","Негативные тесты: невалидные данные"
"broken","Sun Apr 26 03:36:52 UTC 2026","Sun Apr 26 03:36:52 UTC 2026","0","tests.admin_panel.products","test_01_recommended_products_sort","","","","test_sort_recommendations_partial","Сортировка по рекомендациям"
"broken","Sun Apr 26 03:31:45 UTC 2026","Sun Apr 26 03:31:45 UTC 2026","0","tests.admin_panel.products","test_product_files_get_upload_urls","","","","test_get_upload_urls_success[en]",""
"skipped","Sun Apr 26 03:17:48 UTC 2026","Sun Apr 26 03:17:48 UTC 2026","0","tests.account","test_0_marathon","","","","test_create_product_brand_invalid_payload[params0-400-partner]",""
"passed","Sun Apr 26 03:27:03 UTC 2026","Sun Apr 26 03:27:04 UTC 2026","519","tests.delivery","test_get_emu_pickup_points","","","","test_get_emu_pickup_points_invalid_city_id_should_fail[None-admin]","Негатив: невалидные значения city_id → 400/422."
"broken","Sun Apr 26 03:31:31 UTC 2026","Sun Apr 26 03:31:31 UTC 2026","0","tests.tickets","test_12_delete_message","","","","test_delete_ticket_message_not_admin[client]","Негативный тест: клиент/партнёр пытается удалить своё сообщение"
"skipped","Sun Apr 26 03:35:14 UTC 2026","Sun Apr 26 03:35:14 UTC 2026","0","tests.account","test_token_revoke","","","","test_revoke_token_positive[partner-payload1]","Позитивные тесты на удаление токена"
"broken","Sun Apr 26 03:33:47 UTC 2026","Sun Apr 26 03:33:47 UTC 2026","0","tests.account","test_account_branded_wallet_delete","","","","test_delete_flow_upload_then_delete_then_get_null[partner]","
    Upload (текущий период, JSON base64) → DELETE → cleanup в БД
    "
"passed","Sun Apr 26 03:27:22 UTC 2026","Sun Apr 26 03:27:23 UTC 2026","884","tests.reviews","test_reviews_list_post","","","","test_reviews_list_pagination_required_for_valid_request",""
"broken","Sun Apr 26 03:24:13 UTC 2026","Sun Apr 26 03:24:13 UTC 2026","0","tests.admin_panel","test_04_generate_support_token","","","","test_admin_can_generate_support_token_with_ttl",""
"skipped","Sun Apr 26 03:12:17 UTC 2026","Sun Apr 26 03:12:17 UTC 2026","0","tests.tickets","test_01_get_tickets","","","","test_get_tickets_success[filter0-sort1-search0-pagination0-partner]","Позитивный тест: получение списка тикетов с разными комбинациями параметров"
"passed","Sun Apr 26 03:21:43 UTC 2026","Sun Apr 26 03:21:43 UTC 2026","462","tests.admin_panel.items","test_create_item_translation","","","","test_create_item_translation_unauthorized","Негативный тест: создание перевода без авторизации."
"passed","Sun Apr 26 03:12:30 UTC 2026","Sun Apr 26 03:12:31 UTC 2026","1130","tests.delivery","test_01_save_delivery_address","","","","test_save_address_positive_contract_and_cleanup[payload0-client]",""
"passed","Sun Apr 26 03:27:06 UTC 2026","Sun Apr 26 03:27:06 UTC 2026","556","tests.delivery","test_get_self_pickup_offices","","","","test_get_self_pickup_offices_success[142257-partner]","Позитив: успешное получение списка ПВЗ ЭВЫ по city_id."
"skipped","Sun Apr 26 03:23:55 UTC 2026","Sun Apr 26 03:23:55 UTC 2026","0","tests.PROJECT_EDUCATION.test_system","test_03_user_answers","","","","test_user_answers_invalid_payload__400_or_422[payload2]",""
"broken","Sun Apr 26 03:33:00 UTC 2026","Sun Apr 26 03:33:00 UTC 2026","0","tests.admin_panel.categories","test_81_delete_category_translation","","","","test_delete_category_translation_success","Позитивный тест: удаление одного из двух переводов категории."
"passed","Sun Apr 26 03:07:39 UTC 2026","Sun Apr 26 03:07:40 UTC 2026","960","tests.tickets","test_04_create_ticket","","","","test_create_ticket_success[client-attachments0-QuestionsAboutTheMarriageContract]","Позитивный тест: создание тикета с разными темами и вложениями для клиента, партнера и админа"
"passed","Sun Apr 26 03:28:19 UTC 2026","Sun Apr 26 03:28:20 UTC 2026","646","tests.admin_panel.slides","test_0_slides_sort","","","","test_slides_sort_invalid_id[999999]","Негативный тест: невалидный path parameter."
"passed","Sun Apr 26 03:19:42 UTC 2026","Sun Apr 26 03:19:48 UTC 2026","5687","tests.cart","test_free_delivery_by_rc_and_belts","","","","test_free_delivery_by_belts_contract[\u0425\u0430\u0431\u0430\u0440\u043e\u0432\u0441\u043a-client-zone_2-belt_cfg1]","
    КОНТРАКТ:
    - ручка работает
    - advance_costs может быть []
    - free может быть
    - платная доставка допустима
    "
"skipped","Sun Apr 26 03:12:16 UTC 2026","Sun Apr 26 03:12:16 UTC 2026","1","tests.tickets","test_04_create_ticket","","","","test_create_ticket_invalid_message[partner-None]","Негативный тест: создание тикета без сообщения"
"skipped","Sun Apr 26 03:27:13 UTC 2026","Sun Apr 26 03:27:13 UTC 2026","502","tests.orders","test_group_order_change_country","","","","test_change_country_invalid_data[invalid_payload0-partner]","Негативные тесты: передача некорректных данных"
"passed","Sun Apr 26 03:13:36 UTC 2026","Sun Apr 26 03:13:37 UTC 2026","510","tests.account","test_update_utc_offset","","","","test_update_utc_offset_unauthorized",""
"broken","Sun Apr 26 03:37:41 UTC 2026","Sun Apr 26 03:37:41 UTC 2026","0","tests.tickets","test_07_delete_ticket","","","","test_delete_ticket_positive","Позитивный тест: успешное удаление тикета"
"passed","Sun Apr 26 03:37:06 UTC 2026","Sun Apr 26 03:37:07 UTC 2026","640","tests.admin_panel.users","test_get_admin_users_exclusive_preorder_permissions","","","","test_get_exclusive_preorder_permissions_invalid_user_id[0]","
    Негатив: некорректный/несуществующий user_id в path
    "
"skipped","Sun Apr 26 03:12:17 UTC 2026","Sun Apr 26 03:12:17 UTC 2026","0","tests.tickets","test_04_create_ticket","","","","test_create_ticket_invalid_attachment[partner]","Негативный тест: попытка загрузки вложения с некорректными данными"
"passed","Sun Apr 26 03:24:04 UTC 2026","Sun Apr 26 03:24:04 UTC 2026","556","tests.account","test_account_branded_wallet_upload","","","","test_upload_branded_wallet_unauthorized","Негатив: без авторизации → 401"
"broken","Sun Apr 26 03:35:02 UTC 2026","Sun Apr 26 03:35:02 UTC 2026","0","tests.orders","test_group_order_leave","","","","test_cart_leave_group_restore_available_delivery_methods[client]","
    После leave должны быть доступны обычные delivery методы
    "
"passed","Sun Apr 26 03:25:19 UTC 2026","Sun Apr 26 03:25:20 UTC 2026","492","tests.account","test_get_account_exists","","","","test_get_account_exists_positive[params1-client]","Нкгатив: невлидны id"
"skipped","Sun Apr 26 03:35:14 UTC 2026","Sun Apr 26 03:35:14 UTC 2026","0","tests.account","test_update","","","","test_update_account_positive[partner-payload0]","Позитивные тесты на обновление данных аккаунта"
"broken","Sun Apr 26 03:21:38 UTC 2026","Sun Apr 26 03:21:38 UTC 2026","0","tests.admin_panel.categories","test_80_create_category_translation","","","","test_create_category_translation_success[uz]","Позитивный тест: создание/обновление перевода категории для разных языков."
"skipped","Sun Apr 26 03:23:55 UTC 2026","Sun Apr 26 03:23:55 UTC 2026","0","tests.PROJECT_EDUCATION.test_system","test_03_user_answers","","","","test_user_answers_invalid_id__400_or_404[]",""
"broken","Sun Apr 26 03:21:51 UTC 2026","Sun Apr 26 03:21:51 UTC 2026","0","tests.admin_panel.promo","test_77_create_promotion_item","","","","test_create_promotion_item_invalid_payload[payload0-400]",""
"passed","Sun Apr 26 03:33:08 UTC 2026","Sun Apr 26 03:33:09 UTC 2026","644","tests.admin_panel.products","test_43_delete_product_brand","","","","test_delete_product_brand_invalid_id[0]","Негативный тест: удаление несуществующего или некорректного бренда."
"passed","Sun Apr 26 03:09:55 UTC 2026","Sun Apr 26 03:09:57 UTC 2026","1710","tests.tickets","test_04_create_ticket","","","","test_create_ticket_success[partner-attachments2-QuestionsAboutPaymentsToIP]","Позитивный тест: создание тикета с разными темами и вложениями для клиента, партнера и админа"
"skipped","Sun Apr 26 03:31:18 UTC 2026","Sun Apr 26 03:31:18 UTC 2026","0","tests.admin_panel","test_accrue_gold_pro_gift","","","","test_accrue_gold_pro_gift_invalid_payload[payload3-400]",""
"passed","Sun Apr 26 03:35:07 UTC 2026","Sun Apr 26 03:35:08 UTC 2026","756","tests.register","test_03_register_client","","","","test_register_client_negative[payload0-400]","Тест: негативные тесты для регистрации клиента вручную"
"skipped","Sun Apr 26 03:28:09 UTC 2026","Sun Apr 26 03:28:09 UTC 2026","0","tests.admin_panel.minions","test_admin_add_lo","","","","test_post_admin_add_lo_negative_invalid_types_and_values[payload3]","
    Негативные сценарии: неверные типы и бизнес-некорректные значения.
    "
"passed","Sun Apr 26 03:34:37 UTC 2026","Sun Apr 26 03:34:38 UTC 2026","515","tests.delivery","test_get_europost_offices","","","","test_get_europost_offices_success[1573-admin]",""
"passed","Sun Apr 26 03:05:35 UTC 2026","Sun Apr 26 03:05:36 UTC 2026","486","tests.one_c","test_cart_calculate_full_coverage","","","","test_invalid_top_types[date_paid_timestamp-1772852619486]",""
"passed","Sun Apr 26 03:22:14 UTC 2026","Sun Apr 26 03:22:14 UTC 2026","467","tests.delivery","test_get_delivery_countries","","","","test_get_delivery_countries_success[available-admin]","Позитив: успешное получение списка стран с разными значениями ?from=."
"passed","Sun Apr 26 03:31:54 UTC 2026","Sun Apr 26 03:31:55 UTC 2026","714","tests.admin_panel.promo","test_78_delete_promotion_item","","","","test_delete_promotion_item_invalid_id[999999-999999]","Негативный тест: удаление элемента акции с невалидным ID продукта."
"failed","Sun Apr 26 03:17:55 UTC 2026","Sun Apr 26 03:17:56 UTC 2026","932","tests.catalog","test_create_admin_product","","","","test_create_product_invalid_payload[payload6-422]",""
"broken","Sun Apr 26 03:33:04 UTC 2026","Sun Apr 26 03:33:04 UTC 2026","0","tests.admin_panel.items","test_delete_item_translation","","","","test_delete_item_translation_success","Позитивный тест: удаление одного из двух переводов варианта товара."
"passed","Sun Apr 26 03:38:05 UTC 2026","Sun Apr 26 03:38:05 UTC 2026","696","tests.catalog","test_get_item_by_id","","","","test_get_item_not_found[99999999]","
    Негативный тест: товар с указанным ID не найден
    "
"broken","Sun Apr 26 03:21:14 UTC 2026","Sun Apr 26 03:21:14 UTC 2026","0","tests.catalog","test_update_admin_product","","","","test_update_admin_product_duplicate_slug",""
"broken","Sun Apr 26 03:23:30 UTC 2026","Sun Apr 26 03:23:30 UTC 2026","0","tests.admin_panel.items","test_create_item","","","","test_create_item_required_fields_only","Позитивный тест: успешное создание варианта товара (только обязательные поля)."
"broken","Sun Apr 26 03:31:45 UTC 2026","Sun Apr 26 03:31:45 UTC 2026","0","tests.admin_panel.products","test_product_files_get_upload_urls","","","","test_get_upload_urls_translation_not_found",""
"passed","Sun Apr 26 03:35:14 UTC 2026","Sun Apr 26 03:35:15 UTC 2026","1557","tests.account","test_update_avatar","","","","test_update_avatar_positive[client-payload0]","Позитивные тесты на обновление аватара"
"passed","Sun Apr 26 03:21:34 UTC 2026","Sun Apr 26 03:21:34 UTC 2026","516","tests.delivery","test_self_pickup_offices","","","","test_self_pickup_offices_invalid_params[partner-params2]","
    Негатив: невалидные параметры  = 400
    "
"passed","Sun Apr 26 03:29:50 UTC 2026","Sun Apr 26 03:29:51 UTC 2026","693","tests.admin_panel.sliders","test_53_get_sliders_by_id","","","","test_get_sliders_invalid_id[1.5]","Негативный тест: получение слайдера по невалидному ID"
"passed","Sun Apr 26 03:27:08 UTC 2026","Sun Apr 26 03:27:09 UTC 2026","501","tests.delivery","test_get_self_pickup_offices","","","","test_get_self_pickup_offices_invalid_city_id_should_fail[-1-admin]","Негатив: невалидные значения city_id → 400/422."
"skipped","Sun Apr 26 03:38:01 UTC 2026","Sun Apr 26 03:38:01 UTC 2026","0","tests.catalog","test_exclusive_preorder_products_by_id","","","","test_products_by_id_exclusive_in_stock_with_permission[partner]","
    Позитив:
      - берём product_id+item_id по /products/list (exclusive)
      - permission remaining_quantity=2
      - /products/{id} должен отдать availability слот для stock_id:
           is_exclusive_preorder_only==True (если поле есть)
           is_visible==True (если поле есть)
           in_stock==2 (если поле есть)
    "
"passed","Sun Apr 26 03:12:45 UTC 2026","Sun Apr 26 03:12:46 UTC 2026","1013","tests.delivery","test_01_save_delivery_address","","","","test_save_address_positive_contract_and_cleanup[payload6-partner]",""
"passed","Sun Apr 26 03:21:09 UTC 2026","Sun Apr 26 03:21:09 UTC 2026","501","tests.delivery","test_get_cities_v2","","","","test_get_cities_v2_invalid_city_name_should_fail[ a -admin]","
    Негатив: city_name — строка, minLength=2
    "
"failed","Sun Apr 26 03:30:11 UTC 2026","Sun Apr 26 03:30:12 UTC 2026","644","tests.catalog","test_get_recommended_products","","","","test_get_global_recommended_products[None]",""
"passed","Sun Apr 26 03:24:17 UTC 2026","Sun Apr 26 03:24:17 UTC 2026","686","tests.admin_panel","test_04_generate_support_token","","","","test_invalid_user_id_for_token_returns_client_error[1.23]",""
"skipped","Sun Apr 26 03:33:46 UTC 2026","Sun Apr 26 03:33:47 UTC 2026","858","tests.stock","test_get_stocks","","","","test_get_stocks_invalid_country_id[1.5-admin]","Проверка получения складов по невалидному country_id"
"skipped","Sun Apr 26 03:17:48 UTC 2026","Sun Apr 26 03:17:48 UTC 2026","0","tests.account","test_account_branded_wallet_get","","","","test_get_without_image_returns_null_url[client]","
    Позитив: за произвольный (будущий) период нет изображения → image_url == null
    "
"skipped","Sun Apr 26 03:35:14 UTC 2026","Sun Apr 26 03:35:14 UTC 2026","0","tests.account","test_list_csv","","","","test_get_account_list_csv_positive[client-payload0]","Позитивные тесты на выгрузку структуры партнеров в CSV"
"skipped","Sun Apr 26 03:35:14 UTC 2026","Sun Apr 26 03:35:14 UTC 2026","0","tests.account","test_pass_change","","","","test_change_password_positive[client-payload0]","Позитивные тесты на изменение пароля"
"passed","Sun Apr 26 03:34:41 UTC 2026","Sun Apr 26 03:34:41 UTC 2026","511","tests.delivery","test_get_fargo_offices","","","","test_get_fargo_offices_success[142257-admin]","Позитив: успешное получение списка офисов по city_id."
"skipped","Sun Apr 26 03:27:14 UTC 2026","Sun Apr 26 03:27:14 UTC 2026","482","tests.orders","test_group_order_change_country","","","","test_change_country_invalid_data[invalid_payload1-client]","Негативные тесты: передача некорректных данных"
"passed","Sun Apr 26 03:33:21 UTC 2026","Sun Apr 26 03:33:21 UTC 2026","490","tests.catalog","test_delete_admin_product_translation","","","","test_delete_admin_product_translation_unauthorized","Удаление перевода без авторизации — должно вернуть 401."
"passed","Sun Apr 26 03:27:26 UTC 2026","Sun Apr 26 03:27:27 UTC 2026","1004","tests.reviews","test_reviews_list_post","","","","test_reviews_list_filter_search_sort_happy_path",""
"passed","Sun Apr 26 03:35:17 UTC 2026","Sun Apr 26 03:35:18 UTC 2026","1274","tests.account","test_update_avatar","","","","test_update_avatar_positive[partner-payload0]","Позитивные тесты на обновление аватара"
"broken","Sun Apr 26 03:18:20 UTC 2026","Sun Apr 26 03:18:20 UTC 2026","0","tests.one_c","test_free_delivery_to_regions_and_cities","","","","test_1c_free_delivery_adds_stock_to_regions_and_cities",""
"failed","Sun Apr 26 03:35:01 UTC 2026","Sun Apr 26 03:35:02 UTC 2026","464","tests.delivery","test_get_rupost_offices","","","","test_get_rupost_offices_invalid_city_id_should_fail[0-admin]",""
"passed","Sun Apr 26 03:27:10 UTC 2026","Sun Apr 26 03:27:10 UTC 2026","490","tests.delivery","test_get_self_pickup_offices","","","","test_get_self_pickup_offices_invalid_city_id_should_fail[True-admin]","Негатив: невалидные значения city_id → 400/422."
"skipped","Sun Apr 26 03:37:41 UTC 2026","Sun Apr 26 03:37:42 UTC 2026","725","tests.tickets","test_07_delete_ticket","","","","test_delete_tickets_negative[ticket_ids0-400]","Негативные тесты: удаление с некорректными данными"
"passed","Sun Apr 26 03:12:23 UTC 2026","Sun Apr 26 03:12:24 UTC 2026","534","tests.tickets","test_01_get_tickets","","","","test_get_tickets_invalid_search[invalid_search2-400-partner]","Негативный тест: передаем некорректные параметры поиска"
"passed","Sun Apr 26 03:22:46 UTC 2026","Sun Apr 26 03:22:46 UTC 2026","518","tests.admin_panel.sliders","test_52_create_slider","","","","test_create_slider_forbidden[partner]","Негативный тест: создание слайдера не-админом запрещено."
"passed","Sun Apr 26 03:10:17 UTC 2026","Sun Apr 26 03:10:19 UTC 2026","1659","tests.tickets","test_04_create_ticket","","","","test_create_ticket_success[partner-attachments2-ChangePersonalData]","Позитивный тест: создание тикета с разными темами и вложениями для клиента, партнера и админа"
"broken","Sun Apr 26 03:18:22 UTC 2026","Sun Apr 26 03:18:22 UTC 2026","0","tests.one_c","test_free_delivery_to_regions_and_cities","","","","test_1c_free_delivery_bad_request_for_empty_cities_array",""
"passed","Sun Apr 26 03:09:17 UTC 2026","Sun Apr 26 03:09:18 UTC 2026","959","tests.tickets","test_04_create_ticket","","","","test_create_ticket_success[partner-attachments0-ReceivingDefectiveProducts]","Позитивный тест: создание тикета с разными темами и вложениями для клиента, партнера и админа"
"skipped","Sun Apr 26 03:12:17 UTC 2026","Sun Apr 26 03:12:17 UTC 2026","0","tests.tickets","test_01_get_tickets","","","","test_get_tickets_success[filter1-sort0-search0-pagination0-admin]","Позитивный тест: получение списка тикетов с разными комбинациями параметров"
"broken","Sun Apr 26 03:38:16 UTC 2026","Sun Apr 26 03:38:16 UTC 2026","0","tests.orders","test_group_order_v2_hint_stock","","","","test_group_order_v2_hint_stock_disabled_or_not_supported_is_rejected[partner]","
    - hint может быть отклонён по:
      - not_enabled
      - restrictions
      - no_inventory
    "
"passed","Sun Apr 26 03:10:03 UTC 2026","Sun Apr 26 03:10:04 UTC 2026","1725","tests.tickets","test_04_create_ticket","","","","test_create_ticket_success[partner-attachments2-QuestionsAboutInternationalDelivery]","Позитивный тест: создание тикета с разными темами и вложениями для клиента, партнера и админа"
"skipped","Sun Apr 26 03:31:33 UTC 2026","Sun Apr 26 03:31:33 UTC 2026","0","tests.PROJECT_EDUCATION.test_system","test_02_get_question","","","","test_get_question_invalid_id__400_or_404[]",""
"skipped","Sun Apr 26 03:12:30 UTC 2026","Sun Apr 26 03:12:30 UTC 2026","0","tests.stock","test_create_stock","","","","test_create_stock_with_empty_string_log_if_not_200[address.id]",""
"passed","Sun Apr 26 03:33:35 UTC 2026","Sun Apr 26 03:33:36 UTC 2026","688","tests.orders","test_group_order_v2_with_preorder_and_items","","","","test_group_order_v2_invalid_item_ids_returns_400[bad_item_ids1]",""
"skipped","Sun Apr 26 03:17:58 UTC 2026","Sun Apr 26 03:17:58 UTC 2026","0","tests.admin_panel.categories","test_50_upload_category_images","","","","test_upload_category_images_forbidden[client]","Негативный тест: неадмин не может загрузить изображения категории."
"broken","Sun Apr 26 03:17:47 UTC 2026","Sun Apr 26 03:17:47 UTC 2026","0","tests.admin_panel.slides","test_59_update_slide","","","","test_update_slide_forbidden[partner]","Негативный тест: попытка обновления слайда не-админом"
"passed","Sun Apr 26 03:24:12 UTC 2026","Sun Apr 26 03:24:13 UTC 2026","502","tests.account","test_history_group_volumes","","","","test_group_volumes_history_invalid_query_params[params1-partner]",""
"failed","Sun Apr 26 03:39:27 UTC 2026","Sun Apr 26 03:39:34 UTC 2026","7050","tests.integration","test_order_international","","","","test_order_international","
    Полный цикл:
      логин -> каталог -> корзина (update + update_multi: qty=2) -> адрес/доставка
      -> оплата TestPay -> check_payment.
    "
"passed","Sun Apr 26 03:21:25 UTC 2026","Sun Apr 26 03:21:26 UTC 2026","713","tests.catalog","test_create_admin_product_translation","","","","test_create_admin_product_translation_invalid_payload[payload4-400]","Негативные проверки на создание перевода с некорректным payload."
"passed","Sun Apr 26 03:05:54 UTC 2026","Sun Apr 26 03:05:54 UTC 2026","783","tests.one_c","test_cart_calculate_full_coverage","","","","test_products_large_numbers[quantity-1000000]",""
"skipped","Sun Apr 26 03:33:45 UTC 2026","Sun Apr 26 03:33:46 UTC 2026","826","tests.stock","test_get_stocks","","","","test_get_stocks_invalid_country_id[0-admin]","Проверка получения складов по невалидному country_id"
"passed","Sun Apr 26 03:22:27 UTC 2026","Sun Apr 26 03:22:28 UTC 2026","687","tests.admin_panel.products","test_40_create_product_brand","","","","test_create_product_brand_invalid_payload[payload7-expected_codes7]","Негативные кейсы: невалидные поля при создании бренда."
"passed","Sun Apr 26 03:23:06 UTC 2026","Sun Apr 26 03:23:06 UTC 2026","511","tests.statistic","test_team_go","","","","test_get_team_go_statistic_positive[payload0-admin]","Позитивный тест: получение статистики по команде с валидным телом запроса"
"broken","Sun Apr 26 03:21:43 UTC 2026","Sun Apr 26 03:21:43 UTC 2026","0","tests.admin_panel.items","test_create_item_translation","","","","test_create_item_translation_success[ky]",""
"broken","Sun Apr 26 03:17:48 UTC 2026","Sun Apr 26 03:17:48 UTC 2026","0","tests.catalog","test_create_admin_product","","","","test_create_admin_product_forbidden_for_non_admin[client]",""
"passed","Sun Apr 26 03:12:33 UTC 2026","Sun Apr 26 03:12:34 UTC 2026","1019","tests.delivery","test_01_save_delivery_address","","","","test_save_address_positive_contract_and_cleanup[payload1-client]",""
"passed","Sun Apr 26 03:12:51 UTC 2026","Sun Apr 26 03:12:51 UTC 2026","517","tests.delivery","test_01_save_delivery_address","","","","test_save_address_missing_required_cdek_fields_should_fail[is_courier-client]",""
"skipped","Sun Apr 26 03:35:41 UTC 2026","Sun Apr 26 03:35:41 UTC 2026","822","tests.cart","test_06_cart_update","","","","test_update_cart_item_invalid_payload[client-payload0]","Негатив: невалидный payload"
"passed","Sun Apr 26 03:27:48 UTC 2026","Sun Apr 26 03:27:49 UTC 2026","690","tests.admin_panel","test_01_support_create_user","","","","test_invalid_user_id_returns_client_error[0]",""
"passed","Sun Apr 26 03:28:00 UTC 2026","Sun Apr 26 03:28:01 UTC 2026","713","tests.admin_panel.categories","test_56_v2_create_category","","","","test_v2_create_category_invalid_payload[payload1-expected_code1]","Негативный тест: создание категории с невалидным телом запроса."
"passed","Sun Apr 26 03:12:21 UTC 2026","Sun Apr 26 03:12:21 UTC 2026","505","tests.tickets","test_01_get_tickets","","","","test_get_tickets_invalid_search[invalid_search0-400-client]","Негативный тест: передаем некорректные параметры поиска"
"passed","Sun Apr 26 03:22:45 UTC 2026","Sun Apr 26 03:22:46 UTC 2026","538","tests.admin_panel.sliders","test_52_create_slider","","","","test_create_slider_forbidden[client]","Негативный тест: создание слайдера не-админом запрещено."
"passed","Sun Apr 26 03:35:00 UTC 2026","Sun Apr 26 03:35:01 UTC 2026","517","tests.delivery","test_get_rupost_offices","","","","test_get_rupost_offices_missing_city_id_should_fail[admin]",""
"skipped","Sun Apr 26 03:06:36 UTC 2026","Sun Apr 26 03:06:37 UTC 2026","834","tests.one_c","test_cart_calculate_full_coverage","","","","test_discount_more_than_total[100-200]",""
"failed","Sun Apr 26 03:31:32 UTC 2026","Sun Apr 26 03:31:33 UTC 2026","682","tests.tickets","test_12_delete_message","","","","test_delete_ticket_message_negative[invalid-500]","Негативные тесты: удаление с некорректными данными"
"skipped","Sun Apr 26 03:18:23 UTC 2026","Sun Apr 26 03:18:23 UTC 2026","0","tests.PROJECT_EDUCATION.orders","test_post_orders","","","","test_post_orders_invalid_payload__400_422[payload2]","Негатив: невалидный body"
"failed","Sun Apr 26 03:34:57 UTC 2026","Sun Apr 26 03:34:58 UTC 2026","512","tests.delivery","test_get_kgpost_offices","","","","test_get_kgpost_offices_invalid_city_id_should_fail[0-admin]",""
"skipped","Sun Apr 26 03:12:17 UTC 2026","Sun Apr 26 03:12:17 UTC 2026","0","tests.tickets","test_01_get_tickets","","","","test_get_tickets_success[filter0-sort1-search2-pagination0-partner]","Позитивный тест: получение списка тикетов с разными комбинациями параметров"
"failed","Sun Apr 26 03:36:05 UTC 2026","Sun Apr 26 03:36:06 UTC 2026","501","tests.cart","test_cart_update_duplicate_regression","","","","test_cart_update_same_item_twice_sequential_does_not_duplicate_line[client]",""
"passed","Sun Apr 26 03:27:44 UTC 2026","Sun Apr 26 03:27:45 UTC 2026","703","tests.account","test_add_cover_url","","","","test_add_cover_invalid_payload[payload4]",""
"failed","Sun Apr 26 03:38:16 UTC 2026","Sun Apr 26 03:38:16 UTC 2026","490","tests.orders","test_group_order_join_out_of_stock","","","","test_group_order_change_empty_new_group_order_id_validation[partner]",""
"passed","Sun Apr 26 03:09:19 UTC 2026","Sun Apr 26 03:09:20 UTC 2026","1013","tests.tickets","test_04_create_ticket","","","","test_create_ticket_success[partner-attachments0-ReceivingProductsShortage]","Позитивный тест: создание тикета с разными темами и вложениями для клиента, партнера и админа"
"skipped","Sun Apr 26 03:18:23 UTC 2026","Sun Apr 26 03:18:23 UTC 2026","0","tests.PROJECT_EDUCATION.orders","test_post_orders","","","","test_post_orders_invalid_payload__400_422[payload7]","Негатив: невалидный body"
"skipped","Sun Apr 26 03:12:17 UTC 2026","Sun Apr 26 03:12:17 UTC 2026","0","tests.tickets","test_01_get_tickets","","","","test_get_tickets_success[filter0-sort0-search1-pagination0-client]","Позитивный тест: получение списка тикетов с разными комбинациями параметров"
"skipped","Sun Apr 26 03:12:30 UTC 2026","Sun Apr 26 03:12:30 UTC 2026","0","tests.stock","test_create_stock","","","","test_create_stock_with_empty_string_log_if_not_200[id]",""
"broken","Sun Apr 26 03:37:00 UTC 2026","Sun Apr 26 03:37:00 UTC 2026","0","tests.admin_panel.promo","test_71_get_promotions","","","","test_get_promotions_after_adding","Интеграционный тест: добавление акции и проверка ее наличия в списке по ID"
"broken","Sun Apr 26 03:24:13 UTC 2026","Sun Apr 26 03:24:13 UTC 2026","0","tests.admin_panel","test_04_generate_support_token","","","","test_invalid_ttl_returns_400[0]",""
"passed","Sun Apr 26 03:32:27 UTC 2026","Sun Apr 26 03:32:27 UTC 2026","674","tests.reviews","test_reviews_get_by_id","","","","test_reviews_get_by_id_invalid_id_returns_client_error[1.23]",""
"broken","Sun Apr 26 03:21:14 UTC 2026","Sun Apr 26 03:21:14 UTC 2026","0","tests.catalog","test_update_admin_product","","","","test_update_admin_product_full_payload",""
"failed","Sun Apr 26 03:37:14 UTC 2026","Sun Apr 26 03:37:14 UTC 2026","513","tests.cart","test_15_cart_update_country","","","","test_update_country_success[client]","Позитив: изменение страны доставки"
"skipped","Sun Apr 26 03:35:14 UTC 2026","Sun Apr 26 03:35:14 UTC 2026","0","tests.account","test_funds_transfer_list","","","","test_get_funds_transfer_list_positive[admin-payload1]","Позитивные тесты на получение истории переводов/выводов средств"
"failed","Sun Apr 26 03:17:56 UTC 2026","Sun Apr 26 03:17:57 UTC 2026","846","tests.catalog","test_create_admin_product","","","","test_create_product_invalid_payload[payload7-422]",""
"skipped","Sun Apr 26 03:12:30 UTC 2026","Sun Apr 26 03:12:30 UTC 2026","0","tests.stock","test_create_stock","","","","test_create_stock_with_empty_string_log_if_not_200[address.phones]",""
"skipped","Sun Apr 26 03:35:14 UTC 2026","Sun Apr 26 03:35:14 UTC 2026","0","tests.account","test_token","","","","test_add_token_positive[admin-payload1]","Позитивные тесты на добавление токена"
"passed","Sun Apr 26 03:15:27 UTC 2026","Sun Apr 26 03:15:29 UTC 2026","2044","tests.cart","test_01_user_locale","","","","test_update_user_locale_invalid_language_enum[partner-]",""
"skipped","Sun Apr 26 03:12:17 UTC 2026","Sun Apr 26 03:12:17 UTC 2026","0","tests.tickets","test_01_get_tickets","","","","test_get_tickets_success[filter1-sort1-search1-pagination0-admin]","Позитивный тест: получение списка тикетов с разными комбинациями параметров"
"passed","Sun Apr 26 03:16:32 UTC 2026","Sun Apr 26 03:16:36 UTC 2026","3646","tests.cart","test_12_cart_estimate_delivery","","","","test_estimate_delivery_success[client-dpd_courier-payload12]","
    Позитив: корзина с товаром, выбор способа доставки и расчёт стоимости для разных служб
    "
"broken","Sun Apr 26 03:29:31 UTC 2026","Sun Apr 26 03:29:31 UTC 2026","0","tests.admin_panel.categories","test_47_get_categories_by_id","","","","test_get_categories_by_id_forbidden[client]","Негативный тест: получение категории по ID не-админом."
"skipped","Sun Apr 26 03:12:30 UTC 2026","Sun Apr 26 03:12:30 UTC 2026","0","tests.stock","test_create_stock","","","","test_create_stock_with_empty_string_log_if_not_200[address.country_id]",""
"passed","Sun Apr 26 03:23:27 UTC 2026","Sun Apr 26 03:23:27 UTC 2026","512","tests.admin_panel.categories","test_57_v2_update_category","","","","test_v2_update_category_unauthorized","Негативный тест: попытка обновления категории без авторизации."
"passed","Sun Apr 26 03:26:11 UTC 2026","Sun Apr 26 03:26:11 UTC 2026","160","tests.cart","test_delivery_address_save_apply","","","","test_save_address_invalid_payload[payload1]",""
"passed","Sun Apr 26 03:08:02 UTC 2026","Sun Apr 26 03:08:04 UTC 2026","1877","tests.tickets","test_04_create_ticket","","","","test_create_ticket_success[client-attachments1-QuestionsAboutProducts]","Позитивный тест: создание тикета с разными темами и вложениями для клиента, партнера и админа"
"passed","Sun Apr 26 03:12:26 UTC 2026","Sun Apr 26 03:12:26 UTC 2026","503","tests.tickets","test_01_get_tickets","","","","test_get_tickets_invalid_filter[invalid_filter2-400-client]","Негативный тест: передаем некорректные параметры фильтрации"
"passed","Sun Apr 26 03:31:46 UTC 2026","Sun Apr 26 03:31:46 UTC 2026","461","tests.admin_panel.products","test_product_files_get_upload_urls","","","","test_get_upload_urls_unauthorized",""
"skipped","Sun Apr 26 03:29:36 UTC 2026","Sun Apr 26 03:29:36 UTC 2026","0","tests.admin_panel.products","test_01_create_product_group","","","","test_create_product_group_invalid_payload[payload0-400]",""
"passed","Sun Apr 26 03:22:02 UTC 2026","Sun Apr 26 03:22:02 UTC 2026","491","tests.delivery","test_02_get_delivery_address","","","","test_history_invalid_pagination_should_fail[bad_body0-client]","
    Негатив: валидация PaginationRequest
    "
"passed","Sun Apr 26 03:38:14 UTC 2026","Sun Apr 26 03:38:15 UTC 2026","508","tests.delivery","test_get_five_post_warehouses","","","","test_get_five_post_warehouses_unauthorized","Негатив: запрос без авторизации."
"skipped","Sun Apr 26 03:12:30 UTC 2026","Sun Apr 26 03:12:30 UTC 2026","0","tests.stock","test_create_stock","","","","test_create_stock_with_empty_string_log_if_not_200[city.region]",""
"broken","Sun Apr 26 03:31:22 UTC 2026","Sun Apr 26 03:31:22 UTC 2026","0","tests.admin_panel.items","test_get_item_translation","","","","test_get_item_translation_success",""
"passed","Sun Apr 26 03:25:21 UTC 2026","Sun Apr 26 03:25:22 UTC 2026","509","tests.account","test_get_account_exists","","","","test_get_account_exists_positive[params3-client]","Нкгатив: невлидны id"
"skipped","Sun Apr 26 03:35:53 UTC 2026","Sun Apr 26 03:35:54 UTC 2026","1095","tests.cart","test_07_cart_update_multi","","","","test_update_cart_items_multi_invalid_payload[client-payload0]","Негатив: невалидный payload для /cart/update_multi"
"skipped","Sun Apr 26 03:31:18 UTC 2026","Sun Apr 26 03:31:18 UTC 2026","0","tests.admin_panel","test_accrue_presidential_pool","","","","test_accrue_presidential_pool_invalid_payload[payload1-400]",""
"skipped","Sun Apr 26 03:37:15 UTC 2026","Sun Apr 26 03:37:16 UTC 2026","498","tests.cart","test_15_cart_update_country","","","","test_update_country_invalid_payload[partner-payload0]","Негатив: невалидный payload"
"broken","Sun Apr 26 03:29:52 UTC 2026","Sun Apr 26 03:29:52 UTC 2026","0","tests.admin_panel.slides","test_58_get_slides_by_id","","","","test_get_slides_by_id_success","Позитивный тест: успешное получение слайда по ID админом"
"passed","Sun Apr 26 03:27:04 UTC 2026","Sun Apr 26 03:27:05 UTC 2026","474","tests.delivery","test_get_emu_pickup_points","","","","test_get_emu_pickup_points_invalid_city_id_should_fail[bad_city_id8-admin]","Негатив: невалидные значения city_id → 400/422."
"skipped","Sun Apr 26 03:18:23 UTC 2026","Sun Apr 26 03:18:23 UTC 2026","0","tests.PROJECT_EDUCATION.orders","test_post_orders","","","","test_post_orders_invalid_payload__400_422[payload6]","Негатив: невалидный body"
"passed","Sun Apr 26 03:31:21 UTC 2026","Sun Apr 26 03:31:22 UTC 2026","685","tests.admin_panel.categories","test_79_get_category_translation","","","","test_get_category_translation_not_found",""
"passed","Sun Apr 26 03:33:37 UTC 2026","Sun Apr 26 03:33:38 UTC 2026","508","tests.stock","test_get_stock_by_id","","","","test_get_stock_by_id[client]","Запрос склада по ID"
"skipped","Sun Apr 26 03:23:03 UTC 2026","Sun Apr 26 03:23:03 UTC 2026","505","tests.statistic","test_team_activations","","","","test_get_team_activation_statistic_negative[payload0-admin]","Негативный тест: ошибка при получении статистики активации команды с невалидным телом запроса"
"passed","Sun Apr 26 03:33:39 UTC 2026","Sun Apr 26 03:33:40 UTC 2026","540","tests.stock","test_get_stock_by_id","","","","test_get_stock_by_invalid_id[-1-admin]","Невалидные значения ID склада"
"passed","Sun Apr 26 03:14:58 UTC 2026","Sun Apr 26 03:15:00 UTC 2026","2081","tests.cart","test_01_user_locale","","","","test_update_user_locale_invalid_language_enum[client-English]",""
"skipped","Sun Apr 26 03:06:37 UTC 2026","Sun Apr 26 03:06:38 UTC 2026","859","tests.one_c","test_cart_calculate_full_coverage","","","","test_discount_more_than_total[100-101]",""
"passed","Sun Apr 26 03:28:13 UTC 2026","Sun Apr 26 03:28:14 UTC 2026","473","tests.admin_panel.periods","test_get_period_by_id","","","","test_get_period_by_id__invalid_id_400_404[admin-None]",""
"broken","Sun Apr 26 03:31:45 UTC 2026","Sun Apr 26 03:31:45 UTC 2026","0","tests.admin_panel.products","test_product_files_get_upload_urls","","","","test_get_upload_urls_success[ru]",""
"failed","Sun Apr 26 03:37:54 UTC 2026","Sun Apr 26 03:37:55 UTC 2026","521","tests.admin_panel.periods","test_get_periods_list","","","","test_get_periods_list__200_contract[partner]",""
"passed","Sun Apr 26 03:31:31 UTC 2026","Sun Apr 26 03:31:31 UTC 2026","639","tests.tickets","test_12_delete_message","","","","test_delete_ticket_message_negative[None-400]","Негативные тесты: удаление с некорректными данными"
"passed","Sun Apr 26 03:15:31 UTC 2026","Sun Apr 26 03:15:33 UTC 2026","1941","tests.cart","test_02_get_delivery_cost","","","","test_get_delivery_cost_success_full_payload[partner]","Позитив: успешное получение ТК при полном наборе параметров"
"skipped","Sun Apr 26 03:35:14 UTC 2026","Sun Apr 26 03:35:14 UTC 2026","0","tests.account","test_token","","","","test_add_token_positive[partner-payload0]","Позитивные тесты на добавление токена"
"passed","Sun Apr 26 03:36:52 UTC 2026","Sun Apr 26 03:36:52 UTC 2026","479","tests.admin_panel.periods","test_put_admin_dev_period_end_time","","","","test_put_admin_dev_period_end_time__unauthorized",""
"broken","Sun Apr 26 03:18:26 UTC 2026","Sun Apr 26 03:18:26 UTC 2026","0","tests.admin_panel.promo","test_74_update_promotion","","","","test_update_promotion_invalid_payload[payload1-400]","Негативный тест: обновление акции с невалидным или неполным телом запроса"
"broken","Sun Apr 26 03:28:28 UTC 2026","Sun Apr 26 03:28:28 UTC 2026","0","tests.one_c","test_stock_delivery_methods","","","","test_1c_stock_delivery_methods_forbidden_with_wrong_secret_key",""
"passed","Sun Apr 26 03:13:01 UTC 2026","Sun Apr 26 03:13:02 UTC 2026","484","tests.delivery","test_01_save_delivery_address","","","","test_save_address_empty_required_strings_should_fail[   -phone-client]",""
"failed","Sun Apr 26 03:36:40 UTC 2026","Sun Apr 26 03:36:40 UTC 2026","531","tests.delivery","test_get_five_post_offices","","","","test_get_five_post_offices_invalid_city_id_should_fail[-1-admin]","Негатив: невалидные значения city_id → 400/422."
"broken","Sun Apr 26 03:22:56 UTC 2026","Sun Apr 26 03:22:56 UTC 2026","0","tests.admin_panel.sliders","test_52_create_slider","","","","test_create_slider_should_fail_on_duplicate","Негативный тест: дублирование уникальных полей слайдера."
"broken","Sun Apr 26 03:23:33 UTC 2026","Sun Apr 26 03:23:33 UTC 2026","0","tests.admin_panel.items","test_create_item","","","","test_create_item_invalid_payload[payload6-expected_code6]","
    Негативный тест: создание варианта с невалидным телом запроса.
    Если сервер внезапно вернул успех — удаляем созданный item из БД.
    "
"passed","Sun Apr 26 03:35:43 UTC 2026","Sun Apr 26 03:35:48 UTC 2026","4982","tests.cart","test_06_cart_update","","","","test_cart_update_calculate_delivery_false_preserves_advance_costs[client]","
    /cart/update с calculate_delivery=false не должен возвращать пустой advance_costs,
    если advance_costs уже рассчитан
    "
"passed","Sun Apr 26 03:37:18 UTC 2026","Sun Apr 26 03:37:19 UTC 2026","500","tests.cart","test_16_cart_update_stock","","","","test_update_stock_unauthorized","Негатив: вызов без авторизации/корзины"
"skipped","Sun Apr 26 03:17:58 UTC 2026","Sun Apr 26 03:17:58 UTC 2026","0","tests.admin_panel.categories","test_50_upload_category_images","","","","test_upload_category_images_file_too_large[5.3-fields_to_send5-400]","Негативный тест: загрузка слишком большого изображения."
"skipped","Sun Apr 26 03:38:56 UTC 2026","Sun Apr 26 03:38:56 UTC 2026","0","tests.chat_support","test_04_support_chat_tags_get","","","","test_get_support_chat_tags_unauthorized","
    Негатив: запрос без токена
    "
"skipped","Sun Apr 26 03:38:56 UTC 2026","Sun Apr 26 03:38:56 UTC 2026","0","tests.for_test","test_cleanup_expired_tokens","","","","test_cleanup_expired_tokens_success_removes_only_expired[partner-2-admin]","
    Позитив:
      - вставляем 2 токена для user_id из settings (client/partner):
          * expired (expires_at < now)
          * valid   (expires_at > now)
      - вызываем POST /test/cleanup-expired-tokens
      - проверяем: expired удалён, valid остался
    "
"broken","Sun Apr 26 03:18:26 UTC 2026","Sun Apr 26 03:18:26 UTC 2026","0","tests.admin_panel.promo","test_74_update_promotion","","","","test_update_promotion_invalid_payload[payload4-400]","Негативный тест: обновление акции с невалидным или неполным телом запроса"
"passed","Sun Apr 26 03:35:15 UTC 2026","Sun Apr 26 03:35:17 UTC 2026","1445","tests.account","test_update_avatar","","","","test_update_avatar_positive[client-payload1]","Позитивные тесты на обновление аватара"
"passed","Sun Apr 26 03:33:27 UTC 2026","Sun Apr 26 03:33:28 UTC 2026","543","tests.delivery","test_geo_suggest","","","","test_geo_suggest_query_multi_values_400_or_200[client]",""
"failed","Sun Apr 26 03:28:04 UTC 2026","Sun Apr 26 03:28:04 UTC 2026","682","tests.admin_panel.categories","test_56_v2_create_category","","","","test_v2_create_category_invalid_payload[payload6-422]","Негативный тест: создание категории с невалидным телом запроса."
"passed","Sun Apr 26 03:23:30 UTC 2026","Sun Apr 26 03:23:31 UTC 2026","672","tests.admin_panel.items","test_create_item","","","","test_create_item_forbidden[client]","Негативный тест: создание варианта не-админом запрещено."
"broken","Sun Apr 26 03:18:26 UTC 2026","Sun Apr 26 03:18:26 UTC 2026","0","tests.admin_panel.promo","test_74_update_promotion","","","","test_update_promotion_invalid_payload[payload7-400]","Негативный тест: обновление акции с невалидным или неполным телом запроса"
"passed","Sun Apr 26 03:34:41 UTC 2026","Sun Apr 26 03:34:42 UTC 2026","490","tests.delivery","test_get_fargo_offices","","","","test_get_fargo_offices_missing_city_id_should_fail[admin]","Негатив: отсутствует обязательный query-параметр city_id → 400/422."
"passed","Sun Apr 26 03:23:06 UTC 2026","Sun Apr 26 03:23:07 UTC 2026","478","tests.statistic","test_team_go","","","","test_get_team_go_statistic_positive[payload1-client]","Позитивный тест: получение статистики по команде с валидным телом запроса"
"passed","Sun Apr 26 03:12:18 UTC 2026","Sun Apr 26 03:12:18 UTC 2026","499","tests.tickets","test_01_get_tickets","","","","test_get_tickets_no_pagination[client]","Негативный тест: запрос без обязательного параметра pagination"
"passed","Sun Apr 26 03:22:39 UTC 2026","Sun Apr 26 03:22:40 UTC 2026","659","tests.admin_panel.promo","test_72_create_promotion","","","","test_create_promotion_invalid_data[payload7-400]","Негативные тесты: невалидные данные"
"passed","Sun Apr 26 03:24:33 UTC 2026","Sun Apr 26 03:24:34 UTC 2026","864","tests.cart","test_10_cart_save_city","","","","test_save_city_by_id_success[client]","Позитив: сохранение города по city_id"
"skipped","Sun Apr 26 03:27:17 UTC 2026","Sun Apr 26 03:27:17 UTC 2026","0","tests.orders","test_group_order_change_country","","","","test_change_country_not_found_or_forbidden[authorize_client-99999999-403]","Негативные тесты: изменение несуществующего заказа или без прав"
"skipped","Sun Apr 26 03:35:14 UTC 2026","Sun Apr 26 03:35:14 UTC 2026","0","tests.account","test_funds_transfer_list","","","","test_get_funds_transfer_list_positive[partner-payload1]","Позитивные тесты на получение истории переводов/выводов средств"
"passed","Sun Apr 26 03:24:48 UTC 2026","Sun Apr 26 03:24:49 UTC 2026","1351","tests.reviews","test_reviews_create_post","","","","test_reviews_create_allowed_for_authorized_users[authorize_partner]",""
"passed","Sun Apr 26 03:12:27 UTC 2026","Sun Apr 26 03:12:27 UTC 2026","484","tests.tickets","test_01_get_tickets","","","","test_get_tickets_invalid_filter[invalid_filter3-400-client]","Негативный тест: передаем некорректные параметры фильтрации"
"passed","Sun Apr 26 03:34:26 UTC 2026","Sun Apr 26 03:34:26 UTC 2026","500","tests.catalog","test_get_items_list_all","","","","test_get_items_list_forbidden[client]",""
"passed","Sun Apr 26 03:12:25 UTC 2026","Sun Apr 26 03:12:26 UTC 2026","528","tests.tickets","test_01_get_tickets","","","","test_get_tickets_invalid_filter[invalid_filter1-400-partner]","Негативный тест: передаем некорректные параметры фильтрации"
"passed","Sun Apr 26 03:24:52 UTC 2026","Sun Apr 26 03:24:52 UTC 2026","471","tests.reviews","test_reviews_create_post","","","","test_reviews_create_unauthorized_for_non_auth",""
"skipped","Sun Apr 26 03:35:14 UTC 2026","Sun Apr 26 03:35:14 UTC 2026","0","tests.account","test_token","","","","test_add_token_positive[admin-payload0]","Позитивные тесты на добавление токена"
"passed","Sun Apr 26 03:33:36 UTC 2026","Sun Apr 26 03:33:37 UTC 2026","673","tests.orders","test_group_order_v2_with_preorder_and_items","","","","test_group_order_v2_invalid_item_ids_returns_400[bad_item_ids2]",""
"skipped","Sun Apr 26 03:35:54 UTC 2026","Sun Apr 26 03:35:56 UTC 2026","1447","tests.cart","test_07_cart_update_multi","","","","test_update_cart_items_multi_invalid_payload[partner-payload0]","Негатив: невалидный payload для /cart/update_multi"
"passed","Sun Apr 26 03:29:56 UTC 2026","Sun Apr 26 03:29:57 UTC 2026","698","tests.admin_panel.slides","test_58_get_slides_by_id","","","","test_get_slide_not_found","Негативный тест: слайд с несуществующим ID не найден"
"skipped","Sun Apr 26 03:37:21 UTC 2026","Sun Apr 26 03:37:21 UTC 2026","0","tests.cart","test_exclusive_preorder_cart_update","","","","test_cart_update_checks_permission_for_exclusive_400[client]","
    Негатив
      - availability_items.is_exclusive_preorder_only=true
      - permission отсутствует
      => /cart/update ДОЛЖЕН вернуть 400
    "
"broken","Sun Apr 26 03:17:47 UTC 2026","Sun Apr 26 03:17:47 UTC 2026","0","tests.admin_panel.slides","test_59_update_slide","","","","test_update_slide_invalid_payload[payload1-expected_code1]","
    Негативный тест: обновление слайда с невалидным или неполным телом запроса
    "
"broken","Sun Apr 26 03:33:21 UTC 2026","Sun Apr 26 03:33:21 UTC 2026","0","tests.catalog","test_delete_admin_product_translation","","","","test_delete_admin_product_translation_forbidden[client]","Удаление перевода не-админом — должно вернуть 403."
"broken","Sun Apr 26 03:23:28 UTC 2026","Sun Apr 26 03:23:28 UTC 2026","0","tests.admin_panel.categories","test_57_v2_update_category","","","","test_v2_update_category_forbidden[partner]","Негативный тест: попытка обновления категории не-админом."
"passed","Sun Apr 26 03:34:58 UTC 2026","Sun Apr 26 03:34:59 UTC 2026","531","tests.delivery","test_get_rupost_offices","","","","test_get_rupost_offices_success[439930-client]",""
"failed","Sun Apr 26 03:37:45 UTC 2026","Sun Apr 26 03:37:46 UTC 2026","999","tests.account","test_delete_cover_url","","","","test_delete_cover_full_payload[partner]",""
"passed","Sun Apr 26 03:30:21 UTC 2026","Sun Apr 26 03:30:22 UTC 2026","773","tests.catalog","test_product_get_by_id","","","","test_get_product_by_id_invalid_string[ ]","
    Негативный: ID строкового типа
    "
"passed","Sun Apr 26 03:38:08 UTC 2026","Sun Apr 26 03:38:09 UTC 2026","1116","tests.catalog","test_get_items_list","","","","test_get_items_list_success[admin]","
    Позитивный тест: успешное получение списка атомарных товаров
    "
"passed","Sun Apr 26 03:16:58 UTC 2026","Sun Apr 26 03:17:02 UTC 2026","3341","tests.cart","test_12_cart_estimate_delivery","","","","test_estimate_delivery_success[partner-haypost-payload5]","
    Позитив: корзина с товаром, выбор способа доставки и расчёт стоимости для разных служб
    "
"passed","Sun Apr 26 03:21:07 UTC 2026","Sun Apr 26 03:21:07 UTC 2026","504","tests.delivery","test_get_cities_v2","","","","test_get_cities_v2_invalid_city_name_should_fail[   -admin]","
    Негатив: city_name — строка, minLength=2
    "
"passed","Sun Apr 26 03:27:29 UTC 2026","Sun Apr 26 03:27:30 UTC 2026","740","tests.reviews","test_reviews_list_post","","","","test_reviews_list_invalid_enums_return_client_error[bad_payload2]",""
"skipped","Sun Apr 26 03:35:14 UTC 2026","Sun Apr 26 03:35:14 UTC 2026","0","tests.account","test_update","","","","test_update_account_positive[partner-payload1]","Позитивные тесты на обновление данных аккаунта"
"passed","Sun Apr 26 03:10:44 UTC 2026","Sun Apr 26 03:10:45 UTC 2026","1027","tests.tickets","test_04_create_ticket","","","","test_create_ticket_success[admin-attachments0-ChangePersonalData]","Позитивный тест: создание тикета с разными темами и вложениями для клиента, партнера и админа"
"skipped","Sun Apr 26 03:31:09 UTC 2026","Sun Apr 26 03:31:09 UTC 2026","0","tests.PROJECT_EDUCATION.test_system","test_06_get_result","","","","test_get_result__200","
    Позитив:
    - гасим активные сессии
    - стартуем
    - finish
    - GET /result -> 200
    - после теста гасим активные сессии
    "
"passed","Sun Apr 26 03:32:40 UTC 2026","Sun Apr 26 03:32:40 UTC 2026","475","tests.tickets","test_11_update_message","","","","test_update_nonexistent_message[partner]","Негативный тест: попытка редактирования несуществующего сообщения"
"passed","Sun Apr 26 03:12:58 UTC 2026","Sun Apr 26 03:12:59 UTC 2026","491","tests.delivery","test_01_save_delivery_address","","","","test_save_address_invalid_types_should_fail[email-None-client]",""
"passed","Sun Apr 26 03:35:04 UTC 2026","Sun Apr 26 03:35:05 UTC 2026","694","tests.register","test_02_register_partner","","","","test_register_partner_negative[payload2-400]","Тест: негативные тесты для регистрации партнера вручную"
"failed","Sun Apr 26 03:22:43 UTC 2026","Sun Apr 26 03:22:44 UTC 2026","715","tests.admin_panel.promo","test_72_create_promotion","","","","test_create_promotion_invalid_data[payload12-422]","Негативные тесты: невалидные данные"
"skipped","Sun Apr 26 03:17:58 UTC 2026","Sun Apr 26 03:17:58 UTC 2026","0","tests.admin_panel.categories","test_50_upload_category_images","","","","test_upload_category_images_file_too_large[4.7-fields_to_send0-204]","Негативный тест: загрузка слишком большого изображения."
"broken","Sun Apr 26 03:18:22 UTC 2026","Sun Apr 26 03:18:22 UTC 2026","0","tests.one_c","test_free_delivery_to_regions_and_cities","","","","test_1c_free_delivery_bad_request_for_invalid_regions_type",""
"broken","Sun Apr 26 03:18:23 UTC 2026","Sun Apr 26 03:18:23 UTC 2026","0","tests.one_c","test_free_delivery_to_regions_and_cities","","","","test_1c_free_delivery_no_changes_when_regions_and_cities_null",""
"passed","Sun Apr 26 03:28:25 UTC 2026","Sun Apr 26 03:28:25 UTC 2026","504","tests.auth","test_02_login","","","","test_client_login[client-invalid_email-401]",""
"failed","Sun Apr 26 03:38:26 UTC 2026","Sun Apr 26 03:38:27 UTC 2026","521","tests.account","test_0_family_agreement_get","","","","test_get_family_agreement_positive[payload0-partner]","Позитивные тесты на получение данных о семейном соглашении"
"skipped","Sun Apr 26 03:32:37 UTC 2026","Sun Apr 26 03:32:37 UTC 2026","628","tests.stock","test_get_group_orders","","","","test_get_group_orders_invalid_country_id[0-admin]","Проверка получения складов по невалидному country_id"
"passed","Sun Apr 26 03:32:41 UTC 2026","Sun Apr 26 03:32:42 UTC 2026","754","tests.PROJECT_FUND.initiatives","test_get_initiative_by_id","","","","test_get_initiative_by_invalid_id[abc-https://dev.ewahelps.com/api]",""
"broken","Sun Apr 26 03:21:51 UTC 2026","Sun Apr 26 03:21:51 UTC 2026","0","tests.admin_panel.promo","test_77_create_promotion_item","","","","test_create_promotion_item_invalid_payload[payload3-422]",""
"passed","Sun Apr 26 03:33:15 UTC 2026","Sun Apr 26 03:33:16 UTC 2026","686","tests.admin_panel.sliders","test_55_delete_sliders","","","","test_delete_slider_invalid_id[9999999]","Негативный тест: удаление несуществующего или некорректного слайдера."
"passed","Sun Apr 26 03:32:45 UTC 2026","Sun Apr 26 03:32:46 UTC 2026","710","tests.PROJECT_FUND.initiatives","test_get_initiative_by_id","","","","test_get_initiative_by_invalid_id[1.5-https://dev.ewahelps.com/api]",""
"passed","Sun Apr 26 03:16:45 UTC 2026","Sun Apr 26 03:16:48 UTC 2026","3350","tests.cart","test_12_cart_estimate_delivery","","","","test_estimate_delivery_success[partner-fargo-payload1]","
    Позитив: корзина с товаром, выбор способа доставки и расчёт стоимости для разных служб
    "
"passed","Sun Apr 26 03:29:34 UTC 2026","Sun Apr 26 03:29:35 UTC 2026","667","tests.admin_panel.categories","test_47_get_categories_by_id","","","","test_get_categories_invalid_id[1.5]","Негативный тест: получение категории по невалидному ID."
"skipped","Sun Apr 26 03:12:15 UTC 2026","Sun Apr 26 03:12:15 UTC 2026","0","tests.tickets","test_04_create_ticket","","","","test_create_ticket_invalid_message[client-None]","Негативный тест: создание тикета без сообщения"
"passed","Sun Apr 26 03:33:24 UTC 2026","Sun Apr 26 03:33:24 UTC 2026","603","tests.delivery","test_geo_suggest","","","","test_geo_suggest_success_authorized_contract_and_business[client]",""
"passed","Sun Apr 26 03:13:13 UTC 2026","Sun Apr 26 03:13:13 UTC 2026","513","tests.delivery","test_get_cities","","","","test_get_cities_invalid_page_size_should_fail[-1-admin]","
    Негатив: невалидный page_size → 400/422
    "
"passed","Sun Apr 26 03:12:36 UTC 2026","Sun Apr 26 03:12:37 UTC 2026","1097","tests.delivery","test_01_save_delivery_address","","","","test_save_address_positive_contract_and_cleanup[payload2-partner]",""
"skipped","Sun Apr 26 03:23:24 UTC 2026","Sun Apr 26 03:23:25 UTC 2026","471","tests.statistic","test_team_registrations","","","","test_get_team_registration_statistic_negative[payload1-admin]","Негативный тест: ошибка при получении статистики регистрации команды с невалидным телом запроса"
"passed","Sun Apr 26 03:05:33 UTC 2026","Sun Apr 26 03:05:34 UTC 2026","463","tests.one_c","test_cart_calculate_full_coverage","","","","test_invalid_top_types[packaging-string]",""
"passed","Sun Apr 26 03:22:23 UTC 2026","Sun Apr 26 03:22:24 UTC 2026","640","tests.admin_panel.products","test_40_create_product_brand","","","","test_create_product_brand_invalid_payload[payload1-expected_codes1]","Негативные кейсы: невалидные поля при создании бренда."
"passed","Sun Apr 26 03:15:45 UTC 2026","Sun Apr 26 03:15:46 UTC 2026","504","tests.cart","test_02_get_delivery_cost","","","","test_get_delivery_cost_invalid_payload[client-payload4]","Негатив: некорректные входные данные"
"passed","Sun Apr 26 03:30:18 UTC 2026","Sun Apr 26 03:30:19 UTC 2026","730","tests.catalog","test_product_get_by_id","","","","test_get_product_by_id_not_found[99999999]","
    Негативный: продукт с таким ID отсутствует.
    "
"skipped","Sun Apr 26 03:18:23 UTC 2026","Sun Apr 26 03:18:23 UTC 2026","0","tests.PROJECT_EDUCATION.orders","test_post_orders","","","","test_post_orders_invalid_payload__400_422[payload4]","Негатив: невалидный body"
"passed","Sun Apr 26 03:27:46 UTC 2026","Sun Apr 26 03:27:47 UTC 2026","669","tests.admin_panel","test_01_support_create_user","","","","test_invalid_user_id_returns_client_error[1.23]",""
"passed","Sun Apr 26 03:31:30 UTC 2026","Sun Apr 26 03:31:31 UTC 2026","497","tests.catalog","test_get_admin_product_translation","","","","test_get_admin_product_translation_unauthorized","Запрос перевода без авторизации — 401."
"skipped","Sun Apr 26 03:31:33 UTC 2026","Sun Apr 26 03:31:33 UTC 2026","0","tests.PROJECT_EDUCATION.test_system","test_05_get_info","","","","test_get_info_invalid_id__400_or_404[None]","Негатив: невалидный id в path"
"passed","Sun Apr 26 03:16:11 UTC 2026","Sun Apr 26 03:16:14 UTC 2026","3397","tests.cart","test_12_cart_estimate_delivery","","","","test_estimate_delivery_success[client-haypost-payload6]","
    Позитив: корзина с товаром, выбор способа доставки и расчёт стоимости для разных служб
    "
"skipped","Sun Apr 26 03:07:09 UTC 2026","Sun Apr 26 03:07:10 UTC 2026","842","tests.one_c","test_cart_calculate_full_coverage","","","","test_address_fields[street-]",""
"passed","Sun Apr 26 03:18:30 UTC 2026","Sun Apr 26 03:18:30 UTC 2026","462","tests.cart","test_20_cart_recommended_products","","","","test_cart_recommended_products_wrong_method[client]",""
"skipped","Sun Apr 26 03:12:30 UTC 2026","Sun Apr 26 03:12:30 UTC 2026","0","tests.stock","test_create_stock","","","","test_create_stock_with_empty_string_log_if_not_200[city.post_code]",""
"skipped","Sun Apr 26 03:38:01 UTC 2026","Sun Apr 26 03:38:01 UTC 2026","0","tests.catalog","test_exclusive_preorder_products_by_id","","","","test_products_by_id_exclusive_hidden_without_permission[partner]","
    Негатив:
      - берём exclusive seed
      - гарантируем permission отсутствует
      - /products/{id} должен либо:
          не содержать слот для stock_id
          или slot.is_visible==False
          или slot.in_stock==0
    "
"passed","Sun Apr 26 03:21:16 UTC 2026","Sun Apr 26 03:21:17 UTC 2026","682","tests.admin_panel.slides","test_57_create_slide","","","","test_create_slide_invalid_payload[payload0-expected_code0]","Негативные тесты: некорректные и неполные payload'ы"
"skipped","Sun Apr 26 03:32:14 UTC 2026","Sun Apr 26 03:32:14 UTC 2026","0","tests.fund","test_get_top_donors","","","","test_get_top_donors_invalid_params[invalid_param0-https://dev.ewahelps.com/api]","Негатив: неверные параметры должны дать 400 (при рабочем маршруте)."
"passed","Sun Apr 26 03:29:26 UTC 2026","Sun Apr 26 03:29:27 UTC 2026","652","tests.admin_panel","test_partner_accrual_details_main_bonus","","","","test_main_bonus_details_invalid_query_params[query0-expected_codes0]","
    Негатив: валидация query-параметров main-bonus
    "
"broken","Sun Apr 26 03:21:14 UTC 2026","Sun Apr 26 03:21:14 UTC 2026","0","tests.catalog","test_update_admin_product","","","","test_update_admin_product_type_not_allowed",""
"passed","Sun Apr 26 03:05:58 UTC 2026","Sun Apr 26 03:05:59 UTC 2026","817","tests.one_c","test_cart_calculate_full_coverage","","","","test_products_various_qty[10]",""
"passed","Sun Apr 26 03:32:38 UTC 2026","Sun Apr 26 03:32:39 UTC 2026","612","tests.stock","test_get_group_orders","","","","test_get_group_orders_returns_only_group_order_stocks[partner]",""
"skipped","Sun Apr 26 03:12:17 UTC 2026","Sun Apr 26 03:12:17 UTC 2026","0","tests.tickets","test_01_get_tickets","","","","test_get_tickets_success[filter0-sort0-search1-pagination0-admin]","Позитивный тест: получение списка тикетов с разными комбинациями параметров"
"failed","Sun Apr 26 03:22:29 UTC 2026","Sun Apr 26 03:22:29 UTC 2026","643","tests.admin_panel.products","test_40_create_product_brand","","","","test_create_product_brand_invalid_payload[payload9-expected_codes9]","Негативные кейсы: невалидные поля при создании бренда."
"broken","Sun Apr 26 03:21:38 UTC 2026","Sun Apr 26 03:21:38 UTC 2026","0","tests.delivery","test_self_pickup_offices","","","","test_self_pickup_offices_visibility_toggle_single[admin]","
    интеграционный:
    1) Дёргаем список ПВЗ — убеждаемся, что в городе ровно 1 запись
    2) В БД выставляем is_visible = false для этого офиса
    3) Дёргаем список снова — ожидаем 0 записей
    4) Возвращаем is_visible = true и проверяем, что офис снова появился
    "
"skipped","Sun Apr 26 03:35:14 UTC 2026","Sun Apr 26 03:35:14 UTC 2026","0","tests.account","test_history_personal_volumes_admin","","","","test_get_personal_volumes_history_admin_positive[admin-payload1]","Позитивные тесты на получение истории начисления личных объемов для админа"
"skipped","Sun Apr 26 03:37:21 UTC 2026","Sun Apr 26 03:37:21 UTC 2026","0","tests.cart","test_exclusive_preorder_cart_update_multi","","","","test_cart_update_multi_checks_auth_first_400",""
"passed","Sun Apr 26 03:38:13 UTC 2026","Sun Apr 26 03:38:13 UTC 2026","498","tests.delivery","test_get_five_post_warehouses","","","","test_get_five_post_warehouses_forbidden_for_non_admins[client]","Негатив: доступ к списку складов 5Post разрешён только админу."
"skipped","Sun Apr 26 03:07:24 UTC 2026","Sun Apr 26 03:07:25 UTC 2026","532","tests.one_c","test_cart_calculate_full_coverage","","","","test_random_cart[10]",""
"skipped","Sun Apr 26 03:12:30 UTC 2026","Sun Apr 26 03:12:30 UTC 2026","0","tests.stock","test_create_stock","","","","test_create_stock_with_empty_string_log_if_not_200[city.longitude]",""
"passed","Sun Apr 26 03:23:54 UTC 2026","Sun Apr 26 03:23:54 UTC 2026","502","tests.orders","test_create_order_by_delivery_address","","","","test_create_order_invalid_data[invalid_payload3-expected_status3-partner]",""
"passed","Sun Apr 26 03:27:20 UTC 2026","Sun Apr 26 03:27:20 UTC 2026","487","tests.reviews","test_reviews_list_post","","","","test_reviews_list_requires_auth_unauthorized",""
"broken","Sun Apr 26 03:18:26 UTC 2026","Sun Apr 26 03:18:26 UTC 2026","0","tests.admin_panel.promo","test_74_update_promotion","","","","test_update_promotion_invalid_payload[payload6-400]","Негативный тест: обновление акции с невалидным или неполным телом запроса"
"passed","Sun Apr 26 03:31:09 UTC 2026","Sun Apr 26 03:31:09 UTC 2026","675","tests.admin_panel","test_03_support_delete_user","","","","test_invalid_id_returns_client_error[None]","
    Кривой/отсутствующий id в path:
    ожидаем клиентскую ошибку (400/404/405), а не 5xx.
    "
"skipped","Sun Apr 26 03:27:45 UTC 2026","Sun Apr 26 03:27:45 UTC 2026","0","tests.account","test_get_languages","","","","test_get_languages_unauthorized","Негативный тест: получение списка языков без авторизации."
"passed","Sun Apr 26 03:24:08 UTC 2026","Sun Apr 26 03:24:09 UTC 2026","1113","tests.account","test_history_group_volumes","","","","test_group_volumes_history_happy_path_contract[2-20-admin]",""
"passed","Sun Apr 26 03:32:07 UTC 2026","Sun Apr 26 03:32:08 UTC 2026","729","tests.cart","test_08_cart_delete","","","","test_delete_cart_item_invalid_payload[partner-payload1]","Негатив: невалидный payload при удалении позиции"
"passed","Sun Apr 26 03:24:11 UTC 2026","Sun Apr 26 03:24:12 UTC 2026","491","tests.account","test_history_group_volumes","","","","test_group_volumes_history_invalid_query_params[params0-admin]",""
"failed","Sun Apr 26 03:37:59 UTC 2026","Sun Apr 26 03:37:59 UTC 2026","463","tests.cart","test_25_cart_city_guessed_flag","","","","test_city_guessed_authorized_after_explicit_city_choice[client]","
    Авторизованный пользователь явно выбирает город через /cart/save_city
    - выбор города сохраняется
    - далее is_city_guessed уже не может быть True
    "
"passed","Sun Apr 26 03:22:07 UTC 2026","Sun Apr 26 03:22:07 UTC 2026","464","tests.delivery","test_02_get_delivery_address","","","","test_history_invalid_pagination_should_fail[bad_body5-client]","
    Негатив: валидация PaginationRequest
    "
"skipped","Sun Apr 26 03:35:14 UTC 2026","Sun Apr 26 03:35:14 UTC 2026","0","tests.account","test_family_agreement_create_three","","","","test_create_family_agreement_three_positive[client-payload1]","Позитивные тесты на создание семейного соглашения при аннулировании второго партнера"
"skipped","Sun Apr 26 03:34:39 UTC 2026","Sun Apr 26 03:34:40 UTC 2026","496","tests.delivery","test_get_europost_offices","","","","test_get_europost_offices_unauthorized",""
"skipped","Sun Apr 26 03:12:17 UTC 2026","Sun Apr 26 03:12:17 UTC 2026","0","tests.tickets","test_01_get_tickets","","","","test_get_tickets_success[filter1-sort1-search1-pagination1-partner]","Позитивный тест: получение списка тикетов с разными комбинациями параметров"
"skipped","Sun Apr 26 03:39:20 UTC 2026","Sun Apr 26 03:39:20 UTC 2026","0","tests.PROJECT_EDUCATION.orders","test_get_order_by_id","","","","test_get_order_by_id__unauthorized__401_403",""
"passed","Sun Apr 26 03:11:04 UTC 2026","Sun Apr 26 03:11:06 UTC 2026","1992","tests.tickets","test_04_create_ticket","","","","test_create_ticket_success[admin-attachments1-QuestionsAboutTheWorkOfTheStructureAndMentors]","Позитивный тест: создание тикета с разными темами и вложениями для клиента, партнера и админа"
"skipped","Sun Apr 26 03:07:11 UTC 2026","Sun Apr 26 03:07:12 UTC 2026","806","tests.one_c","test_cart_calculate_full_coverage","","","","test_address_fields[city-aaaaaaaaaaaaaaaaaaaaaaaaaaaaaaaaaaaaaaaaaaaaaaaaaaaaaaaaaaaaaaaaaaaaaaaaaaaaaaaaaaaaaaaaaaaaaaaaaaaaaaaaaaaaaaaaaaaaaaaaaaaaaaaaaaaaaaaaaaaaaaaaaaaaaaaaaaaaaaaaaaaaaaaaaaaaaaaaaaaaaaaaaaaaaaaaaaaaaaaaaaaaaaaaaaaaaaaaaaaaaaaaaaaaaaaaaaaaaaaaaaaaaaaaaaaaaaaaaaaaaaaaaaaaaaaaaaaaaaaaaaaaaaaaaaaaaaaaaaaa]",""
"passed","Sun Apr 26 03:31:51 UTC 2026","Sun Apr 26 03:31:51 UTC 2026","472","tests.admin_panel.promo","test_76_get_promotion_items","","","","test_get_promotion_item_unauthorized","Негативный тест: без авторизации"
"broken","Sun Apr 26 03:31:47 UTC 2026","Sun Apr 26 03:31:47 UTC 2026","0","tests.admin_panel.products","test_product_files_get_upload_urls","","","","test_get_upload_urls_response_contract",""
"passed","Sun Apr 26 03:36:05 UTC 2026","Sun Apr 26 03:36:05 UTC 2026","872","tests.cart","test_21_cart_shareable","","","","test_cart_shareable_unauthorized_after_logout[partner]","
    Негатив: ссылка создана авторизованным пользователем, затем пользователь разлогинен
    и пытается открыть корзину по этой ссылке
    "
"passed","Sun Apr 26 03:11:58 UTC 2026","Sun Apr 26 03:11:59 UTC 2026","992","tests.tickets","test_04_create_ticket","","","","test_create_ticket_invalid_request_type[client--200]","Негативный тест: попытка создания тикета с неверным типом request_type"
"passed","Sun Apr 26 03:34:27 UTC 2026","Sun Apr 26 03:34:27 UTC 2026","517","tests.catalog","test_get_items_list_all","","","","test_get_items_list_all_unauthorized",""
"passed","Sun Apr 26 03:13:16 UTC 2026","Sun Apr 26 03:13:17 UTC 2026","466","tests.delivery","test_get_cities","","","","test_get_cities_invalid_country_id_should_fail[abc-admin]","
    Негатив: невалидный country_id → 400/422
    "
"passed","Sun Apr 26 03:24:15 UTC 2026","Sun Apr 26 03:24:16 UTC 2026","720","tests.admin_panel","test_04_generate_support_token","","","","test_invalid_user_id_for_token_returns_client_error[0]",""
"skipped","Sun Apr 26 03:38:01 UTC 2026","Sun Apr 26 03:38:01 UTC 2026","0","tests.catalog","test_exclusive_preorder_products_by_id","","","","test_products_by_id_exclusive_in_stock_with_permission[client]","
    Позитив:
      - берём product_id+item_id по /products/list (exclusive)
      - permission remaining_quantity=2
      - /products/{id} должен отдать availability слот для stock_id:
           is_exclusive_preorder_only==True (если поле есть)
           is_visible==True (если поле есть)
           in_stock==2 (если поле есть)
    "
"broken","Sun Apr 26 03:24:17 UTC 2026","Sun Apr 26 03:24:17 UTC 2026","0","tests.admin_panel.items","test_update_item","","","","test_update_item_invalid_payload[payload3-400]","Негативный тест: обновление item с невалидным или неполным телом запроса."
"passed","Sun Apr 26 03:07:30 UTC 2026","Sun Apr 26 03:07:31 UTC 2026","1033","tests.tickets","test_04_create_ticket","","","","test_create_ticket_success[client-attachments0-QuestionsAboutTheHousingAndCarProgram]","Позитивный тест: создание тикета с разными темами и вложениями для клиента, партнера и админа"
"broken","Sun Apr 26 03:31:09 UTC 2026","Sun Apr 26 03:31:09 UTC 2026","0","tests.admin_panel","test_03_support_delete_user","","","","test_client_cannot_delete_support",""
"skipped","Sun Apr 26 03:17:48 UTC 2026","Sun Apr 26 03:17:48 UTC 2026","0","tests.account","test_0_marathon","","","","test_create_product_brand_invalid_payload[params0-400-admin]",""
"passed","Sun Apr 26 03:31:56 UTC 2026","Sun Apr 26 03:31:56 UTC 2026","463","tests.auth","test_01_check_version","","","","test_check_version[Android-0.9.0-200]","Тест проверяет API /check_version для разных платформ и версий."
"passed","Sun Apr 26 03:10:49 UTC 2026","Sun Apr 26 03:10:50 UTC 2026","1022","tests.tickets","test_04_create_ticket","","","","test_create_ticket_success[admin-attachments0-ReceivingProductsShortage]","Позитивный тест: создание тикета с разными темами и вложениями для клиента, партнера и админа"
"passed","Sun Apr 26 03:29:43 UTC 2026","Sun Apr 26 03:29:43 UTC 2026","719","tests.admin_panel.promo","test_73_get_promotion_by_id","","","","test_get_promotion_invalid_id[0]","Негативный тест: получение акции по невалидному ID"
"passed","Sun Apr 26 03:21:48 UTC 2026","Sun Apr 26 03:21:48 UTC 2026","638","tests.admin_panel.items","test_create_item_translation","","","","test_create_item_translation_invalid_payload[payload6-code6]","Негативный тест: создание перевода с невалидным payload."
"failed","Sun Apr 26 03:22:51 UTC 2026","Sun Apr 26 03:22:52 UTC 2026","667","tests.admin_panel.sliders","test_52_create_slider","","","","test_create_slider_invalid_payload[payload7-422]","Негативный тест: попытка создать слайдер с невалидным payload."
"passed","Sun Apr 26 03:10:33 UTC 2026","Sun Apr 26 03:10:34 UTC 2026","981","tests.tickets","test_04_create_ticket","","","","test_create_ticket_success[admin-attachments0-QuestionsAboutInternationalDelivery]","Позитивный тест: создание тикета с разными темами и вложениями для клиента, партнера и админа"
"passed","Sun Apr 26 03:33:00 UTC 2026","Sun Apr 26 03:33:01 UTC 2026","489","tests.admin_panel.categories","test_81_delete_category_translation","","","","test_delete_category_translation_unauthorized","Негативный тест: удаление перевода без авторизации."
"failed","Sun Apr 26 03:38:52 UTC 2026","Sun Apr 26 03:38:52 UTC 2026","491","tests.cart","test_22_cart_fill_advanced_cost","","","","test_fill_advanced_cost_without_items_returns_ok[client]","
    допускается расчёт delivery без items
    "
"passed","Sun Apr 26 03:22:32 UTC 2026","Sun Apr 26 03:22:32 UTC 2026","687","tests.admin_panel.products","test_42_update_product_brand","","","","test_update_product_brand_invalid_id[-1]","Негативный тест: несуществующий или некорректный ID."
"failed","Sun Apr 26 03:39:25 UTC 2026","Sun Apr 26 03:39:26 UTC 2026","492","tests.cart","test_24_cart_delivery_smoke","","","","test_smoke_delivery_recalculation_flow[client]","
    Smoke: сценарий пересчёта доставки
    1. Подготовили корзину с товаром, location и delivery_method
    2. Явно рассчитали доставку через POST /cart/fill_advanced_cost →
       advance_costs заполнены
    3. Изменили количество товара через /cart/update с calculate_delivery=false →
       advance_costs очищены
    4. Снова явно рассчитали доставку →
       advance_costs снова заполнены
    "
"skipped","Sun Apr 26 03:31:03 UTC 2026","Sun Apr 26 03:31:04 UTC 2026","693","tests.tickets","test_09_get_ticket_messages","","","","test_get_ticket_messages_invalid_id","Негативный тест: запрос с несуществующим ID тикета"
"broken","Sun Apr 26 03:33:58 UTC 2026","Sun Apr 26 03:33:58 UTC 2026","0","tests.admin_panel.slides","test_62_slides_update_video_url","","","","test_update_video_url_success","Позитивный тест: успешное обновление ссылки на видео мастер-файл.
    "
"skipped","Sun Apr 26 03:35:41 UTC 2026","Sun Apr 26 03:35:42 UTC 2026","798","tests.cart","test_06_cart_update","","","","test_update_cart_item_invalid_payload[partner-payload0]","Негатив: невалидный payload"
"skipped","Sun Apr 26 03:35:22 UTC 2026","Sun Apr 26 03:35:22 UTC 2026","0","tests.account","test_update_default_stock","","","","test_update_default_stock_positive[client-payload1]","Позитивные тесты на изменение дефолтного склада"
"passed","Sun Apr 26 03:25:20 UTC 2026","Sun Apr 26 03:25:20 UTC 2026","526","tests.account","test_get_account_exists","","","","test_get_account_exists_positive[params1-admin]","Нкгатив: невлидны id"
"skipped","Sun Apr 26 03:12:18 UTC 2026","Sun Apr 26 03:12:18 UTC 2026","0","tests.tickets","test_01_get_tickets","","","","test_get_tickets_success[filter2-sort1-search0-pagination1-partner]","Позитивный тест: получение списка тикетов с разными комбинациями параметров"
"passed","Sun Apr 26 03:26:36 UTC 2026","Sun Apr 26 03:26:36 UTC 2026","519","tests.delivery","test_get_boxberry_offices","","","","test_get_boxberry_offices_missing_city_id_should_fail[admin]",""
"skipped","Sun Apr 26 03:35:14 UTC 2026","Sun Apr 26 03:35:14 UTC 2026","0","tests.account","test_history_personal_volumes","","","","test_get_personal_volumes_history_positive[partner-payload1]","Позитивные тесты на получение истории начисления личных объемов"
"passed","Sun Apr 26 03:18:42 UTC 2026","Sun Apr 26 03:18:42 UTC 2026","714","tests.cart","test_20_cart_recommended_products","","","","test_cart_recommended_products_invalid_cart_cookie_no_500[null-client]","
    невалидный cart_id в cookie
    "
"skipped","Sun Apr 26 03:12:30 UTC 2026","Sun Apr 26 03:12:30 UTC 2026","0","tests.stock","test_create_stock","","","","test_create_stock_with_empty_string_log_if_not_200[is_closed]",""
"broken","Sun Apr 26 03:23:30 UTC 2026","Sun Apr 26 03:23:30 UTC 2026","0","tests.admin_panel.categories","test_57_v2_update_category","","","","test_v2_update_category_invalid_payload[payload5-422]","Негативный тест: обновление категории с невалидным или неполным телом запроса."
"skipped","Sun Apr 26 03:35:14 UTC 2026","Sun Apr 26 03:35:14 UTC 2026","0","tests.account","test_funds_transfer_list","","","","test_get_funds_transfer_list_positive[client-payload0]","Позитивные тесты на получение истории переводов/выводов средств"
"failed","Sun Apr 26 03:31:43 UTC 2026","Sun Apr 26 03:31:44 UTC 2026","670","tests.admin_panel","test_accrue_auto_bonus","","","","test_accrue_auto_bonus_invalid_payload[payload1-400]",""
"passed","Sun Apr 26 03:14:36 UTC 2026","Sun Apr 26 03:14:39 UTC 2026","3119","tests.cart","test_01_user_locale","","","","test_update_user_locale_invalid_payload[client-payload2]",""
"skipped","Sun Apr 26 03:31:18 UTC 2026","Sun Apr 26 03:31:18 UTC 2026","0","tests.admin_panel","test_accrue_presidential_pool","","","","test_accrue_presidential_pool_invalid_payload[payload0-400]",""
"broken","Sun Apr 26 03:18:26 UTC 2026","Sun Apr 26 03:18:26 UTC 2026","0","tests.admin_panel.promo","test_74_update_promotion","","","","test_update_promotion_invalid_payload[payload3-400]","Негативный тест: обновление акции с невалидным или неполным телом запроса"
"passed","Sun Apr 26 03:24:12 UTC 2026","Sun Apr 26 03:24:12 UTC 2026","516","tests.account","test_history_group_volumes","","","","test_group_volumes_history_invalid_query_params[params1-client]",""
"passed","Sun Apr 26 03:33:19 UTC 2026","Sun Apr 26 03:33:19 UTC 2026","681","tests.admin_panel.slides","test_60_delete_slides","","","","test_delete_slide_invalid_id[9999999]","Негативный тест: удаление несуществующего или некорректного слайда"
"passed","Sun Apr 26 03:26:29 UTC 2026","Sun Apr 26 03:26:30 UTC 2026","164","tests.cart","test_delivery_address_save_apply","","","","test_save_address_invalid_payload[payload7]",""
"passed","Sun Apr 26 03:09:15 UTC 2026","Sun Apr 26 03:09:16 UTC 2026","976","tests.tickets","test_04_create_ticket","","","","test_create_ticket_success[partner-attachments0-ReceivingDefectiveProductsOrShortage]","Позитивный тест: создание тикета с разными темами и вложениями для клиента, партнера и админа"
"skipped","Sun Apr 26 03:38:48 UTC 2026","Sun Apr 26 03:38:48 UTC 2026","462","tests.cart","test_18_cart_available_countries","","","","test_cart_available_countries_unauthorized","Негатив: вызов без авторизации/корзины"
"passed","Sun Apr 26 03:11:40 UTC 2026","Sun Apr 26 03:11:41 UTC 2026","1667","tests.tickets","test_04_create_ticket","","","","test_create_ticket_success[admin-attachments2-QuestionsAboutTheMarriageContract]","Позитивный тест: создание тикета с разными темами и вложениями для клиента, партнера и админа"
"passed","Sun Apr 26 03:31:14 UTC 2026","Sun Apr 26 03:31:15 UTC 2026","673","tests.admin_panel","test_05_admin_support_users_token_revoke_all","","","","test_invalid_user_id_for_revoke_all_returns_client_error[]",""
"skipped","Sun Apr 26 03:06:54 UTC 2026","Sun Apr 26 03:06:55 UTC 2026","824","tests.one_c","test_cart_calculate_full_coverage","","","","test_email_validation[shipping_customer-invalid]",""
"failed","Sun Apr 26 03:37:11 UTC 2026","Sun Apr 26 03:37:12 UTC 2026","499","tests.auth","test_05_logout","","","","test_logout_success[client]","Тест разлогинивания с валидным токеном (клиент, партнёр, админ)"
"skipped","Sun Apr 26 03:17:58 UTC 2026","Sun Apr 26 03:17:58 UTC 2026","0","tests.admin_panel.categories","test_50_upload_category_images","","","","test_upload_category_images_success","Позитивный тест: успешная загрузка изображений категории через multipart/form-data."
"skipped","Sun Apr 26 03:17:48 UTC 2026","Sun Apr 26 03:17:48 UTC 2026","0","tests.account","test_0_marathon","","","","test_create_product_brand_invalid_payload[params1-400-client]",""
"broken","Sun Apr 26 03:18:26 UTC 2026","Sun Apr 26 03:18:26 UTC 2026","0","tests.admin_panel.promo","test_74_update_promotion","","","","test_update_promotion_invalid_payload[payload8-400]","Негативный тест: обновление акции с невалидным или неполным телом запроса"
"passed","Sun Apr 26 03:09:08 UTC 2026","Sun Apr 26 03:09:09 UTC 2026","978","tests.tickets","test_04_create_ticket","","","","test_create_ticket_success[partner-attachments0-QuestionsAboutTheMarriageContract]","Позитивный тест: создание тикета с разными темами и вложениями для клиента, партнера и админа"
"passed","Sun Apr 26 03:35:27 UTC 2026","Sun Apr 26 03:35:27 UTC 2026","462","tests.admin_panel","test_report_accruals","","","","test_report_accruals_unauthorized",""
"passed","Sun Apr 26 03:10:12 UTC 2026","Sun Apr 26 03:10:14 UTC 2026","1659","tests.tickets","test_04_create_ticket","","","","test_create_ticket_success[partner-attachments2-QuestionsAboutTheRewardSystemMarketingPlan]","Позитивный тест: создание тикета с разными темами и вложениями для клиента, партнера и админа"
"passed","Sun Apr 26 03:24:13 UTC 2026","Sun Apr 26 03:24:13 UTC 2026","529","tests.account","test_history_group_volumes","","","","test_group_volumes_history_invalid_query_params[params1-admin]",""
"passed","Sun Apr 26 03:33:01 UTC 2026","Sun Apr 26 03:33:02 UTC 2026","723","tests.admin_panel.categories","test_81_delete_category_translation","","","","test_delete_category_translation_invalid_id[0]","Негативный тест: удаление перевода с невалидным ID категории."
"passed","Sun Apr 26 03:27:04 UTC 2026","Sun Apr 26 03:27:04 UTC 2026","515","tests.delivery","test_get_emu_pickup_points","","","","test_get_emu_pickup_points_invalid_city_id_should_fail[bad_city_id7-admin]","Негатив: невалидные значения city_id → 400/422."
"passed","Sun Apr 26 03:10:29 UTC 2026","Sun Apr 26 03:10:30 UTC 2026","1043","tests.tickets","test_04_create_ticket","","","","test_create_ticket_success[admin-attachments0-QuestionsAboutTheHousingAndCarProgram]","Позитивный тест: создание тикета с разными темами и вложениями для клиента, партнера и админа"
"broken","Sun Apr 26 03:23:33 UTC 2026","Sun Apr 26 03:23:33 UTC 2026","0","tests.admin_panel.items","test_create_item","","","","test_create_item_invalid_payload[payload7-expected_code7]","
    Негативный тест: создание варианта с невалидным телом запроса.
    Если сервер внезапно вернул успех — удаляем созданный item из БД.
    "
"passed","Sun Apr 26 03:29:55 UTC 2026","Sun Apr 26 03:29:55 UTC 2026","726","tests.admin_panel.slides","test_58_get_slides_by_id","","","","test_get_slides_invalid_id[]","Негативный тест: невалидный ID в path-параметре"
"skipped","Sun Apr 26 03:30:25 UTC 2026","Sun Apr 26 03:30:25 UTC 2026","0","tests.chat_support","test_01_support_chat_messages_post","","","","test_create_message_wrong_field_types_returns_400[client-payload0]","
    Негатив: неверные типы полей → 400
    "
"broken","Sun Apr 26 03:17:47 UTC 2026","Sun Apr 26 03:17:47 UTC 2026","0","tests.admin_panel.slides","test_59_update_slide","","","","test_update_slide_invalid_payload[payload7-expected_code7]","
    Негативный тест: обновление слайда с невалидным или неполным телом запроса
    "
"passed","Sun Apr 26 03:21:36 UTC 2026","Sun Apr 26 03:21:36 UTC 2026","493","tests.delivery","test_self_pickup_offices","","","","test_self_pickup_offices_invalid_params[admin-params2]","
    Негатив: невалидные параметры  = 400
    "
"broken","Sun Apr 26 03:23:55 UTC 2026","Sun Apr 26 03:23:55 UTC 2026","0","tests.account","test_account_branded_wallet_upload","","","","test_upload_success[valid_jpg.jpg-partner]","Позитив: валидное изображение (PNG/JPG) → 200 + корректная схема"
"passed","Sun Apr 26 03:29:25 UTC 2026","Sun Apr 26 03:29:26 UTC 2026","519","tests.admin_panel","test_partner_accrual_details_main_bonus","","","","test_main_bonus_details_unauthorized","
    Негатив: без токена
    "
"passed","Sun Apr 26 03:29:58 UTC 2026","Sun Apr 26 03:29:59 UTC 2026","534","tests.cart","test_09_cart_save_region","","","","test_save_region_by_name_eaes_invalid[client]","Негатив: для ЕАЭС region_name не разрешён"
"passed","Sun Apr 26 03:22:33 UTC 2026","Sun Apr 26 03:22:34 UTC 2026","685","tests.admin_panel.products","test_42_update_product_brand","","","","test_update_product_brand_invalid_id[9999999]","Негативный тест: несуществующий или некорректный ID."
"passed","Sun Apr 26 03:06:18 UTC 2026","Sun Apr 26 03:06:19 UTC 2026","858","tests.one_c","test_cart_calculate_full_coverage","","","","test_packaging_missing_fields[price]",""
"broken","Sun Apr 26 03:21:43 UTC 2026","Sun Apr 26 03:21:43 UTC 2026","0","tests.admin_panel.items","test_create_item_translation","","","","test_create_item_translation_success[uz]",""
"passed","Sun Apr 26 03:31:47 UTC 2026","Sun Apr 26 03:31:47 UTC 2026","477","tests.admin_panel.products","test_product_files_get_upload_urls","","","","test_get_upload_urls_forbidden[partner]",""
"skipped","Sun Apr 26 03:29:23 UTC 2026","Sun Apr 26 03:29:23 UTC 2026","0","tests.tickets","test_06_close_ticket","","","","test_close_tickets_negative[client-None-400]","Негативные тесты: закрытие с некорректными данными"
"failed","Sun Apr 26 03:38:44 UTC 2026","Sun Apr 26 03:38:44 UTC 2026","492","tests.cart","test_05_cart_clear","","","","test_clear_cart_success[client]","Позитив: успешная очистка корзины"
"passed","Sun Apr 26 03:19:26 UTC 2026","Sun Apr 26 03:19:31 UTC 2026","5337","tests.cart","test_free_delivery_by_rc_and_belts","","","","test_free_delivery_by_belts_contract[\u041d\u043e\u0432\u043e\u0441\u0438\u0431\u0438\u0440\u0441\u043a-client-zone_2-belt_cfg1]","
    КОНТРАКТ:
    - ручка работает
    - advance_costs может быть []
    - free может быть
    - платная доставка допустима
    "
"skipped","Sun Apr 26 03:31:18 UTC 2026","Sun Apr 26 03:31:18 UTC 2026","0","tests.admin_panel","test_accrue_gold_pro_gift","","","","test_accrue_gold_pro_gift_invalid_payload[payload0-400]",""
"skipped","Sun Apr 26 03:28:04 UTC 2026","Sun Apr 26 03:28:04 UTC 2026","0","tests.admin_panel.minions","test_admin_add_lo","","","","test_post_admin_add_lo_positive_returns_minion_data_and_tracks_admin_accrual","
    Позитивный сценарий:
    - ручка доступна админу
    - принимает user_id и lo
    - возвращает AllUserDataResp
    - содержит поле bonus_system_data.lo_accrual_from_admin
    - значение поля увеличивается на величину lo
    "
"passed","Sun Apr 26 03:35:27 UTC 2026","Sun Apr 26 03:35:28 UTC 2026","487","tests.admin_panel","test_report_accruals","","","","test_report_accruals_forbidden[client]",""
"passed","Sun Apr 26 03:27:46 UTC 2026","Sun Apr 26 03:27:46 UTC 2026","703","tests.admin_panel","test_01_support_create_user","","","","test_invalid_user_id_returns_client_error[abc]",""
"passed","Sun Apr 26 03:18:12 UTC 2026","Sun Apr 26 03:18:12 UTC 2026","168","tests.cart","test_update_location","","","","test_update_location_invalid_types[payload0]",""
"passed","Sun Apr 26 03:21:33 UTC 2026","Sun Apr 26 03:21:33 UTC 2026","475","tests.delivery","test_self_pickup_offices","","","","test_self_pickup_offices_invalid_params[partner-params0]","
    Негатив: невалидные параметры  = 400
    "
"passed","Sun Apr 26 03:34:43 UTC 2026","Sun Apr 26 03:34:44 UTC 2026","500","tests.delivery","test_get_georgian_post_pickup_points","","","","test_get_georgian_post_pickup_points_success[1-client]","Позитив: успешное получение списка ПВЗ грузинской почты по city_id."
"broken","Sun Apr 26 03:21:15 UTC 2026","Sun Apr 26 03:21:15 UTC 2026","0","tests.catalog","test_update_admin_product","","","","test_update_admin_product_invalid_payload[update_payload4-400]",""
"skipped","Sun Apr 26 03:12:18 UTC 2026","Sun Apr 26 03:12:18 UTC 2026","0","tests.tickets","test_01_get_tickets","","","","test_get_tickets_success[filter2-sort0-search2-pagination0-client]","Позитивный тест: получение списка тикетов с разными комбинациями параметров"
"broken","Sun Apr 26 03:21:43 UTC 2026","Sun Apr 26 03:21:43 UTC 2026","0","tests.admin_panel.items","test_create_item_translation","","","","test_create_item_translation_forbidden[client]","Негативный тест: создание перевода не-админом запрещено."
"broken","Sun Apr 26 03:39:18 UTC 2026","Sun Apr 26 03:39:18 UTC 2026","0","tests.orders","test_group_order_v2_stock_fixation","","","","test_group_order_v2_hint_stock_from_other_region_behavior","
    Проверяем поведение backend при передаче stock_id (hint)
    из другого города
    "
"broken","Sun Apr 26 03:18:23 UTC 2026","Sun Apr 26 03:18:23 UTC 2026","0","tests.admin_panel.promo","test_74_update_promotion","","","","test_update_promotion_forbidden[client]","Негативный тест: попытка обновления акции не-админом"
"passed","Sun Apr 26 03:10:10 UTC 2026","Sun Apr 26 03:10:12 UTC 2026","1659","tests.tickets","test_04_create_ticket","","","","test_create_ticket_success[partner-attachments2-QuestionsAboutTheMarriageContract]","Позитивный тест: создание тикета с разными темами и вложениями для клиента, партнера и админа"
"passed","Sun Apr 26 03:28:31 UTC 2026","Sun Apr 26 03:28:32 UTC 2026","581","tests.orders","test_group_order_v2_create","","","","test_group_order_v2_create_without_items_allowed[partner]","
    Групповой заказ может быть создан БЕЗ корзины и БЕЗ item_ids
    "
"passed","Sun Apr 26 03:13:22 UTC 2026","Sun Apr 26 03:13:23 UTC 2026","462","tests.delivery","test_get_cities","","","","test_get_cities_invalid_city_name_should_fail[0-partner]","
    Негатив: city_name — строка
    "
"skipped","Sun Apr 26 03:06:11 UTC 2026","Sun Apr 26 03:06:12 UTC 2026","912","tests.one_c","test_cart_calculate_full_coverage","","","","test_packaging_invalid_numbers[length--1]",""
"failed","Sun Apr 26 03:38:36 UTC 2026","Sun Apr 26 03:38:37 UTC 2026","474","tests.account","test_0_top_partners_game_0824","","","","test_get_top_partners_game_0824_positive[partner]","Позитивные тесты на получение топ-партнеров в игре 08/24"
"skipped","Sun Apr 26 03:35:02 UTC 2026","Sun Apr 26 03:35:02 UTC 2026","489","tests.delivery","test_get_rupost_offices","","","","test_get_rupost_offices_unauthorized",""
"passed","Sun Apr 26 03:29:59 UTC 2026","Sun Apr 26 03:30:00 UTC 2026","515","tests.cart","test_09_cart_save_region","","","","test_save_region_by_name_eaes_invalid[partner]","Негатив: для ЕАЭС region_name не разрешён"
"skipped","Sun Apr 26 03:39:23 UTC 2026","Sun Apr 26 03:39:23 UTC 2026","0","tests.sockets","test_ws_chat_basic","","","","test_ws_message_with_tag_type_persists[partner]","
    Отправка с реальным tag_type из /support-chat/tags:
      - выбираем type и все id с этим type
      - шлём WS-сообщение с tag_type
      - проверяем, что в сообщении есть user_intent_tag и его id из valid_tag_ids.
    "
"passed","Sun Apr 26 03:05:41 UTC 2026","Sun Apr 26 03:05:41 UTC 2026","495","tests.one_c","test_cart_calculate_full_coverage","","","","test_invalid_top_types[date_created-123]",""
"passed","Sun Apr 26 03:24:44 UTC 2026","Sun Apr 26 03:24:45 UTC 2026","1433","tests.reviews","test_reviews_create_post","","","","test_reviews_create_allowed_for_authorized_users[authorize_client]",""
"skipped","Sun Apr 26 03:18:23 UTC 2026","Sun Apr 26 03:18:23 UTC 2026","0","tests.PROJECT_EDUCATION.orders","test_post_orders","","","","test_post_orders_unauthorized__401_403[headers1]","Негатив: без авторизации"
"passed","Sun Apr 26 03:18:20 UTC 2026","Sun Apr 26 03:18:20 UTC 2026","157","tests.cart","test_update_location","","","","test_update_location_international_delivery_city_conflict",""
"passed","Sun Apr 26 03:08:12 UTC 2026","Sun Apr 26 03:08:14 UTC 2026","1805","tests.tickets","test_04_create_ticket","","","","test_create_ticket_success[client-attachments1-OtherQuestions]","Позитивный тест: создание тикета с разными темами и вложениями для клиента, партнера и админа"
"passed","Sun Apr 26 03:25:29 UTC 2026","Sun Apr 26 03:25:32 UTC 2026","2520","tests.cart","test_23_cart_calculate_delivery_flag","","","","test_update_cart_item_with_calculate_delivery_false[partner]","
    Позитив: /cart/update с calculate_delivery=false
    Корзина обновляется, advance_costs не считаются
    "
"broken","Sun Apr 26 03:39:18 UTC 2026","Sun Apr 26 03:39:18 UTC 2026","0","tests.orders","test_group_order_get_extended","","","","test_group_order_roles_mapping_partner_only",""
"broken","Sun Apr 26 03:38:15 UTC 2026","Sun Apr 26 03:38:15 UTC 2026","0","tests.one_c","test_get_1с_stock","","","","test_get_1c_stock_success",""
"passed","Sun Apr 26 03:21:04 UTC 2026","Sun Apr 26 03:21:05 UTC 2026","503","tests.delivery","test_get_cities_v2","","","","test_get_cities_v2_missing_required_params_should_fail[params0-admin]","
    Негатив: отсутствие обязательных параметров country_id/city_name → 400/422
    "
"passed","Sun Apr 26 03:08:35 UTC 2026","Sun Apr 26 03:08:37 UTC 2026","1605","tests.tickets","test_04_create_ticket","","","","test_create_ticket_success[client-attachments2-QuestionsAboutProducts]","Позитивный тест: создание тикета с разными темами и вложениями для клиента, партнера и админа"
"passed","Sun Apr 26 03:25:39 UTC 2026","Sun Apr 26 03:25:41 UTC 2026","2406","tests.cart","test_23_cart_calculate_delivery_flag","","","","test_delete_cart_item_with_calculate_delivery_false[partner]","
    Позитив: /cart/delete с calculate_delivery=false
    Позиция удаляется, advance_costs не считаются
    "
"passed","Sun Apr 26 03:08:33 UTC 2026","Sun Apr 26 03:08:34 UTC 2026","1754","tests.tickets","test_04_create_ticket","","","","test_create_ticket_success[client-attachments2-QuestionsAboutInternationalDelivery]","Позитивный тест: создание тикета с разными темами и вложениями для клиента, партнера и админа"
"skipped","Sun Apr 26 03:30:25 UTC 2026","Sun Apr 26 03:30:25 UTC 2026","0","tests.chat_support","test_01_support_chat_messages_post","","","","test_create_message_without_tag_type_success_partner_client[partner]","
    Позитив: tag_type не обязателен
    "
"passed","Sun Apr 26 03:09:14 UTC 2026","Sun Apr 26 03:09:15 UTC 2026","984","tests.tickets","test_04_create_ticket","","","","test_create_ticket_success[partner-attachments0-ChangePersonalData]","Позитивный тест: создание тикета с разными темами и вложениями для клиента, партнера и админа"
"skipped","Sun Apr 26 03:23:13 UTC 2026","Sun Apr 26 03:23:14 UTC 2026","508","tests.statistic","test_team_go","","","","test_get_team_go_statistic_negative[payload0-admin]","Негативный тест: ошибка при получении статистики по команде с невалидным телом запроса"
"broken","Sun Apr 26 03:24:17 UTC 2026","Sun Apr 26 03:24:17 UTC 2026","0","tests.admin_panel","test_04_generate_support_token","","","","test_support_can_auth_with_old_and_new_tokens","
    - генерим support-токен №1
    - генерим support-токен №2
    - в tokens стало на 2 записи больше для (role=3, id=user_id)
    - оба токена проходят /auth/by_token.
    "
"passed","Sun Apr 26 03:28:05 UTC 2026","Sun Apr 26 03:28:07 UTC 2026","1824","tests.admin_panel.minions","test_admin_add_lo","","","","test_post_admin_add_lo_negative_forbidden_for_non_admin","
    Негативный сценарий: клиентский пользователь не имеет доступа к admin-ручке.
    "
"skipped","Sun Apr 26 03:35:14 UTC 2026","Sun Apr 26 03:35:14 UTC 2026","0","tests.account","test_update","","","","test_update_account_positive[admin-payload0]","Позитивные тесты на обновление данных аккаунта"
"passed","Sun Apr 26 03:09:03 UTC 2026","Sun Apr 26 03:09:04 UTC 2026","988","tests.tickets","test_04_create_ticket","","","","test_create_ticket_success[partner-attachments0-QuestionsAboutInternationalDelivery]","Позитивный тест: создание тикета с разными темами и вложениями для клиента, партнера и админа"
"passed","Sun Apr 26 03:25:46 UTC 2026","Sun Apr 26 03:25:48 UTC 2026","1706","tests.cart","test_23_cart_calculate_delivery_flag","","","","test_update_cart_item_invalid_calculate_delivery_flag[bad_flag3-client]",""
"passed","Sun Apr 26 03:09:21 UTC 2026","Sun Apr 26 03:09:23 UTC 2026","1801","tests.tickets","test_04_create_ticket","","","","test_create_ticket_success[partner-attachments1-QuestionsAboutPaymentsToIP]","Позитивный тест: создание тикета с разными темами и вложениями для клиента, партнера и админа"
"skipped","Sun Apr 26 03:12:30 UTC 2026","Sun Apr 26 03:12:30 UTC 2026","0","tests.stock","test_create_stock","","","","test_create_stock_with_empty_string_log_if_not_200[address.city_id]",""
"passed","Sun Apr 26 03:18:04 UTC 2026","Sun Apr 26 03:18:04 UTC 2026","452","tests.cart","test_update_location","","","","test_update_location_region_name_is_allowed",""
"passed","Sun Apr 26 03:36:03 UTC 2026","Sun Apr 26 03:36:04 UTC 2026","499","tests.cart","test_21_cart_shareable","","","","test_cart_shareable_not_found[partner]","
    запрос по заведомо несуществующей ссылке
    "
"passed","Sun Apr 26 03:33:56 UTC 2026","Sun Apr 26 03:33:56 UTC 2026","507","tests.admin_panel.products","test_02_recommended_products_add","","","","test_add_recommendation_unauthorized","Неавторизованный пользователь"
"skipped","Sun Apr 26 03:05:44 UTC 2026","Sun Apr 26 03:05:45 UTC 2026","1056","tests.one_c","test_cart_calculate_full_coverage","","","","test_products_negative_numbers[total_price--100]",""
"passed","Sun Apr 26 03:33:47 UTC 2026","Sun Apr 26 03:33:47 UTC 2026","535","tests.stock","test_get_stocks","","","","test_get_stocks_country_id_not_found[admin]","Проверка получения складов по несуществующему country_id"
"broken","Sun Apr 26 03:21:51 UTC 2026","Sun Apr 26 03:21:51 UTC 2026","0","tests.admin_panel.promo","test_77_create_promotion_item","","","","test_create_promotion_item_forbidden[client]","Негативный тест: создание элемента акции не-админом запрещено."
"passed","Sun Apr 26 03:32:50 UTC 2026","Sun Apr 26 03:32:51 UTC 2026","698","tests.PROJECT_FUND.initiatives","test_get_report_by_id","","","","test_get_report_by_invalid_id[9999999-https://dev.ewahelps.com/api]","Негативный тест: невалидный или несуществующий path-параметр"
"passed","Sun Apr 26 03:23:52 UTC 2026","Sun Apr 26 03:23:53 UTC 2026","490","tests.orders","test_create_order_by_delivery_address","","","","test_create_order_invalid_data[invalid_payload2-expected_status2-partner]",""
"failed","Sun Apr 26 03:37:19 UTC 2026","Sun Apr 26 03:37:20 UTC 2026","483","tests.cart","test_17_cart_update_user_country","","","","test_update_user_country_success[partner]","Позитив: изменение страны пользователя в заказе"
"passed","Sun Apr 26 03:33:25 UTC 2026","Sun Apr 26 03:33:25 UTC 2026","521","tests.delivery","test_geo_suggest","","","","test_geo_suggest_invalid_query_400[client-missing_query]",""
"broken","Sun Apr 26 03:32:39 UTC 2026","Sun Apr 26 03:32:39 UTC 2026","0","tests.tickets","test_11_update_message","","","","test_update_message_validation[partner-update_payload0-403]","Негативные тесты: невалидные поля при редактировании сообщения"
"broken","Sun Apr 26 03:33:56 UTC 2026","Sun Apr 26 03:33:56 UTC 2026","0","tests.admin_panel.products","test_02_recommended_products_add","","","","test_add_recommendation_no_rights[client]","Пользователь без прав пытается добавить рекомендации"
"skipped","Sun Apr 26 03:35:14 UTC 2026","Sun Apr 26 03:35:14 UTC 2026","0","tests.account","test_family_agreement_create_three","","","","test_create_family_agreement_three_positive[admin-payload0]","Позитивные тесты на создание семейного соглашения при аннулировании второго партнера"
"skipped","Sun Apr 26 03:27:45 UTC 2026","Sun Apr 26 03:27:45 UTC 2026","0","tests.account","test_get_languages","","","","test_get_languages_success[partner--400]","Возвращает список языков, доступных для перевода"
"skipped","Sun Apr 26 03:35:14 UTC 2026","Sun Apr 26 03:35:14 UTC 2026","0","tests.account","test_family_agreement_update_status","","","","test_update_family_agreement_status_positive[partner-payload0]","Позитивные тесты на изменение статуса семейного соглашения"
"broken","Sun Apr 26 03:37:06 UTC 2026","Sun Apr 26 03:37:06 UTC 2026","0","tests.admin_panel.users","test_get_admin_users_exclusive_preorder_permissions","","","","test_get_exclusive_preorder_permissions_success","
    Позитив
    - создаём/обновляем валидный permission для SEED_ITEM_ID
    - читаем список и проверяем, что наша запись присутствует и корректна
    - cleanup
    "
"skipped","Sun Apr 26 03:23:55 UTC 2026","Sun Apr 26 03:23:55 UTC 2026","0","tests.PROJECT_EDUCATION.test_system","test_03_user_answers","","","","test_user_answers_invalid_id__400_or_404[999999]",""
"broken","Sun Apr 26 03:23:55 UTC 2026","Sun Apr 26 03:23:55 UTC 2026","0","tests.account","test_account_branded_wallet_upload","","","","test_upload_success[valid_jpg.jpg-client]","Позитив: валидное изображение (PNG/JPG) → 200 + корректная схема"
"broken","Sun Apr 26 03:39:18 UTC 2026","Sun Apr 26 03:39:18 UTC 2026","0","tests.orders","test_group_order_v2_stock_fixation","","","","test_group_order_v2_uses_local_stock_when_available","
    Если в городе существует локальный склад:
      - can_group_order = true
      - is_enabled = true
      - есть остатки
    backend ОБЯЗАН выбрать именно его,
    без fallback в другой регион
    "
"failed","Sun Apr 26 03:34:45 UTC 2026","Sun Apr 26 03:34:46 UTC 2026","487","tests.delivery","test_get_georgian_post_pickup_points","","","","test_get_georgian_post_pickup_points_invalid_city_id_should_fail[-1-admin]","Негатив: невалидные значения city_id → 400/422."
"passed","Sun Apr 26 03:33:57 UTC 2026","Sun Apr 26 03:33:58 UTC 2026","477","tests.admin_panel.slides","test_62_slides_get_upload_urls","","","","test_get_upload_urls_forbidden[partner]","Негативный тест: неадмин не может получить ссылки на загрузку видео файлов"
"passed","Sun Apr 26 03:16:04 UTC 2026","Sun Apr 26 03:16:08 UTC 2026","3447","tests.cart","test_12_cart_estimate_delivery","","","","test_estimate_delivery_success[client-kgpost-payload4]","
    Позитив: корзина с товаром, выбор способа доставки и расчёт стоимости для разных служб
    "
"broken","Sun Apr 26 03:21:38 UTC 2026","Sun Apr 26 03:21:38 UTC 2026","0","tests.admin_panel.categories","test_80_create_category_translation","","","","test_create_category_translation_success[de]","Позитивный тест: создание/обновление перевода категории для разных языков."
"passed","Sun Apr 26 03:05:57 UTC 2026","Sun Apr 26 03:05:58 UTC 2026","825","tests.one_c","test_cart_calculate_full_coverage","","","","test_products_various_qty[5]",""
"passed","Sun Apr 26 03:26:51 UTC 2026","Sun Apr 26 03:26:52 UTC 2026","732","tests.delivery","test_get_dpd_offices","","","","test_get_dpd_offices_success[1-partner]",""
"broken","Sun Apr 26 03:23:30 UTC 2026","Sun Apr 26 03:23:30 UTC 2026","0","tests.admin_panel.categories","test_57_v2_update_category","","","","test_v2_update_category_invalid_payload[payload4-422]","Негативный тест: обновление категории с невалидным или неполным телом запроса."
"passed","Sun Apr 26 03:33:32 UTC 2026","Sun Apr 26 03:33:32 UTC 2026","502","tests.delivery","test_mongpost_postcodes","","","","test_mongpost_postcodes_unauthorized","Негативный тест: запрос без авторизации."
"skipped","Sun Apr 26 03:39:23 UTC 2026","Sun Apr 26 03:39:23 UTC 2026","0","tests.sockets","test_schema_contracts","","","","test_create_schema_contract_and_echo[client]","
    Контракт /support-chat/create
    "
"passed","Sun Apr 26 03:26:02 UTC 2026","Sun Apr 26 03:26:03 UTC 2026","1809","tests.cart","test_delivery_address_save_apply","","","","test_save_address_apply_true_kz_rejected",""
"passed","Sun Apr 26 03:13:14 UTC 2026","Sun Apr 26 03:13:14 UTC 2026","488","tests.delivery","test_get_cities","","","","test_get_cities_invalid_page_size_should_fail[1.5-admin]","
    Негатив: невалидный page_size → 400/422
    "
"passed","Sun Apr 26 03:15:44 UTC 2026","Sun Apr 26 03:15:45 UTC 2026","493","tests.cart","test_02_get_delivery_cost","","","","test_get_delivery_cost_invalid_payload[client-payload2]","Негатив: некорректные входные данные"
"passed","Sun Apr 26 03:31:23 UTC 2026","Sun Apr 26 03:31:24 UTC 2026","704","tests.admin_panel.items","test_get_item_translation","","","","test_get_item_translation_invalid_id[-1]",""
"skipped","Sun Apr 26 03:27:45 UTC 2026","Sun Apr 26 03:27:45 UTC 2026","0","tests.account","test_get_languages","","","","test_get_languages_success[client-unknown-400]","Возвращает список языков, доступных для перевода"
"skipped","Sun Apr 26 03:12:18 UTC 2026","Sun Apr 26 03:12:18 UTC 2026","0","tests.tickets","test_01_get_tickets","","","","test_get_tickets_success[filter2-sort1-search0-pagination0-admin]","Позитивный тест: получение списка тикетов с разными комбинациями параметров"
"broken","Sun Apr 26 03:32:14 UTC 2026","Sun Apr 26 03:32:14 UTC 2026","0","tests.orders","test_group_order_join_roles_and_rejections","","","","test_group_order_join_client_without_items_rejected","
    Негатив: Client пытается join при пустой корзине = 400
    "
"passed","Sun Apr 26 03:24:40 UTC 2026","Sun Apr 26 03:24:40 UTC 2026","476","tests.cart","test_10_cart_save_city","","","","test_save_city_invalid_payload[partner-payload4]","Негатив: невалидный payload."
"passed","Sun Apr 26 03:23:18 UTC 2026","Sun Apr 26 03:23:18 UTC 2026","532","tests.statistic","test_team_registrations","","","","test_get_team_registration_statistic_positive[payload1-admin]","Позитивный тест: получение статистики по регистрации команды с валидным телом запроса"
"passed","Sun Apr 26 03:32:57 UTC 2026","Sun Apr 26 03:32:57 UTC 2026","489","tests.admin_panel.categories","test_49_delete_category","","","","test_delete_category_unauthorized","Негативный тест: попытка удаления категории без авторизации."
"broken","Sun Apr 26 03:32:39 UTC 2026","Sun Apr 26 03:32:39 UTC 2026","0","tests.tickets","test_11_update_message","","","","test_update_message_validation[client-update_payload0-403]","Негативные тесты: невалидные поля при редактировании сообщения"
"passed","Sun Apr 26 03:37:53 UTC 2026","Sun Apr 26 03:37:53 UTC 2026","487","tests.admin_panel.periods","test_get_periods_current","","","","test_get_periods_current__unauthorized",""
"passed","Sun Apr 26 03:24:07 UTC 2026","Sun Apr 26 03:24:08 UTC 2026","501","tests.account","test_history_group_volumes","","","","test_group_volumes_history_happy_path_contract[2-20-partner]",""
"skipped","Sun Apr 26 03:39:25 UTC 2026","Sun Apr 26 03:39:25 UTC 2026","0","tests.admin_panel.products","test_0_create_product","","","","test_create_product",""
"passed","Sun Apr 26 03:15:11 UTC 2026","Sun Apr 26 03:15:13 UTC 2026","1946","tests.cart","test_01_user_locale","","","","test_update_user_locale_invalid_language_enum[client-]",""
"skipped","Sun Apr 26 03:35:14 UTC 2026","Sun Apr 26 03:35:14 UTC 2026","0","tests.account","test_family_agreement_create_one","","","","test_create_family_agreement_one_positive[admin-payload0]","Позитивные тесты на создание семейного соглашения при отсутствующем втором партнере"
"skipped","Sun Apr 26 03:12:29 UTC 2026","Sun Apr 26 03:12:30 UTC 2026","690","tests.stock","test_create_stock","","","","test_create_stock_duplicate_id_1c_fails",""
"passed","Sun Apr 26 03:25:50 UTC 2026","Sun Apr 26 03:25:51 UTC 2026","844","tests.cart","test_23_cart_calculate_delivery_flag","","","","test_delete_invalid_item_id[client]",""
"passed","Sun Apr 26 03:12:00 UTC 2026","Sun Apr 26 03:12:01 UTC 2026","1042","tests.tickets","test_04_create_ticket","","","","test_create_ticket_invalid_request_type[client-None-200]","Негативный тест: попытка создания тикета с неверным типом request_type"
"skipped","Sun Apr 26 03:12:18 UTC 2026","Sun Apr 26 03:12:18 UTC 2026","0","tests.tickets","test_01_get_tickets","","","","test_get_tickets_success[filter2-sort0-search1-pagination1-partner]","Позитивный тест: получение списка тикетов с разными комбинациями параметров"
"skipped","Sun Apr 26 03:31:34 UTC 2026","Sun Apr 26 03:31:36 UTC 2026","1547","tests.account","test_post_downgrade_user","","","","test_downgrade_user_changes_grade_to_client_negative[admin]","
    Негатив: пытаемся понизить активного партнёра → 400 (ожидаем после фикса).
    "
"skipped","Sun Apr 26 03:34:48 UTC 2026","Sun Apr 26 03:34:49 UTC 2026","479","tests.delivery","test_get_haypost_offices","","","","test_get_haypost_offices_missing_city_id_should_fail[admin]","Негатив: отсутствует обязательный query-параметр city_id → 400/422."
"failed","Sun Apr 26 03:17:54 UTC 2026","Sun Apr 26 03:17:55 UTC 2026","845","tests.catalog","test_create_admin_product","","","","test_create_product_invalid_payload[payload5-422]",""
"passed","Sun Apr 26 03:13:44 UTC 2026","Sun Apr 26 03:13:44 UTC 2026","692","tests.account","test_update_utc_offset","","","","test_update_utc_offset_invalid_format_rejected[+ 7]",""
"broken","Sun Apr 26 03:21:22 UTC 2026","Sun Apr 26 03:21:22 UTC 2026","0","tests.catalog","test_create_admin_product_translation","","","","test_create_admin_product_translation_forbidden[partner]","Проверка запрета на создание перевода продукта не-админом."
"broken","Sun Apr 26 03:33:11 UTC 2026","Sun Apr 26 03:33:11 UTC 2026","0","tests.admin_panel.promo","test_75_delete_promotion_by_id","","","","test_delete_promotion_forbidden[client]","Негативный тест: попытка удаления акции не-админом."
"passed","Sun Apr 26 03:33:29 UTC 2026","Sun Apr 26 03:33:30 UTC 2026","505","tests.delivery","test_mongpost_postcodes","","","","test_get_mongpost_postcodes_success[admin]","Позитивный тест: успешное получение списка почтовых индексов монгольской почты"
"passed","Sun Apr 26 03:34:26 UTC 2026","Sun Apr 26 03:34:27 UTC 2026","495","tests.catalog","test_get_items_list_all","","","","test_get_items_list_forbidden[partner]",""
"passed","Sun Apr 26 03:15:47 UTC 2026","Sun Apr 26 03:15:48 UTC 2026","520","tests.cart","test_02_get_delivery_cost","","","","test_get_delivery_cost_invalid_payload[partner-payload1]","Негатив: некорректные входные данные"
"passed","Sun Apr 26 03:32:27 UTC 2026","Sun Apr 26 03:32:28 UTC 2026","681","tests.reviews","test_reviews_get_by_id","","","","test_reviews_get_by_id_invalid_id_returns_client_error[-1]",""
"skipped","Sun Apr 26 03:35:14 UTC 2026","Sun Apr 26 03:35:14 UTC 2026","0","tests.account","test_token","","","","test_add_token_positive[client-payload0]","Позитивные тесты на добавление токена"
"passed","Sun Apr 26 03:13:42 UTC 2026","Sun Apr 26 03:13:43 UTC 2026","712","tests.account","test_update_utc_offset","","","","test_update_utc_offset_invalid_format_rejected[+0a]",""
"skipped","Sun Apr 26 03:39:18 UTC 2026","Sun Apr 26 03:39:18 UTC 2026","0","tests.orders","test_group_order_get_extended","","","","test_group_order_roles_mapping_partner_and_client",""
"skipped","Sun Apr 26 03:23:55 UTC 2026","Sun Apr 26 03:23:55 UTC 2026","0","tests.PROJECT_EDUCATION.test_system","test_03_user_answers","","","","test_user_answers_invalid_id__400_or_404[abc]",""
"skipped","Sun Apr 26 03:32:55 UTC 2026","Sun Apr 26 03:32:55 UTC 2026","529","tests.PROJECT_FUND.initiatives","test_get_reports","","","","test_get_reports_invalid_query_params[query1-https://dev.ewahelps.com/api]","Негативный тест: запрос с некорректными query-параметрами"
"broken","Sun Apr 26 03:30:58 UTC 2026","Sun Apr 26 03:30:58 UTC 2026","0","tests.tickets","test_02_get_ticket_by_id","","","","test_get_ticket_success[admin]","Позитивный тест: успешное получение тикета по ID для клиента, партнера и администратора."
"skipped","Sun Apr 26 03:35:14 UTC 2026","Sun Apr 26 03:35:14 UTC 2026","0","tests.account","test_funds_transfer_send","","","","test_send_funds_transfer_positive[admin-payload1]","Позитивные тесты на перевод/вывод средств по visibleId"
"passed","Sun Apr 26 03:33:09 UTC 2026","Sun Apr 26 03:33:09 UTC 2026","691","tests.admin_panel.products","test_43_delete_product_brand","","","","test_delete_product_brand_invalid_id[9999999]","Негативный тест: удаление несуществующего или некорректного бренда."
"skipped","Sun Apr 26 03:27:45 UTC 2026","Sun Apr 26 03:27:45 UTC 2026","0","tests.account","test_get_languages","","","","test_get_languages_success[partner-unknown-400]","Возвращает список языков, доступных для перевода"
"skipped","Sun Apr 26 03:17:48 UTC 2026","Sun Apr 26 03:17:48 UTC 2026","0","tests.account","test_account_branded_wallet_get","","","","test_get_invalid_period_returns_422[period1-partner]","
    Негатив: невалидные month/year → 422.
    "
"passed","Sun Apr 26 03:26:43 UTC 2026","Sun Apr 26 03:26:44 UTC 2026","1034","tests.delivery","test_get_cdek_offices","","","","test_get_cdek_offices_success[86990-partner]",""
"skipped","Sun Apr 26 03:06:07 UTC 2026","Sun Apr 26 03:06:08 UTC 2026","850","tests.one_c","test_cart_calculate_full_coverage","","","","test_packaging_invalid_numbers[volume-0]",""
"broken","Sun Apr 26 03:31:51 UTC 2026","Sun Apr 26 03:31:51 UTC 2026","0","tests.admin_panel.promo","test_78_delete_promotion_item","","","","test_delete_promotion_item_success","Позитивный тест: удаление элемента акции из двух админом."
"passed","Sun Apr 26 03:28:23 UTC 2026","Sun Apr 26 03:28:23 UTC 2026","522","tests.auth","test_02_login","","","","test_admin_login[admin-admin--401]",""
"skipped","Sun Apr 26 03:35:14 UTC 2026","Sun Apr 26 03:35:14 UTC 2026","0","tests.account","test_family_agreement_create_one","","","","test_create_family_agreement_one_positive[client-payload0]","Позитивные тесты на создание семейного соглашения при отсутствующем втором партнере"
"passed","Sun Apr 26 03:15:54 UTC 2026","Sun Apr 26 03:15:57 UTC 2026","3310","tests.cart","test_12_cart_estimate_delivery","","","","test_estimate_delivery_success[client-fargo-payload1]","
    Позитив: корзина с товаром, выбор способа доставки и расчёт стоимости для разных служб
    "
"broken","Sun Apr 26 03:34:20 UTC 2026","Sun Apr 26 03:34:20 UTC 2026","0","tests.cart","test_11_cart_save_delivery_method","","","","test_cart_save_delivery_method_group_order_happy_path_client",""
"passed","Sun Apr 26 03:13:00 UTC 2026","Sun Apr 26 03:13:01 UTC 2026","497","tests.delivery","test_01_save_delivery_address","","","","test_save_address_empty_required_strings_should_fail[-email-client]",""
"passed","Sun Apr 26 03:32:05 UTC 2026","Sun Apr 26 03:32:06 UTC 2026","778","tests.cart","test_08_cart_delete","","","","test_delete_cart_item_invalid_payload[client-payload1]","Негатив: невалидный payload при удалении позиции"
"skipped","Sun Apr 26 03:12:17 UTC 2026","Sun Apr 26 03:12:17 UTC 2026","0","tests.tickets","test_01_get_tickets","","","","test_get_tickets_success[filter1-sort0-search1-pagination1-admin]","Позитивный тест: получение списка тикетов с разными комбинациями параметров"
"skipped","Sun Apr 26 03:37:10 UTC 2026","Sun Apr 26 03:37:10 UTC 2026","0","tests.auth","test_04_refresh","","","","test_refresh_token_success[admin]","Тест успешного обновления токена через refresh-токен."
"skipped","Sun Apr 26 03:12:30 UTC 2026","Sun Apr 26 03:12:30 UTC 2026","0","tests.stock","test_create_stock","","","","test_create_stock_with_empty_string_log_if_not_200[city.id]",""
"passed","Sun Apr 26 03:30:03 UTC 2026","Sun Apr 26 03:30:04 UTC 2026","626","tests.cart","test_14_cart_update_personal_data","","","","test_update_personal_data_success[partner-payload0]","
    Позитив: обновление персональных данных
    "
"passed","Sun Apr 26 03:31:49 UTC 2026","Sun Apr 26 03:31:50 UTC 2026","708","tests.admin_panel.promo","test_76_get_promotion_items","","","","test_get_promotion_item_invalid_id[1.5-1.5]","Негативный тест: получение элемента с невалидным ID"
"broken","Sun Apr 26 03:33:01 UTC 2026","Sun Apr 26 03:33:01 UTC 2026","0","tests.admin_panel.categories","test_81_delete_category_translation","","","","test_delete_category_translation_forbidden[client]","Негативный тест: удаление перевода не-админом запрещено."
"passed","Sun Apr 26 03:13:12 UTC 2026","Sun Apr 26 03:13:13 UTC 2026","514","tests.delivery","test_get_cities","","","","test_get_cities_invalid_page_size_should_fail[abc-admin]","
    Негатив: невалидный page_size → 400/422
    "
"broken","Sun Apr 26 03:29:41 UTC 2026","Sun Apr 26 03:29:41 UTC 2026","0","tests.admin_panel.promo","test_73_get_promotion_by_id","","","","test_get_promotion_by_id","Позитивный тест: получение акции по ID"
"passed","Sun Apr 26 03:33:57 UTC 2026","Sun Apr 26 03:33:57 UTC 2026","515","tests.admin_panel.slides","test_62_slides_get_upload_urls","","","","test_get_upload_urls_forbidden[client]","Негативный тест: неадмин не может получить ссылки на загрузку видео файлов"
"skipped","Sun Apr 26 03:31:33 UTC 2026","Sun Apr 26 03:31:33 UTC 2026","0","tests.PROJECT_EDUCATION.test_system","test_04_finish_test","","","","test_finish_test_invalid_id__400_or_404[0]",""
"passed","Sun Apr 26 03:27:19 UTC 2026","Sun Apr 26 03:27:19 UTC 2026","510","tests.admin_panel.products","test_product_files_update","","","","test_update_forbidden[client]",""
"skipped","Sun Apr 26 03:35:14 UTC 2026","Sun Apr 26 03:35:14 UTC 2026","0","tests.account","test_funds_transfer_send","","","","test_send_funds_transfer_positive[admin-payload0]","Позитивные тесты на перевод/вывод средств по visibleId"
"passed","Sun Apr 26 03:32:17 UTC 2026","Sun Apr 26 03:32:18 UTC 2026","483","tests.reviews","test_reviews_get_by_id","","","","test_reviews_get_by_id_requires_auth_unauthorized",""
"skipped","Sun Apr 26 03:06:38 UTC 2026","Sun Apr 26 03:06:39 UTC 2026","850","tests.one_c","test_cart_calculate_full_coverage","","","","test_discount_more_than_total[1000-2000]",""
"passed","Sun Apr 26 03:37:23 UTC 2026","Sun Apr 26 03:37:24 UTC 2026","654","tests.promo_time.new_year_lottery","test_admin_new_year_lottery_coupons","","","","test_change_coupons_negative_count_returns_400","
    Негатив: coupons_count < 0 → 400 invalid body values
    "
"passed","Sun Apr 26 03:24:27 UTC 2026","Sun Apr 26 03:24:28 UTC 2026","1187","tests.admin_panel.users","test_post_admin_users_exclusive_preorder_permissions","","","","test_post_exclusive_preorder_permissions_validation_errors_400[payload7]","
    Негатив: некорректный payload
    "
"passed","Sun Apr 26 03:24:04 UTC 2026","Sun Apr 26 03:24:05 UTC 2026","487","tests.account","test_history_group_volumes","","","","test_group_volumes_history_happy_path_contract[1-10-client]",""
"passed","Sun Apr 26 03:21:27 UTC 2026","Sun Apr 26 03:21:28 UTC 2026","586","tests.delivery","test_self_pickup_offices","","","","test_self_pickup_offices_success_basic[client]","
    Позитив: успешное получение списка офисов по city_id
    Допускается пустой список (если в городе нет офисов)
    "
"passed","Sun Apr 26 03:23:58 UTC 2026","Sun Apr 26 03:23:58 UTC 2026","491","tests.account","test_account_branded_wallet_upload","","","","test_upload_invalid_base64_returns_400[partner]","Негатив: невалидная base64 → 400"
"passed","Sun Apr 26 03:12:17 UTC 2026","Sun Apr 26 03:12:17 UTC 2026","509","tests.tickets","test_04_create_ticket","","","","test_create_ticket_unauthorized","Негативный тест: попытка создания тикета без авторизации"
"passed","Sun Apr 26 03:12:49 UTC 2026","Sun Apr 26 03:12:49 UTC 2026","475","tests.delivery","test_01_save_delivery_address","","","","test_save_address_missing_required_fields_should_fail[delivery-client]",""
"passed","Sun Apr 26 03:22:58 UTC 2026","Sun Apr 26 03:22:58 UTC 2026","530","tests.statistic","test_team_activations","","","","test_get_team_activation_statistic_positive[payload1-partner]","Позитивный тест: получение статистики по активации команды с валидным телом запроса"
"skipped","Sun Apr 26 03:31:31 UTC 2026","Sun Apr 26 03:31:31 UTC 2026","0","tests.orders","test_shop_digital_flow","","","","test_payment_status_requires_api_key[client]",""
"passed","Sun Apr 26 03:05:34 UTC 2026","Sun Apr 26 03:05:35 UTC 2026","542","tests.one_c","test_cart_calculate_full_coverage","","","","test_invalid_top_types[currency_cur-1]",""
"skipped","Sun Apr 26 03:31:09 UTC 2026","Sun Apr 26 03:31:09 UTC 2026","0","tests.PROJECT_EDUCATION.test_system","test_08_get_course_with_tests","","","","test_get_course_with_tests__invalid_id__400_404[]",""
"broken","Sun Apr 26 03:24:17 UTC 2026","Sun Apr 26 03:24:17 UTC 2026","0","tests.admin_panel.items","test_update_item","","","","test_update_item_invalid_payload[payload0-expected_code0]","Негативный тест: обновление item с невалидным или неполным телом запроса."
"skipped","Sun Apr 26 03:12:18 UTC 2026","Sun Apr 26 03:12:18 UTC 2026","0","tests.tickets","test_01_get_tickets","","","","test_get_tickets_success[filter2-sort1-search1-pagination1-client]","Позитивный тест: получение списка тикетов с разными комбинациями параметров"
"passed","Sun Apr 26 03:36:44 UTC 2026","Sun Apr 26 03:36:44 UTC 2026","494","tests.account","test_history_group_volumes_admin","","","","test_group_volumes_history_admin_missing_required_fields_validation[admin]",""
"skipped","Sun Apr 26 03:17:48 UTC 2026","Sun Apr 26 03:17:48 UTC 2026","0","tests.account","test_account_branded_wallet_get","","","","test_get_invalid_period_returns_422[period0-client]","
    Негатив: невалидные month/year → 422.
    "
"skipped","Sun Apr 26 03:12:18 UTC 2026","Sun Apr 26 03:12:18 UTC 2026","0","tests.tickets","test_01_get_tickets","","","","test_get_tickets_success[filter2-sort0-search1-pagination0-partner]","Позитивный тест: получение списка тикетов с разными комбинациями параметров"
"passed","Sun Apr 26 03:25:51 UTC 2026","Sun Apr 26 03:25:51 UTC 2026","490","tests.cart","test_23_cart_calculate_delivery_flag","","","","test_update_multi_empty_items_list[client]",""
"passed","Sun Apr 26 03:21:13 UTC 2026","Sun Apr 26 03:21:13 UTC 2026","496","tests.delivery","test_get_cities_v2","","","","test_get_cities_v2_invalid_country_id_should_fail[bad_country_id7-admin]","
    Негатив: невалидные значения country_id → 400/422
    "
"broken","Sun Apr 26 03:21:15 UTC 2026","Sun Apr 26 03:21:15 UTC 2026","0","tests.admin_panel.slides","test_57_create_slide","","","","test_create_slide_success","Позитивный тест: успешное создание слайда (все поля)"
"broken","Sun Apr 26 03:23:27 UTC 2026","Sun Apr 26 03:23:27 UTC 2026","0","tests.admin_panel.slides","test_61_upload_slides_images","","","","test_upload_slide_images_invalid_format[invalid.txt-text/plain-400]",""
"passed","Sun Apr 26 03:06:53 UTC 2026","Sun Apr 26 03:06:54 UTC 2026","819","tests.one_c","test_cart_calculate_full_coverage","","","","test_bonus_info_missing_bonus_to_money",""
"passed","Sun Apr 26 03:28:14 UTC 2026","Sun Apr 26 03:28:15 UTC 2026","516","tests.admin_panel.periods","test_get_period_by_id","","","","test_get_period_by_id__invalid_id_400_404[admin-0]",""
"skipped","Sun Apr 26 03:31:09 UTC 2026","Sun Apr 26 03:31:09 UTC 2026","0","tests.PROJECT_EDUCATION.test_system","test_08_get_course_with_tests","","","","test_get_course_with_tests__invalid_id__400_404[None]",""
"skipped","Sun Apr 26 03:38:56 UTC 2026","Sun Apr 26 03:38:56 UTC 2026","0","tests.chat_support","test_02_support_chat_messages_get","","","","test_get_support_chat_messages_pagination_moves_forward[client]","
    Позитив: при увеличении page номера сообщения не повторяются полностью
    Создаём 5 сообщений, затем сравниваем наборы uuid на page=0 и page=1.
    "
"passed","Sun Apr 26 03:32:42 UTC 2026","Sun Apr 26 03:32:42 UTC 2026","681","tests.PROJECT_FUND.initiatives","test_get_initiative_by_id","","","","test_get_initiative_by_invalid_id[-1-https://dev.ewahelps.com/api]",""
"passed","Sun Apr 26 03:13:28 UTC 2026","Sun Apr 26 03:13:29 UTC 2026","680","tests.account","test_update_utc_offset","","","","test_update_utc_offset_valid_values[+00-expected0-client]",""
"passed","Sun Apr 26 03:28:24 UTC 2026","Sun Apr 26 03:28:25 UTC 2026","553","tests.auth","test_02_login","","","","test_client_login[client-valid-200]",""
"passed","Sun Apr 26 03:29:40 UTC 2026","Sun Apr 26 03:29:41 UTC 2026","653","tests.admin_panel.products","test_41_get_product_brand_by_id","","","","test_get_product_brand_not_found","Негативный тест: бренд не найден"
"broken","Sun Apr 26 03:31:18 UTC 2026","Sun Apr 26 03:31:18 UTC 2026","0","tests.admin_panel.categories","test_79_get_category_translation","","","","test_get_category_translation_forbidden[partner]",""
"passed","Sun Apr 26 03:28:23 UTC 2026","Sun Apr 26 03:28:24 UTC 2026","471","tests.auth","test_02_login","","","","test_admin_login[admin--Aa1234567-400]",""
"broken","Sun Apr 26 03:33:01 UTC 2026","Sun Apr 26 03:33:01 UTC 2026","0","tests.admin_panel.categories","test_81_delete_category_translation","","","","test_delete_category_translation_forbidden[partner]","Негативный тест: удаление перевода не-админом запрещено."
"broken","Sun Apr 26 03:31:09 UTC 2026","Sun Apr 26 03:31:09 UTC 2026","0","tests.admin_panel","test_03_support_delete_user","","","","test_partner_cannot_delete_support",""
"skipped","Sun Apr 26 03:29:23 UTC 2026","Sun Apr 26 03:29:23 UTC 2026","0","tests.tickets","test_06_close_ticket","","","","test_close_tickets_negative[admin-None-400]","Негативные тесты: закрытие с некорректными данными"
"passed","Sun Apr 26 03:39:22 UTC 2026","Sun Apr 26 03:39:23 UTC 2026","493","tests.catalog","test_products_v2_categories","","","","test_get_products_v2_categories_unauthorized",""
"passed","Sun Apr 26 03:26:54 UTC 2026","Sun Apr 26 03:26:54 UTC 2026","494","tests.delivery","test_get_dpd_offices","","","","test_get_dpd_offices_invalid_city_id_should_fail[abc-admin]",""
"skipped","Sun Apr 26 03:32:14 UTC 2026","Sun Apr 26 03:32:14 UTC 2026","0","tests.fund","test_get_top_donors","","","","test_get_top_donors_invalid_params[invalid_param1-https://dev.ewahelps.com/api]","Негатив: неверные параметры должны дать 400 (при рабочем маршруте)."
"passed","Sun Apr 26 03:38:02 UTC 2026","Sun Apr 26 03:38:02 UTC 2026","612","tests.catalog","test_get_currencies","","","","test_get_currencies_success[admin]","
    Позитивный тест: успешное получение списка валют
    "
"skipped","Sun Apr 26 03:34:35 UTC 2026","Sun Apr 26 03:34:35 UTC 2026","507","tests.delivery","test_get_delivery_regions","","","","test_get_delivery_regions_invalid_params[invalid_params1-admin]","Негатив: невалидные значения query-параметров → 400/422."
"failed","Sun Apr 26 03:38:53 UTC 2026","Sun Apr 26 03:38:54 UTC 2026","500","tests.cart","test_25_cart_sync_delivery_country_on_profile_update","","","","test_cart_update_user_country_non_russia_syncs_delivery_country[partner]","
    Если пользователь выбирает страну ≠ РФ,
    страна доставки в активной корзине должна автоматически стать такой же
    "
"passed","Sun Apr 26 03:21:11 UTC 2026","Sun Apr 26 03:21:12 UTC 2026","467","tests.delivery","test_get_cities_v2","","","","test_get_cities_v2_invalid_country_id_should_fail[1.5-admin]","
    Негатив: невалидные значения country_id → 400/422
    "
"passed","Sun Apr 26 03:32:54 UTC 2026","Sun Apr 26 03:32:54 UTC 2026","527","tests.PROJECT_FUND.initiatives","test_get_reports","","","","test_get_reports_with_query_params[query3-https://dev.ewahelps.com/api]","Позитивный тест: получение списка отчетов с query-параметрами"
"broken","Sun Apr 26 03:35:33 UTC 2026","Sun Apr 26 03:35:33 UTC 2026","0","tests.admin_panel.products","test_03_recommended_products_delete","","","","test_remove_recommendation_db_no_rights[partner]","Пользователь без прав пытается удалить рекомендации."
"broken","Sun Apr 26 03:17:47 UTC 2026","Sun Apr 26 03:17:47 UTC 2026","0","tests.admin_panel.slides","test_59_update_slide","","","","test_update_slide_invalid_payload[payload4-expected_code4]","
    Негативный тест: обновление слайда с невалидным или неполным телом запроса
    "
"broken","Sun Apr 26 03:17:47 UTC 2026","Sun Apr 26 03:17:47 UTC 2026","0","tests.admin_panel.slides","test_59_update_slide","","","","test_update_slide_invalid_payload[payload5-expected_code5]","
    Негативный тест: обновление слайда с невалидным или неполным телом запроса
    "
"skipped","Sun Apr 26 03:07:25 UTC 2026","Sun Apr 26 03:07:27 UTC 2026","1914","tests.one_c","test_cart_calculate_full_coverage","","","","test_cdek_city_id_mismatch",""
"passed","Sun Apr 26 03:27:34 UTC 2026","Sun Apr 26 03:27:35 UTC 2026","1095","tests.account","test_add_cover_url","","","","test_add_cover_full_payload[partner]",""
"skipped","Sun Apr 26 03:31:33 UTC 2026","Sun Apr 26 03:31:33 UTC 2026","0","tests.PROJECT_EDUCATION.test_system","test_01_start_test","","","","test_start_test_invalid_id__400_or_404[999999]",""
"passed","Sun Apr 26 03:16:52 UTC 2026","Sun Apr 26 03:16:55 UTC 2026","3300","tests.cart","test_12_cart_estimate_delivery","","","","test_estimate_delivery_success[partner-kgpost-payload3]","
    Позитив: корзина с товаром, выбор способа доставки и расчёт стоимости для разных служб
    "
"passed","Sun Apr 26 03:33:18 UTC 2026","Sun Apr 26 03:33:19 UTC 2026","692","tests.admin_panel.slides","test_60_delete_slides","","","","test_delete_slide_invalid_id[0]","Негативный тест: удаление несуществующего или некорректного слайда"
"skipped","Sun Apr 26 03:33:49 UTC 2026","Sun Apr 26 03:33:49 UTC 2026","0","tests.admin_panel.products","test_01_delete_product_group","","","","test_delete_product_group_forbidden[partner]","Негативный тест: попытка удаления продукт группы не-админом."
"broken","Sun Apr 26 03:18:17 UTC 2026","Sun Apr 26 03:18:17 UTC 2026","0","tests.cart","test_update_location","","","","test_update_location_international_delivery_true_full_data_state",""
"passed","Sun Apr 26 03:24:10 UTC 2026","Sun Apr 26 03:24:11 UTC 2026","471","tests.account","test_history_group_volumes","","","","test_group_volumes_history_invalid_query_params[params0-client]",""
"passed","Sun Apr 26 03:28:22 UTC 2026","Sun Apr 26 03:28:22 UTC 2026","508","tests.auth","test_02_login","","","","test_admin_login[admin-admin-Aa1234567-200]",""
"failed","Sun Apr 26 03:38:42 UTC 2026","Sun Apr 26 03:38:43 UTC 2026","470","tests.cart","test_03_cart_get","","","","test_get_cart_success[client]","Позитив: получение текущей корзины."
"broken","Sun Apr 26 03:32:57 UTC 2026","Sun Apr 26 03:32:57 UTC 2026","0","tests.admin_panel.categories","test_49_delete_category","","","","test_delete_category_success","Позитивный тест: успешное удаление категории."
"passed","Sun Apr 26 03:13:32 UTC 2026","Sun Apr 26 03:13:33 UTC 2026","664","tests.account","test_update_utc_offset","","","","test_update_utc_offset_valid_values[-07-expected2-client]",""
"broken","Sun Apr 26 03:38:17 UTC 2026","Sun Apr 26 03:38:17 UTC 2026","0","tests.promo_time.new_year_lottery","test_new_year_lottery_info","","","","test_get_new_year_lottery_info_empty[client]","
    ккорректная форма ответа
    "
"skipped","Sun Apr 26 03:17:58 UTC 2026","Sun Apr 26 03:17:58 UTC 2026","0","tests.admin_panel.categories","test_50_upload_category_images","","","","test_upload_category_images_invalid_id","Негативный тест: несуществующий ID категории."
"passed","Sun Apr 26 03:30:14 UTC 2026","Sun Apr 26 03:30:15 UTC 2026","518","tests.catalog","test_get_recommended_products","","","","test_get_recommended_products_wrong_method","
    Неверный HTTP-метод
    "
"passed","Sun Apr 26 03:18:14 UTC 2026","Sun Apr 26 03:18:14 UTC 2026","165","tests.cart","test_update_location","","","","test_update_location_invalid_types[payload2]",""
"failed","Sun Apr 26 03:38:46 UTC 2026","Sun Apr 26 03:38:46 UTC 2026","466","tests.cart","test_13_cart_delete_estimate_delivery","","","","test_delete_estimate_delivery_switches_to_selfpickup[partner]","
    поведение backend:
    - estimate удаляется
    - корзина переключается на SelfPickup
    - advance_costs могут остаться
    "
"skipped","Sun Apr 26 03:17:58 UTC 2026","Sun Apr 26 03:17:58 UTC 2026","0","tests.catalog","test_create_admin_product","","","","test_create_product_duplicate_slug[en]",""
"skipped","Sun Apr 26 03:22:20 UTC 2026","Sun Apr 26 03:22:21 UTC 2026","641","tests.delivery","test_get_delivery_countries","","","","test_get_delivery_countries_unauthorized","Негатив: запрос без авторизации."
"passed","Sun Apr 26 03:27:30 UTC 2026","Sun Apr 26 03:27:30 UTC 2026","727","tests.reviews","test_reviews_list_post","","","","test_reviews_list_invalid_enums_return_client_error[bad_payload3]",""
"skipped","Sun Apr 26 03:38:42 UTC 2026","Sun Apr 26 03:38:42 UTC 2026","0","tests.account","test_get_default_stock","","","","test_get_default_stock_positive[admin]","Позитивные тесты на получение дефолтного склада"
"passed","Sun Apr 26 03:06:22 UTC 2026","Sun Apr 26 03:06:23 UTC 2026","837","tests.one_c","test_cart_calculate_full_coverage","","","","test_packaging_missing_fields[width]",""
"broken","Sun Apr 26 03:24:17 UTC 2026","Sun Apr 26 03:24:17 UTC 2026","0","tests.admin_panel.items","test_update_item","","","","test_update_item_invalid_id[abc]","Негативный тест: несуществующий или некорректный ID."
"broken","Sun Apr 26 03:22:35 UTC 2026","Sun Apr 26 03:22:35 UTC 2026","0","tests.admin_panel.products","test_42_update_product_brand","","","","test_update_product_brand_invalid_payload[payload5-422]","Негативный тест: обновление бренда с невалидным или неполным телом запроса."
"passed","Sun Apr 26 03:32:46 UTC 2026","Sun Apr 26 03:32:46 UTC 2026","868","tests.PROJECT_FUND.initiatives","test_get_initiative_by_id","","","","test_get_initiative_by_invalid_id[999999-https://dev.ewahelps.com/api]",""
"skipped","Sun Apr 26 03:12:18 UTC 2026","Sun Apr 26 03:12:18 UTC 2026","0","tests.tickets","test_01_get_tickets","","","","test_get_tickets_success[filter2-sort1-search2-pagination0-client]","Позитивный тест: получение списка тикетов с разными комбинациями параметров"
"passed","Sun Apr 26 03:12:31 UTC 2026","Sun Apr 26 03:12:33 UTC 2026","1611","tests.delivery","test_01_save_delivery_address","","","","test_save_address_positive_contract_and_cleanup[payload0-partner]",""
"skipped","Sun Apr 26 03:12:17 UTC 2026","Sun Apr 26 03:12:17 UTC 2026","0","tests.tickets","test_01_get_tickets","","","","test_get_tickets_success[filter1-sort1-search0-pagination0-admin]","Позитивный тест: получение списка тикетов с разными комбинациями параметров"
"failed","Sun Apr 26 03:30:01 UTC 2026","Sun Apr 26 03:30:01 UTC 2026","507","tests.cart","test_09_cart_save_region","","","","test_save_region_invalid_payload[partner-payload0]","Негатив: невалидный payload"
"passed","Sun Apr 26 03:18:23 UTC 2026","Sun Apr 26 03:18:23 UTC 2026","463","tests.admin_panel.promo","test_74_update_promotion","","","","test_update_promotion_unauthorized","Негативный тест: попытка обновления акции без авторизации"
"skipped","Sun Apr 26 03:35:03 UTC 2026","Sun Apr 26 03:35:03 UTC 2026","0","tests.register","test_02_register_partner","","","","test_register_partner_positive[client-403]","Тест: позитивные тесты для регистрации партнера вручную"
"passed","Sun Apr 26 03:32:48 UTC 2026","Sun Apr 26 03:32:49 UTC 2026","487","tests.PROJECT_FUND.initiatives","test_get_report_by_id","","","","test_get_report_by_invalid_id[-1-https://dev.ewahelps.com/api]","Негативный тест: невалидный или несуществующий path-параметр"
"passed","Sun Apr 26 03:10:38 UTC 2026","Sun Apr 26 03:10:39 UTC 2026","1018","tests.tickets","test_04_create_ticket","","","","test_create_ticket_success[admin-attachments0-QuestionsAboutTheMarriageContract]","Позитивный тест: создание тикета с разными темами и вложениями для клиента, партнера и админа"
"passed","Sun Apr 26 03:24:56 UTC 2026","Sun Apr 26 03:24:56 UTC 2026","689","tests.reviews","test_reviews_create_post","","","","test_reviews_create_missing_required_field_returns_400[payload0]",""
"passed","Sun Apr 26 03:23:51 UTC 2026","Sun Apr 26 03:23:52 UTC 2026","509","tests.orders","test_create_order_by_delivery_address","","","","test_create_order_invalid_data[invalid_payload1-expected_status1-admin]",""
"skipped","Sun Apr 26 03:17:48 UTC 2026","Sun Apr 26 03:17:48 UTC 2026","0","tests.account","test_0_marathon","","","","test_create_product_brand_invalid_payload[params4-400-partner]",""
"passed","Sun Apr 26 03:28:30 UTC 2026","Sun Apr 26 03:28:31 UTC 2026","504","tests.one_c","test_stock_delivery_methods","","","","test_1c_stock_delivery_methods_bad_request_for_unknown_stock",""
"passed","Sun Apr 26 03:32:49 UTC 2026","Sun Apr 26 03:32:50 UTC 2026","686","tests.PROJECT_FUND.initiatives","test_get_report_by_id","","","","test_get_report_by_invalid_id[1.5-https://dev.ewahelps.com/api]","Негативный тест: невалидный или несуществующий path-параметр"
"broken","Sun Apr 26 03:21:38 UTC 2026","Sun Apr 26 03:21:38 UTC 2026","0","tests.admin_panel.categories","test_80_create_category_translation","","","","test_create_category_translation_success[en]","Позитивный тест: создание/обновление перевода категории для разных языков."
"passed","Sun Apr 26 03:13:30 UTC 2026","Sun Apr 26 03:13:31 UTC 2026","634","tests.account","test_update_utc_offset","","","","test_update_utc_offset_valid_values[+07-expected1-client]",""
"broken","Sun Apr 26 03:24:19 UTC 2026","Sun Apr 26 03:24:19 UTC 2026","0","tests.admin_panel.users","test_post_admin_users_exclusive_preorder_permissions","","","","test_post_exclusive_preorder_permissions_create_update_success","
    админ создаёт permission на эксклюзивный предзаказ для пользователя,
    затем обновляет remaining_quantity для того же item_id
    "
"passed","Sun Apr 26 03:16:21 UTC 2026","Sun Apr 26 03:16:25 UTC 2026","3487","tests.cart","test_12_cart_estimate_delivery","","","","test_estimate_delivery_success[client-cdek-payload9]","
    Позитив: корзина с товаром, выбор способа доставки и расчёт стоимости для разных служб
    "
"failed","Sun Apr 26 03:34:54 UTC 2026","Sun Apr 26 03:34:54 UTC 2026","464","tests.delivery","test_get_kazpost_offices","","","","test_get_kazpost_offices_invalid_city_id_should_fail[0-admin]","Негатив: невалидные значения city_id → 400/422."
"passed","Sun Apr 26 03:08:52 UTC 2026","Sun Apr 26 03:08:54 UTC 2026","1728","tests.tickets","test_04_create_ticket","","","","test_create_ticket_success[client-attachments2-ReceivingDefectiveProducts]","Позитивный тест: создание тикета с разными темами и вложениями для клиента, партнера и админа"
"passed","Sun Apr 26 03:23:26 UTC 2026","Sun Apr 26 03:23:26 UTC 2026","518","tests.admin_panel.slides","test_61_upload_slides_images","","","","test_upload_slide_images_forbidden[partner]",""
"passed","Sun Apr 26 03:13:43 UTC 2026","Sun Apr 26 03:13:44 UTC 2026","741","tests.account","test_update_utc_offset","","","","test_update_utc_offset_invalid_format_rejected[+7 ]",""
"passed","Sun Apr 26 03:28:34 UTC 2026","Sun Apr 26 03:28:34 UTC 2026","509","tests.orders","test_group_order_v2_create","","","","test_group_order_v2_invalid_payloads[partner-payload2]",""
"skipped","Sun Apr 26 03:17:48 UTC 2026","Sun Apr 26 03:17:48 UTC 2026","0","tests.account","test_account_branded_wallet_get","","","","test_get_period_bad_types_400_or_422[period0-client]","
    Негатив: некорректные типы month/year → 400/422
    "
"passed","Sun Apr 26 03:15:46 UTC 2026","Sun Apr 26 03:15:46 UTC 2026","507","tests.cart","test_02_get_delivery_cost","","","","test_get_delivery_cost_invalid_payload[client-payload5]","Негатив: некорректные входные данные"
"passed","Sun Apr 26 03:38:01 UTC 2026","Sun Apr 26 03:38:01 UTC 2026","504","tests.catalog","test_get_currencies","","","","test_get_currencies_success[client]","
    Позитивный тест: успешное получение списка валют
    "
"broken","Sun Apr 26 03:31:31 UTC 2026","Sun Apr 26 03:31:31 UTC 2026","0","tests.tickets","test_12_delete_message","","","","test_delete_ticket_message_admin_other_client[partner]","Негативный тест: админ пытается удалить сообщение клиента/партнёра"
"passed","Sun Apr 26 03:32:13 UTC 2026","Sun Apr 26 03:32:14 UTC 2026","494","tests.catalog","test_product_get_by_slug","","","","test_get_product_by_slug_invalid_slug_value[ -client]",""
"skipped","Sun Apr 26 03:35:14 UTC 2026","Sun Apr 26 03:35:14 UTC 2026","0","tests.account","test_funds_transfer_list","","","","test_get_funds_transfer_list_positive[admin-payload0]","Позитивные тесты на получение истории переводов/выводов средств"
"passed","Sun Apr 26 03:28:17 UTC 2026","Sun Apr 26 03:28:18 UTC 2026","671","tests.admin_panel.slides","test_0_slides_sort","","","","test_slides_sort_invalid_id[None]","Негативный тест: невалидный path parameter."
"skipped","Sun Apr 26 03:27:45 UTC 2026","Sun Apr 26 03:27:45 UTC 2026","0","tests.account","test_get_languages","","","","test_get_languages_forbidden[admin]","Негативный тест: получение списка языков админом."
"passed","Sun Apr 26 03:15:33 UTC 2026","Sun Apr 26 03:15:33 UTC 2026","665","tests.cart","test_02_get_delivery_cost","","","","test_get_delivery_cost_success_region_available_false[client]","
    Позитив: успешное получение ТК, отправляя только country_id и city_name
    (Country.is_region_available = false)
    "
"passed","Sun Apr 26 03:27:18 UTC 2026","Sun Apr 26 03:27:18 UTC 2026","708","tests.admin_panel.products","test_product_files_update","","","","test_update_product_not_found",""
"skipped","Sun Apr 26 03:38:56 UTC 2026","Sun Apr 26 03:38:56 UTC 2026","0","tests.for_test","test_cleanup_expired_tokens","","","","test_cleanup_expired_tokens_success_removes_only_expired[client-1-admin]","
    Позитив:
      - вставляем 2 токена для user_id из settings (client/partner):
          * expired (expires_at < now)
          * valid   (expires_at > now)
      - вызываем POST /test/cleanup-expired-tokens
      - проверяем: expired удалён, valid остался
    "
"broken","Sun Apr 26 03:21:21 UTC 2026","Sun Apr 26 03:21:21 UTC 2026","0","tests.admin_panel.slides","test_57_create_slide","","","","test_create_slide_title_color_validation[#FFFFF-400]","Валидация поля title_color при создании слайда"
"passed","Sun Apr 26 03:33:26 UTC 2026","Sun Apr 26 03:33:26 UTC 2026","479","tests.delivery","test_geo_suggest","","","","test_geo_suggest_invalid_query_400[client-too_short_len1]",""
"passed","Sun Apr 26 03:28:29 UTC 2026","Sun Apr 26 03:28:30 UTC 2026","513","tests.one_c","test_stock_delivery_methods","","","","test_1c_stock_delivery_methods_bad_request_for_invalid_payload[body3]",""
"broken","Sun Apr 26 03:27:45 UTC 2026","Sun Apr 26 03:27:45 UTC 2026","0","tests.admin_panel","test_01_support_create_user","","","","test_partner_cannot_create_support",""
"broken","Sun Apr 26 03:32:14 UTC 2026","Sun Apr 26 03:32:14 UTC 2026","0","tests.orders","test_group_order_join_roles_and_rejections","","","","test_group_order_join_owner_without_items_allowed","
    Owner (создатель group order) может сделать join при пустой корзине
    "
"skipped","Sun Apr 26 03:17:48 UTC 2026","Sun Apr 26 03:17:48 UTC 2026","0","tests.account","test_0_marathon","","","","test_create_product_brand_invalid_payload[params4-400-admin]",""
"passed","Sun Apr 26 03:10:40 UTC 2026","Sun Apr 26 03:10:41 UTC 2026","1020","tests.tickets","test_04_create_ticket","","","","test_create_ticket_success[admin-attachments0-QuestionsAboutTheRewardSystemMarketingPlan]","Позитивный тест: создание тикета с разными темами и вложениями для клиента, партнера и админа"
"passed","Sun Apr 26 03:13:09 UTC 2026","Sun Apr 26 03:13:09 UTC 2026","512","tests.delivery","test_get_cities","","","","test_get_cities_missing_required_params_should_fail[params2-client]","
    Негатив: отсутствие обязательных page/page_size/country_id
    "
"broken","Sun Apr 26 03:21:48 UTC 2026","Sun Apr 26 03:21:48 UTC 2026","0","tests.admin_panel.items","test_create_item_translation","","","","test_item_translation_update_duplicate_lang_code","Позитивный тест: обновление перевода при повторной отправке с тем же lang_code."
"skipped","Sun Apr 26 03:17:48 UTC 2026","Sun Apr 26 03:17:48 UTC 2026","0","tests.account","test_0_marathon","","","","test_create_product_brand_invalid_payload[params2-400-admin]",""
"passed","Sun Apr 26 03:13:23 UTC 2026","Sun Apr 26 03:13:23 UTC 2026","462","tests.delivery","test_get_cities","","","","test_get_cities_invalid_city_name_should_fail[a-partner]","
    Негатив: city_name — строка
    "
"skipped","Sun Apr 26 03:12:17 UTC 2026","Sun Apr 26 03:12:17 UTC 2026","0","tests.tickets","test_01_get_tickets","","","","test_get_tickets_success[filter0-sort1-search1-pagination1-partner]","Позитивный тест: получение списка тикетов с разными комбинациями параметров"
"passed","Sun Apr 26 03:32:25 UTC 2026","Sun Apr 26 03:32:26 UTC 2026","744","tests.reviews","test_reviews_get_by_id","","","","test_reviews_get_by_id_access_allowed_for_client_and_partner[authorize_partner]",""
"passed","Sun Apr 26 03:17:34 UTC 2026","Sun Apr 26 03:17:37 UTC 2026","3229","tests.cart","test_12_cart_estimate_delivery","","","","test_estimate_delivery_negative[partner-cdek-payload0]","
    негатив 400 ки
    "
"passed","Sun Apr 26 03:18:24 UTC 2026","Sun Apr 26 03:18:25 UTC 2026","696","tests.admin_panel.promo","test_74_update_promotion","","","","test_update_promotion_invalid_id[0]","Негативный тест: несуществующий или некорректный ID"
"passed","Sun Apr 26 03:25:16 UTC 2026","Sun Apr 26 03:25:17 UTC 2026","652","tests.reviews","test_reviews_create_post","","","","test_reviews_create_nonexistent_product",""
"skipped","Sun Apr 26 03:31:09 UTC 2026","Sun Apr 26 03:31:09 UTC 2026","0","tests.PROJECT_EDUCATION.test_system","test_08_get_course_with_tests","","","","test_get_course_with_tests__200__schema","Позитив: GET /v1/test-system/course/{id} -> 200, контракт ответа."
"skipped","Sun Apr 26 03:12:18 UTC 2026","Sun Apr 26 03:12:18 UTC 2026","0","tests.tickets","test_01_get_tickets","","","","test_get_tickets_success[filter2-sort1-search1-pagination0-partner]","Позитивный тест: получение списка тикетов с разными комбинациями параметров"
"passed","Sun Apr 26 03:23:50 UTC 2026","Sun Apr 26 03:23:50 UTC 2026","531","tests.orders","test_create_order_by_delivery_address","","","","test_create_order_invalid_data[invalid_payload0-expected_status0-admin]",""
"passed","Sun Apr 26 03:13:06 UTC 2026","Sun Apr 26 03:13:06 UTC 2026","515","tests.delivery","test_get_cities","","","","test_get_cities_success[admin]","
    Позитив: список городов по стране
    "
"passed","Sun Apr 26 03:30:42 UTC 2026","Sun Apr 26 03:30:43 UTC 2026","1385","tests.reviews","test_reviews_update_post","","","","test_reviews_update_happy_path_admin_changes_fields",""
"failed","Sun Apr 26 03:30:00 UTC 2026","Sun Apr 26 03:30:01 UTC 2026","487","tests.cart","test_09_cart_save_region","","","","test_save_region_invalid_payload[client-payload1]","Негатив: невалидный payload"
"passed","Sun Apr 26 03:13:27 UTC 2026","Sun Apr 26 03:13:27 UTC 2026","642","tests.account","test_update_utc_offset","","","","test_update_utc_offset_trims_spaces[partner]",""
"passed","Sun Apr 26 03:22:13 UTC 2026","Sun Apr 26 03:22:14 UTC 2026","464","tests.delivery","test_get_delivery_countries","","","","test_get_delivery_countries_success[available-client]","Позитив: успешное получение списка стран с разными значениями ?from=."
"passed","Sun Apr 26 03:38:15 UTC 2026","Sun Apr 26 03:38:15 UTC 2026","499","tests.one_c","test_get_1с_stock","","","","test_get_1c_stock_bad_request_for_unknown_stock",""
"passed","Sun Apr 26 03:23:21 UTC 2026","Sun Apr 26 03:23:22 UTC 2026","490","tests.statistic","test_team_registrations","","","","test_get_team_registration_statistic_positive[payload3-admin]","Позитивный тест: получение статистики по регистрации команды с валидным телом запроса"
"failed","Sun Apr 26 03:34:58 UTC 2026","Sun Apr 26 03:34:58 UTC 2026","506","tests.delivery","test_get_kgpost_offices","","","","test_get_kgpost_offices_unauthorized",""
"broken","Sun Apr 26 03:21:51 UTC 2026","Sun Apr 26 03:21:51 UTC 2026","0","tests.admin_panel.promo","test_77_create_promotion_item","","","","test_create_promotion_item_success","Позитивный тест: создание/обновление элемента акции"
"passed","Sun Apr 26 03:28:12 UTC 2026","Sun Apr 26 03:28:12 UTC 2026","522","tests.admin_panel.periods","test_get_period_by_id","","","","test_get_period_by_id__invalid_id_400_404[admin-abc]",""
"broken","Sun Apr 26 03:33:07 UTC 2026","Sun Apr 26 03:33:07 UTC 2026","0","tests.admin_panel.products","test_43_delete_product_brand","","","","test_delete_product_brand_forbidden[client]","Негативный тест: попытка удаления бренда не-админом."
"skipped","Sun Apr 26 03:06:46 UTC 2026","Sun Apr 26 03:06:47 UTC 2026","814","tests.one_c","test_cart_calculate_full_coverage","","","","test_bonus_info_invalid_numbers[account_id--1]",""
"broken","Sun Apr 26 03:18:20 UTC 2026","Sun Apr 26 03:18:20 UTC 2026","0","tests.one_c","test_free_delivery_to_regions_and_cities","","","","test_1c_free_delivery_cities_only_does_not_touch_regions",""
"skipped","Sun Apr 26 03:17:48 UTC 2026","Sun Apr 26 03:17:48 UTC 2026","0","tests.account","test_account_branded_wallet_get","","","","test_get_with_image_returns_all_fields[partner]","
    Позитив: загрузили картинку (в текущий период) → GET (по текущему периоду) возвращает корректную схему ответа
    "
"passed","Sun Apr 26 03:33:19 UTC 2026","Sun Apr 26 03:33:20 UTC 2026","699","tests.admin_panel.slides","test_60_delete_slides","","","","test_delete_slide_invalid_id[abc]","Негативный тест: удаление несуществующего или некорректного слайда"
"failed","Sun Apr 26 03:22:31 UTC 2026","Sun Apr 26 03:22:31 UTC 2026","642","tests.admin_panel.products","test_40_create_product_brand","","","","test_create_product_brand_invalid_payload[payload12-expected_codes12]","Негативные кейсы: невалидные поля при создании бренда."
"passed","Sun Apr 26 03:22:24 UTC 2026","Sun Apr 26 03:22:24 UTC 2026","673","tests.admin_panel.products","test_40_create_product_brand","","","","test_create_product_brand_invalid_payload[payload2-expected_codes2]","Негативные кейсы: невалидные поля при создании бренда."
"passed","Sun Apr 26 03:19:58 UTC 2026","Sun Apr 26 03:20:03 UTC 2026","5024","tests.cart","test_free_delivery_by_rc_and_belts","","","","test_below_threshold_contract[\u041c\u043e\u0441\u043a\u0432\u0430-client-zone_2-belt_cfg1]","
    КОНТРАКТ:
    free МОЖЕТ быть
    платная МОЖЕТ быть
    advance_costs МОЖЕТ быть []
    "
"skipped","Sun Apr 26 03:31:09 UTC 2026","Sun Apr 26 03:31:09 UTC 2026","0","tests.PROJECT_EDUCATION.test_system","test_08_get_course_with_tests","","","","test_get_course_with_tests__unauthorized__401_403[headers1]",""
"skipped","Sun Apr 26 03:17:48 UTC 2026","Sun Apr 26 03:17:48 UTC 2026","0","tests.account","test_0_marathon","","","","test_create_product_brand_invalid_payload[params1-400-partner]",""
"skipped","Sun Apr 26 03:39:40 UTC 2026","Sun Apr 26 03:39:40 UTC 2026","0","tests.temporary","test_create_structure","","","","test_create_structure[case_name0-active_count0-active_lo0-passive_count0-passive_lo0]","
    Тест создания структуры
    "
"failed","Sun Apr 26 03:30:08 UTC 2026","Sun Apr 26 03:30:09 UTC 2026","667","tests.catalog","test_get_recommended_products","","","","test_get_recommended_products_global_without_stock_id_success","
    stock_id не передан
    "
"broken","Sun Apr 26 03:33:21 UTC 2026","Sun Apr 26 03:33:21 UTC 2026","0","tests.catalog","test_delete_admin_product_translation","","","","test_delete_admin_product_translation_forbidden[partner]","Удаление перевода не-админом — должно вернуть 403."
"passed","Sun Apr 26 03:31:18 UTC 2026","Sun Apr 26 03:31:19 UTC 2026","669","tests.admin_panel.categories","test_79_get_category_translation","","","","test_get_category_translation_invalid_id[abc]",""
"passed","Sun Apr 26 03:18:44 UTC 2026","Sun Apr 26 03:18:45 UTC 2026","682","tests.cart","test_20_cart_recommended_products","","","","test_cart_recommended_products_invalid_cart_cookie_no_500[0-client]","
    невалидный cart_id в cookie
    "
"passed","Sun Apr 26 03:28:29 UTC 2026","Sun Apr 26 03:28:29 UTC 2026","500","tests.one_c","test_stock_delivery_methods","","","","test_1c_stock_delivery_methods_bad_request_for_invalid_payload[body2]",""
"passed","Sun Apr 26 03:14:25 UTC 2026","Sun Apr 26 03:14:28 UTC 2026","3407","tests.cart","test_01_user_locale","","","","test_update_user_locale_valid_payload[partner-payload4]",""
"broken","Sun Apr 26 03:17:47 UTC 2026","Sun Apr 26 03:17:47 UTC 2026","0","tests.admin_panel.slides","test_59_update_slide","","","","test_update_slide_invalid_payload[payload0-expected_code0]","
    Негативный тест: обновление слайда с невалидным или неполным телом запроса
    "
"passed","Sun Apr 26 03:23:17 UTC 2026","Sun Apr 26 03:23:17 UTC 2026","487","tests.statistic","test_team_registrations","","","","test_get_team_registration_statistic_positive[payload1-client]","Позитивный тест: получение статистики по регистрации команды с валидным телом запроса"
"broken","Sun Apr 26 03:21:51 UTC 2026","Sun Apr 26 03:21:51 UTC 2026","0","tests.admin_panel.products","test_44_upload_product_brand_images","","","","test_upload_product_brand_images_formats[valid.png-image/png-204]","Проверка загрузки изображений бренда в разных форматах: негативные и позитивные кейсы."
"skipped","Sun Apr 26 03:29:36 UTC 2026","Sun Apr 26 03:29:36 UTC 2026","0","tests.admin_panel.products","test_01_create_product_group","","","","test_create_product_group_invalid_payload[payload2-400]",""
"broken","Sun Apr 26 03:18:26 UTC 2026","Sun Apr 26 03:18:26 UTC 2026","0","tests.admin_panel.promo","test_74_update_promotion","","","","test_update_promotion_invalid_payload[payload2-400]","Негативный тест: обновление акции с невалидным или неполным телом запроса"
"passed","Sun Apr 26 03:33:41 UTC 2026","Sun Apr 26 03:33:42 UTC 2026","839","tests.stock","test_get_stocks","","","","test_get_stocks[client]","Запрос всех складов"
"passed","Sun Apr 26 03:29:39 UTC 2026","Sun Apr 26 03:29:40 UTC 2026","710","tests.admin_panel.products","test_41_get_product_brand_by_id","","","","test_get_product_brand_invalid_id[1.5]","Негативный тест: получение бренда по невалидному ID"
"passed","Sun Apr 26 03:23:18 UTC 2026","Sun Apr 26 03:23:19 UTC 2026","509","tests.statistic","test_team_registrations","","","","test_get_team_registration_statistic_positive[payload2-client]","Позитивный тест: получение статистики по регистрации команды с валидным телом запроса"
"passed","Sun Apr 26 03:10:42 UTC 2026","Sun Apr 26 03:10:43 UTC 2026","979","tests.tickets","test_04_create_ticket","","","","test_create_ticket_success[admin-attachments0-OtherQuestions]","Позитивный тест: создание тикета с разными темами и вложениями для клиента, партнера и админа"
"skipped","Sun Apr 26 03:39:23 UTC 2026","Sun Apr 26 03:39:23 UTC 2026","0","tests.PROJECT_EDUCATION.test_system","test_07_cleanup_test_system_artifacts_for_user","","","","test_cleanup_test_system_artifacts_for_current_user__db",""
"skipped","Sun Apr 26 03:12:17 UTC 2026","Sun Apr 26 03:12:17 UTC 2026","0","tests.tickets","test_01_get_tickets","","","","test_get_tickets_success[filter1-sort0-search2-pagination1-admin]","Позитивный тест: получение списка тикетов с разными комбинациями параметров"
"skipped","Sun Apr 26 03:17:48 UTC 2026","Sun Apr 26 03:17:48 UTC 2026","0","tests.account","test_0_marathon","","","","test_create_product_brand_invalid_payload[params2-400-partner]",""
"broken","Sun Apr 26 03:18:29 UTC 2026","Sun Apr 26 03:18:29 UTC 2026","0","tests.admin_panel.sliders","test_54_update_slider","","","","test_update_slider_invalid_payload[payload4-expected_code4]","Негативный тест: обновление слайдера с невалидным или неполным телом запроса."
"skipped","Sun Apr 26 03:18:23 UTC 2026","Sun Apr 26 03:18:23 UTC 2026","0","tests.PROJECT_EDUCATION.orders","test_post_orders","","","","test_post_orders_unauthorized__401_403[None]","Негатив: без авторизации"
"skipped","Sun Apr 26 03:38:42 UTC 2026","Sun Apr 26 03:38:42 UTC 2026","0","tests.account","test_get_default_stock","","","","test_get_default_stock_positive[partner]","Позитивные тесты на получение дефолтного склада"
"passed","Sun Apr 26 03:29:11 UTC 2026","Sun Apr 26 03:29:11 UTC 2026","854","tests.reviews","test_reviews_delete_post","","","","test_reviews_delete_duplicate_ids",""
"skipped","Sun Apr 26 03:05:47 UTC 2026","Sun Apr 26 03:05:48 UTC 2026","849","tests.one_c","test_cart_calculate_full_coverage","","","","test_products_negative_numbers[bonus--1]",""
"passed","Sun Apr 26 03:24:22 UTC 2026","Sun Apr 26 03:24:24 UTC 2026","1197","tests.admin_panel.users","test_post_admin_users_exclusive_preorder_permissions","","","","test_post_exclusive_preorder_permissions_validation_errors_400[payload3]","
    Негатив: некорректный payload
    "
"skipped","Sun Apr 26 03:17:48 UTC 2026","Sun Apr 26 03:17:48 UTC 2026","0","tests.account","test_0_marathon","","","","test_create_product_brand_invalid_payload[params0-400-client]",""
"passed","Sun Apr 26 03:09:58 UTC 2026","Sun Apr 26 03:09:59 UTC 2026","1657","tests.tickets","test_04_create_ticket","","","","test_create_ticket_success[partner-attachments2-QuestionsAboutTheHousingAndCarProgram]","Позитивный тест: создание тикета с разными темами и вложениями для клиента, партнера и админа"
"passed","Sun Apr 26 03:28:15 UTC 2026","Sun Apr 26 03:28:16 UTC 2026","696","tests.admin_panel.slides","test_0_slides_sort","","","","test_slides_sort_invalid_id[abc]","Негативный тест: невалидный path parameter."
"broken","Sun Apr 26 03:21:56 UTC 2026","Sun Apr 26 03:21:56 UTC 2026","0","tests.admin_panel.promo","test_77_create_promotion_item","","","","test_update_promotion_item_success","Позитивный тест: успешное обновление элемента акции"
"passed","Sun Apr 26 03:29:31 UTC 2026","Sun Apr 26 03:29:31 UTC 2026","636","tests.admin_panel.categories","test_47_get_categories_by_id","","","","test_get_categories_invalid_id[abc]","Негативный тест: получение категории по невалидному ID."
"broken","Sun Apr 26 03:18:29 UTC 2026","Sun Apr 26 03:18:29 UTC 2026","0","tests.admin_panel.sliders","test_54_update_slider","","","","test_update_slider_invalid_payload[payload12-422]","Негативный тест: обновление слайдера с невалидным или неполным телом запроса."
"passed","Sun Apr 26 03:23:55 UTC 2026","Sun Apr 26 03:23:55 UTC 2026","464","tests.account","test_account_branded_wallet_upload","","","","test_upload_missing_image_field_returns_400_or_422[client]","Негатив: отсутствует поле 'image' → 400/422"
"passed","Sun Apr 26 03:15:47 UTC 2026","Sun Apr 26 03:15:47 UTC 2026","488","tests.cart","test_02_get_delivery_cost","","","","test_get_delivery_cost_invalid_payload[partner-payload0]","Негатив: некорректные входные данные"
"skipped","Sun Apr 26 03:17:58 UTC 2026","Sun Apr 26 03:17:58 UTC 2026","0","tests.admin_panel.categories","test_50_upload_category_images","","","","test_upload_only_single_image_field_should_not_fill_others[icon-test_png.png-image/png-icon]","Проверка: загрузка только одного из полей (icon, image, image_site) не должна заполнять другие."
"passed","Sun Apr 26 03:12:56 UTC 2026","Sun Apr 26 03:12:57 UTC 2026","518","tests.delivery","test_01_save_delivery_address","","","","test_save_address_invalid_types_should_fail[name-None-client]",""
"broken","Sun Apr 26 03:35:29 UTC 2026","Sun Apr 26 03:35:29 UTC 2026","0","tests.admin_panel.products","test_03_recommended_products_delete","","","","test_remove_recommendation_success","Успешное удаление рекомендованного товара."
"failed","Sun Apr 26 03:22:30 UTC 2026","Sun Apr 26 03:22:31 UTC 2026","680","tests.admin_panel.products","test_40_create_product_brand","","","","test_create_product_brand_invalid_payload[payload11-expected_codes11]","Негативные кейсы: невалидные поля при создании бренда."
"passed","Sun Apr 26 03:36:16 UTC 2026","Sun Apr 26 03:36:23 UTC 2026","6661","tests.cart","test_cart_update_duplicate_regression","","","","test_cart_update_same_item_parallel_last_write_wins_without_duplicates[client]",""
"broken","Sun Apr 26 03:31:18 UTC 2026","Sun Apr 26 03:31:18 UTC 2026","0","tests.admin_panel.categories","test_79_get_category_translation","","","","test_get_category_translation_success",""
"passed","Sun Apr 26 03:32:26 UTC 2026","Sun Apr 26 03:32:27 UTC 2026","714","tests.reviews","test_reviews_get_by_id","","","","test_reviews_get_by_id_invalid_id_returns_client_error[abc]",""
"failed","Sun Apr 26 03:33:31 UTC 2026","Sun Apr 26 03:33:31 UTC 2026","517","tests.delivery","test_mongpost_postcodes","","","","test_mongpost_postcodes_invalid_city_id[0-admin]","Негативный тест: невалидные значения city_id → 400/422"
"skipped","Sun Apr 26 03:06:46 UTC 2026","Sun Apr 26 03:06:46 UTC 2026","897","tests.one_c","test_cart_calculate_full_coverage","","","","test_bonus_info_invalid_numbers[bonus-0]",""
"skipped","Sun Apr 26 03:34:47 UTC 2026","Sun Apr 26 03:34:47 UTC 2026","527","tests.delivery","test_get_haypost_offices","","","","test_get_haypost_offices_success[186343-client]","Позитив: успешное получение списка офисов по city_id."
"skipped","Sun Apr 26 03:35:14 UTC 2026","Sun Apr 26 03:35:14 UTC 2026","0","tests.account","test_token_revoke","","","","test_revoke_token_positive[partner-payload0]","Позитивные тесты на удаление токена"
"passed","Sun Apr 26 03:28:35 UTC 2026","Sun Apr 26 03:28:36 UTC 2026","524","tests.orders","test_group_order_v2_create","","","","test_group_order_v2_invalid_payloads[partner-payload5]",""
"failed","Sun Apr 26 03:38:37 UTC 2026","Sun Apr 26 03:38:37 UTC 2026","546","tests.account","test_0_top_partners_game_0824","","","","test_get_top_partners_game_0824_positive[admin]","Позитивные тесты на получение топ-партнеров в игре 08/24"
"passed","Sun Apr 26 03:07:31 UTC 2026","Sun Apr 26 03:07:32 UTC 2026","974","tests.tickets","test_04_create_ticket","","","","test_create_ticket_success[client-attachments0-QuestionsAboutOrders]","Позитивный тест: создание тикета с разными темами и вложениями для клиента, партнера и админа"
"skipped","Sun Apr 26 03:12:30 UTC 2026","Sun Apr 26 03:12:30 UTC 2026","0","tests.stock","test_create_stock","","","","test_create_stock_with_empty_string_log_if_not_200[address.address_full]",""
"passed","Sun Apr 26 03:11:20 UTC 2026","Sun Apr 26 03:11:22 UTC 2026","1815","tests.tickets","test_04_create_ticket","","","","test_create_ticket_success[admin-attachments1-ReceivingDefectiveProducts]","Позитивный тест: создание тикета с разными темами и вложениями для клиента, партнера и админа"
"broken","Sun Apr 26 03:33:56 UTC 2026","Sun Apr 26 03:33:56 UTC 2026","0","tests.admin_panel.slides","test_62_slides_get_upload_urls","","","","test_get_upload_urls_invalid_files[data0-400]","Негативный тест: пустой список файлов, отсутствие 'filenames' в теле запроса"
"skipped","Sun Apr 26 03:31:09 UTC 2026","Sun Apr 26 03:31:09 UTC 2026","0","tests.PROJECT_EDUCATION.test_system","test_06_get_result","","","","test_get_result_unauthorized__401_or_404",""
"broken","Sun Apr 26 03:21:15 UTC 2026","Sun Apr 26 03:21:15 UTC 2026","0","tests.catalog","test_update_admin_product","","","","test_update_admin_product_invalid_payload[update_payload3-400]",""
"passed","Sun Apr 26 03:08:30 UTC 2026","Sun Apr 26 03:08:32 UTC 2026","1725","tests.tickets","test_04_create_ticket","","","","test_create_ticket_success[client-attachments2-QuestionsAboutOrders]","Позитивный тест: создание тикета с разными темами и вложениями для клиента, партнера и админа"
"broken","Sun Apr 26 03:23:33 UTC 2026","Sun Apr 26 03:23:33 UTC 2026","0","tests.admin_panel.items","test_create_item","","","","test_create_item_invalid_payload[payload9-expected_code9]","
    Негативный тест: создание варианта с невалидным телом запроса.
    Если сервер внезапно вернул успех — удаляем созданный item из БД.
    "
"passed","Sun Apr 26 03:21:23 UTC 2026","Sun Apr 26 03:21:24 UTC 2026","683","tests.catalog","test_create_admin_product_translation","","","","test_create_admin_product_translation_invalid_payload[payload1-400]","Негативные проверки на создание перевода с некорректным payload."
"broken","Sun Apr 26 03:17:47 UTC 2026","Sun Apr 26 03:17:47 UTC 2026","0","tests.admin_panel.slides","test_59_update_slide","","","","test_update_slide_unauthorized","Негативный тест: попытка обновления слайда без авторизации"
"failed","Sun Apr 26 03:37:02 UTC 2026","Sun Apr 26 03:37:02 UTC 2026","477","tests.admin_panel.sliders","test_51_get_sliders","","","","test_get_sliders_forbidden[partner]","Негативный тест: получение списка слайдеров не админом"
"skipped","Sun Apr 26 03:35:14 UTC 2026","Sun Apr 26 03:35:14 UTC 2026","0","tests.account","test_history_personal_volumes_admin","","","","test_get_personal_volumes_history_admin_positive[client-payload1]","Позитивные тесты на получение истории начисления личных объемов для админа"
"passed","Sun Apr 26 03:05:31 UTC 2026","Sun Apr 26 03:05:31 UTC 2026","622","tests.one_c","test_cart_calculate_full_coverage","","","","test_invalid_top_types[secret_keys-8886]",""
"skipped","Sun Apr 26 03:06:34 UTC 2026","Sun Apr 26 03:06:35 UTC 2026","878","tests.one_c","test_cart_calculate_full_coverage","","","","test_payment_invalid_uuid[None]",""
"passed","Sun Apr 26 03:29:53 UTC 2026","Sun Apr 26 03:29:54 UTC 2026","651","tests.admin_panel.slides","test_58_get_slides_by_id","","","","test_get_slides_invalid_id[0]","Негативный тест: невалидный ID в path-параметре"
"passed","Sun Apr 26 03:12:59 UTC 2026","Sun Apr 26 03:12:59 UTC 2026","500","tests.delivery","test_01_save_delivery_address","","","","test_save_address_invalid_types_should_fail[Iin-123-client]",""
"skipped","Sun Apr 26 03:12:18 UTC 2026","Sun Apr 26 03:12:18 UTC 2026","0","tests.tickets","test_01_get_tickets","","","","test_get_tickets_success[filter2-sort1-search2-pagination0-admin]","Позитивный тест: получение списка тикетов с разными комбинациями параметров"
"skipped","Sun Apr 26 03:31:33 UTC 2026","Sun Apr 26 03:31:33 UTC 2026","0","tests.PROJECT_EDUCATION.test_system","test_02_get_question","","","","test_get_question_invalid_id__400_or_404[abc]",""
"passed","Sun Apr 26 03:23:25 UTC 2026","Sun Apr 26 03:23:26 UTC 2026","503","tests.admin_panel.slides","test_61_upload_slides_images","","","","test_upload_slide_images_forbidden[client]",""
"skipped","Sun Apr 26 03:17:48 UTC 2026","Sun Apr 26 03:17:48 UTC 2026","0","tests.account","test_0_marathon","","","","test_create_product_brand_invalid_payload[params2-400-client]",""
"passed","Sun Apr 26 03:26:36 UTC 2026","Sun Apr 26 03:26:37 UTC 2026","495","tests.delivery","test_get_boxberry_offices","","","","test_get_boxberry_offices_invalid_city_id_should_fail[-admin]",""
"passed","Sun Apr 26 03:27:01 UTC 2026","Sun Apr 26 03:27:02 UTC 2026","490","tests.delivery","test_get_emu_pickup_points","","","","test_get_emu_pickup_points_invalid_city_id_should_fail[-1-admin]","Негатив: невалидные значения city_id → 400/422."
"skipped","Sun Apr 26 03:31:31 UTC 2026","Sun Apr 26 03:31:31 UTC 2026","0","tests.orders","test_shop_digital_flow","","","","test_payment_status_happy_path[client]",""
"passed","Sun Apr 26 03:34:40 UTC 2026","Sun Apr 26 03:34:41 UTC 2026","521","tests.delivery","test_get_fargo_offices","","","","test_get_fargo_offices_success[142257-partner]","Позитив: успешное получение списка офисов по city_id."
"passed","Sun Apr 26 03:33:33 UTC 2026","Sun Apr 26 03:33:33 UTC 2026","470","tests.orders","test_group_order_confirm","","","","test_group_order_confirm_validation_errors[payload1-partner]",""
"passed","Sun Apr 26 03:34:03 UTC 2026","Sun Apr 26 03:34:04 UTC 2026","1251","tests.admin_panel.users","test_delete_admin_users_exclusive_preorder_permissions","","","","test_delete_exclusive_preorder_permissions_validation_error_400[payload1]","
    Негатив: некорректный item_id
    "
"passed","Sun Apr 26 03:28:27 UTC 2026","Sun Apr 26 03:28:27 UTC 2026","478","tests.auth","test_02_login","","","","test_partner_login[partner-empty_password-401]",""
"skipped","Sun Apr 26 03:31:18 UTC 2026","Sun Apr 26 03:31:18 UTC 2026","0","tests.admin_panel","test_accrue_presidential_pool","","","","test_accrue_presidential_pool_unauthorized",""
"passed","Sun Apr 26 03:23:51 UTC 2026","Sun Apr 26 03:23:51 UTC 2026","514","tests.orders","test_create_order_by_delivery_address","","","","test_create_order_invalid_data[invalid_payload1-expected_status1-partner]",""
"passed","Sun Apr 26 03:34:00 UTC 2026","Sun Apr 26 03:34:01 UTC 2026","645","tests.admin_panel.users","test_delete_admin_users_exclusive_preorder_permissions","","","","test_delete_exclusive_preorder_permissions_requires_admin[client]","
    клиент/партнёр не могут удалять permission → 403
    "
"passed","Sun Apr 26 03:12:24 UTC 2026","Sun Apr 26 03:12:25 UTC 2026","488","tests.tickets","test_01_get_tickets","","","","test_get_tickets_invalid_filter[invalid_filter0-400-partner]","Негативный тест: передаем некорректные параметры фильтрации"
"skipped","Sun Apr 26 03:27:14 UTC 2026","Sun Apr 26 03:27:15 UTC 2026","495","tests.orders","test_group_order_change_country","","","","test_change_country_invalid_data[invalid_payload1-partner]","Негативные тесты: передача некорректных данных"
"passed","Sun Apr 26 03:24:39 UTC 2026","Sun Apr 26 03:24:40 UTC 2026","499","tests.cart","test_10_cart_save_city","","","","test_save_city_invalid_payload[partner-payload3]","Негатив: невалидный payload."
"failed","Sun Apr 26 03:25:09 UTC 2026","Sun Apr 26 03:25:10 UTC 2026","647","tests.reviews","test_reviews_create_post","","","","test_reviews_create_invalid_types_return_client_error[patch2]",""
"skipped","Sun Apr 26 03:12:17 UTC 2026","Sun Apr 26 03:12:17 UTC 2026","0","tests.tickets","test_01_get_tickets","","","","test_get_tickets_success[filter1-sort1-search2-pagination1-partner]","Позитивный тест: получение списка тикетов с разными комбинациями параметров"
"broken","Sun Apr 26 03:38:15 UTC 2026","Sun Apr 26 03:38:15 UTC 2026","0","tests.one_c","test_get_1с_stock","","","","test_get_1c_stock_forbidden_with_wrong_secret_key",""
"passed","Sun Apr 26 03:15:42 UTC 2026","Sun Apr 26 03:15:42 UTC 2026","552","tests.cart","test_02_get_delivery_cost","","","","test_get_delivery_cost_success_partial_payload[partner-payload6-400]",""
"skipped","Sun Apr 26 03:12:30 UTC 2026","Sun Apr 26 03:12:30 UTC 2026","0","tests.stock","test_create_stock","","","","test_create_stock_with_empty_string_log_if_not_200[address.latitude]",""
"skipped","Sun Apr 26 03:29:23 UTC 2026","Sun Apr 26 03:29:23 UTC 2026","0","tests.tickets","test_06_close_ticket","","","","test_close_tickets_negative[partner-ticket_ids0-400]","Негативные тесты: закрытие с некорректными данными"
"passed","Sun Apr 26 03:27:41 UTC 2026","Sun Apr 26 03:27:42 UTC 2026","671","tests.account","test_add_cover_url","","","","test_add_cover_invalid_payload[payload0]",""
"passed","Sun Apr 26 03:32:44 UTC 2026","Sun Apr 26 03:32:45 UTC 2026","495","tests.PROJECT_FUND.initiatives","test_get_initiative_by_id","","","","test_get_initiative_by_invalid_id[-https://dev.ewahelps.com/api]",""
"passed","Sun Apr 26 03:11:50 UTC 2026","Sun Apr 26 03:11:51 UTC 2026","1654","tests.tickets","test_04_create_ticket","","","","test_create_ticket_success[admin-attachments2-ReceivingDefectiveProductsOrShortage]","Позитивный тест: создание тикета с разными темами и вложениями для клиента, партнера и админа"
"passed","Sun Apr 26 03:18:16 UTC 2026","Sun Apr 26 03:18:16 UTC 2026","154","tests.cart","test_update_location","","","","test_update_location_invalid_types[payload4]",""
"skipped","Sun Apr 26 03:28:09 UTC 2026","Sun Apr 26 03:28:09 UTC 2026","0","tests.admin_panel.minions","test_admin_add_lo","","","","test_post_admin_add_lo_negative_invalid_types_and_values[payload0]","
    Негативные сценарии: неверные типы и бизнес-некорректные значения.
    "
"broken","Sun Apr 26 03:31:13 UTC 2026","Sun Apr 26 03:31:13 UTC 2026","0","tests.admin_panel","test_05_admin_support_users_token_revoke_all","","","","test_admin_can_revoke_all_support_tokens","
    POST /admin/support-users/{id}/token/revoke-all

    Проверяем по факту:
    - до revoke создаём несколько support-токенов
    - в tokens есть записи для (role=3, id=user_id)
    - после revoke-all их больше нет
    - повторный вызов тоже 204 и в tokens всё ещё 0 записей.
    "
"passed","Sun Apr 26 03:33:26 UTC 2026","Sun Apr 26 03:33:27 UTC 2026","524","tests.delivery","test_geo_suggest","","","","test_geo_suggest_invalid_query_400[client-space_only]",""
"skipped","Sun Apr 26 03:12:30 UTC 2026","Sun Apr 26 03:12:30 UTC 2026","0","tests.stock","test_create_stock","","","","test_create_stock_with_empty_string_log_if_not_200[address.old_postal_code]",""
"passed","Sun Apr 26 03:26:53 UTC 2026","Sun Apr 26 03:26:53 UTC 2026","506","tests.delivery","test_get_dpd_offices","","","","test_get_dpd_offices_missing_city_id_should_fail[admin]",""
"passed","Sun Apr 26 03:18:26 UTC 2026","Sun Apr 26 03:18:27 UTC 2026","495","tests.admin_panel.sliders","test_54_update_slider","","","","test_update_slider_unauthorized","Негативный тест: попытка обновления слайдера без авторизации."
"passed","Sun Apr 26 03:36:58 UTC 2026","Sun Apr 26 03:36:59 UTC 2026","689","tests.admin_panel.promo","test_71_get_promotions","","","","test_get_promotions_list_default","Позитивный кейс — Получение списка всех промоакций"
"skipped","Sun Apr 26 03:35:14 UTC 2026","Sun Apr 26 03:35:14 UTC 2026","0","tests.account","test_history_admin","","","","test_get_admin_history_positive[client-payload0]","Позитивные тесты на получение истории бонусов для админа"
"passed","Sun Apr 26 03:22:09 UTC 2026","Sun Apr 26 03:22:10 UTC 2026","671","tests.delivery","test_get_delivery_countries","","","","test_get_delivery_countries_success[None-client]","Позитив: успешное получение списка стран с разными значениями ?from=."
"failed","Sun Apr 26 03:36:46 UTC 2026","Sun Apr 26 03:36:47 UTC 2026","723","tests.admin_panel.periods","test_post_admin_approve_marketing_result_with_period","","","","test_post_admin_approve_marketing_result_with_period__bad_body_400_422[bad_body0]",""
"skipped","Sun Apr 26 03:06:26 UTC 2026","Sun Apr 26 03:06:27 UTC 2026","823","tests.one_c","test_cart_calculate_full_coverage","","","","test_payment_invalid_numbers[discount_total-0]",""
"failed","Sun Apr 26 03:36:27 UTC 2026","Sun Apr 26 03:36:27 UTC 2026","504","tests.catalog","test_products_list","","","","test_get_products_list_success[client]","
    Позитивный: успешное получение списка товаров без фильтров
    "
"broken","Sun Apr 26 03:18:10 UTC 2026","Sun Apr 26 03:18:10 UTC 2026","0","tests.cart","test_update_location","","","","test_update_location_international_delivery_ignores_city_validation","
    Намеренно используем латиницу — город может не существовать в БД
    "
"passed","Sun Apr 26 03:19:22 UTC 2026","Sun Apr 26 03:19:26 UTC 2026","4152","tests.cart","test_free_delivery_by_rc_and_belts","","","","test_free_delivery_by_belts_contract[\u041d\u043e\u0432\u043e\u0441\u0438\u0431\u0438\u0440\u0441\u043a-client-zone_1-belt_cfg0]","
    КОНТРАКТ:
    - ручка работает
    - advance_costs может быть []
    - free может быть
    - платная доставка допустима
    "
"broken","Sun Apr 26 03:39:20 UTC 2026","Sun Apr 26 03:39:20 UTC 2026","0","tests.cart","test_cart_international_stock","","","","test_international_auto_stock_fallback_to_novosibirsk","
    Международка:
    товара нет в Москве
    товар есть в Новосибирске
    → выбирается Новосибирск
    "
"passed","Sun Apr 26 03:18:01 UTC 2026","Sun Apr 26 03:18:02 UTC 2026","755","tests.cart","test_update_location","","","","test_update_location_rf_positive[payload0]",""
"passed","Sun Apr 26 03:37:51 UTC 2026","Sun Apr 26 03:37:51 UTC 2026","461","tests.admin_panel.periods","test_get_approved_marketing_periods","","","","test_get_admin_approved_marketing_periods__unauthorized",""
"passed","Sun Apr 26 03:25:23 UTC 2026","Sun Apr 26 03:25:24 UTC 2026","494","tests.account","test_get_account_exists","","","","test_get_account_exists_positive[params5-client]","Нкгатив: невлидны id"
"skipped","Sun Apr 26 03:12:18 UTC 2026","Sun Apr 26 03:12:18 UTC 2026","0","tests.tickets","test_01_get_tickets","","","","test_get_tickets_success[filter2-sort0-search2-pagination1-admin]","Позитивный тест: получение списка тикетов с разными комбинациями параметров"
"passed","Sun Apr 26 03:28:21 UTC 2026","Sun Apr 26 03:28:22 UTC 2026","514","tests.admin_panel.slides","test_0_slides_sort","","","","test_slides_sort_by_id_forbidden[partner]","Негативный тест: не админом."
"broken","Sun Apr 26 03:37:24 UTC 2026","Sun Apr 26 03:37:24 UTC 2026","0","tests.promo_time.new_year_lottery","test_admin_new_year_lottery_coupons","","","","test_change_coupons_for_unknown_order_returns_404","
    Негатив: заказ не найден
    "
"passed","Sun Apr 26 03:18:57 UTC 2026","Sun Apr 26 03:19:07 UTC 2026","10083","tests.cart","test_free_delivery_by_rc_and_belts","","","","test_free_delivery_by_belts_contract[\u041c\u043e\u0441\u043a\u0432\u0430-client-zone_1-belt_cfg0]","
    КОНТРАКТ:
    - ручка работает
    - advance_costs может быть []
    - free может быть
    - платная доставка допустима
    "
"skipped","Sun Apr 26 03:36:50 UTC 2026","Sun Apr 26 03:36:50 UTC 2026","0","tests.admin_panel.periods","test_put_admin_dev_period_end_time","","","","test_put_admin_dev_period_end_time__200_strict_noop",""
"broken","Sun Apr 26 03:21:51 UTC 2026","Sun Apr 26 03:21:51 UTC 2026","0","tests.admin_panel.products","test_44_upload_product_brand_images","","","","test_upload_product_brand_images_various_fields[4.7-fields_to_send4-204]","Негативный тест. Загрузка слишком большого изображения."
"skipped","Sun Apr 26 03:07:17 UTC 2026","Sun Apr 26 03:07:17 UTC 2026","527","tests.one_c","test_cart_calculate_full_coverage","","","","test_large_cart_error[20]",""
"passed","Sun Apr 26 03:06:00 UTC 2026","Sun Apr 26 03:06:01 UTC 2026","879","tests.one_c","test_cart_calculate_full_coverage","","","","test_products_various_qty[100]",""
"skipped","Sun Apr 26 03:31:33 UTC 2026","Sun Apr 26 03:31:33 UTC 2026","0","tests.PROJECT_EDUCATION.test_system","test_05_get_info","","","","test_get_info_invalid_id__400_or_404[-1]","Негатив: невалидный id в path"
"skipped","Sun Apr 26 03:05:49 UTC 2026","Sun Apr 26 03:05:50 UTC 2026","871","tests.one_c","test_cart_calculate_full_coverage","","","","test_products_negative_numbers[box_index--1]",""
"skipped","Sun Apr 26 03:30:00 UTC 2026","Sun Apr 26 03:30:00 UTC 2026","0","tests.cart","test_09_cart_save_region","","","","test_save_region_by_name_success[client]","Позитив: сохранение региона по region_name"
"passed","Sun Apr 26 03:26:40 UTC 2026","Sun Apr 26 03:26:40 UTC 2026","463","tests.delivery","test_get_boxberry_offices","","","","test_get_boxberry_offices_invalid_city_id_should_fail[bad_city_id7-admin]",""
"passed","Sun Apr 26 03:27:42 UTC 2026","Sun Apr 26 03:27:43 UTC 2026","679","tests.account","test_add_cover_url","","","","test_add_cover_invalid_payload[payload2]",""
"skipped","Sun Apr 26 03:35:14 UTC 2026","Sun Apr 26 03:35:14 UTC 2026","0","tests.account","test_pass_change","","","","test_change_password_positive[admin-payload1]","Позитивные тесты на изменение пароля"
"skipped","Sun Apr 26 03:31:09 UTC 2026","Sun Apr 26 03:31:09 UTC 2026","0","tests.PROJECT_EDUCATION.test_system","test_08_get_course_with_tests","","","","test_get_course_with_tests__invalid_id__400_404[1.5]",""
"passed","Sun Apr 26 03:30:33 UTC 2026","Sun Apr 26 03:30:34 UTC 2026","719","tests.reviews","test_reviews_update_post","","","","test_reviews_update_unauthorized_for_client_and_partner[authorize_partner]",""
"skipped","Sun Apr 26 03:06:16 UTC 2026","Sun Apr 26 03:06:17 UTC 2026","830","tests.one_c","test_cart_calculate_full_coverage","","","","test_packaging_invalid_types[weight-None]",""
"passed","Sun Apr 26 03:25:18 UTC 2026","Sun Apr 26 03:25:19 UTC 2026","508","tests.account","test_get_account_exists","","","","test_get_account_exists_positive[params0-client]","Нкгатив: невлидны id"
"passed","Sun Apr 26 03:21:46 UTC 2026","Sun Apr 26 03:21:47 UTC 2026","710","tests.admin_panel.items","test_create_item_translation","","","","test_create_item_translation_invalid_payload[payload4-code4]","Негативный тест: создание перевода с невалидным payload."
"passed","Sun Apr 26 03:23:46 UTC 2026","Sun Apr 26 03:23:49 UTC 2026","3028","tests.orders","test_create_order_by_delivery_address","","","","test_create_order_permissions[authorize_partner-authorize_client-404]",""
"skipped","Sun Apr 26 03:12:17 UTC 2026","Sun Apr 26 03:12:17 UTC 2026","0","tests.tickets","test_01_get_tickets","","","","test_get_tickets_success[filter1-sort0-search2-pagination0-client]","Позитивный тест: получение списка тикетов с разными комбинациями параметров"
"failed","Sun Apr 26 03:36:43 UTC 2026","Sun Apr 26 03:36:43 UTC 2026","504","tests.account","test_history_group_volumes_admin","","","","test_group_volumes_history_admin_forbidden_for_non_admin[client]",""
"broken","Sun Apr 26 03:23:55 UTC 2026","Sun Apr 26 03:23:55 UTC 2026","0","tests.account","test_account_branded_wallet_upload","","","","test_upload_upsert_current_period[client]","Позитив: повторная загрузка подряд (upsert для текущего периода) — оба запроса успешны"
"skipped","Sun Apr 26 03:38:01 UTC 2026","Sun Apr 26 03:38:01 UTC 2026","0","tests.catalog","test_exclusive_preorder_products_list","","","","test_products_list_exclusive_flags_types_contract[client]","
    Жёсткий контракт по типам:
      - если is_exclusive_preorder_only присутствует => bool
      - если is_visible присутствует => bool
      - если in_stock присутствует => int
    "
"skipped","Sun Apr 26 03:38:42 UTC 2026","Sun Apr 26 03:38:42 UTC 2026","0","tests.account","test_delete_avatar","","","","test_delete_avatar_positive[admin]","Позитивные тесты на удаление аватара"
"passed","Sun Apr 26 03:13:18 UTC 2026","Sun Apr 26 03:13:18 UTC 2026","507","tests.delivery","test_get_cities","","","","test_get_cities_invalid_country_id_should_fail[True-admin]","
    Негатив: невалидный country_id → 400/422
    "
"passed","Sun Apr 26 03:12:26 UTC 2026","Sun Apr 26 03:12:27 UTC 2026","506","tests.tickets","test_01_get_tickets","","","","test_get_tickets_invalid_filter[invalid_filter2-400-partner]","Негативный тест: передаем некорректные параметры фильтрации"
"passed","Sun Apr 26 03:17:47 UTC 2026","Sun Apr 26 03:17:47 UTC 2026","515","tests.cart","test_12_cart_estimate_delivery","","","","test_estimate_delivery_unauthorized","Негатив: вызов без авторизации/корзины"
"skipped","Sun Apr 26 03:35:14 UTC 2026","Sun Apr 26 03:35:14 UTC 2026","0","tests.account","test_family_agreement_create_three","","","","test_create_family_agreement_three_positive[admin-payload1]","Позитивные тесты на создание семейного соглашения при аннулировании второго партнера"
"broken","Sun Apr 26 03:21:51 UTC 2026","Sun Apr 26 03:21:51 UTC 2026","0","tests.admin_panel.products","test_44_upload_product_brand_images","","","","test_upload_only_mobile_image_should_not_fill_other_fields","Проверка: при загрузке только mobile_image другие поля не должны заполняться."
"passed","Sun Apr 26 03:33:34 UTC 2026","Sun Apr 26 03:33:34 UTC 2026","775","tests.orders","test_group_order_v2_with_preorder_and_items","","","","test_group_order_v2_allows_empty_item_ids",""
"skipped","Sun Apr 26 03:39:20 UTC 2026","Sun Apr 26 03:39:20 UTC 2026","0","tests.PROJECT_EDUCATION.payment_system","test_get_payment_methods","","","","test_get_payment_methods_200_anonymous__schema","Публичный список способов оплаты"
"passed","Sun Apr 26 03:06:17 UTC 2026","Sun Apr 26 03:06:18 UTC 2026","862","tests.one_c","test_cart_calculate_full_coverage","","","","test_packaging_missing_fields[size_1c]",""
"passed","Sun Apr 26 03:38:07 UTC 2026","Sun Apr 26 03:38:08 UTC 2026","1165","tests.catalog","test_get_items_list","","","","test_get_items_list_success[partner]","
    Позитивный тест: успешное получение списка атомарных товаров
    "
"skipped","Sun Apr 26 03:31:09 UTC 2026","Sun Apr 26 03:31:09 UTC 2026","0","tests.PROJECT_EDUCATION.test_system","test_06_get_result","","","","test_get_result_invalid_id__400_or_404[999999]",""
"skipped","Sun Apr 26 03:27:45 UTC 2026","Sun Apr 26 03:27:45 UTC 2026","0","tests.account","test_get_languages","","","","test_get_languages_success[partner-123-400]","Возвращает список языков, доступных для перевода"
"passed","Sun Apr 26 03:22:44 UTC 2026","Sun Apr 26 03:22:45 UTC 2026","505","tests.admin_panel.promo","test_72_create_promotion","","","","test_create_promotion_forbidden[client]","Негативный тест: создание акции не-админом запрещено"
"failed","Sun Apr 26 03:38:10 UTC 2026","Sun Apr 26 03:38:11 UTC 2026","511","tests.delivery","test_03_delete_delivery_address","","","","test_delete_address_positive_and_not_in_history[client]",""
"skipped","Sun Apr 26 03:35:14 UTC 2026","Sun Apr 26 03:35:14 UTC 2026","0","tests.account","test_token","","","","test_add_token_positive[client-payload1]","Позитивные тесты на добавление токена"
"passed","Sun Apr 26 03:39:40 UTC 2026","Sun Apr 26 03:39:42 UTC 2026","2261","tests.temporary","test_lo_for_partner_from_env","","","","test_add_lo_to_env_partners",""
"passed","Sun Apr 26 03:22:37 UTC 2026","Sun Apr 26 03:22:38 UTC 2026","703","tests.admin_panel.promo","test_72_create_promotion","","","","test_create_promotion_invalid_data[payload4-400]","Негативные тесты: невалидные данные"
"skipped","Sun Apr 26 03:06:35 UTC 2026","Sun Apr 26 03:06:36 UTC 2026","853","tests.one_c","test_cart_calculate_full_coverage","","","","test_payment_invalid_uuid[aaaaaaaaaaaaaaaaaaaaaaaaaaaa]",""
"passed","Sun Apr 26 03:22:40 UTC 2026","Sun Apr 26 03:22:41 UTC 2026","675","tests.admin_panel.promo","test_72_create_promotion","","","","test_create_promotion_invalid_data[payload8-400]","Негативные тесты: невалидные данные"
"broken","Sun Apr 26 03:18:18 UTC 2026","Sun Apr 26 03:18:18 UTC 2026","0","tests.cart","test_update_location","","","","test_update_location_without_international_flag_full_data_state","
    Флаг не передан → обычная логика, без форса RU + Москва
    "
"passed","Sun Apr 26 03:27:57 UTC 2026","Sun Apr 26 03:27:58 UTC 2026","717","tests.admin_panel","test_partner_accrual_details_common","","","","test_common_accrual_details_future_period_date","
    Негатив: period_date в будущем → 400/422
    "
"passed","Sun Apr 26 03:08:58 UTC 2026","Sun Apr 26 03:08:58 UTC 2026","653","tests.tickets","test_04_create_ticket","","","","test_create_ticket_success[partner-attachments0-QuestionsAboutPaymentsToIP]","Позитивный тест: создание тикета с разными темами и вложениями для клиента, партнера и админа"
"skipped","Sun Apr 26 03:12:30 UTC 2026","Sun Apr 26 03:12:30 UTC 2026","0","tests.stock","test_create_stock","","","","test_create_stock_with_empty_string_log_if_not_200[address.intercom]",""
"broken","Sun Apr 26 03:24:17 UTC 2026","Sun Apr 26 03:24:17 UTC 2026","0","tests.admin_panel.items","test_update_item","","","","test_update_item_invalid_payload[payload4-422]","Негативный тест: обновление item с невалидным или неполным телом запроса."
"passed","Sun Apr 26 03:23:58 UTC 2026","Sun Apr 26 03:24:01 UTC 2026","2909","tests.account","test_account_branded_wallet_upload","","","","test_upload_too_large_returns_400[client]","Негатив: слишком большой файл (>5MB) → 400"
"failed","Sun Apr 26 03:37:01 UTC 2026","Sun Apr 26 03:37:02 UTC 2026","518","tests.admin_panel.sliders","test_51_get_sliders","","","","test_get_sliders_forbidden[client]","Негативный тест: получение списка слайдеров не админом"
"skipped","Sun Apr 26 03:23:15 UTC 2026","Sun Apr 26 03:23:15 UTC 2026","521","tests.statistic","test_team_go","","","","test_get_team_go_statistic_negative[payload1-admin]","Негативный тест: ошибка при получении статистики по команде с невалидным телом запроса"
"passed","Sun Apr 26 03:22:44 UTC 2026","Sun Apr 26 03:22:44 UTC 2026","528","tests.admin_panel.promo","test_72_create_promotion","","","","test_create_promotion_unauthorized","Негативный тест: создание акции без авторизации"
"skipped","Sun Apr 26 03:30:25 UTC 2026","Sun Apr 26 03:30:25 UTC 2026","0","tests.chat_support","test_01_support_chat_messages_post","","","","test_create_message_missing_required_fields_returns_400[client-payload1]","
    Негатив: отсутствие обязательных полей client_uuid/message → 400
    "
"passed","Sun Apr 26 03:26:49 UTC 2026","Sun Apr 26 03:26:50 UTC 2026","507","tests.delivery","test_get_cdek_offices","","","","test_get_cdek_offices_invalid_city_id_should_fail[bad_city_id8-admin]",""
"passed","Sun Apr 26 03:24:31 UTC 2026","Sun Apr 26 03:24:32 UTC 2026","1167","tests.admin_panel.users","test_post_admin_users_exclusive_preorder_permissions","","","","test_post_exclusive_preorder_permissions_validation_errors_400[payload10]","
    Негатив: некорректный payload
    "
"skipped","Sun Apr 26 03:22:17 UTC 2026","Sun Apr 26 03:22:18 UTC 2026","636","tests.delivery","test_get_delivery_countries","","","","test_get_delivery_countries_invalid_from[wrong-admin]","Негатив: невалидные значения параметра from → 400/422."
"broken","Sun Apr 26 03:18:26 UTC 2026","Sun Apr 26 03:18:26 UTC 2026","0","tests.admin_panel.promo","test_74_update_promotion","","","","test_update_promotion_invalid_payload[payload12-422]","Негативный тест: обновление акции с невалидным или неполным телом запроса"
"skipped","Sun Apr 26 03:39:23 UTC 2026","Sun Apr 26 03:39:23 UTC 2026","0","tests.sockets","test_ws_chat_basic","","","","test_ws_message_visible_only[partner]","
    Позитив: отправили по WS без tag_type → сообщение появилось в /support-chat/messages
    "
"passed","Sun Apr 26 03:08:25 UTC 2026","Sun Apr 26 03:08:27 UTC 2026","1611","tests.tickets","test_04_create_ticket","","","","test_create_ticket_success[client-attachments2-QuestionsAboutPaymentsToIP]","Позитивный тест: создание тикета с разными темами и вложениями для клиента, партнера и админа"
"failed","Sun Apr 26 03:34:42 UTC 2026","Sun Apr 26 03:34:42 UTC 2026","515","tests.delivery","test_get_fargo_offices","","","","test_get_fargo_offices_invalid_city_id_should_fail[-1-admin]","Негатив: невалидные значения city_id → 400/422."
"passed","Sun Apr 26 03:24:25 UTC 2026","Sun Apr 26 03:24:26 UTC 2026","1218","tests.admin_panel.users","test_post_admin_users_exclusive_preorder_permissions","","","","test_post_exclusive_preorder_permissions_validation_errors_400[payload5]","
    Негатив: некорректный payload
    "
"skipped","Sun Apr 26 03:06:55 UTC 2026","Sun Apr 26 03:06:56 UTC 2026","836","tests.one_c","test_cart_calculate_full_coverage","","","","test_email_validation[billing_customer-invalid]",""
"passed","Sun Apr 26 03:12:58 UTC 2026","Sun Apr 26 03:12:58 UTC 2026","471","tests.delivery","test_01_save_delivery_address","","","","test_save_address_invalid_types_should_fail[email-123-client]",""
"passed","Sun Apr 26 03:07:40 UTC 2026","Sun Apr 26 03:07:41 UTC 2026","1006","tests.tickets","test_04_create_ticket","","","","test_create_ticket_success[client-attachments0-QuestionsAboutTheRewardSystemMarketingPlan]","Позитивный тест: создание тикета с разными темами и вложениями для клиента, партнера и админа"
"skipped","Sun Apr 26 03:17:58 UTC 2026","Sun Apr 26 03:17:58 UTC 2026","0","tests.catalog","test_create_admin_product","","","","test_create_product_duplicate_slug[ky]",""
"failed","Sun Apr 26 03:36:57 UTC 2026","Sun Apr 26 03:36:58 UTC 2026","486","tests.admin_panel.products","test_39_get_product_brands","","","","test_get_product_brands_forbidden[partner]","Негативный тест: получение списка брендов не админом."
"passed","Sun Apr 26 03:26:20 UTC 2026","Sun Apr 26 03:26:20 UTC 2026","166","tests.cart","test_delivery_address_save_apply","","","","test_save_address_invalid_payload[payload4]",""
"failed","Sun Apr 26 03:38:28 UTC 2026","Sun Apr 26 03:38:28 UTC 2026","579","tests.account","test_0_funds_transfer_withdrawal_info","","","","test_get_withdrawal_info_positive[partner-200]","Позитивные тесты на получение информации о выводе средств"
"failed","Sun Apr 26 03:37:59 UTC 2026","Sun Apr 26 03:38:00 UTC 2026","478","tests.cart","test_25_cart_city_guessed_flag","","","","test_city_guessed_authorized_after_explicit_city_choice[partner]","
    Авторизованный пользователь явно выбирает город через /cart/save_city
    - выбор города сохраняется
    - далее is_city_guessed уже не может быть True
    "
"passed","Sun Apr 26 03:28:30 UTC 2026","Sun Apr 26 03:28:30 UTC 2026","490","tests.one_c","test_stock_delivery_methods","","","","test_1c_stock_delivery_methods_bad_request_for_invalid_payload[body4]",""
"skipped","Sun Apr 26 03:31:18 UTC 2026","Sun Apr 26 03:31:18 UTC 2026","0","tests.admin_panel","test_accrue_gold_pro_gift","","","","test_accrue_gold_pro_gift_unauthorized",""
"skipped","Sun Apr 26 03:30:54 UTC 2026","Sun Apr 26 03:30:54 UTC 2026","722","tests.reviews","test_reviews_update_post","","","","test_reviews_update_boundary[sender_name--400]",""
"passed","Sun Apr 26 03:17:18 UTC 2026","Sun Apr 26 03:17:22 UTC 2026","3973","tests.cart","test_12_cart_estimate_delivery","","","","test_estimate_delivery_success[partner-dpd_pickup-payload11]","
    Позитив: корзина с товаром, выбор способа доставки и расчёт стоимости для разных служб
    "
"skipped","Sun Apr 26 03:36:41 UTC 2026","Sun Apr 26 03:36:41 UTC 2026","0","tests.stock","test_update_stock","","","","test_update_stock_invalid_id[9999999]",""
"skipped","Sun Apr 26 03:38:42 UTC 2026","Sun Apr 26 03:38:42 UTC 2026","0","tests.account","test_get_default_stock","","","","test_get_default_stock_positive[client]","Позитивные тесты на получение дефолтного склада"
"passed","Sun Apr 26 03:15:40 UTC 2026","Sun Apr 26 03:15:40 UTC 2026","534","tests.cart","test_02_get_delivery_cost","","","","test_get_delivery_cost_success_partial_payload[partner-payload2-400]",""
"passed","Sun Apr 26 03:34:59 UTC 2026","Sun Apr 26 03:35:00 UTC 2026","569","tests.delivery","test_get_rupost_offices","","","","test_get_rupost_offices_success[439930-admin]",""
"passed","Sun Apr 26 03:25:32 UTC 2026","Sun Apr 26 03:25:34 UTC 2026","2429","tests.cart","test_23_cart_calculate_delivery_flag","","","","test_update_cart_multi_with_calculate_delivery_false[client]","
    Позитив: /cart/update_multi с calculate_delivery=false
    Корзина обновляется пакетом, advance_costs не считаются
    "
"broken","Sun Apr 26 03:23:27 UTC 2026","Sun Apr 26 03:23:27 UTC 2026","0","tests.admin_panel.slides","test_61_upload_slides_images","","","","test_upload_slide_images_invalid_format[valid.jpg-image/jpeg-204]",""
"passed","Sun Apr 26 03:14:11 UTC 2026","Sun Apr 26 03:14:15 UTC 2026","3794","tests.cart","test_01_user_locale","","","","test_update_user_locale_valid_payload[partner-payload0]",""
"passed","Sun Apr 26 03:29:48 UTC 2026","Sun Apr 26 03:29:49 UTC 2026","728","tests.admin_panel.sliders","test_53_get_sliders_by_id","","","","test_get_sliders_invalid_id[0]","Негативный тест: получение слайдера по невалидному ID"
"passed","Sun Apr 26 03:33:40 UTC 2026","Sun Apr 26 03:33:41 UTC 2026","500","tests.stock","test_get_stock_by_id","","","","test_get_stock_by_invalid_id[1.5-admin]","Невалидные значения ID склада"
"broken","Sun Apr 26 03:31:47 UTC 2026","Sun Apr 26 03:31:47 UTC 2026","0","tests.admin_panel.promo","test_76_get_promotion_items","","","","test_get_promotion_item_forbidden[client]","Негативный тест: получение элемента акции не-админом запрещено"
"failed","Sun Apr 26 03:31:42 UTC 2026","Sun Apr 26 03:31:43 UTC 2026","637","tests.admin_panel","test_accrue_auto_bonus","","","","test_accrue_auto_bonus_invalid_payload[payload0-400]",""
"broken","Sun Apr 26 03:27:18 UTC 2026","Sun Apr 26 03:27:18 UTC 2026","0","tests.admin_panel.products","test_product_files_update","","","","test_update_replaces_both_urls",""
"skipped","Sun Apr 26 03:30:25 UTC 2026","Sun Apr 26 03:30:25 UTC 2026","0","tests.chat_support","test_01_support_chat_messages_post","","","","test_create_message_without_tag_type_success_partner_client[client]","
    Позитив: tag_type не обязателен
    "
"skipped","Sun Apr 26 03:31:36 UTC 2026","Sun Apr 26 03:31:37 UTC 2026","1037","tests.account","test_post_downgrade_user","","","","test_downgrade_is_idempotent[admin]","
    Идемпотентность: повторный /admin/downgrade_user остаётся в GradeClient.
    "
"passed","Sun Apr 26 03:37:09 UTC 2026","Sun Apr 26 03:37:10 UTC 2026","513","tests.auth","test_03_token_auth","","","","test_auth_by_invalid_token","Тест авторизации с невалидным токеном"
"skipped","Sun Apr 26 03:39:23 UTC 2026","Sun Apr 26 03:39:23 UTC 2026","0","tests.sockets","test_bot_adversarial_answers","","","","test_chatbot_adversarial_answers_matrix[client-client]",""
"passed","Sun Apr 26 03:31:45 UTC 2026","Sun Apr 26 03:31:46 UTC 2026","646","tests.admin_panel.products","test_product_files_get_upload_urls","","","","test_get_upload_urls_not_found",""
"broken","Sun Apr 26 03:18:26 UTC 2026","Sun Apr 26 03:18:26 UTC 2026","0","tests.admin_panel.promo","test_74_update_promotion","","","","test_update_promotion_invalid_payload[payload11-422]","Негативный тест: обновление акции с невалидным или неполным телом запроса"
"failed","Sun Apr 26 03:36:59 UTC 2026","Sun Apr 26 03:36:59 UTC 2026","465","tests.admin_panel.promo","test_71_get_promotions","","","","test_get_promotions_list_forbidden[client]","Негативный тест: получение списка акций не админом"
"failed","Sun Apr 26 03:37:06 UTC 2026","Sun Apr 26 03:37:06 UTC 2026","503","tests.admin_panel.users","test_get_admin_users_exclusive_preorder_permissions","","","","test_get_exclusive_preorder_permissions_requires_admin[partner]","
    клиент/партнёр не могут читать список permissions → 403
    "
"broken","Sun Apr 26 03:23:27 UTC 2026","Sun Apr 26 03:23:27 UTC 2026","0","tests.admin_panel.slides","test_61_upload_slides_images","","","","test_upload_only_single_slide_image_field[image-test_jpg.jpg-image/jpeg]",""
"skipped","Sun Apr 26 03:31:33 UTC 2026","Sun Apr 26 03:31:33 UTC 2026","0","tests.PROJECT_EDUCATION.test_system","test_05_get_info","","","","test_get_info_unauthorized__401_or_404","Негатив: без авторизации -> 401/404"
"passed","Sun Apr 26 03:09:50 UTC 2026","Sun Apr 26 03:09:52 UTC 2026","1922","tests.tickets","test_04_create_ticket","","","","test_create_ticket_success[partner-attachments1-ReceivingDefectiveProducts]","Позитивный тест: создание тикета с разными темами и вложениями для клиента, партнера и админа"
"passed","Sun Apr 26 03:21:28 UTC 2026","Sun Apr 26 03:21:29 UTC 2026","590","tests.delivery","test_self_pickup_offices","","","","test_self_pickup_offices_success_basic[admin]","
    Позитив: успешное получение списка офисов по city_id
    Допускается пустой список (если в городе нет офисов)
    "
"passed","Sun Apr 26 03:12:50 UTC 2026","Sun Apr 26 03:12:50 UTC 2026","501","tests.delivery","test_01_save_delivery_address","","","","test_save_address_missing_required_fields_should_fail[phone-client]",""
"passed","Sun Apr 26 03:21:39 UTC 2026","Sun Apr 26 03:21:39 UTC 2026","689","tests.admin_panel.categories","test_80_create_category_translation","","","","test_create_category_translation_invalid_payload[payload1-400]","Негативный тест: создание перевода с невалидным payload."
"passed","Sun Apr 26 03:27:47 UTC 2026","Sun Apr 26 03:27:48 UTC 2026","706","tests.admin_panel","test_01_support_create_user","","","","test_invalid_user_id_returns_client_error[-1]",""
"passed","Sun Apr 26 03:15:44 UTC 2026","Sun Apr 26 03:15:44 UTC 2026","476","tests.cart","test_02_get_delivery_cost","","","","test_get_delivery_cost_invalid_payload[client-payload1]","Негатив: некорректные входные данные"
"broken","Sun Apr 26 03:23:27 UTC 2026","Sun Apr 26 03:23:27 UTC 2026","0","tests.admin_panel.slides","test_61_upload_slides_images","","","","test_upload_slide_images_file_too_large[5.3-image-400]",""
"passed","Sun Apr 26 03:28:01 UTC 2026","Sun Apr 26 03:28:02 UTC 2026","726","tests.admin_panel.categories","test_56_v2_create_category","","","","test_v2_create_category_invalid_payload[payload2-expected_code2]","Негативный тест: создание категории с невалидным телом запроса."
"broken","Sun Apr 26 03:33:14 UTC 2026","Sun Apr 26 03:33:14 UTC 2026","0","tests.admin_panel.sliders","test_55_delete_sliders","","","","test_delete_slider_forbidden[partner]","Негативный тест: попытка удаления слайдера не-админом."
"passed","Sun Apr 26 03:25:41 UTC 2026","Sun Apr 26 03:25:43 UTC 2026","1701","tests.cart","test_23_cart_calculate_delivery_flag","","","","test_update_cart_item_invalid_calculate_delivery_flag[123-client]",""
"broken","Sun Apr 26 03:29:31 UTC 2026","Sun Apr 26 03:29:31 UTC 2026","0","tests.admin_panel.categories","test_47_get_categories_by_id","","","","test_get_categories_by_id_success","Позитивный тест: успешное получение категории по ID админом."
"skipped","Sun Apr 26 03:39:40 UTC 2026","Sun Apr 26 03:39:40 UTC 2026","0","tests.sockets","test_tickets_end_to_end_from_support_chat","","","","test_ticket_created_from_support_chat_flow[partner]","
      - создаём 3 сообщения через /support-chat/create
      - вызываем /support-chat/ticket
      - тикет должен быть создан, ticket_id > 0
    "
"skipped","Sun Apr 26 03:28:09 UTC 2026","Sun Apr 26 03:28:09 UTC 2026","0","tests.admin_panel.minions","test_admin_add_lo","","","","test_post_admin_add_lo_negative_invalid_types_and_values[payload2]","
    Негативные сценарии: неверные типы и бизнес-некорректные значения.
    "
"skipped","Sun Apr 26 03:38:56 UTC 2026","Sun Apr 26 03:38:56 UTC 2026","0","tests.chat_support","test_02_support_chat_messages_get","","","","test_get_support_chat_messages_basic[partner]","
    Позитив: /support-chat/messages отдаёт список сообщений с навигацией
    "
"passed","Sun Apr 26 03:34:02 UTC 2026","Sun Apr 26 03:34:03 UTC 2026","1163","tests.admin_panel.users","test_delete_admin_users_exclusive_preorder_permissions","","","","test_delete_exclusive_preorder_permissions_validation_error_400[payload0]","
    Негатив: некорректный item_id
    "
"failed","Sun Apr 26 03:22:54 UTC 2026","Sun Apr 26 03:22:55 UTC 2026","702","tests.admin_panel.sliders","test_52_create_slider","","","","test_create_slider_invalid_payload[payload11-422]","Негативный тест: попытка создать слайдер с невалидным payload."
"skipped","Sun Apr 26 03:38:01 UTC 2026","Sun Apr 26 03:38:01 UTC 2026","0","tests.catalog","test_exclusive_preorder_products_list","","","","test_products_list_in_stock_overwritten_with_permission[client]","
    Позитив:
      1) берём реальный exclusive item из /products/list
      2) ставим permission remaining_quantity=3
      3) снова /products/list
      4) жёстко проверяем: в слоте (stock_id=DEFAULT_STOCK_ID) in_stock == 3 (если поле есть)
         + is_visible==True (если поле есть)
    "
"failed","Sun Apr 26 03:17:26 UTC 2026","Sun Apr 26 03:17:29 UTC 2026","2196","tests.cart","test_12_cart_estimate_delivery","","","","test_estimate_delivery_success[partner-boxberry_pickup-payload13]","
    Позитив: корзина с товаром, выбор способа доставки и расчёт стоимости для разных служб
    "
"skipped","Sun Apr 26 03:06:06 UTC 2026","Sun Apr 26 03:06:07 UTC 2026","819","tests.one_c","test_cart_calculate_full_coverage","","","","test_packaging_invalid_numbers[volume--1]",""
"passed","Sun Apr 26 03:33:40 UTC 2026","Sun Apr 26 03:33:40 UTC 2026","501","tests.stock","test_get_stock_by_id","","","","test_get_stock_by_invalid_id[0-admin]","Невалидные значения ID склада"
"skipped","Sun Apr 26 03:12:17 UTC 2026","Sun Apr 26 03:12:17 UTC 2026","0","tests.tickets","test_01_get_tickets","","","","test_get_tickets_success[filter1-sort1-search0-pagination0-partner]","Позитивный тест: получение списка тикетов с разными комбинациями параметров"
"skipped","Sun Apr 26 03:31:31 UTC 2026","Sun Apr 26 03:31:31 UTC 2026","0","tests.orders","test_shop_digital_flow","","","","test_one_click_invalid_payment_method_returns_400[client]","
    payment_method_code не существует = 400
    "
"skipped","Sun Apr 26 03:29:36 UTC 2026","Sun Apr 26 03:29:36 UTC 2026","0","tests.admin_panel.products","test_01_create_product_group","","","","test_create_product_group_unauthorized","Негативный тест: создание продукт группы без авторизации."
"skipped","Sun Apr 26 03:12:17 UTC 2026","Sun Apr 26 03:12:17 UTC 2026","0","tests.tickets","test_01_get_tickets","","","","test_get_tickets_success[filter1-sort1-search0-pagination1-client]","Позитивный тест: получение списка тикетов с разными комбинациями параметров"
"skipped","Sun Apr 26 03:31:33 UTC 2026","Sun Apr 26 03:31:33 UTC 2026","0","tests.PROJECT_EDUCATION.test_system","test_04_finish_test","","","","test_finish_test_invalid_id__400_or_404[999999]",""
"broken","Sun Apr 26 03:18:20 UTC 2026","Sun Apr 26 03:18:20 UTC 2026","0","tests.one_c","test_free_delivery_to_regions_and_cities","","","","test_1c_free_delivery_is_idempotent",""
"passed","Sun Apr 26 03:11:37 UTC 2026","Sun Apr 26 03:11:39 UTC 2026","1662","tests.tickets","test_04_create_ticket","","","","test_create_ticket_success[admin-attachments2-QuestionsAboutTheWorkOfTheStructureAndMentors]","Позитивный тест: создание тикета с разными темами и вложениями для клиента, партнера и админа"
"skipped","Sun Apr 26 03:31:33 UTC 2026","Sun Apr 26 03:31:33 UTC 2026","0","tests.PROJECT_EDUCATION.test_system","test_02_get_question","","","","test_get_question_invalid_id__400_or_404[1.5]",""
"skipped","Sun Apr 26 03:34:49 UTC 2026","Sun Apr 26 03:34:49 UTC 2026","492","tests.delivery","test_get_haypost_offices","","","","test_get_haypost_offices_invalid_city_id_should_fail[-1-admin]","Негатив: невалидные значения city_id → 400/422."
"failed","Sun Apr 26 03:25:06 UTC 2026","Sun Apr 26 03:25:06 UTC 2026","733","tests.reviews","test_reviews_create_post","","","","test_reviews_create_invalid_types_return_client_error[patch1]",""
"passed","Sun Apr 26 03:12:41 UTC 2026","Sun Apr 26 03:12:42 UTC 2026","1031","tests.delivery","test_01_save_delivery_address","","","","test_save_address_positive_contract_and_cleanup[payload4-partner]",""
"skipped","Sun Apr 26 03:31:09 UTC 2026","Sun Apr 26 03:31:09 UTC 2026","0","tests.PROJECT_EDUCATION.test_system","test_06_get_result","","","","test_get_result_invalid_id__400_or_404[None]",""
"broken","Sun Apr 26 03:21:14 UTC 2026","Sun Apr 26 03:21:14 UTC 2026","0","tests.catalog","test_update_admin_product","","","","test_update_admin_product_invalid_id[0]",""
"passed","Sun Apr 26 03:35:09 UTC 2026","Sun Apr 26 03:35:09 UTC 2026","710","tests.register","test_03_register_client","","","","test_register_client_negative[payload2-400]","Тест: негативные тесты для регистрации клиента вручную"
"skipped","Sun Apr 26 03:12:17 UTC 2026","Sun Apr 26 03:12:17 UTC 2026","0","tests.tickets","test_01_get_tickets","","","","test_get_tickets_success[filter0-sort0-search1-pagination1-admin]","Позитивный тест: получение списка тикетов с разными комбинациями параметров"
"passed","Sun Apr 26 03:22:11 UTC 2026","Sun Apr 26 03:22:12 UTC 2026","639","tests.delivery","test_get_delivery_countries","","","","test_get_delivery_countries_success[delivery-client]","Позитив: успешное получение списка стран с разными значениями ?from=."
"broken","Sun Apr 26 03:27:58 UTC 2026","Sun Apr 26 03:27:58 UTC 2026","0","tests.admin_panel.categories","test_56_v2_create_category","","","","test_v2_create_category_success","Позитивный тест: успешное создание категории (все поля)."
"skipped","Sun Apr 26 03:12:17 UTC 2026","Sun Apr 26 03:12:17 UTC 2026","0","tests.tickets","test_01_get_tickets","","","","test_get_tickets_success[filter0-sort0-search2-pagination1-admin]","Позитивный тест: получение списка тикетов с разными комбинациями параметров"
"skipped","Sun Apr 26 03:31:09 UTC 2026","Sun Apr 26 03:31:09 UTC 2026","0","tests.PROJECT_EDUCATION.test_system","test_06_get_result","","","","test_get_result__after_finish_single","
    1) Гасим активные сессии
    2) Стартуем тест
    3) Финишим
    4) Проверяем, что GET /result возвращает 200
    "
"passed","Sun Apr 26 03:36:04 UTC 2026","Sun Apr 26 03:36:05 UTC 2026","845","tests.cart","test_21_cart_shareable","","","","test_cart_shareable_unauthorized_after_logout[client]","
    Негатив: ссылка создана авторизованным пользователем, затем пользователь разлогинен
    и пытается открыть корзину по этой ссылке
    "
"skipped","Sun Apr 26 03:12:17 UTC 2026","Sun Apr 26 03:12:17 UTC 2026","0","tests.tickets","test_01_get_tickets","","","","test_get_tickets_success[filter1-sort1-search1-pagination1-admin]","Позитивный тест: получение списка тикетов с разными комбинациями параметров"
"passed","Sun Apr 26 03:05:29 UTC 2026","Sun Apr 26 03:05:30 UTC 2026","584","tests.one_c","test_cart_calculate_full_coverage","","","","test_invalid_top_types[is_test-false]",""
"passed","Sun Apr 26 03:21:45 UTC 2026","Sun Apr 26 03:21:46 UTC 2026","693","tests.admin_panel.items","test_create_item_translation","","","","test_create_item_translation_invalid_payload[payload2-code2]","Негативный тест: создание перевода с невалидным payload."
"passed","Sun Apr 26 03:27:56 UTC 2026","Sun Apr 26 03:27:56 UTC 2026","647","tests.admin_panel","test_partner_accrual_details_common","","","","test_common_accrual_details_invalid_payload[payload5-expected_codes5]","
    Негатив: валидация тела запроса общей детализации.
    "
"skipped","Sun Apr 26 03:37:26 UTC 2026","Sun Apr 26 03:37:27 UTC 2026","515","tests.reviews","test_reviews_by_product_get","","","","test_reviews_by_product_requires_auth_unauthorized",""
"skipped","Sun Apr 26 03:12:30 UTC 2026","Sun Apr 26 03:12:30 UTC 2026","0","tests.stock","test_create_stock","","","","test_create_stock_with_empty_string_log_if_not_200[timezone.dst_end]",""
"passed","Sun Apr 26 03:10:07 UTC 2026","Sun Apr 26 03:10:09 UTC 2026","1720","tests.tickets","test_04_create_ticket","","","","test_create_ticket_success[partner-attachments2-QuestionsAboutTheWorkOfTheStructureAndMentors]","Позитивный тест: создание тикета с разными темами и вложениями для клиента, партнера и админа"
"passed","Sun Apr 26 03:26:52 UTC 2026","Sun Apr 26 03:26:53 UTC 2026","782","tests.delivery","test_get_dpd_offices","","","","test_get_dpd_offices_success[1-admin]",""
"passed","Sun Apr 26 03:31:24 UTC 2026","Sun Apr 26 03:31:24 UTC 2026","663","tests.admin_panel.items","test_get_item_translation","","","","test_get_item_translation_invalid_id[0]",""
"passed","Sun Apr 26 03:31:56 UTC 2026","Sun Apr 26 03:31:57 UTC 2026","482","tests.auth","test_01_check_version","","","","test_check_version[Ios-1.5.3-200]","Тест проверяет API /check_version для разных платформ и версий."
"passed","Sun Apr 26 03:13:07 UTC 2026","Sun Apr 26 03:13:07 UTC 2026","496","tests.delivery","test_get_cities","","","","test_get_cities_search_by_city_name_success[partner]","
    Позитив: поиск по части названия
    "
"skipped","Sun Apr 26 03:32:54 UTC 2026","Sun Apr 26 03:32:55 UTC 2026","487","tests.PROJECT_FUND.initiatives","test_get_reports","","","","test_get_reports_invalid_query_params[query0-https://dev.ewahelps.com/api]","Негативный тест: запрос с некорректными query-параметрами"
"passed","Sun Apr 26 03:28:28 UTC 2026","Sun Apr 26 03:28:29 UTC 2026","483","tests.one_c","test_stock_delivery_methods","","","","test_1c_stock_delivery_methods_bad_request_for_invalid_payload[body1]",""
"skipped","Sun Apr 26 03:29:36 UTC 2026","Sun Apr 26 03:29:36 UTC 2026","0","tests.admin_panel.products","test_01_create_product_group","","","","test_create_duplicate_product_group_should_fail","Негативный тест: попытка создать идентичные продукт группы"
"passed","Sun Apr 26 03:37:16 UTC 2026","Sun Apr 26 03:37:16 UTC 2026","511","tests.cart","test_15_cart_update_country","","","","test_update_country_unauthorized","Негатив: вызов без авторизации/корзины"
"passed","Sun Apr 26 03:23:05 UTC 2026","Sun Apr 26 03:23:06 UTC 2026","506","tests.statistic","test_team_go","","","","test_get_team_go_statistic_positive[payload0-partner]","Позитивный тест: получение статистики по команде с валидным телом запроса"
"passed","Sun Apr 26 03:05:36 UTC 2026","Sun Apr 26 03:05:36 UTC 2026","609","tests.one_c","test_cart_calculate_full_coverage","","","","test_invalid_top_types[date_created_timestamp-1772852465160]",""
"passed","Sun Apr 26 03:28:04 UTC 2026","Sun Apr 26 03:28:05 UTC 2026","471","tests.admin_panel.minions","test_admin_add_lo","","","","test_post_admin_add_lo_negative_without_auth","
    Негативный сценарий: вызов без авторизации.
    "
"passed","Sun Apr 26 03:09:34 UTC 2026","Sun Apr 26 03:09:36 UTC 2026","1915","tests.tickets","test_04_create_ticket","","","","test_create_ticket_success[partner-attachments1-QuestionsAboutTheWorkOfTheStructureAndMentors]","Позитивный тест: создание тикета с разными темами и вложениями для клиента, партнера и админа"
"passed","Sun Apr 26 03:27:58 UTC 2026","Sun Apr 26 03:27:58 UTC 2026","505","tests.admin_panel.categories","test_56_v2_create_category","","","","test_v2_create_category_forbidden[client]","Негативный тест: создание категории не-админом запрещено."
"skipped","Sun Apr 26 03:12:18 UTC 2026","Sun Apr 26 03:12:18 UTC 2026","0","tests.tickets","test_01_get_tickets","","","","test_get_tickets_success[filter2-sort1-search2-pagination1-partner]","Позитивный тест: получение списка тикетов с разными комбинациями параметров"
"passed","Sun Apr 26 03:35:11 UTC 2026","Sun Apr 26 03:35:11 UTC 2026","525","tests.account","test_0_profile","","","","test_get_profile_positive[partner]","Позитивные тесты на получение данных пользовательского аккаунта"
"passed","Sun Apr 26 03:22:49 UTC 2026","Sun Apr 26 03:22:49 UTC 2026","682","tests.admin_panel.sliders","test_52_create_slider","","","","test_create_slider_invalid_payload[payload3-expected_code3]","Негативный тест: попытка создать слайдер с невалидным payload."
"passed","Sun Apr 26 03:37:00 UTC 2026","Sun Apr 26 03:37:00 UTC 2026","514","tests.admin_panel.promo","test_71_get_promotions","","","","test_get_promotions_list_unauthorized","Негативный тест: получение списка акций без авторизации"
"failed","Sun Apr 26 03:30:05 UTC 2026","Sun Apr 26 03:30:05 UTC 2026","487","tests.cart","test_14_cart_update_personal_data","","","","test_update_personal_data_invalid_payload[client-payload0]","
    Негатив: отсутствующие обязательные поля или невалидные значения
    "
"passed","Sun Apr 26 03:22:36 UTC 2026","Sun Apr 26 03:22:37 UTC 2026","698","tests.admin_panel.promo","test_72_create_promotion","","","","test_create_promotion_invalid_data[payload2-400]","Негативные тесты: невалидные данные"
"passed","Sun Apr 26 03:18:22 UTC 2026","Sun Apr 26 03:18:23 UTC 2026","503","tests.one_c","test_free_delivery_to_regions_and_cities","","","","test_1c_free_delivery_bad_request_for_empty_body",""
"skipped","Sun Apr 26 03:37:43 UTC 2026","Sun Apr 26 03:37:43 UTC 2026","0","tests.tickets","test_10_send_message_to_ticket","","","","test_send_message_validation[message_payload0-400]","Проверка валидации входных данных при отправке сообщений"
"passed","Sun Apr 26 03:11:52 UTC 2026","Sun Apr 26 03:11:54 UTC 2026","1756","tests.tickets","test_04_create_ticket","","","","test_create_ticket_success[admin-attachments2-ReceivingDefectiveProducts]","Позитивный тест: создание тикета с разными темами и вложениями для клиента, партнера и админа"
"failed","Sun Apr 26 03:34:31 UTC 2026","Sun Apr 26 03:34:32 UTC 2026","535","tests.delivery","test_get_cargo_offices","","","","test_get_cargo_offices_invalid_city_id_should_fail[0-admin]",""
"failed","Sun Apr 26 03:18:34 UTC 2026","Sun Apr 26 03:18:38 UTC 2026","3497","tests.cart","test_20_cart_recommended_products","","","","test_cart_recommended_products_with_item_success[client]",""
"broken","Sun Apr 26 03:23:27 UTC 2026","Sun Apr 26 03:23:27 UTC 2026","0","tests.admin_panel.slides","test_61_upload_slides_images","","","","test_upload_slide_images_invalid_format[valid.webp-image/webp-204]",""
"skipped","Sun Apr 26 03:36:33 UTC 2026","Sun Apr 26 03:36:36 UTC 2026","2740","tests.catalog","test_products_list","","","","test_get_products_list_invalid_country_id[0]","
    Негативный: некорректный country_id в query
    "
"passed","Sun Apr 26 03:22:16 UTC 2026","Sun Apr 26 03:22:16 UTC 2026","639","tests.delivery","test_get_delivery_countries","","","","test_get_delivery_countries_success[all-admin]","Позитив: успешное получение списка стран с разными значениями ?from=."
"skipped","Sun Apr 26 03:12:17 UTC 2026","Sun Apr 26 03:12:17 UTC 2026","0","tests.tickets","test_01_get_tickets","","","","test_get_tickets_success[filter0-sort0-search1-pagination0-partner]","Позитивный тест: получение списка тикетов с разными комбинациями параметров"
"passed","Sun Apr 26 03:27:54 UTC 2026","Sun Apr 26 03:27:55 UTC 2026","671","tests.admin_panel","test_partner_accrual_details_common","","","","test_common_accrual_details_invalid_payload[payload3-expected_codes3]","
    Негатив: валидация тела запроса общей детализации.
    "
"failed","Sun Apr 26 03:39:26 UTC 2026","Sun Apr 26 03:39:27 UTC 2026","461","tests.delivery","test_geo_reverse","","","","test_geo_reverse_address_not_found_404_or_partial[client]",""
"broken","Sun Apr 26 03:37:03 UTC 2026","Sun Apr 26 03:37:03 UTC 2026","0","tests.admin_panel.sliders","test_51_get_sliders","","","","test_get_sliders_after_adding","Интеграционный тест: добавление слайдера и проверка его наличия в списке"
"broken","Sun Apr 26 03:32:14 UTC 2026","Sun Apr 26 03:32:14 UTC 2026","0","tests.orders","test_group_order_join_roles_and_rejections","","","","test_group_order_join_without_auth_rejected","
    Негатив: без токена
    "
"passed","Sun Apr 26 03:29:23 UTC 2026","Sun Apr 26 03:29:23 UTC 2026","564","tests.admin_panel","test_partner_accrual_details_main_bonus","","","","test_main_bonus_details_forbidden_to_non_admin[client]","
    Негатив: клиент/партнёр стучится в /admin/partner-accrual-details/main-bonus → 403
    "
"passed","Sun Apr 26 03:25:24 UTC 2026","Sun Apr 26 03:25:24 UTC 2026","499","tests.account","test_get_account_exists","","","","test_get_account_exists_positive[params5-admin]","Нкгатив: невлидны id"
"skipped","Sun Apr 26 03:07:11 UTC 2026","Sun Apr 26 03:07:11 UTC 2026","816","tests.one_c","test_cart_calculate_full_coverage","","","","test_address_fields[country-]",""
"passed","Sun Apr 26 03:21:36 UTC 2026","Sun Apr 26 03:21:38 UTC 2026","1117","tests.delivery","test_self_pickup_offices","","","","test_self_pickup_offices_invalid_params[admin-params3]","
    Негатив: невалидные параметры  = 400
    "
"broken","Sun Apr 26 03:32:14 UTC 2026","Sun Apr 26 03:32:14 UTC 2026","0","tests.orders","test_group_order_join_roles_and_rejections","","","","test_group_order_join_group_order_not_found[authorize_client]","
    Негатив: group_order_id не существует
    "
"passed","Sun Apr 26 03:35:25 UTC 2026","Sun Apr 26 03:35:26 UTC 2026","743","tests.admin_panel","test_02_support_users_list","","","","test_invalid_paging_returns_400_for_admin[page=0&page_size=-10]","
    Некорректные значения page/page_size
    "
"broken","Sun Apr 26 03:21:43 UTC 2026","Sun Apr 26 03:21:43 UTC 2026","0","tests.admin_panel.items","test_create_item_translation","","","","test_create_item_translation_success[mn]",""
"skipped","Sun Apr 26 03:17:48 UTC 2026","Sun Apr 26 03:17:48 UTC 2026","0","tests.account","test_account_branded_wallet_get","","","","test_get_invalid_period_returns_422[period1-client]","
    Негатив: невалидные month/year → 422.
    "
"passed","Sun Apr 26 03:26:07 UTC 2026","Sun Apr 26 03:26:08 UTC 2026","151","tests.cart","test_delivery_address_save_apply","","","","test_save_address_invalid_payload[payload0]",""
"passed","Sun Apr 26 03:35:23 UTC 2026","Sun Apr 26 03:35:24 UTC 2026","654","tests.admin_panel","test_02_support_users_list","","","","test_invalid_paging_returns_400_for_admin[page=abc&page_size=20]","
    Некорректные значения page/page_size
    "
"passed","Sun Apr 26 03:34:51 UTC 2026","Sun Apr 26 03:34:52 UTC 2026","674","tests.delivery","test_get_kazpost_offices","","","","test_get_kazpost_offices_success[166407-partner]","Позитив: успешное получение списка офисов Казпочты по city_id."
"passed","Sun Apr 26 03:05:40 UTC 2026","Sun Apr 26 03:05:41 UTC 2026","510","tests.one_c","test_cart_calculate_full_coverage","","","","test_invalid_top_types[date_paid-123]",""
"skipped","Sun Apr 26 03:39:20 UTC 2026","Sun Apr 26 03:39:20 UTC 2026","0","tests.PROJECT_EDUCATION.payment_system","test_get_payment_methods","","","","test_get_payment_methods__returns_only_enabled__db_backed","
    GET /v1/payment-methods возвращает ТОЛЬКО is_enabled=true
    "
"passed","Sun Apr 26 03:31:22 UTC 2026","Sun Apr 26 03:31:22 UTC 2026","498","tests.admin_panel.categories","test_79_get_category_translation","","","","test_get_category_translation_unauthorized",""
"passed","Sun Apr 26 03:18:25 UTC 2026","Sun Apr 26 03:18:26 UTC 2026","649","tests.admin_panel.promo","test_74_update_promotion","","","","test_update_promotion_invalid_id[abc]","Негативный тест: несуществующий или некорректный ID"
"skipped","Sun Apr 26 03:31:18 UTC 2026","Sun Apr 26 03:31:18 UTC 2026","0","tests.admin_panel","test_accrue_presidential_pool","","","","test_accrue_presidential_pool_invalid_payload[payload2-400]",""
"passed","Sun Apr 26 03:08:27 UTC 2026","Sun Apr 26 03:08:29 UTC 2026","1909","tests.tickets","test_04_create_ticket","","","","test_create_ticket_success[client-attachments2-QuestionsAboutTheHousingAndCarProgram]","Позитивный тест: создание тикета с разными темами и вложениями для клиента, партнера и админа"
"failed","Sun Apr 26 03:21:42 UTC 2026","Sun Apr 26 03:21:43 UTC 2026","676","tests.admin_panel.categories","test_80_create_category_translation","","","","test_create_category_translation_invalid_payload[payload6-422]","Негативный тест: создание перевода с невалидным payload."
"skipped","Sun Apr 26 03:31:31 UTC 2026","Sun Apr 26 03:31:31 UTC 2026","0","tests.orders","test_shop_digital_flow","","","","test_one_click_quantity_more_than_one_returns_400[client]","
    Если для digital-курса запрещено quantity > 1,
    система должна вернуть 400
    "
"passed","Sun Apr 26 03:22:57 UTC 2026","Sun Apr 26 03:22:58 UTC 2026","505","tests.statistic","test_team_activations","","","","test_get_team_activation_statistic_positive[payload1-client]","Позитивный тест: получение статистики по активации команды с валидным телом запроса"
"broken","Sun Apr 26 03:23:33 UTC 2026","Sun Apr 26 03:23:33 UTC 2026","0","tests.admin_panel.items","test_create_item","","","","test_create_item_invalid_payload[payload8-expected_code8]","
    Негативный тест: создание варианта с невалидным телом запроса.
    Если сервер внезапно вернул успех — удаляем созданный item из БД.
    "
"skipped","Sun Apr 26 03:32:14 UTC 2026","Sun Apr 26 03:32:14 UTC 2026","0","tests.fund","test_get_top_donors","","","","test_get_top_donors_invalid_params[invalid_param2-https://dev.ewahelps.com/api]","Негатив: неверные параметры должны дать 400 (при рабочем маршруте)."
"passed","Sun Apr 26 03:13:18 UTC 2026","Sun Apr 26 03:13:19 UTC 2026","471","tests.delivery","test_get_cities","","","","test_get_cities_invalid_country_id_should_fail[bad_country_id6-admin]","
    Негатив: невалидный country_id → 400/422
    "
"passed","Sun Apr 26 03:30:13 UTC 2026","Sun Apr 26 03:30:14 UTC 2026","487","tests.catalog","test_get_recommended_products","","","","test_get_recommended_products_invalid_stock_id[1.5]","
    Негативные значения stock_id
    "
"broken","Sun Apr 26 03:31:09 UTC 2026","Sun Apr 26 03:31:09 UTC 2026","0","tests.admin_panel","test_03_support_delete_user","","","","test_admin_can_delete_support_by_user_id_soft_delete","
    DELETE /admin/support-users/{id}
    "
"broken","Sun Apr 26 03:23:30 UTC 2026","Sun Apr 26 03:23:30 UTC 2026","0","tests.admin_panel.items","test_create_item","","","","test_create_item_success","Позитивный тест: успешное создание варианта товара (все поля)."
"passed","Sun Apr 26 03:31:12 UTC 2026","Sun Apr 26 03:31:13 UTC 2026","719","tests.admin_panel","test_03_support_delete_user","","","","test_invalid_id_returns_client_error[1.23]","
    Кривой/отсутствующий id в path:
    ожидаем клиентскую ошибку (400/404/405), а не 5xx.
    "
"skipped","Sun Apr 26 03:30:49 UTC 2026","Sun Apr 26 03:30:50 UTC 2026","673","tests.reviews","test_reviews_update_post","","","","test_reviews_update_boundary[message--400]",""
"passed","Sun Apr 26 03:38:49 UTC 2026","Sun Apr 26 03:38:50 UTC 2026","472","tests.cart","test_19_cart_empty_suggestions","","","","test_cart_empty_suggestions_unauthorized","Негатив: вызов без авторизации/корзины"
"passed","Sun Apr 26 03:05:38 UTC 2026","Sun Apr 26 03:05:39 UTC 2026","496","tests.one_c","test_cart_calculate_full_coverage","","","","test_invalid_top_types[payment_type-123]",""
"skipped","Sun Apr 26 03:17:48 UTC 2026","Sun Apr 26 03:17:48 UTC 2026","0","tests.account","test_0_marathon","","","","test_create_product_brand_invalid_payload[params6-400-client]",""
"passed","Sun Apr 26 03:27:07 UTC 2026","Sun Apr 26 03:27:07 UTC 2026","485","tests.delivery","test_get_self_pickup_offices","","","","test_get_self_pickup_offices_missing_city_id_should_fail[admin]","Негатив: отсутствует обязательный query-параметр city_id → 400/422."
"passed","Sun Apr 26 03:29:28 UTC 2026","Sun Apr 26 03:29:29 UTC 2026","669","tests.admin_panel","test_partner_accrual_details_main_bonus","","","","test_main_bonus_details_invalid_query_params[query3-expected_codes3]","
    Негатив: валидация query-параметров main-bonus
    "
"skipped","Sun Apr 26 03:12:17 UTC 2026","Sun Apr 26 03:12:17 UTC 2026","0","tests.tickets","test_01_get_tickets","","","","test_get_tickets_success[filter0-sort0-search2-pagination1-partner]","Позитивный тест: получение списка тикетов с разными комбинациями параметров"
"passed","Sun Apr 26 03:24:36 UTC 2026","Sun Apr 26 03:24:36 UTC 2026","493","tests.cart","test_10_cart_save_city","","","","test_save_city_invalid_payload[client-payload1]","Негатив: невалидный payload."
"skipped","Sun Apr 26 03:29:36 UTC 2026","Sun Apr 26 03:29:36 UTC 2026","0","tests.admin_panel.products","test_01_create_product_group","","","","test_create_product_group_forbidden[client]","Негативный тест: создание продукт группы не-админом запрещено."
"passed","Sun Apr 26 03:33:00 UTC 2026","Sun Apr 26 03:33:00 UTC 2026","660","tests.admin_panel.categories","test_49_delete_category","","","","test_delete_category_invalid_id[abc]","Негативный тест: удаление несуществующей или некорректной категории."
"broken","Sun Apr 26 03:35:02 UTC 2026","Sun Apr 26 03:35:02 UTC 2026","0","tests.orders","test_group_order_leave","","","","test_cart_leave_group_happy[client]","
    - join в ГО
    - leave
    - cart НЕ содержит group_order
    - delivery != GroupOrder
    - advance_costs пересчитан
    "
"skipped","Sun Apr 26 03:33:32 UTC 2026","Sun Apr 26 03:33:32 UTC 2026","0","tests.orders","test_group_order_confirm","","","","test_group_order_confirm_without_paid_participants_returns_400[partner]","
    - Partner создал group order
    - Partner присоединился
    - Client присоединился
    - НИКТО не оплатил
    - Confirm
    Ожидание:
    - HTTP 400
    "
"passed","Sun Apr 26 03:12:53 UTC 2026","Sun Apr 26 03:12:53 UTC 2026","516","tests.delivery","test_01_save_delivery_address","","","","test_save_address_invalid_types_should_fail[country_id-True-client]",""
"broken","Sun Apr 26 03:23:27 UTC 2026","Sun Apr 26 03:23:27 UTC 2026","0","tests.admin_panel.slides","test_61_upload_slides_images","","","","test_upload_only_single_slide_image_field[desktop_preview-test_png.png-image/png]",""
"broken","Sun Apr 26 03:18:20 UTC 2026","Sun Apr 26 03:18:20 UTC 2026","0","tests.one_c","test_free_delivery_to_regions_and_cities","","","","test_1c_free_delivery_remove_from_all_regions_and_cities",""
"skipped","Sun Apr 26 03:06:05 UTC 2026","Sun Apr 26 03:06:06 UTC 2026","843","tests.one_c","test_cart_calculate_full_coverage","","","","test_packaging_invalid_numbers[price-0]",""
"passed","Sun Apr 26 03:38:12 UTC 2026","Sun Apr 26 03:38:12 UTC 2026","469","tests.delivery","test_03_delete_delivery_address","","","","test_delete_address__unauthorized",""
"skipped","Sun Apr 26 03:32:14 UTC 2026","Sun Apr 26 03:32:14 UTC 2026","0","tests.fund","test_get_top_donors","","","","test_get_top_donors_success[start,end-https://dev.ewahelps.com/api]",""
"skipped","Sun Apr 26 03:06:15 UTC 2026","Sun Apr 26 03:06:15 UTC 2026","831","tests.one_c","test_cart_calculate_full_coverage","","","","test_packaging_invalid_types[price-None]",""
"passed","Sun Apr 26 03:21:08 UTC 2026","Sun Apr 26 03:21:09 UTC 2026","512","tests.delivery","test_get_cities_v2","","","","test_get_cities_v2_invalid_city_name_should_fail[\n-admin]","
    Негатив: city_name — строка, minLength=2
    "
"broken","Sun Apr 26 03:32:39 UTC 2026","Sun Apr 26 03:32:39 UTC 2026","0","tests.tickets","test_11_update_message","","","","test_update_message_validation[client-update_payload1-403]","Негативные тесты: невалидные поля при редактировании сообщения"
"broken","Sun Apr 26 03:23:33 UTC 2026","Sun Apr 26 03:23:33 UTC 2026","0","tests.admin_panel.items","test_create_item","","","","test_create_item_invalid_payload[payload4-expected_code4]","
    Негативный тест: создание варианта с невалидным телом запроса.
    Если сервер внезапно вернул успех — удаляем созданный item из БД.
    "
"broken","Sun Apr 26 03:37:05 UTC 2026","Sun Apr 26 03:37:05 UTC 2026","0","tests.admin_panel.slides","test_56_get_slides","","","","test_get_slides_after_adding",""
"skipped","Sun Apr 26 03:37:43 UTC 2026","Sun Apr 26 03:37:43 UTC 2026","0","tests.tickets","test_10_send_message_to_ticket","","","","test_send_message_validation[message_payload1-400]","Проверка валидации входных данных при отправке сообщений"
"broken","Sun Apr 26 03:22:31 UTC 2026","Sun Apr 26 03:22:31 UTC 2026","0","tests.admin_panel.products","test_42_update_product_brand","","","","test_update_product_brand_success","Позитивный тест: успешное обновление бренда (все поля)."
"passed","Sun Apr 26 03:37:11 UTC 2026","Sun Apr 26 03:37:11 UTC 2026","499","tests.auth","test_04_refresh","","","","test_refresh_token_without_token","Тест обновления токена без передачи refresh-токена."
"broken","Sun Apr 26 03:17:47 UTC 2026","Sun Apr 26 03:17:47 UTC 2026","0","tests.admin_panel.slides","test_59_update_slide","","","","test_update_slide_invalid_payload[payload12-400]","
    Негативный тест: обновление слайда с невалидным или неполным телом запроса
    "
"passed","Sun Apr 26 03:29:32 UTC 2026","Sun Apr 26 03:29:33 UTC 2026","726","tests.admin_panel.categories","test_47_get_categories_by_id","","","","test_get_categories_invalid_id[0]","Негативный тест: получение категории по невалидному ID."
"skipped","Sun Apr 26 03:37:21 UTC 2026","Sun Apr 26 03:37:21 UTC 2026","0","tests.cart","test_exclusive_preorder_cart_update_multi","","","","test_cart_update_multi_checks_quantity_after_permission_400[client]",""
"skipped","Sun Apr 26 03:27:45 UTC 2026","Sun Apr 26 03:27:45 UTC 2026","0","tests.account","test_get_languages","","","","test_get_languages_success[partner-ios-200]","Возвращает список языков, доступных для перевода"
"passed","Sun Apr 26 03:35:03 UTC 2026","Sun Apr 26 03:35:04 UTC 2026","710","tests.register","test_02_register_partner","","","","test_register_partner_negative[payload1-400]","Тест: негативные тесты для регистрации партнера вручную"
"skipped","Sun Apr 26 03:12:30 UTC 2026","Sun Apr 26 03:12:30 UTC 2026","0","tests.stock","test_create_stock","","","","test_create_stock_with_empty_string_log_if_not_200[timezone.offset_min]",""
"passed","Sun Apr 26 03:29:18 UTC 2026","Sun Apr 26 03:29:19 UTC 2026","1074","tests.reviews","test_reviews_delete_post","","","","test_reviews_delete_already_deleted_review",""
"passed","Sun Apr 26 03:33:37 UTC 2026","Sun Apr 26 03:33:37 UTC 2026","737","tests.orders","test_group_order_v2_with_preorder_and_items","","","","test_group_order_v2_empty_item_ids_allowed",""
"passed","Sun Apr 26 03:17:50 UTC 2026","Sun Apr 26 03:17:51 UTC 2026","917","tests.catalog","test_create_admin_product","","","","test_create_product_invalid_payload[payload1-400]",""
"skipped","Sun Apr 26 03:17:58 UTC 2026","Sun Apr 26 03:17:58 UTC 2026","0","tests.admin_panel.categories","test_50_upload_category_images","","","","test_upload_category_images_invalid_format[valid.jpg-image/jpeg-204]","Негативный тест: загрузка изображений в неверном формате (например, .txt)."
"broken","Sun Apr 26 03:34:02 UTC 2026","Sun Apr 26 03:34:02 UTC 2026","0","tests.admin_panel.users","test_delete_admin_users_exclusive_preorder_permissions","","","","test_delete_exclusive_preorder_permissions_success","
    Позитив:
    - создаём permission
    - удаляем
    - проверяем, что запись пропала из GET
    "
"passed","Sun Apr 26 03:31:52 UTC 2026","Sun Apr 26 03:31:52 UTC 2026","685","tests.admin_panel.promo","test_78_delete_promotion_item","","","","test_delete_promotion_item_invalid_id[abc-abc]","Негативный тест: удаление элемента акции с невалидным ID продукта."
"broken","Sun Apr 26 03:28:28 UTC 2026","Sun Apr 26 03:28:28 UTC 2026","0","tests.one_c","test_stock_delivery_methods","","","","test_1c_stock_delivery_methods_set_whitelist_success",""
"passed","Sun Apr 26 03:28:50 UTC 2026","Sun Apr 26 03:28:51 UTC 2026","725","tests.reviews","test_reviews_delete_post","","","","test_reviews_delete_unauthorized_for_client_and_partner[authorize_partner]",""
"passed","Sun Apr 26 03:31:19 UTC 2026","Sun Apr 26 03:31:20 UTC 2026","704","tests.admin_panel.categories","test_79_get_category_translation","","","","test_get_category_translation_invalid_id[-1]",""
"passed","Sun Apr 26 03:26:38 UTC 2026","Sun Apr 26 03:26:38 UTC 2026","462","tests.delivery","test_get_boxberry_offices","","","","test_get_boxberry_offices_invalid_city_id_should_fail[0-admin]",""
"passed","Sun Apr 26 03:12:57 UTC 2026","Sun Apr 26 03:12:57 UTC 2026","516","tests.delivery","test_01_save_delivery_address","","","","test_save_address_invalid_types_should_fail[phone-123-client]",""
"failed","Sun Apr 26 03:39:10 UTC 2026","Sun Apr 26 03:39:18 UTC 2026","7247","tests.integration","test_order_pickup_ru","","","","test_order_pickup_ru[YandexPVZ]",""
"skipped","Sun Apr 26 03:39:18 UTC 2026","Sun Apr 26 03:39:18 UTC 2026","0","tests.sockets","test_ws_chat_protocol","","","","test_ws_unknown_msg_returns_error_and_keeps_connection[partner]","
    Негатив: шлём левый msg → сервер должен вернуть
      {""msg"": ""error"", ""error"": ""unknown command""}
    "
"passed","Sun Apr 26 03:38:00 UTC 2026","Sun Apr 26 03:38:01 UTC 2026","1049","tests.cart","test_25_cart_city_guessed_flag","","","","test_city_guessed_guest_after_city_saved","
    Гость:
      - первый заход: is_city_guessed должен быть True
      - попытка сохранить город через /cart/save_city:
          is_city_guessed уже не может быть True
    "
"skipped","Sun Apr 26 03:37:21 UTC 2026","Sun Apr 26 03:37:21 UTC 2026","0","tests.cart","test_exclusive_preorder_cart_update_multi","","","","test_cart_update_multi_checks_quantity_after_permission_400[partner]",""
"passed","Sun Apr 26 03:24:26 UTC 2026","Sun Apr 26 03:24:27 UTC 2026","1196","tests.admin_panel.users","test_post_admin_users_exclusive_preorder_permissions","","","","test_post_exclusive_preorder_permissions_validation_errors_400[payload6]","
    Негатив: некорректный payload
    "
"passed","Sun Apr 26 03:30:04 UTC 2026","Sun Apr 26 03:30:05 UTC 2026","618","tests.cart","test_14_cart_update_personal_data","","","","test_update_personal_data_success[partner-payload1]","
    Позитив: обновление персональных данных
    "
"passed","Sun Apr 26 03:14:28 UTC 2026","Sun Apr 26 03:14:30 UTC 2026","1975","tests.cart","test_01_user_locale","","","","test_update_user_locale_valid_payload[partner-payload5]",""
"passed","Sun Apr 26 03:17:43 UTC 2026","Sun Apr 26 03:17:47 UTC 2026","3284","tests.cart","test_12_cart_estimate_delivery","","","","test_estimate_delivery_empty_payload[partner-payload0]","
    пустой payload для /cart/estimate_delivery при непустой корзине
    "
"passed","Sun Apr 26 03:36:58 UTC 2026","Sun Apr 26 03:36:58 UTC 2026","496","tests.admin_panel.products","test_39_get_product_brands","","","","test_get_product_brands_unauthorized","Негативный тест: получение брендов без авторизации."
"passed","Sun Apr 26 03:28:35 UTC 2026","Sun Apr 26 03:28:35 UTC 2026","497","tests.orders","test_group_order_v2_create","","","","test_group_order_v2_invalid_payloads[partner-payload4]",""
"passed","Sun Apr 26 03:27:35 UTC 2026","Sun Apr 26 03:27:37 UTC 2026","1098","tests.account","test_add_cover_url","","","","test_add_cover_full_payload[admin]",""
"skipped","Sun Apr 26 03:35:14 UTC 2026","Sun Apr 26 03:35:14 UTC 2026","0","tests.account","test_history_personal_volumes","","","","test_get_personal_volumes_history_positive[client-payload0]","Позитивные тесты на получение истории начисления личных объемов"
"skipped","Sun Apr 26 03:23:24 UTC 2026","Sun Apr 26 03:23:24 UTC 2026","521","tests.statistic","test_team_registrations","","","","test_get_team_registration_statistic_negative[payload1-partner]","Негативный тест: ошибка при получении статистики регистрации команды с невалидным телом запроса"
"passed","Sun Apr 26 03:30:12 UTC 2026","Sun Apr 26 03:30:13 UTC 2026","491","tests.catalog","test_get_recommended_products","","","","test_get_recommended_products_invalid_stock_id[999999999999]","
    Негативные значения stock_id
    "
"skipped","Sun Apr 26 03:17:58 UTC 2026","Sun Apr 26 03:17:58 UTC 2026","0","tests.admin_panel.categories","test_50_upload_category_images","","","","test_upload_category_images_invalid_format[invalid.docx-application/vnd.openxmlformats-officedocument.wordprocessingml.document-400]","Негативный тест: загрузка изображений в неверном формате (например, .txt)."
"skipped","Sun Apr 26 03:12:17 UTC 2026","Sun Apr 26 03:12:17 UTC 2026","0","tests.tickets","test_01_get_tickets","","","","test_get_tickets_success[filter0-sort1-search1-pagination0-client]","Позитивный тест: получение списка тикетов с разными комбинациями параметров"
"passed","Sun Apr 26 03:05:33 UTC 2026","Sun Apr 26 03:05:33 UTC 2026","489","tests.one_c","test_cart_calculate_full_coverage","","","","test_invalid_top_types[billing_customer-string]",""
"passed","Sun Apr 26 03:32:52 UTC 2026","Sun Apr 26 03:32:53 UTC 2026","971","tests.PROJECT_FUND.initiatives","test_get_reports","","","","test_get_reports_with_query_params[query1-https://dev.ewahelps.com/api]","Позитивный тест: получение списка отчетов с query-параметрами"
"passed","Sun Apr 26 03:13:35 UTC 2026","Sun Apr 26 03:13:36 UTC 2026","699","tests.account","test_update_utc_offset","","","","test_update_utc_offset_valid_values[-00-expected3-admin]",""
"skipped","Sun Apr 26 03:28:38 UTC 2026","Sun Apr 26 03:28:39 UTC 2026","510","tests.register","test_01_register_form","","","","test_register_form_negative[client-payload1-400]",""
"skipped","Sun Apr 26 03:27:12 UTC 2026","Sun Apr 26 03:27:12 UTC 2026","0","tests.orders","test_group_order_change_country","","","","test_change_country_success[authorize_partner-200]","Позитивные тесты: успешное изменение страны в групповом заказе"
"passed","Sun Apr 26 03:24:39 UTC 2026","Sun Apr 26 03:24:39 UTC 2026","477","tests.cart","test_10_cart_save_city","","","","test_save_city_invalid_payload[partner-payload2]","Негатив: невалидный payload."
"passed","Sun Apr 26 03:26:39 UTC 2026","Sun Apr 26 03:26:40 UTC 2026","516","tests.delivery","test_get_boxberry_offices","","","","test_get_boxberry_offices_invalid_city_id_should_fail[None-admin]",""
"skipped","Sun Apr 26 03:12:18 UTC 2026","Sun Apr 26 03:12:18 UTC 2026","0","tests.tickets","test_01_get_tickets","","","","test_get_tickets_success[filter2-sort0-search0-pagination1-admin]","Позитивный тест: получение списка тикетов с разными комбинациями параметров"
"broken","Sun Apr 26 03:22:45 UTC 2026","Sun Apr 26 03:22:45 UTC 2026","0","tests.admin_panel.sliders","test_52_create_slider","","","","test_create_slider_success","Позитивный тест: успешное создание слайдера (все поля)."
"passed","Sun Apr 26 03:34:56 UTC 2026","Sun Apr 26 03:34:57 UTC 2026","493","tests.delivery","test_get_kgpost_offices","","","","test_get_kgpost_offices_missing_city_id_should_fail[admin]",""
"skipped","Sun Apr 26 03:33:49 UTC 2026","Sun Apr 26 03:33:49 UTC 2026","0","tests.admin_panel.products","test_01_delete_product_group","","","","test_delete_product_group_forbidden[client]","Негативный тест: попытка удаления продукт группы не-админом."
"broken","Sun Apr 26 03:21:51 UTC 2026","Sun Apr 26 03:21:51 UTC 2026","0","tests.admin_panel.products","test_44_upload_product_brand_images","","","","test_upload_product_brand_images_formats[valid.jpg-image/jpeg-204]","Проверка загрузки изображений бренда в разных форматах: негативные и позитивные кейсы."
"failed","Sun Apr 26 03:39:20 UTC 2026","Sun Apr 26 03:39:21 UTC 2026","593","tests.catalog","test_products_list_all","","","","test_get_products_list_all_success[admin]","
    Позитивный: успешное получение списка всех товаров
    "
"passed","Sun Apr 26 03:12:03 UTC 2026","Sun Apr 26 03:12:04 UTC 2026","1010","tests.tickets","test_04_create_ticket","","","","test_create_ticket_invalid_request_type[partner--200]","Негативный тест: попытка создания тикета с неверным типом request_type"
"skipped","Sun Apr 26 03:12:17 UTC 2026","Sun Apr 26 03:12:17 UTC 2026","0","tests.tickets","test_01_get_tickets","","","","test_get_tickets_success[filter0-sort1-search1-pagination1-admin]","Позитивный тест: получение списка тикетов с разными комбинациями параметров"
"passed","Sun Apr 26 03:08:04 UTC 2026","Sun Apr 26 03:08:06 UTC 2026","1832","tests.tickets","test_04_create_ticket","","","","test_create_ticket_success[client-attachments1-QuestionsAboutTheWorkOfTheStructureAndMentors]","Позитивный тест: создание тикета с разными темами и вложениями для клиента, партнера и админа"
"passed","Sun Apr 26 03:21:05 UTC 2026","Sun Apr 26 03:21:05 UTC 2026","515","tests.delivery","test_get_cities_v2","","","","test_get_cities_v2_missing_required_params_should_fail[params1-admin]","
    Негатив: отсутствие обязательных параметров country_id/city_name → 400/422
    "
"passed","Sun Apr 26 03:25:55 UTC 2026","Sun Apr 26 03:25:55 UTC 2026","419","tests.cart","test_delivery_address_save_apply","","","","test_save_address_apply_true_ru_success",""
"passed","Sun Apr 26 03:35:33 UTC 2026","Sun Apr 26 03:35:39 UTC 2026","5190","tests.cart","test_06_cart_update","","","","test_update_cart_item_add_and_change_quantity[client]","
    Позитив: добавление позиции и изменение её количества через /cart/update
    "
"skipped","Sun Apr 26 03:17:58 UTC 2026","Sun Apr 26 03:17:58 UTC 2026","0","tests.admin_panel.categories","test_50_upload_category_images","","","","test_upload_category_images_unauthorized","Негативный тест: загрузка изображений категории без авторизации."
"skipped","Sun Apr 26 03:17:48 UTC 2026","Sun Apr 26 03:17:48 UTC 2026","0","tests.account","test_0_marathon","","","","test_create_product_brand_invalid_payload[params5-400-partner]",""
"skipped","Sun Apr 26 03:12:17 UTC 2026","Sun Apr 26 03:12:17 UTC 2026","0","tests.tickets","test_01_get_tickets","","","","test_get_tickets_success[filter0-sort0-search2-pagination0-client]","Позитивный тест: получение списка тикетов с разными комбинациями параметров"
"passed","Sun Apr 26 03:31:18 UTC 2026","Sun Apr 26 03:31:18 UTC 2026","639","tests.admin_panel","test_05_admin_support_users_token_revoke_all","","","","test_revoke_all_tokens_not_found","
    POST /admin/support-users/{id}/token/revoke-all — 404
    "
"skipped","Sun Apr 26 03:17:58 UTC 2026","Sun Apr 26 03:17:58 UTC 2026","0","tests.admin_panel.categories","test_50_upload_category_images","","","","test_upload_category_images_invalid_format[valid.png-image/png-204]","Негативный тест: загрузка изображений в неверном формате (например, .txt)."
"skipped","Sun Apr 26 03:06:03 UTC 2026","Sun Apr 26 03:06:03 UTC 2026","479","tests.one_c","test_cart_calculate_full_coverage","","","","test_products_invalid_values[None-address]",""
"passed","Sun Apr 26 03:06:41 UTC 2026","Sun Apr 26 03:06:42 UTC 2026","770","tests.one_c","test_cart_calculate_full_coverage","","","","test_payment_missing_fields[shipping]",""
"passed","Sun Apr 26 03:38:35 UTC 2026","Sun Apr 26 03:38:36 UTC 2026","608","tests.account","test_0_top_partners_client_service_v2","","","","test_get_top_partners_client_service_v2_positive[admin]","Позитивные тесты на получение топ-партнеров по сумме ЛО клиентов"
"broken","Sun Apr 26 03:28:20 UTC 2026","Sun Apr 26 03:28:20 UTC 2026","0","tests.admin_panel.slides","test_0_slides_sort","","","","test_slides_sort_invalid_payload","Негативный тест: невалидный payload."
"passed","Sun Apr 26 03:28:09 UTC 2026","Sun Apr 26 03:28:10 UTC 2026","663","tests.admin_panel.periods","test_get_period_by_id","","","","test_get_period_by_id__200_strict[client]",""
"skipped","Sun Apr 26 03:12:17 UTC 2026","Sun Apr 26 03:12:17 UTC 2026","0","tests.tickets","test_01_get_tickets","","","","test_get_tickets_success[filter1-sort0-search1-pagination0-admin]","Позитивный тест: получение списка тикетов с разными комбинациями параметров"
"broken","Sun Apr 26 03:18:29 UTC 2026","Sun Apr 26 03:18:29 UTC 2026","0","tests.admin_panel.sliders","test_54_update_slider","","","","test_update_slider_invalid_payload[payload3-expected_code3]","Негативный тест: обновление слайдера с невалидным или неполным телом запроса."
"passed","Sun Apr 26 03:27:42 UTC 2026","Sun Apr 26 03:27:42 UTC 2026","701","tests.account","test_add_cover_url","","","","test_add_cover_invalid_payload[payload1]",""
"passed","Sun Apr 26 03:26:35 UTC 2026","Sun Apr 26 03:26:35 UTC 2026","572","tests.delivery","test_get_boxberry_offices","","","","test_get_boxberry_offices_success[5-partner]",""
"passed","Sun Apr 26 03:26:34 UTC 2026","Sun Apr 26 03:26:35 UTC 2026","555","tests.delivery","test_get_boxberry_offices","","","","test_get_boxberry_offices_success[5-client]",""
"broken","Sun Apr 26 03:35:03 UTC 2026","Sun Apr 26 03:35:03 UTC 2026","0","tests.orders","test_group_order_leave","","","","test_cart_leave_group_organizer_cannot_leave_returns_400","
    Негатив: организатор ГО = 400
    "
"broken","Sun Apr 26 03:27:45 UTC 2026","Sun Apr 26 03:27:45 UTC 2026","0","tests.admin_panel","test_01_support_create_user","","","","test_admin_can_create_support_from_user","
    POST /admin/support-users — успешное создание саппорта из обычного пользователя
    "
"failed","Sun Apr 26 03:17:57 UTC 2026","Sun Apr 26 03:17:58 UTC 2026","930","tests.catalog","test_create_admin_product","","","","test_create_product_invalid_payload[payload9-422]",""
"passed","Sun Apr 26 03:25:18 UTC 2026","Sun Apr 26 03:25:18 UTC 2026","678","tests.reviews","test_reviews_create_post","","","","test_reviews_create_invalid_product_id[-1]",""
"broken","Sun Apr 26 03:21:15 UTC 2026","Sun Apr 26 03:21:15 UTC 2026","0","tests.catalog","test_update_admin_product","","","","test_update_admin_product_full_payload_2",""
"passed","Sun Apr 26 03:24:09 UTC 2026","Sun Apr 26 03:24:09 UTC 2026","518","tests.account","test_history_group_volumes","","","","test_group_volumes_history_missing_query_params_validation[client]",""
"passed","Sun Apr 26 03:22:37 UTC 2026","Sun Apr 26 03:22:37 UTC 2026","716","tests.admin_panel.promo","test_72_create_promotion","","","","test_create_promotion_invalid_data[payload3-400]","Негативные тесты: невалидные данные"
"passed","Sun Apr 26 03:13:17 UTC 2026","Sun Apr 26 03:13:17 UTC 2026","463","tests.delivery","test_get_cities","","","","test_get_cities_invalid_country_id_should_fail[0-admin]","
    Негатив: невалидный country_id → 400/422
    "
"passed","Sun Apr 26 03:26:46 UTC 2026","Sun Apr 26 03:26:46 UTC 2026","513","tests.delivery","test_get_cdek_offices","","","","test_get_cdek_offices_invalid_city_id_should_fail[abc-admin]",""
"skipped","Sun Apr 26 03:12:30 UTC 2026","Sun Apr 26 03:12:30 UTC 2026","0","tests.stock","test_create_stock","","","","test_create_stock_with_empty_string_log_if_not_200[address.country]",""
"passed","Sun Apr 26 03:20:10 UTC 2026","Sun Apr 26 03:20:14 UTC 2026","3544","tests.cart","test_free_delivery_by_rc_and_belts","","","","test_below_threshold_contract[\u041d\u043e\u0432\u043e\u0441\u0438\u0431\u0438\u0440\u0441\u043a-client-zone_1-belt_cfg0]","
    КОНТРАКТ:
    free МОЖЕТ быть
    платная МОЖЕТ быть
    advance_costs МОЖЕТ быть []
    "
"passed","Sun Apr 26 03:15:40 UTC 2026","Sun Apr 26 03:15:41 UTC 2026","643","tests.cart","test_02_get_delivery_cost","","","","test_get_delivery_cost_success_partial_payload[partner-payload3-200]",""
"passed","Sun Apr 26 03:15:57 UTC 2026","Sun Apr 26 03:16:01 UTC 2026","3469","tests.cart","test_12_cart_estimate_delivery","","","","test_estimate_delivery_success[client-fargo-payload2]","
    Позитив: корзина с товаром, выбор способа доставки и расчёт стоимости для разных служб
    "
"broken","Sun Apr 26 03:39:23 UTC 2026","Sun Apr 26 03:39:23 UTC 2026","0","tests.stock","test_stock_free_delivery","","","","test_stock_by_id_contains_is_free_delivery_flag","
    Через 1С создаём склад с is_free_delivery_enabled=True → /stock/{id} должен вернуть этот флаг
    "
"passed","Sun Apr 26 03:18:16 UTC 2026","Sun Apr 26 03:18:17 UTC 2026","157","tests.cart","test_update_location","","","","test_update_location_international_delivery_unknown_field_rejected",""
"skipped","Sun Apr 26 03:35:14 UTC 2026","Sun Apr 26 03:35:14 UTC 2026","0","tests.account","test_history_admin","","","","test_get_admin_history_positive[client-payload1]","Позитивные тесты на получение истории бонусов для админа"
"passed","Sun Apr 26 03:05:30 UTC 2026","Sun Apr 26 03:05:30 UTC 2026","545","tests.one_c","test_cart_calculate_full_coverage","","","","test_invalid_top_types[is_paid-yes]",""
"broken","Sun Apr 26 03:21:22 UTC 2026","Sun Apr 26 03:21:22 UTC 2026","0","tests.catalog","test_create_admin_product_translation","","","","test_create_admin_product_translation_forbidden[client]","Проверка запрета на создание перевода продукта не-админом."
"passed","Sun Apr 26 03:35:06 UTC 2026","Sun Apr 26 03:35:07 UTC 2026","523","tests.register","test_03_register_client","","","","test_register_client_positive[client-403]","Тест: позитивные тесты для регистрации клиента вручную"
"broken","Sun Apr 26 03:31:47 UTC 2026","Sun Apr 26 03:31:47 UTC 2026","0","tests.admin_panel.promo","test_76_get_promotion_items","","","","test_get_promotion_item_success","Позитивный тест: получение элемента акции админом"
"passed","Sun Apr 26 03:22:03 UTC 2026","Sun Apr 26 03:22:04 UTC 2026","498","tests.delivery","test_02_get_delivery_address","","","","test_history_invalid_pagination_should_fail[bad_body1-partner]","
    Негатив: валидация PaginationRequest
    "
"passed","Sun Apr 26 03:26:50 UTC 2026","Sun Apr 26 03:26:51 UTC 2026","684","tests.delivery","test_get_dpd_offices","","","","test_get_dpd_offices_success[1-client]",""
"broken","Sun Apr 26 03:23:55 UTC 2026","Sun Apr 26 03:23:55 UTC 2026","0","tests.account","test_account_branded_wallet_upload","","","","test_upload_success[valid_png.png-client]","Позитив: валидное изображение (PNG/JPG) → 200 + корректная схема"
"passed","Sun Apr 26 03:13:47 UTC 2026","Sun Apr 26 03:13:48 UTC 2026","760","tests.account","test_update_utc_offset","","","","test_update_utc_offset_invalid_types_rejected[bad_value2]",""
"passed","Sun Apr 26 03:33:07 UTC 2026","Sun Apr 26 03:33:08 UTC 2026","674","tests.admin_panel.products","test_43_delete_product_brand","","","","test_delete_product_brand_invalid_id[-1]","Негативный тест: удаление несуществующего или некорректного бренда."
"broken","Sun Apr 26 03:17:47 UTC 2026","Sun Apr 26 03:17:47 UTC 2026","0","tests.admin_panel.slides","test_59_update_slide","","","","test_update_slide_invalid_payload[payload11-400]","
    Негативный тест: обновление слайда с невалидным или неполным телом запроса
    "
"skipped","Sun Apr 26 03:36:50 UTC 2026","Sun Apr 26 03:36:50 UTC 2026","0","tests.admin_panel.periods","test_post_periods_by_date_interval","","","","test_post_periods_by_date_interval__empty_body_allows_200_or_400[admin]",""
"broken","Sun Apr 26 03:21:51 UTC 2026","Sun Apr 26 03:21:51 UTC 2026","0","tests.admin_panel.promo","test_77_create_promotion_item","","","","test_create_promotion_item_invalid_payload[payload4-422]",""
"broken","Sun Apr 26 03:21:22 UTC 2026","Sun Apr 26 03:21:22 UTC 2026","0","tests.catalog","test_create_admin_product_translation","","","","test_create_admin_product_translation_success[mn]","Создание и обновление перевода продукта на разных языках."
"skipped","Sun Apr 26 03:17:48 UTC 2026","Sun Apr 26 03:17:48 UTC 2026","0","tests.account","test_0_marathon","","","","test_create_product_brand_invalid_payload[params3-400-admin]",""
"passed","Sun Apr 26 03:29:24 UTC 2026","Sun Apr 26 03:29:25 UTC 2026","1465","tests.admin_panel","test_partner_accrual_details_main_bonus","","","","test_main_bonus_details_success","
    Позитив: детализация по главному бонусу
    "
"passed","Sun Apr 26 03:38:29 UTC 2026","Sun Apr 26 03:38:30 UTC 2026","741","tests.account","test_0_grades_rating","","","","test_get_grades_rating_positive[client]","Позитивные тесты на получение рейтинга квалификаций"
"passed","Sun Apr 26 03:27:33 UTC 2026","Sun Apr 26 03:27:34 UTC 2026","1161","tests.account","test_add_cover_url","","","","test_add_cover_full_payload[client]",""
"failed","Sun Apr 26 03:31:44 UTC 2026","Sun Apr 26 03:31:44 UTC 2026","664","tests.admin_panel","test_accrue_auto_bonus","","","","test_accrue_auto_bonus_invalid_payload[payload2-400]",""
"passed","Sun Apr 26 03:15:50 UTC 2026","Sun Apr 26 03:15:50 UTC 2026","487","tests.cart","test_02_get_delivery_cost","","","","test_get_delivery_cost_invalid_payload[partner-payload6]","Негатив: некорректные входные данные"
"skipped","Sun Apr 26 03:06:48 UTC 2026","Sun Apr 26 03:06:49 UTC 2026","810","tests.one_c","test_cart_calculate_full_coverage","","","","test_bonus_info_invalid_numbers[bonus_to_money--0.1]",""
"broken","Sun Apr 26 03:27:18 UTC 2026","Sun Apr 26 03:27:18 UTC 2026","0","tests.admin_panel.products","test_product_files_update","","","","test_update_invalid_urls",""
"passed","Sun Apr 26 03:34:11 UTC 2026","Sun Apr 26 03:34:14 UTC 2026","2854","tests.cart","test_04_cart_full_data","","","","test_cart_full_data_calculate_delivery_false[client]","
    calculate_delivery=false:
    - не инициирует пересчёт
    - запрос не падает даже без delivery контекста
    "
"broken","Sun Apr 26 03:35:29 UTC 2026","Sun Apr 26 03:35:29 UTC 2026","0","tests.admin_panel.products","test_03_recommended_products_delete","","","","test_remove_nonexistent_recommendation","Удаление несуществующей рекомендации не вызывает ошибку."
"passed","Sun Apr 26 03:27:07 UTC 2026","Sun Apr 26 03:27:08 UTC 2026","462","tests.delivery","test_get_self_pickup_offices","","","","test_get_self_pickup_offices_invalid_city_id_should_fail[-admin]","Негатив: невалидные значения city_id → 400/422."
"passed","Sun Apr 26 03:18:21 UTC 2026","Sun Apr 26 03:18:21 UTC 2026","534","tests.one_c","test_free_delivery_to_regions_and_cities","","","","test_1c_free_delivery_bad_request_for_unknown_stock",""
"passed","Sun Apr 26 03:30:03 UTC 2026","Sun Apr 26 03:30:03 UTC 2026","624","tests.cart","test_14_cart_update_personal_data","","","","test_update_personal_data_success[client-payload1]","
    Позитив: обновление персональных данных
    "
"passed","Sun Apr 26 03:12:28 UTC 2026","Sun Apr 26 03:12:28 UTC 2026","465","tests.tickets","test_01_get_tickets","","","","test_get_tickets_unauthorized","Негативный тест: запрос без авторизации"
"skipped","Sun Apr 26 03:39:20 UTC 2026","Sun Apr 26 03:39:20 UTC 2026","0","tests.PROJECT_EDUCATION.orders","test_get_orders","","","","test_get_orders__unauthorized__401_403",""
"skipped","Sun Apr 26 03:12:17 UTC 2026","Sun Apr 26 03:12:17 UTC 2026","0","tests.tickets","test_01_get_tickets","","","","test_get_tickets_success[filter1-sort1-search1-pagination0-client]","Позитивный тест: получение списка тикетов с разными комбинациями параметров"
"broken","Sun Apr 26 03:31:03 UTC 2026","Sun Apr 26 03:31:03 UTC 2026","0","tests.tickets","test_09_get_ticket_messages","","","","test_get_ticket_messages_positive[partner]","Позитивный тест: успешное получение списка сообщений тикета"
"passed","Sun Apr 26 03:37:13 UTC 2026","Sun Apr 26 03:37:14 UTC 2026","470","tests.auth","test_05_logout","","","","test_logout_invalid_token","Тест разлогинивания с невалидным токеном"
"passed","Sun Apr 26 03:35:39 UTC 2026","Sun Apr 26 03:35:41 UTC 2026","2143","tests.cart","test_06_cart_update","","","","test_update_cart_item_add_and_change_quantity[partner]","
    Позитив: добавление позиции и изменение её количества через /cart/update
    "
"passed","Sun Apr 26 03:12:50 UTC 2026","Sun Apr 26 03:12:51 UTC 2026","492","tests.delivery","test_01_save_delivery_address","","","","test_save_address_missing_required_fields_should_fail[email-client]",""
"passed","Sun Apr 26 03:33:38 UTC 2026","Sun Apr 26 03:33:38 UTC 2026","511","tests.stock","test_get_stock_by_id","","","","test_get_stock_by_id[partner]","Запрос склада по ID"
"failed","Sun Apr 26 03:36:49 UTC 2026","Sun Apr 26 03:36:49 UTC 2026","498","tests.admin_panel.periods","test_post_periods_by_date","","","","test_post_periods_by_date__bad_body_400_422[admin-bad_body0]",""
"failed","Sun Apr 26 03:34:31 UTC 2026","Sun Apr 26 03:34:31 UTC 2026","467","tests.delivery","test_get_cargo_offices","","","","test_get_cargo_offices_invalid_city_id_should_fail[-1-admin]",""
"skipped","Sun Apr 26 03:12:17 UTC 2026","Sun Apr 26 03:12:17 UTC 2026","0","tests.tickets","test_01_get_tickets","","","","test_get_tickets_success[filter1-sort0-search2-pagination1-client]","Позитивный тест: получение списка тикетов с разными комбинациями параметров"
"broken","Sun Apr 26 03:29:41 UTC 2026","Sun Apr 26 03:29:41 UTC 2026","0","tests.admin_panel.promo","test_73_get_promotion_by_id","","","","test_get_promotion_by_id_forbidden[partner]","Негативный тест: получение акции по ID не админом"
"broken","Sun Apr 26 03:22:35 UTC 2026","Sun Apr 26 03:22:35 UTC 2026","0","tests.admin_panel.products","test_42_update_product_brand","","","","test_update_product_brand_invalid_payload[payload6-422]","Негативный тест: обновление бренда с невалидным или неполным телом запроса."
"broken","Sun Apr 26 03:18:20 UTC 2026","Sun Apr 26 03:18:20 UTC 2026","0","tests.one_c","test_free_delivery_to_regions_and_cities","","","","test_1c_free_delivery_regions_only_does_not_touch_cities",""
"skipped","Sun Apr 26 03:12:30 UTC 2026","Sun Apr 26 03:12:30 UTC 2026","0","tests.stock","test_create_stock","","","","test_create_stock_with_empty_string_log_if_not_200[is_storage]",""
"skipped","Sun Apr 26 03:12:30 UTC 2026","Sun Apr 26 03:12:30 UTC 2026","0","tests.stock","test_create_stock","","","","test_create_stock_with_empty_string_log_if_not_200[timezone.display_name]",""
"skipped","Sun Apr 26 03:31:33 UTC 2026","Sun Apr 26 03:31:33 UTC 2026","0","tests.PROJECT_EDUCATION.test_system","test_04_finish_test","","","","test_finish_test_invalid_id__400_or_404[abc]",""
"skipped","Sun Apr 26 03:12:17 UTC 2026","Sun Apr 26 03:12:17 UTC 2026","0","tests.tickets","test_01_get_tickets","","","","test_get_tickets_success[filter0-sort0-search0-pagination1-partner]","Позитивный тест: получение списка тикетов с разными комбинациями параметров"
"passed","Sun Apr 26 03:37:10 UTC 2026","Sun Apr 26 03:37:10 UTC 2026","468","tests.auth","test_03_token_auth","","","","test_auth_without_token","Тест авторизации без передачи токена"
"passed","Sun Apr 26 03:35:42 UTC 2026","Sun Apr 26 03:35:43 UTC 2026","489","tests.cart","test_06_cart_update","","","","test_update_cart_item_unauthorized","Негатив: изменение корзины без авторизации/корзины"
"passed","Sun Apr 26 03:07:57 UTC 2026","Sun Apr 26 03:07:58 UTC 2026","1750","tests.tickets","test_04_create_ticket","","","","test_create_ticket_success[client-attachments1-QuestionsAboutOrders]","Позитивный тест: создание тикета с разными темами и вложениями для клиента, партнера и админа"
"broken","Sun Apr 26 03:32:57 UTC 2026","Sun Apr 26 03:32:57 UTC 2026","0","tests.admin_panel.categories","test_49_delete_category","","","","test_delete_category_forbidden[partner]","Негативный тест: попытка удаления категории не-админом."
"passed","Sun Apr 26 03:37:47 UTC 2026","Sun Apr 26 03:37:47 UTC 2026","476","tests.account","test_delete_cover_url","","","","test_add_cover_unauthorized",""
"broken","Sun Apr 26 03:32:39 UTC 2026","Sun Apr 26 03:32:39 UTC 2026","0","tests.tickets","test_11_update_message","","","","test_update_message_validation[partner-update_payload1-403]","Негативные тесты: невалидные поля при редактировании сообщения"
"passed","Sun Apr 26 03:23:28 UTC 2026","Sun Apr 26 03:23:28 UTC 2026","682","tests.admin_panel.categories","test_57_v2_update_category","","","","test_v2_update_category_invalid_id[-1]","Негативный тест: несуществующий или некорректный ID."
"skipped","Sun Apr 26 03:34:49 UTC 2026","Sun Apr 26 03:34:49 UTC 2026","462","tests.delivery","test_get_haypost_offices","","","","test_get_haypost_offices_invalid_city_id_should_fail[0-admin]","Негатив: невалидные значения city_id → 400/422."
"passed","Sun Apr 26 03:36:52 UTC 2026","Sun Apr 26 03:36:55 UTC 2026","3107","tests.admin_panel.products","test_01_recommended_products_sort","","","","test_sort_recommendations_empty_list","Попытка сортировки с пустым списком рекомендаций"
"passed","Sun Apr 26 03:38:13 UTC 2026","Sun Apr 26 03:38:14 UTC 2026","519","tests.delivery","test_get_five_post_warehouses","","","","test_get_five_post_warehouses_forbidden_for_non_admins[partner]","Негатив: доступ к списку складов 5Post разрешён только админу."
"skipped","Sun Apr 26 03:12:17 UTC 2026","Sun Apr 26 03:12:17 UTC 2026","0","tests.tickets","test_01_get_tickets","","","","test_get_tickets_success[filter0-sort1-search2-pagination1-client]","Позитивный тест: получение списка тикетов с разными комбинациями параметров"
"passed","Sun Apr 26 03:24:36 UTC 2026","Sun Apr 26 03:24:37 UTC 2026","495","tests.cart","test_10_cart_save_city","","","","test_save_city_invalid_payload[client-payload2]","Негатив: невалидный payload."
"skipped","Sun Apr 26 03:17:48 UTC 2026","Sun Apr 26 03:17:48 UTC 2026","0","tests.account","test_account_branded_wallet_get","","","","test_get_period_bad_types_400_or_422[period1-partner]","
    Негатив: некорректные типы month/year → 400/422
    "
"passed","Sun Apr 26 03:27:11 UTC 2026","Sun Apr 26 03:27:12 UTC 2026","466","tests.delivery","test_get_self_pickup_offices","","","","test_get_self_pickup_offices_invalid_city_id_should_fail[bad_city_id8-admin]","Негатив: невалидные значения city_id → 400/422."
"skipped","Sun Apr 26 03:35:14 UTC 2026","Sun Apr 26 03:35:14 UTC 2026","0","tests.account","test_family_agreement_create_three","","","","test_create_family_agreement_three_positive[client-payload0]","Позитивные тесты на создание семейного соглашения при аннулировании второго партнера"
"skipped","Sun Apr 26 03:39:23 UTC 2026","Sun Apr 26 03:39:23 UTC 2026","0","tests.chat_support","test_03_support_chat_ticket_post","","","","test_create_ticket_no_messages_returns_400[client]","
    Негатив: если нет доступных сообщений для тикета, /support-chat/ticket возвращает 400
    "
"passed","Sun Apr 26 03:36:06 UTC 2026","Sun Apr 26 03:36:12 UTC 2026","5216","tests.cart","test_cart_update_duplicate_regression","","","","test_cart_update_same_item_parallel_requests_do_not_raise_500[client]",""
"passed","Sun Apr 26 03:23:57 UTC 2026","Sun Apr 26 03:23:58 UTC 2026","517","tests.account","test_account_branded_wallet_upload","","","","test_upload_invalid_base64_returns_400[client]","Негатив: невалидная base64 → 400"
"skipped","Sun Apr 26 03:38:42 UTC 2026","Sun Apr 26 03:38:42 UTC 2026","0","tests.account","test_delete_avatar","","","","test_delete_avatar_positive[partner]","Позитивные тесты на удаление аватара"
"failed","Sun Apr 26 03:38:44 UTC 2026","Sun Apr 26 03:38:45 UTC 2026","503","tests.cart","test_05_cart_clear","","","","test_clear_cart_success[partner]","Позитив: успешная очистка корзины"
"passed","Sun Apr 26 03:23:52 UTC 2026","Sun Apr 26 03:23:52 UTC 2026","526","tests.orders","test_create_order_by_delivery_address","","","","test_create_order_invalid_data[invalid_payload2-expected_status2-client]",""
"passed","Sun Apr 26 03:28:16 UTC 2026","Sun Apr 26 03:28:17 UTC 2026","697","tests.admin_panel.slides","test_0_slides_sort","","","","test_slides_sort_invalid_id[-1]","Негативный тест: невалидный path parameter."
"passed","Sun Apr 26 03:12:23 UTC 2026","Sun Apr 26 03:12:23 UTC 2026","512","tests.tickets","test_01_get_tickets","","","","test_get_tickets_invalid_search[invalid_search2-400-client]","Негативный тест: передаем некорректные параметры поиска"
"passed","Sun Apr 26 03:27:32 UTC 2026","Sun Apr 26 03:27:33 UTC 2026","711","tests.reviews","test_reviews_list_post","","","","test_reviews_list_invalid_period_filter_returns_client_error[-1/10]",""
"passed","Sun Apr 26 03:12:59 UTC 2026","Sun Apr 26 03:13:00 UTC 2026","475","tests.delivery","test_01_save_delivery_address","","","","test_save_address_empty_required_strings_should_fail[-name-client]",""
"passed","Sun Apr 26 03:22:28 UTC 2026","Sun Apr 26 03:22:29 UTC 2026","680","tests.admin_panel.products","test_40_create_product_brand","","","","test_create_product_brand_invalid_payload[payload8-expected_codes8]","Негативные кейсы: невалидные поля при создании бренда."
"skipped","Sun Apr 26 03:23:55 UTC 2026","Sun Apr 26 03:23:55 UTC 2026","0","tests.PROJECT_EDUCATION.test_system","test_03_user_answers","","","","test_user_answers_invalid_id__400_or_404[1.5]",""
"broken","Sun Apr 26 03:31:03 UTC 2026","Sun Apr 26 03:31:03 UTC 2026","0","tests.tickets","test_09_get_ticket_messages","","","","test_get_ticket_messages_positive[admin]","Позитивный тест: успешное получение списка сообщений тикета"
"skipped","Sun Apr 26 03:37:43 UTC 2026","Sun Apr 26 03:37:43 UTC 2026","0","tests.tickets","test_10_send_message_to_ticket","","","","test_send_message_role_permissions[authorize_partner-authorize_client-403]","Проверка доступа к отправке сообщений в тикеты в зависимости от роли"
"skipped","Sun Apr 26 03:35:14 UTC 2026","Sun Apr 26 03:35:14 UTC 2026","0","tests.account","test_list_csv","","","","test_get_account_list_csv_positive[partner-payload0]","Позитивные тесты на выгрузку структуры партнеров в CSV"
"passed","Sun Apr 26 03:15:35 UTC 2026","Sun Apr 26 03:15:36 UTC 2026","504","tests.cart","test_02_get_delivery_cost","","","","test_get_delivery_cost_success_partial_payload[client-payload2-400]",""
"skipped","Sun Apr 26 03:39:20 UTC 2026","Sun Apr 26 03:39:20 UTC 2026","0","tests.PROJECT_EDUCATION","test_paid_course_integration","","","","test_paid_course_creates_access[client]","
    Сценарий:
    1) Создаём one-click заказ на digital-course
    2) Отмечаем заказ как оплаченный
    3) Проверяем, что в education DB появился активный доступ на курс (external_id=item_id)
    "
"skipped","Sun Apr 26 03:37:17 UTC 2026","Sun Apr 26 03:37:18 UTC 2026","475","tests.cart","test_16_cart_update_stock","","","","test_update_stock_invalid_payload[client-payload0]","Негатив: невалидный payload"
"passed","Sun Apr 26 03:29:00 UTC 2026","Sun Apr 26 03:29:01 UTC 2026","729","tests.reviews","test_reviews_delete_post","","","","test_reviews_delete_nonexistent_review",""
"passed","Sun Apr 26 03:33:10 UTC 2026","Sun Apr 26 03:33:11 UTC 2026","477","tests.admin_panel.promo","test_75_delete_promotion_by_id","","","","test_delete_promotion_unauthorized","Негативный тест: попытка удаления акции без авторизации."
"skipped","Sun Apr 26 03:32:14 UTC 2026","Sun Apr 26 03:32:14 UTC 2026","0","tests.fund","test_get_top_donors","","","","test_get_top_donors_success[all-https://dev.ewahelps.com/api]",""
"skipped","Sun Apr 26 03:06:26 UTC 2026","Sun Apr 26 03:06:26 UTC 2026","799","tests.one_c","test_cart_calculate_full_coverage","","","","test_payment_invalid_numbers[discount_total--1]",""
"skipped","Sun Apr 26 03:12:17 UTC 2026","Sun Apr 26 03:12:17 UTC 2026","0","tests.tickets","test_01_get_tickets","","","","test_get_tickets_success[filter1-sort1-search0-pagination1-partner]","Позитивный тест: получение списка тикетов с разными комбинациями параметров"
"passed","Sun Apr 26 03:21:02 UTC 2026","Sun Apr 26 03:21:02 UTC 2026","462","tests.cart","test_free_delivery_by_rc_and_belts","","","","test_delivery_costs_unauthorized",""
"broken","Sun Apr 26 03:33:47 UTC 2026","Sun Apr 26 03:33:47 UTC 2026","0","tests.account","test_account_branded_wallet_delete","","","","test_delete_flow_upload_then_delete_then_get_null[client]","
    Upload (текущий период, JSON base64) → DELETE → cleanup в БД
    "
"skipped","Sun Apr 26 03:07:03 UTC 2026","Sun Apr 26 03:07:04 UTC 2026","964","tests.one_c","test_cart_calculate_full_coverage","","","","test_email_validation[shipping_customer-]",""
"passed","Sun Apr 26 03:14:32 UTC 2026","Sun Apr 26 03:14:36 UTC 2026","3287","tests.cart","test_01_user_locale","","","","test_update_user_locale_invalid_payload[client-payload1]",""
"passed","Sun Apr 26 03:31:17 UTC 2026","Sun Apr 26 03:31:18 UTC 2026","642","tests.admin_panel","test_05_admin_support_users_token_revoke_all","","","","test_invalid_user_id_for_revoke_all_returns_client_error[1.23]",""
"skipped","Sun Apr 26 03:31:33 UTC 2026","Sun Apr 26 03:31:33 UTC 2026","0","tests.PROJECT_EDUCATION.test_system","test_01_start_test","","","","test_start_test_unauthorized__401_or_404","
    без авторизации
    "
"broken","Sun Apr 26 03:17:48 UTC 2026","Sun Apr 26 03:17:48 UTC 2026","0","tests.catalog","test_create_admin_product","","","","test_create_admin_product_full_payload",""
"broken","Sun Apr 26 03:23:27 UTC 2026","Sun Apr 26 03:23:27 UTC 2026","0","tests.admin_panel.categories","test_57_v2_update_category","","","","test_v2_update_category_success","Позитивный тест: успешное обновление категории (все поля)."
"broken","Sun Apr 26 03:38:17 UTC 2026","Sun Apr 26 03:38:17 UTC 2026","0","tests.promo_time.new_year_lottery","test_new_year_lottery_info","","","","test_get_new_year_lottery_info_with_history[partner]","
    Для текущего пользователя руками создаём несколько купонов:
      - is_valid = true → попадают в coupons_history и идут в total_coupons_count
      - is_valid = false → игнорируются
    "
"broken","Sun Apr 26 03:21:43 UTC 2026","Sun Apr 26 03:21:43 UTC 2026","0","tests.admin_panel.categories","test_80_create_category_translation","","","","test_category_translation_update_duplicate_lang_code","Позитивный тест: обновление перевода при повторной отправке с тем же lang_code."
"broken","Sun Apr 26 03:33:49 UTC 2026","Sun Apr 26 03:33:49 UTC 2026","0","tests.admin_panel.products","test_02_recommended_products_add","","","","test_add_duplicate_recommendation","Повторное добавление того же рекомендованного товара"
"passed","Sun Apr 26 03:17:40 UTC 2026","Sun Apr 26 03:17:43 UTC 2026","3412","tests.cart","test_12_cart_estimate_delivery","","","","test_estimate_delivery_empty_payload[client-payload0]","
    пустой payload для /cart/estimate_delivery при непустой корзине
    "
"passed","Sun Apr 26 03:35:05 UTC 2026","Sun Apr 26 03:35:06 UTC 2026","733","tests.register","test_02_register_partner","","","","test_register_partner_negative[payload3-400]","Тест: негативные тесты для регистрации партнера вручную"
"skipped","Sun Apr 26 03:17:48 UTC 2026","Sun Apr 26 03:17:48 UTC 2026","0","tests.account","test_account_branded_wallet_get","","","","test_get_without_image_returns_null_url[partner]","
    Позитив: за произвольный (будущий) период нет изображения → image_url == null
    "
"skipped","Sun Apr 26 03:12:30 UTC 2026","Sun Apr 26 03:12:30 UTC 2026","0","tests.stock","test_create_stock","","","","test_create_stock_with_empty_string_log_if_not_200[id_1c]",""
"failed","Sun Apr 26 03:34:43 UTC 2026","Sun Apr 26 03:34:43 UTC 2026","486","tests.delivery","test_get_fargo_offices","","","","test_get_fargo_offices_unauthorized","Негатив: запрос без авторизации."
"passed","Sun Apr 26 03:29:41 UTC 2026","Sun Apr 26 03:29:41 UTC 2026","497","tests.admin_panel.products","test_41_get_product_brand_by_id","","","","test_get_product_brand_unauthorized","Негативный тест: без авторизации"
"passed","Sun Apr 26 03:34:34 UTC 2026","Sun Apr 26 03:34:34 UTC 2026","491","tests.delivery","test_get_delivery_regions","","","","test_get_delivery_regions_success[admin]","Позитив: успешное получение списка регионов."
"skipped","Sun Apr 26 03:28:39 UTC 2026","Sun Apr 26 03:28:40 UTC 2026","525","tests.register","test_01_register_form","","","","test_register_form_negative[partner-payload0-400]",""
"skipped","Sun Apr 26 03:17:48 UTC 2026","Sun Apr 26 03:17:48 UTC 2026","0","tests.account","test_0_marathon","","","","test_create_product_brand_invalid_payload[params5-400-client]",""
"skipped","Sun Apr 26 03:26:58 UTC 2026","Sun Apr 26 03:26:58 UTC 2026","484","tests.delivery","test_get_dpd_offices","","","","test_get_dpd_offices_unauthorized",""
"skipped","Sun Apr 26 03:23:23 UTC 2026","Sun Apr 26 03:23:24 UTC 2026","514","tests.statistic","test_team_registrations","","","","test_get_team_registration_statistic_negative[payload1-client]","Негативный тест: ошибка при получении статистики регистрации команды с невалидным телом запроса"
"passed","Sun Apr 26 03:32:11 UTC 2026","Sun Apr 26 03:32:11 UTC 2026","478","tests.catalog","test_product_get_by_slug","","","","test_get_product_by_slug_unauthorized","
    Негативный: запрос без авторизации
    "
"passed","Sun Apr 26 03:06:43 UTC 2026","Sun Apr 26 03:06:44 UTC 2026","792","tests.one_c","test_cart_calculate_full_coverage","","","","test_payment_missing_fields[bonus_info]",""
"passed","Sun Apr 26 03:12:43 UTC 2026","Sun Apr 26 03:12:44 UTC 2026","1067","tests.delivery","test_01_save_delivery_address","","","","test_save_address_positive_contract_and_cleanup[payload5-partner]",""
"passed","Sun Apr 26 03:22:21 UTC 2026","Sun Apr 26 03:22:21 UTC 2026","470","tests.admin_panel.products","test_40_create_product_brand","","","","test_create_product_brand_forbidden[client]","Негативный тест: создание бренда не-админом запрещено."
"skipped","Sun Apr 26 03:17:48 UTC 2026","Sun Apr 26 03:17:48 UTC 2026","0","tests.account","test_account_branded_wallet_get","","","","test_get_with_image_returns_all_fields[client]","
    Позитив: загрузили картинку (в текущий период) → GET (по текущему периоду) возвращает корректную схему ответа
    "
"skipped","Sun Apr 26 03:39:20 UTC 2026","Sun Apr 26 03:39:20 UTC 2026","0","tests.PROJECT_EDUCATION","test_paid_course_integration","","","","test_refund_revokes_access[client]","
    Сценарий:
    1) Создаём one-click заказ на digital-course
    2) Отмечаем заказ как оплаченный и убеждаемся, что доступ активен
    3) Делаем refund
    4) Проверяем, что доступ стал неактивным
    "
"passed","Sun Apr 26 03:17:29 UTC 2026","Sun Apr 26 03:17:34 UTC 2026","5084","tests.cart","test_12_cart_estimate_delivery","","","","test_estimate_delivery_success[partner-five_post_pickup-payload14]","
    Позитив: корзина с товаром, выбор способа доставки и расчёт стоимости для разных служб
    "
"passed","Sun Apr 26 03:22:26 UTC 2026","Sun Apr 26 03:22:27 UTC 2026","729","tests.admin_panel.products","test_40_create_product_brand","","","","test_create_product_brand_invalid_payload[payload6-expected_codes6]","Негативные кейсы: невалидные поля при создании бренда."
"passed","Sun Apr 26 03:38:09 UTC 2026","Sun Apr 26 03:38:10 UTC 2026","1073","tests.catalog","test_get_items_list","","","","test_get_items_list_unauthorized",""
"broken","Sun Apr 26 03:18:27 UTC 2026","Sun Apr 26 03:18:27 UTC 2026","0","tests.admin_panel.sliders","test_54_update_slider","","","","test_update_slider_forbidden[partner]","Негативный тест: попытка обновления слайдера не-админом."
"passed","Sun Apr 26 03:11:17 UTC 2026","Sun Apr 26 03:11:19 UTC 2026","1730","tests.tickets","test_04_create_ticket","","","","test_create_ticket_success[admin-attachments1-ReceivingDefectiveProductsOrShortage]","Позитивный тест: создание тикета с разными темами и вложениями для клиента, партнера и админа"
"passed","Sun Apr 26 03:22:21 UTC 2026","Sun Apr 26 03:22:22 UTC 2026","507","tests.admin_panel.products","test_40_create_product_brand","","","","test_create_product_brand_forbidden[partner]","Негативный тест: создание бренда не-админом запрещено."
"broken","Sun Apr 26 03:18:27 UTC 2026","Sun Apr 26 03:18:27 UTC 2026","0","tests.admin_panel.sliders","test_54_update_slider","","","","test_update_slider_forbidden[client]","Негативный тест: попытка обновления слайдера не-админом."
"passed","Sun Apr 26 03:33:12 UTC 2026","Sun Apr 26 03:33:13 UTC 2026","698","tests.admin_panel.promo","test_75_delete_promotion_by_id","","","","test_delete_promotion_invalid_id[9999999]","Негативный тест: удаление несуществующей или некорректной акции."
"skipped","Sun Apr 26 03:17:48 UTC 2026","Sun Apr 26 03:17:48 UTC 2026","0","tests.account","test_account_branded_wallet_get","","","","test_get_past_year_should_be_404[client]","
    прошлый период. днных нет - 404
    "
"skipped","Sun Apr 26 03:12:17 UTC 2026","Sun Apr 26 03:12:17 UTC 2026","0","tests.tickets","test_01_get_tickets","","","","test_get_tickets_success[filter0-sort1-search1-pagination0-admin]","Позитивный тест: получение списка тикетов с разными комбинациями параметров"
"skipped","Sun Apr 26 03:35:14 UTC 2026","Sun Apr 26 03:35:14 UTC 2026","0","tests.account","test_family_agreement_create_one","","","","test_create_family_agreement_one_positive[partner-payload0]","Позитивные тесты на создание семейного соглашения при отсутствующем втором партнере"
"skipped","Sun Apr 26 03:18:09 UTC 2026","Sun Apr 26 03:18:09 UTC 2026","0","tests.cart","test_update_location","","","","test_update_location_international_delivery_forces_ru_and_moscow",""
"passed","Sun Apr 26 03:17:48 UTC 2026","Sun Apr 26 03:17:49 UTC 2026","1025","tests.catalog","test_create_admin_product","","","","test_create_product_unauthorized",""
"skipped","Sun Apr 26 03:31:09 UTC 2026","Sun Apr 26 03:31:09 UTC 2026","0","tests.PROJECT_EDUCATION.test_system","test_06_get_result","","","","test_get_result_invalid_id__400_or_404[]",""
"passed","Sun Apr 26 03:22:03 UTC 2026","Sun Apr 26 03:22:03 UTC 2026","524","tests.delivery","test_02_get_delivery_address","","","","test_history_invalid_pagination_should_fail[bad_body1-client]","
    Негатив: валидация PaginationRequest
    "
"skipped","Sun Apr 26 03:38:56 UTC 2026","Sun Apr 26 03:38:56 UTC 2026","0","tests.chat_support","test_02_support_chat_messages_get","","","","test_get_support_chat_messages_basic[client]","
    Позитив: /support-chat/messages отдаёт список сообщений с навигацией
    "
"broken","Sun Apr 26 03:23:30 UTC 2026","Sun Apr 26 03:23:30 UTC 2026","0","tests.admin_panel.categories","test_57_v2_update_category","","","","test_v2_update_category_invalid_payload[payload0-expected_code0]","Негативный тест: обновление категории с невалидным или неполным телом запроса."
"passed","Sun Apr 26 03:28:11 UTC 2026","Sun Apr 26 03:28:11 UTC 2026","494","tests.admin_panel.periods","test_get_period_by_id","","","","test_get_period_by_id__invalid_id_400_404[admin-]",""
"skipped","Sun Apr 26 03:12:30 UTC 2026","Sun Apr 26 03:12:30 UTC 2026","0","tests.stock","test_create_stock","","","","test_create_stock_with_empty_string_log_if_not_200[city.country]",""
"broken","Sun Apr 26 03:18:09 UTC 2026","Sun Apr 26 03:18:09 UTC 2026","0","tests.cart","test_update_location","","","","test_update_location_international_delivery_keeps_city_uz",""
"failed","Sun Apr 26 03:34:38 UTC 2026","Sun Apr 26 03:34:39 UTC 2026","486","tests.delivery","test_get_europost_offices","","","","test_get_europost_offices_invalid_city_id_should_fail[-1-admin]",""
"failed","Sun Apr 26 03:37:12 UTC 2026","Sun Apr 26 03:37:12 UTC 2026","462","tests.auth","test_05_logout","","","","test_logout_success[partner]","Тест разлогинивания с валидным токеном (клиент, партнёр, админ)"
"broken","Sun Apr 26 03:33:37 UTC 2026","Sun Apr 26 03:33:37 UTC 2026","0","tests.orders","test_group_order_v2_with_preorder_and_items","","","","test_group_order_v2_non_existing_item_returns_400","
    Несуществующий item_id = 400
    "
"passed","Sun Apr 26 03:33:02 UTC 2026","Sun Apr 26 03:33:03 UTC 2026","735","tests.admin_panel.categories","test_81_delete_category_translation","","","","test_delete_category_translation_invalid_id[9999999]","Негативный тест: удаление перевода с невалидным ID категории."
"skipped","Sun Apr 26 03:17:48 UTC 2026","Sun Apr 26 03:17:48 UTC 2026","0","tests.account","test_0_marathon","","","","test_create_product_brand_invalid_payload[params3-400-client]",""
"passed","Sun Apr 26 03:13:17 UTC 2026","Sun Apr 26 03:13:18 UTC 2026","461","tests.delivery","test_get_cities","","","","test_get_cities_invalid_country_id_should_fail[1.5-admin]","
    Негатив: невалидный country_id → 400/422
    "
"passed","Sun Apr 26 03:15:41 UTC 2026","Sun Apr 26 03:15:42 UTC 2026","561","tests.cart","test_02_get_delivery_cost","","","","test_get_delivery_cost_success_partial_payload[partner-payload5-400]",""
"skipped","Sun Apr 26 03:12:17 UTC 2026","Sun Apr 26 03:12:17 UTC 2026","0","tests.tickets","test_01_get_tickets","","","","test_get_tickets_success[filter0-sort0-search0-pagination0-partner]","Позитивный тест: получение списка тикетов с разными комбинациями параметров"
"broken","Sun Apr 26 03:31:31 UTC 2026","Sun Apr 26 03:31:31 UTC 2026","0","tests.tickets","test_12_delete_message","","","","test_delete_ticket_message_admin","Позитивный тест: админ удаляет своё сообщение в тикете"
"passed","Sun Apr 26 03:12:19 UTC 2026","Sun Apr 26 03:12:20 UTC 2026","471","tests.tickets","test_01_get_tickets","","","","test_get_tickets_invalid_pagination[invalid_pagination0-partner]","Негативный тест: передаем некорректные значения в pagination"
"passed","Sun Apr 26 03:09:23 UTC 2026","Sun Apr 26 03:09:25 UTC 2026","1793","tests.tickets","test_04_create_ticket","","","","test_create_ticket_success[partner-attachments1-QuestionsAboutTheHousingAndCarProgram]","Позитивный тест: создание тикета с разными темами и вложениями для клиента, партнера и админа"
"passed","Sun Apr 26 03:27:49 UTC 2026","Sun Apr 26 03:27:50 UTC 2026","677","tests.admin_panel","test_01_support_create_user","","","","test_create_support_for_nonexistent_user_returns_404","
    POST /admin/support-users — 404, если user_id указывает на несуществующего пользователя
    "
"passed","Sun Apr 26 03:23:19 UTC 2026","Sun Apr 26 03:23:20 UTC 2026","522","tests.statistic","test_team_registrations","","","","test_get_team_registration_statistic_positive[payload2-admin]","Позитивный тест: получение статистики по регистрации команды с валидным телом запроса"
"skipped","Sun Apr 26 03:07:07 UTC 2026","Sun Apr 26 03:07:08 UTC 2026","877","tests.one_c","test_cart_calculate_full_coverage","","","","test_email_validation[billing_customer-test@mail]",""
"passed","Sun Apr 26 03:33:05 UTC 2026","Sun Apr 26 03:33:06 UTC 2026","710","tests.admin_panel.items","test_delete_item_translation","","","","test_delete_item_translation_invalid_id[0]","Негативный тест: удаление перевода с невалидным или несуществующим ID item."
"skipped","Sun Apr 26 03:17:58 UTC 2026","Sun Apr 26 03:17:58 UTC 2026","0","tests.admin_panel.categories","test_50_upload_category_images","","","","test_upload_category_images_file_too_large[4.7-fields_to_send6-204]","Негативный тест: загрузка слишком большого изображения."
"passed","Sun Apr 26 03:37:58 UTC 2026","Sun Apr 26 03:37:59 UTC 2026","542","tests.cart","test_25_cart_city_guessed_flag","","","","test_city_guessed_guest_first_visit","
    Гость, первый заход без кук:
    - город автоопределён
    - is_city_guessed = true
    "
"passed","Sun Apr 26 03:24:34 UTC 2026","Sun Apr 26 03:24:35 UTC 2026","1054","tests.cart","test_10_cart_save_city","","","","test_save_city_by_id_success[partner]","Позитив: сохранение города по city_id"
"passed","Sun Apr 26 03:05:59 UTC 2026","Sun Apr 26 03:05:59 UTC 2026","849","tests.one_c","test_cart_calculate_full_coverage","","","","test_products_various_qty[20]",""
"skipped","Sun Apr 26 03:31:31 UTC 2026","Sun Apr 26 03:31:31 UTC 2026","0","tests.orders","test_shop_digital_flow","","","","test_one_click_without_course_record_returns_400[client]","
    Если item.type = education_course,
    но записи в education.courses нет,
    заказ не должен создаваться
    "
"passed","Sun Apr 26 03:26:14 UTC 2026","Sun Apr 26 03:26:14 UTC 2026","169","tests.cart","test_delivery_address_save_apply","","","","test_save_address_invalid_payload[payload2]",""
"skipped","Sun Apr 26 03:39:18 UTC 2026","Sun Apr 26 03:39:18 UTC 2026","0","tests.sockets","test_ws_chat_protocol","","","","test_second_login_after_auth_is_idempotent[partner]","
    Повторный login после успешной авторизации НЕ должен ломать соединение
    "
"passed","Sun Apr 26 03:11:57 UTC 2026","Sun Apr 26 03:11:57 UTC 2026","487","tests.tickets","test_04_create_ticket","","","","test_create_ticket_invalid_request_type[client-invalid_request_type-400]","Негативный тест: попытка создания тикета с неверным типом request_type"
"passed","Sun Apr 26 03:26:55 UTC 2026","Sun Apr 26 03:26:56 UTC 2026","506","tests.delivery","test_get_dpd_offices","","","","test_get_dpd_offices_invalid_city_id_should_fail[1.5-admin]",""
"passed","Sun Apr 26 03:31:33 UTC 2026","Sun Apr 26 03:31:33 UTC 2026","468","tests.tickets","test_12_delete_message","","","","test_delete_ticket_message_without_auth","Негативный тест: удаление сообщения без авторизации"
"skipped","Sun Apr 26 03:12:30 UTC 2026","Sun Apr 26 03:12:30 UTC 2026","0","tests.stock","test_create_stock","","","","test_create_stock_with_empty_string_log_if_not_200[address.comment]",""
"passed","Sun Apr 26 03:10:35 UTC 2026","Sun Apr 26 03:10:36 UTC 2026","989","tests.tickets","test_04_create_ticket","","","","test_create_ticket_success[admin-attachments0-QuestionsAboutProducts]","Позитивный тест: создание тикета с разными темами и вложениями для клиента, партнера и админа"
"skipped","Sun Apr 26 03:07:16 UTC 2026","Sun Apr 26 03:07:16 UTC 2026","516","tests.one_c","test_cart_calculate_full_coverage","","","","test_large_cart_error[1]",""
"passed","Sun Apr 26 03:28:54 UTC 2026","Sun Apr 26 03:28:55 UTC 2026","525","tests.reviews","test_reviews_delete_post","","","","test_reviews_delete_unauthorized_for_non_auth",""
"passed","Sun Apr 26 03:28:25 UTC 2026","Sun Apr 26 03:28:26 UTC 2026","513","tests.auth","test_02_login","","","","test_client_login[client-empty_password-401]",""
"passed","Sun Apr 26 03:21:30 UTC 2026","Sun Apr 26 03:21:30 UTC 2026","581","tests.delivery","test_self_pickup_offices","","","","test_self_pickup_offices_unknown_city_returns_empty_list[partner]","
    Позитив: неизвестный city_id -> 200 и пустой список
    "
"broken","Sun Apr 26 03:18:23 UTC 2026","Sun Apr 26 03:18:23 UTC 2026","0","tests.admin_panel.promo","test_74_update_promotion","","","","test_update_promotion_name_should_fail_if_not_unique","Негативный тест: попытка обновить имя акции на уже существующий"
"passed","Sun Apr 26 03:34:30 UTC 2026","Sun Apr 26 03:34:30 UTC 2026","470","tests.delivery","test_get_cargo_offices","","","","test_get_cargo_offices_success[1-admin]",""
"skipped","Sun Apr 26 03:32:14 UTC 2026","Sun Apr 26 03:32:14 UTC 2026","0","tests.fund","test_get_top_donors","","","","test_get_top_donors_invalid_params[invalid_param3-https://dev.ewahelps.com/api]","Негатив: неверные параметры должны дать 400 (при рабочем маршруте)."
"skipped","Sun Apr 26 03:39:23 UTC 2026","Sun Apr 26 03:39:23 UTC 2026","0","tests.chat_support","test_03_support_chat_ticket_post","","","","test_create_ticket_from_last_messages_success[client]","
    Позитив: /support-chat/ticket создаёт тикет из последних 3 сообщений
    "
"broken","Sun Apr 26 03:24:17 UTC 2026","Sun Apr 26 03:24:17 UTC 2026","0","tests.admin_panel.items","test_update_item","","","","test_update_item_invalid_payload[payload5-422]","Негативный тест: обновление item с невалидным или неполным телом запроса."
"passed","Sun Apr 26 03:13:13 UTC 2026","Sun Apr 26 03:13:14 UTC 2026","469","tests.delivery","test_get_cities","","","","test_get_cities_invalid_page_size_should_fail[0-admin]","
    Негатив: невалидный page_size → 400/422
    "
"passed","Sun Apr 26 03:28:33 UTC 2026","Sun Apr 26 03:28:33 UTC 2026","473","tests.orders","test_group_order_v2_create","","","","test_group_order_v2_invalid_payloads[partner-payload0]",""
"skipped","Sun Apr 26 03:17:48 UTC 2026","Sun Apr 26 03:17:48 UTC 2026","0","tests.account","test_account_branded_wallet_get","","","","test_get_past_year_should_be_404[partner]","
    прошлый период. днных нет - 404
    "
"passed","Sun Apr 26 03:27:59 UTC 2026","Sun Apr 26 03:28:00 UTC 2026","733","tests.admin_panel.categories","test_56_v2_create_category","","","","test_v2_create_category_invalid_payload[payload0-expected_code0]","Негативный тест: создание категории с невалидным телом запроса."
"passed","Sun Apr 26 03:37:22 UTC 2026","Sun Apr 26 03:37:23 UTC 2026","479","tests.one_c","test_create_1c_stock","","","","test_create_1c_stock_bad_request_for_invalid_payload",""
"passed","Sun Apr 26 03:39:20 UTC 2026","Sun Apr 26 03:39:20 UTC 2026","506","tests.stock","test_delete_stock","","","","test_delete_stock_unauthorized",""
"passed","Sun Apr 26 03:13:19 UTC 2026","Sun Apr 26 03:13:20 UTC 2026","483","tests.delivery","test_get_cities","","","","test_get_cities_invalid_region_id_should_fail[-admin]","
    Негатив: невалидный region_id
    "
"skipped","Sun Apr 26 03:36:41 UTC 2026","Sun Apr 26 03:36:41 UTC 2026","0","tests.stock","test_update_stock","","","","test_update_stock_invalid_id[-1]",""
"skipped","Sun Apr 26 03:31:31 UTC 2026","Sun Apr 26 03:31:31 UTC 2026","0","tests.orders","test_shop_digital_flow","","","","test_one_click_repeat_purchase_same_course_returns_400[client]",""
"skipped","Sun Apr 26 03:12:17 UTC 2026","Sun Apr 26 03:12:17 UTC 2026","0","tests.tickets","test_01_get_tickets","","","","test_get_tickets_success[filter1-sort0-search0-pagination1-admin]","Позитивный тест: получение списка тикетов с разными комбинациями параметров"
"passed","Sun Apr 26 03:33:06 UTC 2026","Sun Apr 26 03:33:06 UTC 2026","685","tests.admin_panel.items","test_delete_item_translation","","","","test_delete_item_translation_invalid_id[999999999]","Негативный тест: удаление перевода с невалидным или несуществующим ID item."
"skipped","Sun Apr 26 03:33:49 UTC 2026","Sun Apr 26 03:33:49 UTC 2026","0","tests.admin_panel.products","test_01_delete_product_group","","","","test_delete_product_group_unauthorized","Негативный тест: попытка удаления продукт группы без авторизации."
"skipped","Sun Apr 26 03:17:58 UTC 2026","Sun Apr 26 03:17:58 UTC 2026","0","tests.admin_panel.categories","test_50_upload_category_images","","","","test_upload_category_images_file_too_large[5.3-fields_to_send3-400]","Негативный тест: загрузка слишком большого изображения."
"passed","Sun Apr 26 03:37:00 UTC 2026","Sun Apr 26 03:37:01 UTC 2026","711","tests.admin_panel.sliders","test_51_get_sliders","","","","test_get_sliders_success","Позитивный тест: успешное получение списка слайдеров админом"
"passed","Sun Apr 26 03:33:23 UTC 2026","Sun Apr 26 03:33:24 UTC 2026","732","tests.catalog","test_delete_admin_product_translation","","","","test_delete_admin_product_translation_invalid_id[abc]","Удаление перевода по невалидному product_id — должно вернуть 400 или 404."
"skipped","Sun Apr 26 03:12:13 UTC 2026","Sun Apr 26 03:12:13 UTC 2026","0","tests.tickets","test_04_create_ticket","","","","test_create_ticket_invalid_title[partner-None]","Негативный тест: создание тикета без заголовка"
"passed","Sun Apr 26 03:34:22 UTC 2026","Sun Apr 26 03:34:23 UTC 2026","1017","tests.cart","test_11_cart_save_delivery_method","","","","test_cart_save_delivery_method_invalid_payload_returns_400[payload1]",""
"skipped","Sun Apr 26 03:31:18 UTC 2026","Sun Apr 26 03:31:18 UTC 2026","0","tests.admin_panel","test_accrue_presidential_pool","","","","test_accrue_presidential_pool_for_client",""
"passed","Sun Apr 26 03:38:01 UTC 2026","Sun Apr 26 03:38:02 UTC 2026","507","tests.catalog","test_get_currencies","","","","test_get_currencies_success[partner]","
    Позитивный тест: успешное получение списка валют
    "
"passed","Sun Apr 26 03:27:40 UTC 2026","Sun Apr 26 03:27:41 UTC 2026","1104","tests.account","test_add_cover_url","","","","test_add_cover_unauthorized",""
"skipped","Sun Apr 26 03:17:58 UTC 2026","Sun Apr 26 03:17:58 UTC 2026","0","tests.catalog","test_create_admin_product","","","","test_create_product_duplicate_slug[de]",""
"passed","Sun Apr 26 03:12:57 UTC 2026","Sun Apr 26 03:12:58 UTC 2026","499","tests.delivery","test_01_save_delivery_address","","","","test_save_address_invalid_types_should_fail[phone-None-client]",""
"passed","Sun Apr 26 03:10:59 UTC 2026","Sun Apr 26 03:11:01 UTC 2026","1814","tests.tickets","test_04_create_ticket","","","","test_create_ticket_success[admin-attachments1-QuestionsAboutInternationalDelivery]","Позитивный тест: создание тикета с разными темами и вложениями для клиента, партнера и админа"
"failed","Sun Apr 26 03:37:51 UTC 2026","Sun Apr 26 03:37:52 UTC 2026","500","tests.admin_panel.periods","test_get_periods_current","","","","test_get_periods_current__200_strict[admin]",""
"passed","Sun Apr 26 03:08:23 UTC 2026","Sun Apr 26 03:08:24 UTC 2026","1745","tests.tickets","test_04_create_ticket","","","","test_create_ticket_success[client-attachments1-ReceivingProductsShortage]","Позитивный тест: создание тикета с разными темами и вложениями для клиента, партнера и админа"
"skipped","Sun Apr 26 03:17:48 UTC 2026","Sun Apr 26 03:17:48 UTC 2026","0","tests.account","test_account_branded_wallet_get","","","","test_get_period_bad_types_400_or_422[period2-partner]","
    Негатив: некорректные типы month/year → 400/422
    "
"broken","Sun Apr 26 03:33:49 UTC 2026","Sun Apr 26 03:33:49 UTC 2026","0","tests.account","test_account_branded_wallet_delete","","","","test_delete_twice_first_204_second_404[partner]","
    Двойное удаление: первый DELETE успешен, второй — 404
    "
"broken","Sun Apr 26 03:22:35 UTC 2026","Sun Apr 26 03:22:35 UTC 2026","0","tests.admin_panel.promo","test_72_create_promotion","","","","test_create_promotion_success","Позитивный тест: успешное создание акции (все поля)"
"broken","Sun Apr 26 03:31:31 UTC 2026","Sun Apr 26 03:31:31 UTC 2026","0","tests.tickets","test_12_delete_message","","","","test_delete_ticket_message_admin_other_client[client]","Негативный тест: админ пытается удалить сообщение клиента/партнёра"
"broken","Sun Apr 26 03:17:47 UTC 2026","Sun Apr 26 03:17:47 UTC 2026","0","tests.admin_panel.slides","test_59_update_slide","","","","test_update_slide_invalid_payload[payload20-422]","
    Негативный тест: обновление слайда с невалидным или неполным телом запроса
    "
"passed","Sun Apr 26 03:22:46 UTC 2026","Sun Apr 26 03:22:47 UTC 2026","491","tests.admin_panel.sliders","test_52_create_slider","","","","test_create_slider_unauthorized","Негативный тест: создание слайдера без авторизации."
"passed","Sun Apr 26 03:31:16 UTC 2026","Sun Apr 26 03:31:16 UTC 2026","707","tests.admin_panel","test_05_admin_support_users_token_revoke_all","","","","test_invalid_user_id_for_revoke_all_returns_client_error[0]",""
"broken","Sun Apr 26 03:23:55 UTC 2026","Sun Apr 26 03:23:55 UTC 2026","0","tests.account","test_account_branded_wallet_upload","","","","test_upload_upsert_current_period[partner]","Позитив: повторная загрузка подряд (upsert для текущего периода) — оба запроса успешны"
"broken","Sun Apr 26 03:21:15 UTC 2026","Sun Apr 26 03:21:15 UTC 2026","0","tests.catalog","test_update_admin_product","","","","test_update_admin_product_invalid_id[9999999]",""
"failed","Sun Apr 26 03:39:19 UTC 2026","Sun Apr 26 03:39:20 UTC 2026","694","tests.stock","test_delete_stock","","","","test_delete_stock_invalid_id[abc]",""
"skipped","Sun Apr 26 03:35:14 UTC 2026","Sun Apr 26 03:35:14 UTC 2026","0","tests.account","test_history_personal_volumes","","","","test_get_personal_volumes_history_positive[admin-payload0]","Позитивные тесты на получение истории начисления личных объемов"
"passed","Sun Apr 26 03:20:03 UTC 2026","Sun Apr 26 03:20:10 UTC 2026","6901","tests.cart","test_free_delivery_by_rc_and_belts","","","","test_below_threshold_contract[\u041c\u043e\u0441\u043a\u0432\u0430-client-zone_3-belt_cfg2]","
    КОНТРАКТ:
    free МОЖЕТ быть
    платная МОЖЕТ быть
    advance_costs МОЖЕТ быть []
    "
"broken","Sun Apr 26 03:29:36 UTC 2026","Sun Apr 26 03:29:36 UTC 2026","0","tests.admin_panel.products","test_41_get_product_brand_by_id","","","","test_get_product_brands_by_id_forbidden[client]","Негативный тест: получение бренда по ID не админом"
"broken","Sun Apr 26 03:18:20 UTC 2026","Sun Apr 26 03:18:20 UTC 2026","0","tests.one_c","test_free_delivery_to_regions_and_cities","","","","test_1c_free_delivery_processes_multiple_stocks",""
"broken","Sun Apr 26 03:21:48 UTC 2026","Sun Apr 26 03:21:48 UTC 2026","0","tests.admin_panel.products","test_44_upload_product_brand_images","","","","test_upload_product_brand_images_success","Позитивный тест: успешная загрузка изображений бренда через multipart/form-data."
"skipped","Sun Apr 26 03:35:14 UTC 2026","Sun Apr 26 03:35:14 UTC 2026","0","tests.account","test_token_revoke","","","","test_revoke_token_positive[client-payload1]","Позитивные тесты на удаление токена"
"broken","Sun Apr 26 03:23:55 UTC 2026","Sun Apr 26 03:23:55 UTC 2026","0","tests.account","test_account_branded_wallet_upload","","","","test_upload_success[valid_png.png-partner]","Позитив: валидное изображение (PNG/JPG) → 200 + корректная схема"
"passed","Sun Apr 26 03:22:51 UTC 2026","Sun Apr 26 03:22:51 UTC 2026","669","tests.admin_panel.sliders","test_52_create_slider","","","","test_create_slider_invalid_payload[payload6-400]","Негативный тест: попытка создать слайдер с невалидным payload."
"passed","Sun Apr 26 03:24:21 UTC 2026","Sun Apr 26 03:24:22 UTC 2026","1209","tests.admin_panel.users","test_post_admin_users_exclusive_preorder_permissions","","","","test_post_exclusive_preorder_permissions_validation_errors_400[payload2]","
    Негатив: некорректный payload
    "
"passed","Sun Apr 26 03:35:33 UTC 2026","Sun Apr 26 03:35:33 UTC 2026","484","tests.admin_panel.products","test_03_recommended_products_delete","","","","test_remove_recommendation_unauthorized","Неавторизованный пользователь пытается удалить рекомендации."
"passed","Sun Apr 26 03:22:07 UTC 2026","Sun Apr 26 03:22:08 UTC 2026","492","tests.delivery","test_02_get_delivery_address","","","","test_history_invalid_pagination_should_fail[bad_body5-partner]","
    Негатив: валидация PaginationRequest
    "
"passed","Sun Apr 26 03:30:12 UTC 2026","Sun Apr 26 03:30:12 UTC 2026","498","tests.catalog","test_get_recommended_products","","","","test_get_recommended_products_invalid_stock_id[-1]","
    Негативные значения stock_id
    "
"passed","Sun Apr 26 03:18:44 UTC 2026","Sun Apr 26 03:18:44 UTC 2026","621","tests.cart","test_20_cart_recommended_products","","","","test_cart_recommended_products_invalid_cart_cookie_no_500[-1-partner]","
    невалидный cart_id в cookie
    "
"passed","Sun Apr 26 03:05:55 UTC 2026","Sun Apr 26 03:05:56 UTC 2026","880","tests.one_c","test_cart_calculate_full_coverage","","","","test_products_various_qty[2]",""
"broken","Sun Apr 26 03:22:35 UTC 2026","Sun Apr 26 03:22:35 UTC 2026","0","tests.admin_panel.products","test_42_update_product_brand","","","","test_update_product_brand_invalid_payload[payload8-422]","Негативный тест: обновление бренда с невалидным или неполным телом запроса."
"passed","Sun Apr 26 03:23:17 UTC 2026","Sun Apr 26 03:23:18 UTC 2026","491","tests.statistic","test_team_registrations","","","","test_get_team_registration_statistic_positive[payload1-partner]","Позитивный тест: получение статистики по регистрации команды с валидным телом запроса"
"passed","Sun Apr 26 03:31:33 UTC 2026","Sun Apr 26 03:31:34 UTC 2026","898","tests.account","test_post_downgrade_user","","","","test_downgrade_user_changes_grade_to_client[admin]","
    Позитив: создаём наставника → активируем LO → /admin/downgrade_user → grade = GradeClient.
    "
"broken","Sun Apr 26 03:21:22 UTC 2026","Sun Apr 26 03:21:22 UTC 2026","0","tests.catalog","test_create_admin_product_translation","","","","test_create_admin_product_translation_success[ka]","Создание и обновление перевода продукта на разных языках."
"passed","Sun Apr 26 03:22:10 UTC 2026","Sun Apr 26 03:22:11 UTC 2026","651","tests.delivery","test_get_delivery_countries","","","","test_get_delivery_countries_success[None-admin]","Позитив: успешное получение списка стран с разными значениями ?from=."
"passed","Sun Apr 26 03:15:50 UTC 2026","Sun Apr 26 03:15:51 UTC 2026","513","tests.cart","test_02_get_delivery_cost","","","","test_get_delivery_cost_unauthorized","
    Негатив: запрос без авторизации/корзины
    "
"skipped","Sun Apr 26 03:36:49 UTC 2026","Sun Apr 26 03:36:49 UTC 2026","0","tests.admin_panel.periods","test_post_periods_by_date","","","","test_post_periods_by_date__200_strict[client]",""
"failed","Sun Apr 26 03:21:17 UTC 2026","Sun Apr 26 03:21:18 UTC 2026","638","tests.admin_panel.slides","test_57_create_slide","","","","test_create_slide_invalid_payload[payload2-422]","Негативные тесты: некорректные и неполные payload'ы"
"passed","Sun Apr 26 03:29:21 UTC 2026","Sun Apr 26 03:29:23 UTC 2026","1627","tests.reviews","test_reviews_delete_post","","","","test_reviews_delete_large_batch",""
"skipped","Sun Apr 26 03:29:23 UTC 2026","Sun Apr 26 03:29:23 UTC 2026","0","tests.tickets","test_06_close_ticket","","","","test_close_tickets_negative[admin-ticket_ids1-400]","Негативные тесты: закрытие с некорректными данными"
"skipped","Sun Apr 26 03:35:14 UTC 2026","Sun Apr 26 03:35:14 UTC 2026","0","tests.account","test_family_agreement_update_status","","","","test_update_family_agreement_status_positive[client-payload1]","Позитивные тесты на изменение статуса семейного соглашения"
"skipped","Sun Apr 26 03:18:23 UTC 2026","Sun Apr 26 03:18:23 UTC 2026","0","tests.PROJECT_EDUCATION.orders","test_post_orders","","","","test_post_orders_invalid_payload__400_422[payload9]","Негатив: невалидный body"
"passed","Sun Apr 26 03:09:26 UTC 2026","Sun Apr 26 03:09:28 UTC 2026","1907","tests.tickets","test_04_create_ticket","","","","test_create_ticket_success[partner-attachments1-QuestionsAboutOrders]","Позитивный тест: создание тикета с разными темами и вложениями для клиента, партнера и админа"
"broken","Sun Apr 26 03:24:13 UTC 2026","Sun Apr 26 03:24:13 UTC 2026","0","tests.admin_panel","test_04_generate_support_token","","","","test_admin_can_generate_support_token_default_ttl","
    POST /admin/support-users/{id}/token
    Без ttl → дефолт (30 суток).
    Проверяем:
    - 200 + поле token
    - в tokens добавилась ровно одна запись для (role=3, id=user_id).
    "
"passed","Sun Apr 26 03:29:27 UTC 2026","Sun Apr 26 03:29:28 UTC 2026","697","tests.admin_panel","test_partner_accrual_details_main_bonus","","","","test_main_bonus_details_invalid_query_params[query2-expected_codes2]","
    Негатив: валидация query-параметров main-bonus
    "
"passed","Sun Apr 26 03:12:52 UTC 2026","Sun Apr 26 03:12:52 UTC 2026","513","tests.delivery","test_01_save_delivery_address","","","","test_save_address_delivery_must_be_one_of_should_fail_when_two_methods[client]",""
"failed","Sun Apr 26 03:38:12 UTC 2026","Sun Apr 26 03:38:12 UTC 2026","498","tests.delivery","test_03_delete_delivery_address","","","","test_delete_address_invalid_id_should_fail[999999999-client]",""
"passed","Sun Apr 26 03:22:57 UTC 2026","Sun Apr 26 03:22:57 UTC 2026","523","tests.statistic","test_team_activations","","","","test_get_team_activation_statistic_positive[payload0-admin]","Позитивный тест: получение статистики по активации команды с валидным телом запроса"
"passed","Sun Apr 26 03:13:01 UTC 2026","Sun Apr 26 03:13:01 UTC 2026","497","tests.delivery","test_01_save_delivery_address","","","","test_save_address_empty_required_strings_should_fail[   -name-client]",""
"passed","Sun Apr 26 03:26:55 UTC 2026","Sun Apr 26 03:26:55 UTC 2026","491","tests.delivery","test_get_dpd_offices","","","","test_get_dpd_offices_invalid_city_id_should_fail[0-admin]",""
"skipped","Sun Apr 26 03:06:13 UTC 2026","Sun Apr 26 03:06:14 UTC 2026","802","tests.one_c","test_cart_calculate_full_coverage","","","","test_packaging_invalid_numbers[width--1]",""
"passed","Sun Apr 26 03:09:29 UTC 2026","Sun Apr 26 03:09:30 UTC 2026","1722","tests.tickets","test_04_create_ticket","","","","test_create_ticket_success[partner-attachments1-QuestionsAboutInternationalDelivery]","Позитивный тест: создание тикета с разными темами и вложениями для клиента, партнера и админа"
"skipped","Sun Apr 26 03:17:48 UTC 2026","Sun Apr 26 03:17:48 UTC 2026","0","tests.account","test_account_branded_wallet_get","","","","test_get_future_month_same_year_should_be_400[partner]","
    В будущем период - 400
    "
"passed","Sun Apr 26 03:12:20 UTC 2026","Sun Apr 26 03:12:21 UTC 2026","508","tests.tickets","test_01_get_tickets","","","","test_get_tickets_invalid_pagination[invalid_pagination1-partner]","Негативный тест: передаем некорректные значения в pagination"
"skipped","Sun Apr 26 03:12:17 UTC 2026","Sun Apr 26 03:12:17 UTC 2026","0","tests.tickets","test_01_get_tickets","","","","test_get_tickets_success[filter1-sort1-search0-pagination1-admin]","Позитивный тест: получение списка тикетов с разными комбинациями параметров"
"skipped","Sun Apr 26 03:17:48 UTC 2026","Sun Apr 26 03:17:48 UTC 2026","0","tests.account","test_0_marathon","","","","test_create_product_brand_invalid_payload[params1-400-admin]",""
"passed","Sun Apr 26 03:21:57 UTC 2026","Sun Apr 26 03:21:58 UTC 2026","1098","tests.delivery","test_02_get_delivery_address","","","","test_history_positive_contract[partner]","
    GET /delivery/address/history
    "
"skipped","Sun Apr 26 03:12:30 UTC 2026","Sun Apr 26 03:12:30 UTC 2026","0","tests.stock","test_create_stock","","","","test_create_stock_with_empty_string_log_if_not_200[name]",""
"passed","Sun Apr 26 03:32:53 UTC 2026","Sun Apr 26 03:32:54 UTC 2026","488","tests.PROJECT_FUND.initiatives","test_get_reports","","","","test_get_reports_with_query_params[query2-https://dev.ewahelps.com/api]","Позитивный тест: получение списка отчетов с query-параметрами"
"skipped","Sun Apr 26 03:18:23 UTC 2026","Sun Apr 26 03:18:23 UTC 2026","0","tests.PROJECT_EDUCATION.orders","test_post_orders","","","","test_post_orders_free_course__business_rule_error_if_enforced","
    Негатив: бесплатный курс (price=0) - заказ не нужен
    "
"broken","Sun Apr 26 03:31:27 UTC 2026","Sun Apr 26 03:31:27 UTC 2026","0","tests.catalog","test_get_admin_product_translation","","","","test_get_admin_product_translation_forbidden[partner]","Запрет получения переводов для клиента/партнёра."
"skipped","Sun Apr 26 03:05:51 UTC 2026","Sun Apr 26 03:05:52 UTC 2026","838","tests.one_c","test_cart_calculate_full_coverage","","","","test_products_invalid_types[quantity-None]",""
"failed","Sun Apr 26 03:30:06 UTC 2026","Sun Apr 26 03:30:06 UTC 2026","498","tests.cart","test_14_cart_update_personal_data","","","","test_update_personal_data_invalid_payload[client-payload2]","
    Негатив: отсутствующие обязательные поля или невалидные значения
    "
"passed","Sun Apr 26 03:22:06 UTC 2026","Sun Apr 26 03:22:07 UTC 2026","512","tests.delivery","test_02_get_delivery_address","","","","test_history_invalid_pagination_should_fail[bad_body4-partner]","
    Негатив: валидация PaginationRequest
    "
"passed","Sun Apr 26 03:06:19 UTC 2026","Sun Apr 26 03:06:20 UTC 2026","829","tests.one_c","test_cart_calculate_full_coverage","","","","test_packaging_missing_fields[volume]",""
"passed","Sun Apr 26 03:24:14 UTC 2026","Sun Apr 26 03:24:15 UTC 2026","681","tests.admin_panel","test_04_generate_support_token","","","","test_invalid_user_id_for_token_returns_client_error[]",""
"passed","Sun Apr 26 03:22:56 UTC 2026","Sun Apr 26 03:22:57 UTC 2026","480","tests.statistic","test_team_activations","","","","test_get_team_activation_statistic_positive[payload0-partner]","Позитивный тест: получение статистики по активации команды с валидным телом запроса"
"broken","Sun Apr 26 03:21:15 UTC 2026","Sun Apr 26 03:21:15 UTC 2026","0","tests.catalog","test_update_admin_product","","","","test_update_admin_product_invalid_payload[update_payload1-400]",""
"failed","Sun Apr 26 03:38:12 UTC 2026","Sun Apr 26 03:38:13 UTC 2026","485","tests.delivery","test_get_five_post_warehouses","","","","test_get_five_post_warehouses_success[admin]","Позитив: успешное получение списка складов 5Post (только для администратора)."
"passed","Sun Apr 26 03:34:37 UTC 2026","Sun Apr 26 03:34:37 UTC 2026","494","tests.delivery","test_get_europost_offices","","","","test_get_europost_offices_success[1573-partner]",""
"failed","Sun Apr 26 03:36:51 UTC 2026","Sun Apr 26 03:36:51 UTC 2026","463","tests.admin_panel.periods","test_put_admin_dev_period_end_time","","","","test_put_admin_dev_period_end_time__forbidden[client]",""
"skipped","Sun Apr 26 03:06:08 UTC 2026","Sun Apr 26 03:06:09 UTC 2026","854","tests.one_c","test_cart_calculate_full_coverage","","","","test_packaging_invalid_numbers[weight--1]",""
"passed","Sun Apr 26 03:29:45 UTC 2026","Sun Apr 26 03:29:45 UTC 2026","676","tests.admin_panel.promo","test_73_get_promotion_by_id","","","","test_get_promotion_invalid_id[1.5]","Негативный тест: получение акции по невалидному ID"
"skipped","Sun Apr 26 03:12:30 UTC 2026","Sun Apr 26 03:12:30 UTC 2026","0","tests.stock","test_create_stock","","","","test_create_stock_with_empty_string_log_if_not_200[is_office_entry_enabled]",""
"passed","Sun Apr 26 03:14:15 UTC 2026","Sun Apr 26 03:14:19 UTC 2026","3966","tests.cart","test_01_user_locale","","","","test_update_user_locale_valid_payload[partner-payload1]",""
"passed","Sun Apr 26 03:31:01 UTC 2026","Sun Apr 26 03:31:01 UTC 2026","698","tests.tickets","test_02_get_ticket_by_id","","","","test_get_ticket_invalid_id[]","Негативный тест: передан некорректный ID."
"skipped","Sun Apr 26 03:29:36 UTC 2026","Sun Apr 26 03:29:36 UTC 2026","0","tests.admin_panel.products","test_01_create_product_group","","","","test_create_product_group_with_duplicate_items","Негативный тест: попытка создать продукт группы с одинаковыми items."
"failed","Sun Apr 26 03:38:55 UTC 2026","Sun Apr 26 03:38:56 UTC 2026","487","tests.catalog","test_recommended_products_selfpickup","","","","test_recommended_products_selfpickup_not_break_global_flow","
    deprecated ручка не ломает основной сценарий
    "
"passed","Sun Apr 26 03:21:44 UTC 2026","Sun Apr 26 03:21:45 UTC 2026","712","tests.admin_panel.items","test_create_item_translation","","","","test_create_item_translation_invalid_payload[payload1-code1]","Негативный тест: создание перевода с невалидным payload."
"passed","Sun Apr 26 03:19:55 UTC 2026","Sun Apr 26 03:19:58 UTC 2026","3495","tests.cart","test_free_delivery_by_rc_and_belts","","","","test_below_threshold_contract[\u041c\u043e\u0441\u043a\u0432\u0430-client-zone_1-belt_cfg0]","
    КОНТРАКТ:
    free МОЖЕТ быть
    платная МОЖЕТ быть
    advance_costs МОЖЕТ быть []
    "
"failed","Sun Apr 26 03:38:50 UTC 2026","Sun Apr 26 03:38:51 UTC 2026","485","tests.cart","test_20_cart_share","","","","test_cart_share_success[partner]","Позитив: успешное создание ссылки на корзину"
"passed","Sun Apr 26 03:15:02 UTC 2026","Sun Apr 26 03:15:04 UTC 2026","2168","tests.cart","test_01_user_locale","","","","test_update_user_locale_invalid_language_enum[client-EN]",""
"skipped","Sun Apr 26 03:35:22 UTC 2026","Sun Apr 26 03:35:22 UTC 2026","0","tests.account","test_update_default_stock","","","","test_update_default_stock_positive[admin-payload1]","Позитивные тесты на изменение дефолтного склада"
"passed","Sun Apr 26 03:30:20 UTC 2026","Sun Apr 26 03:30:21 UTC 2026","748","tests.catalog","test_product_get_by_id","","","","test_get_product_by_id_invalid_string[123abc]","
    Негативный: ID строкового типа
    "
"failed","Sun Apr 26 03:21:19 UTC 2026","Sun Apr 26 03:21:19 UTC 2026","657","tests.admin_panel.slides","test_57_create_slide","","","","test_create_slide_invalid_payload[payload4-422]","Негативные тесты: некорректные и неполные payload'ы"
"skipped","Sun Apr 26 03:35:14 UTC 2026","Sun Apr 26 03:35:14 UTC 2026","0","tests.account","test_update","","","","test_update_account_positive[admin-payload1]","Позитивные тесты на обновление данных аккаунта"
"passed","Sun Apr 26 03:21:08 UTC 2026","Sun Apr 26 03:21:08 UTC 2026","491","tests.delivery","test_get_cities_v2","","","","test_get_cities_v2_invalid_city_name_should_fail[\t-admin]","
    Негатив: city_name — строка, minLength=2
    "
"passed","Sun Apr 26 03:21:15 UTC 2026","Sun Apr 26 03:21:16 UTC 2026","498","tests.admin_panel.slides","test_57_create_slide","","","","test_create_slide_forbidden[partner]","Негативный тест: создание слайда не-админом запрещено"
"passed","Sun Apr 26 03:20:40 UTC 2026","Sun Apr 26 03:20:41 UTC 2026","1197","tests.cart","test_free_delivery_by_rc_and_belts","","","","test_delivery_costs_with_empty_cart[client]",""
"passed","Sun Apr 26 03:30:19 UTC 2026","Sun Apr 26 03:30:20 UTC 2026","678","tests.catalog","test_product_get_by_id","","","","test_get_product_by_id_invalid_string[abc]","
    Негативный: ID строкового типа
    "
"passed","Sun Apr 26 03:34:29 UTC 2026","Sun Apr 26 03:34:29 UTC 2026","520","tests.delivery","test_get_cargo_offices","","","","test_get_cargo_offices_success[1-client]",""
"broken","Sun Apr 26 03:21:43 UTC 2026","Sun Apr 26 03:21:43 UTC 2026","0","tests.admin_panel.items","test_create_item_translation","","","","test_create_item_translation_success[en]",""
"skipped","Sun Apr 26 03:37:20 UTC 2026","Sun Apr 26 03:37:20 UTC 2026","491","tests.cart","test_17_cart_update_user_country","","","","test_update_user_country_invalid_payload[client-payload0]","Негатив: невалидный payload"
"skipped","Sun Apr 26 03:12:18 UTC 2026","Sun Apr 26 03:12:18 UTC 2026","0","tests.tickets","test_01_get_tickets","","","","test_get_tickets_success[filter2-sort0-search2-pagination1-client]","Позитивный тест: получение списка тикетов с разными комбинациями параметров"
"skipped","Sun Apr 26 03:35:14 UTC 2026","Sun Apr 26 03:35:14 UTC 2026","0","tests.account","test_history_personal_volumes_admin","","","","test_get_personal_volumes_history_admin_positive[partner-payload1]","Позитивные тесты на получение истории начисления личных объемов для админа"
"broken","Sun Apr 26 03:21:21 UTC 2026","Sun Apr 26 03:21:21 UTC 2026","0","tests.admin_panel.slides","test_57_create_slide","","","","test_create_slide_title_color_validation[123456-400]","Валидация поля title_color при создании слайда"
"passed","Sun Apr 26 03:28:26 UTC 2026","Sun Apr 26 03:28:26 UTC 2026","534","tests.auth","test_02_login","","","","test_client_login[client-empty_all-400]",""
"passed","Sun Apr 26 03:35:51 UTC 2026","Sun Apr 26 03:35:53 UTC 2026","2171","tests.cart","test_07_cart_update_multi","","","","test_update_cart_items_multi_success[partner]","Позитив: массовое изменение позиций /cart/update_multi"
"passed","Sun Apr 26 03:15:49 UTC 2026","Sun Apr 26 03:15:50 UTC 2026","467","tests.cart","test_02_get_delivery_cost","","","","test_get_delivery_cost_invalid_payload[partner-payload5]","Негатив: некорректные входные данные"
"passed","Sun Apr 26 03:18:28 UTC 2026","Sun Apr 26 03:18:29 UTC 2026","752","tests.admin_panel.sliders","test_54_update_slider","","","","test_update_slider_invalid_id[9999999]","Негативный тест: несуществующий или некорректный ID."
"passed","Sun Apr 26 03:27:08 UTC 2026","Sun Apr 26 03:27:08 UTC 2026","492","tests.delivery","test_get_self_pickup_offices","","","","test_get_self_pickup_offices_invalid_city_id_should_fail[abc-admin]","Негатив: невалидные значения city_id → 400/422."
"passed","Sun Apr 26 03:33:28 UTC 2026","Sun Apr 26 03:33:28 UTC 2026","492","tests.delivery","test_mongpost_postcodes","","","","test_get_mongpost_postcodes_success[client]","Позитивный тест: успешное получение списка почтовых индексов монгольской почты"
"failed","Sun Apr 26 03:34:46 UTC 2026","Sun Apr 26 03:34:46 UTC 2026","470","tests.delivery","test_get_georgian_post_pickup_points","","","","test_get_georgian_post_pickup_points_invalid_city_id_should_fail[0-admin]","Негатив: невалидные значения city_id → 400/422."
"skipped","Sun Apr 26 03:23:55 UTC 2026","Sun Apr 26 03:23:55 UTC 2026","0","tests.PROJECT_EDUCATION.test_system","test_03_user_answers","","","","test_user_answers_invalid_payload__400_or_422[payload4]",""
"broken","Sun Apr 26 03:39:40 UTC 2026","Sun Apr 26 03:39:40 UTC 2026","0","tests.temporary","test_cleanup_products","","","","test_cleanup_test_products","
    Удаляет тестовые продукты из БД (например, с rgba_big_circle как 'rgba%'),
    включая связи: переводы, категории.
    "
"passed","Sun Apr 26 03:34:05 UTC 2026","Sun Apr 26 03:34:07 UTC 2026","1148","tests.admin_panel.users","test_delete_admin_users_exclusive_preorder_permissions","","","","test_delete_exclusive_preorder_permissions_validation_error_400[payload3]","
    Негатив: некорректный item_id
    "
"passed","Sun Apr 26 03:26:49 UTC 2026","Sun Apr 26 03:26:49 UTC 2026","512","tests.delivery","test_get_cdek_offices","","","","test_get_cdek_offices_invalid_city_id_should_fail[bad_city_id7-admin]",""
"broken","Sun Apr 26 03:24:17 UTC 2026","Sun Apr 26 03:24:17 UTC 2026","0","tests.admin_panel.items","test_update_item","","","","test_update_item_invalid_payload[payload2-expected_code2]","Негативный тест: обновление item с невалидным или неполным телом запроса."
"broken","Sun Apr 26 03:17:47 UTC 2026","Sun Apr 26 03:17:47 UTC 2026","0","tests.admin_panel.slides","test_59_update_slide","","","","test_update_slide_invalid_id[abc]","Негативный тест: несуществующий или некорректный ID"
"passed","Sun Apr 26 03:35:18 UTC 2026","Sun Apr 26 03:35:19 UTC 2026","1324","tests.account","test_update_avatar","","","","test_update_avatar_positive[partner-payload1]","Позитивные тесты на обновление аватара"
"broken","Sun Apr 26 03:29:52 UTC 2026","Sun Apr 26 03:29:52 UTC 2026","0","tests.admin_panel.slides","test_58_get_slides_by_id","","","","test_get_slides_by_id_forbidden[partner]","Негативный тест: попытка получения слайда по ID не-админом"
"skipped","Sun Apr 26 03:37:41 UTC 2026","Sun Apr 26 03:37:41 UTC 2026","705","tests.reviews","test_reviews_by_product_get","","","","test_reviews_by_product_invalid_params[params0]",""
"skipped","Sun Apr 26 03:31:08 UTC 2026","Sun Apr 26 03:31:09 UTC 2026","656","tests.tickets","test_09_get_ticket_messages","","","","test_get_ticket_messages_invalid_id_format[1.5]","Негативный тест: запрос с некорректным ID (строка, спецсимволы, пустое значение)"
"passed","Sun Apr 26 03:18:40 UTC 2026","Sun Apr 26 03:18:41 UTC 2026","761","tests.cart","test_20_cart_recommended_products","","","","test_cart_recommended_products_invalid_cart_cookie_no_500[abc-client]","
    невалидный cart_id в cookie
    "
"passed","Sun Apr 26 03:22:32 UTC 2026","Sun Apr 26 03:22:33 UTC 2026","674","tests.admin_panel.products","test_42_update_product_brand","","","","test_update_product_brand_invalid_id[0]","Негативный тест: несуществующий или некорректный ID."
"passed","Sun Apr 26 03:38:47 UTC 2026","Sun Apr 26 03:38:47 UTC 2026","527","tests.cart","test_18_cart_available_countries","","","","test_cart_available_countries_success[client]","Позитив: получение списка доступных стран"
"skipped","Sun Apr 26 03:12:17 UTC 2026","Sun Apr 26 03:12:17 UTC 2026","0","tests.tickets","test_01_get_tickets","","","","test_get_tickets_success[filter2-sort0-search0-pagination0-client]","Позитивный тест: получение списка тикетов с разными комбинациями параметров"
"passed","Sun Apr 26 03:18:32 UTC 2026","Sun Apr 26 03:18:34 UTC 2026","2067","tests.cart","test_20_cart_recommended_products","","","","test_cart_recommended_products_empty_cart[partner]",""
"passed","Sun Apr 26 03:30:07 UTC 2026","Sun Apr 26 03:30:08 UTC 2026","510","tests.cart","test_14_cart_update_personal_data","","","","test_update_personal_data_unauthorized","Негатив: без токена → 400"
"skipped","Sun Apr 26 03:17:48 UTC 2026","Sun Apr 26 03:17:48 UTC 2026","0","tests.account","test_0_marathon","","","","test_create_product_brand_invalid_payload[params5-400-admin]",""
"failed","Sun Apr 26 03:38:36 UTC 2026","Sun Apr 26 03:38:36 UTC 2026","515","tests.account","test_0_top_partners_game_0824","","","","test_get_top_partners_game_0824_positive[client]","Позитивные тесты на получение топ-партнеров в игре 08/24"
"skipped","Sun Apr 26 03:23:55 UTC 2026","Sun Apr 26 03:23:55 UTC 2026","0","tests.PROJECT_EDUCATION.test_system","test_03_user_answers","","","","test_user_answers_invalid_payload__400_or_422[payload1]",""
"broken","Sun Apr 26 03:23:27 UTC 2026","Sun Apr 26 03:23:27 UTC 2026","0","tests.admin_panel.categories","test_57_v2_update_category","","","","test_v2_update_category_forbidden[client]","Негативный тест: попытка обновления категории не-админом."
"passed","Sun Apr 26 03:28:27 UTC 2026","Sun Apr 26 03:28:28 UTC 2026","515","tests.auth","test_02_login","","","","test_partner_login[partner-empty_all-400]",""
"passed","Sun Apr 26 03:38:51 UTC 2026","Sun Apr 26 03:38:51 UTC 2026","511","tests.cart","test_20_cart_share","","","","test_cart_share_unauthorized","Негатив: вызов без авторизации/корзины"
"passed","Sun Apr 26 03:27:51 UTC 2026","Sun Apr 26 03:27:52 UTC 2026","880","tests.admin_panel","test_partner_accrual_details_common","","","","test_common_accrual_details_success","
    Позитив: админ запрашивает отчёт по валидному minion_id → txt-файл
    "
"passed","Sun Apr 26 03:16:25 UTC 2026","Sun Apr 26 03:16:28 UTC 2026","3377","tests.cart","test_12_cart_estimate_delivery","","","","test_estimate_delivery_success[client-cdek_courier-payload10]","
    Позитив: корзина с товаром, выбор способа доставки и расчёт стоимости для разных служб
    "
"skipped","Sun Apr 26 03:31:33 UTC 2026","Sun Apr 26 03:31:33 UTC 2026","0","tests.PROJECT_EDUCATION.test_system","test_05_get_info","","","","test_get_info_invalid_id__400_or_404[abc]","Негатив: невалидный id в path"
"passed","Sun Apr 26 03:24:32 UTC 2026","Sun Apr 26 03:24:33 UTC 2026","1176","tests.admin_panel.users","test_post_admin_users_exclusive_preorder_permissions","","","","test_post_exclusive_preorder_permissions_validation_errors_404[payload0]","
    Негатив: некорректный payload
    "
"broken","Sun Apr 26 03:39:23 UTC 2026","Sun Apr 26 03:39:23 UTC 2026","1","tests.orders","test_group_order_roles_mapping","","","","test_client_role_mapping","
    Проверка маппинга роли для клиента
    "
"passed","Sun Apr 26 03:13:40 UTC 2026","Sun Apr 26 03:13:41 UTC 2026","730","tests.account","test_update_utc_offset","","","","test_update_utc_offset_invalid_format_rejected[+3]",""
"broken","Sun Apr 26 03:17:47 UTC 2026","Sun Apr 26 03:17:47 UTC 2026","0","tests.admin_panel.slides","test_59_update_slide","","","","test_update_slide_invalid_payload[payload14-expected_code14]","
    Негативный тест: обновление слайда с невалидным или неполным телом запроса
    "
"skipped","Sun Apr 26 03:31:18 UTC 2026","Sun Apr 26 03:31:18 UTC 2026","0","tests.admin_panel","test_accrue_gold_pro_gift","","","","test_accrue_gold_pro_gift_for_client",""
"passed","Sun Apr 26 03:22:53 UTC 2026","Sun Apr 26 03:22:54 UTC 2026","703","tests.admin_panel.sliders","test_52_create_slider","","","","test_create_slider_invalid_payload[payload9-400]","Негативный тест: попытка создать слайдер с невалидным payload."
"failed","Sun Apr 26 03:36:59 UTC 2026","Sun Apr 26 03:37:00 UTC 2026","508","tests.admin_panel.promo","test_71_get_promotions","","","","test_get_promotions_list_forbidden[partner]","Негативный тест: получение списка акций не админом"
"passed","Sun Apr 26 03:13:09 UTC 2026","Sun Apr 26 03:13:10 UTC 2026","470","tests.delivery","test_get_cities","","","","test_get_cities_missing_required_params_should_fail[params3-client]","
    Негатив: отсутствие обязательных page/page_size/country_id
    "
"broken","Sun Apr 26 03:27:18 UTC 2026","Sun Apr 26 03:27:18 UTC 2026","0","tests.admin_panel.products","test_product_files_update","","","","test_update_replaces_old_urls",""
"skipped","Sun Apr 26 03:12:18 UTC 2026","Sun Apr 26 03:12:18 UTC 2026","0","tests.tickets","test_01_get_tickets","","","","test_get_tickets_success[filter2-sort1-search1-pagination1-partner]","Позитивный тест: получение списка тикетов с разными комбинациями параметров"
"broken","Sun Apr 26 03:33:13 UTC 2026","Sun Apr 26 03:33:13 UTC 2026","0","tests.admin_panel.sliders","test_55_delete_sliders","","","","test_delete_slider_success","Позитивный тест: успешное удаление слайдера."
"broken","Sun Apr 26 03:24:17 UTC 2026","Sun Apr 26 03:24:17 UTC 2026","0","tests.admin_panel.items","test_update_item","","","","test_update_item_forbidden[client]","Негативный тест: попытка обновления item не-админом."
"passed","Sun Apr 26 03:38:02 UTC 2026","Sun Apr 26 03:38:03 UTC 2026","468","tests.catalog","test_get_currencies","","","","test_get_currencies_unauthorized","запрос без авторизации. 200"
"passed","Sun Apr 26 03:25:43 UTC 2026","Sun Apr 26 03:25:45 UTC 2026","1824","tests.cart","test_23_cart_calculate_delivery_flag","","","","test_update_cart_item_invalid_calculate_delivery_flag[true-client]",""
"passed","Sun Apr 26 03:06:50 UTC 2026","Sun Apr 26 03:06:50 UTC 2026","461","tests.one_c","test_cart_calculate_full_coverage","","","","test_bonus_info_invalid_types[account_text-123]",""
"failed","Sun Apr 26 03:39:18 UTC 2026","Sun Apr 26 03:39:19 UTC 2026","495","tests.statistic","test_0_dashboard","","","","test_get_dashboard_statistic[partner]","Позитивный тест: получение статистики для дашборда ""прирост или убыль в числовом виде"
"passed","Sun Apr 26 03:27:31 UTC 2026","Sun Apr 26 03:27:32 UTC 2026","717","tests.reviews","test_reviews_list_post","","","","test_reviews_list_invalid_period_filter_returns_client_error[a/b]",""
"passed","Sun Apr 26 03:29:49 UTC 2026","Sun Apr 26 03:29:49 UTC 2026","664","tests.admin_panel.sliders","test_53_get_sliders_by_id","","","","test_get_sliders_invalid_id[None]","Негативный тест: получение слайдера по невалидному ID"
"passed","Sun Apr 26 03:33:58 UTC 2026","Sun Apr 26 03:33:59 UTC 2026","637","tests.admin_panel.slides","test_62_slides_update_video_url","","","","test_update_video_url_invalid_empty_without_slide","Негативный тест: пустая строка на несуществующем слайде (id=1) должна падать"
"passed","Sun Apr 26 03:07:14 UTC 2026","Sun Apr 26 03:07:15 UTC 2026","507","tests.one_c","test_cart_calculate_full_coverage","","","","test_invalid_arrays[packaging-value2]",""
"skipped","Sun Apr 26 03:39:23 UTC 2026","Sun Apr 26 03:39:23 UTC 2026","0","tests.orders","test_group_order_partner_regions","","","","test_partner_region_stock_respects_can_group_order_flag[partner]","
    1. Если can_group_order=FALSE для Москвы →
       склад из региона 77 НЕ должен выбираться
    2. После возврата can_group_order=TRUE →
       снова выбирается склад из региона 77
    "
"passed","Sun Apr 26 03:35:29 UTC 2026","Sun Apr 26 03:35:33 UTC 2026","3365","tests.admin_panel.products","test_03_recommended_products_delete","","","","test_remove_empty_recommendation_list","Удаление с пустым списком рекомендаций."
"passed","Sun Apr 26 03:38:39 UTC 2026","Sun Apr 26 03:38:40 UTC 2026","616","tests.account","test_0_top_partners_top_recruiters","","","","test_get_top_partners_top_recruiters_positive[partner]","Позитивные тесты на получение топ-партнеров по количеству активных партнеров"
"passed","Sun Apr 26 03:06:41 UTC 2026","Sun Apr 26 03:06:41 UTC 2026","908","tests.one_c","test_cart_calculate_full_coverage","","","","test_payment_missing_fields[discount_total]",""
"skipped","Sun Apr 26 03:39:23 UTC 2026","Sun Apr 26 03:39:23 UTC 2026","0","tests.sockets","test_schema_contracts","","","","test_messages_schema_contract_basics[partner]",""
"broken","Sun Apr 26 03:18:29 UTC 2026","Sun Apr 26 03:18:29 UTC 2026","0","tests.admin_panel.sliders","test_54_update_slider","","","","test_update_slider_invalid_payload[payload0-expected_code0]","Негативный тест: обновление слайдера с невалидным или неполным телом запроса."
"broken","Sun Apr 26 03:33:17 UTC 2026","Sun Apr 26 03:33:17 UTC 2026","0","tests.admin_panel.slides","test_60_delete_slides","","","","test_delete_slide_forbidden[client]","Негативный тест: попытка удаления слайда не-админом"
"skipped","Sun Apr 26 03:35:14 UTC 2026","Sun Apr 26 03:35:14 UTC 2026","0","tests.account","test_funds_transfer_send","","","","test_send_funds_transfer_positive[client-payload0]","Позитивные тесты на перевод/вывод средств по visibleId"
"broken","Sun Apr 26 03:31:47 UTC 2026","Sun Apr 26 03:31:47 UTC 2026","0","tests.admin_panel.promo","test_76_get_promotion_items","","","","test_get_promotion_item_forbidden[partner]","Негативный тест: получение элемента акции не-админом запрещено"
"passed","Sun Apr 26 03:33:48 UTC 2026","Sun Apr 26 03:33:48 UTC 2026","492","tests.account","test_account_branded_wallet_delete","","","","test_delete_when_nothing_uploaded_returns_404[client]","
    Удаление при отсутствии изображения → 404
    "
"passed","Sun Apr 26 03:16:41 UTC 2026","Sun Apr 26 03:16:45 UTC 2026","3365","tests.cart","test_12_cart_estimate_delivery","","","","test_estimate_delivery_success[partner-self_pickup-payload0]","
    Позитив: корзина с товаром, выбор способа доставки и расчёт стоимости для разных служб
    "
"failed","Sun Apr 26 03:28:03 UTC 2026","Sun Apr 26 03:28:04 UTC 2026","718","tests.admin_panel.categories","test_56_v2_create_category","","","","test_v2_create_category_invalid_payload[payload5-422]","Негативный тест: создание категории с невалидным телом запроса."
"passed","Sun Apr 26 03:13:41 UTC 2026","Sun Apr 26 03:13:42 UTC 2026","698","tests.account","test_update_utc_offset","","","","test_update_utc_offset_invalid_format_rejected[++3]",""
"passed","Sun Apr 26 03:32:52 UTC 2026","Sun Apr 26 03:32:52 UTC 2026","494","tests.PROJECT_FUND.initiatives","test_get_reports","","","","test_get_reports_with_query_params[query0-https://dev.ewahelps.com/api]","Позитивный тест: получение списка отчетов с query-параметрами"
"passed","Sun Apr 26 03:31:51 UTC 2026","Sun Apr 26 03:31:52 UTC 2026","468","tests.admin_panel.promo","test_78_delete_promotion_item","","","","test_delete_promotion_item_unauthorized","Негативный тест: удаление элемента акции без авторизации."
"skipped","Sun Apr 26 03:31:31 UTC 2026","Sun Apr 26 03:31:31 UTC 2026","0","tests.orders","test_shop_digital_flow","","","","test_one_click_invalid_item_returns_400[client]","
    несуществующий item_id = 400
    "
"broken","Sun Apr 26 03:17:47 UTC 2026","Sun Apr 26 03:17:47 UTC 2026","0","tests.admin_panel.slides","test_59_update_slide","","","","test_update_slide_invalid_payload[payload19-422]","
    Негативный тест: обновление слайда с невалидным или неполным телом запроса
    "
"passed","Sun Apr 26 03:16:55 UTC 2026","Sun Apr 26 03:16:58 UTC 2026","3387","tests.cart","test_12_cart_estimate_delivery","","","","test_estimate_delivery_success[partner-kgpost-payload4]","
    Позитив: корзина с товаром, выбор способа доставки и расчёт стоимости для разных служб
    "
"passed","Sun Apr 26 03:21:35 UTC 2026","Sun Apr 26 03:21:35 UTC 2026","492","tests.delivery","test_self_pickup_offices","","","","test_self_pickup_offices_invalid_params[admin-params0]","
    Негатив: невалидные параметры  = 400
    "
"broken","Sun Apr 26 03:21:51 UTC 2026","Sun Apr 26 03:21:51 UTC 2026","0","tests.admin_panel.promo","test_77_create_promotion_item","","","","test_create_promotion_item_invalid_payload[payload5-422]",""
"broken","Sun Apr 26 03:27:18 UTC 2026","Sun Apr 26 03:27:18 UTC 2026","0","tests.admin_panel.products","test_product_files_update","","","","test_update_null_values_behavior",""
"broken","Sun Apr 26 03:17:47 UTC 2026","Sun Apr 26 03:17:47 UTC 2026","0","tests.admin_panel.slides","test_59_update_slide","","","","test_update_slide_invalid_payload[payload15-422]","
    Негативный тест: обновление слайда с невалидным или неполным телом запроса
    "
"passed","Sun Apr 26 03:21:53 UTC 2026","Sun Apr 26 03:21:53 UTC 2026","679","tests.admin_panel.promo","test_77_create_promotion_item","","","","test_create_promotion_item_invalid_ids[None-1-404]",""
"broken","Sun Apr 26 03:23:33 UTC 2026","Sun Apr 26 03:23:33 UTC 2026","0","tests.admin_panel.items","test_create_item","","","","test_create_item_unique_article","
    Проверка уникальности article: второй item с тем же article создать нельзя.
    "
"passed","Sun Apr 26 03:36:12 UTC 2026","Sun Apr 26 03:36:16 UTC 2026","4383","tests.cart","test_cart_update_duplicate_regression","","","","test_cart_update_same_item_parallel_requests_do_not_raise_500[partner]",""
"skipped","Sun Apr 26 03:05:42 UTC 2026","Sun Apr 26 03:05:43 UTC 2026","874","tests.one_c","test_cart_calculate_full_coverage","","","","test_products_negative_numbers[price--100]",""
"failed","Sun Apr 26 03:38:45 UTC 2026","Sun Apr 26 03:38:46 UTC 2026","519","tests.cart","test_13_cart_delete_estimate_delivery","","","","test_delete_estimate_delivery_switches_to_selfpickup[client]","
    поведение backend:
    - estimate удаляется
    - корзина переключается на SelfPickup
    - advance_costs могут остаться
    "
"passed","Sun Apr 26 03:21:15 UTC 2026","Sun Apr 26 03:21:15 UTC 2026","498","tests.admin_panel.slides","test_57_create_slide","","","","test_create_slide_forbidden[client]","Негативный тест: создание слайда не-админом запрещено"
"broken","Sun Apr 26 03:21:21 UTC 2026","Sun Apr 26 03:21:21 UTC 2026","0","tests.catalog","test_create_admin_product_translation","","","","test_create_admin_product_translation_success[ru]","Создание и обновление перевода продукта на разных языках."
"passed","Sun Apr 26 03:29:51 UTC 2026","Sun Apr 26 03:29:51 UTC 2026","675","tests.admin_panel.sliders","test_53_get_sliders_by_id","","","","test_get_slider_not_found","Негативный тест: слайдер не найден"
"skipped","Sun Apr 26 03:12:30 UTC 2026","Sun Apr 26 03:12:30 UTC 2026","0","tests.stock","test_create_stock","","","","test_create_stock_with_empty_string_log_if_not_200[is_pickup_only]",""
"skipped","Sun Apr 26 03:12:30 UTC 2026","Sun Apr 26 03:12:30 UTC 2026","0","tests.stock","test_create_stock","","","","test_create_stock_with_empty_string_log_if_not_200[address.region_id]",""
"passed","Sun Apr 26 03:14:02 UTC 2026","Sun Apr 26 03:14:06 UTC 2026","3716","tests.cart","test_01_user_locale","","","","test_update_user_locale_valid_payload[client-payload3]",""
"passed","Sun Apr 26 03:13:31 UTC 2026","Sun Apr 26 03:13:32 UTC 2026","684","tests.account","test_update_utc_offset","","","","test_update_utc_offset_valid_values[+07-expected1-admin]",""
"passed","Sun Apr 26 03:22:12 UTC 2026","Sun Apr 26 03:22:12 UTC 2026","667","tests.delivery","test_get_delivery_countries","","","","test_get_delivery_countries_success[delivery-partner]","Позитив: успешное получение списка стран с разными значениями ?from=."
"passed","Sun Apr 26 03:33:27 UTC 2026","Sun Apr 26 03:33:27 UTC 2026","472","tests.delivery","test_geo_suggest","","","","test_geo_suggest_query_too_long_400[client]",""
"passed","Sun Apr 26 03:23:43 UTC 2026","Sun Apr 26 03:23:46 UTC 2026","3128","tests.orders","test_create_order_by_delivery_address","","","","test_create_order_permissions[authorize_client-authorize_partner-404]",""
"passed","Sun Apr 26 03:18:29 UTC 2026","Sun Apr 26 03:18:29 UTC 2026","635","tests.admin_panel.sliders","test_54_update_slider","","","","test_update_slider_invalid_id[abc]","Негативный тест: несуществующий или некорректный ID."
"passed","Sun Apr 26 03:34:53 UTC 2026","Sun Apr 26 03:34:53 UTC 2026","485","tests.delivery","test_get_kazpost_offices","","","","test_get_kazpost_offices_missing_city_id_should_fail[admin]","Негатив: отсутствует обязательный query-параметр city_id → 400/422."
"passed","Sun Apr 26 03:29:33 UTC 2026","Sun Apr 26 03:29:33 UTC 2026","648","tests.admin_panel.categories","test_47_get_categories_by_id","","","","test_get_categories_invalid_id[None]","Негативный тест: получение категории по невалидному ID."
"passed","Sun Apr 26 03:13:10 UTC 2026","Sun Apr 26 03:13:10 UTC 2026","487","tests.delivery","test_get_cities","","","","test_get_cities_invalid_page_should_fail[-admin]","
    Негатив: невалидный page → 400/422
    "
"broken","Sun Apr 26 03:21:15 UTC 2026","Sun Apr 26 03:21:15 UTC 2026","0","tests.catalog","test_update_admin_product","","","","test_update_admin_product_invalid_payload[update_payload0-400]",""
"broken","Sun Apr 26 03:21:21 UTC 2026","Sun Apr 26 03:21:21 UTC 2026","0","tests.admin_panel.slides","test_57_create_slide","","","","test_create_slide_title_color_validation[#ffffff-201]","Валидация поля title_color при создании слайда"
"passed","Sun Apr 26 03:31:59 UTC 2026","Sun Apr 26 03:31:59 UTC 2026","480","tests.auth","test_01_check_version","","","","test_check_version[-1.0.0-400]","Тест проверяет API /check_version для разных платформ и версий."
"passed","Sun Apr 26 03:10:05 UTC 2026","Sun Apr 26 03:10:07 UTC 2026","1669","tests.tickets","test_04_create_ticket","","","","test_create_ticket_success[partner-attachments2-QuestionsAboutProducts]","Позитивный тест: создание тикета с разными темами и вложениями для клиента, партнера и админа"
"passed","Sun Apr 26 03:24:56 UTC 2026","Sun Apr 26 03:24:57 UTC 2026","718","tests.reviews","test_reviews_create_post","","","","test_reviews_create_missing_required_field_returns_400[payload1]",""
"broken","Sun Apr 26 03:36:55 UTC 2026","Sun Apr 26 03:36:55 UTC 2026","0","tests.admin_panel.products","test_01_recommended_products_sort","","","","test_sort_recommendations_no_rights[partner]","Пользователь без прав пытается отсортировать рекомендации"
"skipped","Sun Apr 26 03:05:50 UTC 2026","Sun Apr 26 03:05:50 UTC 2026","487","tests.one_c","test_cart_calculate_full_coverage","","","","test_products_negative_numbers[storage_id--1]",""
"passed","Sun Apr 26 03:11:42 UTC 2026","Sun Apr 26 03:11:44 UTC 2026","1589","tests.tickets","test_04_create_ticket","","","","test_create_ticket_success[admin-attachments2-QuestionsAboutTheRewardSystemMarketingPlan]","Позитивный тест: создание тикета с разными темами и вложениями для клиента, партнера и админа"
"skipped","Sun Apr 26 03:26:41 UTC 2026","Sun Apr 26 03:26:41 UTC 2026","523","tests.delivery","test_get_boxberry_offices","","","","test_get_boxberry_offices_unauthorized",""
"passed","Sun Apr 26 03:18:41 UTC 2026","Sun Apr 26 03:18:42 UTC 2026","596","tests.cart","test_20_cart_recommended_products","","","","test_cart_recommended_products_invalid_cart_cookie_no_500[abc-partner]","
    невалидный cart_id в cookie
    "
"broken","Sun Apr 26 03:21:51 UTC 2026","Sun Apr 26 03:21:51 UTC 2026","0","tests.admin_panel.promo","test_77_create_promotion_item","","","","test_create_promotion_item_forbidden[partner]","Негативный тест: создание элемента акции не-админом запрещено."
"passed","Sun Apr 26 03:15:13 UTC 2026","Sun Apr 26 03:15:15 UTC 2026","2140","tests.cart","test_01_user_locale","","","","test_update_user_locale_invalid_language_enum[partner-Russian]",""
"passed","Sun Apr 26 03:13:19 UTC 2026","Sun Apr 26 03:13:19 UTC 2026","489","tests.delivery","test_get_cities","","","","test_get_cities_invalid_country_id_should_fail[bad_country_id7-admin]","
    Негатив: невалидный country_id → 400/422
    "
"skipped","Sun Apr 26 03:12:30 UTC 2026","Sun Apr 26 03:12:30 UTC 2026","0","tests.stock","test_create_stock","","","","test_create_stock_with_empty_string_log_if_not_200[city.latitude]",""
"skipped","Sun Apr 26 03:30:25 UTC 2026","Sun Apr 26 03:30:25 UTC 2026","0","tests.chat_support","test_01_support_chat_messages_post","","","","test_create_message_success[client]","
    Позитив: отправка сообщения в чат поддержки через /support-chat/create
    "
"skipped","Sun Apr 26 03:12:17 UTC 2026","Sun Apr 26 03:12:17 UTC 2026","0","tests.tickets","test_01_get_tickets","","","","test_get_tickets_success[filter0-sort1-search0-pagination1-partner]","Позитивный тест: получение списка тикетов с разными комбинациями параметров"
"skipped","Sun Apr 26 03:28:41 UTC 2026","Sun Apr 26 03:28:42 UTC 2026","504","tests.register","test_01_register_form","","","","test_register_form_negative[admin-payload0-400]",""
"skipped","Sun Apr 26 03:36:50 UTC 2026","Sun Apr 26 03:36:50 UTC 2026","0","tests.admin_panel.periods","test_post_periods_by_date_interval","","","","test_post_periods_by_date_interval__200_strict[partner]",""
"skipped","Sun Apr 26 03:29:23 UTC 2026","Sun Apr 26 03:29:23 UTC 2026","0","tests.tickets","test_06_close_ticket","","","","test_close_tickets_negative[partner-None-400]","Негативные тесты: закрытие с некорректными данными"
"skipped","Sun Apr 26 03:12:17 UTC 2026","Sun Apr 26 03:12:17 UTC 2026","0","tests.tickets","test_01_get_tickets","","","","test_get_tickets_success[filter1-sort1-search2-pagination0-partner]","Позитивный тест: получение списка тикетов с разными комбинациями параметров"
"skipped","Sun Apr 26 03:06:14 UTC 2026","Sun Apr 26 03:06:15 UTC 2026","794","tests.one_c","test_cart_calculate_full_coverage","","","","test_packaging_invalid_numbers[width-0]",""
"passed","Sun Apr 26 03:27:27 UTC 2026","Sun Apr 26 03:27:28 UTC 2026","693","tests.reviews","test_reviews_list_post","","","","test_reviews_list_invalid_enums_return_client_error[bad_payload0]",""
"skipped","Sun Apr 26 03:17:48 UTC 2026","Sun Apr 26 03:17:48 UTC 2026","0","tests.account","test_account_branded_wallet_get","","","","test_get_period_zero_returns_400[partner]","
    Негатив: период по нулям → 400.
    "
"skipped","Sun Apr 26 03:12:17 UTC 2026","Sun Apr 26 03:12:17 UTC 2026","0","tests.tickets","test_01_get_tickets","","","","test_get_tickets_success[filter1-sort0-search1-pagination0-partner]","Позитивный тест: получение списка тикетов с разными комбинациями параметров"
"broken","Sun Apr 26 03:31:26 UTC 2026","Sun Apr 26 03:31:26 UTC 2026","0","tests.catalog","test_get_admin_product_translation","","","","test_get_admin_product_translation_success","Проверка успешного получения одного перевода продукта."
"passed","Sun Apr 26 03:33:49 UTC 2026","Sun Apr 26 03:33:52 UTC 2026","3173","tests.admin_panel.products","test_02_recommended_products_add","","","","test_add_same_product_as_recommended","Попытка добавить товар в рекомендации к самому себе"
"passed","Sun Apr 26 03:33:25 UTC 2026","Sun Apr 26 03:33:26 UTC 2026","498","tests.delivery","test_geo_suggest","","","","test_geo_suggest_invalid_query_400[client-empty]",""
"failed","Sun Apr 26 03:36:40 UTC 2026","Sun Apr 26 03:36:41 UTC 2026","529","tests.delivery","test_get_five_post_offices","","","","test_get_five_post_offices_invalid_city_id_should_fail[0-admin]","Негатив: невалидные значения city_id → 400/422."
"broken","Sun Apr 26 03:22:35 UTC 2026","Sun Apr 26 03:22:35 UTC 2026","0","tests.admin_panel.products","test_42_update_product_brand","","","","test_update_product_brand_invalid_payload[payload2-expected_code2]","Негативный тест: обновление бренда с невалидным или неполным телом запроса."
"broken","Sun Apr 26 03:39:23 UTC 2026","Sun Apr 26 03:39:23 UTC 2026","0","tests.stock","test_stock_free_delivery","","","","test_stock_get_contains_is_free_delivery_flag","
    Через 1С создаём склад с is_free_delivery_enabled=True → /stock/get должен вернуть этот флаг
    "
"skipped","Sun Apr 26 03:35:14 UTC 2026","Sun Apr 26 03:35:14 UTC 2026","0","tests.account","test_history_admin","","","","test_get_admin_history_positive[admin-payload0]","Позитивные тесты на получение истории бонусов для админа"
"passed","Sun Apr 26 03:06:21 UTC 2026","Sun Apr 26 03:06:21 UTC 2026","811","tests.one_c","test_cart_calculate_full_coverage","","","","test_packaging_missing_fields[height]",""
"passed","Sun Apr 26 03:17:59 UTC 2026","Sun Apr 26 03:17:59 UTC 2026","199","tests.cart","test_update_location","","","","test_update_location_country_only",""
"skipped","Sun Apr 26 03:17:48 UTC 2026","Sun Apr 26 03:17:48 UTC 2026","0","tests.account","test_account_branded_wallet_get","","","","test_get_period_zero_returns_400[client]","
    Негатив: период по нулям → 400.
    "
"passed","Sun Apr 26 03:07:42 UTC 2026","Sun Apr 26 03:07:43 UTC 2026","964","tests.tickets","test_04_create_ticket","","","","test_create_ticket_success[client-attachments0-OtherQuestions]","Позитивный тест: создание тикета с разными темами и вложениями для клиента, партнера и админа"
"skipped","Sun Apr 26 03:06:01 UTC 2026","Sun Apr 26 03:06:02 UTC 2026","516","tests.one_c","test_cart_calculate_full_coverage","","","","test_products_missing_fields[address]",""
"broken","Sun Apr 26 03:31:18 UTC 2026","Sun Apr 26 03:31:18 UTC 2026","0","tests.admin_panel.categories","test_79_get_category_translation","","","","test_get_category_two_translations_success",""
"broken","Sun Apr 26 03:39:18 UTC 2026","Sun Apr 26 03:39:18 UTC 2026","0","tests.orders","test_group_order_get_extended","","","","test_group_order_confirm_without_paid_participant_returns_400",""
"passed","Sun Apr 26 03:12:42 UTC 2026","Sun Apr 26 03:12:43 UTC 2026","1050","tests.delivery","test_01_save_delivery_address","","","","test_save_address_positive_contract_and_cleanup[payload5-client]",""
"skipped","Sun Apr 26 03:12:14 UTC 2026","Sun Apr 26 03:12:14 UTC 2026","0","tests.tickets","test_04_create_ticket","","","","test_create_ticket_invalid_message[client-]","Негативный тест: создание тикета без сообщения"
"passed","Sun Apr 26 03:22:56 UTC 2026","Sun Apr 26 03:22:56 UTC 2026","464","tests.statistic","test_team_activations","","","","test_get_team_activation_statistic_positive[payload0-client]","Позитивный тест: получение статистики по активации команды с валидным телом запроса"
"passed","Sun Apr 26 03:37:55 UTC 2026","Sun Apr 26 03:37:55 UTC 2026","504","tests.admin_panel.periods","test_get_periods_list","","","","test_get_periods_list__unauthorized",""
"passed","Sun Apr 26 03:34:29 UTC 2026","Sun Apr 26 03:34:30 UTC 2026","532","tests.delivery","test_get_cargo_offices","","","","test_get_cargo_offices_success[1-partner]",""
"skipped","Sun Apr 26 03:12:30 UTC 2026","Sun Apr 26 03:12:30 UTC 2026","0","tests.stock","test_create_stock","","","","test_create_stock_with_empty_string_log_if_not_200[timezone.name]",""
"passed","Sun Apr 26 03:34:30 UTC 2026","Sun Apr 26 03:34:31 UTC 2026","499","tests.delivery","test_get_cargo_offices","","","","test_get_cargo_offices_missing_city_id_should_fail[admin]",""
"passed","Sun Apr 26 03:31:03 UTC 2026","Sun Apr 26 03:31:03 UTC 2026","459","tests.tickets","test_02_get_ticket_by_id","","","","test_get_ticket_unauthorized","Негативный тест: запрос без авторизации."
"skipped","Sun Apr 26 03:31:33 UTC 2026","Sun Apr 26 03:31:33 UTC 2026","0","tests.PROJECT_EDUCATION.test_system","test_01_start_test","","","","test_start_test_invalid_id__400_or_404[0]",""
"skipped","Sun Apr 26 03:39:23 UTC 2026","Sun Apr 26 03:39:23 UTC 2026","0","tests.sockets","test_bot_adversarial_answers","","","","test_chatbot_adversarial_answers_matrix[partner-partner]",""
"passed","Sun Apr 26 03:18:30 UTC 2026","Sun Apr 26 03:18:30 UTC 2026","506","tests.cart","test_20_cart_recommended_products","","","","test_cart_recommended_products_wrong_method[partner]",""
"passed","Sun Apr 26 03:33:24 UTC 2026","Sun Apr 26 03:33:25 UTC 2026","497","tests.delivery","test_geo_suggest","","","","test_geo_suggest_unauthorized_401",""
"passed","Sun Apr 26 03:23:33 UTC 2026","Sun Apr 26 03:23:37 UTC 2026","4339","tests.orders","test_create_order_by_delivery_address","","","","test_create_order_permissions[authorize_client-authorize_client-200]",""
"skipped","Sun Apr 26 03:17:58 UTC 2026","Sun Apr 26 03:17:58 UTC 2026","0","tests.admin_panel.categories","test_50_upload_category_images","","","","test_upload_only_single_image_field_should_not_fill_others[image_site-test_png.png-image/png-image_site]","Проверка: загрузка только одного из полей (icon, image, image_site) не должна заполнять другие."
"passed","Sun Apr 26 03:23:49 UTC 2026","Sun Apr 26 03:23:50 UTC 2026","515","tests.orders","test_create_order_by_delivery_address","","","","test_create_order_invalid_data[invalid_payload0-expected_status0-partner]",""
"broken","Sun Apr 26 03:21:02 UTC 2026","Sun Apr 26 03:21:02 UTC 2026","0","tests.cart","test_free_delivery_by_rc_and_belts","","","","test_no_free_delivery_below_threshold_when_stock_flag_disabled","
    Условия:
    - сумма < threshold
    - stocks.is_free_delivery_enabled = false
    Ожидание:
    - бесплатной доставки НЕТ
    "
"passed","Sun Apr 26 03:08:10 UTC 2026","Sun Apr 26 03:08:12 UTC 2026","1748","tests.tickets","test_04_create_ticket","","","","test_create_ticket_success[client-attachments1-QuestionsAboutTheRewardSystemMarketingPlan]","Позитивный тест: создание тикета с разными темами и вложениями для клиента, партнера и админа"
"passed","Sun Apr 26 03:26:56 UTC 2026","Sun Apr 26 03:26:56 UTC 2026","485","tests.delivery","test_get_dpd_offices","","","","test_get_dpd_offices_invalid_city_id_should_fail[True-admin]",""
"passed","Sun Apr 26 03:27:20 UTC 2026","Sun Apr 26 03:27:21 UTC 2026","725","tests.reviews","test_reviews_list_post","","","","test_reviews_list_access_allowed_for_client_and_partner[authorize_client]",""
"failed","Sun Apr 26 03:37:53 UTC 2026","Sun Apr 26 03:37:54 UTC 2026","518","tests.admin_panel.periods","test_get_periods_list","","","","test_get_periods_list__200_contract[admin]",""
"passed","Sun Apr 26 03:18:21 UTC 2026","Sun Apr 26 03:18:22 UTC 2026","477","tests.one_c","test_free_delivery_to_regions_and_cities","","","","test_1c_free_delivery_bad_request_for_missing_id_1c",""
"passed","Sun Apr 26 03:16:28 UTC 2026","Sun Apr 26 03:16:32 UTC 2026","4147","tests.cart","test_12_cart_estimate_delivery","","","","test_estimate_delivery_success[client-dpd_pickup-payload11]","
    Позитив: корзина с товаром, выбор способа доставки и расчёт стоимости для разных служб
    "
"passed","Sun Apr 26 03:25:25 UTC 2026","Sun Apr 26 03:25:25 UTC 2026","514","tests.account","test_get_account_exists","","","","test_get_account_exists_positive[params6-admin]","Нкгатив: невлидны id"
"skipped","Sun Apr 26 03:06:15 UTC 2026","Sun Apr 26 03:06:16 UTC 2026","844","tests.one_c","test_cart_calculate_full_coverage","","","","test_packaging_invalid_types[volume-None]",""
"passed","Sun Apr 26 03:21:24 UTC 2026","Sun Apr 26 03:21:25 UTC 2026","688","tests.catalog","test_create_admin_product_translation","","","","test_create_admin_product_translation_invalid_payload[payload3-400]","Негативные проверки на создание перевода с некорректным payload."
"passed","Sun Apr 26 03:35:13 UTC 2026","Sun Apr 26 03:35:14 UTC 2026","663","tests.account","test_0_profile","","","","test_get_profile_contains_updated_utc_offset_after_update[admin]",""
"skipped","Sun Apr 26 03:12:17 UTC 2026","Sun Apr 26 03:12:17 UTC 2026","0","tests.tickets","test_01_get_tickets","","","","test_get_tickets_success[filter0-sort0-search1-pagination1-client]","Позитивный тест: получение списка тикетов с разными комбинациями параметров"
"skipped","Sun Apr 26 03:17:48 UTC 2026","Sun Apr 26 03:17:48 UTC 2026","0","tests.account","test_account_branded_wallet_get","","","","test_get_period_bad_types_400_or_422[period0-partner]","
    Негатив: некорректные типы month/year → 400/422
    "
"broken","Sun Apr 26 03:38:17 UTC 2026","Sun Apr 26 03:38:17 UTC 2026","0","tests.promo_time.new_year_lottery","test_new_year_lottery_info","","","","test_get_new_year_lottery_info_empty[partner]","
    ккорректная форма ответа
    "
"passed","Sun Apr 26 03:24:09 UTC 2026","Sun Apr 26 03:24:10 UTC 2026","464","tests.account","test_history_group_volumes","","","","test_group_volumes_history_missing_query_params_validation[partner]",""
"passed","Sun Apr 26 03:22:38 UTC 2026","Sun Apr 26 03:22:39 UTC 2026","698","tests.admin_panel.promo","test_72_create_promotion","","","","test_create_promotion_invalid_data[payload5-400]","Негативные тесты: невалидные данные"
"passed","Sun Apr 26 03:25:34 UTC 2026","Sun Apr 26 03:25:36 UTC 2026","2335","tests.cart","test_23_cart_calculate_delivery_flag","","","","test_update_cart_multi_with_calculate_delivery_false[partner]","
    Позитив: /cart/update_multi с calculate_delivery=false
    Корзина обновляется пакетом, advance_costs не считаются
    "
"passed","Sun Apr 26 03:26:44 UTC 2026","Sun Apr 26 03:26:45 UTC 2026","1070","tests.delivery","test_get_cdek_offices","","","","test_get_cdek_offices_success[86990-admin]",""
"skipped","Sun Apr 26 03:17:48 UTC 2026","Sun Apr 26 03:17:48 UTC 2026","0","tests.account","test_account_branded_wallet_get","","","","test_get_branded_wallet_unauthorized","
    Негатив: без авторизации → 401
    "
"passed","Sun Apr 26 03:12:19 UTC 2026","Sun Apr 26 03:12:19 UTC 2026","510","tests.tickets","test_01_get_tickets","","","","test_get_tickets_invalid_pagination[invalid_pagination0-client]","Негативный тест: передаем некорректные значения в pagination"
"skipped","Sun Apr 26 03:22:19 UTC 2026","Sun Apr 26 03:22:20 UTC 2026","621","tests.delivery","test_get_delivery_countries","","","","test_get_delivery_countries_invalid_from[True-admin]","Негатив: невалидные значения параметра from → 400/422."
"skipped","Sun Apr 26 03:37:21 UTC 2026","Sun Apr 26 03:37:21 UTC 2026","0","tests.cart","test_exclusive_preorder_cart_update_multi","","","","test_cart_update_multi_checks_permission_for_exclusive_400[partner]",""
"passed","Sun Apr 26 03:18:51 UTC 2026","Sun Apr 26 03:18:54 UTC 2026","2234","tests.cart","test_20_cart_recommended_products","","","","test_cart_recommended_products_item_in_country_only_cart_no_500[client]","
    Частично заполненная корзина
    "
"broken","Sun Apr 26 03:31:52 UTC 2026","Sun Apr 26 03:31:52 UTC 2026","0","tests.admin_panel.promo","test_78_delete_promotion_item","","","","test_delete_promotion_item_forbidden[partner]","Негативный тест: удаление элемента акции не-админом запрещено."
"passed","Sun Apr 26 03:27:00 UTC 2026","Sun Apr 26 03:27:01 UTC 2026","516","tests.delivery","test_get_emu_pickup_points","","","","test_get_emu_pickup_points_invalid_city_id_should_fail[-admin]","Негатив: невалидные значения city_id → 400/422."
"passed","Sun Apr 26 03:09:01 UTC 2026","Sun Apr 26 03:09:02 UTC 2026","1022","tests.tickets","test_04_create_ticket","","","","test_create_ticket_success[partner-attachments0-QuestionsAboutOrders]","Позитивный тест: создание тикета с разными темами и вложениями для клиента, партнера и админа"
"skipped","Sun Apr 26 03:23:02 UTC 2026","Sun Apr 26 03:23:02 UTC 2026","491","tests.statistic","test_team_activations","","","","test_get_team_activation_statistic_negative[payload0-client]","Негативный тест: ошибка при получении статистики активации команды с невалидным телом запроса"
"passed","Sun Apr 26 03:27:03 UTC 2026","Sun Apr 26 03:27:03 UTC 2026","528","tests.delivery","test_get_emu_pickup_points","","","","test_get_emu_pickup_points_invalid_city_id_should_fail[True-admin]","Негатив: невалидные значения city_id → 400/422."
"skipped","Sun Apr 26 03:22:20 UTC 2026","Sun Apr 26 03:22:20 UTC 2026","641","tests.delivery","test_get_delivery_countries","","","","test_get_delivery_countries_invalid_from[None-admin]","Негатив: невалидные значения параметра from → 400/422."
"passed","Sun Apr 26 03:05:39 UTC 2026","Sun Apr 26 03:05:40 UTC 2026","514","tests.one_c","test_cart_calculate_full_coverage","","","","test_invalid_top_types[currency-123]",""
"broken","Sun Apr 26 03:33:04 UTC 2026","Sun Apr 26 03:33:04 UTC 2026","0","tests.admin_panel.items","test_delete_item_translation","","","","test_delete_item_translation_forbidden[client]","Негативный тест: удаление перевода не-админом запрещено."
"passed","Sun Apr 26 03:12:51 UTC 2026","Sun Apr 26 03:12:52 UTC 2026","527","tests.delivery","test_01_save_delivery_address","","","","test_save_address_missing_required_cdek_fields_should_fail[country_id_to-client]",""
"skipped","Sun Apr 26 03:12:30 UTC 2026","Sun Apr 26 03:12:30 UTC 2026","0","tests.stock","test_create_stock","","","","test_create_stock_with_empty_string_log_if_not_200[address.name]",""
"passed","Sun Apr 26 03:29:36 UTC 2026","Sun Apr 26 03:29:37 UTC 2026","660","tests.admin_panel.products","test_41_get_product_brand_by_id","","","","test_get_product_brand_invalid_id[abc]","Негативный тест: получение бренда по невалидному ID"
"passed","Sun Apr 26 03:23:56 UTC 2026","Sun Apr 26 03:23:57 UTC 2026","517","tests.account","test_account_branded_wallet_upload","","","","test_upload_empty_string_returns_400[partner]","Негатив: пустая строка → 400"
"skipped","Sun Apr 26 03:27:17 UTC 2026","Sun Apr 26 03:27:17 UTC 2026","0","tests.orders","test_group_order_change_country","","","","test_change_country_not_found_or_forbidden[authorize_partner-100-403]","Негативные тесты: изменение несуществующего заказа или без прав"
"skipped","Sun Apr 26 03:12:18 UTC 2026","Sun Apr 26 03:12:18 UTC 2026","0","tests.tickets","test_01_get_tickets","","","","test_get_tickets_success[filter2-sort0-search1-pagination1-client]","Позитивный тест: получение списка тикетов с разными комбинациями параметров"
"failed","Sun Apr 26 03:36:51 UTC 2026","Sun Apr 26 03:36:52 UTC 2026","497","tests.admin_panel.periods","test_put_admin_dev_period_end_time","","","","test_put_admin_dev_period_end_time__forbidden[partner]",""
"broken","Sun Apr 26 03:39:23 UTC 2026","Sun Apr 26 03:39:23 UTC 2026","0","tests.promo_time.new_year_lottery","test_new_year_lottery_accrual_and_views","","","","test_check_payment_contains_lottery_coupons_count","
    /orders/check_payment возвращает new_year_lottery_coupons_count,
    равный количеству строк (купонов) по заказу, но только когда акция активна
    "
"passed","Sun Apr 26 03:17:51 UTC 2026","Sun Apr 26 03:17:52 UTC 2026","1013","tests.catalog","test_create_admin_product","","","","test_create_product_invalid_payload[payload2-400]",""
"passed","Sun Apr 26 03:15:19 UTC 2026","Sun Apr 26 03:15:23 UTC 2026","3523","tests.cart","test_01_user_locale","","","","test_update_user_locale_invalid_language_enum[partner-EN]",""
"skipped","Sun Apr 26 03:07:04 UTC 2026","Sun Apr 26 03:07:05 UTC 2026","827","tests.one_c","test_cart_calculate_full_coverage","","","","test_email_validation[billing_customer-]",""
"broken","Sun Apr 26 03:35:03 UTC 2026","Sun Apr 26 03:35:03 UTC 2026","0","tests.orders","test_group_order_leave","","","","test_partner_join_leave_returns_200",""
"passed","Sun Apr 26 03:13:26 UTC 2026","Sun Apr 26 03:13:27 UTC 2026","661","tests.account","test_update_utc_offset","","","","test_update_utc_offset_trims_spaces[client]",""
"broken","Sun Apr 26 03:32:14 UTC 2026","Sun Apr 26 03:32:14 UTC 2026","0","tests.orders","test_group_order_join_roles_and_rejections","","","","test_group_order_join_invalid_group_order_id_rejected[authorize_client]","
    Негатив: неверный тип group_order_id
    "
"failed","Sun Apr 26 03:38:56 UTC 2026","Sun Apr 26 03:39:04 UTC 2026","7426","tests.integration","test_order_pickup_ru","","","","test_order_pickup_ru[FivePost]",""
"broken","Sun Apr 26 03:24:17 UTC 2026","Sun Apr 26 03:24:17 UTC 2026","0","tests.admin_panel.items","test_update_item","","","","test_update_item_required_fields_only","Позитивный тест: успешное обновление варианта товара (только обязательные поля)."
"failed","Sun Apr 26 03:38:55 UTC 2026","Sun Apr 26 03:38:55 UTC 2026","537","tests.catalog","test_recommended_products_selfpickup","","","","test_get_recommended_products_selfpickup_success_stock_not_selected","
    склад НЕ выбран → selfpickup-ручка не падает
    "
"skipped","Sun Apr 26 03:12:18 UTC 2026","Sun Apr 26 03:12:18 UTC 2026","0","tests.tickets","test_01_get_tickets","","","","test_get_tickets_success[filter2-sort1-search0-pagination0-partner]","Позитивный тест: получение списка тикетов с разными комбинациями параметров"
"broken","Sun Apr 26 03:21:51 UTC 2026","Sun Apr 26 03:21:51 UTC 2026","0","tests.admin_panel.products","test_44_upload_product_brand_images","","","","test_upload_product_brand_images_formats[invalid.exe-application/octet-stream-400]","Проверка загрузки изображений бренда в разных форматах: негативные и позитивные кейсы."
"passed","Sun Apr 26 03:31:11 UTC 2026","Sun Apr 26 03:31:11 UTC 2026","664","tests.admin_panel","test_03_support_delete_user","","","","test_invalid_id_returns_client_error[0]","
    Кривой/отсутствующий id в path:
    ожидаем клиентскую ошибку (400/404/405), а не 5xx.
    "
"broken","Sun Apr 26 03:17:47 UTC 2026","Sun Apr 26 03:17:47 UTC 2026","0","tests.admin_panel.slides","test_59_update_slide","","","","test_update_slide_invalid_payload[payload6-expected_code6]","
    Негативный тест: обновление слайда с невалидным или неполным телом запроса
    "
"skipped","Sun Apr 26 03:35:14 UTC 2026","Sun Apr 26 03:35:14 UTC 2026","0","tests.account","test_family_agreement_create_one","","","","test_create_family_agreement_one_positive[admin-payload1]","Позитивные тесты на создание семейного соглашения при отсутствующем втором партнере"
"passed","Sun Apr 26 03:25:22 UTC 2026","Sun Apr 26 03:25:23 UTC 2026","509","tests.account","test_get_account_exists","","","","test_get_account_exists_positive[params4-client]","Нкгатив: невлидны id"
"failed","Sun Apr 26 03:36:39 UTC 2026","Sun Apr 26 03:36:39 UTC 2026","490","tests.delivery","test_get_five_post_offices","","","","test_get_five_post_offices_success[113607-partner]","Позитив: успешное получение списка ПВЗ FivePost по city_id."
"passed","Sun Apr 26 03:21:56 UTC 2026","Sun Apr 26 03:21:57 UTC 2026","1117","tests.delivery","test_02_get_delivery_address","","","","test_history_positive_contract[client]","
    GET /delivery/address/history
    "
"passed","Sun Apr 26 03:34:27 UTC 2026","Sun Apr 26 03:34:28 UTC 2026","493","tests.catalog","test_get_items_list_all","","","","test_get_items_list_all_wrong_method[post]",""
"passed","Sun Apr 26 03:32:32 UTC 2026","Sun Apr 26 03:32:33 UTC 2026","1592","tests.reviews","test_reviews_get_by_id","","","","test_reviews_get_after_delete_returns_404",""
"broken","Sun Apr 26 03:18:26 UTC 2026","Sun Apr 26 03:18:26 UTC 2026","0","tests.admin_panel.promo","test_74_update_promotion","","","","test_update_promotion_invalid_payload[payload0-400]","Негативный тест: обновление акции с невалидным или неполным телом запроса"
"passed","Sun Apr 26 03:07:50 UTC 2026","Sun Apr 26 03:07:51 UTC 2026","966","tests.tickets","test_04_create_ticket","","","","test_create_ticket_success[client-attachments0-ReceivingProductsShortage]","Позитивный тест: создание тикета с разными темами и вложениями для клиента, партнера и админа"
"passed","Sun Apr 26 03:15:17 UTC 2026","Sun Apr 26 03:15:19 UTC 2026","2099","tests.cart","test_01_user_locale","","","","test_update_user_locale_invalid_language_enum[partner-RU]",""
"skipped","Sun Apr 26 03:35:14 UTC 2026","Sun Apr 26 03:35:14 UTC 2026","0","tests.account","test_history","","","","test_get_history_positive[partner-payload1]","Позитивные тесты на получение истории аккаунта"
"skipped","Sun Apr 26 03:12:17 UTC 2026","Sun Apr 26 03:12:17 UTC 2026","0","tests.tickets","test_01_get_tickets","","","","test_get_tickets_success[filter1-sort0-search0-pagination0-client]","Позитивный тест: получение списка тикетов с разными комбинациями параметров"
"failed","Sun Apr 26 03:38:43 UTC 2026","Sun Apr 26 03:38:43 UTC 2026","483","tests.cart","test_03_cart_get","","","","test_get_cart_success[partner]","Позитив: получение текущей корзины."
"skipped","Sun Apr 26 03:17:48 UTC 2026","Sun Apr 26 03:17:48 UTC 2026","0","tests.account","test_account_branded_wallet_get","","","","test_get_future_month_same_year_should_be_400[client]","
    В будущем период - 400
    "
"passed","Sun Apr 26 03:10:36 UTC 2026","Sun Apr 26 03:10:37 UTC 2026","1023","tests.tickets","test_04_create_ticket","","","","test_create_ticket_success[admin-attachments0-QuestionsAboutTheWorkOfTheStructureAndMentors]","Позитивный тест: создание тикета с разными темами и вложениями для клиента, партнера и админа"
"passed","Sun Apr 26 03:21:34 UTC 2026","Sun Apr 26 03:21:35 UTC 2026","487","tests.delivery","test_self_pickup_offices","","","","test_self_pickup_offices_invalid_params[partner-params3]","
    Негатив: невалидные параметры  = 400
    "
"passed","Sun Apr 26 03:31:16 UTC 2026","Sun Apr 26 03:31:17 UTC 2026","634","tests.admin_panel","test_05_admin_support_users_token_revoke_all","","","","test_invalid_user_id_for_revoke_all_returns_client_error[-1]",""
"passed","Sun Apr 26 03:25:17 UTC 2026","Sun Apr 26 03:25:18 UTC 2026","718","tests.reviews","test_reviews_create_post","","","","test_reviews_create_invalid_product_id[0]",""
"passed","Sun Apr 26 03:18:03 UTC 2026","Sun Apr 26 03:18:03 UTC 2026","284","tests.cart","test_update_location","","","","test_update_location_rf_positive[payload1]",""
"skipped","Sun Apr 26 03:37:21 UTC 2026","Sun Apr 26 03:37:21 UTC 2026","0","tests.cart","test_exclusive_preorder_cart_update","","","","test_cart_update_checks_permission_for_exclusive_400[partner]","
    Негатив
      - availability_items.is_exclusive_preorder_only=true
      - permission отсутствует
      => /cart/update ДОЛЖЕН вернуть 400
    "
"passed","Sun Apr 26 03:12:21 UTC 2026","Sun Apr 26 03:12:22 UTC 2026","489","tests.tickets","test_01_get_tickets","","","","test_get_tickets_invalid_search[invalid_search0-400-partner]","Негативный тест: передаем некорректные параметры поиска"
"passed","Sun Apr 26 03:06:42 UTC 2026","Sun Apr 26 03:06:43 UTC 2026","801","tests.one_c","test_cart_calculate_full_coverage","","","","test_payment_missing_fields[is_bonus]",""
"skipped","Sun Apr 26 03:29:36 UTC 2026","Sun Apr 26 03:29:36 UTC 2026","0","tests.admin_panel.products","test_01_create_product_group","","","","test_create_product_group_forbidden[partner]","Негативный тест: создание продукт группы не-админом запрещено."
"passed","Sun Apr 26 03:13:05 UTC 2026","Sun Apr 26 03:13:06 UTC 2026","491","tests.delivery","test_get_cities","","","","test_get_cities_success[partner]","
    Позитив: список городов по стране
    "
"passed","Sun Apr 26 03:36:42 UTC 2026","Sun Apr 26 03:36:43 UTC 2026","557","tests.account","test_history_group_volumes_admin","","","","test_group_volumes_history_admin_happy_path_contract[2-20-admin]",""
"skipped","Sun Apr 26 03:31:18 UTC 2026","Sun Apr 26 03:31:18 UTC 2026","0","tests.admin_panel","test_accrue_gold_pro_gift","","","","test_accrue_gold_pro_gift_invalid_payload[payload4-400]",""
"passed","Sun Apr 26 03:07:33 UTC 2026","Sun Apr 26 03:07:34 UTC 2026","1009","tests.tickets","test_04_create_ticket","","","","test_create_ticket_success[client-attachments0-QuestionsAboutInternationalDelivery]","Позитивный тест: создание тикета с разными темами и вложениями для клиента, партнера и админа"
"broken","Sun Apr 26 03:23:27 UTC 2026","Sun Apr 26 03:23:27 UTC 2026","0","tests.admin_panel.slides","test_61_upload_slides_images","","","","test_upload_only_single_slide_image_field[preview-test_png.png-image/png]",""
"passed","Sun Apr 26 03:31:29 UTC 2026","Sun Apr 26 03:31:30 UTC 2026","681","tests.catalog","test_get_admin_product_translation","","","","test_get_admin_product_translation_invalid_id[1.5]","Проверка получения перевода по невалидному product_id."
"passed","Sun Apr 26 03:33:04 UTC 2026","Sun Apr 26 03:33:05 UTC 2026","695","tests.admin_panel.items","test_delete_item_translation","","","","test_delete_item_translation_invalid_id[-1]","Негативный тест: удаление перевода с невалидным или несуществующим ID item."
"passed","Sun Apr 26 03:34:20 UTC 2026","Sun Apr 26 03:34:21 UTC 2026","988","tests.cart","test_11_cart_save_delivery_method","","","","test_cart_save_delivery_method_group_order_without_group_order_id_returns_400",""
"passed","Sun Apr 26 03:39:21 UTC 2026","Sun Apr 26 03:39:22 UTC 2026","521","tests.catalog","test_products_list_all","","","","test_get_products_list_all_unauthorized","
    Негативный: запрос без авторизации
    "
"failed","Sun Apr 26 03:18:07 UTC 2026","Sun Apr 26 03:18:07 UTC 2026","247","tests.cart","test_update_location","","","","test_update_location_international_city_name","
    Германия не имеет городов в cities
    city_name передаётся строкой и не валидируется по БД
    "
"skipped","Sun Apr 26 03:24:35 UTC 2026","Sun Apr 26 03:24:35 UTC 2026","0","tests.cart","test_10_cart_save_city","","","","test_save_city_by_name_success[partner]","Позитив: сохранение города по city_name"
"skipped","Sun Apr 26 03:23:14 UTC 2026","Sun Apr 26 03:23:15 UTC 2026","491","tests.statistic","test_team_go","","","","test_get_team_go_statistic_negative[payload1-partner]","Негативный тест: ошибка при получении статистики по команде с невалидным телом запроса"
"passed","Sun Apr 26 03:13:21 UTC 2026","Sun Apr 26 03:13:22 UTC 2026","498","tests.delivery","test_get_cities","","","","test_get_cities_invalid_region_id_should_fail[1.5-admin]","
    Негатив: невалидный region_id
    "
"skipped","Sun Apr 26 03:34:46 UTC 2026","Sun Apr 26 03:34:47 UTC 2026","499","tests.delivery","test_get_georgian_post_pickup_points","","","","test_get_georgian_post_pickup_points_unauthorized","Негатив: запрос без авторизации."
"skipped","Sun Apr 26 03:07:08 UTC 2026","Sun Apr 26 03:07:09 UTC 2026","830","tests.one_c","test_cart_calculate_full_coverage","","","","test_address_fields[city-]",""
"broken","Sun Apr 26 03:18:29 UTC 2026","Sun Apr 26 03:18:29 UTC 2026","0","tests.admin_panel.sliders","test_54_update_slider","","","","test_update_slider_invalid_payload[payload5-400]","Негативный тест: обновление слайдера с невалидным или неполным телом запроса."
"passed","Sun Apr 26 03:34:28 UTC 2026","Sun Apr 26 03:34:29 UTC 2026","525","tests.catalog","test_get_items_list_all","","","","test_get_items_list_all_wrong_method[delete]",""
"broken","Sun Apr 26 03:39:27 UTC 2026","Sun Apr 26 03:39:27 UTC 2026","0","tests.integration","test_bonus_transfer_round_trip","","","","test_funds_transfer_round_trip_bonus_and_gift","
    Полный цикл:
    - создаём двух партнёров через /admin/create_partner
    - каждому начисляем бонусы/гифты
    - A -> B (bonus, gift)
    - B -> A (bonus, gift)
    - проверяем историю у обоих
    - удаляем пользователей
    "
"skipped","Sun Apr 26 03:17:58 UTC 2026","Sun Apr 26 03:17:58 UTC 2026","0","tests.admin_panel.categories","test_50_upload_category_images","","","","test_upload_category_images_file_too_large[5.3-fields_to_send1-400]","Негативный тест: загрузка слишком большого изображения."
"passed","Sun Apr 26 03:36:36 UTC 2026","Sun Apr 26 03:36:38 UTC 2026","2501","tests.catalog","test_products_list","","","","test_get_products_list_unauthorized",""
"broken","Sun Apr 26 03:18:22 UTC 2026","Sun Apr 26 03:18:22 UTC 2026","0","tests.one_c","test_free_delivery_to_regions_and_cities","","","","test_1c_free_delivery_bad_request_for_invalid_cities_type",""
"passed","Sun Apr 26 03:18:00 UTC 2026","Sun Apr 26 03:18:00 UTC 2026","212","tests.cart","test_update_location","","","","test_update_location_language_only",""
"passed","Sun Apr 26 03:34:01 UTC 2026","Sun Apr 26 03:34:02 UTC 2026","639","tests.admin_panel.users","test_delete_admin_users_exclusive_preorder_permissions","","","","test_delete_exclusive_preorder_permissions_requires_admin[partner]","
    клиент/партнёр не могут удалять permission → 403
    "
"skipped","Sun Apr 26 03:07:24 UTC 2026","Sun Apr 26 03:07:24 UTC 2026","533","tests.one_c","test_cart_calculate_full_coverage","","","","test_random_cart[5]",""
"passed","Sun Apr 26 03:21:46 UTC 2026","Sun Apr 26 03:21:46 UTC 2026","695","tests.admin_panel.items","test_create_item_translation","","","","test_create_item_translation_invalid_payload[payload3-code3]","Негативный тест: создание перевода с невалидным payload."
"passed","Sun Apr 26 03:28:32 UTC 2026","Sun Apr 26 03:28:32 UTC 2026","547","tests.orders","test_group_order_v2_create","","","","test_group_order_v2_create_forbidden_for_client[client]",""
"failed","Sun Apr 26 03:34:07 UTC 2026","Sun Apr 26 03:34:11 UTC 2026","4368","tests.cart","test_04_cart_full_data","","","","test_cart_full_data_calculate_delivery_true[client]",""
"failed","Sun Apr 26 03:16:36 UTC 2026","Sun Apr 26 03:16:38 UTC 2026","2177","tests.cart","test_12_cart_estimate_delivery","","","","test_estimate_delivery_success[client-boxberry_pickup-payload13]","
    Позитив: корзина с товаром, выбор способа доставки и расчёт стоимости для разных служб
    "
"skipped","Sun Apr 26 03:35:14 UTC 2026","Sun Apr 26 03:35:14 UTC 2026","0","tests.account","test_history","","","","test_get_history_positive[client-payload0]","Позитивные тесты на получение истории аккаунта"
"failed","Sun Apr 26 03:30:44 UTC 2026","Sun Apr 26 03:30:45 UTC 2026","714","tests.reviews","test_reviews_update_post","","","","test_reviews_update_invalid_payload_returns_client_error[bad_update1]",""
"passed","Sun Apr 26 03:29:07 UTC 2026","Sun Apr 26 03:29:08 UTC 2026","1062","tests.reviews","test_reviews_delete_post","","","","test_reviews_delete_same_review_twice",""
"skipped","Sun Apr 26 03:06:59 UTC 2026","Sun Apr 26 03:06:59 UTC 2026","832","tests.one_c","test_cart_calculate_full_coverage","","","","test_email_validation[billing_customer-test@]",""
"skipped","Sun Apr 26 03:12:17 UTC 2026","Sun Apr 26 03:12:17 UTC 2026","0","tests.tickets","test_01_get_tickets","","","","test_get_tickets_success[filter1-sort1-search2-pagination0-client]","Позитивный тест: получение списка тикетов с разными комбинациями параметров"
"passed","Sun Apr 26 03:31:10 UTC 2026","Sun Apr 26 03:31:11 UTC 2026","688","tests.admin_panel","test_03_support_delete_user","","","","test_invalid_id_returns_client_error[abc]","
    Кривой/отсутствующий id в path:
    ожидаем клиентскую ошибку (400/404/405), а не 5xx.
    "
"passed","Sun Apr 26 03:26:23 UTC 2026","Sun Apr 26 03:26:23 UTC 2026","163","tests.cart","test_delivery_address_save_apply","","","","test_save_address_invalid_payload[payload5]",""
"skipped","Sun Apr 26 03:23:02 UTC 2026","Sun Apr 26 03:23:03 UTC 2026","465","tests.statistic","test_team_activations","","","","test_get_team_activation_statistic_negative[payload0-partner]","Негативный тест: ошибка при получении статистики активации команды с невалидным телом запроса"
"skipped","Sun Apr 26 03:27:16 UTC 2026","Sun Apr 26 03:27:17 UTC 2026","511","tests.orders","test_group_order_change_country","","","","test_change_country_invalid_data[invalid_payload2-admin]","Негативные тесты: передача некорректных данных"
"skipped","Sun Apr 26 03:07:23 UTC 2026","Sun Apr 26 03:07:23 UTC 2026","533","tests.one_c","test_cart_calculate_full_coverage","","","","test_random_cart[1]",""
"passed","Sun Apr 26 03:33:21 UTC 2026","Sun Apr 26 03:33:22 UTC 2026","673","tests.catalog","test_delete_admin_product_translation","","","","test_delete_admin_product_translation_invalid_id[-1]","Удаление перевода по невалидному product_id — должно вернуть 400 или 404."
"passed","Sun Apr 26 03:24:37 UTC 2026","Sun Apr 26 03:24:37 UTC 2026","513","tests.cart","test_10_cart_save_city","","","","test_save_city_invalid_payload[client-payload3]","Негатив: невалидный payload."
"failed","Sun Apr 26 03:35:01 UTC 2026","Sun Apr 26 03:35:01 UTC 2026","487","tests.delivery","test_get_rupost_offices","","","","test_get_rupost_offices_invalid_city_id_should_fail[-1-admin]",""
"skipped","Sun Apr 26 03:38:42 UTC 2026","Sun Apr 26 03:38:42 UTC 2026","0","tests.account","test_delete","","","","test_delete_account_positive[admin]","Позитивные тесты на удаление аккаунта"
"skipped","Sun Apr 26 03:31:18 UTC 2026","Sun Apr 26 03:31:18 UTC 2026","0","tests.admin_panel","test_accrue_gold_pro_gift","","","","test_accrue_gold_pro_gift_for_partner",""
"skipped","Sun Apr 26 03:37:10 UTC 2026","Sun Apr 26 03:37:10 UTC 2026","0","tests.auth","test_04_refresh","","","","test_refresh_token_success[partner]","Тест успешного обновления токена через refresh-токен."
"failed","Sun Apr 26 03:30:45 UTC 2026","Sun Apr 26 03:30:46 UTC 2026","725","tests.reviews","test_reviews_update_post","","","","test_reviews_update_invalid_payload_returns_client_error[bad_update2]",""
"passed","Sun Apr 26 03:34:04 UTC 2026","Sun Apr 26 03:34:05 UTC 2026","1195","tests.admin_panel.users","test_delete_admin_users_exclusive_preorder_permissions","","","","test_delete_exclusive_preorder_permissions_validation_error_400[payload2]","
    Негатив: некорректный item_id
    "
"broken","Sun Apr 26 03:24:13 UTC 2026","Sun Apr 26 03:24:13 UTC 2026","0","tests.admin_panel","test_04_generate_support_token","","","","test_invalid_ttl_returns_400[5270400000]",""
"passed","Sun Apr 26 03:26:57 UTC 2026","Sun Apr 26 03:26:57 UTC 2026","485","tests.delivery","test_get_dpd_offices","","","","test_get_dpd_offices_invalid_city_id_should_fail[bad_city_id7-admin]",""
"skipped","Sun Apr 26 03:12:17 UTC 2026","Sun Apr 26 03:12:17 UTC 2026","0","tests.tickets","test_01_get_tickets","","","","test_get_tickets_success[filter0-sort1-search2-pagination1-admin]","Позитивный тест: получение списка тикетов с разными комбинациями параметров"
"broken","Sun Apr 26 03:18:20 UTC 2026","Sun Apr 26 03:18:20 UTC 2026","0","tests.one_c","test_free_delivery_to_regions_and_cities","","","","test_1c_free_delivery_remove_from_all_cities_only",""
"passed","Sun Apr 26 03:15:36 UTC 2026","Sun Apr 26 03:15:37 UTC 2026","559","tests.cart","test_02_get_delivery_cost","","","","test_get_delivery_cost_success_partial_payload[client-payload4-400]",""
"passed","Sun Apr 26 03:22:04 UTC 2026","Sun Apr 26 03:22:04 UTC 2026","469","tests.delivery","test_02_get_delivery_address","","","","test_history_invalid_pagination_should_fail[bad_body2-client]","
    Негатив: валидация PaginationRequest
    "
"failed","Sun Apr 26 03:30:00 UTC 2026","Sun Apr 26 03:30:00 UTC 2026","489","tests.cart","test_09_cart_save_region","","","","test_save_region_invalid_payload[client-payload0]","Негатив: невалидный payload"
"broken","Sun Apr 26 03:18:22 UTC 2026","Sun Apr 26 03:18:22 UTC 2026","0","tests.one_c","test_free_delivery_to_regions_and_cities","","","","test_1c_free_delivery_bad_request_for_zero_mixed_with_other_region_ids",""
"skipped","Sun Apr 26 03:12:30 UTC 2026","Sun Apr 26 03:12:30 UTC 2026","0","tests.stock","test_create_stock","","","","test_create_stock_with_empty_string_log_if_not_200[address.street]",""
"skipped","Sun Apr 26 03:31:31 UTC 2026","Sun Apr 26 03:31:31 UTC 2026","0","tests.orders","test_shop_digital_flow","","","","test_one_click_non_digital_item_returns_400[client]","
    Если item.type != education_course,
    one-click для digital-логики не должен работать
    "
"passed","Sun Apr 26 03:13:27 UTC 2026","Sun Apr 26 03:13:28 UTC 2026","685","tests.account","test_update_utc_offset","","","","test_update_utc_offset_trims_spaces[admin]",""
"passed","Sun Apr 26 03:19:39 UTC 2026","Sun Apr 26 03:19:42 UTC 2026","3620","tests.cart","test_free_delivery_by_rc_and_belts","","","","test_free_delivery_by_belts_contract[\u0425\u0430\u0431\u0430\u0440\u043e\u0432\u0441\u043a-client-zone_1-belt_cfg0]","
    КОНТРАКТ:
    - ручка работает
    - advance_costs может быть []
    - free может быть
    - платная доставка допустима
    "
"broken","Sun Apr 26 03:21:38 UTC 2026","Sun Apr 26 03:21:38 UTC 2026","0","tests.admin_panel.categories","test_80_create_category_translation","","","","test_create_category_translation_success[ky]","Позитивный тест: создание/обновление перевода категории для разных языков."
"skipped","Sun Apr 26 03:12:18 UTC 2026","Sun Apr 26 03:12:18 UTC 2026","0","tests.tickets","test_01_get_tickets","","","","test_get_tickets_success[filter2-sort0-search2-pagination0-admin]","Позитивный тест: получение списка тикетов с разными комбинациями параметров"
"skipped","Sun Apr 26 03:12:17 UTC 2026","Sun Apr 26 03:12:17 UTC 2026","0","tests.tickets","test_01_get_tickets","","","","test_get_tickets_success[filter0-sort1-search0-pagination1-client]","Позитивный тест: получение списка тикетов с разными комбинациями параметров"
"broken","Sun Apr 26 03:21:15 UTC 2026","Sun Apr 26 03:21:15 UTC 2026","0","tests.catalog","test_update_admin_product","","","","test_update_admin_product_invalid_payload[update_payload7-422]",""
"failed","Sun Apr 26 03:22:54 UTC 2026","Sun Apr 26 03:22:54 UTC 2026","687","tests.admin_panel.sliders","test_52_create_slider","","","","test_create_slider_invalid_payload[payload10-422]","Негативный тест: попытка создать слайдер с невалидным payload."
"passed","Sun Apr 26 03:13:08 UTC 2026","Sun Apr 26 03:13:09 UTC 2026","463","tests.delivery","test_get_cities","","","","test_get_cities_missing_required_params_should_fail[params1-client]","
    Негатив: отсутствие обязательных page/page_size/country_id
    "
"passed","Sun Apr 26 03:22:24 UTC 2026","Sun Apr 26 03:22:25 UTC 2026","636","tests.admin_panel.products","test_40_create_product_brand","","","","test_create_product_brand_invalid_payload[payload3-expected_codes3]","Негативные кейсы: невалидные поля при создании бренда."
"passed","Sun Apr 26 03:27:59 UTC 2026","Sun Apr 26 03:27:59 UTC 2026","492","tests.admin_panel.categories","test_56_v2_create_category","","","","test_v2_create_category_unauthorized","Негативный тест: создание категории без авторизации."
"passed","Sun Apr 26 03:23:31 UTC 2026","Sun Apr 26 03:23:32 UTC 2026","715","tests.admin_panel.items","test_create_item","","","","test_create_item_forbidden[partner]","Негативный тест: создание варианта не-админом запрещено."
"passed","Sun Apr 26 03:30:25 UTC 2026","Sun Apr 26 03:30:25 UTC 2026","657","tests.catalog","test_product_get_by_id","","","","test_get_product_by_id_unauthorized",""
"passed","Sun Apr 26 03:37:03 UTC 2026","Sun Apr 26 03:37:04 UTC 2026","944","tests.admin_panel.slides","test_56_get_slides","","","","test_get_slides_success","Позитивный тест: успешное получение списка слайдов админом"
"broken","Sun Apr 26 03:38:15 UTC 2026","Sun Apr 26 03:38:15 UTC 2026","0","tests.one_c","test_get_1с_stock","","","","test_get_1c_stock_forbidden_without_secret_key",""
"skipped","Sun Apr 26 03:12:30 UTC 2026","Sun Apr 26 03:12:30 UTC 2026","0","tests.stock","test_create_stock","","","","test_create_stock_with_empty_string_log_if_not_200[city.region_id]",""
"passed","Sun Apr 26 03:38:43 UTC 2026","Sun Apr 26 03:38:44 UTC 2026","569","tests.cart","test_03_cart_get","","","","test_get_cart_unauthorized","Негатив: запрос без авторизации/корзины."
"passed","Sun Apr 26 03:23:26 UTC 2026","Sun Apr 26 03:23:27 UTC 2026","692","tests.admin_panel.slides","test_61_upload_slides_images","","","","test_upload_slide_images_invalid_id",""
"broken","Sun Apr 26 03:29:36 UTC 2026","Sun Apr 26 03:29:36 UTC 2026","0","tests.admin_panel.products","test_41_get_product_brand_by_id","","","","test_get_product_brands_by_id_forbidden[partner]","Негативный тест: получение бренда по ID не админом"
"passed","Sun Apr 26 03:15:29 UTC 2026","Sun Apr 26 03:15:31 UTC 2026","1966","tests.cart","test_02_get_delivery_cost","","","","test_get_delivery_cost_success_full_payload[client]","Позитив: успешное получение ТК при полном наборе параметров"
"passed","Sun Apr 26 03:08:38 UTC 2026","Sun Apr 26 03:08:39 UTC 2026","1710","tests.tickets","test_04_create_ticket","","","","test_create_ticket_success[client-attachments2-QuestionsAboutTheWorkOfTheStructureAndMentors]","Позитивный тест: создание тикета с разными темами и вложениями для клиента, партнера и админа"
"skipped","Sun Apr 26 03:23:03 UTC 2026","Sun Apr 26 03:23:04 UTC 2026","556","tests.statistic","test_team_activations","","","","test_get_team_activation_statistic_negative[payload1-client]","Негативный тест: ошибка при получении статистики активации команды с невалидным телом запроса"
"skipped","Sun Apr 26 03:27:45 UTC 2026","Sun Apr 26 03:27:45 UTC 2026","0","tests.account","test_get_languages","","","","test_get_languages_success[client-ios-200]","Возвращает список языков, доступных для перевода"
"passed","Sun Apr 26 03:26:34 UTC 2026","Sun Apr 26 03:26:34 UTC 2026","485","tests.cart","test_delivery_address_save_apply","","","","test_save_address_anonymous_forbidden",""
"passed","Sun Apr 26 03:28:20 UTC 2026","Sun Apr 26 03:28:21 UTC 2026","521","tests.admin_panel.slides","test_0_slides_sort","","","","test_slides_sort_by_id_forbidden[client]","Негативный тест: не админом."
"passed","Sun Apr 26 03:08:07 UTC 2026","Sun Apr 26 03:08:09 UTC 2026","1832","tests.tickets","test_04_create_ticket","","","","test_create_ticket_success[client-attachments1-QuestionsAboutTheMarriageContract]","Позитивный тест: создание тикета с разными темами и вложениями для клиента, партнера и админа"
"broken","Sun Apr 26 03:36:55 UTC 2026","Sun Apr 26 03:36:55 UTC 2026","0","tests.admin_panel.products","test_01_recommended_products_sort","","","","test_sort_recommendations_no_rights[client]","Пользователь без прав пытается отсортировать рекомендации"
"passed","Sun Apr 26 03:35:22 UTC 2026","Sun Apr 26 03:35:23 UTC 2026","709","tests.admin_panel","test_02_support_users_list","","","","test_client_cannot_list_support_users",""
"passed","Sun Apr 26 03:35:09 UTC 2026","Sun Apr 26 03:35:10 UTC 2026","682","tests.register","test_03_register_client","","","","test_register_client_negative[payload3-400]","Тест: негативные тесты для регистрации клиента вручную"
"skipped","Sun Apr 26 03:06:57 UTC 2026","Sun Apr 26 03:06:58 UTC 2026","879","tests.one_c","test_cart_calculate_full_coverage","","","","test_email_validation[billing_customer-invalid-email]",""
"passed","Sun Apr 26 03:37:02 UTC 2026","Sun Apr 26 03:37:03 UTC 2026","512","tests.admin_panel.sliders","test_51_get_sliders","","","","test_get_sliders_unauthorized","Негативный тест: получение списка слайдеров без авторизации"
"passed","Sun Apr 26 03:36:46 UTC 2026","Sun Apr 26 03:36:46 UTC 2026","475","tests.admin_panel.categories","test_45_get_categories","","","","test_get_categories_unauthorized","Негативный тест: получение категорий без авторизации."
"passed","Sun Apr 26 03:26:33 UTC 2026","Sun Apr 26 03:26:34 UTC 2026","602","tests.cart","test_delivery_address_save_apply","","","","test_save_address_apply_true_without_cart",""
"skipped","Sun Apr 26 03:31:33 UTC 2026","Sun Apr 26 03:31:33 UTC 2026","0","tests.PROJECT_EDUCATION.test_system","test_05_get_info","","","","test_get_info_invalid_id__400_or_404[0]","Негатив: невалидный id в path"
"passed","Sun Apr 26 03:18:05 UTC 2026","Sun Apr 26 03:18:05 UTC 2026","190","tests.cart","test_update_location","","","","test_update_location_invalid_payload[payload0]",""
"passed","Sun Apr 26 03:18:43 UTC 2026","Sun Apr 26 03:18:44 UTC 2026","685","tests.cart","test_20_cart_recommended_products","","","","test_cart_recommended_products_invalid_cart_cookie_no_500[-1-client]","
    невалидный cart_id в cookie
    "
"broken","Sun Apr 26 03:30:58 UTC 2026","Sun Apr 26 03:30:58 UTC 2026","0","tests.tickets","test_02_get_ticket_by_id","","","","test_get_ticket_success[client]","Позитивный тест: успешное получение тикета по ID для клиента, партнера и администратора."
"passed","Sun Apr 26 03:18:22 UTC 2026","Sun Apr 26 03:18:22 UTC 2026","489","tests.one_c","test_free_delivery_to_regions_and_cities","","","","test_1c_free_delivery_bad_request_for_invalid_id_1c_type",""
"skipped","Sun Apr 26 03:06:33 UTC 2026","Sun Apr 26 03:06:34 UTC 2026","837","tests.one_c","test_cart_calculate_full_coverage","","","","test_payment_invalid_uuid[123]",""
"skipped","Sun Apr 26 03:30:00 UTC 2026","Sun Apr 26 03:30:00 UTC 2026","0","tests.cart","test_09_cart_save_region","","","","test_save_region_by_name_success[partner]","Позитив: сохранение региона по region_name"
"passed","Sun Apr 26 03:23:28 UTC 2026","Sun Apr 26 03:23:29 UTC 2026","706","tests.admin_panel.categories","test_57_v2_update_category","","","","test_v2_update_category_invalid_id[0]","Негативный тест: несуществующий или некорректный ID."
"passed","Sun Apr 26 03:29:27 UTC 2026","Sun Apr 26 03:29:27 UTC 2026","709","tests.admin_panel","test_partner_accrual_details_main_bonus","","","","test_main_bonus_details_invalid_query_params[query1-expected_codes1]","
    Негатив: валидация query-параметров main-bonus
    "
"passed","Sun Apr 26 03:31:50 UTC 2026","Sun Apr 26 03:31:51 UTC 2026","679","tests.admin_panel.promo","test_76_get_promotion_items","","","","test_get_promotion_item_not_found","Негативный тест: получение элемента для несуществующей акции"
"passed","Sun Apr 26 03:31:31 UTC 2026","Sun Apr 26 03:31:32 UTC 2026","728","tests.tickets","test_12_delete_message","","","","test_delete_ticket_message_negative[999999-400]","Негативные тесты: удаление с некорректными данными"
"passed","Sun Apr 26 03:32:51 UTC 2026","Sun Apr 26 03:32:52 UTC 2026","495","tests.PROJECT_FUND.initiatives","test_get_report_by_id","","","","test_get_report_by_invalid_id[-https://dev.ewahelps.com/api]","Негативный тест: невалидный или несуществующий path-параметр"
"passed","Sun Apr 26 03:06:29 UTC 2026","Sun Apr 26 03:06:30 UTC 2026","495","tests.one_c","test_cart_calculate_full_coverage","","","","test_payment_invalid_types[discount_total-10]",""
"failed","Sun Apr 26 03:30:46 UTC 2026","Sun Apr 26 03:30:46 UTC 2026","653","tests.reviews","test_reviews_update_post","","","","test_reviews_update_invalid_payload_returns_client_error[bad_update3]",""
"passed","Sun Apr 26 03:32:47 UTC 2026","Sun Apr 26 03:32:48 UTC 2026","910","tests.PROJECT_FUND.initiatives","test_get_report_by_id","","","","test_get_report_by_invalid_id[abc-https://dev.ewahelps.com/api]","Негативный тест: невалидный или несуществующий path-параметр"
"broken","Sun Apr 26 03:21:15 UTC 2026","Sun Apr 26 03:21:15 UTC 2026","0","tests.catalog","test_update_admin_product","","","","test_update_admin_product_invalid_payload[update_payload2-400]",""
"passed","Sun Apr 26 03:05:54 UTC 2026","Sun Apr 26 03:05:55 UTC 2026","878","tests.one_c","test_cart_calculate_full_coverage","","","","test_products_various_qty[1]",""
"passed","Sun Apr 26 03:26:59 UTC 2026","Sun Apr 26 03:27:00 UTC 2026","504","tests.delivery","test_get_emu_pickup_points","","","","test_get_emu_pickup_points_success[143796-admin]","Позитив: успешное получение списка ПВЗ EMU по city_id."
"passed","Sun Apr 26 03:30:57 UTC 2026","Sun Apr 26 03:30:58 UTC 2026","696","tests.reviews","test_reviews_update_post","","","","test_reviews_update_nonexistent_review",""
"skipped","Sun Apr 26 03:06:27 UTC 2026","Sun Apr 26 03:06:28 UTC 2026","874","tests.one_c","test_cart_calculate_full_coverage","","","","test_payment_invalid_numbers[shipping--1]",""
"passed","Sun Apr 26 03:34:33 UTC 2026","Sun Apr 26 03:34:34 UTC 2026","499","tests.delivery","test_get_delivery_regions","","","","test_get_delivery_regions_success[partner]","Позитив: успешное получение списка регионов."
"broken","Sun Apr 26 03:21:43 UTC 2026","Sun Apr 26 03:21:43 UTC 2026","0","tests.admin_panel.items","test_create_item_translation","","","","test_create_item_translation_success[ru]",""
"broken","Sun Apr 26 03:17:48 UTC 2026","Sun Apr 26 03:17:48 UTC 2026","0","tests.catalog","test_create_admin_product","","","","test_create_admin_product_minimal_payload_variants[slug+categories]",""
"passed","Sun Apr 26 03:26:39 UTC 2026","Sun Apr 26 03:26:39 UTC 2026","517","tests.delivery","test_get_boxberry_offices","","","","test_get_boxberry_offices_invalid_city_id_should_fail[True-admin]",""
"broken","Sun Apr 26 03:28:15 UTC 2026","Sun Apr 26 03:28:15 UTC 2026","0","tests.admin_panel.slides","test_0_slides_sort","","","","test_slides_sort_success","Позитивный тест: успешная сортировка слайдов в слайдере."
"passed","Sun Apr 26 03:39:23 UTC 2026","Sun Apr 26 03:39:24 UTC 2026","986","tests.PROJECT_FUND.donation","test_get_donation_last","","","","test_get_donation_last[https://dev.ewahelps.com/api]","Позитивный тест: получение топ-100 пожертвований (страница 0)"
"skipped","Sun Apr 26 03:05:48 UTC 2026","Sun Apr 26 03:05:49 UTC 2026","789","tests.one_c","test_cart_calculate_full_coverage","","","","test_products_negative_numbers[total_bonus--1]",""
"skipped","Sun Apr 26 03:12:28 UTC 2026","Sun Apr 26 03:12:28 UTC 2026","0","tests.stock","test_create_stock","","","","test_create_stock_success",""
"skipped","Sun Apr 26 03:31:09 UTC 2026","Sun Apr 26 03:31:09 UTC 2026","0","tests.PROJECT_EDUCATION.test_system","test_06_get_result","","","","test_get_result_invalid_id__400_or_404[abc]",""
"passed","Sun Apr 26 03:10:28 UTC 2026","Sun Apr 26 03:10:28 UTC 2026","682","tests.tickets","test_04_create_ticket","","","","test_create_ticket_success[admin-attachments0-QuestionsAboutPaymentsToIP]","Позитивный тест: создание тикета с разными темами и вложениями для клиента, партнера и админа"
"passed","Sun Apr 26 03:31:09 UTC 2026","Sun Apr 26 03:31:10 UTC 2026","633","tests.admin_panel","test_03_support_delete_user","","","","test_invalid_id_returns_client_error[]","
    Кривой/отсутствующий id в path:
    ожидаем клиентскую ошибку (400/404/405), а не 5xx.
    "
"broken","Sun Apr 26 03:24:13 UTC 2026","Sun Apr 26 03:24:13 UTC 2026","0","tests.admin_panel","test_04_generate_support_token","","","","test_invalid_ttl_returns_400[-1]",""
"skipped","Sun Apr 26 03:07:01 UTC 2026","Sun Apr 26 03:07:02 UTC 2026","848","tests.one_c","test_cart_calculate_full_coverage","","","","test_email_validation[shipping_customer-test.mail.com]",""
"passed","Sun Apr 26 03:13:14 UTC 2026","Sun Apr 26 03:13:15 UTC 2026","472","tests.delivery","test_get_cities","","","","test_get_cities_invalid_page_size_should_fail[True-admin]","
    Негатив: невалидный page_size → 400/422
    "
"passed","Sun Apr 26 03:29:42 UTC 2026","Sun Apr 26 03:29:43 UTC 2026","703","tests.admin_panel.promo","test_73_get_promotion_by_id","","","","test_get_promotion_invalid_id[-1]","Негативный тест: получение акции по невалидному ID"
"passed","Sun Apr 26 03:15:38 UTC 2026","Sun Apr 26 03:15:39 UTC 2026","556","tests.cart","test_02_get_delivery_cost","","","","test_get_delivery_cost_success_partial_payload[partner-payload0-400]",""
"passed","Sun Apr 26 03:38:03 UTC 2026","Sun Apr 26 03:38:04 UTC 2026","1288","tests.catalog","test_get_item_by_id","","","","test_get_item_success[admin]","
    Позитивный тест: успешное получение атомарного товара по id
    "
"skipped","Sun Apr 26 03:35:14 UTC 2026","Sun Apr 26 03:35:14 UTC 2026","0","tests.account","test_family_agreement_create_one","","","","test_create_family_agreement_one_positive[client-payload1]","Позитивные тесты на создание семейного соглашения при отсутствующем втором партнере"
"skipped","Sun Apr 26 03:35:14 UTC 2026","Sun Apr 26 03:35:14 UTC 2026","0","tests.account","test_pass_change","","","","test_change_password_positive[partner-payload0]","Позитивные тесты на изменение пароля"
"skipped","Sun Apr 26 03:36:49 UTC 2026","Sun Apr 26 03:36:49 UTC 2026","0","tests.admin_panel.periods","test_post_periods_by_date","","","","test_post_periods_by_date__200_strict[partner]",""
"skipped","Sun Apr 26 03:12:30 UTC 2026","Sun Apr 26 03:12:30 UTC 2026","0","tests.stock","test_create_stock","","","","test_create_stock_with_empty_string_log_if_not_200[city_id]",""
"passed","Sun Apr 26 03:29:57 UTC 2026","Sun Apr 26 03:29:57 UTC 2026","490","tests.admin_panel.slides","test_58_get_slides_by_id","","","","test_get_slides_unauthorized","Негативный тест: попытка получения слайда без авторизации"
"passed","Sun Apr 26 03:13:48 UTC 2026","Sun Apr 26 03:13:49 UTC 2026","690","tests.account","test_update_utc_offset","","","","test_update_utc_offset_invalid_types_rejected[bad_value3]",""
"passed","Sun Apr 26 03:33:09 UTC 2026","Sun Apr 26 03:33:10 UTC 2026","666","tests.admin_panel.products","test_43_delete_product_brand","","","","test_delete_product_brand_invalid_id[abc]","Негативный тест: удаление несуществующего или некорректного бренда."
"passed","Sun Apr 26 03:21:28 UTC 2026","Sun Apr 26 03:21:28 UTC 2026","558","tests.delivery","test_self_pickup_offices","","","","test_self_pickup_offices_success_basic[partner]","
    Позитив: успешное получение списка офисов по city_id
    Допускается пустой список (если в городе нет офисов)
    "
"passed","Sun Apr 26 03:27:11 UTC 2026","Sun Apr 26 03:27:11 UTC 2026","486","tests.delivery","test_get_self_pickup_offices","","","","test_get_self_pickup_offices_invalid_city_id_should_fail[bad_city_id7-admin]","Негатив: невалидные значения city_id → 400/422."
"passed","Sun Apr 26 03:12:02 UTC 2026","Sun Apr 26 03:12:02 UTC 2026","527","tests.tickets","test_04_create_ticket","","","","test_create_ticket_invalid_request_type[partner-invalid_request_type-400]","Негативный тест: попытка создания тикета с неверным типом request_type"
"skipped","Sun Apr 26 03:07:12 UTC 2026","Sun Apr 26 03:07:13 UTC 2026","851","tests.one_c","test_cart_calculate_full_coverage","","","","test_address_fields[street-aaaaaaaaaaaaaaaaaaaaaaaaaaaaaaaaaaaaaaaaaaaaaaaaaaaaaaaaaaaaaaaaaaaaaaaaaaaaaaaaaaaaaaaaaaaaaaaaaaaaaaaaaaaaaaaaaaaaaaaaaaaaaaaaaaaaaaaaaaaaaaaaaaaaaaaaaaaaaaaaaaaaaaaaaaaaaaaaaaaaaaaaaaaaaaaaaaaaaaaaaaaaaaaaaaaaaaaaaaaaaaaaaaaaaaaaaaaaaaaaaaaaaaaaaaaaaaaaaaaaaaaaaaaaaaaaaaaaaaaaaaaaaaaaaaaaaaaaaaaa]",""
"passed","Sun Apr 26 03:31:30 UTC 2026","Sun Apr 26 03:31:30 UTC 2026","686","tests.catalog","test_get_admin_product_translation","","","","test_get_admin_product_translation_not_found","Запрос перевода для несуществующего product_id — 404."
"passed","Sun Apr 26 03:15:48 UTC 2026","Sun Apr 26 03:15:49 UTC 2026","479","tests.cart","test_02_get_delivery_cost","","","","test_get_delivery_cost_invalid_payload[partner-payload3]","Негатив: некорректные входные данные"
"passed","Sun Apr 26 03:26:45 UTC 2026","Sun Apr 26 03:26:45 UTC 2026","531","tests.delivery","test_get_cdek_offices","","","","test_get_cdek_offices_missing_city_id_should_fail[admin]",""
"skipped","Sun Apr 26 03:12:30 UTC 2026","Sun Apr 26 03:12:30 UTC 2026","0","tests.stock","test_create_stock","","","","test_create_stock_with_empty_string_log_if_not_200[user_has_access]",""
"skipped","Sun Apr 26 03:07:02 UTC 2026","Sun Apr 26 03:07:03 UTC 2026","865","tests.one_c","test_cart_calculate_full_coverage","","","","test_email_validation[billing_customer-test.mail.com]",""
"passed","Sun Apr 26 03:38:06 UTC 2026","Sun Apr 26 03:38:07 UTC 2026","1116","tests.catalog","test_get_items_list","","","","test_get_items_list_success[client]","
    Позитивный тест: успешное получение списка атомарных товаров
    "
"passed","Sun Apr 26 03:29:52 UTC 2026","Sun Apr 26 03:29:53 UTC 2026","729","tests.admin_panel.slides","test_58_get_slides_by_id","","","","test_get_slides_invalid_id[abc]","Негативный тест: невалидный ID в path-параметре"
"passed","Sun Apr 26 03:33:59 UTC 2026","Sun Apr 26 03:34:00 UTC 2026","489","tests.admin_panel.slides","test_62_slides_update_video_url","","","","test_update_video_url_forbidden[client]","Негативный тест: не-админ не может обновить ссылку на мастер-файл"
"skipped","Sun Apr 26 03:34:34 UTC 2026","Sun Apr 26 03:34:35 UTC 2026","487","tests.delivery","test_get_delivery_regions","","","","test_get_delivery_regions_invalid_params[invalid_params0-admin]","Негатив: невалидные значения query-параметров → 400/422."
"skipped","Sun Apr 26 03:31:09 UTC 2026","Sun Apr 26 03:31:09 UTC 2026","0","tests.PROJECT_EDUCATION.test_system","test_08_get_course_with_tests","","","","test_get_course_with_tests__invalid_id__400_404[-1]",""
"skipped","Sun Apr 26 03:06:24 UTC 2026","Sun Apr 26 03:06:25 UTC 2026","843","tests.one_c","test_cart_calculate_full_coverage","","","","test_payment_invalid_numbers[total--1]",""
"skipped","Sun Apr 26 03:12:18 UTC 2026","Sun Apr 26 03:12:18 UTC 2026","0","tests.tickets","test_01_get_tickets","","","","test_get_tickets_success[filter2-sort0-search1-pagination1-admin]","Позитивный тест: получение списка тикетов с разными комбинациями параметров"
"failed","Sun Apr 26 03:38:15 UTC 2026","Sun Apr 26 03:38:16 UTC 2026","489","tests.orders","test_group_order_join_out_of_stock","","","","test_group_order_change_without_new_group_order_id_validation[partner]","
    /orders/group_order/change требует new_group_order_id
    "
"passed","Sun Apr 26 03:33:34 UTC 2026","Sun Apr 26 03:33:35 UTC 2026","708","tests.orders","test_group_order_v2_with_preorder_and_items","","","","test_group_order_v2_invalid_item_ids_returns_400[bad_item_ids0]",""
"passed","Sun Apr 26 03:18:48 UTC 2026","Sun Apr 26 03:18:50 UTC 2026","1533","tests.cart","test_20_cart_recommended_products","","","","test_cart_recommended_products_country_only_cart_no_500[client]","
    Корзина инициализирована только страной через update_location,
    без явного save_city
    "
"skipped","Sun Apr 26 03:35:03 UTC 2026","Sun Apr 26 03:35:03 UTC 2026","0","tests.register","test_02_register_partner","","","","test_register_partner_positive[admin-403]","Тест: позитивные тесты для регистрации партнера вручную"
"passed","Sun Apr 26 03:29:31 UTC 2026","Sun Apr 26 03:29:32 UTC 2026","709","tests.admin_panel.categories","test_47_get_categories_by_id","","","","test_get_categories_invalid_id[-1]","Негативный тест: получение категории по невалидному ID."
"passed","Sun Apr 26 03:06:21 UTC 2026","Sun Apr 26 03:06:22 UTC 2026","798","tests.one_c","test_cart_calculate_full_coverage","","","","test_packaging_missing_fields[length]",""
"passed","Sun Apr 26 03:32:38 UTC 2026","Sun Apr 26 03:32:38 UTC 2026","537","tests.stock","test_get_group_orders","","","","test_get_group_orders_country_id_not_found[admin]","Проверка получения складов по несуществующему country_id"
"passed","Sun Apr 26 03:17:12 UTC 2026","Sun Apr 26 03:17:15 UTC 2026","3450","tests.cart","test_12_cart_estimate_delivery","","","","test_estimate_delivery_success[partner-cdek-payload9]","
    Позитив: корзина с товаром, выбор способа доставки и расчёт стоимости для разных служб
    "
"passed","Sun Apr 26 03:33:41 UTC 2026","Sun Apr 26 03:33:41 UTC 2026","491","tests.stock","test_get_stock_by_id","","","","test_get_stock_by_nonexistent_id[admin]","Запрос склада по несуществующему ID — ожидаем 404"
"skipped","Sun Apr 26 03:35:22 UTC 2026","Sun Apr 26 03:35:22 UTC 2026","0","tests.account","test_update_default_stock","","","","test_update_default_stock_positive[client-payload0]","Позитивные тесты на изменение дефолтного склада"
"passed","Sun Apr 26 03:23:20 UTC 2026","Sun Apr 26 03:23:21 UTC 2026","521","tests.statistic","test_team_registrations","","","","test_get_team_registration_statistic_positive[payload3-client]","Позитивный тест: получение статистики по регистрации команды с валидным телом запроса"
"passed","Sun Apr 26 03:28:02 UTC 2026","Sun Apr 26 03:28:02 UTC 2026","723","tests.admin_panel.categories","test_56_v2_create_category","","","","test_v2_create_category_invalid_payload[payload3-400]","Негативный тест: создание категории с невалидным телом запроса."
"skipped","Sun Apr 26 03:05:41 UTC 2026","Sun Apr 26 03:05:42 UTC 2026","886","tests.one_c","test_cart_calculate_full_coverage","","","","test_products_negative_numbers[price--1]",""
"broken","Sun Apr 26 03:23:27 UTC 2026","Sun Apr 26 03:23:27 UTC 2026","0","tests.admin_panel.categories","test_57_v2_update_category","","","","test_v2_update_category_slug_should_fail_if_not_unique","Негативный тест: попытка обновить slug категории на уже существующий."
"passed","Sun Apr 26 03:28:14 UTC 2026","Sun Apr 26 03:28:14 UTC 2026","494","tests.admin_panel.periods","test_get_period_by_id","","","","test_get_period_by_id__invalid_id_400_404[admin--1]",""
"skipped","Sun Apr 26 03:33:31 UTC 2026","Sun Apr 26 03:33:32 UTC 2026","494","tests.delivery","test_mongpost_postcodes","","","","test_mongpost_postcodes_not_found_for_unknown_city[99999999-admin]","Негативный тест: город с указанным ID не найден"
"passed","Sun Apr 26 03:22:14 UTC 2026","Sun Apr 26 03:22:15 UTC 2026","668","tests.delivery","test_get_delivery_countries","","","","test_get_delivery_countries_success[all-client]","Позитив: успешное получение списка стран с разными значениями ?from=."
"passed","Sun Apr 26 03:36:48 UTC 2026","Sun Apr 26 03:36:49 UTC 2026","465","tests.admin_panel.periods","test_post_admin_approve_marketing_result_with_period","","","","test_post_admin_approve_marketing_result_with_period__unauthorized",""
"broken","Sun Apr 26 03:21:43 UTC 2026","Sun Apr 26 03:21:43 UTC 2026","0","tests.admin_panel.items","test_create_item_translation","","","","test_create_item_translation_forbidden[partner]","Негативный тест: создание перевода не-админом запрещено."
"passed","Sun Apr 26 03:21:51 UTC 2026","Sun Apr 26 03:21:52 UTC 2026","810","tests.admin_panel.promo","test_77_create_promotion_item","","","","test_create_promotion_item_invalid_ids[None-None-404]",""
"skipped","Sun Apr 26 03:29:23 UTC 2026","Sun Apr 26 03:29:23 UTC 2026","0","tests.tickets","test_06_close_ticket","","","","test_close_tickets_negative[client-ticket_ids1-400]","Негативные тесты: закрытие с некорректными данными"
"passed","Sun Apr 26 03:32:09 UTC 2026","Sun Apr 26 03:32:09 UTC 2026","469","tests.cart","test_08_cart_delete","","","","test_delete_cart_item_unauthorized","Негатив: удаление без авторизации/корзины"
"passed","Sun Apr 26 03:31:04 UTC 2026","Sun Apr 26 03:31:05 UTC 2026","502","tests.tickets","test_09_get_ticket_messages","","","","test_get_ticket_messages_no_auth","Негативный тест: запрос без токена (отсутствие авторизации)"
"broken","Sun Apr 26 03:17:47 UTC 2026","Sun Apr 26 03:17:47 UTC 2026","0","tests.admin_panel.slides","test_59_update_slide","","","","test_update_slide_invalid_payload[payload18-422]","
    Негативный тест: обновление слайда с невалидным или неполным телом запроса
    "
"skipped","Sun Apr 26 03:12:30 UTC 2026","Sun Apr 26 03:12:30 UTC 2026","0","tests.stock","test_create_stock","","","","test_create_stock_with_empty_string_log_if_not_200[address.apartment]",""
"broken","Sun Apr 26 03:23:27 UTC 2026","Sun Apr 26 03:23:27 UTC 2026","0","tests.admin_panel.slides","test_61_upload_slides_images","","","","test_upload_slide_images_invalid_format[invalid.pdf-application/pdf-400]",""
"passed","Sun Apr 26 03:05:25 UTC 2026","Sun Apr 26 03:05:27 UTC 2026","2304","tests.one_c","test_cart_calculate_full_coverage","","","","test_cart_calculate_smoke",""
"skipped","Sun Apr 26 03:35:14 UTC 2026","Sun Apr 26 03:35:14 UTC 2026","0","tests.account","test_update","","","","test_update_account_positive[client-payload1]","Позитивные тесты на обновление данных аккаунта"
"passed","Sun Apr 26 03:12:37 UTC 2026","Sun Apr 26 03:12:38 UTC 2026","1057","tests.delivery","test_01_save_delivery_address","","","","test_save_address_positive_contract_and_cleanup[payload3-client]",""
"passed","Sun Apr 26 03:11:01 UTC 2026","Sun Apr 26 03:11:03 UTC 2026","1824","tests.tickets","test_04_create_ticket","","","","test_create_ticket_success[admin-attachments1-QuestionsAboutProducts]","Позитивный тест: создание тикета с разными темами и вложениями для клиента, партнера и админа"
"broken","Sun Apr 26 03:29:23 UTC 2026","Sun Apr 26 03:29:23 UTC 2026","0","tests.tickets","test_06_close_ticket","","","","test_close_ticket_success[partner]","Позитивный тест: закрытие тикета для клиента, партнера и админа."
"skipped","Sun Apr 26 03:12:17 UTC 2026","Sun Apr 26 03:12:17 UTC 2026","0","tests.tickets","test_01_get_tickets","","","","test_get_tickets_success[filter0-sort1-search1-pagination0-partner]","Позитивный тест: получение списка тикетов с разными комбинациями параметров"
"passed","Sun Apr 26 03:31:13 UTC 2026","Sun Apr 26 03:31:13 UTC 2026","676","tests.admin_panel","test_03_support_delete_user","","","","test_not_found_returns_404","
    Корректный id, но пользователя нет — 404.
    "
"skipped","Sun Apr 26 03:17:48 UTC 2026","Sun Apr 26 03:17:48 UTC 2026","0","tests.account","test_0_marathon","","","","test_create_product_brand_invalid_payload[params4-400-client]",""
"skipped","Sun Apr 26 03:12:17 UTC 2026","Sun Apr 26 03:12:17 UTC 2026","0","tests.tickets","test_01_get_tickets","","","","test_get_tickets_success[filter0-sort1-search2-pagination0-admin]","Позитивный тест: получение списка тикетов с разными комбинациями параметров"
"passed","Sun Apr 26 03:34:32 UTC 2026","Sun Apr 26 03:34:33 UTC 2026","501","tests.delivery","test_get_delivery_regions","","","","test_get_delivery_regions_success[client]","Позитив: успешное получение списка регионов."
"broken","Sun Apr 26 03:31:13 UTC 2026","Sun Apr 26 03:31:13 UTC 2026","0","tests.admin_panel","test_05_admin_support_users_token_revoke_all","","","","test_partner_cannot_revoke_support_tokens",""
"passed","Sun Apr 26 03:21:52 UTC 2026","Sun Apr 26 03:21:53 UTC 2026","719","tests.admin_panel.promo","test_77_create_promotion_item","","","","test_create_promotion_item_invalid_ids[1-None-404]",""
"passed","Sun Apr 26 03:26:37 UTC 2026","Sun Apr 26 03:26:38 UTC 2026","483","tests.delivery","test_get_boxberry_offices","","","","test_get_boxberry_offices_invalid_city_id_should_fail[-1-admin]",""
"skipped","Sun Apr 26 03:35:14 UTC 2026","Sun Apr 26 03:35:14 UTC 2026","0","tests.account","test_history_admin","","","","test_get_admin_history_positive[admin-payload1]","Позитивные тесты на получение истории бонусов для админа"
"passed","Sun Apr 26 03:21:09 UTC 2026","Sun Apr 26 03:21:10 UTC 2026","494","tests.delivery","test_get_cities_v2","","","","test_get_cities_v2_invalid_country_id_should_fail[-admin]","
    Негатив: невалидные значения country_id → 400/422
    "
"passed","Sun Apr 26 03:23:55 UTC 2026","Sun Apr 26 03:23:56 UTC 2026","528","tests.account","test_account_branded_wallet_upload","","","","test_upload_missing_image_field_returns_400_or_422[partner]","Негатив: отсутствует поле 'image' → 400/422"
"broken","Sun Apr 26 03:21:27 UTC 2026","Sun Apr 26 03:21:27 UTC 2026","0","tests.catalog","test_create_admin_product_translation","","","","test_product_translation_update_duplicate_lang_code","Проверка перезаписи перевода по одному и тому же lang_code."
"broken","Sun Apr 26 03:33:10 UTC 2026","Sun Apr 26 03:33:10 UTC 2026","0","tests.admin_panel.promo","test_75_delete_promotion_by_id","","","","test_delete_promotion_success","Позитивный тест: успешное удаление акции."
"failed","Sun Apr 26 03:30:07 UTC 2026","Sun Apr 26 03:30:07 UTC 2026","490","tests.cart","test_14_cart_update_personal_data","","","","test_update_personal_data_invalid_payload[partner-payload1]","
    Негатив: отсутствующие обязательные поля или невалидные значения
    "
"passed","Sun Apr 26 03:21:06 UTC 2026","Sun Apr 26 03:21:07 UTC 2026","501","tests.delivery","test_get_cities_v2","","","","test_get_cities_v2_invalid_city_name_should_fail[ -admin]","
    Негатив: city_name — строка, minLength=2
    "
"broken","Sun Apr 26 03:28:28 UTC 2026","Sun Apr 26 03:28:28 UTC 2026","0","tests.one_c","test_stock_delivery_methods","","","","test_1c_stock_delivery_methods_empty_array_removes_whitelist",""
"passed","Sun Apr 26 03:22:22 UTC 2026","Sun Apr 26 03:22:23 UTC 2026","707","tests.admin_panel.products","test_40_create_product_brand","","","","test_create_product_brand_invalid_payload[payload0-expected_codes0]","Негативные кейсы: невалидные поля при создании бренда."
"skipped","Sun Apr 26 03:12:30 UTC 2026","Sun Apr 26 03:12:30 UTC 2026","0","tests.stock","test_create_stock","","","","test_create_stock_with_empty_string_log_if_not_200[delivery_restrictions.stock_id]",""
"broken","Sun Apr 26 03:32:14 UTC 2026","Sun Apr 26 03:32:14 UTC 2026","0","tests.orders","test_group_order_join_roles_and_rejections","","","","test_group_order_join_partner_to_foreign_group_order_allowed_or_rejected","
    partner может быть участником через GroupOrder delivery_method
    "
"passed","Sun Apr 26 03:27:58 UTC 2026","Sun Apr 26 03:27:59 UTC 2026","469","tests.admin_panel.categories","test_56_v2_create_category","","","","test_v2_create_category_forbidden[partner]","Негативный тест: создание категории не-админом запрещено."
"passed","Sun Apr 26 03:23:01 UTC 2026","Sun Apr 26 03:23:02 UTC 2026","489","tests.statistic","test_team_activations","","","","test_get_team_activation_statistic_positive[payload3-admin]","Позитивный тест: получение статистики по активации команды с валидным телом запроса"
"passed","Sun Apr 26 03:37:43 UTC 2026","Sun Apr 26 03:37:43 UTC 2026","481","tests.tickets","test_10_send_message_to_ticket","","","","test_send_message_unauthorized","Проверка отправки сообщений без авторизации"
"passed","Sun Apr 26 03:34:34 UTC 2026","Sun Apr 26 03:34:34 UTC 2026","490","tests.delivery","test_get_delivery_regions","","","","test_get_delivery_regions_missing_required_params[admin]","Негатив: отсутствие обязательных параметров page/page_size/country_id → 400/422."
"passed","Sun Apr 26 03:31:58 UTC 2026","Sun Apr 26 03:31:59 UTC 2026","505","tests.auth","test_01_check_version","","","","test_check_version[Android--400]","Тест проверяет API /check_version для разных платформ и версий."
"passed","Sun Apr 26 03:31:54 UTC 2026","Sun Apr 26 03:31:54 UTC 2026","648","tests.admin_panel.promo","test_78_delete_promotion_item","","","","test_delete_promotion_item_invalid_id[1.5-1.5]","Негативный тест: удаление элемента акции с невалидным ID продукта."
"passed","Sun Apr 26 03:26:46 UTC 2026","Sun Apr 26 03:26:47 UTC 2026","501","tests.delivery","test_get_cdek_offices","","","","test_get_cdek_offices_invalid_city_id_should_fail[-1-admin]",""
"passed","Sun Apr 26 03:37:08 UTC 2026","Sun Apr 26 03:37:09 UTC 2026","590","tests.auth","test_03_token_auth","","","","test_auth_by_valid_token[admin]","Тест успешной авторизации по валидному токену"
"passed","Sun Apr 26 03:05:59 UTC 2026","Sun Apr 26 03:06:00 UTC 2026","820","tests.one_c","test_cart_calculate_full_coverage","","","","test_products_various_qty[50]",""
"broken","Sun Apr 26 03:21:51 UTC 2026","Sun Apr 26 03:21:51 UTC 2026","0","tests.admin_panel.products","test_44_upload_product_brand_images","","","","test_upload_product_brand_images_formats[invalid.pdf-application/pdf-400]","Проверка загрузки изображений бренда в разных форматах: негативные и позитивные кейсы."
"broken","Sun Apr 26 03:31:47 UTC 2026","Sun Apr 26 03:31:47 UTC 2026","0","tests.admin_panel.products","test_product_files_get_upload_urls","","","","test_get_upload_urls_without_lang_code",""
"passed","Sun Apr 26 03:35:24 UTC 2026","Sun Apr 26 03:35:25 UTC 2026","697","tests.admin_panel","test_02_support_users_list","","","","test_invalid_paging_returns_400_for_admin[page=-1&page_size=20]","
    Некорректные значения page/page_size
    "
"passed","Sun Apr 26 03:33:32 UTC 2026","Sun Apr 26 03:33:33 UTC 2026","535","tests.orders","test_group_order_confirm","","","","test_group_order_confirm_validation_errors[payload0-partner]",""
"passed","Sun Apr 26 03:09:12 UTC 2026","Sun Apr 26 03:09:13 UTC 2026","1009","tests.tickets","test_04_create_ticket","","","","test_create_ticket_success[partner-attachments0-OtherQuestions]","Позитивный тест: создание тикета с разными темами и вложениями для клиента, партнера и админа"
"passed","Sun Apr 26 03:26:41 UTC 2026","Sun Apr 26 03:26:43 UTC 2026","1073","tests.delivery","test_get_cdek_offices","","","","test_get_cdek_offices_success[86990-client]",""
"skipped","Sun Apr 26 03:18:23 UTC 2026","Sun Apr 26 03:18:23 UTC 2026","0","tests.PROJECT_EDUCATION.orders","test_post_orders","","","","test_post_orders_invalid_payload__400_422[payload10]","Негатив: невалидный body"
"broken","Sun Apr 26 03:39:40 UTC 2026","Sun Apr 26 03:39:40 UTC 2026","0","tests.temporary","test_last_cleanup_orphan_boxes","","","","test_cleanup_orphan_boxes_is_idempotent","
    Проверяем:
      1) сколько сирот есть сейчас,
      2) cleanup удаляет ровно их количество,
      3) повторный запуск не удаляет ничего.
    "
"passed","Sun Apr 26 03:22:10 UTC 2026","Sun Apr 26 03:22:10 UTC 2026","664","tests.delivery","test_get_delivery_countries","","","","test_get_delivery_countries_success[None-partner]","Позитив: успешное получение списка стран с разными значениями ?from=."
"passed","Sun Apr 26 03:28:10 UTC 2026","Sun Apr 26 03:28:11 UTC 2026","633","tests.admin_panel.periods","test_get_period_by_id","","","","test_get_period_by_id__200_strict[partner]",""
"passed","Sun Apr 26 03:31:42 UTC 2026","Sun Apr 26 03:31:42 UTC 2026","496","tests.admin_panel","test_accrue_auto_bonus","","","","test_accrue_auto_bonus_unauthorized",""
"skipped","Sun Apr 26 03:12:17 UTC 2026","Sun Apr 26 03:12:17 UTC 2026","0","tests.tickets","test_01_get_tickets","","","","test_get_tickets_success[filter1-sort0-search0-pagination1-partner]","Позитивный тест: получение списка тикетов с разными комбинациями параметров"
"failed","Sun Apr 26 03:30:10 UTC 2026","Sun Apr 26 03:30:10 UTC 2026","508","tests.catalog","test_get_recommended_products","","","","test_get_recommended_products_specific_stock_success","
    Рекомендации для конкретного склада
    "
"skipped","Sun Apr 26 03:35:14 UTC 2026","Sun Apr 26 03:35:14 UTC 2026","0","tests.account","test_history","","","","test_get_history_positive[admin-payload1]","Позитивные тесты на получение истории аккаунта"
"passed","Sun Apr 26 03:23:25 UTC 2026","Sun Apr 26 03:23:25 UTC 2026","479","tests.admin_panel.slides","test_61_upload_slides_images","","","","test_upload_slide_images_unauthorized",""
"passed","Sun Apr 26 03:37:13 UTC 2026","Sun Apr 26 03:37:13 UTC 2026","515","tests.auth","test_05_logout","","","","test_logout_without_token","Тест разлогинивания без токена"
"passed","Sun Apr 26 03:07:15 UTC 2026","Sun Apr 26 03:07:15 UTC 2026","512","tests.one_c","test_cart_calculate_full_coverage","","","","test_invalid_arrays[secret_keys-value3]",""
"passed","Sun Apr 26 03:13:31 UTC 2026","Sun Apr 26 03:13:31 UTC 2026","677","tests.account","test_update_utc_offset","","","","test_update_utc_offset_valid_values[+07-expected1-partner]",""
"broken","Sun Apr 26 03:18:23 UTC 2026","Sun Apr 26 03:18:23 UTC 2026","0","tests.admin_panel.promo","test_74_update_promotion","","","","test_update_promotion_forbidden[partner]","Негативный тест: попытка обновления акции не-админом"
"passed","Sun Apr 26 03:31:48 UTC 2026","Sun Apr 26 03:31:49 UTC 2026","690","tests.admin_panel.promo","test_76_get_promotion_items","","","","test_get_promotion_item_invalid_id[0-0]","Негативный тест: получение элемента с невалидным ID"
"failed","Sun Apr 26 03:37:50 UTC 2026","Sun Apr 26 03:37:51 UTC 2026","488","tests.admin_panel.periods","test_get_approved_marketing_periods","","","","test_get_admin_approved_marketing_periods__forbidden[partner]",""
"failed","Sun Apr 26 03:30:06 UTC 2026","Sun Apr 26 03:30:06 UTC 2026","466","tests.cart","test_14_cart_update_personal_data","","","","test_update_personal_data_invalid_payload[partner-payload0]","
    Негатив: отсутствующие обязательные поля или невалидные значения
    "
"skipped","Sun Apr 26 03:17:48 UTC 2026","Sun Apr 26 03:17:48 UTC 2026","0","tests.account","test_0_marathon","","","","test_create_product_brand_invalid_payload[params6-400-partner]",""
"passed","Sun Apr 26 03:31:28 UTC 2026","Sun Apr 26 03:31:28 UTC 2026","683","tests.catalog","test_get_admin_product_translation","","","","test_get_admin_product_translation_invalid_id[-1]","Проверка получения перевода по невалидному product_id."
"passed","Sun Apr 26 03:10:56 UTC 2026","Sun Apr 26 03:10:58 UTC 2026","1869","tests.tickets","test_04_create_ticket","","","","test_create_ticket_success[admin-attachments1-QuestionsAboutOrders]","Позитивный тест: создание тикета с разными темами и вложениями для клиента, партнера и админа"
"broken","Sun Apr 26 03:23:27 UTC 2026","Sun Apr 26 03:23:27 UTC 2026","0","tests.admin_panel.slides","test_61_upload_slides_images","","","","test_upload_slide_images_file_too_large[4.7-image-204]",""
"skipped","Sun Apr 26 03:31:33 UTC 2026","Sun Apr 26 03:31:33 UTC 2026","0","tests.PROJECT_EDUCATION.test_system","test_04_finish_test","","","","test_finish_test_invalid_id__400_or_404[]",""
"passed","Sun Apr 26 03:34:14 UTC 2026","Sun Apr 26 03:34:14 UTC 2026","493","tests.cart","test_04_cart_full_data","","","","test_full_data_invalid_calculate_delivery_flag[abc-client]",""
"broken","Sun Apr 26 03:17:47 UTC 2026","Sun Apr 26 03:17:47 UTC 2026","0","tests.admin_panel.slides","test_59_update_slide","","","","test_update_slide_invalid_payload[payload13-400]","
    Негативный тест: обновление слайда с невалидным или неполным телом запроса
    "
"broken","Sun Apr 26 03:18:22 UTC 2026","Sun Apr 26 03:18:22 UTC 2026","0","tests.one_c","test_free_delivery_to_regions_and_cities","","","","test_1c_free_delivery_bad_request_for_zero_mixed_with_other_city_ids",""
"broken","Sun Apr 26 03:21:22 UTC 2026","Sun Apr 26 03:21:22 UTC 2026","0","tests.catalog","test_create_admin_product_translation","","","","test_create_admin_product_translation_success[ky]","Создание и обновление перевода продукта на разных языках."
"skipped","Sun Apr 26 03:06:58 UTC 2026","Sun Apr 26 03:06:59 UTC 2026","831","tests.one_c","test_cart_calculate_full_coverage","","","","test_email_validation[shipping_customer-test@]",""
"skipped","Sun Apr 26 03:07:23 UTC 2026","Sun Apr 26 03:07:24 UTC 2026","500","tests.one_c","test_cart_calculate_full_coverage","","","","test_random_cart[3]",""
"failed","Sun Apr 26 03:30:05 UTC 2026","Sun Apr 26 03:30:06 UTC 2026","491","tests.cart","test_14_cart_update_personal_data","","","","test_update_personal_data_invalid_payload[client-payload1]","
    Негатив: отсутствующие обязательные поля или невалидные значения
    "
"broken","Sun Apr 26 03:17:47 UTC 2026","Sun Apr 26 03:17:47 UTC 2026","0","tests.admin_panel.slides","test_59_update_slide","","","","test_update_slide_invalid_payload[payload3-expected_code3]","
    Негативный тест: обновление слайда с невалидным или неполным телом запроса
    "
"failed","Sun Apr 26 03:38:49 UTC 2026","Sun Apr 26 03:38:49 UTC 2026","504","tests.cart","test_19_cart_empty_suggestions","","","","test_cart_empty_suggestions_success[partner]","Позитив: получение рекомендаций при пустой корзине"
"skipped","Sun Apr 26 03:35:14 UTC 2026","Sun Apr 26 03:35:14 UTC 2026","0","tests.account","test_history_personal_volumes","","","","test_get_personal_volumes_history_positive[partner-payload0]","Позитивные тесты на получение истории начисления личных объемов"
"passed","Sun Apr 26 03:23:07 UTC 2026","Sun Apr 26 03:23:07 UTC 2026","498","tests.statistic","test_team_go","","","","test_get_team_go_statistic_positive[payload1-partner]","Позитивный тест: получение статистики по команде с валидным телом запроса"
"failed","Sun Apr 26 03:38:31 UTC 2026","Sun Apr 26 03:38:31 UTC 2026","472","tests.account","test_0_referral_links","","","","test_get_referral_links_positive[client-403]","Позитивные тесты на получение реферальных ссылок"
"broken","Sun Apr 26 03:32:57 UTC 2026","Sun Apr 26 03:32:57 UTC 2026","0","tests.admin_panel.categories","test_49_delete_category","","","","test_delete_category_forbidden[client]","Негативный тест: попытка удаления категории не-админом."
"passed","Sun Apr 26 03:07:18 UTC 2026","Sun Apr 26 03:07:20 UTC 2026","2000","tests.one_c","test_cart_calculate_full_coverage","","","","test_large_cart[10]",""
"passed","Sun Apr 26 03:27:50 UTC 2026","Sun Apr 26 03:27:50 UTC 2026","530","tests.admin_panel","test_partner_accrual_details_common","","","","test_common_accrual_details_forbidden_to_non_admin[client]","
    Негатив: клиент/партнёр стучится в админ-ручку общей детализации → 403
    "
"passed","Sun Apr 26 03:30:13 UTC 2026","Sun Apr 26 03:30:13 UTC 2026","478","tests.catalog","test_get_recommended_products","","","","test_get_recommended_products_invalid_stock_id[abc]","
    Негативные значения stock_id
    "
"passed","Sun Apr 26 03:20:33 UTC 2026","Sun Apr 26 03:20:40 UTC 2026","7019","tests.cart","test_free_delivery_by_rc_and_belts","","","","test_below_threshold_contract[\u0425\u0430\u0431\u0430\u0440\u043e\u0432\u0441\u043a-client-zone_3-belt_cfg2]","
    КОНТРАКТ:
    free МОЖЕТ быть
    платная МОЖЕТ быть
    advance_costs МОЖЕТ быть []
    "
"broken","Sun Apr 26 03:31:52 UTC 2026","Sun Apr 26 03:31:52 UTC 2026","0","tests.admin_panel.promo","test_78_delete_promotion_item","","","","test_delete_promotion_item_forbidden[client]","Негативный тест: удаление элемента акции не-админом запрещено."
"skipped","Sun Apr 26 03:17:58 UTC 2026","Sun Apr 26 03:17:58 UTC 2026","0","tests.admin_panel.categories","test_50_upload_category_images","","","","test_upload_category_images_file_too_large[5.3-fields_to_send7-400]","Негативный тест: загрузка слишком большого изображения."
"broken","Sun Apr 26 03:28:32 UTC 2026","Sun Apr 26 03:28:32 UTC 2026","0","tests.orders","test_group_order_v2_create","","","","test_group_order_v2_multiple_active_orders_allowed[partner]","
    партнер может иметь несколько активных ГО одновременно
    "
"passed","Sun Apr 26 03:35:11 UTC 2026","Sun Apr 26 03:35:12 UTC 2026","476","tests.account","test_0_profile","","","","test_get_profile_positive[admin]","Позитивные тесты на получение данных пользовательского аккаунта"
"broken","Sun Apr 26 03:31:27 UTC 2026","Sun Apr 26 03:31:27 UTC 2026","0","tests.catalog","test_get_admin_product_translation","","","","test_get_admin_product_two_translations_success","Проверка получения двух переводов продукта (ru, en)."
"failed","Sun Apr 26 03:15:33 UTC 2026","Sun Apr 26 03:15:34 UTC 2026","547","tests.cart","test_02_get_delivery_cost","","","","test_get_delivery_cost_success_region_available_false[partner]","
    Позитив: успешное получение ТК, отправляя только country_id и city_name
    (Country.is_region_available = false)
    "
"passed","Sun Apr 26 03:27:32 UTC 2026","Sun Apr 26 03:27:32 UTC 2026","676","tests.reviews","test_reviews_list_post","","","","test_reviews_list_invalid_period_filter_returns_client_error[123/abc]",""
"broken","Sun Apr 26 03:39:40 UTC 2026","Sun Apr 26 03:39:40 UTC 2026","0","tests.temporary","test_compare_api_postgreSQL","","","","test_create_and_get_categories_by_id",""
"passed","Sun Apr 26 03:21:38 UTC 2026","Sun Apr 26 03:21:38 UTC 2026","463","tests.admin_panel.categories","test_80_create_category_translation","","","","test_create_category_translation_unauthorized","Негативный тест: создание перевода без авторизации."
"broken","Sun Apr 26 03:31:27 UTC 2026","Sun Apr 26 03:31:27 UTC 2026","0","tests.catalog","test_get_admin_product_translation","","","","test_get_admin_product_translation_forbidden[client]","Запрет получения переводов для клиента/партнёра."
"passed","Sun Apr 26 03:18:13 UTC 2026","Sun Apr 26 03:18:13 UTC 2026","168","tests.cart","test_update_location","","","","test_update_location_invalid_types[payload1]",""
"passed","Sun Apr 26 03:35:23 UTC 2026","Sun Apr 26 03:35:23 UTC 2026","703","tests.admin_panel","test_02_support_users_list","","","","test_partner_cannot_list_support_users",""
"passed","Sun Apr 26 03:15:37 UTC 2026","Sun Apr 26 03:15:37 UTC 2026","517","tests.cart","test_02_get_delivery_cost","","","","test_get_delivery_cost_success_partial_payload[client-payload5-400]",""
"passed","Sun Apr 26 03:24:17 UTC 2026","Sun Apr 26 03:24:18 UTC 2026","651","tests.admin_panel.users","test_post_admin_users_exclusive_preorder_permissions","","","","test_post_exclusive_preorder_permissions_requires_admin[client]","
    клиент/партнёр не могут управлять exclusive preorder permissions → 403
    "
"passed","Sun Apr 26 03:15:43 UTC 2026","Sun Apr 26 03:15:44 UTC 2026","514","tests.cart","test_02_get_delivery_cost","","","","test_get_delivery_cost_invalid_payload[client-payload0]","Негатив: некорректные входные данные"
"skipped","Sun Apr 26 03:18:23 UTC 2026","Sun Apr 26 03:18:23 UTC 2026","0","tests.PROJECT_EDUCATION.orders","test_post_orders","","","","test_post_orders_invalid_payload__400_422[payload15]","Негатив: невалидный body"
"passed","Sun Apr 26 03:07:44 UTC 2026","Sun Apr 26 03:07:45 UTC 2026","1022","tests.tickets","test_04_create_ticket","","","","test_create_ticket_success[client-attachments0-ChangePersonalData]","Позитивный тест: создание тикета с разными темами и вложениями для клиента, партнера и админа"
"skipped","Sun Apr 26 03:17:48 UTC 2026","Sun Apr 26 03:17:48 UTC 2026","0","tests.account","test_0_marathon","","","","test_get_marathon_is_purchased_negative[partner-400]","Негативный кейс — проверяет приобретал ли аккаунт марафонский набор (все поля)"
"passed","Sun Apr 26 03:05:52 UTC 2026","Sun Apr 26 03:05:53 UTC 2026","916","tests.one_c","test_cart_calculate_full_coverage","","","","test_products_large_numbers[price-999999999]",""
"passed","Sun Apr 26 03:22:15 UTC 2026","Sun Apr 26 03:22:16 UTC 2026","655","tests.delivery","test_get_delivery_countries","","","","test_get_delivery_countries_success[all-partner]","Позитив: успешное получение списка стран с разными значениями ?from=."
"skipped","Sun Apr 26 03:34:32 UTC 2026","Sun Apr 26 03:34:32 UTC 2026","510","tests.delivery","test_get_cargo_offices","","","","test_get_cargo_offices_unauthorized",""
"skipped","Sun Apr 26 03:34:36 UTC 2026","Sun Apr 26 03:34:36 UTC 2026","477","tests.delivery","test_get_delivery_regions","","","","test_get_delivery_regions_unauthorized","Негатив: запрос без авторизации."
"passed","Sun Apr 26 03:06:52 UTC 2026","Sun Apr 26 03:06:53 UTC 2026","869","tests.one_c","test_cart_calculate_full_coverage","","","","test_bonus_info_missing_bonus_list_fields[account_id]",""
"passed","Sun Apr 26 03:05:56 UTC 2026","Sun Apr 26 03:05:57 UTC 2026","802","tests.one_c","test_cart_calculate_full_coverage","","","","test_products_various_qty[3]",""
"broken","Sun Apr 26 03:18:29 UTC 2026","Sun Apr 26 03:18:29 UTC 2026","0","tests.admin_panel.sliders","test_54_update_slider","","","","test_update_slider_invalid_payload[payload11-422]","Негативный тест: обновление слайдера с невалидным или неполным телом запроса."
"passed","Sun Apr 26 03:18:46 UTC 2026","Sun Apr 26 03:18:46 UTC 2026","730","tests.cart","test_20_cart_recommended_products","","","","test_cart_recommended_products_invalid_cart_cookie_no_500[999999999999999999999-client]","
    невалидный cart_id в cookie
    "
"failed","Sun Apr 26 03:30:14 UTC 2026","Sun Apr 26 03:30:14 UTC 2026","671","tests.catalog","test_get_recommended_products","","","","test_get_recommended_products_without_token_success","
    Проверяем, что без токена возвращается валидный контракт
    "
"failed","Sun Apr 26 03:37:47 UTC 2026","Sun Apr 26 03:37:48 UTC 2026","475","tests.account","test_post_bonus_tokens","","","","test_get_bonus_tokens_positive[client]","Позитивные тесты на получение списка токенов"
"passed","Sun Apr 26 03:23:53 UTC 2026","Sun Apr 26 03:23:54 UTC 2026","498","tests.orders","test_create_order_by_delivery_address","","","","test_create_order_invalid_data[invalid_payload3-expected_status3-client]",""
"passed","Sun Apr 26 03:12:20 UTC 2026","Sun Apr 26 03:12:20 UTC 2026","521","tests.tickets","test_01_get_tickets","","","","test_get_tickets_invalid_pagination[invalid_pagination1-client]","Негативный тест: передаем некорректные значения в pagination"
"skipped","Sun Apr 26 03:31:33 UTC 2026","Sun Apr 26 03:31:33 UTC 2026","0","tests.PROJECT_EDUCATION.test_system","test_05_get_info","","","","test_get_info__200","Позитив: GET /test-system/test/{id} -> 200 и test.id совпадает"
"passed","Sun Apr 26 03:36:39 UTC 2026","Sun Apr 26 03:36:40 UTC 2026","479","tests.delivery","test_get_five_post_offices","","","","test_get_five_post_offices_missing_city_id_should_fail[admin]","Негатив: отсутствует обязательный query-параметр city_id → 400/422."
"passed","Sun Apr 26 03:36:41 UTC 2026","Sun Apr 26 03:36:41 UTC 2026","468","tests.delivery","test_get_five_post_offices","","","","test_get_five_post_offices_unauthorized","Негатив: запрос без авторизации."
"passed","Sun Apr 26 03:31:27 UTC 2026","Sun Apr 26 03:31:28 UTC 2026","694","tests.catalog","test_get_admin_product_translation","","","","test_get_admin_product_translation_invalid_id[abc]","Проверка получения перевода по невалидному product_id."
"passed","Sun Apr 26 03:31:25 UTC 2026","Sun Apr 26 03:31:26 UTC 2026","723","tests.admin_panel.items","test_get_item_translation","","","","test_get_item_translation_not_found",""
"passed","Sun Apr 26 03:33:30 UTC 2026","Sun Apr 26 03:33:30 UTC 2026","518","tests.delivery","test_mongpost_postcodes","","","","test_mongpost_postcodes_missing_city_id_should_fail[admin]","Негатив: отсутствует обязательный query-параметр city_id → 400/422."
"passed","Sun Apr 26 03:16:08 UTC 2026","Sun Apr 26 03:16:11 UTC 2026","3329","tests.cart","test_12_cart_estimate_delivery","","","","test_estimate_delivery_success[client-haypost-payload5]","
    Позитив: корзина с товаром, выбор способа доставки и расчёт стоимости для разных служб
    "
"skipped","Sun Apr 26 03:12:30 UTC 2026","Sun Apr 26 03:12:30 UTC 2026","0","tests.stock","test_create_stock","","","","test_create_stock_with_empty_string_log_if_not_200[address.station]",""
"skipped","Sun Apr 26 03:05:46 UTC 2026","Sun Apr 26 03:05:47 UTC 2026","851","tests.one_c","test_cart_calculate_full_coverage","","","","test_products_negative_numbers[quantity--1]",""
"skipped","Sun Apr 26 03:31:18 UTC 2026","Sun Apr 26 03:31:18 UTC 2026","0","tests.admin_panel","test_accrue_presidential_pool","","","","test_accrue_presidential_pool_forbidden[partner]",""
"passed","Sun Apr 26 03:18:19 UTC 2026","Sun Apr 26 03:18:19 UTC 2026","168","tests.cart","test_update_location","","","","test_update_location_city_id_and_city_name_conflict","
    Нельзя передавать одновременно city_id и city_name
    "
"passed","Sun Apr 26 03:15:45 UTC 2026","Sun Apr 26 03:15:45 UTC 2026","489","tests.cart","test_02_get_delivery_cost","","","","test_get_delivery_cost_invalid_payload[client-payload3]","Негатив: некорректные входные данные"
"skipped","Sun Apr 26 03:12:17 UTC 2026","Sun Apr 26 03:12:17 UTC 2026","0","tests.tickets","test_01_get_tickets","","","","test_get_tickets_success[filter0-sort0-search0-pagination1-client]","Позитивный тест: получение списка тикетов с разными комбинациями параметров"
"passed","Sun Apr 26 03:34:14 UTC 2026","Sun Apr 26 03:34:15 UTC 2026","531","tests.cart","test_04_cart_full_data","","","","test_full_data_invalid_calculate_delivery_flag[123-client]",""
"passed","Sun Apr 26 03:22:31 UTC 2026","Sun Apr 26 03:22:32 UTC 2026","465","tests.admin_panel.products","test_42_update_product_brand","","","","test_update_product_brand_unauthorized","Негативный тест: попытка обновления бренда без авторизации."
"passed","Sun Apr 26 03:29:37 UTC 2026","Sun Apr 26 03:29:37 UTC 2026","641","tests.admin_panel.products","test_41_get_product_brand_by_id","","","","test_get_product_brand_invalid_id[-1]","Негативный тест: получение бренда по невалидному ID"
"broken","Sun Apr 26 03:33:58 UTC 2026","Sun Apr 26 03:33:58 UTC 2026","0","tests.admin_panel.slides","test_62_slides_update_video_url","","","","test_update_video_url_empty","Позитивный тест: передача пустой строки — должен быть сгенерирован мастер-файл"
"passed","Sun Apr 26 03:31:58 UTC 2026","Sun Apr 26 03:31:58 UTC 2026","503","tests.auth","test_01_check_version","","","","test_check_version[unknown-1.0.0-400]","Тест проверяет API /check_version для разных платформ и версий."
"failed","Sun Apr 26 03:34:42 UTC 2026","Sun Apr 26 03:34:43 UTC 2026","486","tests.delivery","test_get_fargo_offices","","","","test_get_fargo_offices_invalid_city_id_should_fail[0-admin]","Негатив: невалидные значения city_id → 400/422."
"passed","Sun Apr 26 03:11:47 UTC 2026","Sun Apr 26 03:11:49 UTC 2026","1722","tests.tickets","test_04_create_ticket","","","","test_create_ticket_success[admin-attachments2-ChangePersonalData]","Позитивный тест: создание тикета с разными темами и вложениями для клиента, партнера и админа"
"skipped","Sun Apr 26 03:35:14 UTC 2026","Sun Apr 26 03:35:14 UTC 2026","0","tests.account","test_funds_transfer_list","","","","test_get_funds_transfer_list_positive[client-payload1]","Позитивные тесты на получение истории переводов/выводов средств"
"broken","Sun Apr 26 03:18:26 UTC 2026","Sun Apr 26 03:18:26 UTC 2026","0","tests.admin_panel.promo","test_74_update_promotion","","","","test_update_promotion_invalid_payload[payload9-422]","Негативный тест: обновление акции с невалидным или неполным телом запроса"
"passed","Sun Apr 26 03:08:50 UTC 2026","Sun Apr 26 03:08:52 UTC 2026","1644","tests.tickets","test_04_create_ticket","","","","test_create_ticket_success[client-attachments2-ReceivingDefectiveProductsOrShortage]","Позитивный тест: создание тикета с разными темами и вложениями для клиента, партнера и админа"
"skipped","Sun Apr 26 03:12:30 UTC 2026","Sun Apr 26 03:12:30 UTC 2026","0","tests.stock","test_create_stock","","","","test_create_stock_with_empty_string_log_if_not_200[is_yandex_delivery]",""
"skipped","Sun Apr 26 03:12:30 UTC 2026","Sun Apr 26 03:12:30 UTC 2026","0","tests.stock","test_create_stock","","","","test_create_stock_with_empty_string_log_if_not_200[timezone.dst_start]",""
"passed","Sun Apr 26 03:06:39 UTC 2026","Sun Apr 26 03:06:40 UTC 2026","846","tests.one_c","test_cart_calculate_full_coverage","","","","test_payment_missing_fields[transaction_id]",""
"passed","Sun Apr 26 03:29:58 UTC 2026","Sun Apr 26 03:29:58 UTC 2026","630","tests.cart","test_09_cart_save_region","","","","test_save_region_by_id_success[partner]","Позитив: сохранение региона по region_id"
"broken","Sun Apr 26 03:27:45 UTC 2026","Sun Apr 26 03:27:45 UTC 2026","0","tests.admin_panel","test_01_support_create_user","","","","test_admin_can_create_support_without_login_creates_support_user_with_suffix","
    Фактическое поведение бэкенда:
    - users.login для исходного пользователя (id = base_user) НЕ меняется
    - в users появляется вторая строка с login, содержащим '_support' и оригинальный login
    - в minions количество строк для этого пользователя не меняется
    "
"skipped","Sun Apr 26 03:12:17 UTC 2026","Sun Apr 26 03:12:17 UTC 2026","0","tests.tickets","test_01_get_tickets","","","","test_get_tickets_success[filter0-sort0-search0-pagination1-admin]","Позитивный тест: получение списка тикетов с разными комбинациями параметров"
"passed","Sun Apr 26 03:28:07 UTC 2026","Sun Apr 26 03:28:07 UTC 2026","707","tests.admin_panel.minions","test_admin_add_lo","","","","test_post_admin_add_lo_negative_missing_required_fields[payload0]","
    Негативные сценарии: отсутствуют обязательные поля.
    "
"passed","Sun Apr 26 03:22:12 UTC 2026","Sun Apr 26 03:22:13 UTC 2026","629","tests.delivery","test_get_delivery_countries","","","","test_get_delivery_countries_success[delivery-admin]","Позитив: успешное получение списка стран с разными значениями ?from=."
"skipped","Sun Apr 26 03:37:21 UTC 2026","Sun Apr 26 03:37:21 UTC 2026","0","tests.cart","test_exclusive_preorder_cart_update","","","","test_cart_update_checks_auth_first_400",""
"skipped","Sun Apr 26 03:05:28 UTC 2026","Sun Apr 26 03:05:29 UTC 2026","583","tests.one_c","test_cart_calculate_full_coverage","","","","test_required_fields[products]",""
"passed","Sun Apr 26 03:35:21 UTC 2026","Sun Apr 26 03:35:22 UTC 2026","1353","tests.account","test_update_avatar","","","","test_update_avatar_positive[admin-payload1]","Позитивные тесты на обновление аватара"
"skipped","Sun Apr 26 03:31:33 UTC 2026","Sun Apr 26 03:31:33 UTC 2026","0","tests.PROJECT_EDUCATION.test_system","test_04_finish_test","","","","test_finish_test_invalid_id__400_or_404[-1]",""
"passed","Sun Apr 26 03:23:10 UTC 2026","Sun Apr 26 03:23:11 UTC 2026","541","tests.statistic","test_team_go","","","","test_get_team_go_statistic_positive[payload3-client]","Позитивный тест: получение статистики по команде с валидным телом запроса"
"passed","Sun Apr 26 03:21:29 UTC 2026","Sun Apr 26 03:21:29 UTC 2026","490","tests.delivery","test_self_pickup_offices","","","","test_self_pickup_offices_success_without_auth",""
"passed","Sun Apr 26 03:21:33 UTC 2026","Sun Apr 26 03:21:34 UTC 2026","485","tests.delivery","test_self_pickup_offices","","","","test_self_pickup_offices_invalid_params[partner-params1]","
    Негатив: невалидные параметры  = 400
    "
"passed","Sun Apr 26 03:28:09 UTC 2026","Sun Apr 26 03:28:09 UTC 2026","635","tests.admin_panel.periods","test_get_period_by_id","","","","test_get_period_by_id__200_strict[admin]",""
"skipped","Sun Apr 26 03:30:25 UTC 2026","Sun Apr 26 03:30:25 UTC 2026","0","tests.chat_support","test_01_support_chat_messages_post","","","","test_create_message_visible_in_messages_list[client]","
    Позитив: отправленное сообщение появляется в /support-chat/messages
    "
"skipped","Sun Apr 26 03:33:44 UTC 2026","Sun Apr 26 03:33:45 UTC 2026","850","tests.stock","test_get_stocks","","","","test_get_stocks_invalid_country_id[abc-admin]","Проверка получения складов по невалидному country_id"
"passed","Sun Apr 26 03:23:11 UTC 2026","Sun Apr 26 03:23:11 UTC 2026","571","tests.statistic","test_team_go","","","","test_get_team_go_statistic_positive[payload3-partner]","Позитивный тест: получение статистики по команде с валидным телом запроса"
"broken","Sun Apr 26 03:31:31 UTC 2026","Sun Apr 26 03:31:31 UTC 2026","0","tests.tickets","test_12_delete_message","","","","test_delete_ticket_message_not_admin[partner]","Негативный тест: клиент/партнёр пытается удалить своё сообщение"
"skipped","Sun Apr 26 03:17:58 UTC 2026","Sun Apr 26 03:17:58 UTC 2026","0","tests.admin_panel.categories","test_50_upload_category_images","","","","test_upload_category_images_file_too_large[4.7-fields_to_send4-204]","Негативный тест: загрузка слишком большого изображения."
"passed","Sun Apr 26 03:37:21 UTC 2026","Sun Apr 26 03:37:22 UTC 2026","461","tests.one_c","test_create_1c_stock","","","","test_create_1c_stock_forbidden_without_secret_key",""
"passed","Sun Apr 26 03:31:57 UTC 2026","Sun Apr 26 03:31:58 UTC 2026","467","tests.auth","test_01_check_version","","","","test_check_version[Frontend-2.9.9-200]","Тест проверяет API /check_version для разных платформ и версий."
"passed","Sun Apr 26 03:21:47 UTC 2026","Sun Apr 26 03:21:48 UTC 2026","705","tests.admin_panel.items","test_create_item_translation","","","","test_create_item_translation_invalid_payload[payload5-code5]","Негативный тест: создание перевода с невалидным payload."
"passed","Sun Apr 26 03:21:55 UTC 2026","Sun Apr 26 03:21:56 UTC 2026","699","tests.admin_panel.promo","test_77_create_promotion_item","","","","test_create_promotion_item_invalid_ids[1-xyz-404]",""
"skipped","Sun Apr 26 03:06:02 UTC 2026","Sun Apr 26 03:06:03 UTC 2026","481","tests.one_c","test_cart_calculate_full_coverage","","","","test_products_missing_fields[article]",""
"skipped","Sun Apr 26 03:37:18 UTC 2026","Sun Apr 26 03:37:18 UTC 2026","513","tests.cart","test_16_cart_update_stock","","","","test_update_stock_invalid_payload[partner-payload0]","Негатив: невалидный payload"
"skipped","Sun Apr 26 03:26:50 UTC 2026","Sun Apr 26 03:26:50 UTC 2026","606","tests.delivery","test_get_cdek_offices","","","","test_get_cdek_offices_unauthorized",""
"passed","Sun Apr 26 03:18:06 UTC 2026","Sun Apr 26 03:18:06 UTC 2026","151","tests.cart","test_update_location","","","","test_update_location_invalid_payload[payload1]",""
"broken","Sun Apr 26 03:23:30 UTC 2026","Sun Apr 26 03:23:30 UTC 2026","0","tests.admin_panel.categories","test_57_v2_update_category","","","","test_v2_update_category_invalid_payload[payload6-422]","Негативный тест: обновление категории с невалидным или неполным телом запроса."
"passed","Sun Apr 26 03:13:39 UTC 2026","Sun Apr 26 03:13:39 UTC 2026","707","tests.account","test_update_utc_offset","","","","test_update_utc_offset_null_rejected",""
"passed","Sun Apr 26 03:19:31 UTC 2026","Sun Apr 26 03:19:39 UTC 2026","7241","tests.cart","test_free_delivery_by_rc_and_belts","","","","test_free_delivery_by_belts_contract[\u041d\u043e\u0432\u043e\u0441\u0438\u0431\u0438\u0440\u0441\u043a-client-zone_3-belt_cfg2]","
    КОНТРАКТ:
    - ручка работает
    - advance_costs может быть []
    - free может быть
    - платная доставка допустима
    "
"broken","Sun Apr 26 03:35:22 UTC 2026","Sun Apr 26 03:35:22 UTC 2026","0","tests.admin_panel","test_02_support_users_list","","","","test_admin_gets_support_users_list_with_navigation","
    GET /admin/support-users?page=0&page_size=20
    "
"broken","Sun Apr 26 03:33:34 UTC 2026","Sun Apr 26 03:33:34 UTC 2026","0","tests.orders","test_group_order_confirm","","","","test_group_order_confirm_foreign_group_order_forbidden[partner]",""
"passed","Sun Apr 26 03:23:00 UTC 2026","Sun Apr 26 03:23:01 UTC 2026","510","tests.statistic","test_team_activations","","","","test_get_team_activation_statistic_positive[payload3-client]","Позитивный тест: получение статистики по активации команды с валидным телом запроса"
"skipped","Sun Apr 26 03:33:49 UTC 2026","Sun Apr 26 03:33:49 UTC 2026","0","tests.admin_panel.products","test_01_delete_product_group","","","","test_delete_product_group_invalid_id[-1]","Негативный тест: удаление несуществующей или некорректной продукт группы."
"skipped","Sun Apr 26 03:36:41 UTC 2026","Sun Apr 26 03:36:41 UTC 2026","0","tests.stock","test_update_stock","","","","test_update_stock_success",""
"passed","Sun Apr 26 03:10:47 UTC 2026","Sun Apr 26 03:10:48 UTC 2026","1017","tests.tickets","test_04_create_ticket","","","","test_create_ticket_success[admin-attachments0-ReceivingDefectiveProducts]","Позитивный тест: создание тикета с разными темами и вложениями для клиента, партнера и админа"
"passed","Sun Apr 26 03:32:49 UTC 2026","Sun Apr 26 03:32:49 UTC 2026","651","tests.PROJECT_FUND.initiatives","test_get_report_by_id","","","","test_get_report_by_invalid_id[0-https://dev.ewahelps.com/api]","Негативный тест: невалидный или несуществующий path-параметр"
"skipped","Sun Apr 26 03:35:14 UTC 2026","Sun Apr 26 03:35:14 UTC 2026","0","tests.account","test_funds_transfer_send","","","","test_send_funds_transfer_positive[partner-payload0]","Позитивные тесты на перевод/вывод средств по visibleId"
"skipped","Sun Apr 26 03:32:39 UTC 2026","Sun Apr 26 03:32:39 UTC 2026","0","tests.tickets","test_11_update_message","","","","test_update_message_role_permissions[authorize_partner-200]","Проверка прав на редактирование сообщения в тикете"
"skipped","Sun Apr 26 03:27:45 UTC 2026","Sun Apr 26 03:27:45 UTC 2026","0","tests.account","test_get_languages","","","","test_get_languages_success[client--400]","Возвращает список языков, доступных для перевода"
"passed","Sun Apr 26 03:33:52 UTC 2026","Sun Apr 26 03:33:56 UTC 2026","3211","tests.admin_panel.products","test_02_recommended_products_add","","","","test_add_empty_recommendation_list","Попытка добавить пустой список рекомендованных товаров"
"skipped","Sun Apr 26 03:23:12 UTC 2026","Sun Apr 26 03:23:13 UTC 2026","546","tests.statistic","test_team_go","","","","test_get_team_go_statistic_negative[payload0-client]","Негативный тест: ошибка при получении статистики по команде с невалидным телом запроса"
"skipped","Sun Apr 26 03:27:05 UTC 2026","Sun Apr 26 03:27:05 UTC 2026","532","tests.delivery","test_get_emu_pickup_points","","","","test_get_emu_pickup_points_unauthorized","Негатив: запрос без авторизации."
"broken","Sun Apr 26 03:34:24 UTC 2026","Sun Apr 26 03:34:24 UTC 2026","0","tests.cart","test_11_cart_save_delivery_method","","","","test_cart_save_delivery_method_join_with_empty_cart_returns_400",""
"skipped","Sun Apr 26 03:12:17 UTC 2026","Sun Apr 26 03:12:17 UTC 2026","0","tests.tickets","test_01_get_tickets","","","","test_get_tickets_success[filter0-sort0-search0-pagination0-admin]","Позитивный тест: получение списка тикетов с разными комбинациями параметров"
"passed","Sun Apr 26 03:13:25 UTC 2026","Sun Apr 26 03:13:25 UTC 2026","641","tests.account","test_update_utc_offset","","","","test_update_utc_offset_happy_path_persists_to_account_profile[partner]",""
"skipped","Sun Apr 26 03:32:39 UTC 2026","Sun Apr 26 03:32:39 UTC 2026","0","tests.tickets","test_11_update_message","","","","test_update_message_role_permissions[authorize_admin-200]","Проверка прав на редактирование сообщения в тикете"
"skipped","Sun Apr 26 03:38:56 UTC 2026","Sun Apr 26 03:38:56 UTC 2026","0","tests.chat_support","test_04_support_chat_tags_get","","","","test_get_support_chat_tags_basic[partner]","
    Позитив: /support-chat/tags возвращает список тегов
    "
"skipped","Sun Apr 26 03:39:23 UTC 2026","Sun Apr 26 03:39:23 UTC 2026","0","tests.promo_time.new_year_lottery","test_new_year_lottery_accrual_and_views","","","","test_coupons_accrual_on_successful_payment","
    Позитив: при успешной оплате заказа начисляются купоны в new_year_lottery_coupons
    "
"passed","Sun Apr 26 03:06:23 UTC 2026","Sun Apr 26 03:06:24 UTC 2026","853","tests.one_c","test_cart_calculate_full_coverage","","","","test_packaging_missing_fields[box_id]",""
"skipped","Sun Apr 26 03:17:48 UTC 2026","Sun Apr 26 03:17:48 UTC 2026","0","tests.account","test_account_branded_wallet_get","","","","test_get_period_bad_types_400_or_422[period1-client]","
    Негатив: некорректные типы month/year → 400/422
    "
"broken","Sun Apr 26 03:24:13 UTC 2026","Sun Apr 26 03:24:13 UTC 2026","0","tests.admin_panel","test_04_generate_support_token","","","","test_partner_cannot_generate_support_token",""
"passed","Sun Apr 26 03:38:30 UTC 2026","Sun Apr 26 03:38:31 UTC 2026","624","tests.account","test_0_grades_rating","","","","test_get_grades_rating_positive[admin]","Позитивные тесты на получение рейтинга квалификаций"
"passed","Sun Apr 26 03:12:54 UTC 2026","Sun Apr 26 03:12:54 UTC 2026","521","tests.delivery","test_01_save_delivery_address","","","","test_save_address_invalid_types_should_fail[city_id-86990-client]",""
"passed","Sun Apr 26 03:21:54 UTC 2026","Sun Apr 26 03:21:55 UTC 2026","684","tests.admin_panel.promo","test_77_create_promotion_item","","","","test_create_promotion_item_invalid_ids[1-999999-404]",""
"broken","Sun Apr 26 03:39:23 UTC 2026","Sun Apr 26 03:39:23 UTC 2026","0","tests.orders","test_group_order_partner_regions","","","","test_partner_region_full_oos_returns_400[partner]","
    - если в регионе нет складов с наличием под item_ids =  400
    - выбор склада из другого региона запрещён
    "
"skipped","Sun Apr 26 03:06:04 UTC 2026","Sun Apr 26 03:06:04 UTC 2026","526","tests.one_c","test_cart_calculate_full_coverage","","","","test_products_invalid_values[None-article]",""
"passed","Sun Apr 26 03:34:45 UTC 2026","Sun Apr 26 03:34:45 UTC 2026","496","tests.delivery","test_get_georgian_post_pickup_points","","","","test_get_georgian_post_pickup_points_missing_city_id_should_fail[admin]","Негатив: отсутствует обязательный query-параметр city_id → 400/422."
"passed","Sun Apr 26 03:12:55 UTC 2026","Sun Apr 26 03:12:56 UTC 2026","518","tests.delivery","test_01_save_delivery_address","","","","test_save_address_invalid_types_should_fail[delivery-None-client]",""
"skipped","Sun Apr 26 03:12:18 UTC 2026","Sun Apr 26 03:12:18 UTC 2026","0","tests.tickets","test_01_get_tickets","","","","test_get_tickets_success[filter2-sort1-search2-pagination0-partner]","Позитивный тест: получение списка тикетов с разными комбинациями параметров"
"passed","Sun Apr 26 03:28:58 UTC 2026","Sun Apr 26 03:28:59 UTC 2026","1602","tests.reviews","test_reviews_delete_post","","","","test_reviews_delete_happy_path_admin_review_not_accessible_after_delete",""
"passed","Sun Apr 26 03:33:33 UTC 2026","Sun Apr 26 03:33:34 UTC 2026","537","tests.orders","test_group_order_confirm","","","","test_group_order_confirm_validation_errors[payload2-partner]",""
"passed","Sun Apr 26 03:32:10 UTC 2026","Sun Apr 26 03:32:11 UTC 2026","708","tests.catalog","test_product_get_by_slug","","","","test_get_product_by_slug_not_found[non-existing-slug-xyz-123]","
    Негативный: товар с указанным slug не найден
    "
"passed","Sun Apr 26 03:13:16 UTC 2026","Sun Apr 26 03:13:16 UTC 2026","522","tests.delivery","test_get_cities","","","","test_get_cities_invalid_country_id_should_fail[-admin]","
    Негатив: невалидный country_id → 400/422
    "
"passed","Sun Apr 26 03:24:20 UTC 2026","Sun Apr 26 03:24:21 UTC 2026","1194","tests.admin_panel.users","test_post_admin_users_exclusive_preorder_permissions","","","","test_post_exclusive_preorder_permissions_validation_errors_400[payload1]","
    Негатив: некорректный payload
    "
"passed","Sun Apr 26 03:29:39 UTC 2026","Sun Apr 26 03:29:39 UTC 2026","663","tests.admin_panel.products","test_41_get_product_brand_by_id","","","","test_get_product_brand_invalid_id[]","Негативный тест: получение бренда по невалидному ID"
"passed","Sun Apr 26 03:21:32 UTC 2026","Sun Apr 26 03:21:32 UTC 2026","509","tests.delivery","test_self_pickup_offices","","","","test_self_pickup_offices_invalid_params[client-params2]","
    Негатив: невалидные параметры  = 400
    "
"skipped","Sun Apr 26 03:35:14 UTC 2026","Sun Apr 26 03:35:14 UTC 2026","0","tests.account","test_family_agreement_create_three","","","","test_create_family_agreement_three_positive[partner-payload0]","Позитивные тесты на создание семейного соглашения при аннулировании второго партнера"
"failed","Sun Apr 26 03:30:07 UTC 2026","Sun Apr 26 03:30:07 UTC 2026","487","tests.cart","test_14_cart_update_personal_data","","","","test_update_personal_data_invalid_payload[partner-payload2]","
    Негатив: отсутствующие обязательные поля или невалидные значения
    "
"failed","Sun Apr 26 03:39:22 UTC 2026","Sun Apr 26 03:39:22 UTC 2026","566","tests.catalog","test_products_v2_categories","","","","test_get_products_v2_categories_success[client]","
    Позитивный: успешное получение списка категорий.
    "
"broken","Sun Apr 26 03:30:58 UTC 2026","Sun Apr 26 03:30:58 UTC 2026","0","tests.tickets","test_02_get_ticket_by_id","","","","test_get_ticket_success[partner]","Позитивный тест: успешное получение тикета по ID для клиента, партнера и администратора."
"broken","Sun Apr 26 03:17:47 UTC 2026","Sun Apr 26 03:17:47 UTC 2026","0","tests.admin_panel.slides","test_59_update_slide","","","","test_update_slide_invalid_id[-1]","Негативный тест: несуществующий или некорректный ID"
"broken","Sun Apr 26 03:23:33 UTC 2026","Sun Apr 26 03:23:33 UTC 2026","0","tests.admin_panel.items","test_create_item","","","","test_create_item_invalid_payload[payload2-expected_code2]","
    Негативный тест: создание варианта с невалидным телом запроса.
    Если сервер внезапно вернул успех — удаляем созданный item из БД.
    "
"skipped","Sun Apr 26 03:35:14 UTC 2026","Sun Apr 26 03:35:14 UTC 2026","0","tests.account","test_token","","","","test_add_token_positive[partner-payload1]","Позитивные тесты на добавление токена"
"passed","Sun Apr 26 03:26:38 UTC 2026","Sun Apr 26 03:26:39 UTC 2026","518","tests.delivery","test_get_boxberry_offices","","","","test_get_boxberry_offices_invalid_city_id_should_fail[1.5-admin]",""
"passed","Sun Apr 26 03:28:13 UTC 2026","Sun Apr 26 03:28:13 UTC 2026","515","tests.admin_panel.periods","test_get_period_by_id","","","","test_get_period_by_id__invalid_id_400_404[admin-1 2]",""
"broken","Sun Apr 26 03:33:56 UTC 2026","Sun Apr 26 03:33:56 UTC 2026","0","tests.admin_panel.slides","test_62_slides_get_upload_urls","","","","test_get_upload_urls_slider_not_video","Негативный тест: получение временных ссылок у слайда с типом 'image' вместо 'video'"
"failed","Sun Apr 26 03:22:41 UTC 2026","Sun Apr 26 03:22:42 UTC 2026","678","tests.admin_panel.promo","test_72_create_promotion","","","","test_create_promotion_invalid_data[payload10-422]","Негативные тесты: невалидные данные"
"passed","Sun Apr 26 03:15:43 UTC 2026","Sun Apr 26 03:15:43 UTC 2026","657","tests.cart","test_02_get_delivery_cost","","","","test_get_delivery_cost_success_partial_payload[partner-payload7-200]",""
"failed","Sun Apr 26 03:37:14 UTC 2026","Sun Apr 26 03:37:15 UTC 2026","498","tests.cart","test_15_cart_update_country","","","","test_update_country_success[partner]","Позитив: изменение страны доставки"
"passed","Sun Apr 26 03:32:57 UTC 2026","Sun Apr 26 03:32:58 UTC 2026","702","tests.admin_panel.categories","test_49_delete_category","","","","test_delete_category_invalid_id[-1]","Негативный тест: удаление несуществующей или некорректной категории."
"failed","Sun Apr 26 03:38:11 UTC 2026","Sun Apr 26 03:38:11 UTC 2026","497","tests.delivery","test_03_delete_delivery_address","","","","test_delete_address_positive_and_not_in_history[partner]",""
"skipped","Sun Apr 26 03:23:55 UTC 2026","Sun Apr 26 03:23:55 UTC 2026","0","tests.PROJECT_EDUCATION.test_system","test_03_user_answers","","","","test_user_answers_invalid_payload__400_or_422[payload0]",""
"failed","Sun Apr 26 03:38:28 UTC 2026","Sun Apr 26 03:38:29 UTC 2026","498","tests.account","test_0_funds_transfer_withdrawal_info","","","","test_get_withdrawal_info_positive[admin-403]","Позитивные тесты на получение информации о выводе средств"
"failed","Sun Apr 26 03:38:53 UTC 2026","Sun Apr 26 03:38:53 UTC 2026","472","tests.cart","test_25_cart_sync_delivery_country_on_profile_update","","","","test_cart_update_user_country_non_russia_syncs_delivery_country[client]","
    Если пользователь выбирает страну ≠ РФ,
    страна доставки в активной корзине должна автоматически стать такой же
    "
"skipped","Sun Apr 26 03:12:30 UTC 2026","Sun Apr 26 03:12:30 UTC 2026","0","tests.stock","test_create_stock","","","","test_create_stock_with_empty_string_log_if_not_200[timezone]",""
"passed","Sun Apr 26 03:29:03 UTC 2026","Sun Apr 26 03:29:04 UTC 2026","1037","tests.reviews","test_reviews_delete_post","","","","test_reviews_delete_multiple_reviews",""
"passed","Sun Apr 26 03:13:20 UTC 2026","Sun Apr 26 03:13:20 UTC 2026","470","tests.delivery","test_get_cities","","","","test_get_cities_invalid_region_id_should_fail[abc-admin]","
    Негатив: невалидный region_id
    "
"failed","Sun Apr 26 03:37:52 UTC 2026","Sun Apr 26 03:37:52 UTC 2026","487","tests.admin_panel.periods","test_get_periods_current","","","","test_get_periods_current__200_strict[client]",""
"passed","Sun Apr 26 03:17:05 UTC 2026","Sun Apr 26 03:17:08 UTC 2026","3259","tests.cart","test_12_cart_estimate_delivery","","","","test_estimate_delivery_success[partner-cargo-payload7]","
    Позитив: корзина с товаром, выбор способа доставки и расчёт стоимости для разных служб
    "
"passed","Sun Apr 26 03:18:54 UTC 2026","Sun Apr 26 03:18:57 UTC 2026","3570","tests.cart","test_20_cart_recommended_products","","","","test_cart_recommended_products_item_in_country_only_cart_no_500[partner]","
    Частично заполненная корзина
    "
"passed","Sun Apr 26 03:26:37 UTC 2026","Sun Apr 26 03:26:37 UTC 2026","514","tests.delivery","test_get_boxberry_offices","","","","test_get_boxberry_offices_invalid_city_id_should_fail[abc-admin]",""
"passed","Sun Apr 26 03:07:14 UTC 2026","Sun Apr 26 03:07:14 UTC 2026","495","tests.one_c","test_cart_calculate_full_coverage","","","","test_invalid_arrays[secret_keys-invalid]",""
"passed","Sun Apr 26 03:31:46 UTC 2026","Sun Apr 26 03:31:47 UTC 2026","501","tests.admin_panel.products","test_product_files_get_upload_urls","","","","test_get_upload_urls_forbidden[client]",""
"passed","Sun Apr 26 03:22:08 UTC 2026","Sun Apr 26 03:22:08 UTC 2026","493","tests.delivery","test_02_get_delivery_address","","","","test_history_invalid_pagination_should_fail[bad_body6-client]","
    Негатив: валидация PaginationRequest
    "
"passed","Sun Apr 26 03:31:22 UTC 2026","Sun Apr 26 03:31:23 UTC 2026","634","tests.admin_panel.items","test_get_item_translation","","","","test_get_item_translation_invalid_id[abc]",""
"skipped","Sun Apr 26 03:37:21 UTC 2026","Sun Apr 26 03:37:21 UTC 2026","0","tests.cart","test_exclusive_preorder_cart_update","","","","test_cart_update_checks_quantity_after_permission_400[partner]","
    Позитив+негатив
      - permission remaining_quantity=1
      - quantity=1 -> 200
      - quantity=2 -> 400
    "
"skipped","Sun Apr 26 03:12:15 UTC 2026","Sun Apr 26 03:12:15 UTC 2026","0","tests.tickets","test_04_create_ticket","","","","test_create_ticket_invalid_message[partner-]","Негативный тест: создание тикета без сообщения"
"passed","Sun Apr 26 03:27:12 UTC 2026","Sun Apr 26 03:27:12 UTC 2026","503","tests.delivery","test_get_self_pickup_offices","","","","test_get_self_pickup_offices_unauthorized","Негатив: запрос без авторизации."
"skipped","Sun Apr 26 03:31:09 UTC 2026","Sun Apr 26 03:31:09 UTC 2026","0","tests.PROJECT_EDUCATION.test_system","test_08_get_course_with_tests","","","","test_get_course_with_tests__invalid_id__400_404[abc]",""
"passed","Sun Apr 26 03:08:59 UTC 2026","Sun Apr 26 03:09:00 UTC 2026","1021","tests.tickets","test_04_create_ticket","","","","test_create_ticket_success[partner-attachments0-QuestionsAboutTheHousingAndCarProgram]","Позитивный тест: создание тикета с разными темами и вложениями для клиента, партнера и админа"
"broken","Sun Apr 26 03:27:18 UTC 2026","Sun Apr 26 03:27:18 UTC 2026","0","tests.admin_panel.products","test_product_files_update","","","","test_update_same_url_idempotent",""
"broken","Sun Apr 26 03:39:23 UTC 2026","Sun Apr 26 03:39:23 UTC 2026","0","tests.integration","test_order_courier_ru","","","","test_order_courier_ru[DPD]",""
"passed","Sun Apr 26 03:24:55 UTC 2026","Sun Apr 26 03:24:56 UTC 2026","867","tests.reviews","test_reviews_create_post","","","","test_reviews_create_happy_path_admin",""
"passed","Sun Apr 26 03:29:33 UTC 2026","Sun Apr 26 03:29:34 UTC 2026","709","tests.admin_panel.categories","test_47_get_categories_by_id","","","","test_get_categories_invalid_id[]","Негативный тест: получение категории по невалидному ID."
"skipped","Sun Apr 26 03:17:58 UTC 2026","Sun Apr 26 03:17:58 UTC 2026","0","tests.admin_panel.categories","test_50_upload_category_images","","","","test_upload_only_single_image_field_should_not_fill_others[image-test_jpg.jpg-image/jpeg-image]","Проверка: загрузка только одного из полей (icon, image, image_site) не должна заполнять другие."
"broken","Sun Apr 26 03:37:21 UTC 2026","Sun Apr 26 03:37:21 UTC 2026","0","tests.one_c","test_create_1c_stock","","","","test_create_1c_stock_upsert_updates_existing",""
"passed","Sun Apr 26 03:34:50 UTC 2026","Sun Apr 26 03:34:51 UTC 2026","1451","tests.delivery","test_get_kazpost_offices","","","","test_get_kazpost_offices_success[166407-client]","Позитив: успешное получение списка офисов Казпочты по city_id."
"skipped","Sun Apr 26 03:27:12 UTC 2026","Sun Apr 26 03:27:13 UTC 2026","495","tests.orders","test_group_order_change_country","","","","test_change_country_invalid_data[invalid_payload0-client]","Негативные тесты: передача некорректных данных"
"passed","Sun Apr 26 03:27:30 UTC 2026","Sun Apr 26 03:27:31 UTC 2026","674","tests.reviews","test_reviews_list_post","","","","test_reviews_list_invalid_period_filter_returns_client_error[123]",""
"skipped","Sun Apr 26 03:12:30 UTC 2026","Sun Apr 26 03:12:30 UTC 2026","0","tests.stock","test_create_stock","","","","test_create_stock_with_empty_string_log_if_not_200[timezone.id]",""
"passed","Sun Apr 26 03:26:47 UTC 2026","Sun Apr 26 03:26:48 UTC 2026","494","tests.delivery","test_get_cdek_offices","","","","test_get_cdek_offices_invalid_city_id_should_fail[1.5-admin]",""
"skipped","Sun Apr 26 03:35:14 UTC 2026","Sun Apr 26 03:35:14 UTC 2026","0","tests.account","test_funds_transfer_send","","","","test_send_funds_transfer_positive[partner-payload1]","Позитивные тесты на перевод/вывод средств по visibleId"
"passed","Sun Apr 26 03:20:25 UTC 2026","Sun Apr 26 03:20:28 UTC 2026","3383","tests.cart","test_free_delivery_by_rc_and_belts","","","","test_below_threshold_contract[\u0425\u0430\u0431\u0430\u0440\u043e\u0432\u0441\u043a-client-zone_1-belt_cfg0]","
    КОНТРАКТ:
    free МОЖЕТ быть
    платная МОЖЕТ быть
    advance_costs МОЖЕТ быть []
    "
"passed","Sun Apr 26 03:21:50 UTC 2026","Sun Apr 26 03:21:51 UTC 2026","718","tests.admin_panel.products","test_44_upload_product_brand_images","","","","test_upload_product_brand_images_invalid_id","Негативный тест: несуществующий ID бренда."
"passed","Sun Apr 26 03:21:16 UTC 2026","Sun Apr 26 03:21:16 UTC 2026","495","tests.admin_panel.slides","test_57_create_slide","","","","test_create_slide_unauthorized","Негативный тест: создание слайда без авторизации"
"failed","Sun Apr 26 03:38:52 UTC 2026","Sun Apr 26 03:38:53 UTC 2026","509","tests.cart","test_22_cart_fill_advanced_cost","","","","test_fill_advanced_cost_without_delivery_method_returns_ok[client]","
    используется fallback delivery_method
    "
"failed","Sun Apr 26 03:38:27 UTC 2026","Sun Apr 26 03:38:27 UTC 2026","470","tests.account","test_0_family_agreement_get","","","","test_get_family_agreement_positive[payload0-admin]","Позитивные тесты на получение данных о семейном соглашении"
"skipped","Sun Apr 26 03:12:30 UTC 2026","Sun Apr 26 03:12:30 UTC 2026","1","tests.stock","test_create_stock","","","","test_create_stock_with_empty_string_log_if_not_200[city]",""
"skipped","Sun Apr 26 03:31:33 UTC 2026","Sun Apr 26 03:31:33 UTC 2026","0","tests.PROJECT_EDUCATION.test_system","test_04_finish_test","","","","test_finish_test_unauthorized__401_or_404",""
"broken","Sun Apr 26 03:21:51 UTC 2026","Sun Apr 26 03:21:51 UTC 2026","0","tests.admin_panel.promo","test_77_create_promotion_item","","","","test_create_promotion_item_invalid_payload[payload1-400]",""
"passed","Sun Apr 26 03:32:39 UTC 2026","Sun Apr 26 03:32:40 UTC 2026","504","tests.tickets","test_11_update_message","","","","test_update_nonexistent_message[client]","Негативный тест: попытка редактирования несуществующего сообщения"
"passed","Sun Apr 26 03:27:09 UTC 2026","Sun Apr 26 03:27:09 UTC 2026","516","tests.delivery","test_get_self_pickup_offices","","","","test_get_self_pickup_offices_invalid_city_id_should_fail[0-admin]","Негатив: невалидные значения city_id → 400/422."
"passed","Sun Apr 26 03:21:06 UTC 2026","Sun Apr 26 03:21:06 UTC 2026","504","tests.delivery","test_get_cities_v2","","","","test_get_cities_v2_invalid_city_name_should_fail[-admin]","
    Негатив: city_name — строка, minLength=2
    "
"skipped","Sun Apr 26 03:12:30 UTC 2026","Sun Apr 26 03:12:30 UTC 2026","0","tests.stock","test_create_stock","","","","test_create_stock_with_empty_string_log_if_not_200[address.city]",""
"passed","Sun Apr 26 03:12:08 UTC 2026","Sun Apr 26 03:12:09 UTC 2026","973","tests.tickets","test_04_create_ticket","","","","test_create_ticket_invalid_request_type[admin--200]","Негативный тест: попытка создания тикета с неверным типом request_type"
"passed","Sun Apr 26 03:07:17 UTC 2026","Sun Apr 26 03:07:18 UTC 2026","829","tests.one_c","test_cart_calculate_full_coverage","","","","test_large_cart[1]",""
"passed","Sun Apr 26 03:38:54 UTC 2026","Sun Apr 26 03:38:54 UTC 2026","528","tests.cart","test_25_cart_sync_delivery_country_on_profile_update","","","","test_cart_update_user_country_unauthorized","
    Негатив: смена страны пользователя без авторизации
    "
"passed","Sun Apr 26 03:24:37 UTC 2026","Sun Apr 26 03:24:38 UTC 2026","471","tests.cart","test_10_cart_save_city","","","","test_save_city_invalid_payload[client-payload4]","Негатив: невалидный payload."
"passed","Sun Apr 26 03:32:11 UTC 2026","Sun Apr 26 03:32:12 UTC 2026","478","tests.catalog","test_product_get_by_slug","","","","test_get_product_by_slug_wrong_method[post-client]","
    Негативный: неверный HTTP-метод для GET /products/{slug}
    "
"broken","Sun Apr 26 03:31:22 UTC 2026","Sun Apr 26 03:31:22 UTC 2026","0","tests.admin_panel.items","test_get_item_translation","","","","test_get_item_translation_forbidden[partner]","
    Негативный тест: client/partner не может читать переводы item
    "
"broken","Sun Apr 26 03:33:07 UTC 2026","Sun Apr 26 03:33:07 UTC 2026","0","tests.admin_panel.products","test_43_delete_product_brand","","","","test_delete_product_brand_forbidden[partner]","Негативный тест: попытка удаления бренда не-админом."
"skipped","Sun Apr 26 03:35:14 UTC 2026","Sun Apr 26 03:35:14 UTC 2026","0","tests.account","test_token_revoke","","","","test_revoke_token_positive[admin-payload1]","Позитивные тесты на удаление токена"
"passed","Sun Apr 26 03:32:34 UTC 2026","Sun Apr 26 03:32:35 UTC 2026","693","tests.stock","test_get_group_orders","","","","test_get_group_orders[partner]","Запрос всех складов для групповых заказов"
"skipped","Sun Apr 26 03:06:59 UTC 2026","Sun Apr 26 03:07:00 UTC 2026","863","tests.one_c","test_cart_calculate_full_coverage","","","","test_email_validation[shipping_customer-@mail.com]",""
"skipped","Sun Apr 26 03:18:23 UTC 2026","Sun Apr 26 03:18:23 UTC 2026","0","tests.PROJECT_EDUCATION.orders","test_post_orders","","","","test_post_orders_invalid_payload__400_422[payload14]","Негатив: невалидный body"
"failed","Sun Apr 26 03:28:02 UTC 2026","Sun Apr 26 03:28:03 UTC 2026","642","tests.admin_panel.categories","test_56_v2_create_category","","","","test_v2_create_category_invalid_payload[payload4-422]","Негативный тест: создание категории с невалидным телом запроса."
"passed","Sun Apr 26 03:32:29 UTC 2026","Sun Apr 26 03:32:29 UTC 2026","702","tests.reviews","test_reviews_get_by_id","","","","test_reviews_get_by_id_invalid_id_returns_client_error[None]",""
"passed","Sun Apr 26 03:37:49 UTC 2026","Sun Apr 26 03:37:49 UTC 2026","502","tests.account","test_post_bonus_tokens","","","","test_get_bonus_tokens_unauthorized","Негативный тест: без авторизации."
"broken","Sun Apr 26 03:29:31 UTC 2026","Sun Apr 26 03:29:31 UTC 2026","0","tests.admin_panel.categories","test_47_get_categories_by_id","","","","test_get_categories_by_id_forbidden[partner]","Негативный тест: получение категории по ID не-админом."
"skipped","Sun Apr 26 03:17:58 UTC 2026","Sun Apr 26 03:17:58 UTC 2026","0","tests.admin_panel.categories","test_50_upload_category_images","","","","test_upload_category_images_forbidden[partner]","Негативный тест: неадмин не может загрузить изображения категории."
"passed","Sun Apr 26 03:05:39 UTC 2026","Sun Apr 26 03:05:39 UTC 2026","579","tests.one_c","test_cart_calculate_full_coverage","","","","test_invalid_top_types[creator-123]",""
"passed","Sun Apr 26 03:31:02 UTC 2026","Sun Apr 26 03:31:03 UTC 2026","646","tests.tickets","test_02_get_ticket_by_id","","","","test_get_ticket_not_found[99999999]","Негативный тест: тикет с указанным ID не найден."
"passed","Sun Apr 26 03:31:52 UTC 2026","Sun Apr 26 03:31:53 UTC 2026","729","tests.admin_panel.promo","test_78_delete_promotion_item","","","","test_delete_promotion_item_invalid_id[-1--1]","Негативный тест: удаление элемента акции с невалидным ID продукта."
"passed","Sun Apr 26 03:32:51 UTC 2026","Sun Apr 26 03:32:51 UTC 2026","704","tests.PROJECT_FUND.initiatives","test_get_report_by_id","","","","test_get_report_by_invalid_id[None-https://dev.ewahelps.com/api]","Негативный тест: невалидный или несуществующий path-параметр"
"passed","Sun Apr 26 03:22:22 UTC 2026","Sun Apr 26 03:22:22 UTC 2026","509","tests.admin_panel.products","test_40_create_product_brand","","","","test_create_product_brand_unauthorized","Негативный тест: создание бренда без авторизации."
"skipped","Sun Apr 26 03:17:48 UTC 2026","Sun Apr 26 03:17:48 UTC 2026","0","tests.account","test_account_branded_wallet_get","","","","test_get_missing_params_returns_200[client]","
    Негатив: отсутствуют month/year → 200(берем теуще)
    "
"skipped","Sun Apr 26 03:33:45 UTC 2026","Sun Apr 26 03:33:45 UTC 2026","479","tests.stock","test_get_stocks","","","","test_get_stocks_invalid_country_id[-1-admin]","Проверка получения складов по невалидному country_id"
"passed","Sun Apr 26 03:13:02 UTC 2026","Sun Apr 26 03:13:02 UTC 2026","467","tests.delivery","test_01_save_delivery_address","","","","test_save_address_empty_required_strings_should_fail[   -email-client]",""
"passed","Sun Apr 26 03:09:39 UTC 2026","Sun Apr 26 03:09:41 UTC 2026","1728","tests.tickets","test_04_create_ticket","","","","test_create_ticket_success[partner-attachments1-QuestionsAboutTheRewardSystemMarketingPlan]","Позитивный тест: создание тикета с разными темами и вложениями для клиента, партнера и админа"
"passed","Sun Apr 26 03:08:40 UTC 2026","Sun Apr 26 03:08:42 UTC 2026","1678","tests.tickets","test_04_create_ticket","","","","test_create_ticket_success[client-attachments2-QuestionsAboutTheMarriageContract]","Позитивный тест: создание тикета с разными темами и вложениями для клиента, партнера и админа"
"passed","Sun Apr 26 03:24:57 UTC 2026","Sun Apr 26 03:24:58 UTC 2026","688","tests.reviews","test_reviews_create_post","","","","test_reviews_create_missing_required_field_returns_400[payload2]",""
"passed","Sun Apr 26 03:13:29 UTC 2026","Sun Apr 26 03:13:29 UTC 2026","716","tests.account","test_update_utc_offset","","","","test_update_utc_offset_valid_values[+00-expected0-partner]",""
"skipped","Sun Apr 26 03:06:09 UTC 2026","Sun Apr 26 03:06:10 UTC 2026","806","tests.one_c","test_cart_calculate_full_coverage","","","","test_packaging_invalid_numbers[height--1]",""
"skipped","Sun Apr 26 03:31:40 UTC 2026","Sun Apr 26 03:31:40 UTC 2026","522","tests.account","test_post_downgrade_user","","","","test_downgrade_validation_errors[bad_payload5-admin]","
    Валидация: битый payload → 400/422.
    "
"passed","Sun Apr 26 03:08:15 UTC 2026","Sun Apr 26 03:08:17 UTC 2026","1823","tests.tickets","test_04_create_ticket","","","","test_create_ticket_success[client-attachments1-ChangePersonalData]","Позитивный тест: создание тикета с разными темами и вложениями для клиента, партнера и админа"
"passed","Sun Apr 26 03:29:29 UTC 2026","Sun Apr 26 03:29:30 UTC 2026","655","tests.admin_panel","test_partner_accrual_details_main_bonus","","","","test_main_bonus_details_invalid_query_params[query5-expected_codes5]","
    Негатив: валидация query-параметров main-bonus
    "
"broken","Sun Apr 26 03:21:38 UTC 2026","Sun Apr 26 03:21:38 UTC 2026","0","tests.admin_panel.categories","test_80_create_category_translation","","","","test_create_category_translation_success[kk]","Позитивный тест: создание/обновление перевода категории для разных языков."
"skipped","Sun Apr 26 03:12:18 UTC 2026","Sun Apr 26 03:12:18 UTC 2026","0","tests.tickets","test_01_get_tickets","","","","test_get_tickets_success[filter2-sort0-search0-pagination1-client]","Позитивный тест: получение списка тикетов с разными комбинациями параметров"
"passed","Sun Apr 26 03:28:12 UTC 2026","Sun Apr 26 03:28:13 UTC 2026","481","tests.admin_panel.periods","test_get_period_by_id","","","","test_get_period_by_id__invalid_id_400_404[admin-1.5]",""
"passed","Sun Apr 26 03:22:26 UTC 2026","Sun Apr 26 03:22:26 UTC 2026","641","tests.admin_panel.products","test_40_create_product_brand","","","","test_create_product_brand_invalid_payload[payload5-expected_codes5]","Негативные кейсы: невалидные поля при создании бренда."
"passed","Sun Apr 26 03:11:54 UTC 2026","Sun Apr 26 03:11:56 UTC 2026","1691","tests.tickets","test_04_create_ticket","","","","test_create_ticket_success[admin-attachments2-ReceivingProductsShortage]","Позитивный тест: создание тикета с разными темами и вложениями для клиента, партнера и админа"
"skipped","Sun Apr 26 03:31:33 UTC 2026","Sun Apr 26 03:31:33 UTC 2026","0","tests.PROJECT_EDUCATION.test_system","test_02_get_question","","","","test_get_question_invalid_id__400_or_404[0]",""
"broken","Sun Apr 26 03:23:30 UTC 2026","Sun Apr 26 03:23:30 UTC 2026","0","tests.admin_panel.categories","test_57_v2_update_category","","","","test_v2_update_category_invalid_payload[payload3-400]","Негативный тест: обновление категории с невалидным или неполным телом запроса."
"broken","Sun Apr 26 03:27:45 UTC 2026","Sun Apr 26 03:27:45 UTC 2026","0","tests.admin_panel","test_01_support_create_user","","","","test_duplicate_login_returns_4xx","
    Негатив: создаём двух пользователей с ОДИНАКОВЫМ login саппорта
    "
"passed","Sun Apr 26 03:15:34 UTC 2026","Sun Apr 26 03:15:35 UTC 2026","633","tests.cart","test_02_get_delivery_cost","","","","test_get_delivery_cost_success_partial_payload[client-payload1-200]",""
"passed","Sun Apr 26 03:14:06 UTC 2026","Sun Apr 26 03:14:08 UTC 2026","2137","tests.cart","test_01_user_locale","","","","test_update_user_locale_valid_payload[client-payload4]",""
"failed","Sun Apr 26 03:28:59 UTC 2026","Sun Apr 26 03:29:00 UTC 2026","718","tests.reviews","test_reviews_delete_post","","","","test_reviews_delete_invalid_payload_returns_client_error[bad_delete0]",""
"passed","Sun Apr 26 03:17:02 UTC 2026","Sun Apr 26 03:17:05 UTC 2026","3377","tests.cart","test_12_cart_estimate_delivery","","","","test_estimate_delivery_success[partner-haypost-payload6]","
    Позитив: корзина с товаром, выбор способа доставки и расчёт стоимости для разных служб
    "
"passed","Sun Apr 26 03:28:18 UTC 2026","Sun Apr 26 03:28:19 UTC 2026","672","tests.admin_panel.slides","test_0_slides_sort","","","","test_slides_sort_invalid_id[]","Негативный тест: невалидный path parameter."
"passed","Sun Apr 26 03:22:02 UTC 2026","Sun Apr 26 03:22:03 UTC 2026","474","tests.delivery","test_02_get_delivery_address","","","","test_history_invalid_pagination_should_fail[bad_body0-partner]","
    Негатив: валидация PaginationRequest
    "
"passed","Sun Apr 26 03:27:01 UTC 2026","Sun Apr 26 03:27:01 UTC 2026","500","tests.delivery","test_get_emu_pickup_points","","","","test_get_emu_pickup_points_invalid_city_id_should_fail[abc-admin]","Негатив: невалидные значения city_id → 400/422."
"skipped","Sun Apr 26 03:27:45 UTC 2026","Sun Apr 26 03:27:45 UTC 2026","0","tests.account","test_get_languages","","","","test_get_languages_success[partner-web-200]","Возвращает список языков, доступных для перевода"
"skipped","Sun Apr 26 03:06:28 UTC 2026","Sun Apr 26 03:06:29 UTC 2026","867","tests.one_c","test_cart_calculate_full_coverage","","","","test_payment_invalid_numbers[is_bonus--1]",""
"skipped","Sun Apr 26 03:32:14 UTC 2026","Sun Apr 26 03:32:14 UTC 2026","0","tests.fund","test_get_top_donors","","","","test_get_top_donors_success[start-https://dev.ewahelps.com/api]",""
"passed","Sun Apr 26 03:26:48 UTC 2026","Sun Apr 26 03:26:49 UTC 2026","504","tests.delivery","test_get_cdek_offices","","","","test_get_cdek_offices_invalid_city_id_should_fail[None-admin]",""
"passed","Sun Apr 26 03:35:12 UTC 2026","Sun Apr 26 03:35:12 UTC 2026","632","tests.account","test_0_profile","","","","test_get_profile_contains_updated_utc_offset_after_update[client]",""
"broken","Sun Apr 26 03:33:11 UTC 2026","Sun Apr 26 03:33:11 UTC 2026","0","tests.admin_panel.promo","test_75_delete_promotion_by_id","","","","test_delete_promotion_forbidden[partner]","Негативный тест: попытка удаления акции не-админом."
"skipped","Sun Apr 26 03:35:14 UTC 2026","Sun Apr 26 03:35:14 UTC 2026","0","tests.account","test_history_personal_volumes_admin","","","","test_get_personal_volumes_history_admin_positive[partner-payload0]","Позитивные тесты на получение истории начисления личных объемов для админа"
"passed","Sun Apr 26 03:21:30 UTC 2026","Sun Apr 26 03:21:31 UTC 2026","582","tests.delivery","test_self_pickup_offices","","","","test_self_pickup_offices_unknown_city_returns_empty_list[admin]","
    Позитив: неизвестный city_id -> 200 и пустой список
    "
"passed","Sun Apr 26 03:34:15 UTC 2026","Sun Apr 26 03:34:16 UTC 2026","513","tests.cart","test_04_cart_full_data","","","","test_full_data_invalid_calculate_delivery_flag[bad_flag3-client]",""
"skipped","Sun Apr 26 03:34:54 UTC 2026","Sun Apr 26 03:34:55 UTC 2026","651","tests.delivery","test_get_kazpost_offices","","","","test_get_kazpost_offices_unauthorized","Негатив: запрос без авторизации."
"skipped","Sun Apr 26 03:31:18 UTC 2026","Sun Apr 26 03:31:18 UTC 2026","0","tests.admin_panel","test_accrue_gold_pro_gift","","","","test_accrue_gold_pro_gift_invalid_payload[payload1-400]",""
"broken","Sun Apr 26 03:23:30 UTC 2026","Sun Apr 26 03:23:30 UTC 2026","0","tests.admin_panel.categories","test_57_v2_update_category","","","","test_v2_update_category_invalid_payload[payload2-expected_code2]","Негативный тест: обновление категории с невалидным или неполным телом запроса."
"skipped","Sun Apr 26 03:34:48 UTC 2026","Sun Apr 26 03:34:48 UTC 2026","486","tests.delivery","test_get_haypost_offices","","","","test_get_haypost_offices_success[186343-admin]","Позитив: успешное получение списка офисов по city_id."
"skipped","Sun Apr 26 03:12:30 UTC 2026","Sun Apr 26 03:12:30 UTC 2026","0","tests.stock","test_create_stock","","","","test_create_stock_with_empty_string_log_if_not_200[boxberry_office_code]",""
"broken","Sun Apr 26 03:21:15 UTC 2026","Sun Apr 26 03:21:15 UTC 2026","0","tests.catalog","test_update_admin_product","","","","test_update_admin_product_invalid_payload[update_payload9-422]",""
"broken","Sun Apr 26 03:18:21 UTC 2026","Sun Apr 26 03:18:21 UTC 2026","0","tests.one_c","test_free_delivery_to_regions_and_cities","","","","test_1c_free_delivery_forbidden_with_wrong_secret_key",""
"passed","Sun Apr 26 03:32:14 UTC 2026","Sun Apr 26 03:32:14 UTC 2026","463","tests.catalog","test_product_get_by_slug","","","","test_get_product_by_slug_invalid_slug_value[%20-client]",""
"passed","Sun Apr 26 03:33:17 UTC 2026","Sun Apr 26 03:33:17 UTC 2026","488","tests.admin_panel.slides","test_60_delete_slides","","","","test_delete_slide_unauthorized","Негативный тест: попытка удаления слайда без авторизации"
"passed","Sun Apr 26 03:29:46 UTC 2026","Sun Apr 26 03:29:47 UTC 2026","498","tests.admin_panel.promo","test_73_get_promotion_by_id","","","","test_get_promotions_unauthorized","Негативный тест: без авторизации"
"skipped","Sun Apr 26 03:12:30 UTC 2026","Sun Apr 26 03:12:30 UTC 2026","0","tests.stock","test_create_stock","","","","test_create_stock_with_empty_string_log_if_not_200[address.house_number]",""
"broken","Sun Apr 26 03:21:22 UTC 2026","Sun Apr 26 03:21:22 UTC 2026","0","tests.catalog","test_create_admin_product_translation","","","","test_create_admin_product_translation_success[uz]","Создание и обновление перевода продукта на разных языках."
"skipped","Sun Apr 26 03:29:36 UTC 2026","Sun Apr 26 03:29:36 UTC 2026","0","tests.admin_panel.products","test_01_create_product_group","","","","test_create_product_group_invalid_payload[payload3-422]",""
"broken","Sun Apr 26 03:39:40 UTC 2026","Sun Apr 26 03:39:40 UTC 2026","0","tests.orders","test_group_order_order_model_lowercase","","","","test_order_model_lowercase_keys[partner]","
    Все ключи Order должны быть в lower_snake_case.
    Проверяем модель Order из create-ответа
    "
"skipped","Sun Apr 26 03:35:14 UTC 2026","Sun Apr 26 03:35:14 UTC 2026","0","tests.account","test_family_agreement_update_status","","","","test_update_family_agreement_status_positive[admin-payload0]","Позитивные тесты на изменение статуса семейного соглашения"
"passed","Sun Apr 26 03:28:36 UTC 2026","Sun Apr 26 03:28:36 UTC 2026","490","tests.orders","test_group_order_v2_create","","","","test_group_order_v2_invalid_payloads[partner-payload6]",""
"skipped","Sun Apr 26 03:31:07 UTC 2026","Sun Apr 26 03:31:08 UTC 2026","666","tests.tickets","test_09_get_ticket_messages","","","","test_get_ticket_messages_invalid_id_format[]","Негативный тест: запрос с некорректным ID (строка, спецсимволы, пустое значение)"
"passed","Sun Apr 26 03:32:12 UTC 2026","Sun Apr 26 03:32:13 UTC 2026","511","tests.catalog","test_product_get_by_slug","","","","test_get_product_by_slug_wrong_method[delete-client]","
    Негативный: неверный HTTP-метод для GET /products/{slug}
    "
"failed","Sun Apr 26 03:37:16 UTC 2026","Sun Apr 26 03:37:17 UTC 2026","476","tests.cart","test_16_cart_update_stock","","","","test_update_stock_success[client]","Позитив: изменение склада"
"skipped","Sun Apr 26 03:06:34 UTC 2026","Sun Apr 26 03:06:34 UTC 2026","819","tests.one_c","test_cart_calculate_full_coverage","","","","test_payment_invalid_uuid[]",""
"skipped","Sun Apr 26 03:12:18 UTC 2026","Sun Apr 26 03:12:18 UTC 2026","0","tests.tickets","test_01_get_tickets","","","","test_get_tickets_success[filter2-sort1-search1-pagination0-admin]","Позитивный тест: получение списка тикетов с разными комбинациями параметров"
"broken","Sun Apr 26 03:38:17 UTC 2026","Sun Apr 26 03:38:17 UTC 2026","0","tests.promo_time.new_year_lottery","test_new_year_lottery_info","","","","test_get_new_year_lottery_info_with_history[client]","
    Для текущего пользователя руками создаём несколько купонов:
      - is_valid = true → попадают в coupons_history и идут в total_coupons_count
      - is_valid = false → игнорируются
    "
"passed","Sun Apr 26 03:22:05 UTC 2026","Sun Apr 26 03:22:05 UTC 2026","489","tests.delivery","test_02_get_delivery_address","","","","test_history_invalid_pagination_should_fail[bad_body3-client]","
    Негатив: валидация PaginationRequest
    "
"passed","Sun Apr 26 03:35:56 UTC 2026","Sun Apr 26 03:36:01 UTC 2026","5128","tests.cart","test_07_cart_update_multi","","","","test_cart_update_multi_calculate_delivery_false_resets_advance_costs[client]",""
"skipped","Sun Apr 26 03:33:49 UTC 2026","Sun Apr 26 03:33:49 UTC 2026","0","tests.admin_panel.products","test_01_delete_product_group","","","","test_delete_product_group_invalid_id[0]","Негативный тест: удаление несуществующей или некорректной продукт группы."
"passed","Sun Apr 26 03:29:43 UTC 2026","Sun Apr 26 03:29:44 UTC 2026","635","tests.admin_panel.promo","test_73_get_promotion_by_id","","","","test_get_promotion_invalid_id[None]","Негативный тест: получение акции по невалидному ID"
"failed","Sun Apr 26 03:37:48 UTC 2026","Sun Apr 26 03:37:49 UTC 2026","519","tests.account","test_post_bonus_tokens","","","","test_get_bonus_tokens_positive[admin]","Позитивные тесты на получение списка токенов"
"passed","Sun Apr 26 03:35:19 UTC 2026","Sun Apr 26 03:35:21 UTC 2026","1302","tests.account","test_update_avatar","","","","test_update_avatar_positive[admin-payload0]","Позитивные тесты на обновление аватара"
"passed","Sun Apr 26 03:22:05 UTC 2026","Sun Apr 26 03:22:06 UTC 2026","479","tests.delivery","test_02_get_delivery_address","","","","test_history_invalid_pagination_should_fail[bad_body3-partner]","
    Негатив: валидация PaginationRequest
    "
"broken","Sun Apr 26 03:22:45 UTC 2026","Sun Apr 26 03:22:45 UTC 2026","0","tests.admin_panel.promo","test_72_create_promotion","","","","test_create_duplicate_promotion_should_fail","Негативный тест: попытка создать акцию с тем же уникальным полем name"
"passed","Sun Apr 26 03:30:02 UTC 2026","Sun Apr 26 03:30:03 UTC 2026","638","tests.cart","test_14_cart_update_personal_data","","","","test_update_personal_data_success[client-payload0]","
    Позитив: обновление персональных данных
    "
"skipped","Sun Apr 26 03:31:18 UTC 2026","Sun Apr 26 03:31:18 UTC 2026","0","tests.admin_panel","test_accrue_presidential_pool","","","","test_accrue_presidential_pool_for_partner",""
"skipped","Sun Apr 26 03:23:55 UTC 2026","Sun Apr 26 03:23:55 UTC 2026","0","tests.PROJECT_EDUCATION.test_system","test_03_user_answers","","","","test_user_answers_invalid_id__400_or_404[None]",""
"broken","Sun Apr 26 03:17:48 UTC 2026","Sun Apr 26 03:17:48 UTC 2026","0","tests.catalog","test_create_admin_product","","","","test_create_admin_product_minimal_payload_variants[slug+mixed_named_categories]",""
"passed","Sun Apr 26 03:37:12 UTC 2026","Sun Apr 26 03:37:13 UTC 2026","507","tests.auth","test_05_logout","","","","test_logout_success[admin]","Тест разлогинивания с валидным токеном (клиент, партнёр, админ)"
"passed","Sun Apr 26 03:12:24 UTC 2026","Sun Apr 26 03:12:24 UTC 2026","506","tests.tickets","test_01_get_tickets","","","","test_get_tickets_invalid_filter[invalid_filter0-400-client]","Негативный тест: передаем некорректные параметры фильтрации"
"passed","Sun Apr 26 03:25:25 UTC 2026","Sun Apr 26 03:25:29 UTC 2026","3698","tests.cart","test_23_cart_calculate_delivery_flag","","","","test_update_cart_item_with_calculate_delivery_false[client]","
    Позитив: /cart/update с calculate_delivery=false
    Корзина обновляется, advance_costs не считаются
    "
"passed","Sun Apr 26 03:37:58 UTC 2026","Sun Apr 26 03:37:58 UTC 2026","492","tests.auth","test_06_full_logout","","","","test_full_logout_without_auth","Полный выход без авторизации"
"skipped","Sun Apr 26 03:28:40 UTC 2026","Sun Apr 26 03:28:41 UTC 2026","507","tests.register","test_01_register_form","","","","test_register_form_negative[partner-payload1-400]",""
"passed","Sun Apr 26 03:34:44 UTC 2026","Sun Apr 26 03:34:44 UTC 2026","511","tests.delivery","test_get_georgian_post_pickup_points","","","","test_get_georgian_post_pickup_points_success[1-partner]","Позитив: успешное получение списка ПВЗ грузинской почты по city_id."
"skipped","Sun Apr 26 03:31:18 UTC 2026","Sun Apr 26 03:31:18 UTC 2026","0","tests.admin_panel","test_accrue_presidential_pool","","","","test_accrue_presidential_pool_invalid_payload[payload4-400]",""
"skipped","Sun Apr 26 03:17:48 UTC 2026","Sun Apr 26 03:17:48 UTC 2026","0","tests.account","test_account_branded_wallet_get","","","","test_get_invalid_period_returns_422[period2-partner]","
    Негатив: невалидные month/year → 422.
    "
"skipped","Sun Apr 26 03:35:26 UTC 2026","Sun Apr 26 03:35:27 UTC 2026","1042","tests.admin_panel","test_report_accruals","","","","test_report_accruals_full_payload",""
"passed","Sun Apr 26 03:12:55 UTC 2026","Sun Apr 26 03:12:55 UTC 2026","515","tests.delivery","test_01_save_delivery_address","","","","test_save_address_invalid_types_should_fail[delivery-cdek-client]",""
"skipped","Sun Apr 26 03:06:56 UTC 2026","Sun Apr 26 03:06:57 UTC 2026","848","tests.one_c","test_cart_calculate_full_coverage","","","","test_email_validation[shipping_customer-invalid-email]",""
"skipped","Sun Apr 26 03:31:33 UTC 2026","Sun Apr 26 03:31:33 UTC 2026","0","tests.PROJECT_EDUCATION.test_system","test_02_get_question","","","","test_get_question_invalid_id__400_or_404[999999]",""
"broken","Sun Apr 26 03:18:23 UTC 2026","Sun Apr 26 03:18:23 UTC 2026","0","tests.one_c","test_free_delivery_to_regions_and_cities","","","","test_1c_free_delivery_bad_request_for_unknown_city_id",""
"passed","Sun Apr 26 03:22:14 UTC 2026","Sun Apr 26 03:22:14 UTC 2026","489","tests.delivery","test_get_delivery_countries","","","","test_get_delivery_countries_success[available-partner]","Позитив: успешное получение списка стран с разными значениями ?from=."
"broken","Sun Apr 26 03:17:47 UTC 2026","Sun Apr 26 03:17:47 UTC 2026","0","tests.admin_panel.slides","test_59_update_slide","","","","test_update_slide_success","Позитивный тест: успешное обновление слайда (все поля)"
"broken","Sun Apr 26 03:21:22 UTC 2026","Sun Apr 26 03:21:22 UTC 2026","0","tests.catalog","test_create_admin_product_translation","","","","test_create_admin_product_translation_success[kk]","Создание и обновление перевода продукта на разных языках."
"skipped","Sun Apr 26 03:39:20 UTC 2026","Sun Apr 26 03:39:20 UTC 2026","0","tests.PROJECT_EDUCATION.orders","test_get_orders","","","","test_get_orders__authorized__contract",""
"passed","Sun Apr 26 03:27:28 UTC 2026","Sun Apr 26 03:27:29 UTC 2026","732","tests.reviews","test_reviews_list_post","","","","test_reviews_list_invalid_enums_return_client_error[bad_payload1]",""
"skipped","Sun Apr 26 03:12:17 UTC 2026","Sun Apr 26 03:12:17 UTC 2026","0","tests.tickets","test_01_get_tickets","","","","test_get_tickets_success[filter2-sort0-search0-pagination0-partner]","Позитивный тест: получение списка тикетов с разными комбинациями параметров"
"skipped","Sun Apr 26 03:37:20 UTC 2026","Sun Apr 26 03:37:21 UTC 2026","474","tests.cart","test_17_cart_update_user_country","","","","test_update_user_country_invalid_payload[partner-payload0]","Негатив: невалидный payload"
"skipped","Sun Apr 26 03:17:48 UTC 2026","Sun Apr 26 03:17:48 UTC 2026","0","tests.account","test_account_branded_wallet_get","","","","test_get_past_year_should_be_200[partner]","
    прошлый период. днные есть - 200
    "
"passed","Sun Apr 26 03:31:11 UTC 2026","Sun Apr 26 03:31:12 UTC 2026","698","tests.admin_panel","test_03_support_delete_user","","","","test_invalid_id_returns_client_error[-1]","
    Кривой/отсутствующий id в path:
    ожидаем клиентскую ошибку (400/404/405), а не 5xx.
    "
"passed","Sun Apr 26 03:28:28 UTC 2026","Sun Apr 26 03:28:28 UTC 2026","505","tests.one_c","test_stock_delivery_methods","","","","test_1c_stock_delivery_methods_bad_request_for_invalid_payload[body0]",""
"broken","Sun Apr 26 03:39:20 UTC 2026","Sun Apr 26 03:39:20 UTC 2026","0","tests.cart","test_cart_international_stock","","","","test_international_auto_stock_moscow_first","
    Международка:
    товар есть в Москве → выбирается московский склад
    "
"passed","Sun Apr 26 03:13:45 UTC 2026","Sun Apr 26 03:13:46 UTC 2026","713","tests.account","test_update_utc_offset","","","","test_update_utc_offset_invalid_format_rejected[+]",""
"broken","Sun Apr 26 03:24:17 UTC 2026","Sun Apr 26 03:24:17 UTC 2026","0","tests.admin_panel.items","test_update_item","","","","test_update_item_invalid_id[9999999]","Негативный тест: несуществующий или некорректный ID."
"broken","Sun Apr 26 03:28:04 UTC 2026","Sun Apr 26 03:28:04 UTC 2026","0","tests.admin_panel.categories","test_56_v2_create_category","","","","test_v2_create_category_slug_should_fail_if_not_unique","Негативный тест: попытка создать категорию с уже существующим slug."
"failed","Sun Apr 26 03:38:26 UTC 2026","Sun Apr 26 03:38:26 UTC 2026","508","tests.account","test_0_family_agreement_get","","","","test_get_family_agreement_positive[payload0-client]","Позитивные тесты на получение данных о семейном соглашении"
"broken","Sun Apr 26 03:22:21 UTC 2026","Sun Apr 26 03:22:21 UTC 2026","0","tests.admin_panel.products","test_40_create_product_brand","","","","test_create_product_brand_success","Позитивный тест: успешное создание бренда (все поля)."
"passed","Sun Apr 26 03:07:13 UTC 2026","Sun Apr 26 03:07:14 UTC 2026","497","tests.one_c","test_cart_calculate_full_coverage","","","","test_invalid_arrays[packaging-invalid]",""
"skipped","Sun Apr 26 03:37:43 UTC 2026","Sun Apr 26 03:37:43 UTC 2026","0","tests.tickets","test_10_send_message_to_ticket","","","","test_send_message_role_permissions[authorize_client-authorize_partner-403]","Проверка доступа к отправке сообщений в тикеты в зависимости от роли"
"skipped","Sun Apr 26 03:30:25 UTC 2026","Sun Apr 26 03:30:25 UTC 2026","0","tests.chat_support","test_01_support_chat_messages_post","","","","test_create_message_wrong_field_types_returns_400[client-payload1]","
    Негатив: неверные типы полей → 400
    "
"passed","Sun Apr 26 03:38:20 UTC 2026","Sun Apr 26 03:38:21 UTC 2026","699","tests.reviews","test_reviews_export_post","","","","test_reviews_export_access_allowed_for_client_and_partner[authorize_client]",""
"broken","Sun Apr 26 03:18:26 UTC 2026","Sun Apr 26 03:18:26 UTC 2026","0","tests.admin_panel.promo","test_74_update_promotion","","","","test_update_promotion_invalid_payload[payload10-422]","Негативный тест: обновление акции с невалидным или неполным телом запроса"
"broken","Sun Apr 26 03:21:14 UTC 2026","Sun Apr 26 03:21:14 UTC 2026","0","tests.catalog","test_update_admin_product","","","","test_update_admin_product_forbidden[partner]",""
"skipped","Sun Apr 26 03:17:48 UTC 2026","Sun Apr 26 03:17:48 UTC 2026","0","tests.account","test_account_branded_wallet_get","","","","test_get_missing_params_returns_200[partner]","
    Негатив: отсутствуют month/year → 200(берем теуще)
    "
"passed","Sun Apr 26 03:32:06 UTC 2026","Sun Apr 26 03:32:07 UTC 2026","758","tests.cart","test_08_cart_delete","","","","test_delete_cart_item_invalid_payload[partner-payload0]","Негатив: невалидный payload при удалении позиции"
"passed","Sun Apr 26 03:33:06 UTC 2026","Sun Apr 26 03:33:07 UTC 2026","686","tests.admin_panel.items","test_delete_item_translation","","","","test_delete_item_translation_invalid_id[abc]","Негативный тест: удаление перевода с невалидным или несуществующим ID item."
"passed","Sun Apr 26 03:38:40 UTC 2026","Sun Apr 26 03:38:41 UTC 2026","681","tests.account","test_0_users_by_lo_rating","","","","test_get_users_by_lo_rating_positive[client]","Позитивные тесты на получение рейтинга продавцов по личному объему"
"broken","Sun Apr 26 03:23:32 UTC 2026","Sun Apr 26 03:23:32 UTC 2026","0","tests.admin_panel.items","test_create_item","","","","test_create_item_invalid_payload[payload1-expected_code1]","
    Негативный тест: создание варианта с невалидным телом запроса.
    Если сервер внезапно вернул успех — удаляем созданный item из БД.
    "
"passed","Sun Apr 26 03:09:31 UTC 2026","Sun Apr 26 03:09:33 UTC 2026","1903","tests.tickets","test_04_create_ticket","","","","test_create_ticket_success[partner-attachments1-QuestionsAboutProducts]","Позитивный тест: создание тикета с разными темами и вложениями для клиента, партнера и админа"
"skipped","Sun Apr 26 03:12:16 UTC 2026","Sun Apr 26 03:12:16 UTC 2026","0","tests.tickets","test_04_create_ticket","","","","test_create_ticket_invalid_attachment[client]","Негативный тест: попытка загрузки вложения с некорректными данными"
"passed","Sun Apr 26 03:31:57 UTC 2026","Sun Apr 26 03:31:57 UTC 2026","469","tests.auth","test_01_check_version","","","","test_check_version[Frontend-3.0.0-200]","Тест проверяет API /check_version для разных платформ и версий."
"skipped","Sun Apr 26 03:12:17 UTC 2026","Sun Apr 26 03:12:17 UTC 2026","0","tests.tickets","test_01_get_tickets","","","","test_get_tickets_success[filter1-sort0-search1-pagination1-client]","Позитивный тест: получение списка тикетов с разными комбинациями параметров"
"skipped","Sun Apr 26 03:35:14 UTC 2026","Sun Apr 26 03:35:14 UTC 2026","0","tests.account","test_funds_transfer_list","","","","test_get_funds_transfer_list_positive[partner-payload0]","Позитивные тесты на получение истории переводов/выводов средств"
"skipped","Sun Apr 26 03:35:14 UTC 2026","Sun Apr 26 03:35:14 UTC 2026","0","tests.account","test_funds_transfer_send","","","","test_send_funds_transfer_positive[client-payload1]","Позитивные тесты на перевод/вывод средств по visibleId"
"skipped","Sun Apr 26 03:33:49 UTC 2026","Sun Apr 26 03:33:49 UTC 2026","0","tests.admin_panel.products","test_01_delete_product_group","","","","test_delete_product_group_success","Позитивный тест: успешное удаление продукт группы."
"passed","Sun Apr 26 03:17:53 UTC 2026","Sun Apr 26 03:17:54 UTC 2026","871","tests.catalog","test_create_admin_product","","","","test_create_product_invalid_payload[payload4-400]",""
"passed","Sun Apr 26 03:13:49 UTC 2026","Sun Apr 26 03:13:49 UTC 2026","701","tests.account","test_update_utc_offset","","","","test_update_utc_offset_invalid_types_rejected[True]",""
"skipped","Sun Apr 26 03:31:18 UTC 2026","Sun Apr 26 03:31:18 UTC 2026","0","tests.admin_panel","test_accrue_gold_pro_gift","","","","test_accrue_gold_pro_gift_forbidden[client]",""
"skipped","Sun Apr 26 03:12:17 UTC 2026","Sun Apr 26 03:12:17 UTC 2026","0","tests.tickets","test_01_get_tickets","","","","test_get_tickets_success[filter1-sort1-search2-pagination1-admin]","Позитивный тест: получение списка тикетов с разными комбинациями параметров"
"failed","Sun Apr 26 03:37:04 UTC 2026","Sun Apr 26 03:37:05 UTC 2026","497","tests.admin_panel.slides","test_56_get_slides","","","","test_get_slides_forbidden[partner]","Негативный тест: получение списка слайдов не админом"
"passed","Sun Apr 26 03:13:37 UTC 2026","Sun Apr 26 03:13:37 UTC 2026","682","tests.account","test_update_utc_offset","","","","test_update_utc_offset_required_field_validation[payload0]",""
"passed","Sun Apr 26 03:21:55 UTC 2026","Sun Apr 26 03:21:55 UTC 2026","668","tests.admin_panel.promo","test_77_create_promotion_item","","","","test_create_promotion_item_invalid_ids[abc-1-404]",""
"skipped","Sun Apr 26 03:38:42 UTC 2026","Sun Apr 26 03:38:42 UTC 2026","0","tests.account","test_delete","","","","test_delete_account_positive[partner]","Позитивные тесты на удаление аккаунта"
"skipped","Sun Apr 26 03:18:23 UTC 2026","Sun Apr 26 03:18:23 UTC 2026","0","tests.PROJECT_EDUCATION.orders","test_post_orders","","","","test_post_orders_invalid_payload__400_422[payload0]","Негатив: невалидный body"
"skipped","Sun Apr 26 03:31:09 UTC 2026","Sun Apr 26 03:31:09 UTC 2026","0","tests.PROJECT_EDUCATION.test_system","test_06_get_result","","","","test_get_result_invalid_id__400_or_404[-1]",""
"passed","Sun Apr 26 03:25:21 UTC 2026","Sun Apr 26 03:25:21 UTC 2026","530","tests.account","test_get_account_exists","","","","test_get_account_exists_positive[params2-admin]","Нкгатив: невлидны id"
"failed","Sun Apr 26 03:22:52 UTC 2026","Sun Apr 26 03:22:53 UTC 2026","638","tests.admin_panel.sliders","test_52_create_slider","","","","test_create_slider_invalid_payload[payload8-422]","Негативный тест: попытка создать слайдер с невалидным payload."
"skipped","Sun Apr 26 03:23:55 UTC 2026","Sun Apr 26 03:23:55 UTC 2026","0","tests.PROJECT_EDUCATION.test_system","test_03_user_answers","","","","test_user_answers_invalid_payload__400_or_422[payload3]",""
"passed","Sun Apr 26 03:32:58 UTC 2026","Sun Apr 26 03:32:59 UTC 2026","704","tests.admin_panel.categories","test_49_delete_category","","","","test_delete_category_invalid_id[0]","Негативный тест: удаление несуществующей или некорректной категории."
"skipped","Sun Apr 26 03:39:23 UTC 2026","Sun Apr 26 03:39:23 UTC 2026","0","tests.sockets","test_ws_message_type","","","","test_ws_message_type_parametrized_ok[None-partner]","
    WS принимает разные значения message_type, сообщение корректно
    появляется в /support-chat/messages с консистентной схемой
    "
"passed","Sun Apr 26 03:12:49 UTC 2026","Sun Apr 26 03:12:50 UTC 2026","465","tests.delivery","test_01_save_delivery_address","","","","test_save_address_missing_required_fields_should_fail[name-client]",""
"passed","Sun Apr 26 03:19:48 UTC 2026","Sun Apr 26 03:19:55 UTC 2026","6981","tests.cart","test_free_delivery_by_rc_and_belts","","","","test_free_delivery_by_belts_contract[\u0425\u0430\u0431\u0430\u0440\u043e\u0432\u0441\u043a-client-zone_3-belt_cfg2]","
    КОНТРАКТ:
    - ручка работает
    - advance_costs может быть []
    - free может быть
    - платная доставка допустима
    "
"broken","Sun Apr 26 03:17:47 UTC 2026","Sun Apr 26 03:17:47 UTC 2026","0","tests.admin_panel.slides","test_59_update_slide","","","","test_update_slide_invalid_payload[payload9-400]","
    Негативный тест: обновление слайда с невалидным или неполным телом запроса
    "
"skipped","Sun Apr 26 03:12:18 UTC 2026","Sun Apr 26 03:12:18 UTC 2026","0","tests.tickets","test_01_get_tickets","","","","test_get_tickets_success[filter2-sort1-search0-pagination0-client]","Позитивный тест: получение списка тикетов с разными комбинациями параметров"
"failed","Sun Apr 26 03:38:16 UTC 2026","Sun Apr 26 03:38:17 UTC 2026","499","tests.orders","test_group_order_v2_hint_stock","","","","test_group_order_v2_hint_stock_invalid_type_returns_400[partner]","
    неверный тип stock_id = 400
    "
"failed","Sun Apr 26 03:21:19 UTC 2026","Sun Apr 26 03:21:20 UTC 2026","695","tests.admin_panel.slides","test_57_create_slide","","","","test_create_slide_invalid_payload[payload5-422]","Негативные тесты: некорректные и неполные payload'ы"
"broken","Sun Apr 26 03:18:29 UTC 2026","Sun Apr 26 03:18:29 UTC 2026","0","tests.admin_panel.sliders","test_54_update_slider","","","","test_update_slider_invalid_payload[payload7-422]","Негативный тест: обновление слайдера с невалидным или неполным телом запроса."
"passed","Sun Apr 26 03:13:37 UTC 2026","Sun Apr 26 03:13:38 UTC 2026","702","tests.account","test_update_utc_offset","","","","test_update_utc_offset_required_field_validation[payload1]",""
"skipped","Sun Apr 26 03:12:30 UTC 2026","Sun Apr 26 03:12:30 UTC 2026","0","tests.stock","test_create_stock","","","","test_create_stock_with_empty_string_log_if_not_200[address.region]",""
"skipped","Sun Apr 26 03:23:55 UTC 2026","Sun Apr 26 03:23:55 UTC 2026","0","tests.PROJECT_EDUCATION.test_system","test_03_user_answers","","","","test_user_answers__200","
    Позитив:
    - гасим активные сессии
    - стартуем сессию
    - получаем вопрос
    - отправляем любой валидный answer_id
    - проверяем 200
    - после теста гасим активные сессии
    "
"passed","Sun Apr 26 03:32:28 UTC 2026","Sun Apr 26 03:32:29 UTC 2026","724","tests.reviews","test_reviews_get_by_id","","","","test_reviews_get_by_id_invalid_id_returns_client_error[0]",""
"broken","Sun Apr 26 03:18:29 UTC 2026","Sun Apr 26 03:18:29 UTC 2026","0","tests.admin_panel.sliders","test_54_update_slider","","","","test_update_slider_invalid_payload[payload9-400]","Негативный тест: обновление слайдера с невалидным или неполным телом запроса."
"passed","Sun Apr 26 03:23:11 UTC 2026","Sun Apr 26 03:23:12 UTC 2026","1114","tests.statistic","test_team_go","","","","test_get_team_go_statistic_positive[payload3-admin]","Позитивный тест: получение статистики по команде с валидным телом запроса"
"skipped","Sun Apr 26 03:34:56 UTC 2026","Sun Apr 26 03:34:56 UTC 2026","492","tests.delivery","test_get_kgpost_offices","","","","test_get_kgpost_offices_success[208110-admin]",""
"broken","Sun Apr 26 03:39:18 UTC 2026","Sun Apr 26 03:39:18 UTC 2026","0","tests.orders","test_group_order_v2_stock_fixation","","","","test_group_order_stock_fixed_after_join","
    После присоединения клиента:
    - склад ГО фиксирован
    - group_order_stock.Id == selected_stock.id
    "
"passed","Sun Apr 26 03:24:11 UTC 2026","Sun Apr 26 03:24:11 UTC 2026","490","tests.account","test_history_group_volumes","","","","test_group_volumes_history_invalid_query_params[params0-partner]",""
"skipped","Sun Apr 26 03:12:18 UTC 2026","Sun Apr 26 03:12:18 UTC 2026","0","tests.tickets","test_01_get_tickets","","","","test_get_tickets_success[filter2-sort1-search2-pagination1-admin]","Позитивный тест: получение списка тикетов с разными комбинациями параметров"
"skipped","Sun Apr 26 03:27:17 UTC 2026","Sun Apr 26 03:27:17 UTC 2026","0","tests.orders","test_group_order_change_country","","","","test_change_country_updates_sub_orders","Интеграционный тест: проверка обновления страны у всех привязанных заказов"
"passed","Sun Apr 26 03:26:59 UTC 2026","Sun Apr 26 03:26:59 UTC 2026","532","tests.delivery","test_get_emu_pickup_points","","","","test_get_emu_pickup_points_success[143796-partner]","Позитив: успешное получение списка ПВЗ EMU по city_id."
"broken","Sun Apr 26 03:23:33 UTC 2026","Sun Apr 26 03:23:33 UTC 2026","0","tests.admin_panel.items","test_create_item","","","","test_create_item_invalid_payload[payload5-expected_code5]","
    Негативный тест: создание варианта с невалидным телом запроса.
    Если сервер внезапно вернул успех — удаляем созданный item из БД.
    "
"skipped","Sun Apr 26 03:35:14 UTC 2026","Sun Apr 26 03:35:14 UTC 2026","0","tests.account","test_pass_change","","","","test_change_password_positive[partner-payload1]","Позитивные тесты на изменение пароля"
"passed","Sun Apr 26 03:38:25 UTC 2026","Sun Apr 26 03:38:26 UTC 2026","735","tests.reviews","test_reviews_export_post","","","","test_reviews_export_invalid_filter_parameter_returns_client_error",""
"passed","Sun Apr 26 03:33:42 UTC 2026","Sun Apr 26 03:33:43 UTC 2026","810","tests.stock","test_get_stocks","","","","test_get_stocks[partner]","Запрос всех складов"
"failed","Sun Apr 26 03:38:32 UTC 2026","Sun Apr 26 03:38:32 UTC 2026","490","tests.account","test_0_referral_links","","","","test_get_referral_links_positive[admin-403]","Позитивные тесты на получение реферальных ссылок"
"passed","Sun Apr 26 03:13:46 UTC 2026","Sun Apr 26 03:13:46 UTC 2026","706","tests.account","test_update_utc_offset","","","","test_update_utc_offset_invalid_types_rejected[3]",""
"passed","Sun Apr 26 03:11:30 UTC 2026","Sun Apr 26 03:11:32 UTC 2026","1684","tests.tickets","test_04_create_ticket","","","","test_create_ticket_success[admin-attachments2-QuestionsAboutOrders]","Позитивный тест: создание тикета с разными темами и вложениями для клиента, партнера и админа"
"passed","Sun Apr 26 03:35:08 UTC 2026","Sun Apr 26 03:35:09 UTC 2026","767","tests.register","test_03_register_client","","","","test_register_client_negative[payload1-400]","Тест: негативные тесты для регистрации клиента вручную"
"failed","Sun Apr 26 03:38:50 UTC 2026","Sun Apr 26 03:38:50 UTC 2026","474","tests.cart","test_20_cart_share","","","","test_cart_share_success[client]","Позитив: успешное создание ссылки на корзину"
"passed","Sun Apr 26 03:35:03 UTC 2026","Sun Apr 26 03:35:03 UTC 2026","738","tests.register","test_02_register_partner","","","","test_register_partner_negative[payload0-400]","Тест: негативные тесты для регистрации партнера вручную"
"passed","Sun Apr 26 03:38:32 UTC 2026","Sun Apr 26 03:38:35 UTC 2026","2248","tests.account","test_0_top_partners_client_service_v2","","","","test_get_top_partners_client_service_v2_positive[client]","Позитивные тесты на получение топ-партнеров по сумме ЛО клиентов"
"passed","Sun Apr 26 03:13:59 UTC 2026","Sun Apr 26 03:14:02 UTC 2026","3418","tests.cart","test_01_user_locale","","","","test_update_user_locale_valid_payload[client-payload2]",""
"skipped","Sun Apr 26 03:35:14 UTC 2026","Sun Apr 26 03:35:14 UTC 2026","0","tests.account","test_history_admin","","","","test_get_admin_history_positive[partner-payload0]","Позитивные тесты на получение истории бонусов для админа"
"passed","Sun Apr 26 03:30:59 UTC 2026","Sun Apr 26 03:30:59 UTC 2026","651","tests.tickets","test_02_get_ticket_by_id","","","","test_get_ticket_invalid_id[-1]","Негативный тест: передан некорректный ID."
"passed","Sun Apr 26 03:16:18 UTC 2026","Sun Apr 26 03:16:21 UTC 2026","3240","tests.cart","test_12_cart_estimate_delivery","","","","test_estimate_delivery_success[client-yandex-payload8]","
    Позитив: корзина с товаром, выбор способа доставки и расчёт стоимости для разных служб
    "
"passed","Sun Apr 26 03:13:46 UTC 2026","Sun Apr 26 03:13:47 UTC 2026","741","tests.account","test_update_utc_offset","","","","test_update_utc_offset_invalid_types_rejected[3.14]",""
"skipped","Sun Apr 26 03:31:09 UTC 2026","Sun Apr 26 03:31:09 UTC 2026","0","tests.PROJECT_EDUCATION.test_system","test_06_get_result","","","","test_get_result_invalid_id__400_or_404[0]",""
"failed","Sun Apr 26 03:30:15 UTC 2026","Sun Apr 26 03:30:18 UTC 2026","3369","tests.catalog","test_product_get_by_id","","","","test_get_product_by_id_success[admin]","
    Позитивный: успешное получение продукта по ID
    "
"skipped","Sun Apr 26 03:29:36 UTC 2026","Sun Apr 26 03:29:36 UTC 2026","0","tests.admin_panel.products","test_01_create_product_group","","","","test_create_product_group_invalid_payload[payload1-400]",""
"passed","Sun Apr 26 03:12:48 UTC 2026","Sun Apr 26 03:12:49 UTC 2026","484","tests.delivery","test_01_save_delivery_address","","","","test_save_address_missing_required_fields_should_fail[country_id-client]",""
"broken","Sun Apr 26 03:31:13 UTC 2026","Sun Apr 26 03:31:13 UTC 2026","0","tests.admin_panel","test_05_admin_support_users_token_revoke_all","","","","test_client_cannot_revoke_support_tokens",""
"passed","Sun Apr 26 03:33:14 UTC 2026","Sun Apr 26 03:33:15 UTC 2026","693","tests.admin_panel.sliders","test_55_delete_sliders","","","","test_delete_slider_invalid_id[-1]","Негативный тест: удаление несуществующего или некорректного слайдера."
"skipped","Sun Apr 26 03:34:24 UTC 2026","Sun Apr 26 03:34:26 UTC 2026","2124","tests.catalog","test_get_items_list_all","","","","test_get_items_list_all_success[admin]","
    Позитивный тест: успешное получение списка всех атомарных товаров
    "
"passed","Sun Apr 26 03:21:22 UTC 2026","Sun Apr 26 03:21:22 UTC 2026","500","tests.catalog","test_create_admin_product_translation","","","","test_create_admin_product_translation_unauthorized","Проверка запрета для неавторизованного пользователя."
"passed","Sun Apr 26 03:09:10 UTC 2026","Sun Apr 26 03:09:11 UTC 2026","984","tests.tickets","test_04_create_ticket","","","","test_create_ticket_success[partner-attachments0-QuestionsAboutTheRewardSystemMarketingPlan]","Позитивный тест: создание тикета с разными темами и вложениями для клиента, партнера и админа"
"broken","Sun Apr 26 03:18:23 UTC 2026","Sun Apr 26 03:18:23 UTC 2026","0","tests.one_c","test_free_delivery_to_regions_and_cities","","","","test_1c_free_delivery_bad_request_for_unknown_region_id",""
"skipped","Sun Apr 26 03:34:47 UTC 2026","Sun Apr 26 03:34:48 UTC 2026","485","tests.delivery","test_get_haypost_offices","","","","test_get_haypost_offices_success[186343-partner]","Позитив: успешное получение списка офисов по city_id."
"skipped","Sun Apr 26 03:29:36 UTC 2026","Sun Apr 26 03:29:36 UTC 2026","0","tests.admin_panel.products","test_01_create_product_group","","","","test_create_product_group_success_2","Позитивный тест: успешное создание продукт группы (только обязательное поле)."
"broken","Sun Apr 26 03:35:02 UTC 2026","Sun Apr 26 03:35:02 UTC 2026","0","tests.orders","test_group_order_leave","","","","test_cart_leave_group_repeat_returns_400[client]","
    Негатив: повторный вызов после успешного выхода = 400
    "
"passed","Sun Apr 26 03:27:09 UTC 2026","Sun Apr 26 03:27:10 UTC 2026","474","tests.delivery","test_get_self_pickup_offices","","","","test_get_self_pickup_offices_invalid_city_id_should_fail[1.5-admin]","Негатив: невалидные значения city_id → 400/422."
"skipped","Sun Apr 26 03:31:33 UTC 2026","Sun Apr 26 03:31:33 UTC 2026","0","tests.PROJECT_EDUCATION.test_system","test_02_get_question","","","","test_get_question__200","
    Позитив:
    - стартуем сессию
    - GET /question -> 200 и JSON
    - после теста закрываем активные сессии
    "
"passed","Sun Apr 26 03:34:15 UTC 2026","Sun Apr 26 03:34:15 UTC 2026","466","tests.cart","test_04_cart_full_data","","","","test_full_data_invalid_calculate_delivery_flag[bad_flag2-client]",""
"skipped","Sun Apr 26 03:31:33 UTC 2026","Sun Apr 26 03:31:33 UTC 2026","0","tests.PROJECT_EDUCATION.test_system","test_01_start_test","","","","test_start_test_invalid_id__400_or_404[]",""
"passed","Sun Apr 26 03:18:48 UTC 2026","Sun Apr 26 03:18:48 UTC 2026","592","tests.cart","test_20_cart_recommended_products","","","","test_cart_recommended_products_nonexistent_cart_cookie_no_500[partner]","
    cart_id cookie указывает на несуществующую корзину
    "
"passed","Sun Apr 26 03:09:05 UTC 2026","Sun Apr 26 03:09:06 UTC 2026","1000","tests.tickets","test_04_create_ticket","","","","test_create_ticket_success[partner-attachments0-QuestionsAboutProducts]","Позитивный тест: создание тикета с разными темами и вложениями для клиента, партнера и админа"
"skipped","Sun Apr 26 03:35:14 UTC 2026","Sun Apr 26 03:35:14 UTC 2026","0","tests.account","test_token_revoke","","","","test_revoke_token_positive[admin-payload0]","Позитивные тесты на удаление токена"
"passed","Sun Apr 26 03:31:48 UTC 2026","Sun Apr 26 03:31:48 UTC 2026","666","tests.admin_panel.promo","test_76_get_promotion_items","","","","test_get_promotion_item_invalid_id[-1--1]","Негативный тест: получение элемента с невалидным ID"
"broken","Sun Apr 26 03:28:32 UTC 2026","Sun Apr 26 03:28:32 UTC 2026","0","tests.orders","test_group_order_v2_create","","","","test_group_order_v2_create_with_item_ids_happy_path[partner]",""
"skipped","Sun Apr 26 03:32:37 UTC 2026","Sun Apr 26 03:32:38 UTC 2026","676","tests.stock","test_get_group_orders","","","","test_get_group_orders_invalid_country_id[1.5-admin]","Проверка получения складов по невалидному country_id"
"passed","Sun Apr 26 03:15:36 UTC 2026","Sun Apr 26 03:15:36 UTC 2026","617","tests.cart","test_02_get_delivery_cost","","","","test_get_delivery_cost_success_partial_payload[client-payload3-200]",""
"passed","Sun Apr 26 03:32:35 UTC 2026","Sun Apr 26 03:32:35 UTC 2026","657","tests.stock","test_get_group_orders","","","","test_get_group_orders[admin]","Запрос всех складов для групповых заказов"
"passed","Sun Apr 26 03:29:35 UTC 2026","Sun Apr 26 03:29:35 UTC 2026","637","tests.admin_panel.categories","test_47_get_categories_by_id","","","","test_get_category_not_found","Негативный тест: категория не найдена (несуществующий ID)."
"failed","Sun Apr 26 03:37:46 UTC 2026","Sun Apr 26 03:37:47 UTC 2026","970","tests.account","test_delete_cover_url","","","","test_delete_cover_full_payload[admin]",""
"broken","Sun Apr 26 03:38:15 UTC 2026","Sun Apr 26 03:38:15 UTC 2026","0","tests.orders","test_group_order_join_out_of_stock","","","","test_group_order_change_out_of_stock[partner]","
    нельзя изменить group order, если товар out of stock
    "
"passed","Sun Apr 26 03:35:02 UTC 2026","Sun Apr 26 03:35:03 UTC 2026","530","tests.orders","test_group_order_leave","","","","test_cart_leave_group_unauthorized_401",""
"passed","Sun Apr 26 03:13:15 UTC 2026","Sun Apr 26 03:13:16 UTC 2026","504","tests.delivery","test_get_cities","","","","test_get_cities_invalid_page_size_should_fail[bad_page_size7-admin]","
    Негатив: невалидный page_size → 400/422
    "
"skipped","Sun Apr 26 03:31:09 UTC 2026","Sun Apr 26 03:31:09 UTC 2026","1","tests.PROJECT_EDUCATION.test_system","test_06_get_result","","","","test_get_result_invalid_id__400_or_404[1.5]",""
"passed","Sun Apr 26 03:27:53 UTC 2026","Sun Apr 26 03:27:54 UTC 2026","706","tests.admin_panel","test_partner_accrual_details_common","","","","test_common_accrual_details_invalid_payload[payload1-expected_codes1]","
    Негатив: валидация тела запроса общей детализации.
    "
"passed","Sun Apr 26 03:13:21 UTC 2026","Sun Apr 26 03:13:21 UTC 2026","471","tests.delivery","test_get_cities","","","","test_get_cities_invalid_region_id_should_fail[0-admin]","
    Негатив: невалидный region_id
    "
"passed","Sun Apr 26 03:18:23 UTC 2026","Sun Apr 26 03:18:24 UTC 2026","705","tests.admin_panel.promo","test_74_update_promotion","","","","test_update_promotion_invalid_id[-1]","Негативный тест: несуществующий или некорректный ID"
"broken","Sun Apr 26 03:21:51 UTC 2026","Sun Apr 26 03:21:51 UTC 2026","0","tests.admin_panel.products","test_44_upload_product_brand_images","","","","test_upload_product_brand_images_various_fields[4.7-fields_to_send2-204]","Негативный тест. Загрузка слишком большого изображения."
"skipped","Sun Apr 26 03:35:14 UTC 2026","Sun Apr 26 03:35:14 UTC 2026","0","tests.account","test_list_csv","","","","test_get_account_list_csv_positive[admin-payload0]","Позитивные тесты на выгрузку структуры партнеров в CSV"
"broken","Sun Apr 26 03:21:38 UTC 2026","Sun Apr 26 03:21:38 UTC 2026","0","tests.admin_panel.categories","test_80_create_category_translation","","","","test_create_category_translation_success[ka]","Позитивный тест: создание/обновление перевода категории для разных языков."
"passed","Sun Apr 26 03:34:40 UTC 2026","Sun Apr 26 03:34:40 UTC 2026","496","tests.delivery","test_get_fargo_offices","","","","test_get_fargo_offices_success[142257-client]","Позитив: успешное получение списка офисов по city_id."
"skipped","Sun Apr 26 03:05:45 UTC 2026","Sun Apr 26 03:05:46 UTC 2026","816","tests.one_c","test_cart_calculate_full_coverage","","","","test_products_negative_numbers[quantity-0]",""
"failed","Sun Apr 26 03:25:02 UTC 2026","Sun Apr 26 03:25:03 UTC 2026","650","tests.reviews","test_reviews_create_post","","","","test_reviews_create_invalid_types_return_client_error[patch0]",""
"passed","Sun Apr 26 03:13:49 UTC 2026","Sun Apr 26 03:13:55 UTC 2026","5971","tests.cart","test_01_user_locale","","","","test_update_user_locale_valid_payload[client-payload0]",""
"passed","Sun Apr 26 03:21:03 UTC 2026","Sun Apr 26 03:21:03 UTC 2026","626","tests.delivery","test_get_cities_v2","","","","test_get_cities_v2_success[partner]","
    Позитив: быстрый поиск городов по части названия
    "
"broken","Sun Apr 26 03:22:35 UTC 2026","Sun Apr 26 03:22:35 UTC 2026","0","tests.admin_panel.products","test_42_update_product_brand","","","","test_update_product_brand_invalid_payload[payload0-expected_code0]","Негативный тест: обновление бренда с невалидным или неполным телом запроса."
"passed","Sun Apr 26 03:30:21 UTC 2026","Sun Apr 26 03:30:21 UTC 2026","705","tests.catalog","test_product_get_by_id","","","","test_get_product_by_id_invalid_string[]","
    Негативный: ID строкового типа
    "
"skipped","Sun Apr 26 03:39:20 UTC 2026","Sun Apr 26 03:39:20 UTC 2026","0","tests.account","test_pass_recovery","","","","test_pass_recovery_positive[payload1]","Позитивные тесты на восстановление пароля"
"skipped","Sun Apr 26 03:12:30 UTC 2026","Sun Apr 26 03:12:30 UTC 2026","0","tests.stock","test_create_stock","","","","test_create_stock_with_empty_string_log_if_not_200[address.metro]",""
"passed","Sun Apr 26 03:11:32 UTC 2026","Sun Apr 26 03:11:34 UTC 2026","1717","tests.tickets","test_04_create_ticket","","","","test_create_ticket_success[admin-attachments2-QuestionsAboutInternationalDelivery]","Позитивный тест: создание тикета с разными темами и вложениями для клиента, партнера и админа"
"passed","Sun Apr 26 03:28:33 UTC 2026","Sun Apr 26 03:28:34 UTC 2026","481","tests.orders","test_group_order_v2_create","","","","test_group_order_v2_invalid_payloads[partner-payload1]",""
"skipped","Sun Apr 26 03:12:17 UTC 2026","Sun Apr 26 03:12:17 UTC 2026","0","tests.tickets","test_01_get_tickets","","","","test_get_tickets_success[filter0-sort1-search0-pagination0-admin]","Позитивный тест: получение списка тикетов с разными комбинациями параметров"
"failed","Sun Apr 26 03:37:17 UTC 2026","Sun Apr 26 03:37:17 UTC 2026","509","tests.cart","test_16_cart_update_stock","","","","test_update_stock_success[partner]","Позитив: изменение склада"
"skipped","Sun Apr 26 03:06:47 UTC 2026","Sun Apr 26 03:06:48 UTC 2026","819","tests.one_c","test_cart_calculate_full_coverage","","","","test_bonus_info_invalid_numbers[bonus_to_money--1]",""
"skipped","Sun Apr 26 03:12:17 UTC 2026","Sun Apr 26 03:12:17 UTC 2026","0","tests.tickets","test_01_get_tickets","","","","test_get_tickets_success[filter1-sort0-search2-pagination0-admin]","Позитивный тест: получение списка тикетов с разными комбинациями параметров"
"passed","Sun Apr 26 03:33:17 UTC 2026","Sun Apr 26 03:33:18 UTC 2026","671","tests.admin_panel.slides","test_60_delete_slides","","","","test_delete_slide_invalid_id[-1]","Негативный тест: удаление несуществующего или некорректного слайда"
"passed","Sun Apr 26 03:29:23 UTC 2026","Sun Apr 26 03:29:24 UTC 2026","510","tests.admin_panel","test_partner_accrual_details_main_bonus","","","","test_main_bonus_details_forbidden_to_non_admin[partner]","
    Негатив: клиент/партнёр стучится в /admin/partner-accrual-details/main-bonus → 403
    "
"passed","Sun Apr 26 03:23:32 UTC 2026","Sun Apr 26 03:23:32 UTC 2026","703","tests.admin_panel.items","test_create_item","","","","test_create_item_unauthorized","Негативный тест: создание варианта без авторизации."
"failed","Sun Apr 26 03:36:45 UTC 2026","Sun Apr 26 03:36:46 UTC 2026","501","tests.admin_panel.categories","test_45_get_categories","","","","test_get_categories_forbidden[partner]","Негативный тест: получение списка категорий не админом."
"broken","Sun Apr 26 03:21:43 UTC 2026","Sun Apr 26 03:21:43 UTC 2026","0","tests.admin_panel.items","test_create_item_translation","","","","test_create_item_translation_success[kk]",""
"broken","Sun Apr 26 03:18:22 UTC 2026","Sun Apr 26 03:18:22 UTC 2026","0","tests.one_c","test_free_delivery_to_regions_and_cities","","","","test_1c_free_delivery_bad_request_for_empty_regions_array",""
"skipped","Sun Apr 26 03:12:17 UTC 2026","Sun Apr 26 03:12:17 UTC 2026","0","tests.tickets","test_01_get_tickets","","","","test_get_tickets_success[filter0-sort1-search0-pagination1-admin]","Позитивный тест: получение списка тикетов с разными комбинациями параметров"
"passed","Sun Apr 26 03:36:44 UTC 2026","Sun Apr 26 03:36:45 UTC 2026","646","tests.admin_panel.categories","test_45_get_categories","","","","test_get_categories_success","Позитивный тест: успешное получение списка категорий админом."
"failed","Sun Apr 26 03:31:44 UTC 2026","Sun Apr 26 03:31:45 UTC 2026","689","tests.admin_panel","test_accrue_auto_bonus","","","","test_accrue_auto_bonus_invalid_payload[payload3-400]",""
"passed","Sun Apr 26 03:38:37 UTC 2026","Sun Apr 26 03:38:39 UTC 2026","1461","tests.account","test_0_top_partners_top_recruiters","","","","test_get_top_partners_top_recruiters_positive[client]","Позитивные тесты на получение топ-партнеров по количеству активных партнеров"
"skipped","Sun Apr 26 03:23:55 UTC 2026","Sun Apr 26 03:23:55 UTC 2026","0","tests.PROJECT_EDUCATION.test_system","test_03_user_answers","","","","test_user_answers_invalid_id__400_or_404[0]",""
"skipped","Sun Apr 26 03:06:04 UTC 2026","Sun Apr 26 03:06:05 UTC 2026","918","tests.one_c","test_cart_calculate_full_coverage","","","","test_packaging_invalid_numbers[price--1]",""
"skipped","Sun Apr 26 03:32:14 UTC 2026","Sun Apr 26 03:32:14 UTC 2026","0","tests.fund","test_get_top_donors","","","","test_get_top_donors_success[end-https://dev.ewahelps.com/api]",""
"skipped","Sun Apr 26 03:31:33 UTC 2026","Sun Apr 26 03:31:33 UTC 2026","0","tests.PROJECT_EDUCATION.test_system","test_05_get_info","","","","test_get_info_invalid_id__400_or_404[]","Негатив: невалидный id в path"
"passed","Sun Apr 26 03:33:11 UTC 2026","Sun Apr 26 03:33:12 UTC 2026","674","tests.admin_panel.promo","test_75_delete_promotion_by_id","","","","test_delete_promotion_invalid_id[0]","Негативный тест: удаление несуществующей или некорректной акции."
"passed","Sun Apr 26 03:14:41 UTC 2026","Sun Apr 26 03:14:44 UTC 2026","3156","tests.cart","test_01_user_locale","","","","test_update_user_locale_invalid_payload[client-payload4]",""
"broken","Sun Apr 26 03:18:26 UTC 2026","Sun Apr 26 03:18:26 UTC 2026","0","tests.admin_panel.sliders","test_54_update_slider","","","","test_update_slider_success","Позитивный тест: успешное обновление слайдера (все поля)."
"passed","Sun Apr 26 03:13:11 UTC 2026","Sun Apr 26 03:13:12 UTC 2026","496","tests.delivery","test_get_cities","","","","test_get_cities_invalid_page_should_fail[bad_page3-admin]","
    Негатив: невалидный page → 400/422
    "
"passed","Sun Apr 26 03:11:45 UTC 2026","Sun Apr 26 03:11:46 UTC 2026","1684","tests.tickets","test_04_create_ticket","","","","test_create_ticket_success[admin-attachments2-OtherQuestions]","Позитивный тест: создание тикета с разными темами и вложениями для клиента, партнера и админа"
"broken","Sun Apr 26 03:38:16 UTC 2026","Sun Apr 26 03:38:16 UTC 2026","0","tests.orders","test_group_order_v2_hint_stock","","","","test_group_order_v2_hint_stock_not_found_returns_rejected[partner]","
    - hint на несуществующий склад
    - hint_rejected = true
    - rejection_reason = not_found
    - auto_selected_better ЗАПРЕЩЁН
    "
"passed","Sun Apr 26 03:15:25 UTC 2026","Sun Apr 26 03:15:27 UTC 2026","2013","tests.cart","test_01_user_locale","","","","test_update_user_locale_invalid_language_enum[partner-None]",""
"passed","Sun Apr 26 03:15:41 UTC 2026","Sun Apr 26 03:15:41 UTC 2026","514","tests.cart","test_02_get_delivery_cost","","","","test_get_delivery_cost_success_partial_payload[partner-payload4-400]",""
"skipped","Sun Apr 26 03:35:14 UTC 2026","Sun Apr 26 03:35:14 UTC 2026","0","tests.account","test_family_agreement_update_status","","","","test_update_family_agreement_status_positive[admin-payload1]","Позитивные тесты на изменение статуса семейного соглашения"
"skipped","Sun Apr 26 03:12:30 UTC 2026","Sun Apr 26 03:12:30 UTC 2026","0","tests.stock","test_create_stock","","","","test_create_stock_with_empty_string_log_if_not_200[city.country_id]",""
"skipped","Sun Apr 26 03:12:18 UTC 2026","Sun Apr 26 03:12:18 UTC 2026","0","tests.tickets","test_01_get_tickets","","","","test_get_tickets_success[filter2-sort0-search1-pagination0-admin]","Позитивный тест: получение списка тикетов с разными комбинациями параметров"
"passed","Sun Apr 26 03:27:06 UTC 2026","Sun Apr 26 03:27:07 UTC 2026","591","tests.delivery","test_get_self_pickup_offices","","","","test_get_self_pickup_offices_success[142257-admin]","Позитив: успешное получение списка ПВЗ ЭВЫ по city_id."
"passed","Sun Apr 26 03:27:39 UTC 2026","Sun Apr 26 03:27:40 UTC 2026","1072","tests.account","test_add_cover_url","","","","test_add_cover_min_payload[admin]",""
"passed","Sun Apr 26 03:21:41 UTC 2026","Sun Apr 26 03:21:42 UTC 2026","709","tests.admin_panel.categories","test_80_create_category_translation","","","","test_create_category_translation_invalid_payload[payload4-400]","Негативный тест: создание перевода с невалидным payload."
"broken","Sun Apr 26 03:21:51 UTC 2026","Sun Apr 26 03:21:51 UTC 2026","0","tests.admin_panel.products","test_44_upload_product_brand_images","","","","test_upload_product_brand_images_various_fields[5.3-fields_to_send3-400]","Негативный тест. Загрузка слишком большого изображения."
"passed","Sun Apr 26 03:21:05 UTC 2026","Sun Apr 26 03:21:06 UTC 2026","507","tests.delivery","test_get_cities_v2","","","","test_get_cities_v2_missing_required_params_should_fail[params2-admin]","
    Негатив: отсутствие обязательных параметров country_id/city_name → 400/422
    "
"failed","Sun Apr 26 03:22:41 UTC 2026","Sun Apr 26 03:22:41 UTC 2026","666","tests.admin_panel.promo","test_72_create_promotion","","","","test_create_promotion_invalid_data[payload9-422]","Негативные тесты: невалидные данные"
"broken","Sun Apr 26 03:18:29 UTC 2026","Sun Apr 26 03:18:29 UTC 2026","0","tests.admin_panel.sliders","test_54_update_slider","","","","test_update_slider_invalid_payload[payload2-expected_code2]","Негативный тест: обновление слайдера с невалидным или неполным телом запроса."
"broken","Sun Apr 26 03:21:51 UTC 2026","Sun Apr 26 03:21:51 UTC 2026","0","tests.admin_panel.products","test_44_upload_product_brand_images","","","","test_upload_product_brand_images_formats[invalid.docx-application/vnd.openxmlformats-officedocument.wordprocessingml.document-400]","Проверка загрузки изображений бренда в разных форматах: негативные и позитивные кейсы."
"passed","Sun Apr 26 03:06:30 UTC 2026","Sun Apr 26 03:06:30 UTC 2026","513","tests.one_c","test_cart_calculate_full_coverage","","","","test_payment_invalid_types[shipping-5]",""
"passed","Sun Apr 26 03:26:56 UTC 2026","Sun Apr 26 03:26:57 UTC 2026","504","tests.delivery","test_get_dpd_offices","","","","test_get_dpd_offices_invalid_city_id_should_fail[None-admin]",""
"passed","Sun Apr 26 03:25:45 UTC 2026","Sun Apr 26 03:25:46 UTC 2026","1740","tests.cart","test_23_cart_calculate_delivery_flag","","","","test_update_cart_item_invalid_calculate_delivery_flag[false-client]",""
"passed","Sun Apr 26 03:30:37 UTC 2026","Sun Apr 26 03:30:38 UTC 2026","514","tests.reviews","test_reviews_update_post","","","","test_reviews_update_unauthorized_for_non_auth",""
"passed","Sun Apr 26 03:33:59 UTC 2026","Sun Apr 26 03:33:59 UTC 2026","491","tests.admin_panel.slides","test_62_slides_update_video_url","","","","test_update_video_url_unauthorized","Негативный тест: попытка обновления ссылки без авторизации"
"failed","Sun Apr 26 03:22:29 UTC 2026","Sun Apr 26 03:22:30 UTC 2026","650","tests.admin_panel.products","test_40_create_product_brand","","","","test_create_product_brand_invalid_payload[payload10-expected_codes10]","Негативные кейсы: невалидные поля при создании бренда."
"passed","Sun Apr 26 03:30:24 UTC 2026","Sun Apr 26 03:30:25 UTC 2026","508","tests.catalog","test_product_get_by_id","","","","test_get_product_by_id_missing_id[client]","
    Негативный: пропуск path-параметра (GET /products).
    "
"passed","Sun Apr 26 03:21:10 UTC 2026","Sun Apr 26 03:21:10 UTC 2026","475","tests.delivery","test_get_cities_v2","","","","test_get_cities_v2_invalid_country_id_should_fail[abc-admin]","
    Негатив: невалидные значения country_id → 400/422
    "
"skipped","Sun Apr 26 03:36:30 UTC 2026","Sun Apr 26 03:36:33 UTC 2026","2694","tests.catalog","test_products_list","","","","test_get_products_list_invalid_country_id[-1]","
    Негативный: некорректный country_id в query
    "
"passed","Sun Apr 26 03:13:02 UTC 2026","Sun Apr 26 03:13:04 UTC 2026","2473","tests.delivery","test_01_save_delivery_address","","","","test_save_address_negative__create_two_similar_addresses_except_street_in_delivery[client]","
    Создание двух адресов с одинаковыми данными,
    кроме street внутри delivery.cdek.address
    → оба адреса должны сохраниться
    "
"passed","Sun Apr 26 03:29:45 UTC 2026","Sun Apr 26 03:29:46 UTC 2026","714","tests.admin_panel.promo","test_73_get_promotion_by_id","","","","test_get_promotion_not_found","Негативный тест: акция не найдена"
"skipped","Sun Apr 26 03:38:42 UTC 2026","Sun Apr 26 03:38:42 UTC 2026","0","tests.account","test_delete","","","","test_delete_account_positive[client]","Позитивные тесты на удаление аккаунта"
"passed","Sun Apr 26 03:13:11 UTC 2026","Sun Apr 26 03:13:11 UTC 2026","463","tests.delivery","test_get_cities","","","","test_get_cities_invalid_page_should_fail[bad_page2-admin]","
    Негатив: невалидный page → 400/422
    "
"broken","Sun Apr 26 03:21:15 UTC 2026","Sun Apr 26 03:21:15 UTC 2026","0","tests.catalog","test_update_admin_product","","","","test_update_admin_product_invalid_payload[update_payload6-422]",""
"failed","Sun Apr 26 03:37:19 UTC 2026","Sun Apr 26 03:37:19 UTC 2026","524","tests.cart","test_17_cart_update_user_country","","","","test_update_user_country_success[client]","Позитив: изменение страны пользователя в заказе"
"skipped","Sun Apr 26 03:31:06 UTC 2026","Sun Apr 26 03:31:07 UTC 2026","672","tests.tickets","test_09_get_ticket_messages","","","","test_get_ticket_messages_invalid_id_format[0]","Негативный тест: запрос с некорректным ID (строка, спецсимволы, пустое значение)"
"skipped","Sun Apr 26 03:18:23 UTC 2026","Sun Apr 26 03:18:23 UTC 2026","0","tests.PROJECT_EDUCATION.orders","test_post_orders","","","","test_post_orders_200_paid_test__schema_and_cleanup","Позитив: платный курс - заказ создаётся"
"passed","Sun Apr 26 03:10:15 UTC 2026","Sun Apr 26 03:10:16 UTC 2026","1648","tests.tickets","test_04_create_ticket","","","","test_create_ticket_success[partner-attachments2-OtherQuestions]","Позитивный тест: создание тикета с разными темами и вложениями для клиента, партнера и админа"
"skipped","Sun Apr 26 03:36:28 UTC 2026","Sun Apr 26 03:36:30 UTC 2026","2349","tests.catalog","test_products_list","","","","test_get_products_list_invalid_country_id[abc]","
    Негативный: некорректный country_id в query
    "
"passed","Sun Apr 26 03:31:01 UTC 2026","Sun Apr 26 03:31:02 UTC 2026","709","tests.tickets","test_02_get_ticket_by_id","","","","test_get_ticket_invalid_id[1.5]","Негативный тест: передан некорректный ID."
"skipped","Sun Apr 26 03:12:17 UTC 2026","Sun Apr 26 03:12:17 UTC 2026","0","tests.tickets","test_01_get_tickets","","","","test_get_tickets_success[filter1-sort1-search0-pagination0-client]","Позитивный тест: получение списка тикетов с разными комбинациями параметров"
"broken","Sun Apr 26 03:33:56 UTC 2026","Sun Apr 26 03:33:56 UTC 2026","0","tests.admin_panel.slides","test_62_slides_get_upload_urls","","","","test_get_upload_urls_success","Позитивный тест: успешное получение временных ссылок на загрузку видео файлов у слайда типа 'video'"
"broken","Sun Apr 26 03:24:17 UTC 2026","Sun Apr 26 03:24:17 UTC 2026","0","tests.admin_panel.items","test_update_item","","","","test_update_item_forbidden[partner]","Негативный тест: попытка обновления item не-админом."
"skipped","Sun Apr 26 03:12:17 UTC 2026","Sun Apr 26 03:12:17 UTC 2026","0","tests.tickets","test_01_get_tickets","","","","test_get_tickets_success[filter0-sort1-search2-pagination1-partner]","Позитивный тест: получение списка тикетов с разными комбинациями параметров"
"passed","Sun Apr 26 03:26:53 UTC 2026","Sun Apr 26 03:26:54 UTC 2026","473","tests.delivery","test_get_dpd_offices","","","","test_get_dpd_offices_invalid_city_id_should_fail[-admin]",""
"skipped","Sun Apr 26 03:12:18 UTC 2026","Sun Apr 26 03:12:18 UTC 2026","0","tests.tickets","test_01_get_tickets","","","","test_get_tickets_success[filter2-sort0-search2-pagination1-partner]","Позитивный тест: получение списка тикетов с разными комбинациями параметров"
"failed","Sun Apr 26 03:32:09 UTC 2026","Sun Apr 26 03:32:10 UTC 2026","846","tests.catalog","test_product_get_by_slug","","","","test_get_product_by_slug_success[admin]","
    Позитивный: успешный поиск товара по slug
    "
"passed","Sun Apr 26 03:29:37 UTC 2026","Sun Apr 26 03:29:38 UTC 2026","670","tests.admin_panel.products","test_41_get_product_brand_by_id","","","","test_get_product_brand_invalid_id[0]","Негативный тест: получение бренда по невалидному ID"
"passed","Sun Apr 26 03:12:38 UTC 2026","Sun Apr 26 03:12:39 UTC 2026","1095","tests.delivery","test_01_save_delivery_address","","","","test_save_address_positive_contract_and_cleanup[payload3-partner]",""
"skipped","Sun Apr 26 03:35:14 UTC 2026","Sun Apr 26 03:35:14 UTC 2026","0","tests.account","test_token_revoke","","","","test_revoke_token_positive[client-payload0]","Позитивные тесты на удаление токена"
"skipped","Sun Apr 26 03:17:58 UTC 2026","Sun Apr 26 03:17:58 UTC 2026","0","tests.catalog","test_create_admin_product","","","","test_create_product_duplicate_slug[mn]",""
"broken","Sun Apr 26 03:29:23 UTC 2026","Sun Apr 26 03:29:23 UTC 2026","0","tests.tickets","test_06_close_ticket","","","","test_close_ticket_success[client]","Позитивный тест: закрытие тикета для клиента, партнера и админа."
"passed","Sun Apr 26 03:05:37 UTC 2026","Sun Apr 26 03:05:38 UTC 2026","495","tests.one_c","test_cart_calculate_full_coverage","","","","test_invalid_top_types[track-123]",""
"passed","Sun Apr 26 03:33:58 UTC 2026","Sun Apr 26 03:33:58 UTC 2026","697","tests.admin_panel.slides","test_62_slides_update_video_url","","","","test_update_video_url_invalid[https://bucket.yandex.ru/other_video.m3u8]","Негативный тест: передача некорректной ссылки (не master.m3u8) / без предварительной загрузки"
"passed","Sun Apr 26 03:32:42 UTC 2026","Sun Apr 26 03:32:43 UTC 2026","965","tests.PROJECT_FUND.initiatives","test_get_initiative_by_id","","","","test_get_initiative_by_invalid_id[0-https://dev.ewahelps.com/api]",""
"skipped","Sun Apr 26 03:12:30 UTC 2026","Sun Apr 26 03:12:30 UTC 2026","0","tests.stock","test_create_stock","","","","test_create_stock_with_empty_string_log_if_not_200[address.longitude]",""
"passed","Sun Apr 26 03:21:10 UTC 2026","Sun Apr 26 03:21:11 UTC 2026","486","tests.delivery","test_get_cities_v2","","","","test_get_cities_v2_invalid_country_id_should_fail[-1-admin]","
    Негатив: невалидные значения country_id → 400/422
    "
"passed","Sun Apr 26 03:35:07 UTC 2026","Sun Apr 26 03:35:07 UTC 2026","502","tests.register","test_03_register_client","","","","test_register_client_positive[admin-403]","Тест: позитивные тесты для регистрации клиента вручную"
"passed","Sun Apr 26 03:15:04 UTC 2026","Sun Apr 26 03:15:08 UTC 2026","3850","tests.cart","test_01_user_locale","","","","test_update_user_locale_invalid_language_enum[client-123]",""
"failed","Sun Apr 26 03:22:55 UTC 2026","Sun Apr 26 03:22:56 UTC 2026","640","tests.admin_panel.sliders","test_52_create_slider","","","","test_create_slider_invalid_payload[payload12-422]","Негативный тест: попытка создать слайдер с невалидным payload."
"failed","Sun Apr 26 03:21:20 UTC 2026","Sun Apr 26 03:21:21 UTC 2026","653","tests.admin_panel.slides","test_57_create_slide","","","","test_create_slide_invalid_payload[payload6-422]","Негативные тесты: некорректные и неполные payload'ы"
"skipped","Sun Apr 26 03:06:25 UTC 2026","Sun Apr 26 03:06:26 UTC 2026","817","tests.one_c","test_cart_calculate_full_coverage","","","","test_payment_invalid_numbers[total-0]",""
"passed","Sun Apr 26 03:08:48 UTC 2026","Sun Apr 26 03:08:49 UTC 2026","1654","tests.tickets","test_04_create_ticket","","","","test_create_ticket_success[client-attachments2-ChangePersonalData]","Позитивный тест: создание тикета с разными темами и вложениями для клиента, партнера и админа"
"skipped","Sun Apr 26 03:12:30 UTC 2026","Sun Apr 26 03:12:30 UTC 2026","0","tests.stock","test_create_stock","","","","test_create_stock_with_empty_string_log_if_not_200[address.postal_code]",""
"passed","Sun Apr 26 03:35:56 UTC 2026","Sun Apr 26 03:35:56 UTC 2026","461","tests.cart","test_07_cart_update_multi","","","","test_update_cart_items_multi_unauthorized","Негатив: вызов без авторизации/корзины"
"passed","Sun Apr 26 03:37:49 UTC 2026","Sun Apr 26 03:37:50 UTC 2026","688","tests.admin_panel.periods","test_get_approved_marketing_periods","","","","test_get_admin_approved_marketing_periods__200_contract",""
"passed","Sun Apr 26 03:21:22 UTC 2026","Sun Apr 26 03:21:23 UTC 2026","638","tests.catalog","test_create_admin_product_translation","","","","test_create_admin_product_translation_invalid_payload[payload0-400]","Негативные проверки на создание перевода с некорректным payload."
"passed","Sun Apr 26 03:07:59 UTC 2026","Sun Apr 26 03:08:01 UTC 2026","1869","tests.tickets","test_04_create_ticket","","","","test_create_ticket_success[client-attachments1-QuestionsAboutInternationalDelivery]","Позитивный тест: создание тикета с разными темами и вложениями для клиента, партнера и админа"
"skipped","Sun Apr 26 03:36:50 UTC 2026","Sun Apr 26 03:36:50 UTC 2026","0","tests.admin_panel.periods","test_post_periods_by_date_interval","","","","test_post_periods_by_date_interval__200_strict[client]",""
"passed","Sun Apr 26 03:13:22 UTC 2026","Sun Apr 26 03:13:22 UTC 2026","528","tests.delivery","test_get_cities","","","","test_get_cities_invalid_region_id_should_fail[True-admin]","
    Негатив: невалидный region_id
    "
"broken","Sun Apr 26 03:22:35 UTC 2026","Sun Apr 26 03:22:35 UTC 2026","0","tests.admin_panel.products","test_42_update_product_brand","","","","test_update_product_brand_invalid_payload[payload3-expected_code3]","Негативный тест: обновление бренда с невалидным или неполным телом запроса."
"skipped","Sun Apr 26 03:36:41 UTC 2026","Sun Apr 26 03:36:41 UTC 2026","0","tests.stock","test_update_stock","","","","test_update_stock_invalid_id[abc]",""
"passed","Sun Apr 26 03:37:33 UTC 2026","Sun Apr 26 03:37:34 UTC 2026","711","tests.reviews","test_reviews_by_product_get","","","","test_reviews_by_product_access[authorize_partner]",""
"passed","Sun Apr 26 03:32:33 UTC 2026","Sun Apr 26 03:32:34 UTC 2026","656","tests.stock","test_get_group_orders","","","","test_get_group_orders[client]","Запрос всех складов для групповых заказов"
"passed","Sun Apr 26 03:30:22 UTC 2026","Sun Apr 26 03:30:23 UTC 2026","830","tests.catalog","test_product_get_by_id","","","","test_get_product_by_id_invalid_string[%20]","
    Негативный: ID строкового типа
    "
"passed","Sun Apr 26 03:17:37 UTC 2026","Sun Apr 26 03:17:40 UTC 2026","3098","tests.cart","test_12_cart_estimate_delivery","","","","test_estimate_delivery_negative[partner-cdek-payload1]","
    негатив 400 ки
    "
"passed","Sun Apr 26 03:38:45 UTC 2026","Sun Apr 26 03:38:45 UTC 2026","523","tests.cart","test_05_cart_clear","","","","test_clear_cart_unauthorized","Негатив: очистка корзины без авторизации/корзины"
"failed","Sun Apr 26 03:37:43 UTC 2026","Sun Apr 26 03:37:45 UTC 2026","1114","tests.account","test_delete_cover_url","","","","test_delete_cover_full_payload[client]",""
"skipped","Sun Apr 26 03:25:16 UTC 2026","Sun Apr 26 03:25:16 UTC 2026","717","tests.reviews","test_reviews_create_post","","","","test_reviews_create_boundary_string_length[sender_name--400]",""
"passed","Sun Apr 26 03:10:54 UTC 2026","Sun Apr 26 03:10:55 UTC 2026","1804","tests.tickets","test_04_create_ticket","","","","test_create_ticket_success[admin-attachments1-QuestionsAboutTheHousingAndCarProgram]","Позитивный тест: создание тикета с разными темами и вложениями для клиента, партнера и админа"
"passed","Sun Apr 26 03:21:49 UTC 2026","Sun Apr 26 03:21:49 UTC 2026","519","tests.admin_panel.products","test_44_upload_product_brand_images","","","","test_upload_product_brand_images_forbidden[client]","Негативный тест: неадмин не может загрузить изображения."
"skipped","Sun Apr 26 03:28:42 UTC 2026","Sun Apr 26 03:28:42 UTC 2026","502","tests.register","test_01_register_form","","","","test_register_form_negative[admin-payload1-400]",""
"skipped","Sun Apr 26 03:07:06 UTC 2026","Sun Apr 26 03:07:07 UTC 2026","826","tests.one_c","test_cart_calculate_full_coverage","","","","test_email_validation[shipping_customer-test@mail]",""
"skipped","Sun Apr 26 03:12:12 UTC 2026","Sun Apr 26 03:12:12 UTC 2026","0","tests.tickets","test_04_create_ticket","","","","test_create_ticket_invalid_title[client-None]","Негативный тест: создание тикета без заголовка"
"skipped","Sun Apr 26 03:07:10 UTC 2026","Sun Apr 26 03:07:11 UTC 2026","809","tests.one_c","test_cart_calculate_full_coverage","","","","test_address_fields[house-]",""
"passed","Sun Apr 26 03:14:48 UTC 2026","Sun Apr 26 03:14:50 UTC 2026","2027","tests.cart","test_01_user_locale","","","","test_update_user_locale_invalid_payload[partner-payload2]",""
"broken","Sun Apr 26 03:27:18 UTC 2026","Sun Apr 26 03:27:18 UTC 2026","0","tests.admin_panel.products","test_product_files_update","","","","test_update_noop",""
"passed","Sun Apr 26 03:22:08 UTC 2026","Sun Apr 26 03:22:09 UTC 2026","485","tests.delivery","test_02_get_delivery_address","","","","test_history_invalid_pagination_should_fail[bad_body6-partner]","
    Негатив: валидация PaginationRequest
    "
"broken","Sun Apr 26 03:33:20 UTC 2026","Sun Apr 26 03:33:20 UTC 2026","0","tests.catalog","test_delete_admin_product_translation","","","","test_delete_admin_product_translation_success","Удаление одного из переводов продукта (успешный сценарий)."
"passed","Sun Apr 26 03:15:38 UTC 2026","Sun Apr 26 03:15:38 UTC 2026","642","tests.cart","test_02_get_delivery_cost","","","","test_get_delivery_cost_success_partial_payload[client-payload7-200]",""
"passed","Sun Apr 26 03:15:49 UTC 2026","Sun Apr 26 03:15:49 UTC 2026","528","tests.cart","test_02_get_delivery_cost","","","","test_get_delivery_cost_invalid_payload[partner-payload4]","Негатив: некорректные входные данные"
"passed","Sun Apr 26 03:37:57 UTC 2026","Sun Apr 26 03:37:58 UTC 2026","196","tests.auth","test_06_full_logout","","","","test_full_logout_success[admin]",""
"passed","Sun Apr 26 03:23:30 UTC 2026","Sun Apr 26 03:23:30 UTC 2026","716","tests.admin_panel.categories","test_57_v2_update_category","","","","test_v2_update_category_invalid_id[abc]","Негативный тест: несуществующий или некорректный ID."
"passed","Sun Apr 26 03:28:34 UTC 2026","Sun Apr 26 03:28:35 UTC 2026","506","tests.orders","test_group_order_v2_create","","","","test_group_order_v2_invalid_payloads[partner-payload3]",""
"passed","Sun Apr 26 03:31:47 UTC 2026","Sun Apr 26 03:31:48 UTC 2026","703","tests.admin_panel.promo","test_76_get_promotion_items","","","","test_get_promotion_item_invalid_id[abc-abc]","Негативный тест: получение элемента с невалидным ID"
"skipped","Sun Apr 26 03:06:02 UTC 2026","Sun Apr 26 03:06:02 UTC 2026","485","tests.one_c","test_cart_calculate_full_coverage","","","","test_products_missing_fields[storage_id]",""
"passed","Sun Apr 26 03:28:17 UTC 2026","Sun Apr 26 03:28:17 UTC 2026","649","tests.admin_panel.slides","test_0_slides_sort","","","","test_slides_sort_invalid_id[0]","Негативный тест: невалидный path parameter."
"passed","Sun Apr 26 03:27:37 UTC 2026","Sun Apr 26 03:27:38 UTC 2026","1045","tests.account","test_add_cover_url","","","","test_add_cover_min_payload[client]",""
"skipped","Sun Apr 26 03:31:33 UTC 2026","Sun Apr 26 03:31:33 UTC 2026","0","tests.PROJECT_EDUCATION.test_system","test_05_get_info","","","","test_get_info_invalid_id__400_or_404[999999]","Негатив: невалидный id в path"
"passed","Sun Apr 26 03:21:12 UTC 2026","Sun Apr 26 03:21:13 UTC 2026","482","tests.delivery","test_get_cities_v2","","","","test_get_cities_v2_invalid_country_id_should_fail[bad_country_id6-admin]","
    Негатив: невалидные значения country_id → 400/422
    "
"skipped","Sun Apr 26 03:29:23 UTC 2026","Sun Apr 26 03:29:23 UTC 2026","0","tests.tickets","test_06_close_ticket","","","","test_close_tickets_negative[client-ticket_ids0-400]","Негативные тесты: закрытие с некорректными данными"
"passed","Sun Apr 26 03:32:13 UTC 2026","Sun Apr 26 03:32:13 UTC 2026","495","tests.catalog","test_product_get_by_slug","","","","test_get_product_by_slug_missing_slug[client]","
    Негативный: slug вообще не передаём (/product без /{slug})
    "
"passed","Sun Apr 26 03:11:35 UTC 2026","Sun Apr 26 03:11:37 UTC 2026","1613","tests.tickets","test_04_create_ticket","","","","test_create_ticket_success[admin-attachments2-QuestionsAboutProducts]","Позитивный тест: создание тикета с разными темами и вложениями для клиента, партнера и админа"
"skipped","Sun Apr 26 03:38:04 UTC 2026","Sun Apr 26 03:38:05 UTC 2026","688","tests.catalog","test_get_item_by_id","","","","test_get_item_invalid_id[0]","
    Негативный тест: передан некорректный ID (тип/значение)
    "
"skipped","Sun Apr 26 03:35:14 UTC 2026","Sun Apr 26 03:35:14 UTC 2026","0","tests.account","test_history_personal_volumes_admin","","","","test_get_personal_volumes_history_admin_positive[client-payload0]","Позитивные тесты на получение истории начисления личных объемов для админа"
"passed","Sun Apr 26 03:20:28 UTC 2026","Sun Apr 26 03:20:33 UTC 2026","4635","tests.cart","test_free_delivery_by_rc_and_belts","","","","test_below_threshold_contract[\u0425\u0430\u0431\u0430\u0440\u043e\u0432\u0441\u043a-client-zone_2-belt_cfg1]","
    КОНТРАКТ:
    free МОЖЕТ быть
    платная МОЖЕТ быть
    advance_costs МОЖЕТ быть []
    "
"passed","Sun Apr 26 03:10:00 UTC 2026","Sun Apr 26 03:10:02 UTC 2026","1649","tests.tickets","test_04_create_ticket","","","","test_create_ticket_success[partner-attachments2-QuestionsAboutOrders]","Позитивный тест: создание тикета с разными темами и вложениями для клиента, партнера и админа"
"passed","Sun Apr 26 03:13:35 UTC 2026","Sun Apr 26 03:13:35 UTC 2026","646","tests.account","test_update_utc_offset","","","","test_update_utc_offset_valid_values[-00-expected3-partner]",""
"broken","Sun Apr 26 03:21:14 UTC 2026","Sun Apr 26 03:21:14 UTC 2026","0","tests.catalog","test_update_admin_product","","","","test_update_admin_product_invalid_id[-1]",""
"passed","Sun Apr 26 03:05:29 UTC 2026","Sun Apr 26 03:05:29 UTC 2026","489","tests.one_c","test_cart_calculate_full_coverage","","","","test_invalid_top_types[free_delivery-true]",""
"skipped","Sun Apr 26 03:35:14 UTC 2026","Sun Apr 26 03:35:14 UTC 2026","0","tests.account","test_history","","","","test_get_history_positive[partner-payload0]","Позитивные тесты на получение истории аккаунта"
"passed","Sun Apr 26 03:09:53 UTC 2026","Sun Apr 26 03:09:54 UTC 2026","1827","tests.tickets","test_04_create_ticket","","","","test_create_ticket_success[partner-attachments1-ReceivingProductsShortage]","Позитивный тест: создание тикета с разными темами и вложениями для клиента, партнера и админа"
"broken","Sun Apr 26 03:22:35 UTC 2026","Sun Apr 26 03:22:35 UTC 2026","0","tests.admin_panel.products","test_42_update_product_brand","","","","test_update_product_brand_invalid_payload[payload1-expected_code1]","Негативный тест: обновление бренда с невалидным или неполным телом запроса."
"passed","Sun Apr 26 03:05:32 UTC 2026","Sun Apr 26 03:05:33 UTC 2026","643","tests.one_c","test_cart_calculate_full_coverage","","","","test_invalid_top_types[shipping_customer-string]",""
"skipped","Sun Apr 26 03:12:30 UTC 2026","Sun Apr 26 03:12:30 UTC 2026","0","tests.stock","test_create_stock","","","","test_create_stock_with_empty_string_log_if_not_200[type]",""
"passed","Sun Apr 26 03:13:17 UTC 2026","Sun Apr 26 03:13:17 UTC 2026","505","tests.delivery","test_get_cities","","","","test_get_cities_invalid_country_id_should_fail[-1-admin]","
    Негатив: невалидный country_id → 400/422
    "
"skipped","Sun Apr 26 03:27:15 UTC 2026","Sun Apr 26 03:27:15 UTC 2026","468","tests.orders","test_group_order_change_country","","","","test_change_country_invalid_data[invalid_payload1-admin]","Негативные тесты: передача некорректных данных"
"passed","Sun Apr 26 03:29:29 UTC 2026","Sun Apr 26 03:29:29 UTC 2026","702","tests.admin_panel","test_partner_accrual_details_main_bonus","","","","test_main_bonus_details_invalid_query_params[query4-expected_codes4]","
    Негатив: валидация query-параметров main-bonus
    "
"passed","Sun Apr 26 03:10:31 UTC 2026","Sun Apr 26 03:10:32 UTC 2026","1019","tests.tickets","test_04_create_ticket","","","","test_create_ticket_success[admin-attachments0-QuestionsAboutOrders]","Позитивный тест: создание тикета с разными темами и вложениями для клиента, партнера и админа"
"passed","Sun Apr 26 03:21:18 UTC 2026","Sun Apr 26 03:21:19 UTC 2026","641","tests.admin_panel.slides","test_57_create_slide","","","","test_create_slide_invalid_payload[payload3-400]","Негативные тесты: некорректные и неполные payload'ы"
"skipped","Sun Apr 26 03:06:09 UTC 2026","Sun Apr 26 03:06:09 UTC 2026","798","tests.one_c","test_cart_calculate_full_coverage","","","","test_packaging_invalid_numbers[weight-0]",""
"skipped","Sun Apr 26 03:37:21 UTC 2026","Sun Apr 26 03:37:21 UTC 2026","0","tests.cart","test_exclusive_preorder_cart_update_multi","","","","test_cart_update_multi_checks_permission_for_exclusive_400[client]",""
"broken","Sun Apr 26 03:21:38 UTC 2026","Sun Apr 26 03:21:38 UTC 2026","0","tests.admin_panel.categories","test_80_create_category_translation","","","","test_create_category_translation_forbidden[client]","Негативный тест: создание перевода не-админом запрещено."
"skipped","Sun Apr 26 03:12:18 UTC 2026","Sun Apr 26 03:12:18 UTC 2026","0","tests.tickets","test_01_get_tickets","","","","test_get_tickets_success[filter2-sort1-search2-pagination1-client]","Позитивный тест: получение списка тикетов с разными комбинациями параметров"
"passed","Sun Apr 26 03:18:30 UTC 2026","Sun Apr 26 03:18:32 UTC 2026","1792","tests.cart","test_20_cart_recommended_products","","","","test_cart_recommended_products_empty_cart[client]",""
"passed","Sun Apr 26 03:13:07 UTC 2026","Sun Apr 26 03:13:08 UTC 2026","462","tests.delivery","test_get_cities","","","","test_get_cities_search_by_city_name_success[admin]","
    Позитив: поиск по части названия
    "
"skipped","Sun Apr 26 03:35:14 UTC 2026","Sun Apr 26 03:35:14 UTC 2026","0","tests.account","test_list_csv","","","","test_get_account_list_csv_positive[client-payload1]","Позитивные тесты на выгрузку структуры партнеров в CSV"
"passed","Sun Apr 26 03:13:38 UTC 2026","Sun Apr 26 03:13:39 UTC 2026","713","tests.account","test_update_utc_offset","","","","test_update_utc_offset_required_field_validation[payload2]",""
"passed","Sun Apr 26 03:33:28 UTC 2026","Sun Apr 26 03:33:29 UTC 2026","496","tests.delivery","test_mongpost_postcodes","","","","test_get_mongpost_postcodes_success[partner]","Позитивный тест: успешное получение списка почтовых индексов монгольской почты"
"passed","Sun Apr 26 03:21:43 UTC 2026","Sun Apr 26 03:21:44 UTC 2026","634","tests.admin_panel.items","test_create_item_translation","","","","test_create_item_translation_invalid_payload[payload0-code0]","Негативный тест: создание перевода с невалидным payload."
"passed","Sun Apr 26 03:23:05 UTC 2026","Sun Apr 26 03:23:05 UTC 2026","514","tests.statistic","test_team_go","","","","test_get_team_go_statistic_positive[payload0-client]","Позитивный тест: получение статистики по команде с валидным телом запроса"
"passed","Sun Apr 26 03:12:46 UTC 2026","Sun Apr 26 03:12:48 UTC 2026","2285","tests.delivery","test_01_save_delivery_address","","","","test_save_address_negative__second_identical_create_should_fail_400[client]","
    Негатив: создаём адрес, затем пытаемся создать второй такой же
    "
"skipped","Sun Apr 26 03:23:04 UTC 2026","Sun Apr 26 03:23:05 UTC 2026","532","tests.statistic","test_team_activations","","","","test_get_team_activation_statistic_negative[payload1-admin]","Негативный тест: ошибка при получении статистики активации команды с невалидным телом запроса"
"broken","Sun Apr 26 03:17:47 UTC 2026","Sun Apr 26 03:17:47 UTC 2026","0","tests.admin_panel.slides","test_59_update_slide","","","","test_update_slide_invalid_payload[payload2-expected_code2]","
    Негативный тест: обновление слайда с невалидным или неполным телом запроса
    "
"passed","Sun Apr 26 03:37:22 UTC 2026","Sun Apr 26 03:37:22 UTC 2026","494","tests.one_c","test_create_1c_stock","","","","test_create_1c_stock_forbidden_with_wrong_secret_key",""
"passed","Sun Apr 26 03:24:38 UTC 2026","Sun Apr 26 03:24:39 UTC 2026","474","tests.cart","test_10_cart_save_city","","","","test_save_city_invalid_payload[partner-payload1]","Негатив: невалидный payload."
"passed","Sun Apr 26 03:26:40 UTC 2026","Sun Apr 26 03:26:41 UTC 2026","486","tests.delivery","test_get_boxberry_offices","","","","test_get_boxberry_offices_invalid_city_id_should_fail[bad_city_id8-admin]",""
"broken","Sun Apr 26 03:18:29 UTC 2026","Sun Apr 26 03:18:29 UTC 2026","0","tests.admin_panel.sliders","test_54_update_slider","","","","test_update_slider_invalid_payload[payload1-expected_code1]","Негативный тест: обновление слайдера с невалидным или неполным телом запроса."
"failed","Sun Apr 26 03:38:54 UTC 2026","Sun Apr 26 03:38:55 UTC 2026","468","tests.catalog","test_recommended_products_selfpickup","","","","test_get_recommended_products_selfpickup_success_stock_selected","
    склад выбран → selfpickup-ручка работает
    "
"broken","Sun Apr 26 03:21:15 UTC 2026","Sun Apr 26 03:21:15 UTC 2026","0","tests.catalog","test_update_admin_product","","","","test_update_admin_product_invalid_payload[update_payload5-422]",""
"passed","Sun Apr 26 03:33:07 UTC 2026","Sun Apr 26 03:33:07 UTC 2026","501","tests.admin_panel.products","test_43_delete_product_brand","","","","test_delete_product_brand_unauthorized","Негативный тест: попытка удаления бренда без авторизации."
"passed","Sun Apr 26 03:17:15 UTC 2026","Sun Apr 26 03:17:18 UTC 2026","3357","tests.cart","test_12_cart_estimate_delivery","","","","test_estimate_delivery_success[partner-cdek_courier-payload10]","
    Позитив: корзина с товаром, выбор способа доставки и расчёт стоимости для разных служб
    "
"passed","Sun Apr 26 03:09:44 UTC 2026","Sun Apr 26 03:09:46 UTC 2026","2001","tests.tickets","test_04_create_ticket","","","","test_create_ticket_success[partner-attachments1-ChangePersonalData]","Позитивный тест: создание тикета с разными темами и вложениями для клиента, партнера и админа"
"broken","Sun Apr 26 03:17:47 UTC 2026","Sun Apr 26 03:17:47 UTC 2026","0","tests.admin_panel.slides","test_59_update_slide","","","","test_update_slide_invalid_id[0]","Негативный тест: несуществующий или некорректный ID"
"passed","Sun Apr 26 03:28:22 UTC 2026","Sun Apr 26 03:28:23 UTC 2026","501","tests.auth","test_02_login","","","","test_admin_login[admin-admin-wrong_password-401]",""
"passed","Sun Apr 26 03:29:55 UTC 2026","Sun Apr 26 03:29:56 UTC 2026","643","tests.admin_panel.slides","test_58_get_slides_by_id","","","","test_get_slides_invalid_id[1.5]","Негативный тест: невалидный ID в path-параметре"
"broken","Sun Apr 26 03:18:21 UTC 2026","Sun Apr 26 03:18:21 UTC 2026","0","tests.one_c","test_free_delivery_to_regions_and_cities","","","","test_1c_free_delivery_forbidden_without_secret_key",""
"skipped","Sun Apr 26 03:17:48 UTC 2026","Sun Apr 26 03:17:48 UTC 2026","0","tests.account","test_0_marathon","","","","test_get_marathon_is_purchased[admin-200]","Позитивный кейс — проверяет приобретал ли аккаунт марафонский набор (все поля)"
"passed","Sun Apr 26 03:37:21 UTC 2026","Sun Apr 26 03:37:21 UTC 2026","463","tests.cart","test_17_cart_update_user_country","","","","test_update_user_country_unauthorized","Негатив: вызов без авторизации/корзины"
"skipped","Sun Apr 26 03:12:18 UTC 2026","Sun Apr 26 03:12:18 UTC 2026","0","tests.tickets","test_01_get_tickets","","","","test_get_tickets_success[filter2-sort1-search0-pagination1-client]","Позитивный тест: получение списка тикетов с разными комбинациями параметров"
"failed","Sun Apr 26 03:21:42 UTC 2026","Sun Apr 26 03:21:42 UTC 2026","666","tests.admin_panel.categories","test_80_create_category_translation","","","","test_create_category_translation_invalid_payload[payload5-422]","Негативный тест: создание перевода с невалидным payload."
"passed","Sun Apr 26 03:28:37 UTC 2026","Sun Apr 26 03:28:38 UTC 2026","513","tests.register","test_01_register_form","","","","test_register_form_positive[admin-payload0]",""
"passed","Sun Apr 26 03:27:55 UTC 2026","Sun Apr 26 03:27:56 UTC 2026","659","tests.admin_panel","test_partner_accrual_details_common","","","","test_common_accrual_details_invalid_payload[payload4-expected_codes4]","
    Негатив: валидация тела запроса общей детализации.
    "
"skipped","Sun Apr 26 03:31:33 UTC 2026","Sun Apr 26 03:31:33 UTC 2026","0","tests.PROJECT_EDUCATION.test_system","test_04_finish_test","","","","test_finish_test__200","
    Позитив:
    - гасим активные сессии
    - стартуем
    - finish -> 200
    - после теста гасим сессии (fail-safe)
    "
"passed","Sun Apr 26 03:14:21 UTC 2026","Sun Apr 26 03:14:25 UTC 2026","3713","tests.cart","test_01_user_locale","","","","test_update_user_locale_valid_payload[partner-payload3]",""
"passed","Sun Apr 26 03:36:41 UTC 2026","Sun Apr 26 03:36:42 UTC 2026","484","tests.stock","test_update_stock","","","","test_update_stock_unauthorized",""
"passed","Sun Apr 26 03:23:49 UTC 2026","Sun Apr 26 03:23:49 UTC 2026","486","tests.orders","test_create_order_by_delivery_address","","","","test_create_order_invalid_data[invalid_payload0-expected_status0-client]",""
"skipped","Sun Apr 26 03:18:23 UTC 2026","Sun Apr 26 03:18:23 UTC 2026","0","tests.PROJECT_EDUCATION.orders","test_post_orders","","","","test_post_orders_invalid_payload__400_422[payload3]","Негатив: невалидный body"
"passed","Sun Apr 26 03:10:25 UTC 2026","Sun Apr 26 03:10:26 UTC 2026","1663","tests.tickets","test_04_create_ticket","","","","test_create_ticket_success[partner-attachments2-ReceivingProductsShortage]","Позитивный тест: создание тикета с разными темами и вложениями для клиента, партнера и админа"
"skipped","Sun Apr 26 03:39:18 UTC 2026","Sun Apr 26 03:39:18 UTC 2026","0","tests.sockets","test_ws_chat_protocol","","","","test_ws_ping_keeps_connection[partner]","
    Позитив: шлём {""msg"": ""ping""} → соединение остаётся живым, потом
    можем нормально отправить subscribe_chat и увидеть сообщение в REST
    "
"skipped","Sun Apr 26 03:31:33 UTC 2026","Sun Apr 26 03:31:33 UTC 2026","0","tests.PROJECT_EDUCATION.test_system","test_04_finish_test","","","","test_finish_test_invalid_id__400_or_404[None]",""
"passed","Sun Apr 26 03:05:36 UTC 2026","Sun Apr 26 03:05:37 UTC 2026","515","tests.one_c","test_cart_calculate_full_coverage","","","","test_invalid_top_types[payment_method-123]",""
"skipped","Sun Apr 26 03:17:58 UTC 2026","Sun Apr 26 03:17:58 UTC 2026","0","tests.admin_panel.categories","test_50_upload_category_images","","","","test_upload_category_images_invalid_format[valid.webp-image/webp-204]","Негативный тест: загрузка изображений в неверном формате (например, .txt)."
"skipped","Sun Apr 26 03:27:45 UTC 2026","Sun Apr 26 03:27:45 UTC 2026","0","tests.account","test_get_languages","","","","test_get_languages_success[client-web-200]","Возвращает список языков, доступных для перевода"
"passed","Sun Apr 26 03:06:31 UTC 2026","Sun Apr 26 03:06:32 UTC 2026","520","tests.one_c","test_cart_calculate_full_coverage","","","","test_payment_invalid_types[bonus_info-invalid]",""
"failed","Sun Apr 26 03:36:57 UTC 2026","Sun Apr 26 03:36:57 UTC 2026","490","tests.admin_panel.products","test_39_get_product_brands","","","","test_get_product_brands_forbidden[client]","Негативный тест: получение списка брендов не админом."
"passed","Sun Apr 26 03:29:49 UTC 2026","Sun Apr 26 03:29:50 UTC 2026","649","tests.admin_panel.sliders","test_53_get_sliders_by_id","","","","test_get_sliders_invalid_id[]","Негативный тест: получение слайдера по невалидному ID"
"broken","Sun Apr 26 03:35:02 UTC 2026","Sun Apr 26 03:35:02 UTC 2026","0","tests.orders","test_group_order_leave","","","","test_cart_leave_group_when_not_in_group_returns_400[client]","
    Негатив: клиент НЕ в ГО = 400
    "
"broken","Sun Apr 26 03:17:47 UTC 2026","Sun Apr 26 03:17:47 UTC 2026","0","tests.admin_panel.slides","test_59_update_slide","","","","test_update_slide_invalid_payload[payload16-422]","
    Негативный тест: обновление слайда с невалидным или неполным телом запроса
    "
"passed","Sun Apr 26 03:12:18 UTC 2026","Sun Apr 26 03:12:19 UTC 2026","507","tests.tickets","test_01_get_tickets","","","","test_get_tickets_no_pagination[partner]","Негативный тест: запрос без обязательного параметра pagination"
"skipped","Sun Apr 26 03:06:10 UTC 2026","Sun Apr 26 03:06:11 UTC 2026","828","tests.one_c","test_cart_calculate_full_coverage","","","","test_packaging_invalid_numbers[height-0]",""
"passed","Sun Apr 26 03:05:35 UTC 2026","Sun Apr 26 03:05:35 UTC 2026","471","tests.one_c","test_cart_calculate_full_coverage","","","","test_invalid_top_types[sms_notice_recipient-0]",""
"passed","Sun Apr 26 03:36:49 UTC 2026","Sun Apr 26 03:36:50 UTC 2026","494","tests.admin_panel.periods","test_post_periods_by_date","","","","test_post_periods_by_date__unauthorized",""
"skipped","Sun Apr 26 03:38:01 UTC 2026","Sun Apr 26 03:38:01 UTC 2026","0","tests.catalog","test_exclusive_preorder_products_by_id","","","","test_products_by_id_exclusive_hidden_without_permission[client]","
    Негатив:
      - берём exclusive seed
      - гарантируем permission отсутствует
      - /products/{id} должен либо:
          не содержать слот для stock_id
          или slot.is_visible==False
          или slot.in_stock==0
    "
"broken","Sun Apr 26 03:33:49 UTC 2026","Sun Apr 26 03:33:49 UTC 2026","0","tests.admin_panel.products","test_02_recommended_products_add","","","","test_add_recommendation_success","Успешное добавление рекомендованного товара"
"passed","Sun Apr 26 03:24:15 UTC 2026","Sun Apr 26 03:24:15 UTC 2026","640","tests.admin_panel","test_04_generate_support_token","","","","test_invalid_user_id_for_token_returns_client_error[abc]",""
"failed","Sun Apr 26 03:35:29 UTC 2026","Sun Apr 26 03:35:29 UTC 2026","665","tests.admin_panel","test_report_accruals","","","","test_report_accruals_invalid_payload[payload1-400]",""
"passed","Sun Apr 26 03:05:38 UTC 2026","Sun Apr 26 03:05:38 UTC 2026","478","tests.one_c","test_cart_calculate_full_coverage","","","","test_invalid_top_types[state-123]",""
"passed","Sun Apr 26 03:25:36 UTC 2026","Sun Apr 26 03:25:39 UTC 2026","2395","tests.cart","test_23_cart_calculate_delivery_flag","","","","test_delete_cart_item_with_calculate_delivery_false[client]","
    Позитив: /cart/delete с calculate_delivery=false
    Позиция удаляется, advance_costs не считаются
    "
"broken","Sun Apr 26 03:33:04 UTC 2026","Sun Apr 26 03:33:04 UTC 2026","0","tests.admin_panel.items","test_delete_item_translation","","","","test_delete_item_translation_forbidden[partner]","Негативный тест: удаление перевода не-админом запрещено."
"skipped","Sun Apr 26 03:29:36 UTC 2026","Sun Apr 26 03:29:36 UTC 2026","0","tests.admin_panel.products","test_01_create_product_group","","","","test_create_product_group_success","Позитивный тест: успешное создание продукт группы (все поля)."
"broken","Sun Apr 26 03:36:46 UTC 2026","Sun Apr 26 03:36:46 UTC 2026","0","tests.admin_panel.categories","test_45_get_categories","","","","test_get_categories_after_adding","Интеграционный тест: добавление категории и проверка её наличия в списке по ID."
"failed","Sun Apr 26 03:38:27 UTC 2026","Sun Apr 26 03:38:28 UTC 2026","622","tests.account","test_0_funds_transfer_withdrawal_info","","","","test_get_withdrawal_info_positive[client-403]","Позитивные тесты на получение информации о выводе средств"
"passed","Sun Apr 26 03:28:36 UTC 2026","Sun Apr 26 03:28:37 UTC 2026","480","tests.register","test_01_register_form","","","","test_register_form_positive[client-payload0]",""
"skipped","Sun Apr 26 03:17:48 UTC 2026","Sun Apr 26 03:17:48 UTC 2026","0","tests.account","test_0_marathon","","","","test_create_product_brand_invalid_payload[params3-400-partner]",""
"passed","Sun Apr 26 03:29:38 UTC 2026","Sun Apr 26 03:29:39 UTC 2026","689","tests.admin_panel.products","test_41_get_product_brand_by_id","","","","test_get_product_brand_invalid_id[None]","Негативный тест: получение бренда по невалидному ID"
"passed","Sun Apr 26 03:11:07 UTC 2026","Sun Apr 26 03:11:09 UTC 2026","1970","tests.tickets","test_04_create_ticket","","","","test_create_ticket_success[admin-attachments1-QuestionsAboutTheMarriageContract]","Позитивный тест: создание тикета с разными темами и вложениями для клиента, партнера и админа"
"skipped","Sun Apr 26 03:12:30 UTC 2026","Sun Apr 26 03:12:30 UTC 2026","0","tests.stock","test_create_stock","","","","test_create_stock_with_empty_string_log_if_not_200[address.entrance]",""
"skipped","Sun Apr 26 03:23:55 UTC 2026","Sun Apr 26 03:23:55 UTC 2026","0","tests.PROJECT_EDUCATION.test_system","test_03_user_answers","","","","test_user_answers_invalid_id__400_or_404[-1]",""
"skipped","Sun Apr 26 03:38:56 UTC 2026","Sun Apr 26 03:38:56 UTC 2026","0","tests.chat_support","test_04_support_chat_tags_get","","","","test_get_support_chat_tags_basic[client]","
    Позитив: /support-chat/tags возвращает список тегов
    "
"broken","Sun Apr 26 03:21:22 UTC 2026","Sun Apr 26 03:21:22 UTC 2026","0","tests.catalog","test_create_admin_product_translation","","","","test_create_admin_product_translation_success[en]","Создание и обновление перевода продукта на разных языках."
"passed","Sun Apr 26 03:22:00 UTC 2026","Sun Apr 26 03:22:02 UTC 2026","1593","tests.delivery","test_02_get_delivery_address","","","","test_history_pagination_total_and_search_filters[partner]","
    POST /delivery/address/history
      - сервер возвращает pagination.total
      - search фильтрует выдачу и total считает по отфильтрованным данным
      - пагинация по страницам консистентна
    "
"skipped","Sun Apr 26 03:18:23 UTC 2026","Sun Apr 26 03:18:23 UTC 2026","0","tests.PROJECT_EDUCATION.orders","test_post_orders","","","","test_post_orders_invalid_payload__400_422[payload11]","Негатив: невалидный body"
"skipped","Sun Apr 26 03:06:32 UTC 2026","Sun Apr 26 03:06:33 UTC 2026","845","tests.one_c","test_cart_calculate_full_coverage","","","","test_payment_invalid_uuid[invalid]",""
"passed","Sun Apr 26 03:18:27 UTC 2026","Sun Apr 26 03:18:27 UTC 2026","694","tests.admin_panel.sliders","test_54_update_slider","","","","test_update_slider_invalid_id[-1]","Негативный тест: несуществующий или некорректный ID."
"skipped","Sun Apr 26 03:30:43 UTC 2026","Sun Apr 26 03:30:44 UTC 2026","705","tests.reviews","test_reviews_update_post","","","","test_reviews_update_invalid_payload_returns_client_error[bad_update0]",""
"broken","Sun Apr 26 03:21:51 UTC 2026","Sun Apr 26 03:21:51 UTC 2026","0","tests.admin_panel.products","test_44_upload_product_brand_images","","","","test_upload_product_brand_images_various_fields[5.3-fields_to_send1-400]","Негативный тест. Загрузка слишком большого изображения."
"passed","Sun Apr 26 03:11:27 UTC 2026","Sun Apr 26 03:11:29 UTC 2026","1588","tests.tickets","test_04_create_ticket","","","","test_create_ticket_success[admin-attachments2-QuestionsAboutTheHousingAndCarProgram]","Позитивный тест: создание тикета с разными темами и вложениями для клиента, партнера и админа"
"skipped","Sun Apr 26 03:39:20 UTC 2026","Sun Apr 26 03:39:20 UTC 2026","0","tests.PROJECT_EDUCATION.orders","test_get_order_by_id","","","","test_get_order_by_id__authorized__contract",""
"skipped","Sun Apr 26 03:17:58 UTC 2026","Sun Apr 26 03:17:58 UTC 2026","0","tests.admin_panel.categories","test_50_upload_category_images","","","","test_upload_category_images_invalid_format[invalid.pdf-application/pdf-400]","Негативный тест: загрузка изображений в неверном формате (например, .txt)."
"passed","Sun Apr 26 03:32:02 UTC 2026","Sun Apr 26 03:32:04 UTC 2026","2176","tests.cart","test_08_cart_delete","","","","test_delete_cart_item_success[partner]","Позитив: удаление позиции из корзины"
"skipped","Sun Apr 26 03:12:17 UTC 2026","Sun Apr 26 03:12:17 UTC 2026","0","tests.tickets","test_01_get_tickets","","","","test_get_tickets_success[filter0-sort1-search0-pagination0-client]","Позитивный тест: получение списка тикетов с разными комбинациями параметров"
"passed","Sun Apr 26 03:28:11 UTC 2026","Sun Apr 26 03:28:12 UTC 2026","472","tests.admin_panel.periods","test_get_period_by_id","","","","test_get_period_by_id__invalid_id_400_404[admin- ]",""
"passed","Sun Apr 26 03:27:52 UTC 2026","Sun Apr 26 03:27:53 UTC 2026","705","tests.admin_panel","test_partner_accrual_details_common","","","","test_common_accrual_details_invalid_payload[payload0-expected_codes0]","
    Негатив: валидация тела запроса общей детализации.
    "
"passed","Sun Apr 26 03:23:19 UTC 2026","Sun Apr 26 03:23:19 UTC 2026","484","tests.statistic","test_team_registrations","","","","test_get_team_registration_statistic_positive[payload2-partner]","Позитивный тест: получение статистики по регистрации команды с валидным телом запроса"
"passed","Sun Apr 26 03:24:05 UTC 2026","Sun Apr 26 03:24:05 UTC 2026","498","tests.account","test_history_group_volumes","","","","test_group_volumes_history_happy_path_contract[1-10-partner]",""
"passed","Sun Apr 26 03:29:35 UTC 2026","Sun Apr 26 03:29:36 UTC 2026","506","tests.admin_panel.categories","test_47_get_categories_by_id","","","","test_get_categories_unauthorized","Негативный тест: получение категории без авторизации."
"skipped","Sun Apr 26 03:12:18 UTC 2026","Sun Apr 26 03:12:18 UTC 2026","0","tests.tickets","test_01_get_tickets","","","","test_get_tickets_success[filter2-sort0-search0-pagination0-admin]","Позитивный тест: получение списка тикетов с разными комбинациями параметров"
"passed","Sun Apr 26 03:23:16 UTC 2026","Sun Apr 26 03:23:16 UTC 2026","493","tests.statistic","test_team_registrations","","","","test_get_team_registration_statistic_positive[payload0-partner]","Позитивный тест: получение статистики по регистрации команды с валидным телом запроса"
"skipped","Sun Apr 26 03:31:33 UTC 2026","Sun Apr 26 03:31:33 UTC 2026","0","tests.PROJECT_EDUCATION.test_system","test_02_get_question","","","","test_get_question_invalid_id__400_or_404[None]",""
"failed","Sun Apr 26 03:36:27 UTC 2026","Sun Apr 26 03:36:28 UTC 2026","487","tests.catalog","test_products_list","","","","test_get_products_list_with_country_id[1-client]","
    Позитивный: список товаров с фильтром по country_id
    "
"skipped","Sun Apr 26 03:28:41 UTC 2026","Sun Apr 26 03:28:41 UTC 2026","477","tests.register","test_01_register_form","","","","test_register_form_negative[partner-payload2-400]",""
"passed","Sun Apr 26 03:12:53 UTC 2026","Sun Apr 26 03:12:54 UTC 2026","473","tests.delivery","test_01_save_delivery_address","","","","test_save_address_invalid_types_should_fail[country_id-None-client]",""
"passed","Sun Apr 26 03:22:34 UTC 2026","Sun Apr 26 03:22:35 UTC 2026","727","tests.admin_panel.products","test_42_update_product_brand","","","","test_update_product_brand_invalid_id[abc]","Негативный тест: несуществующий или некорректный ID."
"passed","Sun Apr 26 03:31:24 UTC 2026","Sun Apr 26 03:31:25 UTC 2026","676","tests.admin_panel.items","test_get_item_translation","","","","test_get_item_translation_invalid_id[1.5]",""
"passed","Sun Apr 26 03:28:07 UTC 2026","Sun Apr 26 03:28:08 UTC 2026","712","tests.admin_panel.minions","test_admin_add_lo","","","","test_post_admin_add_lo_negative_missing_required_fields[payload1]","
    Негативные сценарии: отсутствуют обязательные поля.
    "
"passed","Sun Apr 26 03:06:40 UTC 2026","Sun Apr 26 03:06:41 UTC 2026","855","tests.one_c","test_cart_calculate_full_coverage","","","","test_payment_missing_fields[total]",""
"skipped","Sun Apr 26 03:28:42 UTC 2026","Sun Apr 26 03:28:43 UTC 2026","526","tests.register","test_01_register_form","","","","test_register_form_negative[admin-payload2-400]",""
"skipped","Sun Apr 26 03:12:17 UTC 2026","Sun Apr 26 03:12:17 UTC 2026","0","tests.tickets","test_01_get_tickets","","","","test_get_tickets_success[filter0-sort1-search2-pagination0-client]","Позитивный тест: получение списка тикетов с разными комбинациями параметров"
"broken","Sun Apr 26 03:21:15 UTC 2026","Sun Apr 26 03:21:15 UTC 2026","0","tests.catalog","test_update_admin_product","","","","test_update_admin_product_invalid_id[abc]",""
"skipped","Sun Apr 26 03:12:30 UTC 2026","Sun Apr 26 03:12:30 UTC 2026","0","tests.stock","test_create_stock","","","","test_create_stock_with_empty_string_log_if_not_200[postcode]",""
"passed","Sun Apr 26 03:31:26 UTC 2026","Sun Apr 26 03:31:26 UTC 2026","489","tests.admin_panel.items","test_get_item_translation","","","","test_get_item_translation_unauthorized",""
"skipped","Sun Apr 26 03:31:07 UTC 2026","Sun Apr 26 03:31:07 UTC 2026","676","tests.tickets","test_09_get_ticket_messages","","","","test_get_ticket_messages_invalid_id_format[None]","Негативный тест: запрос с некорректным ID (строка, спецсимволы, пустое значение)"
"broken","Sun Apr 26 03:21:51 UTC 2026","Sun Apr 26 03:21:51 UTC 2026","0","tests.admin_panel.products","test_44_upload_product_brand_images","","","","test_upload_product_brand_images_formats[valid.webp-image/webp-204]","Проверка загрузки изображений бренда в разных форматах: негативные и позитивные кейсы."
"passed","Sun Apr 26 03:35:48 UTC 2026","Sun Apr 26 03:35:51 UTC 2026","3093","tests.cart","test_07_cart_update_multi","","","","test_update_cart_items_multi_success[client]","Позитив: массовое изменение позиций /cart/update_multi"
"passed","Sun Apr 26 03:33:11 UTC 2026","Sun Apr 26 03:33:11 UTC 2026","674","tests.admin_panel.promo","test_75_delete_promotion_by_id","","","","test_delete_promotion_invalid_id[-1]","Негативный тест: удаление несуществующей или некорректной акции."
"broken","Sun Apr 26 03:18:26 UTC 2026","Sun Apr 26 03:18:26 UTC 2026","0","tests.admin_panel.sliders","test_54_update_slider","","","","test_update_slider_unique_name_should_fail_if_not_unique","Негативный тест: попытка обновить unique_name слайдера на уже существующий."
"broken","Sun Apr 26 03:17:48 UTC 2026","Sun Apr 26 03:17:48 UTC 2026","0","tests.catalog","test_create_admin_product","","","","test_create_admin_product_minimal_payload_variants[slug+categories+category_ids]",""
"skipped","Sun Apr 26 03:28:39 UTC 2026","Sun Apr 26 03:28:39 UTC 2026","498","tests.register","test_01_register_form","","","","test_register_form_negative[client-payload2-400]",""
"passed","Sun Apr 26 03:22:48 UTC 2026","Sun Apr 26 03:22:49 UTC 2026","718","tests.admin_panel.sliders","test_52_create_slider","","","","test_create_slider_invalid_payload[payload2-expected_code2]","Негативный тест: попытка создать слайдер с невалидным payload."
"broken","Sun Apr 26 03:21:21 UTC 2026","Sun Apr 26 03:21:21 UTC 2026","0","tests.admin_panel.slides","test_57_create_slide","","","","test_create_slide_title_color_validation[ -400]","Валидация поля title_color при создании слайда"
"skipped","Sun Apr 26 03:35:22 UTC 2026","Sun Apr 26 03:35:22 UTC 2026","0","tests.account","test_update_default_stock","","","","test_update_default_stock_positive[admin-payload0]","Позитивные тесты на изменение дефолтного склада"
"passed","Sun Apr 26 03:15:23 UTC 2026","Sun Apr 26 03:15:25 UTC 2026","2053","tests.cart","test_01_user_locale","","","","test_update_user_locale_invalid_language_enum[partner-123]",""
"passed","Sun Apr 26 03:12:34 UTC 2026","Sun Apr 26 03:12:35 UTC 2026","1018","tests.delivery","test_01_save_delivery_address","","","","test_save_address_positive_contract_and_cleanup[payload1-partner]",""
"broken","Sun Apr 26 03:32:14 UTC 2026","Sun Apr 26 03:32:14 UTC 2026","0","tests.orders","test_group_order_join_roles_and_rejections","","","","test_group_order_join_invalid_group_order_id_rejected[authorize_partner]","
    Негатив: неверный тип group_order_id
    "
"skipped","Sun Apr 26 03:32:35 UTC 2026","Sun Apr 26 03:32:36 UTC 2026","692","tests.stock","test_get_group_orders","","","","test_get_group_orders_invalid_country_id[abc-admin]","Проверка получения складов по невалидному country_id"
"skipped","Sun Apr 26 03:29:23 UTC 2026","Sun Apr 26 03:29:23 UTC 2026","0","tests.tickets","test_06_close_ticket","","","","test_close_tickets_negative[admin-ticket_ids0-400]","Негативные тесты: закрытие с некорректными данными"
"passed","Sun Apr 26 03:12:27 UTC 2026","Sun Apr 26 03:12:28 UTC 2026","488","tests.tickets","test_01_get_tickets","","","","test_get_tickets_invalid_filter[invalid_filter3-400-partner]","Негативный тест: передаем некорректные параметры фильтрации"
"failed","Sun Apr 26 03:30:09 UTC 2026","Sun Apr 26 03:30:10 UTC 2026","1301","tests.catalog","test_get_recommended_products","","","","test_get_recommended_products_global_stock_id_0_success_and_equivalent","
    stock_id=0 должен быть эквивалентен отсутствию stock_id
    "
"skipped","Sun Apr 26 03:35:22 UTC 2026","Sun Apr 26 03:35:22 UTC 2026","0","tests.account","test_update_default_stock","","","","test_update_default_stock_positive[partner-payload1]","Позитивные тесты на изменение дефолтного склада"
"passed","Sun Apr 26 03:13:23 UTC 2026","Sun Apr 26 03:13:24 UTC 2026","462","tests.delivery","test_get_cities","","","","test_get_cities_unauthorized","
    Позитив: запрос без авторизации → 200
    "
"passed","Sun Apr 26 03:34:28 UTC 2026","Sun Apr 26 03:34:28 UTC 2026","472","tests.catalog","test_get_items_list_all","","","","test_get_items_list_all_wrong_method[put]",""
"skipped","Sun Apr 26 03:31:33 UTC 2026","Sun Apr 26 03:31:33 UTC 2026","0","tests.PROJECT_EDUCATION.test_system","test_01_start_test","","","","test_start_test_session__200_and_close_sessions",""
"skipped","Sun Apr 26 03:31:33 UTC 2026","Sun Apr 26 03:31:33 UTC 2026","0","tests.PROJECT_EDUCATION.test_system","test_02_get_question","","","","test_get_question_unauthorized__401_or_404","Негатив: без авторизации"
"broken","Sun Apr 26 03:17:48 UTC 2026","Sun Apr 26 03:17:48 UTC 2026","0","tests.catalog","test_create_admin_product","","","","test_create_admin_product_forbidden_for_non_admin[partner]",""
"skipped","Sun Apr 26 03:07:06 UTC 2026","Sun Apr 26 03:07:06 UTC 2026","838","tests.one_c","test_cart_calculate_full_coverage","","","","test_email_validation[billing_customer-test @mail.com]",""
"passed","Sun Apr 26 03:33:48 UTC 2026","Sun Apr 26 03:33:49 UTC 2026","533","tests.account","test_account_branded_wallet_delete","","","","test_delete_when_nothing_uploaded_returns_404[partner]","
    Удаление при отсутствии изображения → 404
    "
"skipped","Sun Apr 26 03:32:14 UTC 2026","Sun Apr 26 03:32:14 UTC 2026","0","tests.fund","test_get_top_donors","","","","test_get_top_donors_success[page,size-https://dev.ewahelps.com/api]",""
"passed","Sun Apr 26 03:28:31 UTC 2026","Sun Apr 26 03:28:31 UTC 2026","478","tests.one_c","test_stock_delivery_methods","","","","test_1c_stock_delivery_methods_rejects_invalid_method_with_human_readable_message",""
"passed","Sun Apr 26 03:27:10 UTC 2026","Sun Apr 26 03:27:11 UTC 2026","515","tests.delivery","test_get_self_pickup_offices","","","","test_get_self_pickup_offices_invalid_city_id_should_fail[None-admin]","Негатив: невалидные значения city_id → 400/422."
"failed","Sun Apr 26 03:36:47 UTC 2026","Sun Apr 26 03:36:48 UTC 2026","487","tests.admin_panel.periods","test_post_admin_approve_marketing_result_with_period","","","","test_post_admin_approve_marketing_result_with_period__forbidden[client]",""
"passed","Sun Apr 26 03:13:39 UTC 2026","Sun Apr 26 03:13:40 UTC 2026","708","tests.account","test_update_utc_offset","","","","test_update_utc_offset_invalid_format_rejected[03]",""
"passed","Sun Apr 26 03:31:13 UTC 2026","Sun Apr 26 03:31:14 UTC 2026","686","tests.admin_panel","test_05_admin_support_users_token_revoke_all","","","","test_invalid_user_id_for_revoke_all_returns_client_error[None]",""
"passed","Sun Apr 26 03:26:54 UTC 2026","Sun Apr 26 03:26:55 UTC 2026","466","tests.delivery","test_get_dpd_offices","","","","test_get_dpd_offices_invalid_city_id_should_fail[-1-admin]",""
"passed","Sun Apr 26 03:05:30 UTC 2026","Sun Apr 26 03:05:31 UTC 2026","604","tests.one_c","test_cart_calculate_full_coverage","","","","test_invalid_top_types[recommended_stocks-540001]",""
"passed","Sun Apr 26 03:38:40 UTC 2026","Sun Apr 26 03:38:40 UTC 2026","647","tests.account","test_0_top_partners_top_recruiters","","","","test_get_top_partners_top_recruiters_positive[admin]","Позитивные тесты на получение топ-партнеров по количеству активных партнеров"
"broken","Sun Apr 26 03:28:28 UTC 2026","Sun Apr 26 03:28:28 UTC 2026","0","tests.one_c","test_stock_delivery_methods","","","","test_1c_stock_delivery_methods_replaces_previous_whitelist",""
"skipped","Sun Apr 26 03:36:46 UTC 2026","Sun Apr 26 03:36:46 UTC 2026","0","tests.admin_panel.periods","test_post_admin_approve_marketing_result_with_period","","","","test_post_admin_approve_marketing_result_with_period__200_strict",""
"skipped","Sun Apr 26 03:12:17 UTC 2026","Sun Apr 26 03:12:17 UTC 2026","0","tests.tickets","test_01_get_tickets","","","","test_get_tickets_success[filter0-sort0-search1-pagination1-partner]","Позитивный тест: получение списка тикетов с разными комбинациями параметров"
"passed","Sun Apr 26 03:33:15 UTC 2026","Sun Apr 26 03:33:15 UTC 2026","646","tests.admin_panel.sliders","test_55_delete_sliders","","","","test_delete_slider_invalid_id[0]","Негативный тест: удаление несуществующего или некорректного слайдера."
"passed","Sun Apr 26 03:35:10 UTC 2026","Sun Apr 26 03:35:11 UTC 2026","473","tests.account","test_0_profile","","","","test_get_profile_positive[client]","Позитивные тесты на получение данных пользовательского аккаунта"
"passed","Sun Apr 26 03:21:17 UTC 2026","Sun Apr 26 03:21:17 UTC 2026","672","tests.admin_panel.slides","test_57_create_slide","","","","test_create_slide_invalid_payload[payload1-expected_code1]","Негативные тесты: некорректные и неполные payload'ы"
"passed","Sun Apr 26 03:36:50 UTC 2026","Sun Apr 26 03:36:50 UTC 2026","488","tests.admin_panel.periods","test_post_periods_by_date_interval","","","","test_post_periods_by_date_interval__unauthorized",""
"skipped","Sun Apr 26 03:36:01 UTC 2026","Sun Apr 26 03:36:02 UTC 2026","749","tests.cart","test_21_cart_shareable","","","","test_cart_shareable_from_created_link_success[client]","
    Позитив: создаём ссылку через /cart/share и по ней успешно получаем корзину
    "
"passed","Sun Apr 26 03:37:10 UTC 2026","Sun Apr 26 03:37:11 UTC 2026","523","tests.auth","test_04_refresh","","","","test_refresh_token_invalid","Тест обновления токена с недействительным refresh-токеном."
"skipped","Sun Apr 26 03:37:23 UTC 2026","Sun Apr 26 03:37:23 UTC 2026","0","tests.promo_time.new_year_lottery","test_admin_new_year_lottery_coupons","","","","test_admin_can_delete_all_coupons_for_order","
    Позитив: админ передаёт coupons_count = 0
    "
"broken","Sun Apr 26 03:24:17 UTC 2026","Sun Apr 26 03:24:17 UTC 2026","0","tests.admin_panel.items","test_update_item","","","","test_update_item_invalid_id[-1]","Негативный тест: несуществующий или некорректный ID."
"failed","Sun Apr 26 03:36:48 UTC 2026","Sun Apr 26 03:36:48 UTC 2026","471","tests.admin_panel.periods","test_post_admin_approve_marketing_result_with_period","","","","test_post_admin_approve_marketing_result_with_period__forbidden[partner]",""
"skipped","Sun Apr 26 03:22:18 UTC 2026","Sun Apr 26 03:22:18 UTC 2026","634","tests.delivery","test_get_delivery_countries","","","","test_get_delivery_countries_invalid_from[123-admin]","Негатив: невалидные значения параметра from → 400/422."
"passed","Sun Apr 26 03:18:50 UTC 2026","Sun Apr 26 03:18:51 UTC 2026","1534","tests.cart","test_20_cart_recommended_products","","","","test_cart_recommended_products_country_only_cart_no_500[partner]","
    Корзина инициализирована только страной через update_location,
    без явного save_city
    "
"passed","Sun Apr 26 03:12:05 UTC 2026","Sun Apr 26 03:12:06 UTC 2026","1006","tests.tickets","test_04_create_ticket","","","","test_create_ticket_invalid_request_type[partner-None-200]","Негативный тест: попытка создания тикета с неверным типом request_type"
"skipped","Sun Apr 26 03:22:16 UTC 2026","Sun Apr 26 03:22:17 UTC 2026","641","tests.delivery","test_get_delivery_countries","","","","test_get_delivery_countries_invalid_from[-admin]","Негатив: невалидные значения параметра from → 400/422."
"passed","Sun Apr 26 03:38:47 UTC 2026","Sun Apr 26 03:38:48 UTC 2026","498","tests.cart","test_18_cart_available_countries","","","","test_cart_available_countries_success[partner]","Позитив: получение списка доступных стран"
"passed","Sun Apr 26 03:11:10 UTC 2026","Sun Apr 26 03:11:11 UTC 2026","1802","tests.tickets","test_04_create_ticket","","","","test_create_ticket_success[admin-attachments1-QuestionsAboutTheRewardSystemMarketingPlan]","Позитивный тест: создание тикета с разными темами и вложениями для клиента, партнера и админа"
"passed","Sun Apr 26 03:06:30 UTC 2026","Sun Apr 26 03:06:31 UTC 2026","461","tests.one_c","test_cart_calculate_full_coverage","","","","test_payment_invalid_types[is_bonus-true]",""
"passed","Sun Apr 26 03:29:54 UTC 2026","Sun Apr 26 03:29:55 UTC 2026","696","tests.admin_panel.slides","test_58_get_slides_by_id","","","","test_get_slides_invalid_id[None]","Негативный тест: невалидный ID в path-параметре"
"skipped","Sun Apr 26 03:32:36 UTC 2026","Sun Apr 26 03:32:37 UTC 2026","474","tests.stock","test_get_group_orders","","","","test_get_group_orders_invalid_country_id[-1-admin]","Проверка получения складов по невалидному country_id"
"skipped","Sun Apr 26 03:12:17 UTC 2026","Sun Apr 26 03:12:17 UTC 2026","0","tests.tickets","test_01_get_tickets","","","","test_get_tickets_success[filter1-sort0-search0-pagination1-client]","Позитивный тест: получение списка тикетов с разными комбинациями параметров"
"skipped","Sun Apr 26 03:12:30 UTC 2026","Sun Apr 26 03:12:30 UTC 2026","0","tests.stock","test_create_stock","","","","test_create_stock_with_empty_string_log_if_not_200[address]",""
"passed","Sun Apr 26 03:13:10 UTC 2026","Sun Apr 26 03:13:11 UTC 2026","490","tests.delivery","test_get_cities","","","","test_get_cities_invalid_page_should_fail[-1-admin]","
    Негатив: невалидный page → 400/422
    "
"passed","Sun Apr 26 03:06:53 UTC 2026","Sun Apr 26 03:06:53 UTC 2026","810","tests.one_c","test_cart_calculate_full_coverage","","","","test_bonus_info_missing_bonus_list_fields[account_text]",""
"broken","Sun Apr 26 03:21:51 UTC 2026","Sun Apr 26 03:21:51 UTC 2026","0","tests.admin_panel.promo","test_77_create_promotion_item","","","","test_create_promotion_item_invalid_payload[payload6-422]",""
"passed","Sun Apr 26 03:24:01 UTC 2026","Sun Apr 26 03:24:04 UTC 2026","2938","tests.account","test_account_branded_wallet_upload","","","","test_upload_too_large_returns_400[partner]","Негатив: слишком большой файл (>5MB) → 400"
"skipped","Sun Apr 26 03:35:14 UTC 2026","Sun Apr 26 03:35:14 UTC 2026","0","tests.account","test_history","","","","test_get_history_positive[client-payload1]","Позитивные тесты на получение истории аккаунта"
"skipped","Sun Apr 26 03:17:58 UTC 2026","Sun Apr 26 03:17:58 UTC 2026","0","tests.catalog","test_create_admin_product","","","","test_create_product_duplicate_slug[uz]",""
"passed","Sun Apr 26 03:26:57 UTC 2026","Sun Apr 26 03:26:58 UTC 2026","520","tests.delivery","test_get_dpd_offices","","","","test_get_dpd_offices_invalid_city_id_should_fail[bad_city_id8-admin]",""
"failed","Sun Apr 26 03:37:04 UTC 2026","Sun Apr 26 03:37:04 UTC 2026","463","tests.admin_panel.slides","test_56_get_slides","","","","test_get_slides_forbidden[client]","Негативный тест: получение списка слайдов не админом"
"skipped","Sun Apr 26 03:05:27 UTC 2026","Sun Apr 26 03:05:28 UTC 2026","1006","tests.one_c","test_cart_calculate_full_coverage","","","","test_required_fields[shipping_customer]",""
"skipped","Sun Apr 26 03:17:48 UTC 2026","Sun Apr 26 03:17:48 UTC 2026","0","tests.account","test_0_marathon","","","","test_create_product_brand_invalid_payload[params6-400-admin]",""
"broken","Sun Apr 26 03:24:17 UTC 2026","Sun Apr 26 03:24:17 UTC 2026","0","tests.admin_panel.items","test_update_item","","","","test_update_item_invalid_payload[payload1-expected_code1]","Негативный тест: обновление item с невалидным или неполным телом запроса."
"broken","Sun Apr 26 03:21:38 UTC 2026","Sun Apr 26 03:21:38 UTC 2026","0","tests.admin_panel.categories","test_80_create_category_translation","","","","test_create_category_translation_forbidden[partner]","Негативный тест: создание перевода не-админом запрещено."
