"Status","Start Time","Stop Time","Duration in ms","Parent Suite","Suite","Sub Suite","Test Class","Test Method","Name","Description"
"skipped","Sun Dec 07 00:36:59 UTC 2025","Sun Dec 07 00:36:59 UTC 2025","0","tests.admin_panel.products","test_01_delete_product_group","","","","test_delete_product_group_unauthorized","Негативный тест: попытка удаления продукт группы без авторизации."
"passed","Sun Dec 07 00:23:27 UTC 2025","Sun Dec 07 00:23:27 UTC 2025","135","tests.account","test_0_top_partners_client_service_v2","","","","test_get_top_partners_client_service_v2_positive[client]","Позитивные тесты на получение топ-партнеров по сумме ЛО клиентов"
"skipped","Sun Dec 07 00:28:32 UTC 2025","Sun Dec 07 00:28:32 UTC 2025","0","tests.admin_panel","test_accrue_presidential_pool","","","","test_accrue_presidential_pool_forbidden[partner]",""
"passed","Sun Dec 07 01:35:52 UTC 2025","Sun Dec 07 01:35:53 UTC 2025","1091","tests.tickets","test_04_create_ticket","","","","test_create_ticket_success[admin-attachments2-QuestionsAboutProducts]","Позитивный тест: создание тикета с разными темами и вложениями для клиента, партнера и админа"
"skipped","Sun Dec 07 01:12:25 UTC 2025","Sun Dec 07 01:12:25 UTC 2025","0","tests.chat_support","test_03_support_chat_ticket_post","","","","test_create_ticket_no_available_messages_400[client]","Негативный: без новых сообщений"
"skipped","Sun Dec 07 00:25:11 UTC 2025","Sun Dec 07 00:25:11 UTC 2025","0","tests.account","test_funds_transfer_send","","","","test_send_funds_transfer_positive[partner-payload0]","Позитивные тесты на перевод/вывод средств по visibleId"
"skipped","Sun Dec 07 00:30:10 UTC 2025","Sun Dec 07 00:30:10 UTC 2025","0","tests.admin_panel.categories","test_50_upload_category_images","","","","test_upload_category_images_forbidden[client]","Негативный тест: неадмин не может загрузить изображения категории."
"passed","Sun Dec 07 01:14:17 UTC 2025","Sun Dec 07 01:14:18 UTC 2025","1735","tests.delivery","test_01_save_delivery_address","","","","test_save_delivery_address_negative[partner-payload7-500]","Негативные тесты на сохранение адреса доставки"
"skipped","Sun Dec 07 00:28:32 UTC 2025","Sun Dec 07 00:28:32 UTC 2025","0","tests.admin_panel","test_accrue_presidential_pool","","","","test_accrue_presidential_pool_for_client",""
"passed","Sun Dec 07 00:39:44 UTC 2025","Sun Dec 07 00:39:45 UTC 2025","426","tests.admin_panel.products","test_43_delete_product_brand","","","","test_delete_product_brand_unauthorized","Негативный тест: попытка удаления бренда без авторизации."
"passed","Sun Dec 07 00:24:54 UTC 2025","Sun Dec 07 00:24:54 UTC 2025","572","tests.account","test_add_cover_url","","","","test_add_cover_invalid_payload[payload0]",""
"passed","Sun Dec 07 00:29:44 UTC 2025","Sun Dec 07 00:29:44 UTC 2025","548","tests.admin_panel.categories","test_47_get_categories_by_id","","","","test_get_categories_invalid_id[]","Негативный тест: получение категории по невалидному ID."
"failed","Sun Dec 07 00:28:34 UTC 2025","Sun Dec 07 00:28:34 UTC 2025","128","tests.admin_panel","test_partner_accrual_details_common","","","","test_common_accrual_details_forbidden_to_non_admin[client]","
    Негатив: клиент/партнёр стучится в админ-ручку общей детализации → 403
    "
"skipped","Sun Dec 07 00:25:11 UTC 2025","Sun Dec 07 00:25:11 UTC 2025","0","tests.account","test_family_agreement_create_three","","","","test_create_family_agreement_three_positive[partner-payload1]","Позитивные тесты на создание семейного соглашения при аннулировании второго партнера"
"passed","Sun Dec 07 00:46:32 UTC 2025","Sun Dec 07 00:46:33 UTC 2025","587","tests.admin_panel.sliders","test_55_delete_sliders","","","","test_delete_slider_invalid_id[0]","Негативный тест: удаление несуществующего или некорректного слайдера."
"passed","Sun Dec 07 01:06:27 UTC 2025","Sun Dec 07 01:06:30 UTC 2025","3763","tests.catalog","test_create_admin_product_translation","","","","test_create_admin_product_translation_minimal_payload","Создание перевода продукта с минимальными полями."
"skipped","Sun Dec 07 00:25:54 UTC 2025","Sun Dec 07 00:25:54 UTC 2025","0","tests.account","test_token_revoke","","","","test_revoke_token_positive[client-payload1]","Позитивные тесты на удаление токена"
"skipped","Sun Dec 07 00:28:32 UTC 2025","Sun Dec 07 00:28:32 UTC 2025","0","tests.admin_panel","test_accrue_presidential_pool","","","","test_accrue_presidential_pool_invalid_payload[payload3-400]",""
"passed","Sun Dec 07 01:09:38 UTC 2025","Sun Dec 07 01:09:38 UTC 2025","134","tests.catalog","test_product_get_by_slug","","","","test_get_product_by_slug_invalid_slug_value[ -client]",""
"passed","Sun Dec 07 01:19:51 UTC 2025","Sun Dec 07 01:19:51 UTC 2025","129","tests.delivery","test_get_five_post_warehouses","","","","test_get_five_post_warehouses_forbidden_for_non_admins[client]","Негатив: доступ к списку складов 5Post разрешён только админу."
"skipped","Sun Dec 07 01:29:16 UTC 2025","Sun Dec 07 01:29:16 UTC 2025","0","tests.tickets","test_01_get_tickets","","","","test_get_tickets_success[filter1-sort1-search0-pagination0-partner]","Позитивный тест: получение списка тикетов с разными комбинациями параметров"
"skipped","Sun Dec 07 01:28:22 UTC 2025","Sun Dec 07 01:28:22 UTC 2025","0","tests.stock","test_create_stock","","","","test_create_stock_with_empty_string_log_if_not_200[city_id]",""
"skipped","Sun Dec 07 01:28:11 UTC 2025","Sun Dec 07 01:28:11 UTC 2025","135","tests.statistic","test_team_registrations","","","","test_get_team_registration_statistic_negative[payload0-partner]","Негативный тест: ошибка при получении статистики регистрации команды с невалидным телом запроса"
"passed","Sun Dec 07 00:41:05 UTC 2025","Sun Dec 07 00:41:06 UTC 2025","858","tests.admin_panel.promo","test_71_get_promotions","","","","test_get_promotions_after_adding","Интеграционный тест: добавление акции и проверка ее наличия в списке по ID."
"passed","Sun Dec 07 01:38:44 UTC 2025","Sun Dec 07 01:38:45 UTC 2025","858","tests.tickets","test_12_delete_message","","","","test_delete_ticket_message_not_admin[client]","Негативный тест: клиент/партнёр пытается удалить своё сообщение"
"passed","Sun Dec 07 00:45:28 UTC 2025","Sun Dec 07 00:45:29 UTC 2025","904","tests.admin_panel.sliders","test_54_update_slider","","","","test_update_slider_success","Позитивный тест: успешное обновление слайдера (все поля)."
"passed","Sun Dec 07 00:47:29 UTC 2025","Sun Dec 07 00:47:29 UTC 2025","581","tests.admin_panel.slides","test_57_create_slide","","","","test_create_slide_invalid_payload[payload8-422]","Негативные тесты: некорректные и неполные payload'ы."
"skipped","Sun Dec 07 01:03:04 UTC 2025","Sun Dec 07 01:03:04 UTC 2025","129","tests.cart","test_14_cart_update_personal_data","","","","test_update_personal_data_invalid_payload[client-payload0]","
    Негатив: отсутствующие обязательные поля или невалидные значения
    "
"passed","Sun Dec 07 01:26:47 UTC 2025","Sun Dec 07 01:26:47 UTC 2025","570","tests.register","test_03_register_client","","","","test_register_client_negative[payload3-400]","Тест: негативные тесты для регистрации клиента вручную"
"passed","Sun Dec 07 01:20:42 UTC 2025","Sun Dec 07 01:20:42 UTC 2025","131","tests.delivery","test_get_rupost_offices","","","","test_get_rupost_offices_success[439930-partner]",""
"skipped","Sun Dec 07 00:28:32 UTC 2025","Sun Dec 07 00:28:32 UTC 2025","0","tests.admin_panel","test_accrue_presidential_pool","","","","test_accrue_presidential_pool_invalid_payload[payload0-400]",""
"passed","Sun Dec 07 01:06:47 UTC 2025","Sun Dec 07 01:06:48 UTC 2025","547","tests.catalog","test_create_admin_product_translation","","","","test_create_admin_product_translation_invalid_payload[payload0-400]","Негативные проверки на создание перевода с некорректным payload."
"passed","Sun Dec 07 00:44:17 UTC 2025","Sun Dec 07 00:44:18 UTC 2025","1110","tests.admin_panel.promo","test_78_delete_promotion_item","","","","test_delete_promotion_item_forbidden[partner]","Негативный тест: удаление элемента акции не-админом запрещено."
"passed","Sun Dec 07 00:41:20 UTC 2025","Sun Dec 07 00:41:21 UTC 2025","576","tests.admin_panel.promo","test_72_create_promotion","","","","test_create_promotion_invalid_data[payload7-400]","Негативные тесты: невалидные данные"
"passed","Sun Dec 07 00:55:59 UTC 2025","Sun Dec 07 00:56:02 UTC 2025","2400","tests.cart","test_07_cart_update_multi","","","","test_update_cart_items_multi_success[partner]","Позитив: массовое изменение позиций /cart/update_multi."
"passed","Sun Dec 07 01:32:07 UTC 2025","Sun Dec 07 01:32:08 UTC 2025","1135","tests.tickets","test_04_create_ticket","","","","test_create_ticket_success[client-attachments2-ReceivingDefectiveProductsOrShortage]","Позитивный тест: создание тикета с разными темами и вложениями для клиента, партнера и админа"
"skipped","Sun Dec 07 00:23:16 UTC 2025","Sun Dec 07 00:23:16 UTC 2025","0","tests.account","test_0_marathon","","","","test_create_product_brand_invalid_payload[params2-400-partner]",""
"passed","Sun Dec 07 00:21:49 UTC 2025","Sun Dec 07 00:21:50 UTC 2025","568","tests.PROJECT_EDUCATION.test_system","test_04_finish_test","","","","test_finish_test_invalid_id[None]","Негативный тест: запуск теста с невалидным ID"
"passed","Sun Dec 07 01:08:51 UTC 2025","Sun Dec 07 01:08:51 UTC 2025","553","tests.catalog","test_get_recommended_products","","","","test_get_recommended_products_invalid_id[0]","
    Негативный тест: передан некорректный ID (тип/значение)
    "
"skipped","Sun Dec 07 01:29:16 UTC 2025","Sun Dec 07 01:29:16 UTC 2025","0","tests.tickets","test_01_get_tickets","","","","test_get_tickets_success[filter0-sort1-search1-pagination1-client]","Позитивный тест: получение списка тикетов с разными комбинациями параметров"
"skipped","Sun Dec 07 00:36:59 UTC 2025","Sun Dec 07 00:36:59 UTC 2025","0","tests.admin_panel.products","test_01_create_product_group","","","","test_create_product_group_forbidden[partner]","Негативный тест: создание продукт группы не-админом запрещено."
"passed","Sun Dec 07 00:29:55 UTC 2025","Sun Dec 07 00:29:56 UTC 2025","963","tests.admin_panel.categories","test_49_delete_category","","","","test_delete_category_forbidden[client]","Негативный тест: попытка удаления категории не-админом."
"passed","Sun Dec 07 01:08:40 UTC 2025","Sun Dec 07 01:08:41 UTC 2025","129","tests.catalog","test_get_items_list_all","","","","test_get_items_list_all_wrong_method[post]",""
"skipped","Sun Dec 07 01:28:23 UTC 2025","Sun Dec 07 01:28:23 UTC 2025","0","tests.stock","test_delete_stock","","","","test_delete_stock_success",""
"passed","Sun Dec 07 00:44:34 UTC 2025","Sun Dec 07 00:44:35 UTC 2025","847","tests.admin_panel.sliders","test_51_get_sliders","","","","test_get_sliders_after_adding","Интеграционный тест: добавление слайдера и проверка его наличия в списке"
"passed","Sun Dec 07 00:36:14 UTC 2025","Sun Dec 07 00:36:14 UTC 2025","416","tests.admin_panel.periods","test_get_period_by_id","","","","test_get_period_by_id__unauthorized",""
"skipped","Sun Dec 07 01:26:08 UTC 2025","Sun Dec 07 01:26:08 UTC 2025","0","tests.orders","test_orders_v2_pay","","","","test_orders_v2_pay_success[Card]","Позитивный тест: успешная оплата заказа"
"passed","Sun Dec 07 00:55:38 UTC 2025","Sun Dec 07 00:55:42 UTC 2025","3365","tests.cart","test_06_cart_update","","","","test_update_cart_item_add_and_change_quantity[partner]","
    Позитив: добавление позиции и изменение её количества через /cart/update
    "
"passed","Sun Dec 07 00:24:46 UTC 2025","Sun Dec 07 00:24:47 UTC 2025","658","tests.account","test_add_cover_url","","","","test_add_cover_min_payload[client]",""
"skipped","Sun Dec 07 00:56:05 UTC 2025","Sun Dec 07 00:56:05 UTC 2025","361","tests.cart","test_07_cart_update_multi","","","","test_update_cart_items_multi_invalid_payload[client-payload1]","Негатив: невалидный payload для /cart/update_multi."
"passed","Sun Dec 07 01:15:15 UTC 2025","Sun Dec 07 01:15:15 UTC 2025","129","tests.delivery","test_02_get_delivery_address","","","","test_get_delivery_addresses_invalid_pagination[invalid_pagination3-client]","Негатив: некорректные параметры пагинации"
"skipped","Sun Dec 07 01:29:16 UTC 2025","Sun Dec 07 01:29:16 UTC 2025","0","tests.tickets","test_01_get_tickets","","","","test_get_tickets_success[filter1-sort1-search2-pagination1-client]","Позитивный тест: получение списка тикетов с разными комбинациями параметров"
"passed","Sun Dec 07 01:21:02 UTC 2025","Sun Dec 07 01:21:02 UTC 2025","136","tests.delivery","test_get_self_pickup_offices","","","","test_get_self_pickup_offices_invalid_city_id_should_fail[0-admin]","Негатив: невалидные значения city_id → 400/422."
"passed","Sun Dec 07 00:53:17 UTC 2025","Sun Dec 07 00:53:18 UTC 2025","961","tests.cart","test_01_user_locale","","","","test_update_user_locale_valid_payload_1[client-payload1]","
    Позитивный тест: Обновление языка/склада/локали авторизованным пользователем"
"passed","Sun Dec 07 01:15:00 UTC 2025","Sun Dec 07 01:15:00 UTC 2025","131","tests.delivery","test_02_get_delivery_address","","","","test_get_empty_delivery_addresses[admin]","Получение пустого списка"
"passed","Sun Dec 07 01:24:47 UTC 2025","Sun Dec 07 01:24:48 UTC 2025","406","tests.one_c","test_get_1с_stock","","","","test_get_stock_success[540001]",""
"passed","Sun Dec 07 01:08:52 UTC 2025","Sun Dec 07 01:08:53 UTC 2025","593","tests.catalog","test_get_recommended_products","","","","test_get_recommended_products_invalid_id[abc]","
    Негативный тест: передан некорректный ID (тип/значение)
    "
"passed","Sun Dec 07 00:58:09 UTC 2025","Sun Dec 07 00:58:13 UTC 2025","3844","tests.cart","test_11_cart_save_delivery_method","","","","test_save_delivery_method_success_with_cart[partner-Europost]","
    Позитив: сохранение способа доставки для всех значений с корзиной
    "
"passed","Sun Dec 07 01:18:49 UTC 2025","Sun Dec 07 01:18:49 UTC 2025","130","tests.delivery","test_get_dpd_offices","","","","test_get_dpd_offices_invalid_city_id_should_fail[True-admin]",""
"skipped","Sun Dec 07 01:26:25 UTC 2025","Sun Dec 07 01:26:26 UTC 2025","152","tests.register","test_01_register_form","","","","test_register_form_negative[admin-payload1-400]",""
"passed","Sun Dec 07 00:23:14 UTC 2025","Sun Dec 07 00:23:14 UTC 2025","136","tests.account","test_0_grades_rating","","","","test_get_grades_rating_positive[partner]","Позитивные тесты на получение рейтинга квалификаций"
"skipped","Sun Dec 07 00:25:33 UTC 2025","Sun Dec 07 00:25:33 UTC 2025","0","tests.account","test_history_admin","","","","test_get_admin_history_positive[client-payload0]","Позитивные тесты на получение истории бонусов для админа"
"passed","Sun Dec 07 01:32:24 UTC 2025","Sun Dec 07 01:32:25 UTC 2025","561","tests.tickets","test_04_create_ticket","","","","test_create_ticket_success[partner-attachments0-QuestionsAboutInternationalDelivery]","Позитивный тест: создание тикета с разными темами и вложениями для клиента, партнера и админа"
"passed","Sun Dec 07 01:24:34 UTC 2025","Sun Dec 07 01:24:34 UTC 2025","402","tests.one_c","test_create_1c_stock","","","","test_post_bad_request_or_unprocessable[<lambda>11]",""
"passed","Sun Dec 07 00:46:26 UTC 2025","Sun Dec 07 00:46:27 UTC 2025","855","tests.admin_panel.sliders","test_55_delete_sliders","","","","test_delete_slider_forbidden[client]","Негативный тест: попытка удаления слайдера не-админом."
"skipped","Sun Dec 07 01:12:25 UTC 2025","Sun Dec 07 01:12:25 UTC 2025","0","tests.chat_support","test_03_support_chat_ticket_post","","","","test_create_ticket_success_and_chat_bot_notice[client]","Позитивный: создаём тикет и проверяем системное сообщение"
"skipped","Sun Dec 07 00:22:56 UTC 2025","Sun Dec 07 00:22:56 UTC 2025","428","tests.PROJECT_FUND.initiatives","test_get_reports","","","","test_get_reports_invalid_query_params[query0-https://dev.ewahelps.com/api]","Негативный тест: запрос с некорректными query-параметрами"
"passed","Sun Dec 07 00:26:44 UTC 2025","Sun Dec 07 00:26:45 UTC 2025","574","tests.admin_panel","test_02_support_users_list","","","","test_invalid_paging_returns_400_for_admin[page=-1&page_size=20]","
    Некорректные значения page/page_size
    "
"skipped","Sun Dec 07 00:36:59 UTC 2025","Sun Dec 07 00:36:59 UTC 2025","0","tests.admin_panel.products","test_01_create_product_group","","","","test_create_product_group_invalid_payload[payload3-422]",""
"passed","Sun Dec 07 01:07:30 UTC 2025","Sun Dec 07 01:07:31 UTC 2025","548","tests.catalog","test_delete_admin_product_translation","","","","test_delete_admin_product_translation_invalid_id[0]","Удаление перевода по невалидному product_id — должно вернуть 400 или 404."
"passed","Sun Dec 07 00:21:44 UTC 2025","Sun Dec 07 00:21:45 UTC 2025","618","tests.PROJECT_EDUCATION.test_system","test_04_finish_test","","","","test_finish_test_invalid_id[abc]","Негативный тест: запуск теста с невалидным ID"
"passed","Sun Dec 07 00:26:02 UTC 2025","Sun Dec 07 00:26:02 UTC 2025","848","tests.account","test_update_avatar","","","","test_update_avatar_positive[partner-payload1]","Позитивные тесты на обновление аватара"
"passed","Sun Dec 07 01:14:26 UTC 2025","Sun Dec 07 01:14:31 UTC 2025","4951","tests.delivery","test_01_save_delivery_address","","","","test_create_two_addresses_with_different_delivery[client]","Создание двух адресов с одинаковыми данными, кроме street в delivery"
"passed","Sun Dec 07 01:05:38 UTC 2025","Sun Dec 07 01:05:42 UTC 2025","4117","tests.catalog","test_create_admin_product_translation","","","","test_create_admin_product_translation_success[en]","Создание и обновление перевода продукта на разных языках."
"passed","Sun Dec 07 00:37:55 UTC 2025","Sun Dec 07 00:37:56 UTC 2025","401","tests.admin_panel.products","test_03_recommended_products_delete","","","","test_remove_recommendation_unauthorized","Неавторизованный пользователь пытается удалить рекомендации."
"skipped","Sun Dec 07 00:26:08 UTC 2025","Sun Dec 07 00:26:08 UTC 2025","0","tests.account","test_update_default_stock","","","","test_update_default_stock_positive[client-payload1]","Позитивные тесты на изменение дефолтного склада"
"passed","Sun Dec 07 01:03:15 UTC 2025","Sun Dec 07 01:03:15 UTC 2025","198","tests.cart","test_15_cart_update_country","","","","test_update_country_success[client]","Позитив: изменение страны доставки."
"skipped","Sun Dec 07 01:12:25 UTC 2025","Sun Dec 07 01:12:25 UTC 2025","0","tests.chat_support","test_01_support_chat_messages_post","","","","test_tickets_list_invalid_pagination_payload[bad_payload2-client]",""
"skipped","Sun Dec 07 01:25:48 UTC 2025","Sun Dec 07 01:25:48 UTC 2025","0","tests.orders","test_group_order_change_country","","","","test_change_country_success[authorize_partner-200]","Позитивные тесты: успешное изменение страны в групповом заказе"
"skipped","Sun Dec 07 00:28:32 UTC 2025","Sun Dec 07 00:28:32 UTC 2025","0","tests.admin_panel","test_accrue_gold_pro_gift","","","","test_accrue_gold_pro_gift_forbidden[partner]",""
"passed","Sun Dec 07 01:04:21 UTC 2025","Sun Dec 07 01:04:26 UTC 2025","5010","tests.cart","test_22_cart_fill_advanced_cost","","","","test_fill_advanced_cost_without_city_returns_400[partner]","
    Негатив: в корзине есть товар, но не задан город — бэк даёт 400 (City is empty).
    "
"passed","Sun Dec 07 01:31:23 UTC 2025","Sun Dec 07 01:31:24 UTC 2025","1217","tests.tickets","test_04_create_ticket","","","","test_create_ticket_success[client-attachments1-ReceivingDefectiveProductsOrShortage]","Позитивный тест: создание тикета с разными темами и вложениями для клиента, партнера и админа"
"passed","Sun Dec 07 00:49:13 UTC 2025","Sun Dec 07 00:49:14 UTC 2025","898","tests.admin_panel.slides","test_59_update_slide","","","","test_update_slide_invalid_payload[payload6-expected_code6]","Негативный тест: обновление слайда с невалидным или неполным телом запроса."
"passed","Sun Dec 07 01:24:02 UTC 2025","Sun Dec 07 01:24:04 UTC 2025","1635","tests.one_c","test_create_1c_stock","","","","test_office_flag_roundtrip_get_only","
    Поведение поля is_office_entry_enabled:
    - при True сервер (GET) обязан вернуть поле и значение True;
    - при False сервер может либо не вернуть поле (omitempty), либо вернуть явный False.
    "
"passed","Sun Dec 07 00:56:34 UTC 2025","Sun Dec 07 00:56:34 UTC 2025","214","tests.cart","test_09_cart_save_region","","","","test_save_region_by_id_success[partner]","Позитив: сохранение региона по region_id."
"passed","Sun Dec 07 01:34:46 UTC 2025","Sun Dec 07 01:34:46 UTC 2025","515","tests.tickets","test_04_create_ticket","","","","test_create_ticket_success[admin-attachments0-ReceivingDefectiveProductsOrShortage]","Позитивный тест: создание тикета с разными темами и вложениями для клиента, партнера и админа"
"skipped","Sun Dec 07 01:38:00 UTC 2025","Sun Dec 07 01:38:00 UTC 2025","590","tests.tickets","test_09_get_ticket_messages","","","","test_get_ticket_messages_invalid_id_format[abc]","Негативный тест: запрос с некорректным ID (строка, спецсимволы, пустое значение)"
"passed","Sun Dec 07 00:33:45 UTC 2025","Sun Dec 07 00:33:47 UTC 2025","2177","tests.admin_panel.items","test_create_item_translation","","","","test_create_item_translation_success[ka]",""
"skipped","Sun Dec 07 01:28:22 UTC 2025","Sun Dec 07 01:28:22 UTC 2025","0","tests.stock","test_create_stock","","","","test_create_stock_with_empty_string_log_if_not_200[city]",""
"skipped","Sun Dec 07 01:12:25 UTC 2025","Sun Dec 07 01:12:25 UTC 2025","0","tests.chat_support","test_01_support_chat_messages_post","","","","test_post_message_success[client]",""
"skipped","Sun Dec 07 01:19:26 UTC 2025","Sun Dec 07 01:19:26 UTC 2025","131","tests.delivery","test_get_europost_offices","","","","test_get_europost_offices_invalid_city_id_should_fail[0-admin]",""
"skipped","Sun Dec 07 01:25:54 UTC 2025","Sun Dec 07 01:25:54 UTC 2025","134","tests.orders","test_group_order_change_country","","","","test_change_country_invalid_data[invalid_payload1-client]","Негативные тесты: передача некорректных данных"
"passed","Sun Dec 07 01:01:25 UTC 2025","Sun Dec 07 01:01:29 UTC 2025","4105","tests.cart","test_12_cart_estimate_delivery","","","","test_estimate_delivery_success[partner-kgpost-payload4]","
    Позитив: корзина с товаром, выбор способа доставки и расчёт стоимости для разных служб
    "
"passed","Sun Dec 07 00:41:18 UTC 2025","Sun Dec 07 00:41:19 UTC 2025","559","tests.admin_panel.promo","test_72_create_promotion","","","","test_create_promotion_invalid_data[payload6-400]","Негативные тесты: невалидные данные"
"passed","Sun Dec 07 00:37:25 UTC 2025","Sun Dec 07 00:37:27 UTC 2025","1464","tests.admin_panel.products","test_02_recommended_products_add","","","","test_add_empty_recommendation_list","Попытка добавить пустой список рекомендованных товаров"
"skipped","Sun Dec 07 00:25:33 UTC 2025","Sun Dec 07 00:25:33 UTC 2025","0","tests.account","test_history_personal_volumes_admin","","","","test_get_personal_volumes_history_admin_positive[admin-payload0]","Позитивные тесты на получение истории начисления личных объемов для админа"
"skipped","Sun Dec 07 00:28:19 UTC 2025","Sun Dec 07 00:28:20 UTC 2025","557","tests.admin_panel","test_accrue_auto_bonus","","","","test_accrue_auto_bonus_for_client",""
"passed","Sun Dec 07 00:47:12 UTC 2025","Sun Dec 07 00:47:12 UTC 2025","128","tests.admin_panel.slides","test_57_create_slide","","","","test_create_slide_forbidden[client]","Негативный тест: создание слайда не-админом запрещено."
"skipped","Sun Dec 07 01:26:22 UTC 2025","Sun Dec 07 01:26:22 UTC 2025","145","tests.register","test_01_register_form","","","","test_register_form_negative[partner-payload2-400]",""
"passed","Sun Dec 07 00:52:50 UTC 2025","Sun Dec 07 00:52:51 UTC 2025","400","tests.auth","test_03_token_auth","","","","test_auth_without_token","Тест авторизации без передачи токена"
"passed","Sun Dec 07 01:17:02 UTC 2025","Sun Dec 07 01:17:03 UTC 2025","130","tests.delivery","test_get_cdek_offices","","","","test_get_cdek_offices_invalid_city_id_should_fail[0-admin]",""
"passed","Sun Dec 07 00:49:18 UTC 2025","Sun Dec 07 00:49:19 UTC 2025","919","tests.admin_panel.slides","test_59_update_slide","","","","test_update_slide_invalid_payload[payload8-422]","Негативный тест: обновление слайда с невалидным или неполным телом запроса."
"passed","Sun Dec 07 01:38:32 UTC 2025","Sun Dec 07 01:38:33 UTC 2025","825","tests.tickets","test_11_update_message","","","","test_update_message_validation[partner-update_payload0-403]","Негативные тесты: невалидные поля при редактировании сообщения"
"passed","Sun Dec 07 01:02:17 UTC 2025","Sun Dec 07 01:02:21 UTC 2025","4454","tests.cart","test_12_cart_estimate_delivery","","","","test_estimate_delivery_success[partner-dpd_courier-payload13]","
    Позитив: корзина с товаром, выбор способа доставки и расчёт стоимости для разных служб
    "
"passed","Sun Dec 07 01:13:32 UTC 2025","Sun Dec 07 01:13:34 UTC 2025","1837","tests.delivery","test_01_save_delivery_address","","","","test_save_delivery_address_negative[client-payload4-400]","Негативные тесты на сохранение адреса доставки"
"passed","Sun Dec 07 00:43:05 UTC 2025","Sun Dec 07 00:43:06 UTC 2025","562","tests.admin_panel.promo","test_75_delete_promotion_by_id","","","","test_delete_promotion_invalid_id[abc]","Негативный тест: удаление несуществующей или некорректной акции."
"skipped","Sun Dec 07 01:29:16 UTC 2025","Sun Dec 07 01:29:16 UTC 2025","0","tests.tickets","test_01_get_tickets","","","","test_get_tickets_success[filter0-sort1-search1-pagination0-partner]","Позитивный тест: получение списка тикетов с разными комбинациями параметров"
"passed","Sun Dec 07 00:44:42 UTC 2025","Sun Dec 07 00:44:42 UTC 2025","398","tests.admin_panel.sliders","test_52_create_slider","","","","test_create_slider_unauthorized","Негативный тест: создание слайдера без авторизации."
"skipped","Sun Dec 07 01:29:16 UTC 2025","Sun Dec 07 01:29:16 UTC 2025","0","tests.tickets","test_01_get_tickets","","","","test_get_tickets_success[filter2-sort0-search2-pagination1-admin]","Позитивный тест: получение списка тикетов с разными комбинациями параметров"
"passed","Sun Dec 07 01:06:53 UTC 2025","Sun Dec 07 01:06:54 UTC 2025","604","tests.catalog","test_create_admin_product_translation","","","","test_create_admin_product_translation_invalid_payload[payload4-400]","Негативные проверки на создание перевода с некорректным payload."
"passed","Sun Dec 07 00:33:37 UTC 2025","Sun Dec 07 00:33:39 UTC 2025","2106","tests.admin_panel.items","test_create_item_translation","","","","test_create_item_translation_success[uz]",""
"skipped","Sun Dec 07 01:18:16 UTC 2025","Sun Dec 07 01:18:16 UTC 2025","130","tests.delivery","test_get_delivery_countries","","","","test_get_delivery_countries_invalid_from[123-admin]","Негатив: невалидные значения параметра from → 400/422."
"passed","Sun Dec 07 00:30:05 UTC 2025","Sun Dec 07 00:30:05 UTC 2025","603","tests.admin_panel.categories","test_49_delete_category","","","","test_delete_category_invalid_id[abc]","Негативный тест: удаление несуществующей или некорректной категории."
"passed","Sun Dec 07 00:38:29 UTC 2025","Sun Dec 07 00:38:29 UTC 2025","546","tests.admin_panel.products","test_40_create_product_brand","","","","test_create_product_brand_invalid_payload[payload10-expected_codes10]","Негативные кейсы: невалидные поля при создании бренда."
"passed","Sun Dec 07 01:04:13 UTC 2025","Sun Dec 07 01:04:13 UTC 2025","401","tests.cart","test_22_cart_fill_advanced_cost","","","","test_fill_advanced_cost_unauthorized","
    Негатив: расчёт предварительных доставок без авторизации/корзины.
    "
"passed","Sun Dec 07 00:22:00 UTC 2025","Sun Dec 07 00:22:00 UTC 2025","541","tests.PROJECT_EDUCATION.test_system","test_05_get_info","","","","test_get_info_invalid_id[-1]",""
"passed","Sun Dec 07 01:13:39 UTC 2025","Sun Dec 07 01:13:41 UTC 2025","1894","tests.delivery","test_01_save_delivery_address","","","","test_save_delivery_address_negative[client-payload6-400]","Негативные тесты на сохранение адреса доставки"
"skipped","Sun Dec 07 00:25:33 UTC 2025","Sun Dec 07 00:25:33 UTC 2025","0","tests.account","test_get_languages","","","","test_get_languages_success[partner-web-200]","Возвращает список языков, доступных для перевода"
"passed","Sun Dec 07 00:34:22 UTC 2025","Sun Dec 07 00:34:22 UTC 2025","433","tests.admin_panel.items","test_delete_item_translation","","","","test_delete_item_translation_unauthorized","Негативный тест: удаление перевода без авторизации."
"passed","Sun Dec 07 01:00:11 UTC 2025","Sun Dec 07 01:00:15 UTC 2025","4525","tests.cart","test_12_cart_estimate_delivery","","","","test_estimate_delivery_success[client-cargo-payload7]","
    Позитив: корзина с товаром, выбор способа доставки и расчёт стоимости для разных служб
    "
"passed","Sun Dec 07 00:37:45 UTC 2025","Sun Dec 07 00:37:47 UTC 2025","1454","tests.admin_panel.products","test_03_recommended_products_delete","","","","test_remove_empty_recommendation_list","Удаление с пустым списком рекомендаций."
"passed","Sun Dec 07 00:42:22 UTC 2025","Sun Dec 07 00:42:23 UTC 2025","866","tests.admin_panel.promo","test_74_update_promotion","","","","test_update_promotion_invalid_payload[payload2-400]","Негативный тест: обновление акции с невалидным или неполным телом запроса."
"passed","Sun Dec 07 00:41:03 UTC 2025","Sun Dec 07 00:41:03 UTC 2025","410","tests.admin_panel.promo","test_71_get_promotions","","","","test_get_promotions_list_unauthorized","Негативный тест: получение списка акций без авторизации."
"passed","Sun Dec 07 00:52:04 UTC 2025","Sun Dec 07 00:52:05 UTC 2025","582","tests.admin_panel.slides","test_62_slides_update_video_url","","","","test_update_video_url_invalid[https://bucket.yandex.ru/other_video.m3u8]","Негативный тест: передача некорректной ссылки без предварительной загрузки"
"skipped","Sun Dec 07 00:25:33 UTC 2025","Sun Dec 07 00:25:33 UTC 2025","0","tests.account","test_history_group_volumes_admin","","","","test_get_group_volumes_history_admin_positive[admin-payload0]","Позитивные тесты на получение истории начисления групповых объемов для админа"
"skipped","Sun Dec 07 01:29:16 UTC 2025","Sun Dec 07 01:29:16 UTC 2025","0","tests.tickets","test_01_get_tickets","","","","test_get_tickets_success[filter2-sort1-search0-pagination0-client]","Позитивный тест: получение списка тикетов с разными комбинациями параметров"
"skipped","Sun Dec 07 00:25:33 UTC 2025","Sun Dec 07 00:25:33 UTC 2025","0","tests.account","test_pass_change","","","","test_change_password_positive[client-payload0]","Позитивные тесты на изменение пароля"
"passed","Sun Dec 07 01:38:37 UTC 2025","Sun Dec 07 01:38:37 UTC 2025","137","tests.tickets","test_11_update_message","","","","test_update_nonexistent_message[client]","Негативный тест: попытка редактирования несуществующего сообщения"
"passed","Sun Dec 07 00:21:18 UTC 2025","Sun Dec 07 00:21:19 UTC 2025","628","tests.PROJECT_EDUCATION.test_system","test_02_get_question","","","","test_get_question_invalid_id[0]",""
"skipped","Sun Dec 07 01:03:09 UTC 2025","Sun Dec 07 01:03:09 UTC 2025","129","tests.cart","test_14_cart_update_personal_data","","","","test_update_personal_data_invalid_payload[partner-payload0]","
    Негатив: отсутствующие обязательные поля или невалидные значения
    "
"passed","Sun Dec 07 01:05:20 UTC 2025","Sun Dec 07 01:05:20 UTC 2025","783","tests.catalog","test_create_admin_product","","","","test_create_product_invalid_payload[payload5-422]",""
"skipped","Sun Dec 07 00:25:33 UTC 2025","Sun Dec 07 00:25:33 UTC 2025","0","tests.account","test_get_languages","","","","test_get_languages_forbidden[admin]","Негативный тест: получение списка языков админом."
"skipped","Sun Dec 07 01:03:43 UTC 2025","Sun Dec 07 01:03:43 UTC 2025","148","tests.cart","test_19_cart_empty_suggestions","","","","test_cart_empty_suggestions_success[client]","Позитив: получение рекомендаций при пустой корзине."
"skipped","Sun Dec 07 00:50:10 UTC 2025","Sun Dec 07 00:50:12 UTC 2025","2001","tests.admin_panel.slides","test_61_upload_slides_images","","","","test_upload_slide_images_success","Позитивный тест: успешная загрузка изображений слайда через multipart/form-data."
"skipped","Sun Dec 07 00:36:59 UTC 2025","Sun Dec 07 00:36:59 UTC 2025","0","tests.admin_panel.products","test_01_create_product_group","","","","test_create_product_group_invalid_payload[payload2-400]",""
"passed","Sun Dec 07 01:27:36 UTC 2025","Sun Dec 07 01:27:36 UTC 2025","129","tests.statistic","test_team_go","","","","test_get_team_go_statistic_positive[payload3-client]","Позитивный тест: получение статистики по команде с валидным телом запроса"
"passed","Sun Dec 07 00:22:03 UTC 2025","Sun Dec 07 00:22:03 UTC 2025","562","tests.PROJECT_EDUCATION.test_system","test_05_get_info","","","","test_get_info_invalid_id[None]",""
"passed","Sun Dec 07 00:54:46 UTC 2025","Sun Dec 07 00:54:47 UTC 2025","1044","tests.cart","test_02_get_delivery_cost","","","","test_get_delivery_cost_success_partial_payload[partner-payload1-200]","
    Позитив/граничные: сочетания полей региона/города
    "
"skipped","Sun Dec 07 01:28:23 UTC 2025","Sun Dec 07 01:28:23 UTC 2025","0","tests.stock","test_create_stock","","","","test_create_stock_with_empty_string_log_if_not_200[address.old_postal_code]",""
"passed","Sun Dec 07 01:23:26 UTC 2025","Sun Dec 07 01:23:27 UTC 2025","1327","tests.one_c","test_create_1c_stock","","","","test_post_idempotent_update_same_payload",""
"passed","Sun Dec 07 01:08:36 UTC 2025","Sun Dec 07 01:08:36 UTC 2025","128","tests.catalog","test_get_items_list_all","","","","test_get_items_list_forbidden[client]",""
"passed","Sun Dec 07 00:59:59 UTC 2025","Sun Dec 07 01:00:04 UTC 2025","4326","tests.cart","test_12_cart_estimate_delivery","","","","test_estimate_delivery_success[client-haypost-payload5]","
    Позитив: корзина с товаром, выбор способа доставки и расчёт стоимости для разных служб
    "
"passed","Sun Dec 07 00:26:41 UTC 2025","Sun Dec 07 00:26:42 UTC 2025","571","tests.admin_panel","test_02_support_users_list","","","","test_partner_cannot_list_support_users",""
"passed","Sun Dec 07 00:24:38 UTC 2025","Sun Dec 07 00:24:38 UTC 2025","400","tests.account","test_account_branded_wallet_upload","","","","test_upload_branded_wallet_unauthorized","Негатив: без авторизации → 401"
"passed","Sun Dec 07 00:22:47 UTC 2025","Sun Dec 07 00:22:47 UTC 2025","405","tests.PROJECT_FUND.initiatives","test_get_report_by_id","","","","test_get_report_by_invalid_id[None-https://dev.ewahelps.com/api]","Негативный тест: невалидный или несуществующий path-параметр"
"skipped","Sun Dec 07 00:23:16 UTC 2025","Sun Dec 07 00:23:16 UTC 2025","0","tests.account","test_0_marathon","","","","test_get_marathon_is_purchased[admin-200]","Позитивный кейс — проверяет приобретал ли аккаунт марафонский набор (все поля)"
"skipped","Sun Dec 07 01:12:25 UTC 2025","Sun Dec 07 01:12:25 UTC 2025","0","tests.chat_support","test_02_support_chat_messages_get","","","","test_get_messages_invalid_pagination[page=-1-client]","Негативный: невалидные параметры пагинации"
"passed","Sun Dec 07 01:32:55 UTC 2025","Sun Dec 07 01:32:56 UTC 2025","1245","tests.tickets","test_04_create_ticket","","","","test_create_ticket_success[partner-attachments1-QuestionsAboutTheHousingAndCarProgram]","Позитивный тест: создание тикета с разными темами и вложениями для клиента, партнера и админа"
"passed","Sun Dec 07 01:21:16 UTC 2025","Sun Dec 07 01:21:16 UTC 2025","130","tests.delivery","test_mongpost_postcodes","","","","test_get_mongpost_postcodes_success[admin]","Позитивный тест: успешное получение списка почтовых индексов монгольской почты"
"passed","Sun Dec 07 01:08:54 UTC 2025","Sun Dec 07 01:08:54 UTC 2025","546","tests.catalog","test_get_recommended_products","","","","test_get_recommended_products_invalid_id[-1]","
    Негативный тест: передан некорректный ID (тип/значение)
    "
"passed","Sun Dec 07 00:55:22 UTC 2025","Sun Dec 07 00:55:22 UTC 2025","492","tests.cart","test_02_get_delivery_cost","","","","test_get_delivery_cost_unauthorized","
    Негатив: запрос без авторизации/корзины
    "
"passed","Sun Dec 07 00:34:00 UTC 2025","Sun Dec 07 00:34:00 UTC 2025","407","tests.admin_panel.items","test_create_item_translation","","","","test_create_item_translation_unauthorized","Негативный тест: создание перевода без авторизации."
"passed","Sun Dec 07 00:36:07 UTC 2025","Sun Dec 07 00:36:08 UTC 2025","437","tests.admin_panel.periods","test_get_approved_marketing_periods","","","","test_get_approved_marketing_periods__unauthorized",""
"passed","Sun Dec 07 00:32:14 UTC 2025","Sun Dec 07 00:32:14 UTC 2025","568","tests.admin_panel.categories","test_80_create_category_translation","","","","test_create_category_translation_invalid_payload[payload4-400]","Негативный тест: создание перевода с невалидным payload."
"passed","Sun Dec 07 01:32:58 UTC 2025","Sun Dec 07 01:33:00 UTC 2025","1230","tests.tickets","test_04_create_ticket","","","","test_create_ticket_success[partner-attachments1-QuestionsAboutOrders]","Позитивный тест: создание тикета с разными темами и вложениями для клиента, партнера и админа"
"passed","Sun Dec 07 00:44:57 UTC 2025","Sun Dec 07 00:44:58 UTC 2025","564","tests.admin_panel.sliders","test_52_create_slider","","","","test_create_slider_invalid_payload[payload9-400]","Негативный тест: попытка создать слайдер с невалидным payload."
"passed","Sun Dec 07 00:59:43 UTC 2025","Sun Dec 07 00:59:47 UTC 2025","4001","tests.cart","test_12_cart_estimate_delivery","","","","test_estimate_delivery_success[client-fargo-payload2]","
    Позитив: корзина с товаром, выбор способа доставки и расчёт стоимости для разных служб
    "
"skipped","Sun Dec 07 01:29:16 UTC 2025","Sun Dec 07 01:29:16 UTC 2025","0","tests.tickets","test_01_get_tickets","","","","test_get_tickets_success[filter2-sort1-search1-pagination0-admin]","Позитивный тест: получение списка тикетов с разными комбинациями параметров"
"skipped","Sun Dec 07 00:28:32 UTC 2025","Sun Dec 07 00:28:32 UTC 2025","0","tests.admin_panel","test_accrue_gold_pro_gift","","","","test_accrue_gold_pro_gift_unauthorized",""
"skipped","Sun Dec 07 01:29:16 UTC 2025","Sun Dec 07 01:29:16 UTC 2025","0","tests.tickets","test_01_get_tickets","","","","test_get_tickets_success[filter1-sort0-search1-pagination0-partner]","Позитивный тест: получение списка тикетов с разными комбинациями параметров"
"skipped","Sun Dec 07 01:29:16 UTC 2025","Sun Dec 07 01:29:16 UTC 2025","0","tests.tickets","test_01_get_tickets","","","","test_get_tickets_success[filter1-sort1-search1-pagination0-partner]","Позитивный тест: получение списка тикетов с разными комбинациями параметров"
"passed","Sun Dec 07 00:30:57 UTC 2025","Sun Dec 07 00:30:58 UTC 2025","879","tests.admin_panel.categories","test_57_v2_update_category","","","","test_v2_update_category_invalid_payload[payload2-expected_code2]","Негативный тест: обновление категории с невалидным или неполным телом запроса."
"passed","Sun Dec 07 00:41:54 UTC 2025","Sun Dec 07 00:41:55 UTC 2025","567","tests.admin_panel.promo","test_73_get_promotion_by_id","","","","test_get_promotion_not_found","Негативный тест: акция не найдена."
"passed","Sun Dec 07 01:29:23 UTC 2025","Sun Dec 07 01:29:23 UTC 2025","134","tests.tickets","test_01_get_tickets","","","","test_get_tickets_invalid_pagination[invalid_pagination1-client]","Негативный тест: передаем некорректные значения в pagination"
"passed","Sun Dec 07 00:44:32 UTC 2025","Sun Dec 07 00:44:32 UTC 2025","406","tests.admin_panel.sliders","test_51_get_sliders","","","","test_get_sliders_unauthorized","Негативный тест: получение списка слайдеров без авторизации"
"passed","Sun Dec 07 01:36:24 UTC 2025","Sun Dec 07 01:36:25 UTC 2025","586","tests.tickets","test_04_create_ticket","","","","test_create_ticket_invalid_request_type[client--200]","Негативный тест: попытка создания тикета с неверным типом request_type"
"passed","Sun Dec 07 00:52:48 UTC 2025","Sun Dec 07 00:52:48 UTC 2025","135","tests.auth","test_03_token_auth","","","","test_auth_by_valid_token[admin]","Тест успешной авторизации по валидному токену"
"passed","Sun Dec 07 00:29:13 UTC 2025","Sun Dec 07 00:29:13 UTC 2025","130","tests.admin_panel","test_report_accruals","","","","test_report_accruals_forbidden[client]",""
"skipped","Sun Dec 07 01:36:56 UTC 2025","Sun Dec 07 01:36:56 UTC 2025","0","tests.tickets","test_04_create_ticket","","","","test_create_ticket_invalid_attachment[client]","Негативный тест: попытка загрузки вложения с некорректными данными"
"passed","Sun Dec 07 00:41:09 UTC 2025","Sun Dec 07 00:41:10 UTC 2025","577","tests.admin_panel.promo","test_72_create_promotion","","","","test_create_promotion_invalid_data[payload0-400]","Негативные тесты: невалидные данные"
"passed","Sun Dec 07 01:18:09 UTC 2025","Sun Dec 07 01:18:09 UTC 2025","130","tests.delivery","test_get_delivery_countries","","","","test_get_delivery_countries_success[all-partner]","Позитив: успешное получение списка стран с разными значениями ?from=."
"passed","Sun Dec 07 00:42:51 UTC 2025","Sun Dec 07 00:42:52 UTC 2025","971","tests.admin_panel.promo","test_75_delete_promotion_by_id","","","","test_delete_promotion_success","Позитивный тест: успешное удаление акции."
"passed","Sun Dec 07 00:43:29 UTC 2025","Sun Dec 07 00:43:30 UTC 2025","881","tests.admin_panel.promo","test_77_create_promotion_item","","","","test_create_promotion_item_forbidden[client]","Негативный тест: создание элемента акции не-админом запрещено."
"passed","Sun Dec 07 01:27:50 UTC 2025","Sun Dec 07 01:27:50 UTC 2025","136","tests.statistic","test_team_registrations","","","","test_get_team_registration_statistic_positive[payload0-client]","Позитивный тест: получение статистики по регистрации команды с валидным телом запроса"
"passed","Sun Dec 07 01:27:26 UTC 2025","Sun Dec 07 01:27:27 UTC 2025","130","tests.statistic","test_team_go","","","","test_get_team_go_statistic_positive[payload1-client]","Позитивный тест: получение статистики по команде с валидным телом запроса"
"passed","Sun Dec 07 01:15:42 UTC 2025","Sun Dec 07 01:15:47 UTC 2025","4255","tests.delivery","test_03_delete_delivery_address","","","","test_delete_delivery_address_permissions[authorize_client-authorize_admin-True]","Права доступа при удалении адресов"
"skipped","Sun Dec 07 01:28:23 UTC 2025","Sun Dec 07 01:28:23 UTC 2025","0","tests.stock","test_create_stock","","","","test_create_stock_with_empty_string_log_if_not_200[is_closed]",""
"passed","Sun Dec 07 00:21:55 UTC 2025","Sun Dec 07 00:21:56 UTC 2025","262","tests.PROJECT_EDUCATION.test_system","test_04_finish_test","","","","test_finish_test_unauthorized","Негативный тест: запуск теста без авторизации"
"passed","Sun Dec 07 00:41:31 UTC 2025","Sun Dec 07 00:41:31 UTC 2025","130","tests.admin_panel.promo","test_72_create_promotion","","","","test_create_promotion_forbidden[client]","Негативный тест: создание акции не-админом запрещено."
"skipped","Sun Dec 07 01:29:16 UTC 2025","Sun Dec 07 01:29:16 UTC 2025","0","tests.tickets","test_01_get_tickets","","","","test_get_tickets_success[filter0-sort1-search2-pagination0-client]","Позитивный тест: получение списка тикетов с разными комбинациями параметров"
"skipped","Sun Dec 07 01:12:25 UTC 2025","Sun Dec 07 01:12:25 UTC 2025","0","tests.chat_support","test_01_support_chat_messages_post","","","","test_tickets_list_invalid_pagination_payload[bad_payload0-client]",""
"passed","Sun Dec 07 01:03:23 UTC 2025","Sun Dec 07 01:03:23 UTC 2025","175","tests.cart","test_16_cart_update_stock","","","","test_update_stock_success[client]","Позитив: изменение склада."
"passed","Sun Dec 07 00:46:49 UTC 2025","Sun Dec 07 00:46:49 UTC 2025","545","tests.admin_panel.slides","test_0_slides_sort","","","","test_slides_sort_invalid_id[1.5]","Негативный тест: невалидный path parameter."
"passed","Sun Dec 07 00:53:58 UTC 2025","Sun Dec 07 00:53:58 UTC 2025","129","tests.cart","test_01_user_locale","","","","test_update_user_locale_invalid_payload[client-payload0-400]","Негативный тест: обновление локали с невалидным payload."
"passed","Sun Dec 07 00:53:56 UTC 2025","Sun Dec 07 00:53:56 UTC 2025","129","tests.cart","test_01_user_locale","","","","test_update_user_locale_valid_payload_1[partner-payload8]","
    Позитивный тест: Обновление языка/склада/локали авторизованным пользователем"
"passed","Sun Dec 07 01:02:23 UTC 2025","Sun Dec 07 01:02:27 UTC 2025","4383","tests.cart","test_12_cart_estimate_delivery","","","","test_estimate_delivery_success[partner-boxberry_pickup-payload14]","
    Позитив: корзина с товаром, выбор способа доставки и расчёт стоимости для разных служб
    "
"passed","Sun Dec 07 00:59:38 UTC 2025","Sun Dec 07 00:59:42 UTC 2025","4279","tests.cart","test_12_cart_estimate_delivery","","","","test_estimate_delivery_success[client-fargo-payload1]","
    Позитив: корзина с товаром, выбор способа доставки и расчёт стоимости для разных служб
    "
"failed","Sun Dec 07 00:29:02 UTC 2025","Sun Dec 07 00:29:02 UTC 2025","552","tests.admin_panel","test_partner_accrual_details_main_bonus","","","","test_main_bonus_details_invalid_query_params[query2-expected_codes2]","
    Негатив: валидация query-параметров main-bonus
    "
"passed","Sun Dec 07 00:53:13 UTC 2025","Sun Dec 07 00:53:13 UTC 2025","401","tests.auth","test_06_full_logout","","","","test_full_logout_without_auth","Тест полного выхода без авторизации."
"passed","Sun Dec 07 01:04:36 UTC 2025","Sun Dec 07 01:04:40 UTC 2025","3531","tests.catalog","test_create_admin_product","","","","test_create_admin_product_minimal_payload_variants[slug+categories]",""
"passed","Sun Dec 07 01:17:01 UTC 2025","Sun Dec 07 01:17:01 UTC 2025","135","tests.delivery","test_get_cdek_offices","","","","test_get_cdek_offices_invalid_city_id_should_fail[-1-admin]",""
"skipped","Sun Dec 07 01:12:25 UTC 2025","Sun Dec 07 01:12:25 UTC 2025","0","tests.chat_support","test_01_support_chat_messages_post","","","","test_post_message_invalid_payload[payload2-client]",""
"skipped","Sun Dec 07 00:56:38 UTC 2025","Sun Dec 07 00:56:38 UTC 2025","0","tests.cart","test_09_cart_save_region","","","","test_save_region_by_name_success[client]","Позитив: сохранение региона по region_name."
"skipped","Sun Dec 07 01:03:05 UTC 2025","Sun Dec 07 01:03:05 UTC 2025","133","tests.cart","test_14_cart_update_personal_data","","","","test_update_personal_data_invalid_payload[client-payload1]","
    Негатив: отсутствующие обязательные поля или невалидные значения
    "
"passed","Sun Dec 07 01:21:13 UTC 2025","Sun Dec 07 01:21:13 UTC 2025","131","tests.delivery","test_mongpost_postcodes","","","","test_get_mongpost_postcodes_success[client]","Позитивный тест: успешное получение списка почтовых индексов монгольской почты"
"passed","Sun Dec 07 01:08:07 UTC 2025","Sun Dec 07 01:08:08 UTC 2025","548","tests.catalog","test_get_admin_product_translation","","","","test_get_admin_product_translation_invalid_id[0]","Проверка получения перевода по невалидному product_id."
"passed","Sun Dec 07 00:21:51 UTC 2025","Sun Dec 07 00:21:51 UTC 2025","680","tests.PROJECT_EDUCATION.test_system","test_04_finish_test","","","","test_finish_test_invalid_id[]","Негативный тест: запуск теста с невалидным ID"
"passed","Sun Dec 07 00:32:07 UTC 2025","Sun Dec 07 00:32:08 UTC 2025","581","tests.admin_panel.categories","test_80_create_category_translation","","","","test_create_category_translation_invalid_payload[payload0-400]","Негативный тест: создание перевода с невалидным payload."
"skipped","Sun Dec 07 01:29:16 UTC 2025","Sun Dec 07 01:29:16 UTC 2025","0","tests.tickets","test_01_get_tickets","","","","test_get_tickets_success[filter2-sort0-search2-pagination1-client]","Позитивный тест: получение списка тикетов с разными комбинациями параметров"
"passed","Sun Dec 07 00:24:35 UTC 2025","Sun Dec 07 00:24:37 UTC 2025","2105","tests.account","test_account_branded_wallet_upload","","","","test_upload_too_large_returns_400[partner]","Негатив: слишком большой файл (>5MB) → 400"
"passed","Sun Dec 07 00:24:55 UTC 2025","Sun Dec 07 00:24:56 UTC 2025","553","tests.account","test_add_cover_url","","","","test_add_cover_invalid_payload[payload1]",""
"passed","Sun Dec 07 01:27:01 UTC 2025","Sun Dec 07 01:27:01 UTC 2025","136","tests.statistic","test_team_activations","","","","test_get_team_activation_statistic_positive[payload1-admin]","Позитивный тест: получение статистики по активации команды с валидным телом запроса"
"passed","Sun Dec 07 00:29:23 UTC 2025","Sun Dec 07 00:29:23 UTC 2025","130","tests.admin_panel.categories","test_45_get_categories","","","","test_get_categories_forbidden[partner]","Негативный тест: получение списка категорий не админом."
"skipped","Sun Dec 07 00:26:08 UTC 2025","Sun Dec 07 00:26:08 UTC 2025","0","tests.account","test_update_default_stock","","","","test_update_default_stock_positive[admin-payload0]","Позитивные тесты на изменение дефолтного склада"
"skipped","Sun Dec 07 01:37:11 UTC 2025","Sun Dec 07 01:37:12 UTC 2025","1112","tests.tickets","test_06_close_ticket","","","","test_close_tickets_negative[client-ticket_ids0-400]","Негативные тесты: закрытие с некорректными данными"
"passed","Sun Dec 07 01:24:19 UTC 2025","Sun Dec 07 01:24:19 UTC 2025","402","tests.one_c","test_create_1c_stock","","","","test_post_bad_request_or_unprocessable[<lambda>4]",""
"passed","Sun Dec 07 00:50:54 UTC 2025","Sun Dec 07 00:50:56 UTC 2025","1981","tests.admin_panel.slides","test_61_upload_slides_images","","","","test_upload_slide_images_file_too_large[5.3-fields_to_send3-400]","Негативный тест: загрузка слишком большого изображения."
"passed","Sun Dec 07 00:24:30 UTC 2025","Sun Dec 07 00:24:30 UTC 2025","137","tests.account","test_account_branded_wallet_upload","","","","test_upload_invalid_base64_returns_400[partner]","Негатив: невалидная base64 → 400"
"passed","Sun Dec 07 01:32:33 UTC 2025","Sun Dec 07 01:32:33 UTC 2025","524","tests.tickets","test_04_create_ticket","","","","test_create_ticket_success[partner-attachments0-QuestionsAboutTheMarriageContract]","Позитивный тест: создание тикета с разными темами и вложениями для клиента, партнера и админа"
"passed","Sun Dec 07 00:38:21 UTC 2025","Sun Dec 07 00:38:21 UTC 2025","588","tests.admin_panel.products","test_40_create_product_brand","","","","test_create_product_brand_invalid_payload[payload5-expected_codes5]","Негативные кейсы: невалидные поля при создании бренда."
"failed","Sun Dec 07 00:28:53 UTC 2025","Sun Dec 07 00:28:53 UTC 2025","134","tests.admin_panel","test_partner_accrual_details_main_bonus","","","","test_main_bonus_details_forbidden_to_non_admin[client]","
    Негатив: клиент/партнёр стучится в /admin/partner-accrual-details/main-bonus → 403
    "
"passed","Sun Dec 07 00:56:45 UTC 2025","Sun Dec 07 00:56:45 UTC 2025","410","tests.cart","test_09_cart_save_region","","","","test_save_region_unauthorized","Негатив: вызов без авторизации/корзины."
"skipped","Sun Dec 07 00:24:02 UTC 2025","Sun Dec 07 00:24:02 UTC 2025","0","tests.account","test_account_branded_wallet_get","","","","test_get_invalid_period_returns_422[period2-partner]","
    Негатив: невалидные month/year → 422.
    "
"passed","Sun Dec 07 01:21:36 UTC 2025","Sun Dec 07 01:21:37 UTC 2025","129","tests.delivery","test_self_pickup_offices","","","","test_self_pickup_offices_invalid_params[client-params0]","
    Негатив: невалидные параметры -> 400 с телом ошибки.
    "
"passed","Sun Dec 07 00:34:54 UTC 2025","Sun Dec 07 00:34:56 UTC 2025","2165","tests.admin_panel.items","test_get_item_translation","","","","test_get_item_translation_forbidden[partner]","
    Негативный тест: client/partner не может читать переводы item.
    Подготовку (создание item и добавление перевода) делает админ.
    "
"passed","Sun Dec 07 00:53:51 UTC 2025","Sun Dec 07 00:53:52 UTC 2025","882","tests.cart","test_01_user_locale","","","","test_update_user_locale_valid_payload_1[partner-payload5]","
    Позитивный тест: Обновление языка/склада/локали авторизованным пользователем"
"passed","Sun Dec 07 00:55:00 UTC 2025","Sun Dec 07 00:55:00 UTC 2025","134","tests.cart","test_02_get_delivery_cost","","","","test_get_delivery_cost_invalid_payload[client-payload0]","Негатив: некорректные входные данные."
"passed","Sun Dec 07 01:15:31 UTC 2025","Sun Dec 07 01:15:36 UTC 2025","5145","tests.delivery","test_03_delete_delivery_address","","","","test_delete_delivery_address_permissions[authorize_client-authorize_client-False]","Права доступа при удалении адресов"
"skipped","Sun Dec 07 01:29:16 UTC 2025","Sun Dec 07 01:29:16 UTC 2025","0","tests.tickets","test_01_get_tickets","","","","test_get_tickets_success[filter0-sort0-search1-pagination0-partner]","Позитивный тест: получение списка тикетов с разными комбинациями параметров"
"passed","Sun Dec 07 01:01:03 UTC 2025","Sun Dec 07 01:01:07 UTC 2025","3970","tests.cart","test_12_cart_estimate_delivery","","","","test_estimate_delivery_success[partner-self_pickup-payload0]","
    Позитив: корзина с товаром, выбор способа доставки и расчёт стоимости для разных служб
    "
"passed","Sun Dec 07 01:35:42 UTC 2025","Sun Dec 07 01:35:43 UTC 2025","1092","tests.tickets","test_04_create_ticket","","","","test_create_ticket_success[admin-attachments2-QuestionsAboutTheHousingAndCarProgram]","Позитивный тест: создание тикета с разными темами и вложениями для клиента, партнера и админа"
"passed","Sun Dec 07 00:39:04 UTC 2025","Sun Dec 07 00:39:05 UTC 2025","893","tests.admin_panel.products","test_42_update_product_brand","","","","test_update_product_brand_forbidden[client]","Негативный тест: попытка обновления бренда не-админом."
"passed","Sun Dec 07 00:51:49 UTC 2025","Sun Dec 07 00:51:50 UTC 2025","1046","tests.admin_panel.slides","test_62_slides_get_upload_urls","","","","test_get_upload_urls_invalid_files[data0-400]","Негативный тест: пустой список файлов, отсутствие 'filenames' в теле запроса."
"passed","Sun Dec 07 00:52:43 UTC 2025","Sun Dec 07 00:52:43 UTC 2025","127","tests.auth","test_02_login","","","","test_partner_login[partner---400]",""
"skipped","Sun Dec 07 01:28:22 UTC 2025","Sun Dec 07 01:28:22 UTC 2025","0","tests.stock","test_create_stock","","","","test_create_stock_with_empty_string_log_if_not_200[city.country_id]",""
"skipped","Sun Dec 07 01:29:16 UTC 2025","Sun Dec 07 01:29:16 UTC 2025","0","tests.tickets","test_01_get_tickets","","","","test_get_tickets_success[filter2-sort0-search2-pagination1-partner]","Позитивный тест: получение списка тикетов с разными комбинациями параметров"
"passed","Sun Dec 07 00:38:02 UTC 2025","Sun Dec 07 00:38:02 UTC 2025","404","tests.admin_panel.products","test_39_get_product_brands","","","","test_get_product_brands_unauthorized","Негативный тест: получение брендов без авторизации."
"passed","Sun Dec 07 00:48:18 UTC 2025","Sun Dec 07 00:48:19 UTC 2025","933","tests.admin_panel.slides","test_58_get_slides_by_id","","","","test_get_slides_by_id_success","Позитивный тест: успешное получение слайда по ID админом."
"passed","Sun Dec 07 00:51:56 UTC 2025","Sun Dec 07 00:51:56 UTC 2025","130","tests.admin_panel.slides","test_62_slides_get_upload_urls","","","","test_get_upload_urls_forbidden[client]","Негативный тест: неадмин не может получить ссылки на загрузку видео файлов."
"skipped","Sun Dec 07 01:37:17 UTC 2025","Sun Dec 07 01:37:18 UTC 2025","1135","tests.tickets","test_06_close_ticket","","","","test_close_tickets_negative[client-None-400]","Негативные тесты: закрытие с некорректными данными"
"passed","Sun Dec 07 00:49:47 UTC 2025","Sun Dec 07 00:49:48 UTC 2025","850","tests.admin_panel.slides","test_59_update_slide","","","","test_update_slide_invalid_payload[payload19-422]","Негативный тест: обновление слайда с невалидным или неполным телом запроса."
"passed","Sun Dec 07 01:09:35 UTC 2025","Sun Dec 07 01:09:35 UTC 2025","134","tests.catalog","test_product_get_by_slug","","","","test_get_product_by_slug_wrong_method[delete-client]","
    Негативный: неверный HTTP-метод для GET /products/{slug}
    "
"passed","Sun Dec 07 01:32:19 UTC 2025","Sun Dec 07 01:32:20 UTC 2025","540","tests.tickets","test_04_create_ticket","","","","test_create_ticket_success[partner-attachments0-QuestionsAboutTheHousingAndCarProgram]","Позитивный тест: создание тикета с разными темами и вложениями для клиента, партнера и админа"
"passed","Sun Dec 07 00:24:50 UTC 2025","Sun Dec 07 00:24:51 UTC 2025","672","tests.account","test_add_cover_url","","","","test_add_cover_min_payload[admin]",""
"passed","Sun Dec 07 00:40:25 UTC 2025","Sun Dec 07 00:40:26 UTC 2025","1058","tests.admin_panel.products","test_44_upload_product_brand_images","","","","test_upload_product_brand_images_formats[valid.jpg-image/jpeg-204]","Проверка загрузки изображений бренда в разных форматах: негативные и позитивные кейсы."
"skipped","Sun Dec 07 01:22:03 UTC 2025","Sun Dec 07 01:22:03 UTC 2025","848","tests.fund","test_get_top_donors","","","","test_get_top_donors_success[end-https://dev.ewahelps.com/api]",""
"passed","Sun Dec 07 00:42:56 UTC 2025","Sun Dec 07 00:42:56 UTC 2025","850","tests.admin_panel.promo","test_75_delete_promotion_by_id","","","","test_delete_promotion_forbidden[client]","Негативный тест: попытка удаления акции не-админом."
"passed","Sun Dec 07 00:35:24 UTC 2025","Sun Dec 07 00:35:25 UTC 2025","610","tests.admin_panel.items","test_update_item","","","","test_update_item_invalid_id[-1]","Негативный тест: несуществующий или некорректный ID."
"passed","Sun Dec 07 01:09:12 UTC 2025","Sun Dec 07 01:09:13 UTC 2025","584","tests.catalog","test_product_get_by_id","","","","test_get_product_by_id_invalid_string[abc]","
    Негативный: ID строкового типа
    "
"passed","Sun Dec 07 00:34:39 UTC 2025","Sun Dec 07 00:34:39 UTC 2025","572","tests.admin_panel.items","test_delete_item_translation","","","","test_delete_item_translation_invalid_id[abc]","Негативный тест: удаление перевода с невалидным или несуществующим ID item."
"passed","Sun Dec 07 01:17:09 UTC 2025","Sun Dec 07 01:17:09 UTC 2025","133","tests.delivery","test_get_cdek_offices","","","","test_get_cdek_offices_invalid_city_id_should_fail[bad_city_id7-admin]",""
"skipped","Sun Dec 07 01:28:23 UTC 2025","Sun Dec 07 01:28:23 UTC 2025","0","tests.stock","test_create_stock","","","","test_create_stock_with_empty_string_log_if_not_200[timezone.dst_end]",""
"passed","Sun Dec 07 00:22:18 UTC 2025","Sun Dec 07 00:22:19 UTC 2025","611","tests.PROJECT_EDUCATION.test_system","test_06_get_result","","","","test_get_result_invalid_id[1.5]",""
"skipped","Sun Dec 07 01:18:30 UTC 2025","Sun Dec 07 01:18:30 UTC 2025","134","tests.delivery","test_get_delivery_regions","","","","test_get_delivery_regions_invalid_params[invalid_params0-admin]","Негатив: невалидные значения query-параметров → 400/422."
"passed","Sun Dec 07 00:35:40 UTC 2025","Sun Dec 07 00:35:42 UTC 2025","1305","tests.admin_panel.items","test_update_item","","","","test_update_item_invalid_payload[payload1-expected_code1]","Негативный тест: обновление item с невалидным или неполным телом запроса."
"passed","Sun Dec 07 00:23:30 UTC 2025","Sun Dec 07 00:23:30 UTC 2025","130","tests.account","test_0_top_partners_client_service_v2","","","","test_get_top_partners_client_service_v2_positive[admin]","Позитивные тесты на получение топ-партнеров по сумме ЛО клиентов"
"skipped","Sun Dec 07 00:25:11 UTC 2025","Sun Dec 07 00:25:11 UTC 2025","0","tests.account","test_family_agreement_create_three","","","","test_create_family_agreement_three_positive[partner-payload0]","Позитивные тесты на создание семейного соглашения при аннулировании второго партнера"
"skipped","Sun Dec 07 00:25:02 UTC 2025","Sun Dec 07 00:25:02 UTC 2025","0","tests.account","test_delete_avatar","","","","test_delete_avatar_positive[admin]","Позитивные тесты на удаление аватара"
"passed","Sun Dec 07 01:29:37 UTC 2025","Sun Dec 07 01:29:37 UTC 2025","134","tests.tickets","test_01_get_tickets","","","","test_get_tickets_invalid_filter[invalid_filter0-400-partner]","Негативный тест: передаем некорректные параметры фильтрации"
"skipped","Sun Dec 07 01:38:25 UTC 2025","Sun Dec 07 01:38:25 UTC 2025","0","tests.tickets","test_11_update_message","","","","test_update_message_role_permissions[authorize_partner-200]","Проверка прав на редактирование сообщения в тикете"
"passed","Sun Dec 07 01:19:01 UTC 2025","Sun Dec 07 01:19:01 UTC 2025","135","tests.delivery","test_get_emu_pickup_points","","","","test_get_emu_pickup_points_missing_city_id_should_fail[admin]","Негатив: отсутствует обязательный query-параметр city_id → 400/422."
"passed","Sun Dec 07 01:21:07 UTC 2025","Sun Dec 07 01:21:07 UTC 2025","129","tests.delivery","test_get_self_pickup_offices","","","","test_get_self_pickup_offices_invalid_city_id_should_fail[None-admin]","Негатив: невалидные значения city_id → 400/422."
"passed","Sun Dec 07 00:26:57 UTC 2025","Sun Dec 07 00:26:58 UTC 2025","582","tests.admin_panel","test_03_support_delete_user","","","","test_partner_cannot_delete_support",""
"skipped","Sun Dec 07 01:29:16 UTC 2025","Sun Dec 07 01:29:16 UTC 2025","0","tests.tickets","test_01_get_tickets","","","","test_get_tickets_success[filter2-sort1-search2-pagination0-partner]","Позитивный тест: получение списка тикетов с разными комбинациями параметров"
"skipped","Sun Dec 07 01:28:23 UTC 2025","Sun Dec 07 01:28:23 UTC 2025","0","tests.stock","test_create_stock","","","","test_create_stock_with_empty_string_log_if_not_200[timezone.dst_start]",""
"skipped","Sun Dec 07 01:20:10 UTC 2025","Sun Dec 07 01:20:10 UTC 2025","140","tests.delivery","test_get_haypost_offices","","","","test_get_haypost_offices_success[186343-admin]","Позитив: успешное получение списка офисов по city_id."
"skipped","Sun Dec 07 00:23:16 UTC 2025","Sun Dec 07 00:23:16 UTC 2025","0","tests.account","test_0_marathon","","","","test_create_product_brand_invalid_payload[params1-400-client]",""
"passed","Sun Dec 07 01:25:05 UTC 2025","Sun Dec 07 01:25:05 UTC 2025","399","tests.orders","test_calculate_client_changes","","","","test_calculate_client_changes_unauthorized","Негативный тест: без токена доступ запрещён."
"skipped","Sun Dec 07 00:25:11 UTC 2025","Sun Dec 07 00:25:11 UTC 2025","0","tests.account","test_funds_transfer_list","","","","test_get_funds_transfer_list_positive[partner-payload0]","Позитивные тесты на получение истории переводов/выводов средств"
"passed","Sun Dec 07 00:29:24 UTC 2025","Sun Dec 07 00:29:24 UTC 2025","406","tests.admin_panel.categories","test_45_get_categories","","","","test_get_categories_unauthorized","Негативный тест: получение категорий без авторизации."
"skipped","Sun Dec 07 01:17:40 UTC 2025","Sun Dec 07 01:17:40 UTC 2025","432","tests.delivery","test_get_cities_v2","","","","test_get_cities_v2_invalid_country_id_should_fail[-1-admin]","
    Негатив: невалидные значения country_id → 400/422.
    "
"passed","Sun Dec 07 01:09:30 UTC 2025","Sun Dec 07 01:09:30 UTC 2025","424","tests.catalog","test_product_get_by_slug","","","","test_get_product_by_slug_unauthorized","
    Негативный: запрос без авторизации
    "
"skipped","Sun Dec 07 01:37:34 UTC 2025","Sun Dec 07 01:37:35 UTC 2025","1134","tests.tickets","test_06_close_ticket","","","","test_close_tickets_negative[admin-None-400]","Негативные тесты: закрытие с некорректными данными"
"passed","Sun Dec 07 00:26:59 UTC 2025","Sun Dec 07 00:26:59 UTC 2025","563","tests.admin_panel","test_03_support_delete_user","","","","test_invalid_id_returns_client_error[None]","
    Кривой/отсутствующий id в path:
    ожидаем клиентскую ошибку (400/404/405), а не 5xx.
    "
"passed","Sun Dec 07 01:37:43 UTC 2025","Sun Dec 07 01:37:43 UTC 2025","744","tests.tickets","test_07_delete_ticket","","","","test_delete_ticket_not_admin[partner]","Негативный тест: попытка удаления тикета клиентом, партнёром"
"passed","Sun Dec 07 00:48:09 UTC 2025","Sun Dec 07 00:48:09 UTC 2025","616","tests.admin_panel.slides","test_57_create_slide","","","","test_create_slide_title_color_validation[123456-400]","Валидация поля title_color при создании слайда."
"skipped","Sun Dec 07 01:29:16 UTC 2025","Sun Dec 07 01:29:16 UTC 2025","0","tests.tickets","test_01_get_tickets","","","","test_get_tickets_success[filter2-sort0-search1-pagination0-admin]","Позитивный тест: получение списка тикетов с разными комбинациями параметров"
"passed","Sun Dec 07 01:10:04 UTC 2025","Sun Dec 07 01:10:05 UTC 2025","127","tests.catalog","test_recommended_products_selfpickup","","","","test_get_recommended_products_selfpickup_wrong_method[post-client]","
    Негативный тест: неверный HTTP-метод
    "
"skipped","Sun Dec 07 01:09:00 UTC 2025","Sun Dec 07 01:09:01 UTC 2025","610","tests.catalog","test_get_recommended_products","","","","test_get_recommended_products_not_found[99999999]","
    Негативный тест: товар с указанным ID не найден
    "
"passed","Sun Dec 07 01:13:46 UTC 2025","Sun Dec 07 01:13:48 UTC 2025","1852","tests.delivery","test_01_save_delivery_address","","","","test_save_delivery_address_negative[client-payload8-500]","Негативные тесты на сохранение адреса доставки"
"passed","Sun Dec 07 01:17:58 UTC 2025","Sun Dec 07 01:17:59 UTC 2025","128","tests.delivery","test_get_delivery_countries","","","","test_get_delivery_countries_success[delivery-partner]","Позитив: успешное получение списка стран с разными значениями ?from=."
"skipped","Sun Dec 07 01:28:23 UTC 2025","Sun Dec 07 01:28:23 UTC 2025","0","tests.stock","test_create_stock","","","","test_create_stock_with_empty_string_log_if_not_200[timezone.id]",""
"passed","Sun Dec 07 00:55:36 UTC 2025","Sun Dec 07 00:55:37 UTC 2025","401","tests.cart","test_05_cart_clear","","","","test_clear_cart_unauthorized","Негатив: очистка корзины без авторизации/корзины"
"skipped","Sun Dec 07 00:30:10 UTC 2025","Sun Dec 07 00:30:10 UTC 2025","0","tests.admin_panel.categories","test_50_upload_category_images","","","","test_upload_category_images_invalid_format[invalid.txt-text/plain-400]","Негативный тест: загрузка изображений в неверном формате (например, .txt)."
"passed","Sun Dec 07 00:38:13 UTC 2025","Sun Dec 07 00:38:13 UTC 2025","551","tests.admin_panel.products","test_40_create_product_brand","","","","test_create_product_brand_invalid_payload[payload0-expected_codes0]","Негативные кейсы: невалидные поля при создании бренда."
"passed","Sun Dec 07 00:23:39 UTC 2025","Sun Dec 07 00:23:39 UTC 2025","136","tests.account","test_0_top_partners_top_recruiters","","","","test_get_top_partners_top_recruiters_positive[admin]","Позитивные тесты на получение топ-партнеров по количеству активных партнеров"
"passed","Sun Dec 07 01:37:08 UTC 2025","Sun Dec 07 01:37:09 UTC 2025","1647","tests.tickets","test_06_close_ticket","","","","test_close_ticket_success[admin]","Позитивный тест: закрытие тикета для клиента, партнера и админа."
"skipped","Sun Dec 07 01:29:16 UTC 2025","Sun Dec 07 01:29:16 UTC 2025","0","tests.tickets","test_01_get_tickets","","","","test_get_tickets_success[filter1-sort1-search1-pagination1-admin]","Позитивный тест: получение списка тикетов с разными комбинациями параметров"
"passed","Sun Dec 07 01:16:42 UTC 2025","Sun Dec 07 01:16:43 UTC 2025","128","tests.delivery","test_get_cargo_offices","","","","test_get_cargo_offices_success[521-admin]",""
"passed","Sun Dec 07 00:28:07 UTC 2025","Sun Dec 07 00:28:07 UTC 2025","573","tests.admin_panel","test_05_admin_support_users_token_revoke_all","","","","test_partner_cannot_revoke_support_tokens",""
"passed","Sun Dec 07 01:33:36 UTC 2025","Sun Dec 07 01:33:37 UTC 2025","1129","tests.tickets","test_04_create_ticket","","","","test_create_ticket_success[partner-attachments2-QuestionsAboutPaymentsToIP]","Позитивный тест: создание тикета с разными темами и вложениями для клиента, партнера и админа"
"skipped","Sun Dec 07 01:37:44 UTC 2025","Sun Dec 07 01:37:45 UTC 2025","577","tests.tickets","test_07_delete_ticket","","","","test_delete_tickets_negative[ticket_ids0-400]","Негативные тесты: удаление с некорректными данными"
"passed","Sun Dec 07 00:57:00 UTC 2025","Sun Dec 07 00:57:00 UTC 2025","129","tests.cart","test_10_cart_save_city","","","","test_save_city_invalid_payload[partner-payload0]","Негатив: невалидный payload."
"passed","Sun Dec 07 00:46:29 UTC 2025","Sun Dec 07 00:46:30 UTC 2025","857","tests.admin_panel.sliders","test_55_delete_sliders","","","","test_delete_slider_forbidden[partner]","Негативный тест: попытка удаления слайдера не-админом."
"passed","Sun Dec 07 00:45:33 UTC 2025","Sun Dec 07 00:45:33 UTC 2025","400","tests.admin_panel.sliders","test_54_update_slider","","","","test_update_slider_unauthorized","Негативный тест: попытка обновления слайдера без авторизации."
"skipped","Sun Dec 07 01:28:23 UTC 2025","Sun Dec 07 01:28:23 UTC 2025","0","tests.stock","test_create_stock","","","","test_create_stock_with_empty_string_log_if_not_200[timezone.name]",""
"passed","Sun Dec 07 01:01:09 UTC 2025","Sun Dec 07 01:01:13 UTC 2025","3742","tests.cart","test_12_cart_estimate_delivery","","","","test_estimate_delivery_success[partner-fargo-payload1]","
    Позитив: корзина с товаром, выбор способа доставки и расчёт стоимости для разных служб
    "
"skipped","Sun Dec 07 00:52:52 UTC 2025","Sun Dec 07 00:52:52 UTC 2025","0","tests.auth","test_04_refresh","","","","test_refresh_token_success[client]","Тест успешного обновления токена через refresh-токен."
"skipped","Sun Dec 07 00:56:51 UTC 2025","Sun Dec 07 00:56:51 UTC 2025","0","tests.cart","test_10_cart_save_city","","","","test_save_city_by_name_success[partner]","Позитив: сохранение города по city_name."
"skipped","Sun Dec 07 01:29:03 UTC 2025","Sun Dec 07 01:29:04 UTC 2025","611","tests.stock","test_get_stocks","","","","test_get_stocks_invalid_country_id[1.5-admin]","Проверка получения складов по невалидному country_id"
"passed","Sun Dec 07 01:19:09 UTC 2025","Sun Dec 07 01:19:09 UTC 2025","136","tests.delivery","test_get_emu_pickup_points","","","","test_get_emu_pickup_points_invalid_city_id_should_fail[1.5-admin]","Негатив: невалидные значения city_id → 400/422."
"skipped","Sun Dec 07 01:21:56 UTC 2025","Sun Dec 07 01:21:56 UTC 2025","164","tests.delivery","test_self_pickup_offices","","","","test_self_pickup_offices_visibility_toggle_single[admin]","
    Сквозной позитив/интеграционный:
    1) Дёргаем список ПВЗ — убеждаемся, что в городе ровно 1 запись.
    2) В БД выставляем is_visible = false для этого офиса.
    3) Дёргаем список снова — ожидаем 0 записей.
    4) Возвращаем is_visible = true и проверяем, что офис снова появился.
    "
"passed","Sun Dec 07 01:15:04 UTC 2025","Sun Dec 07 01:15:04 UTC 2025","136","tests.delivery","test_02_get_delivery_address","","","","test_get_delivery_addresses_invalid_pagination[invalid_pagination0-admin]","Негатив: некорректные параметры пагинации"
"passed","Sun Dec 07 01:35:24 UTC 2025","Sun Dec 07 01:35:25 UTC 2025","1252","tests.tickets","test_04_create_ticket","","","","test_create_ticket_success[admin-attachments1-ChangePersonalData]","Позитивный тест: создание тикета с разными темами и вложениями для клиента, партнера и админа"
"passed","Sun Dec 07 01:30:08 UTC 2025","Sun Dec 07 01:30:09 UTC 2025","548","tests.tickets","test_02_get_ticket_by_id","","","","test_get_ticket_not_found[99999999]","Негативный тест: тикет с указанным ID не найден."
"skipped","Sun Dec 07 01:12:25 UTC 2025","Sun Dec 07 01:12:25 UTC 2025","0","tests.chat_support","test_02_support_chat_messages_get","","","","test_get_messages_success_with_pagination[0-1-client]","Позитивный: получение с пагинацией"
"passed","Sun Dec 07 00:26:27 UTC 2025","Sun Dec 07 00:26:27 UTC 2025","571","tests.admin_panel","test_01_support_create_user","","","","test_invalid_user_id_returns_client_error[abc]",""
"passed","Sun Dec 07 00:47:37 UTC 2025","Sun Dec 07 00:47:37 UTC 2025","571","tests.admin_panel.slides","test_57_create_slide","","","","test_create_slide_invalid_payload[payload13-400]","Негативные тесты: некорректные и неполные payload'ы."
"passed","Sun Dec 07 00:29:19 UTC 2025","Sun Dec 07 00:29:19 UTC 2025","554","tests.admin_panel.categories","test_45_get_categories","","","","test_get_categories_success","Позитивный тест: успешное получение списка категорий админом."
"skipped","Sun Dec 07 01:17:50 UTC 2025","Sun Dec 07 01:17:50 UTC 2025","399","tests.delivery","test_get_cities_v2","","","","test_get_cities_v2_unauthorized","
    Негатив: запрос без авторизации.
    "
"passed","Sun Dec 07 00:51:03 UTC 2025","Sun Dec 07 00:51:05 UTC 2025","2001","tests.admin_panel.slides","test_61_upload_slides_images","","","","test_upload_slide_images_file_too_large[5.3-fields_to_send5-400]","Негативный тест: загрузка слишком большого изображения."
"passed","Sun Dec 07 01:08:47 UTC 2025","Sun Dec 07 01:08:48 UTC 2025","542","tests.catalog","test_get_recommended_products","","","","test_get_recommended_products_success[client]","
    Позитивный тест: успешное получение рекомендованных продуктов по id товара
    "
"passed","Sun Dec 07 00:27:11 UTC 2025","Sun Dec 07 00:27:12 UTC 2025","978","tests.admin_panel","test_04_generate_support_token","","","","test_admin_can_generate_support_token_default_ttl","
    POST /admin/support-users/{id}/token
    Без ttl → дефолт (30 суток).
    Проверяем:
    - 200 + поле token
    - в tokens добавилась ровно одна запись для (role=3, id=user_id).
    "
"passed","Sun Dec 07 00:53:36 UTC 2025","Sun Dec 07 00:53:37 UTC 2025","739","tests.cart","test_01_user_locale","","","","test_update_user_locale_valid_payload_1[partner-payload1]","
    Позитивный тест: Обновление языка/склада/локали авторизованным пользователем"
"passed","Sun Dec 07 00:36:29 UTC 2025","Sun Dec 07 00:36:30 UTC 2025","551","tests.admin_panel.periods","test_get_period_by_id","","","","test_get_period_by_id__invalid_400_404[-inf]",""
"passed","Sun Dec 07 00:33:06 UTC 2025","Sun Dec 07 00:33:06 UTC 2025","762","tests.admin_panel.items","test_create_item","","","","test_create_item_invalid_payload[payload5-expected_code5]","
    Негативный тест: создание варианта с невалидным телом запроса.
    Если сервер внезапно вернул успех — удаляем созданный item из БД.
    "
"skipped","Sun Dec 07 01:28:22 UTC 2025","Sun Dec 07 01:28:22 UTC 2025","0","tests.stock","test_create_stock","","","","test_create_stock_with_empty_string_log_if_not_200[postcode]",""
"passed","Sun Dec 07 00:56:37 UTC 2025","Sun Dec 07 00:56:37 UTC 2025","163","tests.cart","test_09_cart_save_region","","","","test_save_region_by_name_eaes_invalid[partner]","Негатив: для ЕАЭС region_name не разрешён."
"passed","Sun Dec 07 01:34:38 UTC 2025","Sun Dec 07 01:34:38 UTC 2025","531","tests.tickets","test_04_create_ticket","","","","test_create_ticket_success[admin-attachments0-QuestionsAboutTheRewardSystemMarketingPlan]","Позитивный тест: создание тикета с разными темами и вложениями для клиента, партнера и админа"
"skipped","Sun Dec 07 01:37:19 UTC 2025","Sun Dec 07 01:37:21 UTC 2025","1131","tests.tickets","test_06_close_ticket","","","","test_close_tickets_negative[partner-ticket_ids0-400]","Негативные тесты: закрытие с некорректными данными"
"skipped","Sun Dec 07 00:25:33 UTC 2025","Sun Dec 07 00:25:33 UTC 2025","0","tests.account","test_history","","","","test_get_history_positive[partner-payload1]","Позитивные тесты на получение истории аккаунта"
"passed","Sun Dec 07 00:38:19 UTC 2025","Sun Dec 07 00:38:20 UTC 2025","541","tests.admin_panel.products","test_40_create_product_brand","","","","test_create_product_brand_invalid_payload[payload4-expected_codes4]","Негативные кейсы: невалидные поля при создании бренда."
"passed","Sun Dec 07 00:38:44 UTC 2025","Sun Dec 07 00:38:45 UTC 2025","1364","tests.admin_panel.products","test_41_get_product_brand_by_id","","","","test_get_product_brands_by_id_forbidden[partner]","Негативный тест: получение бренда по ID не админом"
"passed","Sun Dec 07 00:58:41 UTC 2025","Sun Dec 07 00:58:45 UTC 2025","3913","tests.cart","test_11_cart_save_delivery_method","","","","test_save_delivery_method_success_with_cart[partner-FakeDelivery]","
    Позитив: сохранение способа доставки для всех значений с корзиной
    "
"passed","Sun Dec 07 01:15:14 UTC 2025","Sun Dec 07 01:15:14 UTC 2025","128","tests.delivery","test_02_get_delivery_address","","","","test_get_delivery_addresses_invalid_pagination[invalid_pagination2-admin]","Негатив: некорректные параметры пагинации"
"skipped","Sun Dec 07 01:29:16 UTC 2025","Sun Dec 07 01:29:16 UTC 2025","0","tests.tickets","test_01_get_tickets","","","","test_get_tickets_success[filter1-sort1-search1-pagination1-partner]","Позитивный тест: получение списка тикетов с разными комбинациями параметров"
"passed","Sun Dec 07 00:21:27 UTC 2025","Sun Dec 07 00:21:28 UTC 2025","545","tests.PROJECT_EDUCATION.test_system","test_03_user_answers","","","","test_user_answers_invalid_id[abc]","Негативный тест: запуск теста с невалидным ID"
"skipped","Sun Dec 07 01:03:54 UTC 2025","Sun Dec 07 01:03:55 UTC 2025","293","tests.cart","test_21_cart_shareable","","","","test_cart_shareable_from_created_link_success[partner]","
    Позитив: создаём ссылку через /cart/share и по ней успешно получаем корзину
    "
"passed","Sun Dec 07 00:52:38 UTC 2025","Sun Dec 07 00:52:38 UTC 2025","128","tests.auth","test_02_login","","","","test_client_login[client---400]",""
"passed","Sun Dec 07 00:36:40 UTC 2025","Sun Dec 07 00:36:41 UTC 2025","562","tests.admin_panel.periods","test_get_period_by_id","","","","test_get_period_by_id__not_found_allows_400_404[999999999]",""
"passed","Sun Dec 07 01:19:10 UTC 2025","Sun Dec 07 01:19:10 UTC 2025","129","tests.delivery","test_get_emu_pickup_points","","","","test_get_emu_pickup_points_invalid_city_id_should_fail[True-admin]","Негатив: невалидные значения city_id → 400/422."
"passed","Sun Dec 07 01:27:06 UTC 2025","Sun Dec 07 01:27:06 UTC 2025","134","tests.statistic","test_team_activations","","","","test_get_team_activation_statistic_positive[payload2-admin]","Позитивный тест: получение статистики по активации команды с валидным телом запроса"
"skipped","Sun Dec 07 01:29:16 UTC 2025","Sun Dec 07 01:29:16 UTC 2025","0","tests.tickets","test_01_get_tickets","","","","test_get_tickets_success[filter0-sort0-search1-pagination0-admin]","Позитивный тест: получение списка тикетов с разными комбинациями параметров"
"passed","Sun Dec 07 01:20:44 UTC 2025","Sun Dec 07 01:20:44 UTC 2025","130","tests.delivery","test_get_rupost_offices","","","","test_get_rupost_offices_success[439930-admin]",""
"skipped","Sun Dec 07 01:12:25 UTC 2025","Sun Dec 07 01:12:25 UTC 2025","0","tests.chat_support","test_02_support_chat_messages_get","","","","test_get_messages_invalid_pagination[page=abc-client]","Негативный: невалидные параметры пагинации"
"passed","Sun Dec 07 01:03:39 UTC 2025","Sun Dec 07 01:03:39 UTC 2025","130","tests.cart","test_18_cart_available_countries","","","","test_cart_available_countries_success[client]","Позитив: получение списка доступных стран."
"passed","Sun Dec 07 01:13:43 UTC 2025","Sun Dec 07 01:13:45 UTC 2025","1985","tests.delivery","test_01_save_delivery_address","","","","test_save_delivery_address_negative[client-payload7-500]","Негативные тесты на сохранение адреса доставки"
"skipped","Sun Dec 07 01:20:08 UTC 2025","Sun Dec 07 01:20:08 UTC 2025","132","tests.delivery","test_get_haypost_offices","","","","test_get_haypost_offices_success[186343-partner]","Позитив: успешное получение списка офисов по city_id."
"passed","Sun Dec 07 01:13:03 UTC 2025","Sun Dec 07 01:13:06 UTC 2025","2876","tests.delivery","test_01_save_delivery_address","","","","test_save_delivery_address_positive[partner-payload2]","Позитивные тесты на сохранение адреса доставки"
"passed","Sun Dec 07 00:43:57 UTC 2025","Sun Dec 07 00:43:58 UTC 2025","554","tests.admin_panel.promo","test_77_create_promotion_item","","","","test_create_promotion_item_invalid_ids[None-1-404]",""
"passed","Sun Dec 07 00:51:40 UTC 2025","Sun Dec 07 00:51:42 UTC 2025","1707","tests.admin_panel.slides","test_61_upload_slides_images","","","","test_upload_only_single_slide_image_field[desktop_preview-test_png.png-image/png-desktop_preview]","Проверка: загрузка только одного изображения не должна заполнять другие поля."
"skipped","Sun Dec 07 01:36:45 UTC 2025","Sun Dec 07 01:36:45 UTC 2025","43","tests.tickets","test_04_create_ticket","","","","test_create_ticket_invalid_title[client-]","Негативный тест: создание тикета без заголовка"
"passed","Sun Dec 07 01:08:49 UTC 2025","Sun Dec 07 01:08:50 UTC 2025","517","tests.catalog","test_get_recommended_products","","","","test_get_recommended_products_success[partner]","
    Позитивный тест: успешное получение рекомендованных продуктов по id товара
    "
"skipped","Sun Dec 07 00:25:33 UTC 2025","Sun Dec 07 00:25:33 UTC 2025","0","tests.account","test_list_csv","","","","test_get_account_list_csv_positive[admin-payload0]","Позитивные тесты на выгрузку структуры партнеров в CSV"
"passed","Sun Dec 07 00:48:57 UTC 2025","Sun Dec 07 00:48:58 UTC 2025","946","tests.admin_panel.slides","test_59_update_slide","","","","test_update_slide_invalid_payload[payload0-expected_code0]","Негативный тест: обновление слайда с невалидным или неполным телом запроса."
"passed","Sun Dec 07 00:44:37 UTC 2025","Sun Dec 07 00:44:37 UTC 2025","719","tests.admin_panel.sliders","test_52_create_slider","","","","test_create_slider_success","Позитивный тест: успешное создание слайдера (все поля)."
"passed","Sun Dec 07 01:27:28 UTC 2025","Sun Dec 07 01:27:28 UTC 2025","136","tests.statistic","test_team_go","","","","test_get_team_go_statistic_positive[payload1-partner]","Позитивный тест: получение статистики по команде с валидным телом запроса"
"passed","Sun Dec 07 00:21:57 UTC 2025","Sun Dec 07 00:21:57 UTC 2025","554","tests.PROJECT_EDUCATION.test_system","test_05_get_info","","","","test_get_info","Позитивный тест: Получение информации о тесте и связанных сессиях пользователя."
"passed","Sun Dec 07 00:55:18 UTC 2025","Sun Dec 07 00:55:18 UTC 2025","136","tests.cart","test_02_get_delivery_cost","","","","test_get_delivery_cost_invalid_payload[partner-payload4]","Негатив: некорректные входные данные."
"passed","Sun Dec 07 01:02:50 UTC 2025","Sun Dec 07 01:02:54 UTC 2025","3589","tests.cart","test_12_cart_estimate_delivery","","","","test_estimate_delivery_empty_payload[partner-payload0]","
    пустой payload для /cart/estimate_delivery при непустой корзине
    "
"passed","Sun Dec 07 01:08:15 UTC 2025","Sun Dec 07 01:08:15 UTC 2025","129","tests.catalog","test_get_currencies","","","","test_get_currencies_success[partner]","
    Позитивный тест: успешное получение списка валют
    "
"skipped","Sun Dec 07 00:25:33 UTC 2025","Sun Dec 07 00:25:33 UTC 2025","0","tests.account","test_get_languages","","","","test_get_languages_success[client-123-400]","Возвращает список языков, доступных для перевода"
"passed","Sun Dec 07 00:50:02 UTC 2025","Sun Dec 07 00:50:02 UTC 2025","923","tests.admin_panel.slides","test_60_delete_slides","","","","test_delete_slide_forbidden[partner]","Негативный тест: попытка удаления слайда не-админом."
"skipped","Sun Dec 07 01:20:32 UTC 2025","Sun Dec 07 01:20:33 UTC 2025","247","tests.delivery","test_get_kgpost_offices","","","","test_get_kgpost_offices_success[208110-admin]",""
"passed","Sun Dec 07 00:46:35 UTC 2025","Sun Dec 07 00:46:36 UTC 2025","594","tests.admin_panel.sliders","test_55_delete_sliders","","","","test_delete_slider_invalid_id[abc]","Негативный тест: удаление несуществующего или некорректного слайдера."
"passed","Sun Dec 07 01:09:26 UTC 2025","Sun Dec 07 01:09:27 UTC 2025","918","tests.catalog","test_product_get_by_slug","","","","test_get_product_by_slug_success[admin]","
    Позитивный: успешный поиск товара по slug
    "
"passed","Sun Dec 07 00:41:50 UTC 2025","Sun Dec 07 00:41:50 UTC 2025","559","tests.admin_panel.promo","test_73_get_promotion_by_id","","","","test_get_promotion_invalid_id[None]","Негативный тест: получение акции по невалидному ID."
"passed","Sun Dec 07 00:42:41 UTC 2025","Sun Dec 07 00:42:42 UTC 2025","878","tests.admin_panel.promo","test_74_update_promotion","","","","test_update_promotion_invalid_payload[payload9-422]","Негативный тест: обновление акции с невалидным или неполным телом запроса."
"passed","Sun Dec 07 00:30:54 UTC 2025","Sun Dec 07 00:30:55 UTC 2025","860","tests.admin_panel.categories","test_57_v2_update_category","","","","test_v2_update_category_invalid_payload[payload1-expected_code1]","Негативный тест: обновление категории с невалидным или неполным телом запроса."
"skipped","Sun Dec 07 01:08:21 UTC 2025","Sun Dec 07 01:08:22 UTC 2025","578","tests.catalog","test_get_item_by_id","","","","test_get_item_invalid_id[0]","
    Негативный тест: передан некорректный ID (тип/значение)
    "
"skipped","Sun Dec 07 00:30:10 UTC 2025","Sun Dec 07 00:30:10 UTC 2025","0","tests.admin_panel.categories","test_50_upload_category_images","","","","test_upload_category_images_forbidden[partner]","Негативный тест: неадмин не может загрузить изображения категории."
"passed","Sun Dec 07 01:12:28 UTC 2025","Sun Dec 07 01:12:29 UTC 2025","403","tests.chat_support","test_04_support_chat_tags_get","","","","test_get_support_chat_tags_unauthorized","
    Негативный: запрос без токена → 401 Unauthorized.
    "
"passed","Sun Dec 07 00:45:22 UTC 2025","Sun Dec 07 00:45:23 UTC 2025","560","tests.admin_panel.sliders","test_53_get_sliders_by_id","","","","test_get_sliders_invalid_id[1.5]","Негативный тест: получение слайдера по невалидному ID"
"passed","Sun Dec 07 01:12:30 UTC 2025","Sun Dec 07 01:12:33 UTC 2025","2728","tests.delivery","test_01_save_delivery_address","","","","test_save_delivery_address_positive[client-payload0]","Позитивные тесты на сохранение адреса доставки"
"passed","Sun Dec 07 00:38:57 UTC 2025","Sun Dec 07 00:38:57 UTC 2025","403","tests.admin_panel.products","test_41_get_product_brand_by_id","","","","test_get_product_brand_unauthorized","Негативный тест: без авторизации"
"passed","Sun Dec 07 00:28:18 UTC 2025","Sun Dec 07 00:28:18 UTC 2025","574","tests.admin_panel","test_05_admin_support_users_token_revoke_all","","","","test_revoke_all_tokens_not_found","
    POST /admin/support-users/{id}/token/revoke-all — 404
    "
"passed","Sun Dec 07 01:09:56 UTC 2025","Sun Dec 07 01:09:57 UTC 2025","411","tests.catalog","test_products_list_all","","","","test_get_products_list_all_unauthorized","
    Негативный: запрос без авторизации
    "
"passed","Sun Dec 07 00:49:16 UTC 2025","Sun Dec 07 00:49:16 UTC 2025","915","tests.admin_panel.slides","test_59_update_slide","","","","test_update_slide_invalid_payload[payload7-expected_code7]","Негативный тест: обновление слайда с невалидным или неполным телом запроса."
"passed","Sun Dec 07 00:21:14 UTC 2025","Sun Dec 07 00:21:14 UTC 2025","251","tests.PROJECT_EDUCATION.test_system","test_01_start_test","","","","test_start_test_unauthorized","Негативный тест: запуск теста без авторизации"
"skipped","Sun Dec 07 00:28:32 UTC 2025","Sun Dec 07 00:28:32 UTC 2025","0","tests.admin_panel","test_accrue_gold_pro_gift","","","","test_accrue_gold_pro_gift_for_client",""
"passed","Sun Dec 07 01:09:14 UTC 2025","Sun Dec 07 01:09:14 UTC 2025","590","tests.catalog","test_product_get_by_id","","","","test_get_product_by_id_invalid_string[123abc]","
    Негативный: ID строкового типа
    "
"skipped","Sun Dec 07 00:30:10 UTC 2025","Sun Dec 07 00:30:10 UTC 2025","0","tests.admin_panel.categories","test_50_upload_category_images","","","","test_upload_only_single_image_field_should_not_fill_others[image_site-test_png.png-image/png-image_site]","Проверка: загрузка только одного из полей (icon, image, image_site) не должна заполнять другие."
"passed","Sun Dec 07 00:21:58 UTC 2025","Sun Dec 07 00:21:59 UTC 2025","551","tests.PROJECT_EDUCATION.test_system","test_05_get_info","","","","test_get_info_invalid_id[abc]",""
"passed","Sun Dec 07 01:19:52 UTC 2025","Sun Dec 07 01:19:52 UTC 2025","134","tests.delivery","test_get_five_post_warehouses","","","","test_get_five_post_warehouses_forbidden_for_non_admins[partner]","Негатив: доступ к списку складов 5Post разрешён только админу."
"passed","Sun Dec 07 01:04:50 UTC 2025","Sun Dec 07 01:04:53 UTC 2025","3620","tests.catalog","test_create_admin_product","","","","test_create_admin_product_minimal_payload_variants[slug+categories+category_ids]",""
"passed","Sun Dec 07 00:22:41 UTC 2025","Sun Dec 07 00:22:41 UTC 2025","634","tests.PROJECT_FUND.initiatives","test_get_report_by_id","","","","test_get_report_by_invalid_id[-1-https://dev.ewahelps.com/api]","Негативный тест: невалидный или несуществующий path-параметр"
"skipped","Sun Dec 07 01:17:34 UTC 2025","Sun Dec 07 01:17:34 UTC 2025","126","tests.delivery","test_get_cities_v2","","","","test_get_cities_v2_invalid_city_name_should_fail[bad_city_name5-admin]","
    Негатив: невалидные значения city_name → 400/422.
    "
"skipped","Sun Dec 07 00:25:33 UTC 2025","Sun Dec 07 00:25:33 UTC 2025","0","tests.account","test_history_admin","","","","test_get_admin_history_positive[admin-payload1]","Позитивные тесты на получение истории бонусов для админа"
"passed","Sun Dec 07 00:32:23 UTC 2025","Sun Dec 07 00:32:24 UTC 2025","1592","tests.admin_panel.categories","test_81_delete_category_translation","","","","test_delete_category_translation_success","Позитивный тест: удаление одного из двух переводов категории."
"passed","Sun Dec 07 00:52:41 UTC 2025","Sun Dec 07 00:52:41 UTC 2025","132","tests.auth","test_02_login","","","","test_partner_login[partner-0709--401]",""
"passed","Sun Dec 07 00:36:00 UTC 2025","Sun Dec 07 00:36:01 UTC 2025","1583","tests.admin_panel.items","test_update_item","","","","test_update_item_required_fields_only","Позитивный тест: успешное обновление варианта товара (только обязательные поля)."
"passed","Sun Dec 07 01:25:42 UTC 2025","Sun Dec 07 01:25:42 UTC 2025","129","tests.orders","test_create_order_by_delivery_address","","","","test_create_order_invalid_data[invalid_payload0-admin]","Негативные тесты: создание заказа с некорректными данными"
"skipped","Sun Dec 07 01:26:08 UTC 2025","Sun Dec 07 01:26:08 UTC 2025","0","tests.orders","test_orders_v2_pay","","","","test_orders_v2_pay_invalid_data[invalid_payload3-400]","Негативный тест: отправка некорректных данных"
"skipped","Sun Dec 07 00:36:59 UTC 2025","Sun Dec 07 00:36:59 UTC 2025","0","tests.admin_panel.products","test_01_delete_product_group","","","","test_delete_product_group_forbidden[partner]","Негативный тест: попытка удаления продукт группы не-админом."
"passed","Sun Dec 07 00:36:28 UTC 2025","Sun Dec 07 00:36:28 UTC 2025","561","tests.admin_panel.periods","test_get_period_by_id","","","","test_get_period_by_id__invalid_400_404[inf]",""
"passed","Sun Dec 07 00:40:01 UTC 2025","Sun Dec 07 00:40:01 UTC 2025","422","tests.admin_panel.products","test_44_upload_product_brand_images","","","","test_upload_product_brand_images_unauthorized","Негативный тест: загрузка изображений без авторизации."
"skipped","Sun Dec 07 01:29:16 UTC 2025","Sun Dec 07 01:29:16 UTC 2025","0","tests.tickets","test_01_get_tickets","","","","test_get_tickets_success[filter2-sort0-search1-pagination0-partner]","Позитивный тест: получение списка тикетов с разными комбинациями параметров"
"passed","Sun Dec 07 00:53:26 UTC 2025","Sun Dec 07 00:53:27 UTC 2025","715","tests.cart","test_01_user_locale","","","","test_update_user_locale_valid_payload_1[client-payload5]","
    Позитивный тест: Обновление языка/склада/локали авторизованным пользователем"
"passed","Sun Dec 07 00:38:24 UTC 2025","Sun Dec 07 00:38:24 UTC 2025","549","tests.admin_panel.products","test_40_create_product_brand","","","","test_create_product_brand_invalid_payload[payload7-expected_codes7]","Негативные кейсы: невалидные поля при создании бренда."
"passed","Sun Dec 07 01:14:06 UTC 2025","Sun Dec 07 01:14:09 UTC 2025","2462","tests.delivery","test_01_save_delivery_address","","","","test_save_delivery_address_negative[partner-payload4-400]","Негативные тесты на сохранение адреса доставки"
"skipped","Sun Dec 07 01:28:09 UTC 2025","Sun Dec 07 01:28:09 UTC 2025","142","tests.statistic","test_team_registrations","","","","test_get_team_registration_statistic_negative[payload0-client]","Негативный тест: ошибка при получении статистики регистрации команды с невалидным телом запроса"
"skipped","Sun Dec 07 01:09:45 UTC 2025","Sun Dec 07 01:09:47 UTC 2025","1198","tests.catalog","test_products_list","","","","test_get_products_list_invalid_country_id[abc]","
    Негативный: некорректный country_id в query
    "
"skipped","Sun Dec 07 01:18:17 UTC 2025","Sun Dec 07 01:18:17 UTC 2025","130","tests.delivery","test_get_delivery_countries","","","","test_get_delivery_countries_invalid_from[1.5-admin]","Негатив: невалидные значения параметра from → 400/422."
"passed","Sun Dec 07 00:23:23 UTC 2025","Sun Dec 07 00:23:23 UTC 2025","270","tests.account","test_0_referral_links","","","","test_get_referral_links_positive[partner-200]","Позитивные тесты на получение реферальных ссылок"
"passed","Sun Dec 07 01:13:50 UTC 2025","Sun Dec 07 01:13:52 UTC 2025","2337","tests.delivery","test_01_save_delivery_address","","","","test_save_delivery_address_negative[client-payload9-500]","Негативные тесты на сохранение адреса доставки"
"skipped","Sun Dec 07 00:25:33 UTC 2025","Sun Dec 07 00:25:33 UTC 2025","0","tests.account","test_history_group_volumes_admin","","","","test_get_group_volumes_history_admin_positive[admin-payload1]","Позитивные тесты на получение истории начисления групповых объемов для админа"
"skipped","Sun Dec 07 01:26:01 UTC 2025","Sun Dec 07 01:26:01 UTC 2025","127","tests.orders","test_group_order_change_country","","","","test_change_country_invalid_data[invalid_payload2-partner]","Негативные тесты: передача некорректных данных"
"skipped","Sun Dec 07 00:25:54 UTC 2025","Sun Dec 07 00:25:54 UTC 2025","0","tests.account","test_update","","","","test_update_account_positive[partner-payload1]","Позитивные тесты на обновление данных аккаунта"
"passed","Sun Dec 07 01:27:25 UTC 2025","Sun Dec 07 01:27:25 UTC 2025","129","tests.statistic","test_team_go","","","","test_get_team_go_statistic_positive[payload0-admin]","Позитивный тест: получение статистики по команде с валидным телом запроса"
"passed","Sun Dec 07 01:34:09 UTC 2025","Sun Dec 07 01:34:10 UTC 2025","1086","tests.tickets","test_04_create_ticket","","","","test_create_ticket_success[partner-attachments2-ReceivingDefectiveProductsOrShortage]","Позитивный тест: создание тикета с разными темами и вложениями для клиента, партнера и админа"
"passed","Sun Dec 07 01:19:47 UTC 2025","Sun Dec 07 01:19:48 UTC 2025","421","tests.delivery","test_get_five_post_offices","","","","test_get_five_post_offices_unauthorized","Негатив: запрос без авторизации."
"failed","Sun Dec 07 00:28:57 UTC 2025","Sun Dec 07 00:28:58 UTC 2025","411","tests.admin_panel","test_partner_accrual_details_main_bonus","","","","test_main_bonus_details_unauthorized","
    Негатив: без токена
    "
"passed","Sun Dec 07 00:41:53 UTC 2025","Sun Dec 07 00:41:53 UTC 2025","540","tests.admin_panel.promo","test_73_get_promotion_by_id","","","","test_get_promotion_invalid_id[1.5]","Негативный тест: получение акции по невалидному ID."
"passed","Sun Dec 07 00:25:16 UTC 2025","Sun Dec 07 00:25:16 UTC 2025","127","tests.account","test_get_account_exists","","","","test_get_account_exists_positive[params1-admin]","Нкгатив: невлидны id"
"skipped","Sun Dec 07 00:25:11 UTC 2025","Sun Dec 07 00:25:11 UTC 2025","0","tests.account","test_family_agreement_update_status","","","","test_update_family_agreement_status_positive[partner-payload1]","Позитивные тесты на изменение статуса семейного соглашения"
"skipped","Sun Dec 07 00:25:11 UTC 2025","Sun Dec 07 00:25:11 UTC 2025","0","tests.account","test_funds_transfer_list","","","","test_get_funds_transfer_list_positive[client-payload0]","Позитивные тесты на получение истории переводов/выводов средств"
"passed","Sun Dec 07 01:30:35 UTC 2025","Sun Dec 07 01:30:35 UTC 2025","557","tests.tickets","test_04_create_ticket","","","","test_create_ticket_success[client-attachments0-OtherQuestions]","Позитивный тест: создание тикета с разными темами и вложениями для клиента, партнера и админа"
"skipped","Sun Dec 07 01:29:16 UTC 2025","Sun Dec 07 01:29:16 UTC 2025","0","tests.tickets","test_01_get_tickets","","","","test_get_tickets_success[filter2-sort0-search1-pagination1-client]","Позитивный тест: получение списка тикетов с разными комбинациями параметров"
"passed","Sun Dec 07 01:36:09 UTC 2025","Sun Dec 07 01:36:10 UTC 2025","1089","tests.tickets","test_04_create_ticket","","","","test_create_ticket_success[admin-attachments2-ChangePersonalData]","Позитивный тест: создание тикета с разными темами и вложениями для клиента, партнера и админа"
"passed","Sun Dec 07 00:54:44 UTC 2025","Sun Dec 07 00:54:45 UTC 2025","159","tests.cart","test_02_get_delivery_cost","","","","test_get_delivery_cost_success_partial_payload[partner-payload0-400]","
    Позитив/граничные: сочетания полей региона/города
    "
"passed","Sun Dec 07 01:20:40 UTC 2025","Sun Dec 07 01:20:40 UTC 2025","132","tests.delivery","test_get_rupost_offices","","","","test_get_rupost_offices_success[439930-client]",""
"passed","Sun Dec 07 01:32:51 UTC 2025","Sun Dec 07 01:32:53 UTC 2025","1375","tests.tickets","test_04_create_ticket","","","","test_create_ticket_success[partner-attachments1-QuestionsAboutPaymentsToIP]","Позитивный тест: создание тикета с разными темами и вложениями для клиента, партнера и админа"
"skipped","Sun Dec 07 00:25:11 UTC 2025","Sun Dec 07 00:25:11 UTC 2025","0","tests.account","test_family_agreement_create_one","","","","test_create_family_agreement_one_positive[partner-payload1]","Позитивные тесты на создание семейного соглашения при отсутствующем втором партнере"
"passed","Sun Dec 07 00:44:46 UTC 2025","Sun Dec 07 00:44:47 UTC 2025","577","tests.admin_panel.sliders","test_52_create_slider","","","","test_create_slider_invalid_payload[payload2-expected_code2]","Негативный тест: попытка создать слайдер с невалидным payload."
"skipped","Sun Dec 07 01:03:28 UTC 2025","Sun Dec 07 01:03:28 UTC 2025","137","tests.cart","test_16_cart_update_stock","","","","test_update_stock_invalid_payload[partner-payload0]","Негатив: невалидный payload."
"skipped","Sun Dec 07 01:19:45 UTC 2025","Sun Dec 07 01:19:45 UTC 2025","164","tests.delivery","test_get_five_post_offices","","","","test_get_five_post_offices_invalid_city_id_should_fail[-1-admin]","Негатив: невалидные значения city_id → 400/422."
"passed","Sun Dec 07 01:23:53 UTC 2025","Sun Dec 07 01:23:54 UTC 2025","1304","tests.one_c","test_create_1c_stock","","","","test_work_hours_is_closed_roundtrip",""
"passed","Sun Dec 07 00:31:18 UTC 2025","Sun Dec 07 00:31:19 UTC 2025","1320","tests.admin_panel.categories","test_79_get_category_translation","","","","test_get_category_translation_forbidden[client]",""
"skipped","Sun Dec 07 00:25:02 UTC 2025","Sun Dec 07 00:25:02 UTC 2025","0","tests.account","test_delete","","","","test_delete_account_positive[partner]","Позитивные тесты на удаление аккаунта"
"passed","Sun Dec 07 01:19:20 UTC 2025","Sun Dec 07 01:19:20 UTC 2025","131","tests.delivery","test_get_europost_offices","","","","test_get_europost_offices_success[1573-partner]",""
"passed","Sun Dec 07 00:25:29 UTC 2025","Sun Dec 07 00:25:29 UTC 2025","126","tests.account","test_get_account_exists","","","","test_get_account_exists_positive[params5-admin]","Нкгатив: невлидны id"
"passed","Sun Dec 07 00:59:32 UTC 2025","Sun Dec 07 00:59:36 UTC 2025","4032","tests.cart","test_12_cart_estimate_delivery","","","","test_estimate_delivery_success[client-self_pickup-payload0]","
    Позитив: корзина с товаром, выбор способа доставки и расчёт стоимости для разных служб
    "
"skipped","Sun Dec 07 01:12:25 UTC 2025","Sun Dec 07 01:12:25 UTC 2025","0","tests.chat_support","test_01_support_chat_messages_post","","","","test_tickets_list_invalid_pagination_payload[bad_payload4-client]",""
"passed","Sun Dec 07 01:27:39 UTC 2025","Sun Dec 07 01:27:39 UTC 2025","136","tests.statistic","test_team_go","","","","test_get_team_go_statistic_positive[payload3-admin]","Позитивный тест: получение статистики по команде с валидным телом запроса"
"passed","Sun Dec 07 01:38:56 UTC 2025","Sun Dec 07 01:38:57 UTC 2025","606","tests.tickets","test_12_delete_message","","","","test_delete_ticket_message_negative[None-400]","Негативные тесты: удаление с некорректными данными"
"skipped","Sun Dec 07 01:28:23 UTC 2025","Sun Dec 07 01:28:23 UTC 2025","0","tests.stock","test_create_stock","","","","test_create_stock_with_empty_string_log_if_not_200[type]",""
"skipped","Sun Dec 07 01:28:23 UTC 2025","Sun Dec 07 01:28:23 UTC 2025","0","tests.stock","test_create_stock","","","","test_create_stock_with_empty_string_log_if_not_200[is_office_entry_enabled]",""
"skipped","Sun Dec 07 00:25:33 UTC 2025","Sun Dec 07 00:25:33 UTC 2025","0","tests.account","test_history_group_volumes_admin","","","","test_get_group_volumes_history_admin_positive[partner-payload1]","Позитивные тесты на получение истории начисления групповых объемов для админа"
"passed","Sun Dec 07 00:24:04 UTC 2025","Sun Dec 07 00:24:04 UTC 2025","603","tests.account","test_account_branded_wallet_upload","","","","test_upload_success[valid_png.png-client]","Позитив: валидное изображение (PNG/JPG) → 200 + корректная схема"
"passed","Sun Dec 07 01:00:27 UTC 2025","Sun Dec 07 01:00:32 UTC 2025","4233","tests.cart","test_12_cart_estimate_delivery","","","","test_estimate_delivery_success[client-cdek-payload10]","
    Позитив: корзина с товаром, выбор способа доставки и расчёт стоимости для разных служб
    "
"passed","Sun Dec 07 00:56:56 UTC 2025","Sun Dec 07 00:56:57 UTC 2025","133","tests.cart","test_10_cart_save_city","","","","test_save_city_invalid_payload[client-payload3]","Негатив: невалидный payload."
"skipped","Sun Dec 07 00:56:39 UTC 2025","Sun Dec 07 00:56:39 UTC 2025","0","tests.cart","test_09_cart_save_region","","","","test_save_region_by_name_success[partner]","Позитив: сохранение региона по region_name."
"skipped","Sun Dec 07 01:28:23 UTC 2025","Sun Dec 07 01:28:23 UTC 2025","0","tests.stock","test_create_stock","","","","test_create_stock_with_empty_string_log_if_not_200[address.station]",""
"passed","Sun Dec 07 00:40:22 UTC 2025","Sun Dec 07 00:40:23 UTC 2025","1139","tests.admin_panel.products","test_44_upload_product_brand_images","","","","test_upload_product_brand_images_formats[valid.png-image/png-204]","Проверка загрузки изображений бренда в разных форматах: негативные и позитивные кейсы."
"passed","Sun Dec 07 01:18:11 UTC 2025","Sun Dec 07 01:18:11 UTC 2025","130","tests.delivery","test_get_delivery_countries","","","","test_get_delivery_countries_success[all-admin]","Позитив: успешное получение списка стран с разными значениями ?from=."
"passed","Sun Dec 07 00:47:15 UTC 2025","Sun Dec 07 00:47:15 UTC 2025","423","tests.admin_panel.slides","test_57_create_slide","","","","test_create_slide_unauthorized","Негативный тест: создание слайда без авторизации."
"passed","Sun Dec 07 00:22:23 UTC 2025","Sun Dec 07 00:22:24 UTC 2025","880","tests.PROJECT_FUND.donation","test_get_donation_last","","","","test_get_donation_last[https://dev.ewahelps.com/api]","Позитивный тест: получение топ-100 пожертвований (страница 0)."
"skipped","Sun Dec 07 00:23:16 UTC 2025","Sun Dec 07 00:23:16 UTC 2025","0","tests.account","test_0_marathon","","","","test_create_product_brand_invalid_payload[params4-400-client]",""
"passed","Sun Dec 07 00:25:59 UTC 2025","Sun Dec 07 00:26:00 UTC 2025","799","tests.account","test_update_avatar","","","","test_update_avatar_positive[partner-payload0]","Позитивные тесты на обновление аватара"
"passed","Sun Dec 07 01:26:08 UTC 2025","Sun Dec 07 01:26:08 UTC 2025","399","tests.orders","test_orders_v2_pay","","","","test_orders_v2_pay_unauthorized","Негативный тест: запрос без авторизации"
"passed","Sun Dec 07 00:57:15 UTC 2025","Sun Dec 07 00:57:15 UTC 2025","475","tests.cart","test_11_cart_save_delivery_method","","","","test_save_delivery_method_success[client-Yandex]","
    Позитив: сохранение способа доставки для всех значений без корзины
    "
"passed","Sun Dec 07 01:08:59 UTC 2025","Sun Dec 07 01:08:59 UTC 2025","552","tests.catalog","test_get_recommended_products","","","","test_get_recommended_products_invalid_id[1.5]","
    Негативный тест: передан некорректный ID (тип/значение)
    "
"passed","Sun Dec 07 01:08:37 UTC 2025","Sun Dec 07 01:08:38 UTC 2025","128","tests.catalog","test_get_items_list_all","","","","test_get_items_list_forbidden[partner]",""
"skipped","Sun Dec 07 00:23:16 UTC 2025","Sun Dec 07 00:23:16 UTC 2025","0","tests.account","test_0_marathon","","","","test_create_product_brand_invalid_payload[params0-400-partner]",""
"passed","Sun Dec 07 01:29:59 UTC 2025","Sun Dec 07 01:29:59 UTC 2025","582","tests.tickets","test_02_get_ticket_by_id","","","","test_get_ticket_invalid_id[abc]","Негативный тест: передан некорректный ID."
"passed","Sun Dec 07 00:25:21 UTC 2025","Sun Dec 07 00:25:21 UTC 2025","127","tests.account","test_get_account_exists","","","","test_get_account_exists_positive[params3-client]","Нкгатив: невлидны id"
"passed","Sun Dec 07 00:23:28 UTC 2025","Sun Dec 07 00:23:28 UTC 2025","128","tests.account","test_0_top_partners_client_service_v2","","","","test_get_top_partners_client_service_v2_positive[partner]","Позитивные тесты на получение топ-партнеров по сумме ЛО клиентов"
"failed","Sun Dec 07 00:28:44 UTC 2025","Sun Dec 07 00:28:45 UTC 2025","558","tests.admin_panel","test_partner_accrual_details_common","","","","test_common_accrual_details_invalid_payload[payload3-expected_codes3]","
    Негатив: валидация тела запроса общей детализации.
    "
"passed","Sun Dec 07 00:37:14 UTC 2025","Sun Dec 07 00:37:14 UTC 2025","403","tests.admin_panel.products","test_01_recommended_products_sort","","","","test_sort_recommendations_unauthorized","Неавторизованный пользователь пытается отсортировать рекомендации"
"passed","Sun Dec 07 01:03:13 UTC 2025","Sun Dec 07 01:03:13 UTC 2025","428","tests.cart","test_14_cart_update_personal_data","","","","test_update_personal_data_unauthorized","Негатив: без токена → 400"
"passed","Sun Dec 07 00:56:53 UTC 2025","Sun Dec 07 00:56:53 UTC 2025","128","tests.cart","test_10_cart_save_city","","","","test_save_city_invalid_payload[client-payload1]","Негатив: невалидный payload."
"passed","Sun Dec 07 01:21:52 UTC 2025","Sun Dec 07 01:21:52 UTC 2025","128","tests.delivery","test_self_pickup_offices","","","","test_self_pickup_offices_invalid_params[admin-params2]","
    Негатив: невалидные параметры -> 400 с телом ошибки.
    "
"passed","Sun Dec 07 01:33:02 UTC 2025","Sun Dec 07 01:33:03 UTC 2025","1286","tests.tickets","test_04_create_ticket","","","","test_create_ticket_success[partner-attachments1-QuestionsAboutInternationalDelivery]","Позитивный тест: создание тикета с разными темами и вложениями для клиента, партнера и админа"
"skipped","Sun Dec 07 00:24:02 UTC 2025","Sun Dec 07 00:24:02 UTC 2025","0","tests.account","test_account_branded_wallet_get","","","","test_get_invalid_period_returns_422[period1-client]","
    Негатив: невалидные month/year → 422.
    "
"passed","Sun Dec 07 00:46:59 UTC 2025","Sun Dec 07 00:46:59 UTC 2025","136","tests.admin_panel.slides","test_0_slides_sort","","","","test_slides_sort_by_id_forbidden[partner]","Негативный тест: не админом."
"skipped","Sun Dec 07 01:29:16 UTC 2025","Sun Dec 07 01:29:16 UTC 2025","0","tests.tickets","test_01_get_tickets","","","","test_get_tickets_success[filter0-sort1-search1-pagination0-admin]","Позитивный тест: получение списка тикетов с разными комбинациями параметров"
"skipped","Sun Dec 07 00:25:54 UTC 2025","Sun Dec 07 00:25:54 UTC 2025","0","tests.account","test_token_revoke","","","","test_revoke_token_positive[partner-payload0]","Позитивные тесты на удаление токена"
"skipped","Sun Dec 07 00:59:28 UTC 2025","Sun Dec 07 00:59:28 UTC 2025","129","tests.cart","test_11_cart_save_delivery_method","","","","test_save_delivery_method_invalid_payload[client-payload0]","Негатив: невалидный payload."
"passed","Sun Dec 07 00:22:20 UTC 2025","Sun Dec 07 00:22:21 UTC 2025","609","tests.PROJECT_EDUCATION.test_system","test_06_get_result","","","","test_get_result_invalid_id[999999]",""
"passed","Sun Dec 07 01:07:37 UTC 2025","Sun Dec 07 01:07:41 UTC 2025","3878","tests.catalog","test_get_admin_product_translation","","","","test_get_admin_product_translation_success","Проверка успешного получения одного перевода продукта."
"passed","Sun Dec 07 00:36:48 UTC 2025","Sun Dec 07 00:36:49 UTC 2025","128","tests.admin_panel.periods","test_get_period_current","","","","test_get_period_current__forbidden[client]",""
"passed","Sun Dec 07 01:31:43 UTC 2025","Sun Dec 07 01:31:45 UTC 2025","1168","tests.tickets","test_04_create_ticket","","","","test_create_ticket_success[client-attachments2-QuestionsAboutInternationalDelivery]","Позитивный тест: создание тикета с разными темами и вложениями для клиента, партнера и админа"
"passed","Sun Dec 07 01:16:31 UTC 2025","Sun Dec 07 01:16:31 UTC 2025","136","tests.delivery","test_get_boxberry_offices","","","","test_get_boxberry_offices_invalid_city_id_should_fail[True-admin]",""
"passed","Sun Dec 07 00:30:02 UTC 2025","Sun Dec 07 00:30:02 UTC 2025","578","tests.admin_panel.categories","test_49_delete_category","","","","test_delete_category_invalid_id[0]","Негативный тест: удаление несуществующей или некорректной категории."
"passed","Sun Dec 07 00:54:33 UTC 2025","Sun Dec 07 00:54:33 UTC 2025","150","tests.cart","test_02_get_delivery_cost","","","","test_get_delivery_cost_success_partial_payload[client-payload2-400]","
    Позитив/граничные: сочетания полей региона/города
    "
"passed","Sun Dec 07 00:23:42 UTC 2025","Sun Dec 07 00:23:43 UTC 2025","130","tests.account","test_0_users_by_lo_rating","","","","test_get_users_by_lo_rating_positive[partner]","Позитивные тесты на получение рейтинга продавцов по личному объему"
"passed","Sun Dec 07 01:16:07 UTC 2025","Sun Dec 07 01:16:07 UTC 2025","135","tests.delivery","test_03_delete_delivery_address","","","","test_delete_delivery_address_invalid_id[abc-partner]","Негатив: удаление адреса с некорректным ID"
"passed","Sun Dec 07 01:02:39 UTC 2025","Sun Dec 07 01:02:43 UTC 2025","3819","tests.cart","test_12_cart_estimate_delivery","","","","test_estimate_delivery_negative[partner-cdek-payload1]","
    негатив 400 ки
    "
"passed","Sun Dec 07 00:25:55 UTC 2025","Sun Dec 07 00:25:56 UTC 2025","796","tests.account","test_update_avatar","","","","test_update_avatar_positive[client-payload0]","Позитивные тесты на обновление аватара"
"skipped","Sun Dec 07 01:28:22 UTC 2025","Sun Dec 07 01:28:22 UTC 2025","0","tests.stock","test_create_stock","","","","test_create_stock_with_empty_string_log_if_not_200[address.country_id]",""
"skipped","Sun Dec 07 01:12:25 UTC 2025","Sun Dec 07 01:12:25 UTC 2025","0","tests.chat_support","test_03_support_chat_ticket_post","","","","test_get_ticket_details_after_creation[client]","Позитивный: после создания тикета GET /tickets/{id} возвращает корректное наполнение."
"passed","Sun Dec 07 01:19:31 UTC 2025","Sun Dec 07 01:19:31 UTC 2025","130","tests.delivery","test_get_fargo_offices","","","","test_get_fargo_offices_success[439930-partner]","Позитив: успешное получение списка офисов по city_id."
"passed","Sun Dec 07 01:35:11 UTC 2025","Sun Dec 07 01:35:12 UTC 2025","1209","tests.tickets","test_04_create_ticket","","","","test_create_ticket_success[admin-attachments1-QuestionsAboutTheWorkOfTheStructureAndMentors]","Позитивный тест: создание тикета с разными темами и вложениями для клиента, партнера и админа"
"skipped","Sun Dec 07 00:24:02 UTC 2025","Sun Dec 07 00:24:02 UTC 2025","1","tests.account","test_account_branded_wallet_get","","","","test_get_missing_params_returns_200[client]","
    Негатив: отсутствуют month/year → 200(берем теуще)
    "
"passed","Sun Dec 07 00:58:25 UTC 2025","Sun Dec 07 00:58:29 UTC 2025","4048","tests.cart","test_11_cart_save_delivery_method","","","","test_save_delivery_method_success_with_cart[partner-DPD]","
    Позитив: сохранение способа доставки для всех значений с корзиной
    "
"skipped","Sun Dec 07 01:21:58 UTC 2025","Sun Dec 07 01:21:58 UTC 2025","126","tests.for_test","test_get_last_message","","","","test_get_last_message[client]","Ручка для получения последнего сообщения для юзеров в тестовой среде"
"passed","Sun Dec 07 00:48:37 UTC 2025","Sun Dec 07 00:48:38 UTC 2025","425","tests.admin_panel.slides","test_58_get_slides_by_id","","","","test_get_slides_unauthorized","Негативный тест: попытка получения слайда без авторизации."
"skipped","Sun Dec 07 01:29:16 UTC 2025","Sun Dec 07 01:29:16 UTC 2025","0","tests.tickets","test_01_get_tickets","","","","test_get_tickets_success[filter0-sort1-search0-pagination1-partner]","Позитивный тест: получение списка тикетов с разными комбинациями параметров"
"passed","Sun Dec 07 00:52:36 UTC 2025","Sun Dec 07 00:52:37 UTC 2025","138","tests.auth","test_02_login","","","","test_client_login[client-1398--401]",""
"passed","Sun Dec 07 00:52:19 UTC 2025","Sun Dec 07 00:52:20 UTC 2025","399","tests.auth","test_01_check_version","","","","test_check_version[Frontend-2.9.9-200]","Тест проверяет API /check_version для разных платформ и версий."
"passed","Sun Dec 07 01:30:23 UTC 2025","Sun Dec 07 01:30:24 UTC 2025","534","tests.tickets","test_04_create_ticket","","","","test_create_ticket_success[client-attachments0-QuestionsAboutProducts]","Позитивный тест: создание тикета с разными темами и вложениями для клиента, партнера и админа"
"passed","Sun Dec 07 01:24:05 UTC 2025","Sun Dec 07 01:24:06 UTC 2025","424","tests.one_c","test_create_1c_stock","","","","test_post_forbidden[False-None]",""
"passed","Sun Dec 07 00:30:45 UTC 2025","Sun Dec 07 00:30:45 UTC 2025","561","tests.admin_panel.categories","test_57_v2_update_category","","","","test_v2_update_category_invalid_id[-1]","Негативный тест: несуществующий или некорректный ID."
"passed","Sun Dec 07 01:21:49 UTC 2025","Sun Dec 07 01:21:49 UTC 2025","128","tests.delivery","test_self_pickup_offices","","","","test_self_pickup_offices_invalid_params[admin-params0]","
    Негатив: невалидные параметры -> 400 с телом ошибки.
    "
"skipped","Sun Dec 07 01:27:12 UTC 2025","Sun Dec 07 01:27:12 UTC 2025","128","tests.statistic","test_team_activations","","","","test_get_team_activation_statistic_negative[payload0-client]","Негативный тест: ошибка при получении статистики активации команды с невалидным телом запроса"
"skipped","Sun Dec 07 00:25:33 UTC 2025","Sun Dec 07 00:25:33 UTC 2025","0","tests.account","test_get_languages","","","","test_get_languages_success[client--400]","Возвращает список языков, доступных для перевода"
"passed","Sun Dec 07 00:21:12 UTC 2025","Sun Dec 07 00:21:13 UTC 2025","553","tests.PROJECT_EDUCATION.test_system","test_01_start_test","","","","test_start_test_invalid_id[999999]","Негативный тест: запуск теста с невалидным ID"
"passed","Sun Dec 07 01:03:37 UTC 2025","Sun Dec 07 01:03:37 UTC 2025","424","tests.cart","test_17_cart_update_user_country","","","","test_update_user_country_unauthorized","Негатив: вызов без авторизации/корзины."
"passed","Sun Dec 07 01:17:07 UTC 2025","Sun Dec 07 01:17:07 UTC 2025","128","tests.delivery","test_get_cdek_offices","","","","test_get_cdek_offices_invalid_city_id_should_fail[None-admin]",""
"skipped","Sun Dec 07 00:56:41 UTC 2025","Sun Dec 07 00:56:41 UTC 2025","135","tests.cart","test_09_cart_save_region","","","","test_save_region_invalid_payload[client-payload1]","Негатив: невалидный payload."
"passed","Sun Dec 07 01:25:03 UTC 2025","Sun Dec 07 01:25:04 UTC 2025","749","tests.orders","test_calculate_client_changes","","","","test_calculate_client_changes_success_self_minion",""
"passed","Sun Dec 07 00:27:20 UTC 2025","Sun Dec 07 00:27:20 UTC 2025","555","tests.admin_panel","test_04_generate_support_token","","","","test_client_cannot_generate_support_token",""
"passed","Sun Dec 07 01:03:48 UTC 2025","Sun Dec 07 01:03:48 UTC 2025","151","tests.cart","test_20_cart_share","","","","test_cart_share_success[client]","Позитив: успешное создание ссылки на корзину."
"passed","Sun Dec 07 01:30:29 UTC 2025","Sun Dec 07 01:30:30 UTC 2025","560","tests.tickets","test_04_create_ticket","","","","test_create_ticket_success[client-attachments0-QuestionsAboutTheMarriageContract]","Позитивный тест: создание тикета с разными темами и вложениями для клиента, партнера и админа"
"passed","Sun Dec 07 00:23:15 UTC 2025","Sun Dec 07 00:23:15 UTC 2025","129","tests.account","test_0_grades_rating","","","","test_get_grades_rating_positive[admin]","Позитивные тесты на получение рейтинга квалификаций"
"skipped","Sun Dec 07 00:26:08 UTC 2025","Sun Dec 07 00:26:08 UTC 2025","0","tests.account","test_update_default_stock","","","","test_update_default_stock_positive[admin-payload1]","Позитивные тесты на изменение дефолтного склада"
"passed","Sun Dec 07 00:45:15 UTC 2025","Sun Dec 07 00:45:15 UTC 2025","567","tests.admin_panel.sliders","test_53_get_sliders_by_id","","","","test_get_sliders_invalid_id[abc]","Негативный тест: получение слайдера по невалидному ID"
"skipped","Sun Dec 07 01:17:44 UTC 2025","Sun Dec 07 01:17:44 UTC 2025","299","tests.delivery","test_get_cities_v2","","","","test_get_cities_v2_invalid_country_id_should_fail[1.5-admin]","
    Негатив: невалидные значения country_id → 400/422.
    "
"skipped","Sun Dec 07 01:28:23 UTC 2025","Sun Dec 07 01:28:23 UTC 2025","0","tests.stock","test_create_stock","","","","test_create_stock_with_empty_string_log_if_not_200[address.apartment]",""
"skipped","Sun Dec 07 01:12:25 UTC 2025","Sun Dec 07 01:12:25 UTC 2025","0","tests.chat_support","test_01_support_chat_messages_post","","","","test_tickets_list_invalid_pagination_payload[bad_payload1-client]",""
"passed","Sun Dec 07 00:46:31 UTC 2025","Sun Dec 07 00:46:31 UTC 2025","567","tests.admin_panel.sliders","test_55_delete_sliders","","","","test_delete_slider_invalid_id[-1]","Негативный тест: удаление несуществующего или некорректного слайдера."
"skipped","Sun Dec 07 00:28:32 UTC 2025","Sun Dec 07 00:28:32 UTC 2025","0","tests.admin_panel","test_accrue_presidential_pool","","","","test_accrue_presidential_pool_unauthorized",""
"passed","Sun Dec 07 00:40:11 UTC 2025","Sun Dec 07 00:40:12 UTC 2025","999","tests.admin_panel.products","test_44_upload_product_brand_images","","","","test_upload_product_brand_images_formats[invalid.txt-text/plain-400]","Проверка загрузки изображений бренда в разных форматах: негативные и позитивные кейсы."
"skipped","Sun Dec 07 00:30:10 UTC 2025","Sun Dec 07 00:30:10 UTC 2025","0","tests.admin_panel.categories","test_50_upload_category_images","","","","test_upload_category_images_file_too_large[5.3-fields_to_send3-400]","Негативный тест: загрузка слишком большого изображения."
"passed","Sun Dec 07 00:35:34 UTC 2025","Sun Dec 07 00:35:34 UTC 2025","577","tests.admin_panel.items","test_update_item","","","","test_update_item_invalid_id[abc]","Негативный тест: несуществующий или некорректный ID."
"passed","Sun Dec 07 00:46:13 UTC 2025","Sun Dec 07 00:46:14 UTC 2025","905","tests.admin_panel.sliders","test_54_update_slider","","","","test_update_slider_invalid_payload[payload10-422]","Негативный тест: обновление слайдера с невалидным или неполным телом запроса."
"passed","Sun Dec 07 00:27:32 UTC 2025","Sun Dec 07 00:27:32 UTC 2025","575","tests.admin_panel","test_04_generate_support_token","","","","test_invalid_ttl_returns_400[-1]",""
"passed","Sun Dec 07 00:25:32 UTC 2025","Sun Dec 07 00:25:32 UTC 2025","127","tests.account","test_get_account_exists","","","","test_get_account_exists_positive[params6-admin]","Нкгатив: невлидны id"
"passed","Sun Dec 07 00:32:53 UTC 2025","Sun Dec 07 00:32:54 UTC 2025","772","tests.admin_panel.items","test_create_item","","","","test_create_item_invalid_payload[payload0-expected_code0]","
    Негативный тест: создание варианта с невалидным телом запроса.
    Если сервер внезапно вернул успех — удаляем созданный item из БД.
    "
"passed","Sun Dec 07 00:24:10 UTC 2025","Sun Dec 07 00:24:11 UTC 2025","632","tests.account","test_account_branded_wallet_upload","","","","test_upload_success[valid_jpg.jpg-client]","Позитив: валидное изображение (PNG/JPG) → 200 + корректная схема"
"passed","Sun Dec 07 00:30:39 UTC 2025","Sun Dec 07 00:30:40 UTC 2025","924","tests.admin_panel.categories","test_57_v2_update_category","","","","test_v2_update_category_forbidden[client]","Негативный тест: попытка обновления категории не-админом."
"skipped","Sun Dec 07 00:53:57 UTC 2025","Sun Dec 07 00:53:57 UTC 2025","0","tests.cart","test_01_user_locale","","","","test_update_user_locale_valid_payload[payload3]","
    Позитивный тест: Обновление языка/склада/локали НЕавторизованным пользователем с указанной корзиной в cookie.
    "
"passed","Sun Dec 07 00:35:20 UTC 2025","Sun Dec 07 00:35:22 UTC 2025","1499","tests.admin_panel.items","test_update_item","","","","test_update_item_forbidden[partner]","Негативный тест: попытка обновления item не-админом."
"passed","Sun Dec 07 01:25:13 UTC 2025","Sun Dec 07 01:25:13 UTC 2025","643","tests.orders","test_calculate_client_changes","","","","test_calculate_client_changes_invalid_payload[payload4-expected_codes4]","Негативный тест: валидация тела запроса."
"skipped","Sun Dec 07 00:23:16 UTC 2025","Sun Dec 07 00:23:16 UTC 2025","0","tests.account","test_0_marathon","","","","test_create_product_brand_invalid_payload[params6-400-client]",""
"skipped","Sun Dec 07 01:37:28 UTC 2025","Sun Dec 07 01:37:29 UTC 2025","1095","tests.tickets","test_06_close_ticket","","","","test_close_tickets_negative[admin-ticket_ids0-400]","Негативные тесты: закрытие с некорректными данными"
"skipped","Sun Dec 07 01:36:54 UTC 2025","Sun Dec 07 01:36:54 UTC 2025","0","tests.tickets","test_04_create_ticket","","","","test_create_ticket_invalid_message[partner-]","Негативный тест: создание тикета без сообщения"
"passed","Sun Dec 07 00:38:52 UTC 2025","Sun Dec 07 00:38:53 UTC 2025","586","tests.admin_panel.products","test_41_get_product_brand_by_id","","","","test_get_product_brand_invalid_id[]","Негативный тест: получение бренда по невалидному ID"
"skipped","Sun Dec 07 00:24:02 UTC 2025","Sun Dec 07 00:24:02 UTC 2025","0","tests.account","test_account_branded_wallet_get","","","","test_get_invalid_period_returns_422[period2-client]","
    Негатив: невалидные month/year → 422.
    "
"passed","Sun Dec 07 00:24:48 UTC 2025","Sun Dec 07 00:24:49 UTC 2025","664","tests.account","test_add_cover_url","","","","test_add_cover_min_payload[partner]",""
"passed","Sun Dec 07 00:53:19 UTC 2025","Sun Dec 07 00:53:20 UTC 2025","863","tests.cart","test_01_user_locale","","","","test_update_user_locale_valid_payload_1[client-payload2]","
    Позитивный тест: Обновление языка/склада/локали авторизованным пользователем"
"passed","Sun Dec 07 00:22:28 UTC 2025","Sun Dec 07 00:22:29 UTC 2025","605","tests.PROJECT_FUND.initiatives","test_get_initiative_by_id","","","","test_get_initiative_by_invalid_id[-1-https://dev.ewahelps.com/api]",""
"skipped","Sun Dec 07 00:25:11 UTC 2025","Sun Dec 07 00:25:11 UTC 2025","0","tests.account","test_family_agreement_update_status","","","","test_update_family_agreement_status_positive[admin-payload0]","Позитивные тесты на изменение статуса семейного соглашения"
"passed","Sun Dec 07 00:31:10 UTC 2025","Sun Dec 07 00:31:12 UTC 2025","1514","tests.admin_panel.categories","test_79_get_category_translation","","","","test_get_category_translation_success",""
"passed","Sun Dec 07 00:49:31 UTC 2025","Sun Dec 07 00:49:32 UTC 2025","917","tests.admin_panel.slides","test_59_update_slide","","","","test_update_slide_invalid_payload[payload13-400]","Негативный тест: обновление слайда с невалидным или неполным телом запроса."
"passed","Sun Dec 07 00:46:03 UTC 2025","Sun Dec 07 00:46:04 UTC 2025","822","tests.admin_panel.sliders","test_54_update_slider","","","","test_update_slider_invalid_payload[payload6-400]","Негативный тест: обновление слайдера с невалидным или неполным телом запроса."
"passed","Sun Dec 07 00:32:06 UTC 2025","Sun Dec 07 00:32:06 UTC 2025","424","tests.admin_panel.categories","test_80_create_category_translation","","","","test_create_category_translation_unauthorized","Негативный тест: создание перевода без авторизации."
"passed","Sun Dec 07 00:30:48 UTC 2025","Sun Dec 07 00:30:48 UTC 2025","557","tests.admin_panel.categories","test_57_v2_update_category","","","","test_v2_update_category_invalid_id[9999999]","Негативный тест: несуществующий или некорректный ID."
"passed","Sun Dec 07 00:30:21 UTC 2025","Sun Dec 07 00:30:21 UTC 2025","560","tests.admin_panel.categories","test_56_v2_create_category","","","","test_v2_create_category_invalid_payload[payload2-expected_code2]","Негативный тест: создание категории с невалидным телом запроса."
"skipped","Sun Dec 07 01:25:57 UTC 2025","Sun Dec 07 01:25:57 UTC 2025","135","tests.orders","test_group_order_change_country","","","","test_change_country_invalid_data[invalid_payload1-admin]","Негативные тесты: передача некорректных данных"
"passed","Sun Dec 07 00:50:31 UTC 2025","Sun Dec 07 00:50:32 UTC 2025","1229","tests.admin_panel.slides","test_61_upload_slides_images","","","","test_upload_slide_images_invalid_format[valid.png-image/png-204]","Негативный и позитивный тест: загрузка изображений в разных форматах."
"passed","Sun Dec 07 00:54:04 UTC 2025","Sun Dec 07 00:54:04 UTC 2025","129","tests.cart","test_01_user_locale","","","","test_update_user_locale_invalid_payload[client-payload4-400]","Негативный тест: обновление локали с невалидным payload."
"passed","Sun Dec 07 00:57:55 UTC 2025","Sun Dec 07 00:57:58 UTC 2025","3304","tests.cart","test_11_cart_save_delivery_method","","","","test_save_delivery_method_success_with_cart[partner-Kazpost]","
    Позитив: сохранение способа доставки для всех значений с корзиной
    "
"passed","Sun Dec 07 00:42:01 UTC 2025","Sun Dec 07 00:42:02 UTC 2025","1167","tests.admin_panel.promo","test_74_update_promotion","","","","test_update_promotion_name_should_fail_if_not_unique","Негативный тест: попытка обновить имя акции на уже существующий."
"passed","Sun Dec 07 01:28:04 UTC 2025","Sun Dec 07 01:28:05 UTC 2025","133","tests.statistic","test_team_registrations","","","","test_get_team_registration_statistic_positive[payload3-client]","Позитивный тест: получение статистики по регистрации команды с валидным телом запроса"
"passed","Sun Dec 07 00:48:24 UTC 2025","Sun Dec 07 00:48:25 UTC 2025","909","tests.admin_panel.slides","test_58_get_slides_by_id","","","","test_get_slides_by_id_forbidden[partner]","Негативный тест: попытка получения слайда по ID не-админом."
"passed","Sun Dec 07 01:20:23 UTC 2025","Sun Dec 07 01:20:23 UTC 2025","134","tests.delivery","test_get_kazpost_offices","","","","test_get_kazpost_offices_missing_city_id_should_fail[admin]","Негатив: отсутствует обязательный query-параметр city_id → 400/422."
"skipped","Sun Dec 07 00:25:33 UTC 2025","Sun Dec 07 00:25:33 UTC 2025","0","tests.account","test_pass_change","","","","test_change_password_positive[client-payload1]","Позитивные тесты на изменение пароля"
"passed","Sun Dec 07 01:19:07 UTC 2025","Sun Dec 07 01:19:07 UTC 2025","130","tests.delivery","test_get_emu_pickup_points","","","","test_get_emu_pickup_points_invalid_city_id_should_fail[0-admin]","Негатив: невалидные значения city_id → 400/422."
"passed","Sun Dec 07 01:06:55 UTC 2025","Sun Dec 07 01:06:56 UTC 2025","548","tests.catalog","test_create_admin_product_translation","","","","test_create_admin_product_translation_invalid_payload[payload5-422]","Негативные проверки на создание перевода с некорректным payload."
"passed","Sun Dec 07 00:53:59 UTC 2025","Sun Dec 07 00:54:00 UTC 2025","129","tests.cart","test_01_user_locale","","","","test_update_user_locale_invalid_payload[client-payload1-400]","Негативный тест: обновление локали с невалидным payload."
"passed","Sun Dec 07 00:54:50 UTC 2025","Sun Dec 07 00:54:51 UTC 2025","1264","tests.cart","test_02_get_delivery_cost","","","","test_get_delivery_cost_success_partial_payload[partner-payload3-200]","
    Позитив/граничные: сочетания полей региона/города
    "
"skipped","Sun Dec 07 01:29:16 UTC 2025","Sun Dec 07 01:29:16 UTC 2025","0","tests.tickets","test_01_get_tickets","","","","test_get_tickets_success[filter0-sort1-search2-pagination1-client]","Позитивный тест: получение списка тикетов с разными комбинациями параметров"
"passed","Sun Dec 07 00:32:09 UTC 2025","Sun Dec 07 00:32:09 UTC 2025","550","tests.admin_panel.categories","test_80_create_category_translation","","","","test_create_category_translation_invalid_payload[payload1-400]","Негативный тест: создание перевода с невалидным payload."
"skipped","Sun Dec 07 00:25:33 UTC 2025","Sun Dec 07 00:25:33 UTC 2025","0","tests.account","test_pass_recovery","","","","test_pass_recovery_positive[payload0]","Позитивные тесты на восстановление пароля"
"passed","Sun Dec 07 00:37:36 UTC 2025","Sun Dec 07 00:37:37 UTC 2025","401","tests.admin_panel.products","test_02_recommended_products_add","","","","test_add_recommendation_unauthorized","Неавторизованный пользователь"
"skipped","Sun Dec 07 01:29:16 UTC 2025","Sun Dec 07 01:29:16 UTC 2025","0","tests.tickets","test_01_get_tickets","","","","test_get_tickets_success[filter1-sort0-search2-pagination1-admin]","Позитивный тест: получение списка тикетов с разными комбинациями параметров"
"passed","Sun Dec 07 01:34:12 UTC 2025","Sun Dec 07 01:34:13 UTC 2025","1140","tests.tickets","test_04_create_ticket","","","","test_create_ticket_success[partner-attachments2-ReceivingDefectiveProducts]","Позитивный тест: создание тикета с разными темами и вложениями для клиента, партнера и админа"
"skipped","Sun Dec 07 01:29:16 UTC 2025","Sun Dec 07 01:29:16 UTC 2025","0","tests.tickets","test_01_get_tickets","","","","test_get_tickets_success[filter1-sort0-search2-pagination0-partner]","Позитивный тест: получение списка тикетов с разными комбинациями параметров"
"passed","Sun Dec 07 01:14:43 UTC 2025","Sun Dec 07 01:14:46 UTC 2025","2802","tests.delivery","test_01_save_delivery_address","","","","test_create_two_identical_addresses[partner]","Невозможность создать два полностью одинаковых адреса"
"passed","Sun Dec 07 00:26:25 UTC 2025","Sun Dec 07 00:26:26 UTC 2025","567","tests.admin_panel","test_01_support_create_user","","","","test_missing_user_id_returns_400","
    user_id — обязательное поле
    "
"skipped","Sun Dec 07 00:53:57 UTC 2025","Sun Dec 07 00:53:57 UTC 2025","0","tests.cart","test_01_user_locale","","","","test_update_user_locale_valid_payload[payload8]","
    Позитивный тест: Обновление языка/склада/локали НЕавторизованным пользователем с указанной корзиной в cookie.
    "
"passed","Sun Dec 07 01:23:29 UTC 2025","Sun Dec 07 01:23:31 UTC 2025","1419","tests.one_c","test_create_1c_stock","","","","test_post_boxes_processing_remove_unmentioned",""
"passed","Sun Dec 07 00:52:16 UTC 2025","Sun Dec 07 00:52:17 UTC 2025","404","tests.auth","test_01_check_version","","","","test_check_version[Ios-1.5.3-200]","Тест проверяет API /check_version для разных платформ и версий."
"passed","Sun Dec 07 00:28:03 UTC 2025","Sun Dec 07 00:28:04 UTC 2025","610","tests.admin_panel","test_05_admin_support_users_token_revoke_all","","","","test_client_cannot_revoke_support_tokens",""
"passed","Sun Dec 07 00:28:10 UTC 2025","Sun Dec 07 00:28:11 UTC 2025","550","tests.admin_panel","test_05_admin_support_users_token_revoke_all","","","","test_invalid_user_id_for_revoke_all_returns_client_error[]",""
"skipped","Sun Dec 07 01:17:45 UTC 2025","Sun Dec 07 01:17:46 UTC 2025","305","tests.delivery","test_get_cities_v2","","","","test_get_cities_v2_invalid_country_id_should_fail[True-admin]","
    Негатив: невалидные значения country_id → 400/422.
    "
"skipped","Sun Dec 07 01:28:23 UTC 2025","Sun Dec 07 01:28:23 UTC 2025","0","tests.stock","test_create_stock","","","","test_create_stock_with_empty_string_log_if_not_200[address.phones]",""
"passed","Sun Dec 07 01:14:20 UTC 2025","Sun Dec 07 01:14:22 UTC 2025","1772","tests.delivery","test_01_save_delivery_address","","","","test_save_delivery_address_negative[partner-payload8-500]","Негативные тесты на сохранение адреса доставки"
"skipped","Sun Dec 07 01:29:16 UTC 2025","Sun Dec 07 01:29:16 UTC 2025","0","tests.tickets","test_01_get_tickets","","","","test_get_tickets_success[filter1-sort1-search2-pagination0-client]","Позитивный тест: получение списка тикетов с разными комбинациями параметров"
"passed","Sun Dec 07 00:49:54 UTC 2025","Sun Dec 07 00:49:55 UTC 2025","850","tests.admin_panel.slides","test_60_delete_slides","","","","test_delete_slide_success","Позитивный тест: успешное удаление слайда."
"passed","Sun Dec 07 01:16:44 UTC 2025","Sun Dec 07 01:16:44 UTC 2025","128","tests.delivery","test_get_cargo_offices","","","","test_get_cargo_offices_missing_city_id_should_fail[admin]",""
"passed","Sun Dec 07 01:05:21 UTC 2025","Sun Dec 07 01:05:22 UTC 2025","749","tests.catalog","test_create_admin_product","","","","test_create_product_invalid_payload[payload6-422]",""
"passed","Sun Dec 07 01:07:33 UTC 2025","Sun Dec 07 01:07:34 UTC 2025","544","tests.catalog","test_delete_admin_product_translation","","","","test_delete_admin_product_translation_invalid_id[abc]","Удаление перевода по невалидному product_id — должно вернуть 400 или 404."
"passed","Sun Dec 07 01:25:06 UTC 2025","Sun Dec 07 01:25:07 UTC 2025","600","tests.orders","test_calculate_client_changes","","","","test_calculate_client_changes_invalid_payload[payload0-expected_codes0]","Негативный тест: валидация тела запроса."
"passed","Sun Dec 07 01:17:17 UTC 2025","Sun Dec 07 01:17:17 UTC 2025","134","tests.delivery","test_get_cities_v2","","","","test_get_cities_v2_success[params0-admin]","
    Позитив: успешное получение списка городов (обязателен city_name, country_id — опционален).
    "
"passed","Sun Dec 07 01:13:29 UTC 2025","Sun Dec 07 01:13:31 UTC 2025","1981","tests.delivery","test_01_save_delivery_address","","","","test_save_delivery_address_negative[client-payload3-400]","Негативные тесты на сохранение адреса доставки"
"skipped","Sun Dec 07 00:36:59 UTC 2025","Sun Dec 07 00:36:59 UTC 2025","0","tests.admin_panel.products","test_01_create_product_group","","","","test_create_product_group_forbidden[client]","Негативный тест: создание продукт группы не-админом запрещено."
"skipped","Sun Dec 07 01:29:16 UTC 2025","Sun Dec 07 01:29:16 UTC 2025","0","tests.tickets","test_01_get_tickets","","","","test_get_tickets_success[filter1-sort1-search0-pagination1-partner]","Позитивный тест: получение списка тикетов с разными комбинациями параметров"
"skipped","Sun Dec 07 00:53:57 UTC 2025","Sun Dec 07 00:53:57 UTC 2025","0","tests.cart","test_01_user_locale","","","","test_update_user_locale_valid_payload[payload1]","
    Позитивный тест: Обновление языка/склада/локали НЕавторизованным пользователем с указанной корзиной в cookie.
    "
"passed","Sun Dec 07 01:18:41 UTC 2025","Sun Dec 07 01:18:41 UTC 2025","129","tests.delivery","test_get_dpd_offices","","","","test_get_dpd_offices_invalid_city_id_should_fail[-admin]",""
"passed","Sun Dec 07 00:38:40 UTC 2025","Sun Dec 07 00:38:42 UTC 2025","1258","tests.admin_panel.products","test_41_get_product_brand_by_id","","","","test_get_product_brands_by_id_forbidden[client]","Негативный тест: получение бренда по ID не админом"
"passed","Sun Dec 07 00:42:12 UTC 2025","Sun Dec 07 00:42:12 UTC 2025","586","tests.admin_panel.promo","test_74_update_promotion","","","","test_update_promotion_invalid_id[0]","Негативный тест: несуществующий или некорректный ID."
"passed","Sun Dec 07 01:34:43 UTC 2025","Sun Dec 07 01:34:43 UTC 2025","525","tests.tickets","test_04_create_ticket","","","","test_create_ticket_success[admin-attachments0-ChangePersonalData]","Позитивный тест: создание тикета с разными темами и вложениями для клиента, партнера и админа"
"passed","Sun Dec 07 00:50:49 UTC 2025","Sun Dec 07 00:50:52 UTC 2025","3492","tests.admin_panel.slides","test_61_upload_slides_images","","","","test_upload_slide_images_file_too_large[4.7-fields_to_send2-204]","Негативный тест: загрузка слишком большого изображения."
"passed","Sun Dec 07 00:38:18 UTC 2025","Sun Dec 07 00:38:18 UTC 2025","551","tests.admin_panel.products","test_40_create_product_brand","","","","test_create_product_brand_invalid_payload[payload3-expected_codes3]","Негативные кейсы: невалидные поля при создании бренда."
"passed","Sun Dec 07 01:18:56 UTC 2025","Sun Dec 07 01:18:56 UTC 2025","216","tests.delivery","test_get_emu_pickup_points","","","","test_get_emu_pickup_points_success[143796-client]","Позитив: успешное получение списка ПВЗ EMU по city_id."
"passed","Sun Dec 07 01:33:29 UTC 2025","Sun Dec 07 01:33:30 UTC 2025","1216","tests.tickets","test_04_create_ticket","","","","test_create_ticket_success[partner-attachments1-ReceivingDefectiveProducts]","Позитивный тест: создание тикета с разными темами и вложениями для клиента, партнера и админа"
"passed","Sun Dec 07 01:16:28 UTC 2025","Sun Dec 07 01:16:28 UTC 2025","135","tests.delivery","test_get_boxberry_offices","","","","test_get_boxberry_offices_invalid_city_id_should_fail[0-admin]",""
"passed","Sun Dec 07 01:12:55 UTC 2025","Sun Dec 07 01:12:58 UTC 2025","2839","tests.delivery","test_01_save_delivery_address","","","","test_save_delivery_address_positive[partner-payload0]","Позитивные тесты на сохранение адреса доставки"
"passed","Sun Dec 07 01:35:45 UTC 2025","Sun Dec 07 01:35:47 UTC 2025","1125","tests.tickets","test_04_create_ticket","","","","test_create_ticket_success[admin-attachments2-QuestionsAboutOrders]","Позитивный тест: создание тикета с разными темами и вложениями для клиента, партнера и админа"
"skipped","Sun Dec 07 00:25:33 UTC 2025","Sun Dec 07 00:25:33 UTC 2025","0","tests.account","test_history_group_volumes","","","","test_get_group_volumes_history_positive[admin-payload0]","Позитивные тесты на получение истории начисления групповых объемов"
"passed","Sun Dec 07 01:32:38 UTC 2025","Sun Dec 07 01:32:38 UTC 2025","608","tests.tickets","test_04_create_ticket","","","","test_create_ticket_success[partner-attachments0-OtherQuestions]","Позитивный тест: создание тикета с разными темами и вложениями для клиента, партнера и админа"
"passed","Sun Dec 07 01:26:13 UTC 2025","Sun Dec 07 01:26:13 UTC 2025","181","tests.register","test_01_register_form","","","","test_register_form_positive[admin-payload0]",""
"passed","Sun Dec 07 01:21:08 UTC 2025","Sun Dec 07 01:21:09 UTC 2025","128","tests.delivery","test_get_self_pickup_offices","","","","test_get_self_pickup_offices_invalid_city_id_should_fail[bad_city_id7-admin]","Негатив: невалидные значения city_id → 400/422."
"passed","Sun Dec 07 00:52:56 UTC 2025","Sun Dec 07 00:52:56 UTC 2025","404","tests.auth","test_04_refresh","","","","test_refresh_token_invalid","Тест обновления токена с недействительным refresh-токеном."
"passed","Sun Dec 07 00:22:14 UTC 2025","Sun Dec 07 00:22:14 UTC 2025","602","tests.PROJECT_EDUCATION.test_system","test_06_get_result","","","","test_get_result_invalid_id[0]",""
"passed","Sun Dec 07 01:30:52 UTC 2025","Sun Dec 07 01:30:53 UTC 2025","1228","tests.tickets","test_04_create_ticket","","","","test_create_ticket_success[client-attachments1-QuestionsAboutTheHousingAndCarProgram]","Позитивный тест: создание тикета с разными темами и вложениями для клиента, партнера и админа"
"passed","Sun Dec 07 00:55:30 UTC 2025","Sun Dec 07 00:55:31 UTC 2025","159","tests.cart","test_04_cart_full_data","","","","test_get_cart_full_data_success[partner]","Позитив: получение корзины с products."
"skipped","Sun Dec 07 01:03:53 UTC 2025","Sun Dec 07 01:03:53 UTC 2025","290","tests.cart","test_21_cart_shareable","","","","test_cart_shareable_from_created_link_success[client]","
    Позитив: создаём ссылку через /cart/share и по ней успешно получаем корзину
    "
"passed","Sun Dec 07 01:28:18 UTC 2025","Sun Dec 07 01:28:19 UTC 2025","398","tests.stock","test_create_stock","","","","test_create_stock_unauthorized",""
"passed","Sun Dec 07 01:31:54 UTC 2025","Sun Dec 07 01:31:55 UTC 2025","1108","tests.tickets","test_04_create_ticket","","","","test_create_ticket_success[client-attachments2-QuestionsAboutTheMarriageContract]","Позитивный тест: создание тикета с разными темами и вложениями для клиента, партнера и админа"
"passed","Sun Dec 07 00:43:00 UTC 2025","Sun Dec 07 00:43:01 UTC 2025","582","tests.admin_panel.promo","test_75_delete_promotion_by_id","","","","test_delete_promotion_invalid_id[-1]","Негативный тест: удаление несуществующей или некорректной акции."
"skipped","Sun Dec 07 01:28:22 UTC 2025","Sun Dec 07 01:28:22 UTC 2025","0","tests.stock","test_create_stock","","","","test_create_stock_with_empty_string_log_if_not_200[address.city]",""
"passed","Sun Dec 07 00:54:40 UTC 2025","Sun Dec 07 00:54:40 UTC 2025","149","tests.cart","test_02_get_delivery_cost","","","","test_get_delivery_cost_success_partial_payload[client-payload6-400]","
    Позитив/граничные: сочетания полей региона/города
    "
"passed","Sun Dec 07 01:32:41 UTC 2025","Sun Dec 07 01:32:41 UTC 2025","535","tests.tickets","test_04_create_ticket","","","","test_create_ticket_success[partner-attachments0-ChangePersonalData]","Позитивный тест: создание тикета с разными темами и вложениями для клиента, партнера и админа"
"skipped","Sun Dec 07 01:12:25 UTC 2025","Sun Dec 07 01:12:25 UTC 2025","0","tests.chat_support","test_01_support_chat_messages_post","","","","test_status_desc_closed_at_bottom_and_default_updated_sort[partner]","
    status DESC: все Closed в конце; внутри НЕ-Closed — updated_at DESC (дефолт).
    "
"passed","Sun Dec 07 00:39:53 UTC 2025","Sun Dec 07 00:39:54 UTC 2025","583","tests.admin_panel.products","test_43_delete_product_brand","","","","test_delete_product_brand_invalid_id[0]","Негативный тест: удаление несуществующего или некорректного бренда."
"skipped","Sun Dec 07 00:25:11 UTC 2025","Sun Dec 07 00:25:11 UTC 2025","0","tests.account","test_family_agreement_create_three","","","","test_create_family_agreement_three_positive[admin-payload0]","Позитивные тесты на создание семейного соглашения при аннулировании второго партнера"
"skipped","Sun Dec 07 00:25:33 UTC 2025","Sun Dec 07 00:25:33 UTC 2025","0","tests.account","test_history","","","","test_get_history_positive[partner-payload0]","Позитивные тесты на получение истории аккаунта"
"passed","Sun Dec 07 00:43:16 UTC 2025","Sun Dec 07 00:43:16 UTC 2025","550","tests.admin_panel.promo","test_76_get_promotion_items","","","","test_get_promotion_item_invalid_id[abc-abc]","Негативный тест: получение элемента с невалидным ID."
"skipped","Sun Dec 07 01:29:16 UTC 2025","Sun Dec 07 01:29:16 UTC 2025","0","tests.tickets","test_01_get_tickets","","","","test_get_tickets_success[filter1-sort0-search1-pagination1-client]","Позитивный тест: получение списка тикетов с разными комбинациями параметров"
"passed","Sun Dec 07 01:34:40 UTC 2025","Sun Dec 07 01:34:41 UTC 2025","557","tests.tickets","test_04_create_ticket","","","","test_create_ticket_success[admin-attachments0-OtherQuestions]","Позитивный тест: создание тикета с разными темами и вложениями для клиента, партнера и админа"
"passed","Sun Dec 07 00:46:00 UTC 2025","Sun Dec 07 00:46:01 UTC 2025","895","tests.admin_panel.sliders","test_54_update_slider","","","","test_update_slider_invalid_payload[payload5-400]","Негативный тест: обновление слайдера с невалидным или неполным телом запроса."
"passed","Sun Dec 07 00:26:38 UTC 2025","Sun Dec 07 00:26:39 UTC 2025","556","tests.admin_panel","test_02_support_users_list","","","","test_admin_gets_support_users_list_with_navigation","
    GET /admin/support-users?page=0&page_size=20
    "
"passed","Sun Dec 07 00:49:44 UTC 2025","Sun Dec 07 00:49:45 UTC 2025","877","tests.admin_panel.slides","test_59_update_slide","","","","test_update_slide_invalid_payload[payload18-422]","Негативный тест: обновление слайда с невалидным или неполным телом запроса."
"passed","Sun Dec 07 01:03:29 UTC 2025","Sun Dec 07 01:03:29 UTC 2025","427","tests.cart","test_16_cart_update_stock","","","","test_update_stock_unauthorized","Негатив: вызов без авторизации/корзины."
"skipped","Sun Dec 07 00:56:51 UTC 2025","Sun Dec 07 00:56:51 UTC 2025","0","tests.cart","test_10_cart_save_city","","","","test_save_city_by_name_success[client]","Позитив: сохранение города по city_name."
"skipped","Sun Dec 07 00:25:33 UTC 2025","Sun Dec 07 00:25:33 UTC 2025","0","tests.account","test_pass_change","","","","test_change_password_positive[partner-payload1]","Позитивные тесты на изменение пароля"
"passed","Sun Dec 07 01:10:38 UTC 2025","Sun Dec 07 01:10:42 UTC 2025","3683","tests.catalog","test_update_admin_product","","","","test_update_admin_product_forbidden[client]",""
"passed","Sun Dec 07 00:47:19 UTC 2025","Sun Dec 07 00:47:20 UTC 2025","547","tests.admin_panel.slides","test_57_create_slide","","","","test_create_slide_invalid_payload[payload2-expected_code2]","Негативные тесты: некорректные и неполные payload'ы."
"skipped","Sun Dec 07 00:25:33 UTC 2025","Sun Dec 07 00:25:33 UTC 2025","0","tests.account","test_history","","","","test_get_history_positive[client-payload0]","Позитивные тесты на получение истории аккаунта"
"failed","Sun Dec 07 01:00:22 UTC 2025","Sun Dec 07 01:00:26 UTC 2025","3605","tests.cart","test_12_cart_estimate_delivery","","","","test_estimate_delivery_success[client-yandex-payload9]","
    Позитив: корзина с товаром, выбор способа доставки и расчёт стоимости для разных служб
    "
"passed","Sun Dec 07 01:36:30 UTC 2025","Sun Dec 07 01:36:30 UTC 2025","128","tests.tickets","test_04_create_ticket","","","","test_create_ticket_invalid_request_type[partner-invalid_request_type-400]","Негативный тест: попытка создания тикета с неверным типом request_type"
"passed","Sun Dec 07 01:29:35 UTC 2025","Sun Dec 07 01:29:36 UTC 2025","142","tests.tickets","test_01_get_tickets","","","","test_get_tickets_invalid_filter[invalid_filter0-400-client]","Негативный тест: передаем некорректные параметры фильтрации"
"passed","Sun Dec 07 00:44:31 UTC 2025","Sun Dec 07 00:44:31 UTC 2025","131","tests.admin_panel.sliders","test_51_get_sliders","","","","test_get_sliders_forbidden[partner]","Негативный тест: получение списка слайдеров не админом"
"passed","Sun Dec 07 01:21:27 UTC 2025","Sun Dec 07 01:21:27 UTC 2025","161","tests.delivery","test_self_pickup_offices","","","","test_self_pickup_offices_success_basic[partner]","
    Позитив: успешное получение списка офисов по city_id.
    Допускается пустой список (если в городе нет офисов).
    "
"skipped","Sun Dec 07 00:24:02 UTC 2025","Sun Dec 07 00:24:02 UTC 2025","0","tests.account","test_account_branded_wallet_get","","","","test_get_with_image_returns_all_fields[client]","
    Позитив: загрузили картинку (в текущий период) → GET (по текущему периоду) возвращает корректную схему ответа
    "
"passed","Sun Dec 07 00:38:34 UTC 2025","Sun Dec 07 00:38:35 UTC 2025","1002","tests.admin_panel.products","test_40_create_product_brand","","","","test_create_duplicate_brand_should_true","Позитивный тест: попытка создать бренд с теми же параметрами (разрешено)."
"passed","Sun Dec 07 00:59:14 UTC 2025","Sun Dec 07 00:59:18 UTC 2025","3830","tests.cart","test_11_cart_save_delivery_method","","","","test_save_delivery_method_success_with_cart[partner-MongPost]","
    Позитив: сохранение способа доставки для всех значений с корзиной
    "
"passed","Sun Dec 07 00:57:37 UTC 2025","Sun Dec 07 00:57:37 UTC 2025","533","tests.cart","test_11_cart_save_delivery_method","","","","test_save_delivery_method_success[client-Fargo]","
    Позитив: сохранение способа доставки для всех значений без корзины
    "
"passed","Sun Dec 07 01:20:59 UTC 2025","Sun Dec 07 01:20:59 UTC 2025","129","tests.delivery","test_get_self_pickup_offices","","","","test_get_self_pickup_offices_invalid_city_id_should_fail[abc-admin]","Негатив: невалидные значения city_id → 400/422."
"passed","Sun Dec 07 01:33:52 UTC 2025","Sun Dec 07 01:33:53 UTC 2025","1109","tests.tickets","test_04_create_ticket","","","","test_create_ticket_success[partner-attachments2-QuestionsAboutTheWorkOfTheStructureAndMentors]","Позитивный тест: создание тикета с разными темами и вложениями для клиента, партнера и админа"
"passed","Sun Dec 07 00:53:40 UTC 2025","Sun Dec 07 00:53:41 UTC 2025","786","tests.cart","test_01_user_locale","","","","test_update_user_locale_valid_payload_1[partner-payload3]","
    Позитивный тест: Обновление языка/склада/локали авторизованным пользователем"
"skipped","Sun Dec 07 00:30:10 UTC 2025","Sun Dec 07 00:30:10 UTC 2025","0","tests.admin_panel.categories","test_50_upload_category_images","","","","test_upload_category_images_invalid_id","Негативный тест: несуществующий ID категории."
"passed","Sun Dec 07 00:42:15 UTC 2025","Sun Dec 07 00:42:15 UTC 2025","571","tests.admin_panel.promo","test_74_update_promotion","","","","test_update_promotion_invalid_id[abc]","Негативный тест: несуществующий или некорректный ID."
"passed","Sun Dec 07 01:38:41 UTC 2025","Sun Dec 07 01:38:42 UTC 2025","1365","tests.tickets","test_12_delete_message","","","","test_delete_ticket_message_admin","Позитивный тест: админ удаляет своё сообщение в тикете"
"passed","Sun Dec 07 01:29:48 UTC 2025","Sun Dec 07 01:29:48 UTC 2025","401","tests.tickets","test_01_get_tickets","","","","test_get_tickets_unauthorized","Негативный тест: запрос без авторизации"
"passed","Sun Dec 07 00:28:15 UTC 2025","Sun Dec 07 00:28:15 UTC 2025","584","tests.admin_panel","test_05_admin_support_users_token_revoke_all","","","","test_invalid_user_id_for_revoke_all_returns_client_error[-1]",""
"passed","Sun Dec 07 00:54:17 UTC 2025","Sun Dec 07 00:54:17 UTC 2025","150","tests.cart","test_01_user_locale","","","","test_update_user_locale_invalid_payload[partner-payload5-400]","Негативный тест: обновление локали с невалидным payload."
"skipped","Sun Dec 07 00:26:08 UTC 2025","Sun Dec 07 00:26:08 UTC 2025","0","tests.account","test_update_default_stock","","","","test_update_default_stock_positive[partner-payload0]","Позитивные тесты на изменение дефолтного склада"
"skipped","Sun Dec 07 00:25:33 UTC 2025","Sun Dec 07 00:25:33 UTC 2025","0","tests.account","test_history_group_volumes","","","","test_get_group_volumes_history_positive[partner-payload0]","Позитивные тесты на получение истории начисления групповых объемов"
"passed","Sun Dec 07 01:30:10 UTC 2025","Sun Dec 07 01:30:10 UTC 2025","439","tests.tickets","test_02_get_ticket_by_id","","","","test_get_ticket_unauthorized","Негативный тест: запрос без авторизации."
"skipped","Sun Dec 07 01:28:32 UTC 2025","Sun Dec 07 01:28:33 UTC 2025","133","tests.stock","test_get_group_orders","","","","test_get_group_orders_invalid_country_id[-1-admin]","Проверка получения складов по невалидному country_id"
"passed","Sun Dec 07 00:56:50 UTC 2025","Sun Dec 07 00:56:50 UTC 2025","291","tests.cart","test_10_cart_save_city","","","","test_save_city_by_id_success[partner]","Позитив: сохранение города по city_id."
"passed","Sun Dec 07 01:15:48 UTC 2025","Sun Dec 07 01:15:52 UTC 2025","4484","tests.delivery","test_03_delete_delivery_address","","","","test_delete_delivery_address_permissions[authorize_partner-authorize_admin-True]","Права доступа при удалении адресов"
"skipped","Sun Dec 07 01:29:16 UTC 2025","Sun Dec 07 01:29:16 UTC 2025","0","tests.tickets","test_01_get_tickets","","","","test_get_tickets_success[filter0-sort0-search1-pagination1-admin]","Позитивный тест: получение списка тикетов с разными комбинациями параметров"
"skipped","Sun Dec 07 01:28:22 UTC 2025","Sun Dec 07 01:28:22 UTC 2025","0","tests.stock","test_create_stock","","","","test_create_stock_with_empty_string_log_if_not_200[address.region_id]",""
"passed","Sun Dec 07 01:27:03 UTC 2025","Sun Dec 07 01:27:03 UTC 2025","134","tests.statistic","test_team_activations","","","","test_get_team_activation_statistic_positive[payload2-client]","Позитивный тест: получение статистики по активации команды с валидным телом запроса"
"passed","Sun Dec 07 01:33:33 UTC 2025","Sun Dec 07 01:33:34 UTC 2025","1227","tests.tickets","test_04_create_ticket","","","","test_create_ticket_success[partner-attachments1-ReceivingProductsShortage]","Позитивный тест: создание тикета с разными темами и вложениями для клиента, партнера и админа"
"passed","Sun Dec 07 01:05:03 UTC 2025","Sun Dec 07 01:05:03 UTC 2025","579","tests.catalog","test_create_admin_product","","","","test_create_admin_product_forbidden_for_non_admin[client]",""
"passed","Sun Dec 07 01:17:10 UTC 2025","Sun Dec 07 01:17:10 UTC 2025","129","tests.delivery","test_get_cdek_offices","","","","test_get_cdek_offices_invalid_city_id_should_fail[bad_city_id8-admin]",""
"passed","Sun Dec 07 00:22:15 UTC 2025","Sun Dec 07 00:22:16 UTC 2025","557","tests.PROJECT_EDUCATION.test_system","test_06_get_result","","","","test_get_result_invalid_id[None]",""
"passed","Sun Dec 07 00:40:30 UTC 2025","Sun Dec 07 00:40:34 UTC 2025","3337","tests.admin_panel.products","test_44_upload_product_brand_images","","","","test_upload_product_brand_images_various_fields[4.7-fields_to_send0-204]","Негативный тест. Загрузка слишком большого изображения."
"passed","Sun Dec 07 00:52:21 UTC 2025","Sun Dec 07 00:52:21 UTC 2025","430","tests.auth","test_01_check_version","","","","test_check_version[unknown-1.0.0-400]","Тест проверяет API /check_version для разных платформ и версий."
"skipped","Sun Dec 07 01:12:25 UTC 2025","Sun Dec 07 01:12:25 UTC 2025","0","tests.chat_support","test_02_support_chat_messages_get","","","","test_get_messages_invalid_pagination[page_size=-1-partner]","Негативный: невалидные параметры пагинации"
"passed","Sun Dec 07 00:47:40 UTC 2025","Sun Dec 07 00:47:40 UTC 2025","570","tests.admin_panel.slides","test_57_create_slide","","","","test_create_slide_invalid_payload[payload15-422]","Негативные тесты: некорректные и неполные payload'ы."
"passed","Sun Dec 07 00:41:51 UTC 2025","Sun Dec 07 00:41:52 UTC 2025","555","tests.admin_panel.promo","test_73_get_promotion_by_id","","","","test_get_promotion_invalid_id[]","Негативный тест: получение акции по невалидному ID."
"skipped","Sun Dec 07 01:26:04 UTC 2025","Sun Dec 07 01:26:04 UTC 2025","0","tests.orders","test_group_order_change_country","","","","test_change_country_not_found_or_forbidden[authorize_partner-100-403]","Негативные тесты: изменение несуществующего заказа или без прав"
"skipped","Sun Dec 07 00:56:03 UTC 2025","Sun Dec 07 00:56:03 UTC 2025","446","tests.cart","test_07_cart_update_multi","","","","test_update_cart_items_multi_invalid_payload[client-payload0]","Негатив: невалидный payload для /cart/update_multi."
"passed","Sun Dec 07 00:22:08 UTC 2025","Sun Dec 07 00:22:08 UTC 2025","561","tests.PROJECT_EDUCATION.test_system","test_05_get_info","","","","test_get_info_invalid_id[999999]",""
"passed","Sun Dec 07 00:49:08 UTC 2025","Sun Dec 07 00:49:08 UTC 2025","858","tests.admin_panel.slides","test_59_update_slide","","","","test_update_slide_invalid_payload[payload4-expected_code4]","Негативный тест: обновление слайда с невалидным или неполным телом запроса."
"skipped","Sun Dec 07 00:25:11 UTC 2025","Sun Dec 07 00:25:11 UTC 2025","0","tests.account","test_family_agreement_create_three","","","","test_create_family_agreement_three_positive[client-payload0]","Позитивные тесты на создание семейного соглашения при аннулировании второго партнера"
"passed","Sun Dec 07 00:57:11 UTC 2025","Sun Dec 07 00:57:12 UTC 2025","477","tests.cart","test_11_cart_save_delivery_method","","","","test_save_delivery_method_success[client-Cdek]","
    Позитив: сохранение способа доставки для всех значений без корзины
    "
"passed","Sun Dec 07 01:21:05 UTC 2025","Sun Dec 07 01:21:05 UTC 2025","129","tests.delivery","test_get_self_pickup_offices","","","","test_get_self_pickup_offices_invalid_city_id_should_fail[True-admin]","Негатив: невалидные значения city_id → 400/422."
"passed","Sun Dec 07 01:19:06 UTC 2025","Sun Dec 07 01:19:06 UTC 2025","130","tests.delivery","test_get_emu_pickup_points","","","","test_get_emu_pickup_points_invalid_city_id_should_fail[-1-admin]","Негатив: невалидные значения city_id → 400/422."
"passed","Sun Dec 07 01:15:59 UTC 2025","Sun Dec 07 01:16:04 UTC 2025","4812","tests.delivery","test_03_delete_delivery_address","","","","test_delete_delivery_address_permissions[authorize_partner-authorize_client-True]","Права доступа при удалении адресов"
"passed","Sun Dec 07 01:10:59 UTC 2025","Sun Dec 07 01:10:59 UTC 2025","552","tests.catalog","test_update_admin_product","","","","test_update_admin_product_invalid_id[9999999]",""
"passed","Sun Dec 07 00:48:21 UTC 2025","Sun Dec 07 00:48:22 UTC 2025","922","tests.admin_panel.slides","test_58_get_slides_by_id","","","","test_get_slides_by_id_forbidden[client]","Негативный тест: попытка получения слайда по ID не-админом."
"passed","Sun Dec 07 01:38:58 UTC 2025","Sun Dec 07 01:38:59 UTC 2025","562","tests.tickets","test_12_delete_message","","","","test_delete_ticket_message_negative[999999-400]","Негативные тесты: удаление с некорректными данными"
"passed","Sun Dec 07 00:50:25 UTC 2025","Sun Dec 07 00:50:26 UTC 2025","1040","tests.admin_panel.slides","test_61_upload_slides_images","","","","test_upload_slide_images_invalid_format[invalid.docx-application/vnd.openxmlformats-officedocument.wordprocessingml.document-400]","Негативный и позитивный тест: загрузка изображений в разных форматах."
"passed","Sun Dec 07 01:03:00 UTC 2025","Sun Dec 07 01:03:00 UTC 2025","334","tests.cart","test_14_cart_update_personal_data","","","","test_update_personal_data_success[partner-payload0]","
    Позитив: обновление персональных данных
    "
"skipped","Sun Dec 07 01:29:16 UTC 2025","Sun Dec 07 01:29:16 UTC 2025","0","tests.tickets","test_01_get_tickets","","","","test_get_tickets_success[filter1-sort0-search0-pagination0-client]","Позитивный тест: получение списка тикетов с разными комбинациями параметров"
"passed","Sun Dec 07 00:21:41 UTC 2025","Sun Dec 07 00:21:42 UTC 2025","538","tests.PROJECT_EDUCATION.test_system","test_03_user_answers","","","","test_user_answers_invalid_payload[payload1-expected_code1]",""
"passed","Sun Dec 07 00:46:21 UTC 2025","Sun Dec 07 00:46:22 UTC 2025","1008","tests.admin_panel.sliders","test_55_delete_sliders","","","","test_delete_slider_success","Позитивный тест: успешное удаление слайдера."
"passed","Sun Dec 07 01:16:52 UTC 2025","Sun Dec 07 01:16:53 UTC 2025","448","tests.delivery","test_get_cdek_offices","","","","test_get_cdek_offices_success[521-partner]",""
"passed","Sun Dec 07 00:54:35 UTC 2025","Sun Dec 07 00:54:36 UTC 2025","1169","tests.cart","test_02_get_delivery_cost","","","","test_get_delivery_cost_success_partial_payload[client-payload3-200]","
    Позитив/граничные: сочетания полей региона/города
    "
"skipped","Sun Dec 07 01:12:25 UTC 2025","Sun Dec 07 01:12:25 UTC 2025","0","tests.chat_support","test_01_support_chat_messages_post","","","","test_tickets_list_invalid_pagination_payload[bad_payload3-partner]",""
"passed","Sun Dec 07 00:45:16 UTC 2025","Sun Dec 07 00:45:17 UTC 2025","581","tests.admin_panel.sliders","test_53_get_sliders_by_id","","","","test_get_sliders_invalid_id[-1]","Негативный тест: получение слайдера по невалидному ID"
"passed","Sun Dec 07 00:39:42 UTC 2025","Sun Dec 07 00:39:43 UTC 2025","1007","tests.admin_panel.products","test_43_delete_product_brand","","","","test_delete_product_brand_success","Позитивный тест: успешное удаление бренда."
"skipped","Sun Dec 07 01:29:16 UTC 2025","Sun Dec 07 01:29:16 UTC 2025","0","tests.tickets","test_01_get_tickets","","","","test_get_tickets_success[filter0-sort0-search2-pagination1-client]","Позитивный тест: получение списка тикетов с разными комбинациями параметров"
"skipped","Sun Dec 07 00:28:32 UTC 2025","Sun Dec 07 00:28:32 UTC 2025","0","tests.admin_panel","test_accrue_presidential_pool","","","","test_accrue_presidential_pool_for_partner",""
"passed","Sun Dec 07 01:20:17 UTC 2025","Sun Dec 07 01:20:18 UTC 2025","741","tests.delivery","test_get_kazpost_offices","","","","test_get_kazpost_offices_success[211437-client]","Позитив: успешное получение списка офисов Казпочты по city_id."
"passed","Sun Dec 07 01:37:49 UTC 2025","Sun Dec 07 01:37:49 UTC 2025","838","tests.tickets","test_09_get_ticket_messages","","","","test_get_ticket_messages_positive[client]","Позитивный тест: успешное получение списка сообщений тикета"
"passed","Sun Dec 07 00:49:21 UTC 2025","Sun Dec 07 00:49:22 UTC 2025","877","tests.admin_panel.slides","test_59_update_slide","","","","test_update_slide_invalid_payload[payload9-400]","Негативный тест: обновление слайда с невалидным или неполным телом запроса."
"passed","Sun Dec 07 00:51:31 UTC 2025","Sun Dec 07 00:51:32 UTC 2025","1375","tests.admin_panel.slides","test_61_upload_slides_images","","","","test_upload_only_single_slide_image_field[image-test_jpg.jpg-image/jpeg-image]","Проверка: загрузка только одного изображения не должна заполнять другие поля."
"passed","Sun Dec 07 01:12:42 UTC 2025","Sun Dec 07 01:12:45 UTC 2025","2873","tests.delivery","test_01_save_delivery_address","","","","test_save_delivery_address_positive[client-payload3]","Позитивные тесты на сохранение адреса доставки"
"passed","Sun Dec 07 01:08:09 UTC 2025","Sun Dec 07 01:08:09 UTC 2025","587","tests.catalog","test_get_admin_product_translation","","","","test_get_admin_product_translation_invalid_id[1.5]","Проверка получения перевода по невалидному product_id."
"skipped","Sun Dec 07 00:25:11 UTC 2025","Sun Dec 07 00:25:11 UTC 2025","0","tests.account","test_funds_transfer_send","","","","test_send_funds_transfer_positive[partner-payload1]","Позитивные тесты на перевод/вывод средств по visibleId"
"passed","Sun Dec 07 00:22:12 UTC 2025","Sun Dec 07 00:22:13 UTC 2025","540","tests.PROJECT_EDUCATION.test_system","test_06_get_result","","","","test_get_result_invalid_id[-1]",""
"passed","Sun Dec 07 00:59:30 UTC 2025","Sun Dec 07 00:59:31 UTC 2025","403","tests.cart","test_11_cart_save_delivery_method","","","","test_save_delivery_method_unauthorized","Негатив: вызов без авторизации/корзины."
"skipped","Sun Dec 07 01:38:07 UTC 2025","Sun Dec 07 01:38:08 UTC 2025","571","tests.tickets","test_09_get_ticket_messages","","","","test_get_ticket_messages_invalid_id_format[1.5]","Негативный тест: запрос с некорректным ID (строка, спецсимволы, пустое значение)"
"passed","Sun Dec 07 00:50:45 UTC 2025","Sun Dec 07 00:50:47 UTC 2025","2005","tests.admin_panel.slides","test_61_upload_slides_images","","","","test_upload_slide_images_file_too_large[5.3-fields_to_send1-400]","Негативный тест: загрузка слишком большого изображения."
"passed","Sun Dec 07 00:49:00 UTC 2025","Sun Dec 07 00:49:01 UTC 2025","981","tests.admin_panel.slides","test_59_update_slide","","","","test_update_slide_invalid_payload[payload1-expected_code1]","Негативный тест: обновление слайда с невалидным или неполным телом запроса."
"passed","Sun Dec 07 01:15:26 UTC 2025","Sun Dec 07 01:15:30 UTC 2025","3915","tests.delivery","test_02_get_delivery_address","","","","test_get_delivery_addresses_pagination[partner]","Корректная работа пагинации"
"passed","Sun Dec 07 01:09:28 UTC 2025","Sun Dec 07 01:09:29 UTC 2025","589","tests.catalog","test_product_get_by_slug","","","","test_get_product_by_slug_not_found[non-existing-slug-xyz-123]","
    Негативный: товар с указанным slug не найден
    "
"passed","Sun Dec 07 01:16:59 UTC 2025","Sun Dec 07 01:16:59 UTC 2025","128","tests.delivery","test_get_cdek_offices","","","","test_get_cdek_offices_invalid_city_id_should_fail[abc-admin]",""
"passed","Sun Dec 07 01:26:58 UTC 2025","Sun Dec 07 01:26:58 UTC 2025","130","tests.statistic","test_team_activations","","","","test_get_team_activation_statistic_positive[payload1-client]","Позитивный тест: получение статистики по активации команды с валидным телом запроса"
"skipped","Sun Dec 07 01:12:25 UTC 2025","Sun Dec 07 01:12:25 UTC 2025","0","tests.chat_support","test_03_support_chat_ticket_post","","","","test_create_ticket_unauthorized","Негативный: без авторизации"
"skipped","Sun Dec 07 01:28:14 UTC 2025","Sun Dec 07 01:28:14 UTC 2025","136","tests.statistic","test_team_registrations","","","","test_get_team_registration_statistic_negative[payload1-client]","Негативный тест: ошибка при получении статистики регистрации команды с невалидным телом запроса"
"passed","Sun Dec 07 00:47:21 UTC 2025","Sun Dec 07 00:47:21 UTC 2025","572","tests.admin_panel.slides","test_57_create_slide","","","","test_create_slide_invalid_payload[payload3-expected_code3]","Негативные тесты: некорректные и неполные payload'ы."
"skipped","Sun Dec 07 00:56:29 UTC 2025","Sun Dec 07 00:56:30 UTC 2025","414","tests.cart","test_08_cart_delete","","","","test_delete_cart_item_invalid_payload[partner-payload1]","Негатив: невалидный payload при удалении позиции."
"passed","Sun Dec 07 00:36:12 UTC 2025","Sun Dec 07 00:36:13 UTC 2025","130","tests.admin_panel.periods","test_get_period_by_id","","","","test_get_period_by_id__forbidden[partner]",""
"passed","Sun Dec 07 00:38:46 UTC 2025","Sun Dec 07 00:38:47 UTC 2025","574","tests.admin_panel.products","test_41_get_product_brand_by_id","","","","test_get_product_brand_invalid_id[abc]","Негативный тест: получение бренда по невалидному ID"
"passed","Sun Dec 07 01:13:36 UTC 2025","Sun Dec 07 01:13:38 UTC 2025","2387","tests.delivery","test_01_save_delivery_address","","","","test_save_delivery_address_negative[client-payload5-400]","Негативные тесты на сохранение адреса доставки"
"passed","Sun Dec 07 01:09:41 UTC 2025","Sun Dec 07 01:09:42 UTC 2025","776","tests.catalog","test_products_list","","","","test_get_products_list_success[client]","
    Позитивный: успешное получение списка товаров без фильтров
    "
"skipped","Sun Dec 07 01:12:25 UTC 2025","Sun Dec 07 01:12:25 UTC 2025","0","tests.chat_support","test_01_support_chat_messages_post","","","","test_tickets_list_invalid_pagination_payload[bad_payload4-partner]",""
"skipped","Sun Dec 07 00:24:02 UTC 2025","Sun Dec 07 00:24:02 UTC 2025","0","tests.account","test_account_branded_wallet_get","","","","test_get_period_zero_returns_400[partner]","
    Негатив: период по нулям → 400.
    "
"passed","Sun Dec 07 01:26:11 UTC 2025","Sun Dec 07 01:26:11 UTC 2025","182","tests.register","test_01_register_form","","","","test_register_form_positive[partner-payload0]",""
"passed","Sun Dec 07 01:34:57 UTC 2025","Sun Dec 07 01:34:58 UTC 2025","1223","tests.tickets","test_04_create_ticket","","","","test_create_ticket_success[admin-attachments1-QuestionsAboutTheHousingAndCarProgram]","Позитивный тест: создание тикета с разными темами и вложениями для клиента, партнера и админа"
"skipped","Sun Dec 07 01:29:16 UTC 2025","Sun Dec 07 01:29:16 UTC 2025","0","tests.tickets","test_01_get_tickets","","","","test_get_tickets_success[filter2-sort1-search0-pagination0-partner]","Позитивный тест: получение списка тикетов с разными комбинациями параметров"
"passed","Sun Dec 07 00:24:13 UTC 2025","Sun Dec 07 00:24:14 UTC 2025","609","tests.account","test_account_branded_wallet_upload","","","","test_upload_success[valid_jpg.jpg-partner]","Позитив: валидное изображение (PNG/JPG) → 200 + корректная схема"
"skipped","Sun Dec 07 01:28:23 UTC 2025","Sun Dec 07 01:28:23 UTC 2025","0","tests.stock","test_create_stock","","","","test_create_stock_with_empty_string_log_if_not_200[address.description]",""
"passed","Sun Dec 07 01:23:45 UTC 2025","Sun Dec 07 01:23:46 UTC 2025","1328","tests.one_c","test_create_1c_stock","","","","test_timezone_same_name_different_offset_creates_new",""
"passed","Sun Dec 07 01:27:04 UTC 2025","Sun Dec 07 01:27:05 UTC 2025","133","tests.statistic","test_team_activations","","","","test_get_team_activation_statistic_positive[payload2-partner]","Позитивный тест: получение статистики по активации команды с валидным телом запроса"
"passed","Sun Dec 07 00:44:27 UTC 2025","Sun Dec 07 00:44:28 UTC 2025","546","tests.admin_panel.sliders","test_51_get_sliders","","","","test_get_sliders_success","Позитивный тест: успешное получение списка слайдеров админом"
"passed","Sun Dec 07 00:22:06 UTC 2025","Sun Dec 07 00:22:07 UTC 2025","598","tests.PROJECT_EDUCATION.test_system","test_05_get_info","","","","test_get_info_invalid_id[1.5]",""
"passed","Sun Dec 07 00:30:11 UTC 2025","Sun Dec 07 00:30:12 UTC 2025","705","tests.admin_panel.categories","test_56_v2_create_category","","","","test_v2_create_category_success","Позитивный тест: успешное создание категории (все поля)."
"skipped","Sun Dec 07 01:29:16 UTC 2025","Sun Dec 07 01:29:16 UTC 2025","0","tests.tickets","test_01_get_tickets","","","","test_get_tickets_success[filter0-sort1-search2-pagination1-admin]","Позитивный тест: получение списка тикетов с разными комбинациями параметров"
"skipped","Sun Dec 07 01:20:15 UTC 2025","Sun Dec 07 01:20:16 UTC 2025","425","tests.delivery","test_get_haypost_offices","","","","test_get_haypost_offices_unauthorized","Негатив: запрос без авторизации."
"passed","Sun Dec 07 01:09:22 UTC 2025","Sun Dec 07 01:09:22 UTC 2025","562","tests.catalog","test_product_get_by_id","","","","test_get_product_by_id_invalid_integer[0]","
    Негативный: ID некорректный по значению
    "
"passed","Sun Dec 07 00:32:44 UTC 2025","Sun Dec 07 00:32:46 UTC 2025","1519","tests.admin_panel.items","test_create_item","","","","test_create_item_required_fields_only","Позитивный тест: успешное создание варианта товара (только обязательные поля)."
"passed","Sun Dec 07 00:57:06 UTC 2025","Sun Dec 07 00:57:06 UTC 2025","136","tests.cart","test_10_cart_save_city","","","","test_save_city_invalid_payload[partner-payload4]","Негатив: невалидный payload."
"skipped","Sun Dec 07 01:29:16 UTC 2025","Sun Dec 07 01:29:16 UTC 2025","0","tests.tickets","test_01_get_tickets","","","","test_get_tickets_success[filter2-sort0-search2-pagination0-admin]","Позитивный тест: получение списка тикетов с разными комбинациями параметров"
"skipped","Sun Dec 07 00:26:08 UTC 2025","Sun Dec 07 00:26:08 UTC 2025","0","tests.account","test_update_default_stock","","","","test_update_default_stock_positive[partner-payload1]","Позитивные тесты на изменение дефолтного склада"
"passed","Sun Dec 07 00:43:17 UTC 2025","Sun Dec 07 00:43:18 UTC 2025","577","tests.admin_panel.promo","test_76_get_promotion_items","","","","test_get_promotion_item_invalid_id[-1--1]","Негативный тест: получение элемента с невалидным ID."
"passed","Sun Dec 07 01:06:06 UTC 2025","Sun Dec 07 01:06:10 UTC 2025","4104","tests.catalog","test_create_admin_product_translation","","","","test_create_admin_product_translation_success[ky]","Создание и обновление перевода продукта на разных языках."
"passed","Sun Dec 07 00:57:13 UTC 2025","Sun Dec 07 00:57:13 UTC 2025","480","tests.cart","test_11_cart_save_delivery_method","","","","test_save_delivery_method_success[client-Kazpost]","
    Позитив: сохранение способа доставки для всех значений без корзины
    "
"passed","Sun Dec 07 00:43:22 UTC 2025","Sun Dec 07 00:43:23 UTC 2025","562","tests.admin_panel.promo","test_76_get_promotion_items","","","","test_get_promotion_item_not_found","Негативный тест: получение элемента для несуществующей акции."
"passed","Sun Dec 07 00:22:45 UTC 2025","Sun Dec 07 00:22:46 UTC 2025","534","tests.PROJECT_FUND.initiatives","test_get_report_by_id","","","","test_get_report_by_invalid_id[9999999-https://dev.ewahelps.com/api]","Негативный тест: невалидный или несуществующий path-параметр"
"passed","Sun Dec 07 00:33:57 UTC 2025","Sun Dec 07 00:33:59 UTC 2025","1814","tests.admin_panel.items","test_create_item_translation","","","","test_create_item_translation_forbidden[partner]","Негативный тест: создание перевода не-админом запрещено."
"passed","Sun Dec 07 01:06:13 UTC 2025","Sun Dec 07 01:06:17 UTC 2025","4089","tests.catalog","test_create_admin_product_translation","","","","test_create_admin_product_translation_success[kk]","Создание и обновление перевода продукта на разных языках."
"passed","Sun Dec 07 01:11:27 UTC 2025","Sun Dec 07 01:11:31 UTC 2025","3674","tests.catalog","test_update_admin_product","","","","test_update_admin_product_invalid_payload[update_payload3-400]",""
"passed","Sun Dec 07 01:21:32 UTC 2025","Sun Dec 07 01:21:32 UTC 2025","160","tests.delivery","test_self_pickup_offices","","","","test_self_pickup_offices_unknown_city_returns_empty_list[client]","
    Позитив/краевой случай: неизвестный city_id -> 200 и пустой список.
    "
"passed","Sun Dec 07 00:41:15 UTC 2025","Sun Dec 07 00:41:16 UTC 2025","544","tests.admin_panel.promo","test_72_create_promotion","","","","test_create_promotion_invalid_data[payload4-400]","Негативные тесты: невалидные данные"
"passed","Sun Dec 07 01:01:42 UTC 2025","Sun Dec 07 01:01:46 UTC 2025","3898","tests.cart","test_12_cart_estimate_delivery","","","","test_estimate_delivery_success[partner-cargo-payload7]","
    Позитив: корзина с товаром, выбор способа доставки и расчёт стоимости для разных служб
    "
"skipped","Sun Dec 07 00:25:11 UTC 2025","Sun Dec 07 00:25:11 UTC 2025","0","tests.account","test_family_agreement_create_one","","","","test_create_family_agreement_one_positive[client-payload0]","Позитивные тесты на создание семейного соглашения при отсутствующем втором партнере"
"passed","Sun Dec 07 00:55:35 UTC 2025","Sun Dec 07 00:55:35 UTC 2025","211","tests.cart","test_05_cart_clear","","","","test_clear_cart_success[partner]","Позитив: успешная очистка корзины"
"passed","Sun Dec 07 00:36:39 UTC 2025","Sun Dec 07 00:36:39 UTC 2025","588","tests.admin_panel.periods","test_get_period_by_id","","","","test_get_period_by_id__invalid_400_404[1.51]",""
"passed","Sun Dec 07 01:31:37 UTC 2025","Sun Dec 07 01:31:38 UTC 2025","1092","tests.tickets","test_04_create_ticket","","","","test_create_ticket_success[client-attachments2-QuestionsAboutTheHousingAndCarProgram]","Позитивный тест: создание тикета с разными темами и вложениями для клиента, партнера и админа"
"skipped","Sun Dec 07 00:23:16 UTC 2025","Sun Dec 07 00:23:16 UTC 2025","0","tests.account","test_0_marathon","","","","test_create_product_brand_invalid_payload[params4-400-partner]",""
"passed","Sun Dec 07 01:37:40 UTC 2025","Sun Dec 07 01:37:40 UTC 2025","667","tests.tickets","test_07_delete_ticket","","","","test_delete_ticket_not_admin[client]","Негативный тест: попытка удаления тикета клиентом, партнёром"
"skipped","Sun Dec 07 00:26:08 UTC 2025","Sun Dec 07 00:26:08 UTC 2025","0","tests.account","test_update_default_stock","","","","test_update_default_stock_positive[client-payload0]","Позитивные тесты на изменение дефолтного склада"
"passed","Sun Dec 07 00:47:26 UTC 2025","Sun Dec 07 00:47:26 UTC 2025","549","tests.admin_panel.slides","test_57_create_slide","","","","test_create_slide_invalid_payload[payload6-expected_code6]","Негативные тесты: некорректные и неполные payload'ы."
"skipped","Sun Dec 07 00:23:16 UTC 2025","Sun Dec 07 00:23:16 UTC 2025","0","tests.account","test_0_marathon","","","","test_get_marathon_is_purchased_negative[admin-400]","Негативный кейс — проверяет приобретал ли аккаунт марафонский набор (все поля)"
"skipped","Sun Dec 07 00:28:32 UTC 2025","Sun Dec 07 00:28:32 UTC 2025","0","tests.admin_panel","test_accrue_gold_pro_gift","","","","test_accrue_gold_pro_gift_invalid_payload[payload0-400]",""
"passed","Sun Dec 07 00:53:03 UTC 2025","Sun Dec 07 00:53:03 UTC 2025","139","tests.auth","test_05_logout","","","","test_logout_success[admin]","Тест разлогинивания с валидным токеном (клиент, партнёр, админ)"
"passed","Sun Dec 07 00:57:09 UTC 2025","Sun Dec 07 00:57:10 UTC 2025","462","tests.cart","test_11_cart_save_delivery_method","","","","test_save_delivery_method_success[client-Unknown]","
    Позитив: сохранение способа доставки для всех значений без корзины
    "
"skipped","Sun Dec 07 01:36:52 UTC 2025","Sun Dec 07 01:36:52 UTC 2025","0","tests.tickets","test_04_create_ticket","","","","test_create_ticket_invalid_message[client-None]","Негативный тест: создание тикета без сообщения"
"passed","Sun Dec 07 01:10:34 UTC 2025","Sun Dec 07 01:10:35 UTC 2025","402","tests.catalog","test_update_admin_product","","","","test_update_admin_product_unauthorized",""
"skipped","Sun Dec 07 01:29:16 UTC 2025","Sun Dec 07 01:29:16 UTC 2025","0","tests.tickets","test_01_get_tickets","","","","test_get_tickets_success[filter0-sort1-search0-pagination1-client]","Позитивный тест: получение списка тикетов с разными комбинациями параметров"
"passed","Sun Dec 07 00:26:17 UTC 2025","Sun Dec 07 00:26:18 UTC 2025","1328","tests.admin_panel","test_01_support_create_user","","","","test_duplicate_login_returns_4xx","
    Негатив: создаём двух пользователей с ОДИНАКОВЫМ login саппорта
    "
"skipped","Sun Dec 07 00:24:02 UTC 2025","Sun Dec 07 00:24:02 UTC 2025","0","tests.account","test_account_branded_wallet_get","","","","test_get_with_image_returns_all_fields[partner]","
    Позитив: загрузили картинку (в текущий период) → GET (по текущему периоду) возвращает корректную схему ответа
    "
"passed","Sun Dec 07 00:48:13 UTC 2025","Sun Dec 07 00:48:14 UTC 2025","551","tests.admin_panel.slides","test_57_create_slide","","","","test_create_slide_title_color_validation[#1234567-400]","Валидация поля title_color при создании слайда."
"passed","Sun Dec 07 00:30:17 UTC 2025","Sun Dec 07 00:30:18 UTC 2025","622","tests.admin_panel.categories","test_56_v2_create_category","","","","test_v2_create_category_invalid_payload[payload0-expected_code0]","Негативный тест: создание категории с невалидным телом запроса."
"passed","Sun Dec 07 00:36:42 UTC 2025","Sun Dec 07 00:36:42 UTC 2025","547","tests.admin_panel.periods","test_get_period_by_id","","","","test_get_period_by_id__not_found_allows_400_404[2147483647]",""
"skipped","Sun Dec 07 00:30:10 UTC 2025","Sun Dec 07 00:30:10 UTC 2025","0","tests.admin_panel.categories","test_50_upload_category_images","","","","test_upload_category_images_file_too_large[4.7-fields_to_send6-204]","Негативный тест: загрузка слишком большого изображения."
"passed","Sun Dec 07 00:37:16 UTC 2025","Sun Dec 07 00:37:18 UTC 2025","1882","tests.admin_panel.products","test_02_recommended_products_add","","","","test_add_recommendation_success","Успешное добавление рекомендованного товара"
"skipped","Sun Dec 07 01:28:22 UTC 2025","Sun Dec 07 01:28:22 UTC 2025","0","tests.stock","test_create_stock","","","","test_create_stock_with_empty_string_log_if_not_200[address.id]",""
"skipped","Sun Dec 07 01:18:14 UTC 2025","Sun Dec 07 01:18:14 UTC 2025","219","tests.delivery","test_get_delivery_countries","","","","test_get_delivery_countries_invalid_from[wrong-admin]","Негатив: невалидные значения параметра from → 400/422."
"passed","Sun Dec 07 01:26:39 UTC 2025","Sun Dec 07 01:26:39 UTC 2025","129","tests.register","test_03_register_client","","","","test_register_client_positive[client-403]","Тест: позитивные тесты для регистрации клиента вручную"
"passed","Sun Dec 07 00:23:38 UTC 2025","Sun Dec 07 00:23:38 UTC 2025","130","tests.account","test_0_top_partners_top_recruiters","","","","test_get_top_partners_top_recruiters_positive[partner]","Позитивные тесты на получение топ-партнеров по количеству активных партнеров"
"passed","Sun Dec 07 00:38:22 UTC 2025","Sun Dec 07 00:38:23 UTC 2025","621","tests.admin_panel.products","test_40_create_product_brand","","","","test_create_product_brand_invalid_payload[payload6-expected_codes6]","Негативные кейсы: невалидные поля при создании бренда."
"passed","Sun Dec 07 01:28:40 UTC 2025","Sun Dec 07 01:28:40 UTC 2025","131","tests.stock","test_get_stock_by_id","","","","test_get_stock_by_id[partner]","Запрос склада по ID"
"passed","Sun Dec 07 00:29:48 UTC 2025","Sun Dec 07 00:29:49 UTC 2025","404","tests.admin_panel.categories","test_47_get_categories_by_id","","","","test_get_categories_unauthorized","Негативный тест: получение категории без авторизации."
"passed","Sun Dec 07 00:40:19 UTC 2025","Sun Dec 07 00:40:20 UTC 2025","1007","tests.admin_panel.products","test_44_upload_product_brand_images","","","","test_upload_product_brand_images_formats[invalid.exe-application/octet-stream-400]","Проверка загрузки изображений бренда в разных форматах: негативные и позитивные кейсы."
"passed","Sun Dec 07 00:46:47 UTC 2025","Sun Dec 07 00:46:48 UTC 2025","605","tests.admin_panel.slides","test_0_slides_sort","","","","test_slides_sort_invalid_id[]","Негативный тест: невалидный path parameter."
"passed","Sun Dec 07 00:44:21 UTC 2025","Sun Dec 07 00:44:21 UTC 2025","566","tests.admin_panel.promo","test_78_delete_promotion_item","","","","test_delete_promotion_item_invalid_id[-1--1]","Негативный тест: удаление элемента акции с невалидным ID продукта."
"passed","Sun Dec 07 00:30:43 UTC 2025","Sun Dec 07 00:30:44 UTC 2025","876","tests.admin_panel.categories","test_57_v2_update_category","","","","test_v2_update_category_forbidden[partner]","Негативный тест: попытка обновления категории не-админом."
"passed","Sun Dec 07 00:45:58 UTC 2025","Sun Dec 07 00:45:58 UTC 2025","880","tests.admin_panel.sliders","test_54_update_slider","","","","test_update_slider_invalid_payload[payload4-expected_code4]","Негативный тест: обновление слайдера с невалидным или неполным телом запроса."
"passed","Sun Dec 07 00:58:20 UTC 2025","Sun Dec 07 00:58:24 UTC 2025","3505","tests.cart","test_11_cart_save_delivery_method","","","","test_save_delivery_method_success_with_cart[partner-RuPost]","
    Позитив: сохранение способа доставки для всех значений с корзиной
    "
"passed","Sun Dec 07 01:02:10 UTC 2025","Sun Dec 07 01:02:15 UTC 2025","5316","tests.cart","test_12_cart_estimate_delivery","","","","test_estimate_delivery_success[partner-dpd_pickup-payload12]","
    Позитив: корзина с товаром, выбор способа доставки и расчёт стоимости для разных служб
    "
"skipped","Sun Dec 07 01:27:42 UTC 2025","Sun Dec 07 01:27:42 UTC 2025","129","tests.statistic","test_team_go","","","","test_get_team_go_statistic_negative[payload0-partner]","Негативный тест: ошибка при получении статистики по команде с невалидным телом запроса"
"skipped","Sun Dec 07 00:25:33 UTC 2025","Sun Dec 07 00:25:33 UTC 2025","0","tests.account","test_history_group_volumes","","","","test_get_group_volumes_history_positive[client-payload0]","Позитивные тесты на получение истории начисления групповых объемов"
"skipped","Sun Dec 07 00:30:10 UTC 2025","Sun Dec 07 00:30:10 UTC 2025","0","tests.admin_panel.categories","test_50_upload_category_images","","","","test_upload_category_images_file_too_large[4.7-fields_to_send2-204]","Негативный тест: загрузка слишком большого изображения."
"passed","Sun Dec 07 01:35:59 UTC 2025","Sun Dec 07 01:36:00 UTC 2025","1096","tests.tickets","test_04_create_ticket","","","","test_create_ticket_success[admin-attachments2-QuestionsAboutTheMarriageContract]","Позитивный тест: создание тикета с разными темами и вложениями для клиента, партнера и админа"
"passed","Sun Dec 07 01:11:57 UTC 2025","Sun Dec 07 01:12:00 UTC 2025","3648","tests.catalog","test_update_admin_product","","","","test_update_admin_product_invalid_payload[update_payload7-422]",""
"passed","Sun Dec 07 01:17:52 UTC 2025","Sun Dec 07 01:17:52 UTC 2025","130","tests.delivery","test_get_delivery_countries","","","","test_get_delivery_countries_success[None-client]","Позитив: успешное получение списка стран с разными значениями ?from=."
"skipped","Sun Dec 07 00:25:11 UTC 2025","Sun Dec 07 00:25:11 UTC 2025","0","tests.account","test_family_agreement_update_status","","","","test_update_family_agreement_status_positive[partner-payload0]","Позитивные тесты на изменение статуса семейного соглашения"
"passed","Sun Dec 07 01:23:23 UTC 2025","Sun Dec 07 01:23:24 UTC 2025","1534","tests.one_c","test_create_1c_stock","","","","test_post_update_persists_and_get_reflects",""
"skipped","Sun Dec 07 00:25:33 UTC 2025","Sun Dec 07 00:25:33 UTC 2025","0","tests.account","test_get_default_stock","","","","test_get_default_stock_positive[admin]","Позитивные тесты на получение дефолтного склада"
"passed","Sun Dec 07 01:00:05 UTC 2025","Sun Dec 07 01:00:09 UTC 2025","4365","tests.cart","test_12_cart_estimate_delivery","","","","test_estimate_delivery_success[client-haypost-payload6]","
    Позитив: корзина с товаром, выбор способа доставки и расчёт стоимости для разных служб
    "
"passed","Sun Dec 07 01:15:01 UTC 2025","Sun Dec 07 01:15:01 UTC 2025","130","tests.delivery","test_02_get_delivery_address","","","","test_get_delivery_addresses_invalid_pagination[invalid_pagination0-client]","Негатив: некорректные параметры пагинации"
"passed","Sun Dec 07 00:46:05 UTC 2025","Sun Dec 07 00:46:06 UTC 2025","894","tests.admin_panel.sliders","test_54_update_slider","","","","test_update_slider_invalid_payload[payload7-422]","Негативный тест: обновление слайдера с невалидным или неполным телом запроса."
"skipped","Sun Dec 07 00:30:10 UTC 2025","Sun Dec 07 00:30:10 UTC 2025","0","tests.admin_panel.categories","test_50_upload_category_images","","","","test_upload_category_images_file_too_large[4.7-fields_to_send0-204]","Негативный тест: загрузка слишком большого изображения."
"passed","Sun Dec 07 00:38:48 UTC 2025","Sun Dec 07 00:38:48 UTC 2025","571","tests.admin_panel.products","test_41_get_product_brand_by_id","","","","test_get_product_brand_invalid_id[-1]","Негативный тест: получение бренда по невалидному ID"
"skipped","Sun Dec 07 00:23:16 UTC 2025","Sun Dec 07 00:23:16 UTC 2025","0","tests.account","test_0_marathon","","","","test_create_product_brand_invalid_payload[params3-400-partner]",""
"passed","Sun Dec 07 01:19:41 UTC 2025","Sun Dec 07 01:19:42 UTC 2025","149","tests.delivery","test_get_five_post_offices","","","","test_get_five_post_offices_success[86990-partner]","Позитив: успешное получение списка ПВЗ FivePost по city_id."
"passed","Sun Dec 07 00:26:23 UTC 2025","Sun Dec 07 00:26:24 UTC 2025","600","tests.admin_panel","test_01_support_create_user","","","","test_partner_cannot_create_support",""
"passed","Sun Dec 07 00:32:12 UTC 2025","Sun Dec 07 00:32:13 UTC 2025","580","tests.admin_panel.categories","test_80_create_category_translation","","","","test_create_category_translation_invalid_payload[payload3-400]","Негативный тест: создание перевода с невалидным payload."
"passed","Sun Dec 07 01:08:44 UTC 2025","Sun Dec 07 01:08:44 UTC 2025","128","tests.catalog","test_get_items_list_all","","","","test_get_items_list_all_wrong_method[delete]",""
"passed","Sun Dec 07 00:55:02 UTC 2025","Sun Dec 07 00:55:02 UTC 2025","136","tests.cart","test_02_get_delivery_cost","","","","test_get_delivery_cost_invalid_payload[client-payload1]","Негатив: некорректные входные данные."
"passed","Sun Dec 07 01:18:52 UTC 2025","Sun Dec 07 01:18:52 UTC 2025","129","tests.delivery","test_get_dpd_offices","","","","test_get_dpd_offices_invalid_city_id_should_fail[bad_city_id7-admin]",""
"passed","Sun Dec 07 00:40:04 UTC 2025","Sun Dec 07 00:40:05 UTC 2025","129","tests.admin_panel.products","test_44_upload_product_brand_images","","","","test_upload_product_brand_images_forbidden[partner]","Негативный тест: неадмин не может загрузить изображения."
"skipped","Sun Dec 07 01:20:31 UTC 2025","Sun Dec 07 01:20:31 UTC 2025","249","tests.delivery","test_get_kgpost_offices","","","","test_get_kgpost_offices_success[208110-partner]",""
"skipped","Sun Dec 07 01:19:16 UTC 2025","Sun Dec 07 01:19:17 UTC 2025","421","tests.delivery","test_get_emu_pickup_points","","","","test_get_emu_pickup_points_unauthorized","Негатив: запрос без авторизации."
"skipped","Sun Dec 07 01:12:25 UTC 2025","Sun Dec 07 01:12:25 UTC 2025","0","tests.chat_support","test_01_support_chat_messages_post","","","","test_post_message_invalid_payload[payload1-partner]",""
"failed","Sun Dec 07 00:28:38 UTC 2025","Sun Dec 07 00:28:39 UTC 2025","422","tests.admin_panel","test_partner_accrual_details_common","","","","test_common_accrual_details_unauthorized","
    Негатив: без токена запрос к админ-ручке → 401
    "
"skipped","Sun Dec 07 00:25:33 UTC 2025","Sun Dec 07 00:25:33 UTC 2025","0","tests.account","test_history_personal_volumes_admin","","","","test_get_personal_volumes_history_admin_positive[partner-payload0]","Позитивные тесты на получение истории начисления личных объемов для админа"
"skipped","Sun Dec 07 01:38:03 UTC 2025","Sun Dec 07 01:38:03 UTC 2025","550","tests.tickets","test_09_get_ticket_messages","","","","test_get_ticket_messages_invalid_id_format[0]","Негативный тест: запрос с некорректным ID (строка, спецсимволы, пустое значение)"
"skipped","Sun Dec 07 00:24:02 UTC 2025","Sun Dec 07 00:24:02 UTC 2025","0","tests.account","test_account_branded_wallet_get","","","","test_get_future_month_same_year_should_be_400[partner]","
    В будущем период - 400
    "
"passed","Sun Dec 07 01:29:11 UTC 2025","Sun Dec 07 01:29:12 UTC 2025","1193","tests.temporary","test_compare_api_postgreSQL","","","","test_create_and_get_categories_by_id",""
"passed","Sun Dec 07 00:46:57 UTC 2025","Sun Dec 07 00:46:57 UTC 2025","134","tests.admin_panel.slides","test_0_slides_sort","","","","test_slides_sort_by_id_forbidden[client]","Негативный тест: не админом."
"passed","Sun Dec 07 01:15:11 UTC 2025","Sun Dec 07 01:15:11 UTC 2025","133","tests.delivery","test_02_get_delivery_address","","","","test_get_delivery_addresses_invalid_pagination[invalid_pagination2-client]","Негатив: некорректные параметры пагинации"
"passed","Sun Dec 07 00:28:21 UTC 2025","Sun Dec 07 00:28:22 UTC 2025","136","tests.admin_panel","test_accrue_auto_bonus","","","","test_accrue_auto_bonus_forbidden[client]",""
"skipped","Sun Dec 07 01:12:25 UTC 2025","Sun Dec 07 01:12:25 UTC 2025","0","tests.chat_support","test_01_support_chat_messages_post","","","","test_status_desc_closed_at_bottom_and_default_updated_sort[client]","
    status DESC: все Closed в конце; внутри НЕ-Closed — updated_at DESC (дефолт).
    "
"passed","Sun Dec 07 01:17:14 UTC 2025","Sun Dec 07 01:17:14 UTC 2025","301","tests.delivery","test_get_cities_v2","","","","test_get_cities_v2_success[params0-client]","
    Позитив: успешное получение списка городов (обязателен city_name, country_id — опционален).
    "
"passed","Sun Dec 07 00:35:44 UTC 2025","Sun Dec 07 00:35:46 UTC 2025","1361","tests.admin_panel.items","test_update_item","","","","test_update_item_invalid_payload[payload2-expected_code2]","Негативный тест: обновление item с невалидным или неполным телом запроса."
"skipped","Sun Dec 07 01:27:19 UTC 2025","Sun Dec 07 01:27:19 UTC 2025","129","tests.statistic","test_team_activations","","","","test_get_team_activation_statistic_negative[payload1-partner]","Негативный тест: ошибка при получении статистики активации команды с невалидным телом запроса"
"skipped","Sun Dec 07 00:25:11 UTC 2025","Sun Dec 07 00:25:11 UTC 2025","0","tests.account","test_family_agreement_update_status","","","","test_update_family_agreement_status_positive[client-payload0]","Позитивные тесты на изменение статуса семейного соглашения"
"passed","Sun Dec 07 01:23:48 UTC 2025","Sun Dec 07 01:23:49 UTC 2025","1405","tests.one_c","test_create_1c_stock","","","","test_timezone_same_name_same_offset_reuses_existing",""
"passed","Sun Dec 07 01:24:17 UTC 2025","Sun Dec 07 01:24:17 UTC 2025","400","tests.one_c","test_create_1c_stock","","","","test_post_bad_request_or_unprocessable[<lambda>3]",""
"passed","Sun Dec 07 00:43:47 UTC 2025","Sun Dec 07 00:43:48 UTC 2025","866","tests.admin_panel.promo","test_77_create_promotion_item","","","","test_create_promotion_item_invalid_payload[payload4-422]",""
"passed","Sun Dec 07 00:38:09 UTC 2025","Sun Dec 07 00:38:09 UTC 2025","129","tests.admin_panel.products","test_40_create_product_brand","","","","test_create_product_brand_forbidden[client]","Негативный тест: создание бренда не-админом запрещено."
"skipped","Sun Dec 07 01:05:29 UTC 2025","Sun Dec 07 01:05:29 UTC 2025","0","tests.catalog","test_create_admin_product","","","","test_create_product_duplicate_slug[ka]",""
"passed","Sun Dec 07 01:03:31 UTC 2025","Sun Dec 07 01:03:31 UTC 2025","190","tests.cart","test_17_cart_update_user_country","","","","test_update_user_country_success[client]","Позитив: изменение страны пользователя в заказе."
"skipped","Sun Dec 07 01:12:25 UTC 2025","Sun Dec 07 01:12:25 UTC 2025","0","tests.chat_support","test_02_support_chat_messages_get","","","","test_get_messages_invalid_pagination[page=abc-partner]","Негативный: невалидные параметры пагинации"
"passed","Sun Dec 07 00:35:52 UTC 2025","Sun Dec 07 00:35:53 UTC 2025","1282","tests.admin_panel.items","test_update_item","","","","test_update_item_invalid_payload[payload4-422]","Негативный тест: обновление item с невалидным или неполным телом запроса."
"passed","Sun Dec 07 01:08:17 UTC 2025","Sun Dec 07 01:08:17 UTC 2025","129","tests.catalog","test_get_currencies","","","","test_get_currencies_success[admin]","
    Позитивный тест: успешное получение списка валют
    "
"passed","Sun Dec 07 00:52:12 UTC 2025","Sun Dec 07 00:52:13 UTC 2025","428","tests.auth","test_01_check_version","","","","test_check_version[Android-1.0.0-200]","Тест проверяет API /check_version для разных платформ и версий."
"passed","Sun Dec 07 01:31:33 UTC 2025","Sun Dec 07 01:31:34 UTC 2025","1148","tests.tickets","test_04_create_ticket","","","","test_create_ticket_success[client-attachments2-QuestionsAboutPaymentsToIP]","Позитивный тест: создание тикета с разными темами и вложениями для клиента, партнера и админа"
"passed","Sun Dec 07 00:47:52 UTC 2025","Sun Dec 07 00:47:53 UTC 2025","848","tests.admin_panel.slides","test_57_create_slide","","","","test_create_slide_title_color_validation[#ffffff-201]","Валидация поля title_color при создании слайда."
"passed","Sun Dec 07 00:32:10 UTC 2025","Sun Dec 07 00:32:11 UTC 2025","549","tests.admin_panel.categories","test_80_create_category_translation","","","","test_create_category_translation_invalid_payload[payload2-400]","Негативный тест: создание перевода с невалидным payload."
"passed","Sun Dec 07 01:10:53 UTC 2025","Sun Dec 07 01:10:53 UTC 2025","548","tests.catalog","test_update_admin_product","","","","test_update_admin_product_invalid_id[-1]",""
"passed","Sun Dec 07 00:39:56 UTC 2025","Sun Dec 07 00:39:57 UTC 2025","577","tests.admin_panel.products","test_43_delete_product_brand","","","","test_delete_product_brand_invalid_id[abc]","Негативный тест: удаление несуществующего или некорректного бренда."
"skipped","Sun Dec 07 01:03:18 UTC 2025","Sun Dec 07 01:03:18 UTC 2025","129","tests.cart","test_15_cart_update_country","","","","test_update_country_invalid_payload[client-payload0]","Негатив: невалидный payload."
"passed","Sun Dec 07 00:46:44 UTC 2025","Sun Dec 07 00:46:44 UTC 2025","559","tests.admin_panel.slides","test_0_slides_sort","","","","test_slides_sort_invalid_id[0]","Негативный тест: невалидный path parameter."
"passed","Sun Dec 07 01:31:47 UTC 2025","Sun Dec 07 01:31:48 UTC 2025","1090","tests.tickets","test_04_create_ticket","","","","test_create_ticket_success[client-attachments2-QuestionsAboutProducts]","Позитивный тест: создание тикета с разными темами и вложениями для клиента, партнера и админа"
"skipped","Sun Dec 07 01:18:54 UTC 2025","Sun Dec 07 01:18:55 UTC 2025","420","tests.delivery","test_get_dpd_offices","","","","test_get_dpd_offices_unauthorized",""
"passed","Sun Dec 07 00:36:50 UTC 2025","Sun Dec 07 00:36:50 UTC 2025","130","tests.admin_panel.periods","test_get_period_current","","","","test_get_period_current__forbidden[partner]",""
"passed","Sun Dec 07 01:31:19 UTC 2025","Sun Dec 07 01:31:20 UTC 2025","1269","tests.tickets","test_04_create_ticket","","","","test_create_ticket_success[client-attachments1-ChangePersonalData]","Позитивный тест: создание тикета с разными темами и вложениями для клиента, партнера и админа"
"passed","Sun Dec 07 01:14:58 UTC 2025","Sun Dec 07 01:14:58 UTC 2025","130","tests.delivery","test_02_get_delivery_address","","","","test_get_empty_delivery_addresses[partner]","Получение пустого списка"
"skipped","Sun Dec 07 01:29:01 UTC 2025","Sun Dec 07 01:29:02 UTC 2025","633","tests.stock","test_get_stocks","","","","test_get_stocks_invalid_country_id[0-admin]","Проверка получения складов по невалидному country_id"
"skipped","Sun Dec 07 01:28:23 UTC 2025","Sun Dec 07 01:28:23 UTC 2025","0","tests.stock","test_create_stock","","","","test_create_stock_with_empty_string_log_if_not_200[is_storage]",""
"passed","Sun Dec 07 00:48:55 UTC 2025","Sun Dec 07 00:48:55 UTC 2025","577","tests.admin_panel.slides","test_59_update_slide","","","","test_update_slide_invalid_id[abc]","Негативный тест: несуществующий или некорректный ID."
"passed","Sun Dec 07 01:09:04 UTC 2025","Sun Dec 07 01:09:04 UTC 2025","134","tests.catalog","test_get_recommended_products","","","","test_get_recommended_products_wrong_method[post-admin]","
    Негативный тест: отправка неверного HTTP-метода на ручку GET
    "
"skipped","Sun Dec 07 00:59:29 UTC 2025","Sun Dec 07 00:59:29 UTC 2025","136","tests.cart","test_11_cart_save_delivery_method","","","","test_save_delivery_method_invalid_payload[partner-payload0]","Негатив: невалидный payload."
"passed","Sun Dec 07 01:15:53 UTC 2025","Sun Dec 07 01:15:58 UTC 2025","4533","tests.delivery","test_03_delete_delivery_address","","","","test_delete_delivery_address_permissions[authorize_client-authorize_partner-True]","Права доступа при удалении адресов"
"passed","Sun Dec 07 00:22:30 UTC 2025","Sun Dec 07 00:22:30 UTC 2025","614","tests.PROJECT_FUND.initiatives","test_get_initiative_by_id","","","","test_get_initiative_by_invalid_id[0-https://dev.ewahelps.com/api]",""
"passed","Sun Dec 07 00:34:34 UTC 2025","Sun Dec 07 00:34:34 UTC 2025","548","tests.admin_panel.items","test_delete_item_translation","","","","test_delete_item_translation_invalid_id[-1]","Негативный тест: удаление перевода с невалидным или несуществующим ID item."
"passed","Sun Dec 07 01:35:21 UTC 2025","Sun Dec 07 01:35:22 UTC 2025","1205","tests.tickets","test_04_create_ticket","","","","test_create_ticket_success[admin-attachments1-OtherQuestions]","Позитивный тест: создание тикета с разными темами и вложениями для клиента, партнера и админа"
"skipped","Sun Dec 07 01:12:25 UTC 2025","Sun Dec 07 01:12:25 UTC 2025","0","tests.chat_support","test_02_support_chat_messages_get","","","","test_get_messages_success_with_pagination[0-1-partner]","Позитивный: получение с пагинацией"
"passed","Sun Dec 07 01:12:27 UTC 2025","Sun Dec 07 01:12:27 UTC 2025","130","tests.chat_support","test_04_support_chat_tags_get","","","","test_support_chat_tags_by_role[partner-2]","
    Позитив: /support-chat/tags возвращает только теги для роли текущего пользователя.
    "
"skipped","Sun Dec 07 01:22:09 UTC 2025","Sun Dec 07 01:22:10 UTC 2025","759","tests.fund","test_get_top_donors","","","","test_get_top_donors_invalid_params[invalid_param1-https://dev.ewahelps.com/api]","Негатив: неверные параметры должны дать 400 (при рабочем маршруте)."
"skipped","Sun Dec 07 00:23:16 UTC 2025","Sun Dec 07 00:23:16 UTC 2025","0","tests.account","test_0_marathon","","","","test_create_product_brand_invalid_payload[params2-400-client]",""
"passed","Sun Dec 07 01:21:30 UTC 2025","Sun Dec 07 01:21:30 UTC 2025","425","tests.delivery","test_self_pickup_offices","","","","test_self_pickup_offices_success_without_auth",""
"skipped","Sun Dec 07 00:25:11 UTC 2025","Sun Dec 07 00:25:11 UTC 2025","0","tests.account","test_funds_transfer_list","","","","test_get_funds_transfer_list_positive[client-payload1]","Позитивные тесты на получение истории переводов/выводов средств"
"passed","Sun Dec 07 00:23:36 UTC 2025","Sun Dec 07 00:23:36 UTC 2025","135","tests.account","test_0_top_partners_top_recruiters","","","","test_get_top_partners_top_recruiters_positive[client]","Позитивные тесты на получение топ-партнеров по количеству активных партнеров"
"passed","Sun Dec 07 00:38:55 UTC 2025","Sun Dec 07 00:38:56 UTC 2025","548","tests.admin_panel.products","test_41_get_product_brand_by_id","","","","test_get_product_brand_not_found","Негативный тест: бренд не найден"
"skipped","Sun Dec 07 01:28:22 UTC 2025","Sun Dec 07 01:28:22 UTC 2025","0","tests.stock","test_create_stock","","","","test_create_stock_with_empty_string_log_if_not_200[city.post_code]",""
"passed","Sun Dec 07 01:26:29 UTC 2025","Sun Dec 07 01:26:29 UTC 2025","568","tests.register","test_02_register_partner","","","","test_register_partner_negative[payload0-400]","Тест: негативные тесты для регистрации партнера вручную"
"passed","Sun Dec 07 00:39:59 UTC 2025","Sun Dec 07 00:40:00 UTC 2025","1373","tests.admin_panel.products","test_44_upload_product_brand_images","","","","test_upload_product_brand_images_success","Позитивный тест: успешная загрузка изображений бренда через multipart/form-data."
"skipped","Sun Dec 07 01:03:45 UTC 2025","Sun Dec 07 01:03:45 UTC 2025","152","tests.cart","test_19_cart_empty_suggestions","","","","test_cart_empty_suggestions_success[partner]","Позитив: получение рекомендаций при пустой корзине."
"passed","Sun Dec 07 00:38:59 UTC 2025","Sun Dec 07 00:39:00 UTC 2025","1083","tests.admin_panel.products","test_42_update_product_brand","","","","test_update_product_brand_success","Позитивный тест: успешное обновление бренда (все поля)."
"skipped","Sun Dec 07 00:25:33 UTC 2025","Sun Dec 07 00:25:33 UTC 2025","0","tests.account","test_history_personal_volumes","","","","test_get_personal_volumes_history_positive[client-payload0]","Позитивные тесты на получение истории начисления личных объемов"
"skipped","Sun Dec 07 00:30:10 UTC 2025","Sun Dec 07 00:30:10 UTC 2025","0","tests.admin_panel.categories","test_50_upload_category_images","","","","test_upload_only_single_image_field_should_not_fill_others[image-test_jpg.jpg-image/jpeg-image]","Проверка: загрузка только одного из полей (icon, image, image_site) не должна заполнять другие."
"passed","Sun Dec 07 00:24:01 UTC 2025","Sun Dec 07 00:24:01 UTC 2025","423","tests.account","test_account_branded_wallet_delete","","","","test_delete_branded_wallet_unauthorized","
    Без авторизации → 401
    "
"passed","Sun Dec 07 00:49:42 UTC 2025","Sun Dec 07 00:49:43 UTC 2025","941","tests.admin_panel.slides","test_59_update_slide","","","","test_update_slide_invalid_payload[payload17-422]","Негативный тест: обновление слайда с невалидным или неполным телом запроса."
"passed","Sun Dec 07 00:33:08 UTC 2025","Sun Dec 07 00:33:09 UTC 2025","772","tests.admin_panel.items","test_create_item","","","","test_create_item_invalid_payload[payload6-expected_code6]","
    Негативный тест: создание варианта с невалидным телом запроса.
    Если сервер внезапно вернул успех — удаляем созданный item из БД.
    "
"skipped","Sun Dec 07 00:24:02 UTC 2025","Sun Dec 07 00:24:02 UTC 2025","0","tests.account","test_account_branded_wallet_get","","","","test_get_period_bad_types_400_or_422[period1-partner]","
    Негатив: некорректные типы month/year → 400/422
    "
"passed","Sun Dec 07 01:05:23 UTC 2025","Sun Dec 07 01:05:24 UTC 2025","778","tests.catalog","test_create_admin_product","","","","test_create_product_invalid_payload[payload7-422]",""
"passed","Sun Dec 07 00:54:39 UTC 2025","Sun Dec 07 00:54:39 UTC 2025","152","tests.cart","test_02_get_delivery_cost","","","","test_get_delivery_cost_success_partial_payload[client-payload5-400]","
    Позитив/граничные: сочетания полей региона/города
    "
"passed","Sun Dec 07 00:39:29 UTC 2025","Sun Dec 07 00:39:30 UTC 2025","940","tests.admin_panel.products","test_42_update_product_brand","","","","test_update_product_brand_invalid_payload[payload5-422]","Негативный тест: обновление бренда с невалидным или неполным телом запроса."
"skipped","Sun Dec 07 01:16:46 UTC 2025","Sun Dec 07 01:16:46 UTC 2025","137","tests.delivery","test_get_cargo_offices","","","","test_get_cargo_offices_invalid_city_id_should_fail[-1-admin]",""
"passed","Sun Dec 07 00:27:06 UTC 2025","Sun Dec 07 00:27:07 UTC 2025","543","tests.admin_panel","test_03_support_delete_user","","","","test_invalid_id_returns_client_error[1.23]","
    Кривой/отсутствующий id в path:
    ожидаем клиентскую ошибку (400/404/405), а не 5xx.
    "
"passed","Sun Dec 07 01:34:27 UTC 2025","Sun Dec 07 01:34:27 UTC 2025","535","tests.tickets","test_04_create_ticket","","","","test_create_ticket_success[admin-attachments0-QuestionsAboutInternationalDelivery]","Позитивный тест: создание тикета с разными темами и вложениями для клиента, партнера и админа"
"passed","Sun Dec 07 01:35:34 UTC 2025","Sun Dec 07 01:35:36 UTC 2025","1280","tests.tickets","test_04_create_ticket","","","","test_create_ticket_success[admin-attachments1-ReceivingProductsShortage]","Позитивный тест: создание тикета с разными темами и вложениями для клиента, партнера и админа"
"skipped","Sun Dec 07 01:28:23 UTC 2025","Sun Dec 07 01:28:23 UTC 2025","0","tests.stock","test_create_stock","","","","test_create_stock_with_empty_string_log_if_not_200[is_pickup_only]",""
"passed","Sun Dec 07 00:24:07 UTC 2025","Sun Dec 07 00:24:07 UTC 2025","637","tests.account","test_account_branded_wallet_upload","","","","test_upload_success[valid_png.png-partner]","Позитив: валидное изображение (PNG/JPG) → 200 + корректная схема"
"passed","Sun Dec 07 00:34:30 UTC 2025","Sun Dec 07 00:34:32 UTC 2025","2348","tests.admin_panel.items","test_delete_item_translation","","","","test_delete_item_translation_forbidden[partner]","Негативный тест: удаление перевода не-админом запрещено."
"passed","Sun Dec 07 00:34:13 UTC 2025","Sun Dec 07 00:34:16 UTC 2025","2659","tests.admin_panel.items","test_create_item_translation","","","","test_item_translation_update_duplicate_lang_code","Позитивный тест: обновление перевода при повторной отправке с тем же lang_code."
"passed","Sun Dec 07 00:24:40 UTC 2025","Sun Dec 07 00:24:40 UTC 2025","624","tests.account","test_add_cover_url","","","","test_add_cover_full_payload[client]",""
"passed","Sun Dec 07 01:02:45 UTC 2025","Sun Dec 07 01:02:49 UTC 2025","3960","tests.cart","test_12_cart_estimate_delivery","","","","test_estimate_delivery_empty_payload[client-payload0]","
    пустой payload для /cart/estimate_delivery при непустой корзине
    "
"passed","Sun Dec 07 00:23:56 UTC 2025","Sun Dec 07 00:23:57 UTC 2025","736","tests.account","test_account_branded_wallet_delete","","","","test_delete_twice_first_204_second_404[client]","
    Двойное удаление: первый DELETE успешен, второй — 404
    "
"passed","Sun Dec 07 01:29:18 UTC 2025","Sun Dec 07 01:29:18 UTC 2025","129","tests.tickets","test_01_get_tickets","","","","test_get_tickets_no_pagination[partner]","Негативный тест: запрос без обязательного параметра pagination"
"passed","Sun Dec 07 00:22:26 UTC 2025","Sun Dec 07 00:22:27 UTC 2025","639","tests.PROJECT_FUND.initiatives","test_get_initiative_by_id","","","","test_get_initiative_by_invalid_id[abc-https://dev.ewahelps.com/api]",""
"passed","Sun Dec 07 01:07:52 UTC 2025","Sun Dec 07 01:07:55 UTC 2025","3803","tests.catalog","test_get_admin_product_translation","","","","test_get_admin_product_translation_forbidden[client]","Запрет получения переводов для клиента/партнёра."
"passed","Sun Dec 07 01:28:43 UTC 2025","Sun Dec 07 01:28:44 UTC 2025","139","tests.stock","test_get_stock_by_id","","","","test_get_stock_by_invalid_id[abc-admin]","Невалидные значения ID склада"
"skipped","Sun Dec 07 00:25:33 UTC 2025","Sun Dec 07 00:25:33 UTC 2025","0","tests.account","test_history_personal_volumes","","","","test_get_personal_volumes_history_positive[admin-payload0]","Позитивные тесты на получение истории начисления личных объемов"
"skipped","Sun Dec 07 00:25:54 UTC 2025","Sun Dec 07 00:25:54 UTC 2025","0","tests.account","test_token_revoke","","","","test_revoke_token_positive[admin-payload0]","Позитивные тесты на удаление токена"
"passed","Sun Dec 07 00:53:30 UTC 2025","Sun Dec 07 00:53:30 UTC 2025","130","tests.cart","test_01_user_locale","","","","test_update_user_locale_valid_payload_1[client-payload7]","
    Позитивный тест: Обновление языка/склада/локали авторизованным пользователем"
"passed","Sun Dec 07 00:31:21 UTC 2025","Sun Dec 07 00:31:22 UTC 2025","1370","tests.admin_panel.categories","test_79_get_category_translation","","","","test_get_category_translation_forbidden[partner]",""
"skipped","Sun Dec 07 01:29:16 UTC 2025","Sun Dec 07 01:29:16 UTC 2025","0","tests.tickets","test_01_get_tickets","","","","test_get_tickets_success[filter0-sort0-search2-pagination0-admin]","Позитивный тест: получение списка тикетов с разными комбинациями параметров"
"failed","Sun Dec 07 00:29:03 UTC 2025","Sun Dec 07 00:29:04 UTC 2025","543","tests.admin_panel","test_partner_accrual_details_main_bonus","","","","test_main_bonus_details_invalid_query_params[query3-expected_codes3]","
    Негатив: валидация query-параметров main-bonus
    "
"passed","Sun Dec 07 00:45:13 UTC 2025","Sun Dec 07 00:45:14 UTC 2025","842","tests.admin_panel.sliders","test_53_get_sliders_by_id","","","","test_get_sliders_by_id_forbidden[partner]","Негативный тест: получение слайдера по ID не-админом запрещено"
"passed","Sun Dec 07 01:32:03 UTC 2025","Sun Dec 07 01:32:04 UTC 2025","1152","tests.tickets","test_04_create_ticket","","","","test_create_ticket_success[client-attachments2-ChangePersonalData]","Позитивный тест: создание тикета с разными темами и вложениями для клиента, партнера и админа"
"passed","Sun Dec 07 00:48:11 UTC 2025","Sun Dec 07 00:48:12 UTC 2025","577","tests.admin_panel.slides","test_57_create_slide","","","","test_create_slide_title_color_validation[#12345G-400]","Валидация поля title_color при создании слайда."
"skipped","Sun Dec 07 01:29:16 UTC 2025","Sun Dec 07 01:29:16 UTC 2025","0","tests.tickets","test_01_get_tickets","","","","test_get_tickets_success[filter2-sort0-search1-pagination1-partner]","Позитивный тест: получение списка тикетов с разными комбинациями параметров"
"passed","Sun Dec 07 01:26:33 UTC 2025","Sun Dec 07 01:26:33 UTC 2025","557","tests.register","test_02_register_partner","","","","test_register_partner_negative[payload2-400]","Тест: негативные тесты для регистрации партнера вручную"
"passed","Sun Dec 07 00:28:23 UTC 2025","Sun Dec 07 00:28:23 UTC 2025","133","tests.admin_panel","test_accrue_auto_bonus","","","","test_accrue_auto_bonus_forbidden[partner]",""
"passed","Sun Dec 07 00:45:19 UTC 2025","Sun Dec 07 00:45:20 UTC 2025","551","tests.admin_panel.sliders","test_53_get_sliders_by_id","","","","test_get_sliders_invalid_id[None]","Негативный тест: получение слайдера по невалидному ID"
"passed","Sun Dec 07 01:34:21 UTC 2025","Sun Dec 07 01:34:22 UTC 2025","541","tests.tickets","test_04_create_ticket","","","","test_create_ticket_success[admin-attachments0-QuestionsAboutTheHousingAndCarProgram]","Позитивный тест: создание тикета с разными темами и вложениями для клиента, партнера и админа"
"passed","Sun Dec 07 01:34:32 UTC 2025","Sun Dec 07 01:34:33 UTC 2025","574","tests.tickets","test_04_create_ticket","","","","test_create_ticket_success[admin-attachments0-QuestionsAboutTheWorkOfTheStructureAndMentors]","Позитивный тест: создание тикета с разными темами и вложениями для клиента, партнера и админа"
"skipped","Sun Dec 07 01:28:23 UTC 2025","Sun Dec 07 01:28:23 UTC 2025","0","tests.stock","test_create_stock","","","","test_create_stock_with_empty_string_log_if_not_200[timezone.is_dst]",""
"passed","Sun Dec 07 00:38:30 UTC 2025","Sun Dec 07 00:38:31 UTC 2025","580","tests.admin_panel.products","test_40_create_product_brand","","","","test_create_product_brand_invalid_payload[payload11-expected_codes11]","Негативные кейсы: невалидные поля при создании бренда."
"skipped","Sun Dec 07 01:28:23 UTC 2025","Sun Dec 07 01:28:23 UTC 2025","557","tests.stock","test_delete_stock","","","","test_delete_stock_invalid_id[abc]",""
"failed","Sun Dec 07 00:28:51 UTC 2025","Sun Dec 07 00:28:51 UTC 2025","596","tests.admin_panel","test_partner_accrual_details_common","","","","test_common_accrual_details_future_period_date","
    Негатив: period_date в будущем → 400/422
    "
"passed","Sun Dec 07 00:45:24 UTC 2025","Sun Dec 07 00:45:25 UTC 2025","554","tests.admin_panel.sliders","test_53_get_sliders_by_id","","","","test_get_slider_not_found","Негативный тест: слайдер не найден"
"skipped","Sun Dec 07 00:25:33 UTC 2025","Sun Dec 07 00:25:33 UTC 2025","0","tests.account","test_history_personal_volumes","","","","test_get_personal_volumes_history_positive[partner-payload1]","Позитивные тесты на получение истории начисления личных объемов"
"passed","Sun Dec 07 00:30:19 UTC 2025","Sun Dec 07 00:30:20 UTC 2025","554","tests.admin_panel.categories","test_56_v2_create_category","","","","test_v2_create_category_invalid_payload[payload1-expected_code1]","Негативный тест: создание категории с невалидным телом запроса."
"passed","Sun Dec 07 00:22:53 UTC 2025","Sun Dec 07 00:22:53 UTC 2025","416","tests.PROJECT_FUND.initiatives","test_get_reports","","","","test_get_reports_with_query_params[query2-https://dev.ewahelps.com/api]","Позитивный тест: получение списка отчетов с query-параметрами"
"passed","Sun Dec 07 01:08:04 UTC 2025","Sun Dec 07 01:08:04 UTC 2025","572","tests.catalog","test_get_admin_product_translation","","","","test_get_admin_product_translation_invalid_id[abc]","Проверка получения перевода по невалидному product_id."
"passed","Sun Dec 07 00:42:59 UTC 2025","Sun Dec 07 00:42:59 UTC 2025","828","tests.admin_panel.promo","test_75_delete_promotion_by_id","","","","test_delete_promotion_forbidden[partner]","Негативный тест: попытка удаления акции не-админом."
"passed","Sun Dec 07 00:22:38 UTC 2025","Sun Dec 07 00:22:38 UTC 2025","677","tests.PROJECT_FUND.initiatives","test_get_report_by_id","","","","test_get_report_by_valid_id[https://dev.ewahelps.com/api]","Позитивный тест: получение отчета по существующему ID"
"passed","Sun Dec 07 00:41:01 UTC 2025","Sun Dec 07 00:41:02 UTC 2025","130","tests.admin_panel.promo","test_71_get_promotions","","","","test_get_promotions_list_forbidden[partner]","Негативный тест: получение списка акций не админом."
"skipped","Sun Dec 07 01:12:25 UTC 2025","Sun Dec 07 01:12:25 UTC 2025","0","tests.chat_support","test_01_support_chat_messages_post","","","","test_post_message_invalid_payload[payload1-client]",""
"passed","Sun Dec 07 00:41:14 UTC 2025","Sun Dec 07 00:41:14 UTC 2025","550","tests.admin_panel.promo","test_72_create_promotion","","","","test_create_promotion_invalid_data[payload3-400]","Негативные тесты: невалидные данные"
"skipped","Sun Dec 07 00:25:33 UTC 2025","Sun Dec 07 00:25:33 UTC 2025","0","tests.account","test_get_languages","","","","test_get_languages_success[partner-123-400]","Возвращает список языков, доступных для перевода"
"passed","Sun Dec 07 01:35:07 UTC 2025","Sun Dec 07 01:35:08 UTC 2025","1235","tests.tickets","test_04_create_ticket","","","","test_create_ticket_success[admin-attachments1-QuestionsAboutProducts]","Позитивный тест: создание тикета с разными темами и вложениями для клиента, партнера и админа"
"passed","Sun Dec 07 00:29:58 UTC 2025","Sun Dec 07 00:29:59 UTC 2025","900","tests.admin_panel.categories","test_49_delete_category","","","","test_delete_category_forbidden[partner]","Негативный тест: попытка удаления категории не-админом."
"skipped","Sun Dec 07 01:37:46 UTC 2025","Sun Dec 07 01:37:47 UTC 2025","546","tests.tickets","test_07_delete_ticket","","","","test_delete_tickets_negative[ticket_ids1-400]","Негативные тесты: удаление с некорректными данными"
"passed","Sun Dec 07 00:47:43 UTC 2025","Sun Dec 07 00:47:44 UTC 2025","559","tests.admin_panel.slides","test_57_create_slide","","","","test_create_slide_invalid_payload[payload17-422]","Негативные тесты: некорректные и неполные payload'ы."
"passed","Sun Dec 07 00:44:45 UTC 2025","Sun Dec 07 00:44:45 UTC 2025","564","tests.admin_panel.sliders","test_52_create_slider","","","","test_create_slider_invalid_payload[payload1-expected_code1]","Негативный тест: попытка создать слайдер с невалидным payload."
"passed","Sun Dec 07 00:22:17 UTC 2025","Sun Dec 07 00:22:17 UTC 2025","679","tests.PROJECT_EDUCATION.test_system","test_06_get_result","","","","test_get_result_invalid_id[]",""
"passed","Sun Dec 07 00:39:32 UTC 2025","Sun Dec 07 00:39:33 UTC 2025","851","tests.admin_panel.products","test_42_update_product_brand","","","","test_update_product_brand_invalid_payload[payload6-422]","Негативный тест: обновление бренда с невалидным или неполным телом запроса."
"passed","Sun Dec 07 00:45:35 UTC 2025","Sun Dec 07 00:45:36 UTC 2025","864","tests.admin_panel.sliders","test_54_update_slider","","","","test_update_slider_forbidden[client]","Негативный тест: попытка обновления слайдера не-админом."
"passed","Sun Dec 07 01:04:56 UTC 2025","Sun Dec 07 01:05:00 UTC 2025","3495","tests.catalog","test_create_admin_product","","","","test_create_admin_product_minimal_payload_variants[slug+mixed_named_categories]",""
"skipped","Sun Dec 07 01:29:16 UTC 2025","Sun Dec 07 01:29:16 UTC 2025","0","tests.tickets","test_01_get_tickets","","","","test_get_tickets_success[filter0-sort1-search2-pagination1-partner]","Позитивный тест: получение списка тикетов с разными комбинациями параметров"
"passed","Sun Dec 07 00:32:04 UTC 2025","Sun Dec 07 00:32:05 UTC 2025","975","tests.admin_panel.categories","test_80_create_category_translation","","","","test_create_category_translation_forbidden[partner]","Негативный тест: создание перевода не-админом запрещено."
"passed","Sun Dec 07 01:08:42 UTC 2025","Sun Dec 07 01:08:42 UTC 2025","136","tests.catalog","test_get_items_list_all","","","","test_get_items_list_all_wrong_method[put]",""
"passed","Sun Dec 07 01:19:04 UTC 2025","Sun Dec 07 01:19:04 UTC 2025","129","tests.delivery","test_get_emu_pickup_points","","","","test_get_emu_pickup_points_invalid_city_id_should_fail[abc-admin]","Негатив: невалидные значения city_id → 400/422."
"skipped","Sun Dec 07 01:20:37 UTC 2025","Sun Dec 07 01:20:37 UTC 2025","128","tests.delivery","test_get_kgpost_offices","","","","test_get_kgpost_offices_invalid_city_id_should_fail[0-admin]",""
"passed","Sun Dec 07 01:27:55 UTC 2025","Sun Dec 07 01:27:55 UTC 2025","131","tests.statistic","test_team_registrations","","","","test_get_team_registration_statistic_positive[payload1-client]","Позитивный тест: получение статистики по регистрации команды с валидным телом запроса"
"passed","Sun Dec 07 01:20:56 UTC 2025","Sun Dec 07 01:20:56 UTC 2025","136","tests.delivery","test_get_self_pickup_offices","","","","test_get_self_pickup_offices_missing_city_id_should_fail[admin]","Негатив: отсутствует обязательный query-параметр city_id → 400/422."
"skipped","Sun Dec 07 00:23:16 UTC 2025","Sun Dec 07 00:23:16 UTC 2025","0","tests.account","test_0_marathon","","","","test_create_product_brand_invalid_payload[params0-400-client]",""
"passed","Sun Dec 07 00:47:48 UTC 2025","Sun Dec 07 00:47:48 UTC 2025","574","tests.admin_panel.slides","test_57_create_slide","","","","test_create_slide_invalid_payload[payload20-422]","Негативные тесты: некорректные и неполные payload'ы."
"skipped","Sun Dec 07 00:25:54 UTC 2025","Sun Dec 07 00:25:54 UTC 2025","0","tests.account","test_update","","","","test_update_account_positive[admin-payload1]","Позитивные тесты на обновление данных аккаунта"
"passed","Sun Dec 07 00:28:13 UTC 2025","Sun Dec 07 00:28:14 UTC 2025","584","tests.admin_panel","test_05_admin_support_users_token_revoke_all","","","","test_invalid_user_id_for_revoke_all_returns_client_error[0]",""
"passed","Sun Dec 07 00:46:50 UTC 2025","Sun Dec 07 00:46:51 UTC 2025","577","tests.admin_panel.slides","test_0_slides_sort","","","","test_slides_sort_invalid_id[999999]","Негативный тест: невалидный path parameter."
"passed","Sun Dec 07 01:08:20 UTC 2025","Sun Dec 07 01:08:20 UTC 2025","629","tests.catalog","test_get_item_by_id","","","","test_get_item_success[admin]","
    Позитивный тест: успешное получение атомарного товара по id
    "
"passed","Sun Dec 07 01:06:52 UTC 2025","Sun Dec 07 01:06:52 UTC 2025","578","tests.catalog","test_create_admin_product_translation","","","","test_create_admin_product_translation_invalid_payload[payload3-400]","Негативные проверки на создание перевода с некорректным payload."
"passed","Sun Dec 07 00:48:29 UTC 2025","Sun Dec 07 00:48:30 UTC 2025","554","tests.admin_panel.slides","test_58_get_slides_by_id","","","","test_get_slides_invalid_id[0]","Негативный тест: невалидный ID в path-параметре."
"passed","Sun Dec 07 00:22:39 UTC 2025","Sun Dec 07 00:22:40 UTC 2025","563","tests.PROJECT_FUND.initiatives","test_get_report_by_id","","","","test_get_report_by_invalid_id[abc-https://dev.ewahelps.com/api]","Негативный тест: невалидный или несуществующий path-параметр"
"skipped","Sun Dec 07 01:20:03 UTC 2025","Sun Dec 07 01:20:03 UTC 2025","137","tests.delivery","test_get_georgian_post_pickup_points","","","","test_get_georgian_post_pickup_points_invalid_city_id_should_fail[0-admin]","Негатив: невалидные значения city_id → 400/422."
"passed","Sun Dec 07 00:44:09 UTC 2025","Sun Dec 07 00:44:10 UTC 2025","1221","tests.admin_panel.promo","test_78_delete_promotion_item","","","","test_delete_promotion_item_success","Позитивный тест: удаление элемента акции из двух админом."
"passed","Sun Dec 07 00:46:41 UTC 2025","Sun Dec 07 00:46:41 UTC 2025","547","tests.admin_panel.slides","test_0_slides_sort","","","","test_slides_sort_invalid_id[abc]","Негативный тест: невалидный path parameter."
"passed","Sun Dec 07 00:43:26 UTC 2025","Sun Dec 07 00:43:27 UTC 2025","1114","tests.admin_panel.promo","test_77_create_promotion_item","","","","test_create_promotion_item_success","Позитивный тест: создание/обновление элемента акции"
"skipped","Sun Dec 07 00:22:59 UTC 2025","Sun Dec 07 00:22:59 UTC 2025","678","tests.PROJECT_FUND.initiatives","test_get_reports","","","","test_get_reports_invalid_query_params[query2-https://dev.ewahelps.com/api]","Негативный тест: запрос с некорректными query-параметрами"
"skipped","Sun Dec 07 01:29:16 UTC 2025","Sun Dec 07 01:29:16 UTC 2025","0","tests.tickets","test_01_get_tickets","","","","test_get_tickets_success[filter1-sort0-search0-pagination1-partner]","Позитивный тест: получение списка тикетов с разными комбинациями параметров"
"skipped","Sun Dec 07 01:12:25 UTC 2025","Sun Dec 07 01:12:25 UTC 2025","0","tests.chat_support","test_01_support_chat_messages_post","","","","test_post_message_unauthorized",""
"skipped","Sun Dec 07 01:27:20 UTC 2025","Sun Dec 07 01:27:20 UTC 2025","137","tests.statistic","test_team_activations","","","","test_get_team_activation_statistic_negative[payload1-admin]","Негативный тест: ошибка при получении статистики активации команды с невалидным телом запроса"
"passed","Sun Dec 07 00:52:02 UTC 2025","Sun Dec 07 00:52:03 UTC 2025","1189","tests.admin_panel.slides","test_62_slides_update_video_url","","","","test_update_video_url_empty","Позитивный тест: передача пустой строки — должен быть сгенерирован мастер-файл"
"passed","Sun Dec 07 01:12:04 UTC 2025","Sun Dec 07 01:12:08 UTC 2025","3840","tests.catalog","test_update_admin_product","","","","test_update_admin_product_invalid_payload[update_payload8-422]",""
"passed","Sun Dec 07 00:52:33 UTC 2025","Sun Dec 07 00:52:33 UTC 2025","153","tests.auth","test_02_login","","","","test_client_login[client-2876-123123-200]",""
"passed","Sun Dec 07 00:42:44 UTC 2025","Sun Dec 07 00:42:44 UTC 2025","869","tests.admin_panel.promo","test_74_update_promotion","","","","test_update_promotion_invalid_payload[payload10-422]","Негативный тест: обновление акции с невалидным или неполным телом запроса."
"skipped","Sun Dec 07 00:53:57 UTC 2025","Sun Dec 07 00:53:57 UTC 2025","0","tests.cart","test_01_user_locale","","","","test_update_user_locale_valid_payload[payload6]","
    Позитивный тест: Обновление языка/склада/локали НЕавторизованным пользователем с указанной корзиной в cookie.
    "
"passed","Sun Dec 07 01:20:45 UTC 2025","Sun Dec 07 01:20:45 UTC 2025","129","tests.delivery","test_get_rupost_offices","","","","test_get_rupost_offices_missing_city_id_should_fail[admin]",""
"passed","Sun Dec 07 01:23:08 UTC 2025","Sun Dec 07 01:23:15 UTC 2025","6534","tests.integration","test_order_selfpickup_ewa","","","","test_order_selfpickup_ewa",""
"passed","Sun Dec 07 01:25:19 UTC 2025","Sun Dec 07 01:25:25 UTC 2025","6130","tests.orders","test_create_order_by_delivery_address","","","","test_create_order_permissions[authorize_client-authorize_client-200]","Тест: проверка прав доступа при создании заказа по сохраненному адресу"
"passed","Sun Dec 07 00:36:15 UTC 2025","Sun Dec 07 00:36:16 UTC 2025","576","tests.admin_panel.periods","test_get_period_by_id","","","","test_get_period_by_id__invalid_400_404[]",""
"skipped","Sun Dec 07 01:37:14 UTC 2025","Sun Dec 07 01:37:15 UTC 2025","1133","tests.tickets","test_06_close_ticket","","","","test_close_tickets_negative[client-ticket_ids1-400]","Негативные тесты: закрытие с некорректными данными"
"passed","Sun Dec 07 00:35:27 UTC 2025","Sun Dec 07 00:35:28 UTC 2025","579","tests.admin_panel.items","test_update_item","","","","test_update_item_invalid_id[0]","Негативный тест: несуществующий или некорректный ID."
"passed","Sun Dec 07 01:26:42 UTC 2025","Sun Dec 07 01:26:42 UTC 2025","550","tests.register","test_03_register_client","","","","test_register_client_negative[payload0-400]","Тест: негативные тесты для регистрации клиента вручную"
"passed","Sun Dec 07 00:36:06 UTC 2025","Sun Dec 07 00:36:06 UTC 2025","129","tests.admin_panel.periods","test_get_approved_marketing_periods","","","","test_get_approved_marketing_periods__forbidden[partner]",""
"passed","Sun Dec 07 01:24:29 UTC 2025","Sun Dec 07 01:24:30 UTC 2025","404","tests.one_c","test_create_1c_stock","","","","test_post_bad_request_or_unprocessable[<lambda>9]",""
"passed","Sun Dec 07 00:53:24 UTC 2025","Sun Dec 07 00:53:25 UTC 2025","960","tests.cart","test_01_user_locale","","","","test_update_user_locale_valid_payload_1[client-payload4]","
    Позитивный тест: Обновление языка/склада/локали авторизованным пользователем"
"passed","Sun Dec 07 00:50:07 UTC 2025","Sun Dec 07 00:50:07 UTC 2025","585","tests.admin_panel.slides","test_60_delete_slides","","","","test_delete_slide_invalid_id[9999999]","Негативный тест: удаление несуществующего или некорректного слайда."
"skipped","Sun Dec 07 01:12:25 UTC 2025","Sun Dec 07 01:12:25 UTC 2025","0","tests.chat_support","test_01_support_chat_messages_post","","","","test_post_message_invalid_payload[payload2-partner]",""
"passed","Sun Dec 07 00:43:04 UTC 2025","Sun Dec 07 00:43:04 UTC 2025","570","tests.admin_panel.promo","test_75_delete_promotion_by_id","","","","test_delete_promotion_invalid_id[9999999]","Негативный тест: удаление несуществующей или некорректной акции."
"passed","Sun Dec 07 00:54:25 UTC 2025","Sun Dec 07 00:54:26 UTC 2025","277","tests.cart","test_02_get_delivery_cost","","","","test_get_delivery_cost_success_region_available_false[client]","
    Позитив: успешное получение ТК, отправляя только country_id и city_name
    (Country.is_region_available = false).
    "
"skipped","Sun Dec 07 01:29:16 UTC 2025","Sun Dec 07 01:29:16 UTC 2025","0","tests.tickets","test_01_get_tickets","","","","test_get_tickets_success[filter2-sort1-search1-pagination1-client]","Позитивный тест: получение списка тикетов с разными комбинациями параметров"
"passed","Sun Dec 07 01:32:10 UTC 2025","Sun Dec 07 01:32:11 UTC 2025","1132","tests.tickets","test_04_create_ticket","","","","test_create_ticket_success[client-attachments2-ReceivingDefectiveProducts]","Позитивный тест: создание тикета с разными темами и вложениями для клиента, партнера и админа"
"passed","Sun Dec 07 00:34:06 UTC 2025","Sun Dec 07 00:34:07 UTC 2025","586","tests.admin_panel.items","test_create_item_translation","","","","test_create_item_translation_invalid_payload[payload3-code3]","Негативный тест: создание перевода с невалидным payload."
"passed","Sun Dec 07 00:50:15 UTC 2025","Sun Dec 07 00:50:15 UTC 2025","136","tests.admin_panel.slides","test_61_upload_slides_images","","","","test_upload_slide_images_forbidden[client]","Негативный тест: неадмин не может загрузить изображения слайда."
"passed","Sun Dec 07 01:19:49 UTC 2025","Sun Dec 07 01:19:49 UTC 2025","129","tests.delivery","test_get_five_post_warehouses","","","","test_get_five_post_warehouses_success[admin]","Позитив: успешное получение списка складов 5Post (только для администратора)."
"skipped","Sun Dec 07 01:28:22 UTC 2025","Sun Dec 07 01:28:22 UTC 2025","0","tests.stock","test_create_stock","","","","test_create_stock_with_empty_string_log_if_not_200[id_1c]",""
"passed","Sun Dec 07 00:21:15 UTC 2025","Sun Dec 07 00:21:15 UTC 2025","591","tests.PROJECT_EDUCATION.test_system","test_02_get_question","","","","test_get_question_invalid_id[abc]",""
"passed","Sun Dec 07 00:44:59 UTC 2025","Sun Dec 07 00:44:59 UTC 2025","564","tests.admin_panel.sliders","test_52_create_slider","","","","test_create_slider_invalid_payload[payload10-422]","Негативный тест: попытка создать слайдер с невалидным payload."
"skipped","Sun Dec 07 01:29:16 UTC 2025","Sun Dec 07 01:29:16 UTC 2025","0","tests.tickets","test_01_get_tickets","","","","test_get_tickets_success[filter1-sort1-search1-pagination0-admin]","Позитивный тест: получение списка тикетов с разными комбинациями параметров"
"skipped","Sun Dec 07 01:29:16 UTC 2025","Sun Dec 07 01:29:16 UTC 2025","0","tests.tickets","test_01_get_tickets","","","","test_get_tickets_success[filter0-sort0-search1-pagination1-partner]","Позитивный тест: получение списка тикетов с разными комбинациями параметров"
"passed","Sun Dec 07 00:55:13 UTC 2025","Sun Dec 07 00:55:13 UTC 2025","129","tests.cart","test_02_get_delivery_cost","","","","test_get_delivery_cost_invalid_payload[partner-payload1]","Негатив: некорректные входные данные."
"passed","Sun Dec 07 00:30:03 UTC 2025","Sun Dec 07 00:30:04 UTC 2025","560","tests.admin_panel.categories","test_49_delete_category","","","","test_delete_category_invalid_id[9999999]","Негативный тест: удаление несуществующей или некорректной категории."
"passed","Sun Dec 07 01:29:14 UTC 2025","Sun Dec 07 01:29:15 UTC 2025","965","tests.temporary","test_last_cleanup_orphan_boxes","","","","test_cleanup_orphan_boxes_is_idempotent","
    Проверяем:
      1) сколько сирот есть сейчас,
      2) cleanup удаляет ровно их количество,
      3) повторный запуск не удаляет ничего.
    "
"passed","Sun Dec 07 01:12:26 UTC 2025","Sun Dec 07 01:12:26 UTC 2025","130","tests.chat_support","test_04_support_chat_tags_get","","","","test_support_chat_tags_by_role[client-1]","
    Позитив: /support-chat/tags возвращает только теги для роли текущего пользователя.
    "
"passed","Sun Dec 07 00:31:05 UTC 2025","Sun Dec 07 00:31:06 UTC 2025","910","tests.admin_panel.categories","test_57_v2_update_category","","","","test_v2_update_category_invalid_payload[payload5-422]","Негативный тест: обновление категории с невалидным или неполным телом запроса."
"skipped","Sun Dec 07 01:18:20 UTC 2025","Sun Dec 07 01:18:21 UTC 2025","136","tests.delivery","test_get_delivery_countries","","","","test_get_delivery_countries_invalid_from[None-admin]","Негатив: невалидные значения параметра from → 400/422."
"skipped","Sun Dec 07 01:28:23 UTC 2025","Sun Dec 07 01:28:23 UTC 2025","0","tests.stock","test_create_stock","","","","test_create_stock_with_empty_string_log_if_not_200[address.floor]",""
"passed","Sun Dec 07 00:27:05 UTC 2025","Sun Dec 07 00:27:05 UTC 2025","564","tests.admin_panel","test_03_support_delete_user","","","","test_invalid_id_returns_client_error[-1]","
    Кривой/отсутствующий id в path:
    ожидаем клиентскую ошибку (400/404/405), а не 5xx.
    "
"passed","Sun Dec 07 00:39:07 UTC 2025","Sun Dec 07 00:39:08 UTC 2025","840","tests.admin_panel.products","test_42_update_product_brand","","","","test_update_product_brand_forbidden[partner]","Негативный тест: попытка обновления бренда не-админом."
"skipped","Sun Dec 07 01:38:10 UTC 2025","Sun Dec 07 01:38:13 UTC 2025","2526","tests.tickets","test_10_send_message_to_ticket","","","","test_send_message_role_permissions[authorize_partner-authorize_client-403]","Проверка доступа к отправке сообщений в тикеты в зависимости от роли"
"passed","Sun Dec 07 01:25:45 UTC 2025","Sun Dec 07 01:25:45 UTC 2025","129","tests.orders","test_create_order_by_delivery_address","","","","test_create_order_invalid_data[invalid_payload1-partner]","Негативные тесты: создание заказа с некорректными данными"
"passed","Sun Dec 07 00:27:50 UTC 2025","Sun Dec 07 00:27:50 UTC 2025","569","tests.admin_panel","test_04_generate_support_token","","","","test_invalid_user_id_for_token_returns_client_error[1.23]",""
"passed","Sun Dec 07 00:53:04 UTC 2025","Sun Dec 07 00:53:04 UTC 2025","402","tests.auth","test_05_logout","","","","test_logout_without_token","Тест разлогинивания без токена"
"passed","Sun Dec 07 01:31:50 UTC 2025","Sun Dec 07 01:31:51 UTC 2025","1383","tests.tickets","test_04_create_ticket","","","","test_create_ticket_success[client-attachments2-QuestionsAboutTheWorkOfTheStructureAndMentors]","Позитивный тест: создание тикета с разными темами и вложениями для клиента, партнера и админа"
"passed","Sun Dec 07 01:14:10 UTC 2025","Sun Dec 07 01:14:12 UTC 2025","1785","tests.delivery","test_01_save_delivery_address","","","","test_save_delivery_address_negative[partner-payload5-400]","Негативные тесты на сохранение адреса доставки"
"passed","Sun Dec 07 00:21:37 UTC 2025","Sun Dec 07 00:21:37 UTC 2025","566","tests.PROJECT_EDUCATION.test_system","test_03_user_answers","","","","test_user_answers_invalid_id[999999]","Негативный тест: запуск теста с невалидным ID"
"skipped","Sun Dec 07 01:29:06 UTC 2025","Sun Dec 07 01:29:06 UTC 2025","0","tests.stock","test_update_stock","","","","test_update_stock_invalid_id[9999999]",""
"passed","Sun Dec 07 01:27:53 UTC 2025","Sun Dec 07 01:27:53 UTC 2025","130","tests.statistic","test_team_registrations","","","","test_get_team_registration_statistic_positive[payload0-admin]","Позитивный тест: получение статистики по регистрации команды с валидным телом запроса"
"passed","Sun Dec 07 00:54:03 UTC 2025","Sun Dec 07 00:54:03 UTC 2025","136","tests.cart","test_01_user_locale","","","","test_update_user_locale_invalid_payload[client-payload3-400]","Негативный тест: обновление локали с невалидным payload."
"passed","Sun Dec 07 00:43:42 UTC 2025","Sun Dec 07 00:43:43 UTC 2025","831","tests.admin_panel.promo","test_77_create_promotion_item","","","","test_create_promotion_item_invalid_payload[payload2-400]",""
"passed","Sun Dec 07 00:21:06 UTC 2025","Sun Dec 07 00:21:06 UTC 2025","562","tests.PROJECT_EDUCATION.test_system","test_01_start_test","","","","test_start_test_invalid_id[0]","Негативный тест: запуск теста с невалидным ID"
"skipped","Sun Dec 07 00:36:59 UTC 2025","Sun Dec 07 00:36:59 UTC 2025","0","tests.admin_panel.products","test_01_create_product_group","","","","test_create_product_group_unauthorized","Негативный тест: создание продукт группы без авторизации."
"passed","Sun Dec 07 01:29:34 UTC 2025","Sun Dec 07 01:29:34 UTC 2025","129","tests.tickets","test_01_get_tickets","","","","test_get_tickets_invalid_search[invalid_search2-400-partner]","Негативный тест: передаем некорректные параметры поиска"
"passed","Sun Dec 07 00:43:11 UTC 2025","Sun Dec 07 00:43:12 UTC 2025","1004","tests.admin_panel.promo","test_76_get_promotion_items","","","","test_get_promotion_item_forbidden[client]","Негативный тест: получение элемента акции не-админом запрещено."
"passed","Sun Dec 07 00:41:11 UTC 2025","Sun Dec 07 00:41:11 UTC 2025","553","tests.admin_panel.promo","test_72_create_promotion","","","","test_create_promotion_invalid_data[payload1-400]","Негативные тесты: невалидные данные"
"skipped","Sun Dec 07 00:25:53 UTC 2025","Sun Dec 07 00:25:53 UTC 2025","138","tests.account","test_post_downgrade_user","","","","test_downgrade_validation_errors[bad_payload5-admin]","
    Валидация: битый payload → 400/422.
    "
"passed","Sun Dec 07 00:31:54 UTC 2025","Sun Dec 07 00:31:55 UTC 2025","1474","tests.admin_panel.categories","test_80_create_category_translation","","","","test_create_category_translation_success[ka]","Позитивный тест: создание/обновление перевода категории для разных языков."
"skipped","Sun Dec 07 01:29:16 UTC 2025","Sun Dec 07 01:29:16 UTC 2025","0","tests.tickets","test_01_get_tickets","","","","test_get_tickets_success[filter2-sort1-search2-pagination0-client]","Позитивный тест: получение списка тикетов с разными комбинациями параметров"
"passed","Sun Dec 07 01:36:27 UTC 2025","Sun Dec 07 01:36:28 UTC 2025","541","tests.tickets","test_04_create_ticket","","","","test_create_ticket_invalid_request_type[client-None-200]","Негативный тест: попытка создания тикета с неверным типом request_type"
"passed","Sun Dec 07 00:49:05 UTC 2025","Sun Dec 07 00:49:06 UTC 2025","975","tests.admin_panel.slides","test_59_update_slide","","","","test_update_slide_invalid_payload[payload3-expected_code3]","Негативный тест: обновление слайда с невалидным или неполным телом запроса."
"skipped","Sun Dec 07 01:29:16 UTC 2025","Sun Dec 07 01:29:16 UTC 2025","0","tests.tickets","test_01_get_tickets","","","","test_get_tickets_success[filter0-sort0-search2-pagination0-client]","Позитивный тест: получение списка тикетов с разными комбинациями параметров"
"skipped","Sun Dec 07 01:29:16 UTC 2025","Sun Dec 07 01:29:16 UTC 2025","0","tests.tickets","test_01_get_tickets","","","","test_get_tickets_success[filter2-sort1-search0-pagination1-admin]","Позитивный тест: получение списка тикетов с разными комбинациями параметров"
"passed","Sun Dec 07 00:30:37 UTC 2025","Sun Dec 07 00:30:37 UTC 2025","407","tests.admin_panel.categories","test_57_v2_update_category","","","","test_v2_update_category_unauthorized","Негативный тест: попытка обновления категории без авторизации."
"passed","Sun Dec 07 00:29:45 UTC 2025","Sun Dec 07 00:29:46 UTC 2025","547","tests.admin_panel.categories","test_47_get_categories_by_id","","","","test_get_categories_invalid_id[1.5]","Негативный тест: получение категории по невалидному ID."
"passed","Sun Dec 07 00:53:11 UTC 2025","Sun Dec 07 00:53:12 UTC 2025","554","tests.auth","test_06_full_logout","","","","test_full_logout_success[admin]","Тест полного разлогина всех сессий клиента, партнера и админа."
"passed","Sun Dec 07 01:01:59 UTC 2025","Sun Dec 07 01:02:02 UTC 2025","3812","tests.cart","test_12_cart_estimate_delivery","","","","test_estimate_delivery_success[partner-cdek-payload10]","
    Позитив: корзина с товаром, выбор способа доставки и расчёт стоимости для разных служб
    "
"passed","Sun Dec 07 01:29:29 UTC 2025","Sun Dec 07 01:29:29 UTC 2025","134","tests.tickets","test_01_get_tickets","","","","test_get_tickets_invalid_search[invalid_search1-400-client]","Негативный тест: передаем некорректные параметры поиска"
"passed","Sun Dec 07 00:26:43 UTC 2025","Sun Dec 07 00:26:43 UTC 2025","574","tests.admin_panel","test_02_support_users_list","","","","test_invalid_paging_returns_400_for_admin[page=abc&page_size=20]","
    Некорректные значения page/page_size
    "
"passed","Sun Dec 07 01:25:47 UTC 2025","Sun Dec 07 01:25:47 UTC 2025","136","tests.orders","test_create_order_by_delivery_address","","","","test_create_order_invalid_data[invalid_payload1-admin]","Негативные тесты: создание заказа с некорректными данными"
"skipped","Sun Dec 07 00:25:11 UTC 2025","Sun Dec 07 00:25:11 UTC 2025","0","tests.account","test_family_agreement_create_one","","","","test_create_family_agreement_one_positive[admin-payload1]","Позитивные тесты на создание семейного соглашения при отсутствующем втором партнере"
"passed","Sun Dec 07 01:04:43 UTC 2025","Sun Dec 07 01:04:47 UTC 2025","3489","tests.catalog","test_create_admin_product","","","","test_create_admin_product_minimal_payload_variants[slug+category_ids]",""
"passed","Sun Dec 07 01:29:32 UTC 2025","Sun Dec 07 01:29:32 UTC 2025","129","tests.tickets","test_01_get_tickets","","","","test_get_tickets_invalid_search[invalid_search2-400-client]","Негативный тест: передаем некорректные параметры поиска"
"skipped","Sun Dec 07 01:12:25 UTC 2025","Sun Dec 07 01:12:25 UTC 2025","0","tests.chat_support","test_03_support_chat_ticket_post","","","","test_get_ticket_details_after_creation[partner]","Позитивный: после создания тикета GET /tickets/{id} возвращает корректное наполнение."
"passed","Sun Dec 07 01:27:58 UTC 2025","Sun Dec 07 01:27:58 UTC 2025","137","tests.statistic","test_team_registrations","","","","test_get_team_registration_statistic_positive[payload1-admin]","Позитивный тест: получение статистики по регистрации команды с валидным телом запроса"
"skipped","Sun Dec 07 00:25:33 UTC 2025","Sun Dec 07 00:25:33 UTC 2025","0","tests.account","test_list_csv","","","","test_get_account_list_csv_positive[client-payload1]","Позитивные тесты на выгрузку структуры партнеров в CSV"
"skipped","Sun Dec 07 00:30:08 UTC 2025","Sun Dec 07 00:30:09 UTC 2025","1817","tests.admin_panel.categories","test_50_upload_category_images","","","","test_upload_category_images_success","Позитивный тест: успешная загрузка изображений категории через multipart/form-data."
"passed","Sun Dec 07 01:18:03 UTC 2025","Sun Dec 07 01:18:03 UTC 2025","128","tests.delivery","test_get_delivery_countries","","","","test_get_delivery_countries_success[available-partner]","Позитив: успешное получение списка стран с разными значениями ?from=."
"passed","Sun Dec 07 01:19:40 UTC 2025","Sun Dec 07 01:19:40 UTC 2025","155","tests.delivery","test_get_five_post_offices","","","","test_get_five_post_offices_success[86990-client]","Позитив: успешное получение списка ПВЗ FivePost по city_id."
"passed","Sun Dec 07 00:44:26 UTC 2025","Sun Dec 07 00:44:26 UTC 2025","585","tests.admin_panel.promo","test_78_delete_promotion_item","","","","test_delete_promotion_item_invalid_id[999999-999999]","Негативный тест: удаление элемента акции с невалидным ID продукта."
"passed","Sun Dec 07 00:50:34 UTC 2025","Sun Dec 07 00:50:35 UTC 2025","1204","tests.admin_panel.slides","test_61_upload_slides_images","","","","test_upload_slide_images_invalid_format[valid.jpg-image/jpeg-204]","Негативный и позитивный тест: загрузка изображений в разных форматах."
"passed","Sun Dec 07 00:25:35 UTC 2025","Sun Dec 07 00:25:35 UTC 2025","132","tests.account","test_post_bonus_tokens","","","","test_get_bonus_tokens_positive[partner]","Позитивные тесты на получение списка токенов"
"passed","Sun Dec 07 01:06:57 UTC 2025","Sun Dec 07 01:06:57 UTC 2025","555","tests.catalog","test_create_admin_product_translation","","","","test_create_admin_product_translation_invalid_payload[payload6-422]","Негативные проверки на создание перевода с некорректным payload."
"skipped","Sun Dec 07 01:26:08 UTC 2025","Sun Dec 07 01:26:08 UTC 2025","0","tests.orders","test_orders_v2_pay","","","","test_orders_v2_pay_invalid_data[invalid_payload0-400]","Негативный тест: отправка некорректных данных"
"passed","Sun Dec 07 00:41:23 UTC 2025","Sun Dec 07 00:41:24 UTC 2025","549","tests.admin_panel.promo","test_72_create_promotion","","","","test_create_promotion_invalid_data[payload9-422]","Негативные тесты: невалидные данные"
"passed","Sun Dec 07 01:21:46 UTC 2025","Sun Dec 07 01:21:46 UTC 2025","136","tests.delivery","test_self_pickup_offices","","","","test_self_pickup_offices_invalid_params[partner-params2]","
    Негатив: невалидные параметры -> 400 с телом ошибки.
    "
"passed","Sun Dec 07 00:44:49 UTC 2025","Sun Dec 07 00:44:50 UTC 2025","543","tests.admin_panel.sliders","test_52_create_slider","","","","test_create_slider_invalid_payload[payload4-expected_code4]","Негативный тест: попытка создать слайдер с невалидным payload."
"passed","Sun Dec 07 00:25:25 UTC 2025","Sun Dec 07 00:25:26 UTC 2025","134","tests.account","test_get_account_exists","","","","test_get_account_exists_positive[params4-admin]","Нкгатив: невлидны id"
"passed","Sun Dec 07 00:40:44 UTC 2025","Sun Dec 07 00:40:46 UTC 2025","2051","tests.admin_panel.products","test_44_upload_product_brand_images","","","","test_upload_product_brand_images_various_fields[5.3-fields_to_send3-400]","Негативный тест. Загрузка слишком большого изображения."
"passed","Sun Dec 07 00:30:32 UTC 2025","Sun Dec 07 00:30:33 UTC 2025","842","tests.admin_panel.categories","test_57_v2_update_category","","","","test_v2_update_category_success","Позитивный тест: успешное обновление категории (все поля)."
"passed","Sun Dec 07 00:42:46 UTC 2025","Sun Dec 07 00:42:47 UTC 2025","881","tests.admin_panel.promo","test_74_update_promotion","","","","test_update_promotion_invalid_payload[payload11-422]","Негативный тест: обновление акции с невалидным или неполным телом запроса."
"passed","Sun Dec 07 00:21:26 UTC 2025","Sun Dec 07 00:21:26 UTC 2025","251","tests.PROJECT_EDUCATION.test_system","test_02_get_question","","","","test_get_question_unauthorized","Негативный тест: запуск теста без авторизации"
"passed","Sun Dec 07 01:28:06 UTC 2025","Sun Dec 07 01:28:06 UTC 2025","138","tests.statistic","test_team_registrations","","","","test_get_team_registration_statistic_positive[payload3-partner]","Позитивный тест: получение статистики по регистрации команды с валидным телом запроса"
"skipped","Sun Dec 07 01:16:47 UTC 2025","Sun Dec 07 01:16:47 UTC 2025","135","tests.delivery","test_get_cargo_offices","","","","test_get_cargo_offices_invalid_city_id_should_fail[0-admin]",""
"passed","Sun Dec 07 00:36:53 UTC 2025","Sun Dec 07 00:36:53 UTC 2025","591","tests.admin_panel.periods","test_get_periods","","","","test_get_periods__success_list_or_empty",""
"passed","Sun Dec 07 00:21:07 UTC 2025","Sun Dec 07 00:21:08 UTC 2025","533","tests.PROJECT_EDUCATION.test_system","test_01_start_test","","","","test_start_test_invalid_id[None]","Негативный тест: запуск теста с невалидным ID"
"passed","Sun Dec 07 00:32:39 UTC 2025","Sun Dec 07 00:32:39 UTC 2025","640","tests.admin_panel.categories","test_81_delete_category_translation","","","","test_delete_category_translation_invalid_id[abc]","Негативный тест: удаление перевода с невалидным ID категории."
"passed","Sun Dec 07 00:39:34 UTC 2025","Sun Dec 07 00:39:35 UTC 2025","855","tests.admin_panel.products","test_42_update_product_brand","","","","test_update_product_brand_invalid_payload[payload7-422]","Негативный тест: обновление бренда с невалидным или неполным телом запроса."
"passed","Sun Dec 07 00:33:13 UTC 2025","Sun Dec 07 00:33:14 UTC 2025","749","tests.admin_panel.items","test_create_item","","","","test_create_item_invalid_payload[payload8-expected_code8]","
    Негативный тест: создание варианта с невалидным телом запроса.
    Если сервер внезапно вернул успех — удаляем созданный item из БД.
    "
"passed","Sun Dec 07 01:33:19 UTC 2025","Sun Dec 07 01:33:20 UTC 2025","1262","tests.tickets","test_04_create_ticket","","","","test_create_ticket_success[partner-attachments1-OtherQuestions]","Позитивный тест: создание тикета с разными темами и вложениями для клиента, партнера и админа"
"passed","Sun Dec 07 00:39:39 UTC 2025","Sun Dec 07 00:39:40 UTC 2025","886","tests.admin_panel.products","test_42_update_product_brand","","","","test_update_product_brand_invalid_payload[payload9-422]","Негативный тест: обновление бренда с невалидным или неполным телом запроса."
"passed","Sun Dec 07 00:25:27 UTC 2025","Sun Dec 07 00:25:27 UTC 2025","127","tests.account","test_get_account_exists","","","","test_get_account_exists_positive[params5-client]","Нкгатив: невлидны id"
"skipped","Sun Dec 07 01:26:19 UTC 2025","Sun Dec 07 01:26:19 UTC 2025","138","tests.register","test_01_register_form","","","","test_register_form_negative[partner-payload0-400]",""
"passed","Sun Dec 07 01:28:45 UTC 2025","Sun Dec 07 01:28:45 UTC 2025","132","tests.stock","test_get_stock_by_id","","","","test_get_stock_by_invalid_id[-1-admin]","Невалидные значения ID склада"
"failed","Sun Dec 07 00:28:43 UTC 2025","Sun Dec 07 00:28:43 UTC 2025","569","tests.admin_panel","test_partner_accrual_details_common","","","","test_common_accrual_details_invalid_payload[payload2-expected_codes2]","
    Негатив: валидация тела запроса общей детализации.
    "
"passed","Sun Dec 07 00:47:27 UTC 2025","Sun Dec 07 00:47:28 UTC 2025","595","tests.admin_panel.slides","test_57_create_slide","","","","test_create_slide_invalid_payload[payload7-expected_code7]","Негативные тесты: некорректные и неполные payload'ы."
"passed","Sun Dec 07 00:48:51 UTC 2025","Sun Dec 07 00:48:52 UTC 2025","639","tests.admin_panel.slides","test_59_update_slide","","","","test_update_slide_invalid_id[0]","Негативный тест: несуществующий или некорректный ID."
"passed","Sun Dec 07 00:25:38 UTC 2025","Sun Dec 07 00:25:38 UTC 2025","398","tests.account","test_post_bonus_tokens","","","","test_get_bonus_tokens_unauthorized","Негативный тест: без авторизации."
"passed","Sun Dec 07 01:24:52 UTC 2025","Sun Dec 07 01:24:52 UTC 2025","402","tests.one_c","test_get_1с_stock","","","","test_get_stock_forbidden[params2]",""
"passed","Sun Dec 07 00:42:30 UTC 2025","Sun Dec 07 00:42:31 UTC 2025","872","tests.admin_panel.promo","test_74_update_promotion","","","","test_update_promotion_invalid_payload[payload5-400]","Негативный тест: обновление акции с невалидным или неполным телом запроса."
"passed","Sun Dec 07 00:22:10 UTC 2025","Sun Dec 07 00:22:11 UTC 2025","550","tests.PROJECT_EDUCATION.test_system","test_06_get_result","","","","test_get_result_invalid_id[abc]",""
"passed","Sun Dec 07 00:38:04 UTC 2025","Sun Dec 07 00:38:05 UTC 2025","1007","tests.admin_panel.products","test_39_get_product_brands","","","","test_get_product_brands_after_adding","Интеграционный тест: добавление бренда и проверка его наличия в списке по ID."
"skipped","Sun Dec 07 00:24:02 UTC 2025","Sun Dec 07 00:24:02 UTC 2025","0","tests.account","test_account_branded_wallet_get","","","","test_get_past_year_should_be_404[partner]","
    прошлый период. днных нет - 404
    "
"passed","Sun Dec 07 00:23:44 UTC 2025","Sun Dec 07 00:23:44 UTC 2025","133","tests.account","test_0_users_by_lo_rating","","","","test_get_users_by_lo_rating_positive[admin]","Позитивные тесты на получение рейтинга продавцов по личному объему"
"skipped","Sun Dec 07 00:30:10 UTC 2025","Sun Dec 07 00:30:10 UTC 2025","0","tests.admin_panel.categories","test_50_upload_category_images","","","","test_upload_category_images_file_too_large[5.3-fields_to_send1-400]","Негативный тест: загрузка слишком большого изображения."
"passed","Sun Dec 07 00:57:04 UTC 2025","Sun Dec 07 00:57:05 UTC 2025","133","tests.cart","test_10_cart_save_city","","","","test_save_city_invalid_payload[partner-payload3]","Негатив: невалидный payload."
"skipped","Sun Dec 07 01:29:16 UTC 2025","Sun Dec 07 01:29:16 UTC 2025","0","tests.tickets","test_01_get_tickets","","","","test_get_tickets_success[filter2-sort0-search0-pagination0-client]","Позитивный тест: получение списка тикетов с разными комбинациями параметров"
"skipped","Sun Dec 07 01:19:37 UTC 2025","Sun Dec 07 01:19:37 UTC 2025","131","tests.delivery","test_get_fargo_offices","","","","test_get_fargo_offices_invalid_city_id_should_fail[0-admin]","Негатив: невалидные значения city_id → 400/422."
"passed","Sun Dec 07 01:21:43 UTC 2025","Sun Dec 07 01:21:43 UTC 2025","129","tests.delivery","test_self_pickup_offices","","","","test_self_pickup_offices_invalid_params[partner-params0]","
    Негатив: невалидные параметры -> 400 с телом ошибки.
    "
"skipped","Sun Dec 07 01:28:16 UTC 2025","Sun Dec 07 01:28:16 UTC 2025","135","tests.statistic","test_team_registrations","","","","test_get_team_registration_statistic_negative[payload1-partner]","Негативный тест: ошибка при получении статистики регистрации команды с невалидным телом запроса"
"passed","Sun Dec 07 01:34:24 UTC 2025","Sun Dec 07 01:34:25 UTC 2025","560","tests.tickets","test_04_create_ticket","","","","test_create_ticket_success[admin-attachments0-QuestionsAboutOrders]","Позитивный тест: создание тикета с разными темами и вложениями для клиента, партнера и админа"
"passed","Sun Dec 07 00:57:33 UTC 2025","Sun Dec 07 00:57:33 UTC 2025","632","tests.cart","test_11_cart_save_delivery_method","","","","test_save_delivery_method_success[client-SelfPickup]","
    Позитив: сохранение способа доставки для всех значений без корзины
    "
"passed","Sun Dec 07 01:24:38 UTC 2025","Sun Dec 07 01:24:38 UTC 2025","402","tests.one_c","test_create_1c_stock","","","","test_post_bad_request_or_unprocessable[<lambda>13]",""
"passed","Sun Dec 07 00:53:53 UTC 2025","Sun Dec 07 00:53:53 UTC 2025","134","tests.cart","test_01_user_locale","","","","test_update_user_locale_valid_payload_1[partner-payload6]","
    Позитивный тест: Обновление языка/склада/локали авторизованным пользователем"
"passed","Sun Dec 07 01:19:59 UTC 2025","Sun Dec 07 01:19:59 UTC 2025","129","tests.delivery","test_get_georgian_post_pickup_points","","","","test_get_georgian_post_pickup_points_success[1-admin]","Позитив: успешное получение списка ПВЗ грузинской почты по city_id."
"passed","Sun Dec 07 00:35:37 UTC 2025","Sun Dec 07 00:35:38 UTC 2025","1420","tests.admin_panel.items","test_update_item","","","","test_update_item_invalid_payload[payload0-expected_code0]","Негативный тест: обновление item с невалидным или неполным телом запроса."
"passed","Sun Dec 07 01:21:29 UTC 2025","Sun Dec 07 01:21:29 UTC 2025","162","tests.delivery","test_self_pickup_offices","","","","test_self_pickup_offices_success_basic[admin]","
    Позитив: успешное получение списка офисов по city_id.
    Допускается пустой список (если в городе нет офисов).
    "
"passed","Sun Dec 07 00:58:58 UTC 2025","Sun Dec 07 00:59:02 UTC 2025","3728","tests.cart","test_11_cart_save_delivery_method","","","","test_save_delivery_method_success_with_cart[partner-Fargo]","
    Позитив: сохранение способа доставки для всех значений с корзиной
    "
"skipped","Sun Dec 07 01:22:01 UTC 2025","Sun Dec 07 01:22:02 UTC 2025","794","tests.fund","test_get_top_donors","","","","test_get_top_donors_success[start-https://dev.ewahelps.com/api]",""
"skipped","Sun Dec 07 01:28:34 UTC 2025","Sun Dec 07 01:28:34 UTC 2025","153","tests.stock","test_get_group_orders","","","","test_get_group_orders_invalid_country_id[0-admin]","Проверка получения складов по невалидному country_id"
"passed","Sun Dec 07 01:16:32 UTC 2025","Sun Dec 07 01:16:33 UTC 2025","129","tests.delivery","test_get_boxberry_offices","","","","test_get_boxberry_offices_invalid_city_id_should_fail[None-admin]",""
"passed","Sun Dec 07 01:08:12 UTC 2025","Sun Dec 07 01:08:12 UTC 2025","427","tests.catalog","test_get_admin_product_translation","","","","test_get_admin_product_translation_unauthorized","Запрос перевода без авторизации — 401."
"passed","Sun Dec 07 01:04:03 UTC 2025","Sun Dec 07 01:04:07 UTC 2025","3757","tests.cart","test_22_cart_fill_advanced_cost","","","","test_fill_advanced_cost_success[client]","
    Позитив: расчёт предварительных доставок для непустой корзины
    с заполненным регионом/городом.
    "
"passed","Sun Dec 07 01:24:23 UTC 2025","Sun Dec 07 01:24:24 UTC 2025","422","tests.one_c","test_create_1c_stock","","","","test_post_bad_request_or_unprocessable[<lambda>6]",""
"passed","Sun Dec 07 00:24:22 UTC 2025","Sun Dec 07 00:24:22 UTC 2025","136","tests.account","test_account_branded_wallet_upload","","","","test_upload_missing_image_field_returns_400_or_422[client]","Негатив: отсутствует поле 'image' → 400/422"
"skipped","Sun Dec 07 01:05:29 UTC 2025","Sun Dec 07 01:05:29 UTC 2025","0","tests.catalog","test_create_admin_product","","","","test_create_product_duplicate_slug[de]",""
"skipped","Sun Dec 07 01:27:49 UTC 2025","Sun Dec 07 01:27:49 UTC 2025","138","tests.statistic","test_team_go","","","","test_get_team_go_statistic_negative[payload1-admin]","Негативный тест: ошибка при получении статистики по команде с невалидным телом запроса"
"passed","Sun Dec 07 00:45:10 UTC 2025","Sun Dec 07 00:45:11 UTC 2025","840","tests.admin_panel.sliders","test_53_get_sliders_by_id","","","","test_get_sliders_by_id_forbidden[client]","Негативный тест: получение слайдера по ID не-админом запрещено"
"passed","Sun Dec 07 01:29:43 UTC 2025","Sun Dec 07 01:29:43 UTC 2025","142","tests.tickets","test_01_get_tickets","","","","test_get_tickets_invalid_filter[invalid_filter2-400-partner]","Негативный тест: передаем некорректные параметры фильтрации"
"passed","Sun Dec 07 00:41:40 UTC 2025","Sun Dec 07 00:41:41 UTC 2025","834","tests.admin_panel.promo","test_73_get_promotion_by_id","","","","test_get_promotion_by_id_forbidden[client]","Негативный тест: получение акции по ID не админом."
"passed","Sun Dec 07 00:50:13 UTC 2025","Sun Dec 07 00:50:13 UTC 2025","406","tests.admin_panel.slides","test_61_upload_slides_images","","","","test_upload_slide_images_unauthorized","Негативный тест: загрузка изображений слайда без авторизации."
"passed","Sun Dec 07 01:19:32 UTC 2025","Sun Dec 07 01:19:32 UTC 2025","137","tests.delivery","test_get_fargo_offices","","","","test_get_fargo_offices_success[439930-admin]","Позитив: успешное получение списка офисов по city_id."
"skipped","Sun Dec 07 01:29:16 UTC 2025","Sun Dec 07 01:29:16 UTC 2025","0","tests.tickets","test_01_get_tickets","","","","test_get_tickets_success[filter0-sort0-search0-pagination0-client]","Позитивный тест: получение списка тикетов с разными комбинациями параметров"
"passed","Sun Dec 07 00:46:08 UTC 2025","Sun Dec 07 00:46:09 UTC 2025","898","tests.admin_panel.sliders","test_54_update_slider","","","","test_update_slider_invalid_payload[payload8-422]","Негативный тест: обновление слайдера с невалидным или неполным телом запроса."
"passed","Sun Dec 07 01:33:22 UTC 2025","Sun Dec 07 01:33:23 UTC 2025","1204","tests.tickets","test_04_create_ticket","","","","test_create_ticket_success[partner-attachments1-ChangePersonalData]","Позитивный тест: создание тикета с разными темами и вложениями для клиента, партнера и админа"
"passed","Sun Dec 07 00:58:47 UTC 2025","Sun Dec 07 00:58:52 UTC 2025","5036","tests.cart","test_11_cart_save_delivery_method","","","","test_save_delivery_method_success_with_cart[partner-SelfPickup]","
    Позитив: сохранение способа доставки для всех значений с корзиной
    "
"skipped","Sun Dec 07 01:19:35 UTC 2025","Sun Dec 07 01:19:35 UTC 2025","135","tests.delivery","test_get_fargo_offices","","","","test_get_fargo_offices_invalid_city_id_should_fail[-1-admin]","Негатив: невалидные значения city_id → 400/422."
"skipped","Sun Dec 07 01:20:06 UTC 2025","Sun Dec 07 01:20:06 UTC 2025","127","tests.delivery","test_get_haypost_offices","","","","test_get_haypost_offices_success[186343-client]","Позитив: успешное получение списка офисов по city_id."
"passed","Sun Dec 07 01:24:07 UTC 2025","Sun Dec 07 01:24:07 UTC 2025","402","tests.one_c","test_create_1c_stock","","","","test_post_forbidden[True-invalid]",""
"passed","Sun Dec 07 01:18:00 UTC 2025","Sun Dec 07 01:18:00 UTC 2025","129","tests.delivery","test_get_delivery_countries","","","","test_get_delivery_countries_success[delivery-admin]","Позитив: успешное получение списка стран с разными значениями ?from=."
"passed","Sun Dec 07 00:36:09 UTC 2025","Sun Dec 07 00:36:10 UTC 2025","692","tests.admin_panel.periods","test_get_period_by_id","","","","test_get_period_by_id__success",""
"passed","Sun Dec 07 01:24:27 UTC 2025","Sun Dec 07 01:24:28 UTC 2025","410","tests.one_c","test_create_1c_stock","","","","test_post_bad_request_or_unprocessable[<lambda>8]",""
"passed","Sun Dec 07 00:49:24 UTC 2025","Sun Dec 07 00:49:24 UTC 2025","933","tests.admin_panel.slides","test_59_update_slide","","","","test_update_slide_invalid_payload[payload10-422]","Негативный тест: обновление слайда с невалидным или неполным телом запроса."
"skipped","Sun Dec 07 01:20:36 UTC 2025","Sun Dec 07 01:20:36 UTC 2025","128","tests.delivery","test_get_kgpost_offices","","","","test_get_kgpost_offices_invalid_city_id_should_fail[-1-admin]",""
"passed","Sun Dec 07 01:27:57 UTC 2025","Sun Dec 07 01:27:57 UTC 2025","136","tests.statistic","test_team_registrations","","","","test_get_team_registration_statistic_positive[payload1-partner]","Позитивный тест: получение статистики по регистрации команды с валидным телом запроса"
"skipped","Sun Dec 07 01:28:23 UTC 2025","Sun Dec 07 01:28:23 UTC 2025","0","tests.stock","test_create_stock","","","","test_create_stock_with_empty_string_log_if_not_200[address.street]",""
"passed","Sun Dec 07 00:32:36 UTC 2025","Sun Dec 07 00:32:36 UTC 2025","551","tests.admin_panel.categories","test_81_delete_category_translation","","","","test_delete_category_translation_invalid_id[0]","Негативный тест: удаление перевода с невалидным ID категории."
"passed","Sun Dec 07 00:45:43 UTC 2025","Sun Dec 07 00:45:44 UTC 2025","578","tests.admin_panel.sliders","test_54_update_slider","","","","test_update_slider_invalid_id[9999999]","Негативный тест: несуществующий или некорректный ID."
"passed","Sun Dec 07 00:49:26 UTC 2025","Sun Dec 07 00:49:27 UTC 2025","897","tests.admin_panel.slides","test_59_update_slide","","","","test_update_slide_invalid_payload[payload11-400]","Негативный тест: обновление слайда с невалидным или неполным телом запроса."
"passed","Sun Dec 07 01:17:55 UTC 2025","Sun Dec 07 01:17:55 UTC 2025","128","tests.delivery","test_get_delivery_countries","","","","test_get_delivery_countries_success[None-admin]","Позитив: успешное получение списка стран с разными значениями ?from=."
"passed","Sun Dec 07 00:41:47 UTC 2025","Sun Dec 07 00:41:47 UTC 2025","575","tests.admin_panel.promo","test_73_get_promotion_by_id","","","","test_get_promotion_invalid_id[-1]","Негативный тест: получение акции по невалидному ID."
"passed","Sun Dec 07 00:47:41 UTC 2025","Sun Dec 07 00:47:42 UTC 2025","612","tests.admin_panel.slides","test_57_create_slide","","","","test_create_slide_invalid_payload[payload16-422]","Негативные тесты: некорректные и неполные payload'ы."
"skipped","Sun Dec 07 00:25:33 UTC 2025","Sun Dec 07 00:25:33 UTC 2025","0","tests.account","test_get_languages","","","","test_get_languages_success[partner-ios-200]","Возвращает список языков, доступных для перевода"
"passed","Sun Dec 07 00:56:55 UTC 2025","Sun Dec 07 00:56:55 UTC 2025","136","tests.cart","test_10_cart_save_city","","","","test_save_city_invalid_payload[client-payload2]","Негатив: невалидный payload."
"skipped","Sun Dec 07 01:26:07 UTC 2025","Sun Dec 07 01:26:07 UTC 2025","1","tests.orders","test_group_order_change_country","","","","test_change_country_updates_sub_orders","Интеграционный тест: проверка обновления страны у всех привязанных заказов"
"passed","Sun Dec 07 01:18:05 UTC 2025","Sun Dec 07 01:18:06 UTC 2025","1561","tests.delivery","test_get_delivery_countries","","","","test_get_delivery_countries_success[available-admin]","Позитив: успешное получение списка стран с разными значениями ?from=."
"passed","Sun Dec 07 00:25:57 UTC 2025","Sun Dec 07 00:25:58 UTC 2025","844","tests.account","test_update_avatar","","","","test_update_avatar_positive[client-payload1]","Позитивные тесты на обновление аватара"
"passed","Sun Dec 07 00:44:14 UTC 2025","Sun Dec 07 00:44:15 UTC 2025","1214","tests.admin_panel.promo","test_78_delete_promotion_item","","","","test_delete_promotion_item_forbidden[client]","Негативный тест: удаление элемента акции не-админом запрещено."
"skipped","Sun Dec 07 00:25:54 UTC 2025","Sun Dec 07 00:25:54 UTC 2025","0","tests.account","test_update","","","","test_update_account_positive[client-payload0]","Позитивные тесты на обновление данных аккаунта"
"skipped","Sun Dec 07 01:29:06 UTC 2025","Sun Dec 07 01:29:06 UTC 2025","0","tests.stock","test_update_stock","","","","test_update_stock_invalid_id[-1]",""
"skipped","Sun Dec 07 01:29:16 UTC 2025","Sun Dec 07 01:29:16 UTC 2025","0","tests.tickets","test_01_get_tickets","","","","test_get_tickets_success[filter2-sort0-search1-pagination1-admin]","Позитивный тест: получение списка тикетов с разными комбинациями параметров"
"passed","Sun Dec 07 00:32:49 UTC 2025","Sun Dec 07 00:32:50 UTC 2025","330","tests.admin_panel.items","test_create_item","","","","test_create_item_forbidden[partner]","Негативный тест: создание варианта не-админом запрещено."
"passed","Sun Dec 07 00:42:10 UTC 2025","Sun Dec 07 00:42:11 UTC 2025","547","tests.admin_panel.promo","test_74_update_promotion","","","","test_update_promotion_invalid_id[-1]","Негативный тест: несуществующий или некорректный ID."
"passed","Sun Dec 07 01:24:54 UTC 2025","Sun Dec 07 01:24:55 UTC 2025","402","tests.one_c","test_get_1с_stock","","","","test_get_stock_bad_request[params1]",""
"passed","Sun Dec 07 00:46:38 UTC 2025","Sun Dec 07 00:46:40 UTC 2025","1988","tests.admin_panel.slides","test_0_slides_sort","","","","test_slides_sort_success","Позитивный тест: успешная сортировка слайдов в слайдере."
"passed","Sun Dec 07 00:36:24 UTC 2025","Sun Dec 07 00:36:25 UTC 2025","567","tests.admin_panel.periods","test_get_period_by_id","","","","test_get_period_by_id__invalid_400_404[1e3]",""
"passed","Sun Dec 07 01:32:22 UTC 2025","Sun Dec 07 01:32:22 UTC 2025","560","tests.tickets","test_04_create_ticket","","","","test_create_ticket_success[partner-attachments0-QuestionsAboutOrders]","Позитивный тест: создание тикета с разными темами и вложениями для клиента, партнера и админа"
"passed","Sun Dec 07 00:54:49 UTC 2025","Sun Dec 07 00:54:49 UTC 2025","168","tests.cart","test_02_get_delivery_cost","","","","test_get_delivery_cost_success_partial_payload[partner-payload2-400]","
    Позитив/граничные: сочетания полей региона/города
    "
"skipped","Sun Dec 07 01:26:21 UTC 2025","Sun Dec 07 01:26:21 UTC 2025","136","tests.register","test_01_register_form","","","","test_register_form_negative[partner-payload1-400]",""
"passed","Sun Dec 07 00:23:07 UTC 2025","Sun Dec 07 00:23:07 UTC 2025","129","tests.account","test_0_funds_transfer_withdrawal_info","","","","test_get_withdrawal_info_positive[client-403]","Позитивные тесты на получение информации о выводе средств"
"skipped","Sun Dec 07 00:30:10 UTC 2025","Sun Dec 07 00:30:10 UTC 2025","0","tests.admin_panel.categories","test_50_upload_category_images","","","","test_upload_category_images_invalid_format[invalid.pdf-application/pdf-400]","Негативный тест: загрузка изображений в неверном формате (например, .txt)."
"passed","Sun Dec 07 00:33:15 UTC 2025","Sun Dec 07 00:33:16 UTC 2025","768","tests.admin_panel.items","test_create_item","","","","test_create_item_invalid_payload[payload9-expected_code9]","
    Негативный тест: создание варианта с невалидным телом запроса.
    Если сервер внезапно вернул успех — удаляем созданный item из БД.
    "
"skipped","Sun Dec 07 00:36:59 UTC 2025","Sun Dec 07 00:36:59 UTC 2025","0","tests.admin_panel.products","test_01_delete_product_group","","","","test_delete_product_group_success","Позитивный тест: успешное удаление продукт группы."
"passed","Sun Dec 07 00:48:36 UTC 2025","Sun Dec 07 00:48:36 UTC 2025","555","tests.admin_panel.slides","test_58_get_slides_by_id","","","","test_get_slide_not_found","Негативный тест: слайд с несуществующим ID не найден."
"passed","Sun Dec 07 01:10:08 UTC 2025","Sun Dec 07 01:10:08 UTC 2025","127","tests.catalog","test_recommended_products_selfpickup","","","","test_get_recommended_products_selfpickup_wrong_method[delete-client]","
    Негативный тест: неверный HTTP-метод
    "
"skipped","Sun Dec 07 00:55:45 UTC 2025","Sun Dec 07 00:55:45 UTC 2025","348","tests.cart","test_06_cart_update","","","","test_update_cart_item_invalid_payload[client-payload1]","Негатив: невалидный payload."
"skipped","Sun Dec 07 01:38:04 UTC 2025","Sun Dec 07 01:38:05 UTC 2025","571","tests.tickets","test_09_get_ticket_messages","","","","test_get_ticket_messages_invalid_id_format[None]","Негативный тест: запрос с некорректным ID (строка, спецсимволы, пустое значение)"
"passed","Sun Dec 07 01:26:35 UTC 2025","Sun Dec 07 01:26:35 UTC 2025","557","tests.register","test_02_register_partner","","","","test_register_partner_negative[payload3-400]","Тест: негативные тесты для регистрации партнера вручную"
"passed","Sun Dec 07 00:33:21 UTC 2025","Sun Dec 07 00:33:23 UTC 2025","2157","tests.admin_panel.items","test_create_item_translation","","","","test_create_item_translation_success[ru]",""
"passed","Sun Dec 07 01:02:04 UTC 2025","Sun Dec 07 01:02:09 UTC 2025","4832","tests.cart","test_12_cart_estimate_delivery","","","","test_estimate_delivery_success[partner-cdek_courier-payload11]","
    Позитив: корзина с товаром, выбор способа доставки и расчёт стоимости для разных служб
    "
"skipped","Sun Dec 07 01:26:03 UTC 2025","Sun Dec 07 01:26:03 UTC 2025","0","tests.orders","test_group_order_change_country","","","","test_change_country_not_found_or_forbidden[authorize_client-99999999-403]","Негативные тесты: изменение несуществующего заказа или без прав"
"passed","Sun Dec 07 01:09:55 UTC 2025","Sun Dec 07 01:09:55 UTC 2025","959","tests.catalog","test_products_list_all","","","","test_get_products_list_all_success[admin]","
    Позитивный: успешное получение списка всех товаров
    "
"skipped","Sun Dec 07 01:28:31 UTC 2025","Sun Dec 07 01:28:31 UTC 2025","157","tests.stock","test_get_group_orders","","","","test_get_group_orders_invalid_country_id[abc-admin]","Проверка получения складов по невалидному country_id"
"skipped","Sun Dec 07 01:29:16 UTC 2025","Sun Dec 07 01:29:16 UTC 2025","0","tests.tickets","test_01_get_tickets","","","","test_get_tickets_success[filter2-sort1-search0-pagination1-client]","Позитивный тест: получение списка тикетов с разными комбинациями параметров"
"passed","Sun Dec 07 00:34:45 UTC 2025","Sun Dec 07 00:34:48 UTC 2025","2642","tests.admin_panel.items","test_get_item_translation","","","","test_get_item_two_translations_success",""
"passed","Sun Dec 07 00:22:22 UTC 2025","Sun Dec 07 00:22:22 UTC 2025","267","tests.PROJECT_EDUCATION.test_system","test_06_get_result","","","","test_get_question_unauthorized","Негативный тест: запуск теста без авторизации"
"passed","Sun Dec 07 00:33:53 UTC 2025","Sun Dec 07 00:33:55 UTC 2025","1851","tests.admin_panel.items","test_create_item_translation","","","","test_create_item_translation_forbidden[client]","Негативный тест: создание перевода не-админом запрещено."
"passed","Sun Dec 07 00:51:26 UTC 2025","Sun Dec 07 00:51:29 UTC 2025","2948","tests.admin_panel.slides","test_61_upload_slides_images","","","","test_upload_slide_images_file_too_large[5.3-fields_to_send9-expected_status9]","Негативный тест: загрузка слишком большого изображения."
"passed","Sun Dec 07 00:32:15 UTC 2025","Sun Dec 07 00:32:16 UTC 2025","552","tests.admin_panel.categories","test_80_create_category_translation","","","","test_create_category_translation_invalid_payload[payload5-422]","Негативный тест: создание перевода с невалидным payload."
"passed","Sun Dec 07 01:14:52 UTC 2025","Sun Dec 07 01:14:55 UTC 2025","3225","tests.delivery","test_02_get_delivery_address","","","","test_get_delivery_addresses_permissions[partner]","Проверка получения адресов"
"passed","Sun Dec 07 01:26:50 UTC 2025","Sun Dec 07 01:26:50 UTC 2025","134","tests.statistic","test_0_dashboard","","","","test_get_dashboard_statistic[partner]","Позитивный тест: получение статистики для дашборда ""прирост или убыль в числовом виде"
"passed","Sun Dec 07 00:55:14 UTC 2025","Sun Dec 07 00:55:15 UTC 2025","129","tests.cart","test_02_get_delivery_cost","","","","test_get_delivery_cost_invalid_payload[partner-payload2]","Негатив: некорректные входные данные."
"passed","Sun Dec 07 00:42:08 UTC 2025","Sun Dec 07 00:42:09 UTC 2025","837","tests.admin_panel.promo","test_74_update_promotion","","","","test_update_promotion_forbidden[partner]","Негативный тест: попытка обновления акции не-админом."
"skipped","Sun Dec 07 00:56:11 UTC 2025","Sun Dec 07 00:56:11 UTC 2025","373","tests.cart","test_07_cart_update_multi","","","","test_update_cart_items_multi_invalid_payload[partner-payload1]","Негатив: невалидный payload для /cart/update_multi."
"passed","Sun Dec 07 01:30:04 UTC 2025","Sun Dec 07 01:30:04 UTC 2025","575","tests.tickets","test_02_get_ticket_by_id","","","","test_get_ticket_invalid_id[None]","Негативный тест: передан некорректный ID."
"skipped","Sun Dec 07 00:28:30 UTC 2025","Sun Dec 07 00:28:31 UTC 2025","571","tests.admin_panel","test_accrue_auto_bonus","","","","test_accrue_auto_bonus_invalid_payload[payload3-400]",""
"passed","Sun Dec 07 00:54:09 UTC 2025","Sun Dec 07 00:54:09 UTC 2025","133","tests.cart","test_01_user_locale","","","","test_update_user_locale_invalid_payload[partner-payload0-400]","Негативный тест: обновление локали с невалидным payload."
"passed","Sun Dec 07 00:35:00 UTC 2025","Sun Dec 07 00:35:01 UTC 2025","544","tests.admin_panel.items","test_get_item_translation","","","","test_get_item_translation_invalid_id[0]",""
"passed","Sun Dec 07 00:47:35 UTC 2025","Sun Dec 07 00:47:36 UTC 2025","592","tests.admin_panel.slides","test_57_create_slide","","","","test_create_slide_invalid_payload[payload12-400]","Негативные тесты: некорректные и неполные payload'ы."
"passed","Sun Dec 07 00:23:50 UTC 2025","Sun Dec 07 00:23:50 UTC 2025","618","tests.account","test_account_branded_wallet_delete","","","","test_delete_flow_upload_then_delete_then_get_null[partner]","
    Upload (текущий период, JSON base64) → DELETE → cleanup в БД
    "
"passed","Sun Dec 07 00:36:17 UTC 2025","Sun Dec 07 00:36:17 UTC 2025","555","tests.admin_panel.periods","test_get_period_by_id","","","","test_get_period_by_id__invalid_400_404[ ]",""
"skipped","Sun Dec 07 01:29:16 UTC 2025","Sun Dec 07 01:29:16 UTC 2025","0","tests.tickets","test_01_get_tickets","","","","test_get_tickets_success[filter0-sort1-search0-pagination1-admin]","Позитивный тест: получение списка тикетов с разными комбинациями параметров"
"passed","Sun Dec 07 01:21:11 UTC 2025","Sun Dec 07 01:21:12 UTC 2025","421","tests.delivery","test_get_self_pickup_offices","","","","test_get_self_pickup_offices_unauthorized","Негатив: запрос без авторизации."
"skipped","Sun Dec 07 00:25:33 UTC 2025","Sun Dec 07 00:25:33 UTC 2025","0","tests.account","test_get_languages","","","","test_get_languages_success[client-web-200]","Возвращает список языков, доступных для перевода"
"passed","Sun Dec 07 01:38:29 UTC 2025","Sun Dec 07 01:38:30 UTC 2025","877","tests.tickets","test_11_update_message","","","","test_update_message_validation[client-update_payload1-403]","Негативные тесты: невалидные поля при редактировании сообщения"
"passed","Sun Dec 07 00:25:18 UTC 2025","Sun Dec 07 00:25:18 UTC 2025","134","tests.account","test_get_account_exists","","","","test_get_account_exists_positive[params2-client]","Нкгатив: невлидны id"
"passed","Sun Dec 07 00:42:36 UTC 2025","Sun Dec 07 00:42:36 UTC 2025","866","tests.admin_panel.promo","test_74_update_promotion","","","","test_update_promotion_invalid_payload[payload7-400]","Негативный тест: обновление акции с невалидным или неполным телом запроса."
"passed","Sun Dec 07 00:31:07 UTC 2025","Sun Dec 07 00:31:08 UTC 2025","939","tests.admin_panel.categories","test_57_v2_update_category","","","","test_v2_update_category_invalid_payload[payload6-422]","Негативный тест: обновление категории с невалидным или неполным телом запроса."
"passed","Sun Dec 07 01:30:46 UTC 2025","Sun Dec 07 01:30:46 UTC 2025","535","tests.tickets","test_04_create_ticket","","","","test_create_ticket_success[client-attachments0-ReceivingProductsShortage]","Позитивный тест: создание тикета с разными темами и вложениями для клиента, партнера и админа"
"passed","Sun Dec 07 00:37:42 UTC 2025","Sun Dec 07 00:37:44 UTC 2025","1747","tests.admin_panel.products","test_03_recommended_products_delete","","","","test_remove_nonexistent_recommendation","Удаление несуществующей рекомендации не вызывает ошибку."
"skipped","Sun Dec 07 01:28:22 UTC 2025","Sun Dec 07 01:28:22 UTC 2025","0","tests.stock","test_create_stock","","","","test_create_stock_with_empty_string_log_if_not_200[city.longitude]",""
"skipped","Sun Dec 07 01:28:22 UTC 2025","Sun Dec 07 01:28:22 UTC 2025","0","tests.stock","test_create_stock","","","","test_create_stock_with_empty_string_log_if_not_200[address.postal_code]",""
"passed","Sun Dec 07 00:29:29 UTC 2025","Sun Dec 07 00:29:30 UTC 2025","833","tests.admin_panel.categories","test_47_get_categories_by_id","","","","test_get_categories_by_id_success","Позитивный тест: успешное получение категории по ID админом."
"passed","Sun Dec 07 00:25:09 UTC 2025","Sun Dec 07 00:25:10 UTC 2025","421","tests.account","test_delete_cover_url","","","","test_add_cover_unauthorized",""
"skipped","Sun Dec 07 01:12:25 UTC 2025","Sun Dec 07 01:12:25 UTC 2025","0","tests.chat_support","test_03_support_chat_ticket_post","","","","test_ticket_attaches_last_three_user_messages_only[partner]","
    Позитивный: из 5 пользовательских сообщений в тикет должны попасть РОВНО 3 самые свежие (по id),
    а более старые остаться с ticket_id = NULL. Бот-ответы при этом вообще не должны учитываться
    "
"skipped","Sun Dec 07 00:28:32 UTC 2025","Sun Dec 07 00:28:33 UTC 2025","555","tests.admin_panel","test_delete_user","","","","test_delete_user[authorize_partner-authorize_admin]","Удаление клиента/ партнера админом"
"passed","Sun Dec 07 00:25:13 UTC 2025","Sun Dec 07 00:25:13 UTC 2025","132","tests.account","test_get_account_exists","","","","test_get_account_exists_positive[params0-admin]","Нкгатив: невлидны id"
"skipped","Sun Dec 07 00:28:32 UTC 2025","Sun Dec 07 00:28:32 UTC 2025","0","tests.admin_panel","test_accrue_presidential_pool","","","","test_accrue_presidential_pool_invalid_payload[payload2-400]",""
"passed","Sun Dec 07 01:00:33 UTC 2025","Sun Dec 07 01:00:37 UTC 2025","4360","tests.cart","test_12_cart_estimate_delivery","","","","test_estimate_delivery_success[client-cdek_courier-payload11]","
    Позитив: корзина с товаром, выбор способа доставки и расчёт стоимости для разных служб
    "
"passed","Sun Dec 07 01:21:44 UTC 2025","Sun Dec 07 01:21:44 UTC 2025","129","tests.delivery","test_self_pickup_offices","","","","test_self_pickup_offices_invalid_params[partner-params1]","
    Негатив: невалидные параметры -> 400 с телом ошибки.
    "
"skipped","Sun Dec 07 01:12:25 UTC 2025","Sun Dec 07 01:12:25 UTC 2025","0","tests.chat_support","test_01_support_chat_messages_post","","","","test_tickets_list_invalid_pagination_payload[bad_payload2-partner]",""
"skipped","Sun Dec 07 01:29:16 UTC 2025","Sun Dec 07 01:29:16 UTC 2025","0","tests.tickets","test_01_get_tickets","","","","test_get_tickets_success[filter1-sort1-search2-pagination0-partner]","Позитивный тест: получение списка тикетов с разными комбинациями параметров"
"passed","Sun Dec 07 01:17:04 UTC 2025","Sun Dec 07 01:17:04 UTC 2025","135","tests.delivery","test_get_cdek_offices","","","","test_get_cdek_offices_invalid_city_id_should_fail[1.5-admin]",""
"passed","Sun Dec 07 00:59:24 UTC 2025","Sun Dec 07 00:59:25 UTC 2025","162","tests.cart","test_11_cart_save_delivery_method","","","","test_save_delivery_method_without_cart[client-FivePost]","
    нужна обязательно корзина
    "
"passed","Sun Dec 07 01:07:16 UTC 2025","Sun Dec 07 01:07:20 UTC 2025","3951","tests.catalog","test_delete_admin_product_translation","","","","test_delete_admin_product_translation_forbidden[client]","Удаление перевода не-админом — должно вернуть 403."
"skipped","Sun Dec 07 01:12:25 UTC 2025","Sun Dec 07 01:12:25 UTC 2025","0","tests.chat_support","test_02_support_chat_messages_get","","","","test_get_messages_invalid_pagination[page_size=0-partner]","Негативный: невалидные параметры пагинации"
"passed","Sun Dec 07 00:47:03 UTC 2025","Sun Dec 07 00:47:04 UTC 2025","129","tests.admin_panel.slides","test_56_get_slides","","","","test_get_slides_forbidden[partner]","Негативный тест: получение списка слайдов не админом."
"skipped","Sun Dec 07 00:25:33 UTC 2025","Sun Dec 07 00:25:33 UTC 2025","0","tests.account","test_history_group_volumes","","","","test_get_group_volumes_history_positive[client-payload1]","Позитивные тесты на получение истории начисления групповых объемов"
"passed","Sun Dec 07 00:31:44 UTC 2025","Sun Dec 07 00:31:45 UTC 2025","1433","tests.admin_panel.categories","test_80_create_category_translation","","","","test_create_category_translation_success[kk]","Позитивный тест: создание/обновление перевода категории для разных языков."
"passed","Sun Dec 07 01:24:45 UTC 2025","Sun Dec 07 01:24:46 UTC 2025","1456","tests.one_c","test_create_1c_stock","","","","test_post_id_1c_int32_boundaries",""
"passed","Sun Dec 07 01:17:15 UTC 2025","Sun Dec 07 01:17:15 UTC 2025","126","tests.delivery","test_get_cities_v2","","","","test_get_cities_v2_success[params0-partner]","
    Позитив: успешное получение списка городов (обязателен city_name, country_id — опционален).
    "
"passed","Sun Dec 07 01:26:37 UTC 2025","Sun Dec 07 01:26:38 UTC 2025","951","tests.register","test_03_register_client","","","","test_register_client_positive[partner-200]","Тест: позитивные тесты для регистрации клиента вручную"
"passed","Sun Dec 07 01:21:10 UTC 2025","Sun Dec 07 01:21:10 UTC 2025","137","tests.delivery","test_get_self_pickup_offices","","","","test_get_self_pickup_offices_invalid_city_id_should_fail[bad_city_id8-admin]","Негатив: невалидные значения city_id → 400/422."
"passed","Sun Dec 07 00:28:46 UTC 2025","Sun Dec 07 00:28:47 UTC 2025","554","tests.admin_panel","test_partner_accrual_details_common","","","","test_common_accrual_details_invalid_payload[payload4-expected_codes4]","
    Негатив: валидация тела запроса общей детализации.
    "
"skipped","Sun Dec 07 01:28:21 UTC 2025","Sun Dec 07 01:28:21 UTC 2025","578","tests.stock","test_create_stock","","","","test_create_stock_duplicate_id_1c_fails",""
"passed","Sun Dec 07 01:38:35 UTC 2025","Sun Dec 07 01:38:36 UTC 2025","869","tests.tickets","test_11_update_message","","","","test_update_message_validation[partner-update_payload1-403]","Негативные тесты: невалидные поля при редактировании сообщения"
"passed","Sun Dec 07 00:52:59 UTC 2025","Sun Dec 07 00:52:59 UTC 2025","146","tests.auth","test_05_logout","","","","test_logout_success[client]","Тест разлогинивания с валидным токеном (клиент, партнёр, админ)"
"passed","Sun Dec 07 00:46:11 UTC 2025","Sun Dec 07 00:46:12 UTC 2025","867","tests.admin_panel.sliders","test_54_update_slider","","","","test_update_slider_invalid_payload[payload9-400]","Негативный тест: обновление слайдера с невалидным или неполным телом запроса."
"skipped","Sun Dec 07 00:28:32 UTC 2025","Sun Dec 07 00:28:32 UTC 2025","0","tests.admin_panel","test_accrue_presidential_pool","","","","test_accrue_presidential_pool_invalid_payload[payload1-400]",""
"passed","Sun Dec 07 00:54:55 UTC 2025","Sun Dec 07 00:54:55 UTC 2025","164","tests.cart","test_02_get_delivery_cost","","","","test_get_delivery_cost_success_partial_payload[partner-payload5-400]","
    Позитив/граничные: сочетания полей региона/города
    "
"passed","Sun Dec 07 00:53:01 UTC 2025","Sun Dec 07 00:53:01 UTC 2025","150","tests.auth","test_05_logout","","","","test_logout_success[partner]","Тест разлогинивания с валидным токеном (клиент, партнёр, админ)"
"passed","Sun Dec 07 01:16:10 UTC 2025","Sun Dec 07 01:16:10 UTC 2025","129","tests.delivery","test_03_delete_delivery_address","","","","test_delete_delivery_address_invalid_id[None-client]","Негатив: удаление адреса с некорректным ID"
"passed","Sun Dec 07 00:52:24 UTC 2025","Sun Dec 07 00:52:24 UTC 2025","415","tests.auth","test_01_check_version","","","","test_check_version[-1.0.0-400]","Тест проверяет API /check_version для разных платформ и версий."
"passed","Sun Dec 07 00:36:59 UTC 2025","Sun Dec 07 00:37:01 UTC 2025","1970","tests.admin_panel.products","test_01_recommended_products_sort","","","","test_sort_recommendations_partial","Сортировка по рекомендациям"
"skipped","Sun Dec 07 01:29:16 UTC 2025","Sun Dec 07 01:29:16 UTC 2025","0","tests.tickets","test_01_get_tickets","","","","test_get_tickets_success[filter0-sort1-search0-pagination0-partner]","Позитивный тест: получение списка тикетов с разными комбинациями параметров"
"passed","Sun Dec 07 00:23:02 UTC 2025","Sun Dec 07 00:23:02 UTC 2025","133","tests.account","test_0_family_agreement_get","","","","test_get_family_agreement_positive[payload0-client]","Позитивные тесты на получение данных о семейном соглашении"
"skipped","Sun Dec 07 01:29:16 UTC 2025","Sun Dec 07 01:29:16 UTC 2025","0","tests.tickets","test_01_get_tickets","","","","test_get_tickets_success[filter0-sort0-search0-pagination1-admin]","Позитивный тест: получение списка тикетов с разными комбинациями параметров"
"passed","Sun Dec 07 01:10:46 UTC 2025","Sun Dec 07 01:10:50 UTC 2025","3758","tests.catalog","test_update_admin_product","","","","test_update_admin_product_forbidden[partner]",""
"skipped","Sun Dec 07 01:29:16 UTC 2025","Sun Dec 07 01:29:16 UTC 2025","0","tests.tickets","test_01_get_tickets","","","","test_get_tickets_success[filter1-sort1-search2-pagination1-admin]","Позитивный тест: получение списка тикетов с разными комбинациями параметров"
"passed","Sun Dec 07 01:36:43 UTC 2025","Sun Dec 07 01:36:43 UTC 2025","540","tests.tickets","test_04_create_ticket","","","","test_create_ticket_invalid_request_type[admin-None-200]","Негативный тест: попытка создания тикета с неверным типом request_type"
"passed","Sun Dec 07 00:41:33 UTC 2025","Sun Dec 07 00:41:33 UTC 2025","136","tests.admin_panel.promo","test_72_create_promotion","","","","test_create_promotion_forbidden[partner]","Негативный тест: создание акции не-админом запрещено."
"passed","Sun Dec 07 01:23:38 UTC 2025","Sun Dec 07 01:23:40 UTC 2025","1251","tests.one_c","test_create_1c_stock","","","","test_post_work_hours_closed_day_structure",""
"passed","Sun Dec 07 00:55:34 UTC 2025","Sun Dec 07 00:55:34 UTC 2025","206","tests.cart","test_05_cart_clear","","","","test_clear_cart_success[client]","Позитив: успешная очистка корзины"
"skipped","Sun Dec 07 01:29:16 UTC 2025","Sun Dec 07 01:29:16 UTC 2025","0","tests.tickets","test_01_get_tickets","","","","test_get_tickets_success[filter1-sort0-search0-pagination1-admin]","Позитивный тест: получение списка тикетов с разными комбинациями параметров"
"passed","Sun Dec 07 00:23:25 UTC 2025","Sun Dec 07 00:23:25 UTC 2025","128","tests.account","test_0_referral_links","","","","test_get_referral_links_positive[admin-403]","Позитивные тесты на получение реферальных ссылок"
"passed","Sun Dec 07 01:18:53 UTC 2025","Sun Dec 07 01:18:53 UTC 2025","135","tests.delivery","test_get_dpd_offices","","","","test_get_dpd_offices_invalid_city_id_should_fail[bad_city_id8-admin]",""
"passed","Sun Dec 07 01:10:03 UTC 2025","Sun Dec 07 01:10:03 UTC 2025","425","tests.catalog","test_recommended_products_selfpickup","","","","test_get_recommended_products_selfpickup_unauthorized","
    Негативный тест: запрос без авторизации
    "
"passed","Sun Dec 07 00:27:45 UTC 2025","Sun Dec 07 00:27:46 UTC 2025","571","tests.admin_panel","test_04_generate_support_token","","","","test_invalid_user_id_for_token_returns_client_error[abc]",""
"passed","Sun Dec 07 01:03:56 UTC 2025","Sun Dec 07 01:03:56 UTC 2025","129","tests.cart","test_21_cart_shareable","","","","test_cart_shareable_not_found[client]","
    Граничный кейс: запрос по заведомо несуществующей ссылке.
    Ожидаем 4xx (обычно 404).
    "
"passed","Sun Dec 07 00:46:42 UTC 2025","Sun Dec 07 00:46:43 UTC 2025","570","tests.admin_panel.slides","test_0_slides_sort","","","","test_slides_sort_invalid_id[-1]","Негативный тест: невалидный path parameter."
"passed","Sun Dec 07 00:34:50 UTC 2025","Sun Dec 07 00:34:52 UTC 2025","2106","tests.admin_panel.items","test_get_item_translation","","","","test_get_item_translation_forbidden[client]","
    Негативный тест: client/partner не может читать переводы item.
    Подготовку (создание item и добавление перевода) делает админ.
    "
"passed","Sun Dec 07 01:32:35 UTC 2025","Sun Dec 07 01:32:36 UTC 2025","583","tests.tickets","test_04_create_ticket","","","","test_create_ticket_success[partner-attachments0-QuestionsAboutTheRewardSystemMarketingPlan]","Позитивный тест: создание тикета с разными темами и вложениями для клиента, партнера и админа"
"passed","Sun Dec 07 00:51:34 UTC 2025","Sun Dec 07 00:51:36 UTC 2025","1577","tests.admin_panel.slides","test_61_upload_slides_images","","","","test_upload_only_single_slide_image_field[preview-test_png.png-image/png-preview]","Проверка: загрузка только одного изображения не должна заполнять другие поля."
"passed","Sun Dec 07 00:26:31 UTC 2025","Sun Dec 07 00:26:32 UTC 2025","547","tests.admin_panel","test_01_support_create_user","","","","test_invalid_user_id_returns_client_error[0]",""
"passed","Sun Dec 07 01:18:58 UTC 2025","Sun Dec 07 01:18:58 UTC 2025","129","tests.delivery","test_get_emu_pickup_points","","","","test_get_emu_pickup_points_success[143796-partner]","Позитив: успешное получение списка ПВЗ EMU по city_id."
"skipped","Sun Dec 07 00:36:59 UTC 2025","Sun Dec 07 00:36:59 UTC 2025","0","tests.admin_panel.products","test_01_create_product_group","","","","test_create_product_group_with_duplicate_items","Негативный тест: попытка создать продукт группы с одинаковыми items."
"passed","Sun Dec 07 01:17:57 UTC 2025","Sun Dec 07 01:17:57 UTC 2025","134","tests.delivery","test_get_delivery_countries","","","","test_get_delivery_countries_success[delivery-client]","Позитив: успешное получение списка стран с разными значениями ?from=."
"passed","Sun Dec 07 00:36:26 UTC 2025","Sun Dec 07 00:36:27 UTC 2025","559","tests.admin_panel.periods","test_get_period_by_id","","","","test_get_period_by_id__invalid_400_404[NaN]",""
"passed","Sun Dec 07 01:29:06 UTC 2025","Sun Dec 07 01:29:07 UTC 2025","405","tests.stock","test_update_stock","","","","test_update_stock_unauthorized",""
"passed","Sun Dec 07 00:33:11 UTC 2025","Sun Dec 07 00:33:11 UTC 2025","778","tests.admin_panel.items","test_create_item","","","","test_create_item_invalid_payload[payload7-expected_code7]","
    Негативный тест: создание варианта с невалидным телом запроса.
    Если сервер внезапно вернул успех — удаляем созданный item из БД.
    "
"passed","Sun Dec 07 00:30:16 UTC 2025","Sun Dec 07 00:30:16 UTC 2025","451","tests.admin_panel.categories","test_56_v2_create_category","","","","test_v2_create_category_unauthorized","Негативный тест: создание категории без авторизации."
"skipped","Sun Dec 07 00:30:10 UTC 2025","Sun Dec 07 00:30:10 UTC 2025","0","tests.admin_panel.categories","test_50_upload_category_images","","","","test_upload_category_images_unauthorized","Негативный тест: загрузка изображений категории без авторизации."
"passed","Sun Dec 07 00:25:24 UTC 2025","Sun Dec 07 00:25:24 UTC 2025","127","tests.account","test_get_account_exists","","","","test_get_account_exists_positive[params4-client]","Нкгатив: невлидны id"
"passed","Sun Dec 07 01:36:32 UTC 2025","Sun Dec 07 01:36:33 UTC 2025","547","tests.tickets","test_04_create_ticket","","","","test_create_ticket_invalid_request_type[partner--200]","Негативный тест: попытка создания тикета с неверным типом request_type"
"passed","Sun Dec 07 01:18:28 UTC 2025","Sun Dec 07 01:18:28 UTC 2025","127","tests.delivery","test_get_delivery_regions","","","","test_get_delivery_regions_missing_required_params[admin]","Негатив: отсутствие обязательных параметров page/page_size/country_id → 400/422."
"passed","Sun Dec 07 01:30:59 UTC 2025","Sun Dec 07 01:31:00 UTC 2025","1213","tests.tickets","test_04_create_ticket","","","","test_create_ticket_success[client-attachments1-QuestionsAboutInternationalDelivery]","Позитивный тест: создание тикета с разными темами и вложениями для клиента, партнера и админа"
"skipped","Sun Dec 07 00:25:11 UTC 2025","Sun Dec 07 00:25:11 UTC 2025","0","tests.account","test_family_agreement_create_one","","","","test_create_family_agreement_one_positive[admin-payload0]","Позитивные тесты на создание семейного соглашения при отсутствующем втором партнере"
"passed","Sun Dec 07 00:39:26 UTC 2025","Sun Dec 07 00:39:27 UTC 2025","891","tests.admin_panel.products","test_42_update_product_brand","","","","test_update_product_brand_invalid_payload[payload4-expected_code4]","Негативный тест: обновление бренда с невалидным или неполным телом запроса."
"passed","Sun Dec 07 01:24:36 UTC 2025","Sun Dec 07 01:24:36 UTC 2025","405","tests.one_c","test_create_1c_stock","","","","test_post_bad_request_or_unprocessable[<lambda>12]",""
"skipped","Sun Dec 07 00:25:33 UTC 2025","Sun Dec 07 00:25:33 UTC 2025","0","tests.account","test_history_group_volumes_admin","","","","test_get_group_volumes_history_admin_positive[client-payload0]","Позитивные тесты на получение истории начисления групповых объемов для админа"
"passed","Sun Dec 07 01:35:00 UTC 2025","Sun Dec 07 01:35:02 UTC 2025","1233","tests.tickets","test_04_create_ticket","","","","test_create_ticket_success[admin-attachments1-QuestionsAboutOrders]","Позитивный тест: создание тикета с разными темами и вложениями для клиента, партнера и админа"
"passed","Sun Dec 07 00:42:53 UTC 2025","Sun Dec 07 00:42:53 UTC 2025","435","tests.admin_panel.promo","test_75_delete_promotion_by_id","","","","test_delete_promotion_unauthorized","Негативный тест: попытка удаления акции без авторизации."
"passed","Sun Dec 07 01:31:26 UTC 2025","Sun Dec 07 01:31:28 UTC 2025","1210","tests.tickets","test_04_create_ticket","","","","test_create_ticket_success[client-attachments1-ReceivingDefectiveProducts]","Позитивный тест: создание тикета с разными темами и вложениями для клиента, партнера и админа"
"passed","Sun Dec 07 00:57:59 UTC 2025","Sun Dec 07 00:58:03 UTC 2025","3541","tests.cart","test_11_cart_save_delivery_method","","","","test_save_delivery_method_success_with_cart[partner-Yandex]","
    Позитив: сохранение способа доставки для всех значений с корзиной
    "
"passed","Sun Dec 07 01:06:20 UTC 2025","Sun Dec 07 01:06:24 UTC 2025","4147","tests.catalog","test_create_admin_product_translation","","","","test_create_admin_product_translation_success[mn]","Создание и обновление перевода продукта на разных языках."
"passed","Sun Dec 07 01:05:59 UTC 2025","Sun Dec 07 01:06:03 UTC 2025","4078","tests.catalog","test_create_admin_product_translation","","","","test_create_admin_product_translation_success[uz]","Создание и обновление перевода продукта на разных языках."
"passed","Sun Dec 07 01:14:23 UTC 2025","Sun Dec 07 01:14:25 UTC 2025","1673","tests.delivery","test_01_save_delivery_address","","","","test_save_delivery_address_negative[partner-payload9-500]","Негативные тесты на сохранение адреса доставки"
"passed","Sun Dec 07 00:53:33 UTC 2025","Sun Dec 07 00:53:34 UTC 2025","906","tests.cart","test_01_user_locale","","","","test_update_user_locale_valid_payload_1[partner-payload0]","
    Позитивный тест: Обновление языка/склада/локали авторизованным пользователем"
"skipped","Sun Dec 07 01:28:23 UTC 2025","Sun Dec 07 01:28:23 UTC 2025","0","tests.stock","test_create_stock","","","","test_create_stock_with_empty_string_log_if_not_200[boxberry_office_code]",""
"passed","Sun Dec 07 01:32:00 UTC 2025","Sun Dec 07 01:32:01 UTC 2025","1135","tests.tickets","test_04_create_ticket","","","","test_create_ticket_success[client-attachments2-OtherQuestions]","Позитивный тест: создание тикета с разными темами и вложениями для клиента, партнера и админа"
"skipped","Sun Dec 07 00:25:33 UTC 2025","Sun Dec 07 00:25:33 UTC 2025","0","tests.account","test_history","","","","test_get_history_positive[client-payload1]","Позитивные тесты на получение истории аккаунта"
"passed","Sun Dec 07 00:58:04 UTC 2025","Sun Dec 07 00:58:08 UTC 2025","3454","tests.cart","test_11_cart_save_delivery_method","","","","test_save_delivery_method_success_with_cart[partner-KgPost]","
    Позитив: сохранение способа доставки для всех значений с корзиной
    "
"passed","Sun Dec 07 01:07:00 UTC 2025","Sun Dec 07 01:07:04 UTC 2025","4215","tests.catalog","test_create_admin_product_translation","","","","test_product_translation_update_duplicate_lang_code","Проверка перезаписи перевода по одному и тому же lang_code."
"passed","Sun Dec 07 01:29:42 UTC 2025","Sun Dec 07 01:29:42 UTC 2025","128","tests.tickets","test_01_get_tickets","","","","test_get_tickets_invalid_filter[invalid_filter2-400-client]","Негативный тест: передаем некорректные параметры фильтрации"
"passed","Sun Dec 07 01:28:29 UTC 2025","Sun Dec 07 01:28:29 UTC 2025","158","tests.stock","test_get_group_orders","","","","test_get_group_orders[admin]","Запрос всех складов для групповых заказов"
"passed","Sun Dec 07 00:22:51 UTC 2025","Sun Dec 07 00:22:52 UTC 2025","411","tests.PROJECT_FUND.initiatives","test_get_reports","","","","test_get_reports_with_query_params[query1-https://dev.ewahelps.com/api]","Позитивный тест: получение списка отчетов с query-параметрами"
"passed","Sun Dec 07 00:56:31 UTC 2025","Sun Dec 07 00:56:31 UTC 2025","401","tests.cart","test_08_cart_delete","","","","test_delete_cart_item_unauthorized","Негатив: удаление без авторизации/корзины."
"passed","Sun Dec 07 00:54:30 UTC 2025","Sun Dec 07 00:54:32 UTC 2025","1127","tests.cart","test_02_get_delivery_cost","","","","test_get_delivery_cost_success_partial_payload[client-payload1-200]","
    Позитив/граничные: сочетания полей региона/города
    "
"skipped","Sun Dec 07 00:25:33 UTC 2025","Sun Dec 07 00:25:33 UTC 2025","0","tests.account","test_get_languages","","","","test_get_languages_success[client-unknown-400]","Возвращает список языков, доступных для перевода"
"passed","Sun Dec 07 00:37:23 UTC 2025","Sun Dec 07 00:37:24 UTC 2025","1487","tests.admin_panel.products","test_02_recommended_products_add","","","","test_add_same_product_as_recommended","Попытка добавить товар в рекомендации к самому себе"
"passed","Sun Dec 07 01:29:40 UTC 2025","Sun Dec 07 01:29:40 UTC 2025","129","tests.tickets","test_01_get_tickets","","","","test_get_tickets_invalid_filter[invalid_filter1-400-partner]","Негативный тест: передаем некорректные параметры фильтрации"
"skipped","Sun Dec 07 01:28:22 UTC 2025","Sun Dec 07 01:28:22 UTC 2025","0","tests.stock","test_create_stock","","","","test_create_stock_with_empty_string_log_if_not_200[id]",""
"passed","Sun Dec 07 00:41:37 UTC 2025","Sun Dec 07 00:41:38 UTC 2025","850","tests.admin_panel.promo","test_73_get_promotion_by_id","","","","test_get_promotion_by_id","Позитивный тест: получение акции по ID"
"skipped","Sun Dec 07 01:17:30 UTC 2025","Sun Dec 07 01:17:31 UTC 2025","455","tests.delivery","test_get_cities_v2","","","","test_get_cities_v2_invalid_city_name_should_fail[True-admin]","
    Негатив: невалидные значения city_name → 400/422.
    "
"skipped","Sun Dec 07 01:29:16 UTC 2025","Sun Dec 07 01:29:16 UTC 2025","0","tests.tickets","test_01_get_tickets","","","","test_get_tickets_success[filter0-sort1-search1-pagination1-partner]","Позитивный тест: получение списка тикетов с разными комбинациями параметров"
"skipped","Sun Dec 07 01:29:16 UTC 2025","Sun Dec 07 01:29:16 UTC 2025","0","tests.tickets","test_01_get_tickets","","","","test_get_tickets_success[filter0-sort0-search0-pagination0-admin]","Позитивный тест: получение списка тикетов с разными комбинациями параметров"
"skipped","Sun Dec 07 00:28:32 UTC 2025","Sun Dec 07 00:28:32 UTC 2025","0","tests.admin_panel","test_accrue_gold_pro_gift","","","","test_accrue_gold_pro_gift_invalid_payload[payload4-400]",""
"passed","Sun Dec 07 01:00:58 UTC 2025","Sun Dec 07 01:01:02 UTC 2025","3914","tests.cart","test_12_cart_estimate_delivery","","","","test_estimate_delivery_success[client-five_post_pickup-payload15]","
    Позитив: корзина с товаром, выбор способа доставки и расчёт стоимости для разных служб
    "
"passed","Sun Dec 07 00:40:03 UTC 2025","Sun Dec 07 00:40:03 UTC 2025","130","tests.admin_panel.products","test_44_upload_product_brand_images","","","","test_upload_product_brand_images_forbidden[client]","Негативный тест: неадмин не может загрузить изображения."
"skipped","Sun Dec 07 00:25:54 UTC 2025","Sun Dec 07 00:25:54 UTC 2025","0","tests.account","test_token_revoke","","","","test_revoke_token_positive[client-payload0]","Позитивные тесты на удаление токена"
"passed","Sun Dec 07 00:32:58 UTC 2025","Sun Dec 07 00:32:59 UTC 2025","749","tests.admin_panel.items","test_create_item","","","","test_create_item_invalid_payload[payload2-expected_code2]","
    Негативный тест: создание варианта с невалидным телом запроса.
    Если сервер внезапно вернул успех — удаляем созданный item из БД.
    "
"passed","Sun Dec 07 00:22:33 UTC 2025","Sun Dec 07 00:22:34 UTC 2025","565","tests.PROJECT_FUND.initiatives","test_get_initiative_by_id","","","","test_get_initiative_by_invalid_id[-https://dev.ewahelps.com/api]",""
"passed","Sun Dec 07 01:14:47 UTC 2025","Sun Dec 07 01:14:50 UTC 2025","2914","tests.delivery","test_02_get_delivery_address","","","","test_get_delivery_addresses_permissions[client]","Проверка получения адресов"
"passed","Sun Dec 07 01:32:49 UTC 2025","Sun Dec 07 01:32:49 UTC 2025","565","tests.tickets","test_04_create_ticket","","","","test_create_ticket_success[partner-attachments0-ReceivingProductsShortage]","Позитивный тест: создание тикета с разными темами и вложениями для клиента, партнера и админа"
"passed","Sun Dec 07 01:32:43 UTC 2025","Sun Dec 07 01:32:44 UTC 2025","541","tests.tickets","test_04_create_ticket","","","","test_create_ticket_success[partner-attachments0-ReceivingDefectiveProductsOrShortage]","Позитивный тест: создание тикета с разными темами и вложениями для клиента, партнера и админа"
"skipped","Sun Dec 07 01:29:16 UTC 2025","Sun Dec 07 01:29:16 UTC 2025","0","tests.tickets","test_01_get_tickets","","","","test_get_tickets_success[filter2-sort1-search0-pagination1-partner]","Позитивный тест: получение списка тикетов с разными комбинациями параметров"
"passed","Sun Dec 07 01:33:16 UTC 2025","Sun Dec 07 01:33:17 UTC 2025","1226","tests.tickets","test_04_create_ticket","","","","test_create_ticket_success[partner-attachments1-QuestionsAboutTheRewardSystemMarketingPlan]","Позитивный тест: создание тикета с разными темами и вложениями для клиента, партнера и админа"
"passed","Sun Dec 07 00:39:37 UTC 2025","Sun Dec 07 00:39:38 UTC 2025","873","tests.admin_panel.products","test_42_update_product_brand","","","","test_update_product_brand_invalid_payload[payload8-422]","Негативный тест: обновление бренда с невалидным или неполным телом запроса."
"passed","Sun Dec 07 01:01:19 UTC 2025","Sun Dec 07 01:01:24 UTC 2025","4239","tests.cart","test_12_cart_estimate_delivery","","","","test_estimate_delivery_success[partner-kgpost-payload3]","
    Позитив: корзина с товаром, выбор способа доставки и расчёт стоимости для разных служб
    "
"passed","Sun Dec 07 01:04:30 UTC 2025","Sun Dec 07 01:04:34 UTC 2025","3716","tests.catalog","test_create_admin_product","","","","test_create_admin_product_full_payload",""
"skipped","Sun Dec 07 00:25:33 UTC 2025","Sun Dec 07 00:25:33 UTC 2025","0","tests.account","test_history_group_volumes","","","","test_get_group_volumes_history_positive[partner-payload1]","Позитивные тесты на получение истории начисления групповых объемов"
"passed","Sun Dec 07 01:31:16 UTC 2025","Sun Dec 07 01:31:17 UTC 2025","1225","tests.tickets","test_04_create_ticket","","","","test_create_ticket_success[client-attachments1-OtherQuestions]","Позитивный тест: создание тикета с разными темами и вложениями для клиента, партнера и админа"
"skipped","Sun Dec 07 00:25:33 UTC 2025","Sun Dec 07 00:25:33 UTC 2025","0","tests.account","test_history_admin","","","","test_get_admin_history_positive[partner-payload0]","Позитивные тесты на получение истории бонусов для админа"
"passed","Sun Dec 07 01:19:55 UTC 2025","Sun Dec 07 01:19:56 UTC 2025","138","tests.delivery","test_get_georgian_post_pickup_points","","","","test_get_georgian_post_pickup_points_success[1-client]","Позитив: успешное получение списка ПВЗ грузинской почты по city_id."
"passed","Sun Dec 07 00:36:57 UTC 2025","Sun Dec 07 00:36:58 UTC 2025","407","tests.admin_panel.periods","test_get_periods","","","","test_get_periods__unauthorized",""
"skipped","Sun Dec 07 01:29:16 UTC 2025","Sun Dec 07 01:29:16 UTC 2025","0","tests.tickets","test_01_get_tickets","","","","test_get_tickets_success[filter2-sort1-search2-pagination1-partner]","Позитивный тест: получение списка тикетов с разными комбинациями параметров"
"passed","Sun Dec 07 00:33:01 UTC 2025","Sun Dec 07 00:33:01 UTC 2025","774","tests.admin_panel.items","test_create_item","","","","test_create_item_invalid_payload[payload3-expected_code3]","
    Негативный тест: создание варианта с невалидным телом запроса.
    Если сервер внезапно вернул успех — удаляем созданный item из БД.
    "
"skipped","Sun Dec 07 00:24:02 UTC 2025","Sun Dec 07 00:24:02 UTC 2025","0","tests.account","test_account_branded_wallet_get","","","","test_get_invalid_period_returns_422[period0-partner]","
    Негатив: невалидные month/year → 422.
    "
"skipped","Sun Dec 07 01:28:23 UTC 2025","Sun Dec 07 01:28:23 UTC 2025","0","tests.stock","test_create_stock","","","","test_create_stock_with_empty_string_log_if_not_200[timezone]",""
"passed","Sun Dec 07 00:31:14 UTC 2025","Sun Dec 07 00:31:15 UTC 2025","1823","tests.admin_panel.categories","test_79_get_category_translation","","","","test_get_category_two_translations_success",""
"passed","Sun Dec 07 01:16:26 UTC 2025","Sun Dec 07 01:16:26 UTC 2025","134","tests.delivery","test_get_boxberry_offices","","","","test_get_boxberry_offices_invalid_city_id_should_fail[-1-admin]",""
"skipped","Sun Dec 07 00:25:33 UTC 2025","Sun Dec 07 00:25:33 UTC 2025","0","tests.account","test_history_personal_volumes","","","","test_get_personal_volumes_history_positive[client-payload1]","Позитивные тесты на получение истории начисления личных объемов"
"passed","Sun Dec 07 00:59:04 UTC 2025","Sun Dec 07 00:59:07 UTC 2025","3539","tests.cart","test_11_cart_save_delivery_method","","","","test_save_delivery_method_success_with_cart[partner-Emu]","
    Позитив: сохранение способа доставки для всех значений с корзиной
    "
"passed","Sun Dec 07 01:37:52 UTC 2025","Sun Dec 07 01:37:52 UTC 2025","816","tests.tickets","test_09_get_ticket_messages","","","","test_get_ticket_messages_positive[partner]","Позитивный тест: успешное получение списка сообщений тикета"
"passed","Sun Dec 07 00:22:31 UTC 2025","Sun Dec 07 00:22:32 UTC 2025","745","tests.PROJECT_FUND.initiatives","test_get_initiative_by_id","","","","test_get_initiative_by_invalid_id[None-https://dev.ewahelps.com/api]",""
"skipped","Sun Dec 07 00:25:33 UTC 2025","Sun Dec 07 00:25:33 UTC 2025","0","tests.account","test_history_personal_volumes_admin","","","","test_get_personal_volumes_history_admin_positive[client-payload0]","Позитивные тесты на получение истории начисления личных объемов для админа"
"skipped","Sun Dec 07 01:17:47 UTC 2025","Sun Dec 07 01:17:47 UTC 2025","129","tests.delivery","test_get_cities_v2","","","","test_get_cities_v2_invalid_country_id_should_fail[bad_country_id6-admin]","
    Негатив: невалидные значения country_id → 400/422.
    "
"passed","Sun Dec 07 00:24:31 UTC 2025","Sun Dec 07 00:24:33 UTC 2025","2123","tests.account","test_account_branded_wallet_upload","","","","test_upload_too_large_returns_400[client]","Негатив: слишком большой файл (>5MB) → 400"
"skipped","Sun Dec 07 01:28:23 UTC 2025","Sun Dec 07 01:28:23 UTC 2025","0","tests.stock","test_create_stock","","","","test_create_stock_with_empty_string_log_if_not_200[address.entrance]",""
"skipped","Sun Dec 07 00:25:54 UTC 2025","Sun Dec 07 00:25:54 UTC 2025","0","tests.account","test_token","","","","test_add_token_positive[partner-payload0]","Позитивные тесты на добавление токена"
"failed","Sun Dec 07 00:28:48 UTC 2025","Sun Dec 07 00:28:48 UTC 2025","546","tests.admin_panel","test_partner_accrual_details_common","","","","test_common_accrual_details_invalid_payload[payload5-expected_codes5]","
    Негатив: валидация тела запроса общей детализации.
    "
"skipped","Sun Dec 07 01:29:16 UTC 2025","Sun Dec 07 01:29:16 UTC 2025","0","tests.tickets","test_01_get_tickets","","","","test_get_tickets_success[filter0-sort1-search2-pagination0-partner]","Позитивный тест: получение списка тикетов с разными комбинациями параметров"
"passed","Sun Dec 07 00:36:37 UTC 2025","Sun Dec 07 00:36:38 UTC 2025","560","tests.admin_panel.periods","test_get_period_by_id","","","","test_get_period_by_id__invalid_400_404[1.50]",""
"passed","Sun Dec 07 00:49:34 UTC 2025","Sun Dec 07 00:49:35 UTC 2025","910","tests.admin_panel.slides","test_59_update_slide","","","","test_update_slide_invalid_payload[payload14-expected_code14]","Негативный тест: обновление слайда с невалидным или неполным телом запроса."
"passed","Sun Dec 07 01:13:07 UTC 2025","Sun Dec 07 01:13:10 UTC 2025","2391","tests.delivery","test_01_save_delivery_address","","","","test_save_delivery_address_positive[partner-payload3]","Позитивные тесты на сохранение адреса доставки"
"skipped","Sun Dec 07 00:55:52 UTC 2025","Sun Dec 07 00:55:53 UTC 2025","354","tests.cart","test_06_cart_update","","","","test_update_cart_item_invalid_payload[partner-payload2]","Негатив: невалидный payload."
"passed","Sun Dec 07 01:25:39 UTC 2025","Sun Dec 07 01:25:39 UTC 2025","129","tests.orders","test_create_order_by_delivery_address","","","","test_create_order_invalid_data[invalid_payload0-client]","Негативные тесты: создание заказа с некорректными данными"
"skipped","Sun Dec 07 00:25:33 UTC 2025","Sun Dec 07 00:25:33 UTC 2025","0","tests.account","test_list_csv","","","","test_get_account_list_csv_positive[client-payload0]","Позитивные тесты на выгрузку структуры партнеров в CSV"
"passed","Sun Dec 07 00:45:07 UTC 2025","Sun Dec 07 00:45:08 UTC 2025","857","tests.admin_panel.sliders","test_53_get_sliders_by_id","","","","test_get_sliders_by_id_success","Позитивный тест: успешное получение слайдера по ID админом"
"passed","Sun Dec 07 00:52:49 UTC 2025","Sun Dec 07 00:52:49 UTC 2025","403","tests.auth","test_03_token_auth","","","","test_auth_by_invalid_token","Тест авторизации с невалидным токеном"
"passed","Sun Dec 07 01:16:36 UTC 2025","Sun Dec 07 01:16:36 UTC 2025","129","tests.delivery","test_get_boxberry_offices","","","","test_get_boxberry_offices_invalid_city_id_should_fail[bad_city_id8-admin]",""
"skipped","Sun Dec 07 01:28:23 UTC 2025","Sun Dec 07 01:28:23 UTC 2025","0","tests.stock","test_create_stock","","","","test_create_stock_with_empty_string_log_if_not_200[delivery_restrictions]",""
"skipped","Sun Dec 07 00:25:02 UTC 2025","Sun Dec 07 00:25:02 UTC 2025","0","tests.account","test_delete_avatar","","","","test_delete_avatar_positive[client]","Позитивные тесты на удаление аватара"
"passed","Sun Dec 07 01:06:50 UTC 2025","Sun Dec 07 01:06:51 UTC 2025","574","tests.catalog","test_create_admin_product_translation","","","","test_create_admin_product_translation_invalid_payload[payload2-400]","Негативные проверки на создание перевода с некорректным payload."
"passed","Sun Dec 07 00:26:34 UTC 2025","Sun Dec 07 00:26:35 UTC 2025","573","tests.admin_panel","test_01_support_create_user","","","","test_create_support_for_nonexistent_user_returns_404","
    POST /admin/support-users — 404, если user_id указывает на несуществующего пользователя
    "
"skipped","Sun Dec 07 01:12:25 UTC 2025","Sun Dec 07 01:12:25 UTC 2025","0","tests.chat_support","test_02_support_chat_messages_get","","","","test_get_messages_invalid_pagination[page_size=abc-partner]","Негативный: невалидные параметры пагинации"
"passed","Sun Dec 07 00:54:18 UTC 2025","Sun Dec 07 00:54:19 UTC 2025","158","tests.cart","test_01_user_locale","","","","test_update_user_locale_invalid_payload[partner-payload6-400]","Негативный тест: обновление локали с невалидным payload."
"skipped","Sun Dec 07 01:17:49 UTC 2025","Sun Dec 07 01:17:49 UTC 2025","140","tests.delivery","test_get_cities_v2","","","","test_get_cities_v2_invalid_country_id_should_fail[bad_country_id7-admin]","
    Негатив: невалидные значения country_id → 400/422.
    "
"passed","Sun Dec 07 00:30:46 UTC 2025","Sun Dec 07 00:30:47 UTC 2025","647","tests.admin_panel.categories","test_57_v2_update_category","","","","test_v2_update_category_invalid_id[0]","Негативный тест: несуществующий или некорректный ID."
"skipped","Sun Dec 07 00:25:11 UTC 2025","Sun Dec 07 00:25:11 UTC 2025","0","tests.account","test_family_agreement_create_one","","","","test_create_family_agreement_one_positive[client-payload1]","Позитивные тесты на создание семейного соглашения при отсутствующем втором партнере"
"skipped","Sun Dec 07 01:29:16 UTC 2025","Sun Dec 07 01:29:16 UTC 2025","0","tests.tickets","test_01_get_tickets","","","","test_get_tickets_success[filter0-sort1-search1-pagination1-admin]","Позитивный тест: получение списка тикетов с разными комбинациями параметров"
"passed","Sun Dec 07 01:28:53 UTC 2025","Sun Dec 07 01:28:54 UTC 2025","586","tests.stock","test_get_stocks","","","","test_get_stocks[partner]","Запрос всех складов"
"passed","Sun Dec 07 01:05:31 UTC 2025","Sun Dec 07 01:05:35 UTC 2025","4093","tests.catalog","test_create_admin_product_translation","","","","test_create_admin_product_translation_success[ru]","Создание и обновление перевода продукта на разных языках."
"passed","Sun Dec 07 00:31:37 UTC 2025","Sun Dec 07 00:31:38 UTC 2025","1422","tests.admin_panel.categories","test_80_create_category_translation","","","","test_create_category_translation_success[en]","Позитивный тест: создание/обновление перевода категории для разных языков."
"passed","Sun Dec 07 00:26:06 UTC 2025","Sun Dec 07 00:26:07 UTC 2025","807","tests.account","test_update_avatar","","","","test_update_avatar_positive[admin-payload1]","Позитивные тесты на обновление аватара"
"passed","Sun Dec 07 00:55:11 UTC 2025","Sun Dec 07 00:55:11 UTC 2025","135","tests.cart","test_02_get_delivery_cost","","","","test_get_delivery_cost_invalid_payload[partner-payload0]","Негатив: некорректные входные данные."
"passed","Sun Dec 07 01:30:40 UTC 2025","Sun Dec 07 01:30:41 UTC 2025","535","tests.tickets","test_04_create_ticket","","","","test_create_ticket_success[client-attachments0-ReceivingDefectiveProductsOrShortage]","Позитивный тест: создание тикета с разными темами и вложениями для клиента, партнера и админа"
"passed","Sun Dec 07 00:21:23 UTC 2025","Sun Dec 07 00:21:23 UTC 2025","565","tests.PROJECT_EDUCATION.test_system","test_02_get_question","","","","test_get_question_invalid_id[1.5]",""
"passed","Sun Dec 07 01:07:07 UTC 2025","Sun Dec 07 01:07:12 UTC 2025","4153","tests.catalog","test_delete_admin_product_translation","","","","test_delete_admin_product_translation_success","Удаление одного из переводов продукта (успешный сценарий)."
"passed","Sun Dec 07 01:25:11 UTC 2025","Sun Dec 07 01:25:12 UTC 2025","548","tests.orders","test_calculate_client_changes","","","","test_calculate_client_changes_invalid_payload[payload3-expected_codes3]","Негативный тест: валидация тела запроса."
"passed","Sun Dec 07 01:05:52 UTC 2025","Sun Dec 07 01:05:56 UTC 2025","4181","tests.catalog","test_create_admin_product_translation","","","","test_create_admin_product_translation_success[ka]","Создание и обновление перевода продукта на разных языках."
"passed","Sun Dec 07 00:21:02 UTC 2025","Sun Dec 07 00:21:03 UTC 2025","570","tests.PROJECT_EDUCATION.test_system","test_01_start_test","","","","test_start_test_invalid_id[abc]","Негативный тест: запуск теста с невалидным ID"
"passed","Sun Dec 07 01:19:57 UTC 2025","Sun Dec 07 01:19:57 UTC 2025","129","tests.delivery","test_get_georgian_post_pickup_points","","","","test_get_georgian_post_pickup_points_success[1-partner]","Позитив: успешное получение списка ПВЗ грузинской почты по city_id."
"passed","Sun Dec 07 01:29:27 UTC 2025","Sun Dec 07 01:29:28 UTC 2025","142","tests.tickets","test_01_get_tickets","","","","test_get_tickets_invalid_search[invalid_search0-400-partner]","Негативный тест: передаем некорректные параметры поиска"
"skipped","Sun Dec 07 00:36:59 UTC 2025","Sun Dec 07 00:36:59 UTC 2025","0","tests.admin_panel.products","test_01_create_product_group","","","","test_create_product_group_success","Позитивный тест: успешное создание продукт группы (все поля)."
"passed","Sun Dec 07 01:15:12 UTC 2025","Sun Dec 07 01:15:12 UTC 2025","136","tests.delivery","test_02_get_delivery_address","","","","test_get_delivery_addresses_invalid_pagination[invalid_pagination2-partner]","Негатив: некорректные параметры пагинации"
"passed","Sun Dec 07 00:21:46 UTC 2025","Sun Dec 07 00:21:47 UTC 2025","544","tests.PROJECT_EDUCATION.test_system","test_04_finish_test","","","","test_finish_test_invalid_id[-1]","Негативный тест: запуск теста с невалидным ID"
"passed","Sun Dec 07 00:54:11 UTC 2025","Sun Dec 07 00:54:11 UTC 2025","136","tests.cart","test_01_user_locale","","","","test_update_user_locale_invalid_payload[partner-payload1-400]","Негативный тест: обновление локали с невалидным payload."
"passed","Sun Dec 07 01:05:27 UTC 2025","Sun Dec 07 01:05:27 UTC 2025","802","tests.catalog","test_create_admin_product","","","","test_create_product_invalid_payload[payload9-422]",""
"passed","Sun Dec 07 00:35:02 UTC 2025","Sun Dec 07 00:35:02 UTC 2025","589","tests.admin_panel.items","test_get_item_translation","","","","test_get_item_translation_invalid_id[1.5]",""
"passed","Sun Dec 07 00:41:12 UTC 2025","Sun Dec 07 00:41:13 UTC 2025","553","tests.admin_panel.promo","test_72_create_promotion","","","","test_create_promotion_invalid_data[payload2-400]","Негативные тесты: невалидные данные"
"passed","Sun Dec 07 00:21:38 UTC 2025","Sun Dec 07 00:21:39 UTC 2025","263","tests.PROJECT_EDUCATION.test_system","test_03_user_answers","","","","test_user_answers_unauthorized","Негативный тест: запуск теста без авторизации"
"passed","Sun Dec 07 00:36:18 UTC 2025","Sun Dec 07 00:36:19 UTC 2025","542","tests.admin_panel.periods","test_get_period_by_id","","","","test_get_period_by_id__invalid_400_404[   ]",""
"passed","Sun Dec 07 01:19:15 UTC 2025","Sun Dec 07 01:19:15 UTC 2025","128","tests.delivery","test_get_emu_pickup_points","","","","test_get_emu_pickup_points_invalid_city_id_should_fail[bad_city_id8-admin]","Негатив: невалидные значения city_id → 400/422."
"passed","Sun Dec 07 00:49:50 UTC 2025","Sun Dec 07 00:49:51 UTC 2025","948","tests.admin_panel.slides","test_59_update_slide","","","","test_update_slide_invalid_payload[payload20-422]","Негативный тест: обновление слайда с невалидным или неполным телом запроса."
"skipped","Sun Dec 07 00:21:44 UTC 2025","Sun Dec 07 00:21:44 UTC 2025","0","tests.PROJECT_EDUCATION.test_system","test_04_finish_test","","","","test_finish_test","Завершение теста и вычисление результатов."
"skipped","Sun Dec 07 01:38:14 UTC 2025","Sun Dec 07 01:38:17 UTC 2025","2367","tests.tickets","test_10_send_message_to_ticket","","","","test_send_message_role_permissions[authorize_client-authorize_partner-403]","Проверка доступа к отправке сообщений в тикеты в зависимости от роли"
"passed","Sun Dec 07 01:11:42 UTC 2025","Sun Dec 07 01:11:46 UTC 2025","3670","tests.catalog","test_update_admin_product","","","","test_update_admin_product_invalid_payload[update_payload5-422]",""
"skipped","Sun Dec 07 01:28:22 UTC 2025","Sun Dec 07 01:28:22 UTC 2025","0","tests.stock","test_create_stock","","","","test_create_stock_with_empty_string_log_if_not_200[address.region]",""
"passed","Sun Dec 07 01:10:06 UTC 2025","Sun Dec 07 01:10:06 UTC 2025","126","tests.catalog","test_recommended_products_selfpickup","","","","test_get_recommended_products_selfpickup_wrong_method[put-client]","
    Негативный тест: неверный HTTP-метод
    "
"skipped","Sun Dec 07 01:37:57 UTC 2025","Sun Dec 07 01:37:57 UTC 2025","549","tests.tickets","test_09_get_ticket_messages","","","","test_get_ticket_messages_invalid_id","Негативный тест: запрос с несуществующим ID тикета"
"passed","Sun Dec 07 01:19:21 UTC 2025","Sun Dec 07 01:19:21 UTC 2025","131","tests.delivery","test_get_europost_offices","","","","test_get_europost_offices_success[1573-admin]",""
"passed","Sun Dec 07 01:38:47 UTC 2025","Sun Dec 07 01:38:48 UTC 2025","843","tests.tickets","test_12_delete_message","","","","test_delete_ticket_message_not_admin[partner]","Негативный тест: клиент/партнёр пытается удалить своё сообщение"
"passed","Sun Dec 07 01:29:24 UTC 2025","Sun Dec 07 01:29:24 UTC 2025","129","tests.tickets","test_01_get_tickets","","","","test_get_tickets_invalid_pagination[invalid_pagination1-partner]","Негативный тест: передаем некорректные значения в pagination"
"passed","Sun Dec 07 00:34:35 UTC 2025","Sun Dec 07 00:34:36 UTC 2025","587","tests.admin_panel.items","test_delete_item_translation","","","","test_delete_item_translation_invalid_id[0]","Негативный тест: удаление перевода с невалидным или несуществующим ID item."
"skipped","Sun Dec 07 01:28:22 UTC 2025","Sun Dec 07 01:28:22 UTC 2025","0","tests.stock","test_create_stock","","","","test_create_stock_with_empty_string_log_if_not_200[address]",""
"passed","Sun Dec 07 01:30:18 UTC 2025","Sun Dec 07 01:30:19 UTC 2025","593","tests.tickets","test_04_create_ticket","","","","test_create_ticket_success[client-attachments0-QuestionsAboutOrders]","Позитивный тест: создание тикета с разными темами и вложениями для клиента, партнера и админа"
"passed","Sun Dec 07 01:28:39 UTC 2025","Sun Dec 07 01:28:39 UTC 2025","133","tests.stock","test_get_stock_by_id","","","","test_get_stock_by_id[client]","Запрос склада по ID"
"skipped","Sun Dec 07 01:26:02 UTC 2025","Sun Dec 07 01:26:02 UTC 2025","127","tests.orders","test_group_order_change_country","","","","test_change_country_invalid_data[invalid_payload2-admin]","Негативные тесты: передача некорректных данных"
"passed","Sun Dec 07 00:33:41 UTC 2025","Sun Dec 07 00:33:43 UTC 2025","2134","tests.admin_panel.items","test_create_item_translation","","","","test_create_item_translation_success[ky]",""
"passed","Sun Dec 07 00:35:05 UTC 2025","Sun Dec 07 00:35:05 UTC 2025","407","tests.admin_panel.items","test_get_item_translation","","","","test_get_item_translation_unauthorized",""
"passed","Sun Dec 07 01:36:12 UTC 2025","Sun Dec 07 01:36:13 UTC 2025","1063","tests.tickets","test_04_create_ticket","","","","test_create_ticket_success[admin-attachments2-ReceivingDefectiveProductsOrShortage]","Позитивный тест: создание тикета с разными темами и вложениями для клиента, партнера и админа"
"passed","Sun Dec 07 00:44:56 UTC 2025","Sun Dec 07 00:44:56 UTC 2025","549","tests.admin_panel.sliders","test_52_create_slider","","","","test_create_slider_invalid_payload[payload8-422]","Негативный тест: попытка создать слайдер с невалидным payload."
"passed","Sun Dec 07 00:26:04 UTC 2025","Sun Dec 07 00:26:05 UTC 2025","820","tests.account","test_update_avatar","","","","test_update_avatar_positive[admin-payload0]","Позитивные тесты на обновление аватара"
"passed","Sun Dec 07 00:46:23 UTC 2025","Sun Dec 07 00:46:24 UTC 2025","417","tests.admin_panel.sliders","test_55_delete_sliders","","","","test_delete_slider_unauthorized","Негативный тест: попытка удаления слайдера без авторизации."
"skipped","Sun Dec 07 01:03:26 UTC 2025","Sun Dec 07 01:03:26 UTC 2025","142","tests.cart","test_16_cart_update_stock","","","","test_update_stock_invalid_payload[client-payload0]","Негатив: невалидный payload."
"skipped","Sun Dec 07 01:27:15 UTC 2025","Sun Dec 07 01:27:16 UTC 2025","130","tests.statistic","test_team_activations","","","","test_get_team_activation_statistic_negative[payload0-admin]","Негативный тест: ошибка при получении статистики активации команды с невалидным телом запроса"
"passed","Sun Dec 07 01:26:10 UTC 2025","Sun Dec 07 01:26:10 UTC 2025","143","tests.register","test_01_register_form","","","","test_register_form_positive[client-payload0]",""
"skipped","Sun Dec 07 00:55:27 UTC 2025","Sun Dec 07 00:55:27 UTC 2025","556","tests.cart","test_03_cart_get","","","","test_get_cart_unauthorized","Негатив: запрос без авторизации/корзины."
"skipped","Sun Dec 07 00:25:54 UTC 2025","Sun Dec 07 00:25:54 UTC 2025","0","tests.account","test_token","","","","test_add_token_positive[client-payload0]","Позитивные тесты на добавление токена"
"passed","Sun Dec 07 01:09:20 UTC 2025","Sun Dec 07 01:09:21 UTC 2025","586","tests.catalog","test_product_get_by_id","","","","test_get_product_by_id_invalid_integer[-1]","
    Негативный: ID некорректный по значению
    "
"skipped","Sun Dec 07 00:56:12 UTC 2025","Sun Dec 07 00:56:13 UTC 2025","336","tests.cart","test_07_cart_update_multi","","","","test_update_cart_items_multi_invalid_payload[partner-payload2]","Негатив: невалидный payload для /cart/update_multi."
"skipped","Sun Dec 07 01:29:16 UTC 2025","Sun Dec 07 01:29:16 UTC 2025","0","tests.tickets","test_01_get_tickets","","","","test_get_tickets_success[filter1-sort1-search0-pagination0-admin]","Позитивный тест: получение списка тикетов с разными комбинациями параметров"
"passed","Sun Dec 07 00:41:56 UTC 2025","Sun Dec 07 00:41:56 UTC 2025","422","tests.admin_panel.promo","test_73_get_promotion_by_id","","","","test_get_promotions_unauthorized","Негативный тест: без авторизации."
"skipped","Sun Dec 07 00:25:33 UTC 2025","Sun Dec 07 00:25:33 UTC 2025","0","tests.account","test_history_group_volumes","","","","test_get_group_volumes_history_positive[admin-payload1]","Позитивные тесты на получение истории начисления групповых объемов"
"passed","Sun Dec 07 01:39:00 UTC 2025","Sun Dec 07 01:39:00 UTC 2025","607","tests.tickets","test_12_delete_message","","","","test_delete_ticket_message_negative[invalid-500]","Негативные тесты: удаление с некорректными данными"
"passed","Sun Dec 07 01:14:56 UTC 2025","Sun Dec 07 01:14:56 UTC 2025","138","tests.delivery","test_02_get_delivery_address","","","","test_get_empty_delivery_addresses[client]","Получение пустого списка"
"passed","Sun Dec 07 01:14:03 UTC 2025","Sun Dec 07 01:14:05 UTC 2025","1702","tests.delivery","test_01_save_delivery_address","","","","test_save_delivery_address_negative[partner-payload3-400]","Негативные тесты на сохранение адреса доставки"
"passed","Sun Dec 07 01:21:33 UTC 2025","Sun Dec 07 01:21:33 UTC 2025","163","tests.delivery","test_self_pickup_offices","","","","test_self_pickup_offices_unknown_city_returns_empty_list[partner]","
    Позитив/краевой случай: неизвестный city_id -> 200 и пустой список.
    "
"passed","Sun Dec 07 00:44:03 UTC 2025","Sun Dec 07 00:44:04 UTC 2025","552","tests.admin_panel.promo","test_77_create_promotion_item","","","","test_create_promotion_item_invalid_ids[1-xyz-404]",""
"skipped","Sun Dec 07 01:28:22 UTC 2025","Sun Dec 07 01:28:22 UTC 2025","0","tests.stock","test_create_stock","","","","test_create_stock_with_empty_string_log_if_not_200[address.country]",""
"passed","Sun Dec 07 01:21:51 UTC 2025","Sun Dec 07 01:21:51 UTC 2025","129","tests.delivery","test_self_pickup_offices","","","","test_self_pickup_offices_invalid_params[admin-params1]","
    Негатив: невалидные параметры -> 400 с телом ошибки.
    "
"passed","Sun Dec 07 00:36:05 UTC 2025","Sun Dec 07 00:36:05 UTC 2025","130","tests.admin_panel.periods","test_get_approved_marketing_periods","","","","test_get_approved_marketing_periods__forbidden[client]",""
"skipped","Sun Dec 07 01:29:16 UTC 2025","Sun Dec 07 01:29:16 UTC 2025","0","tests.tickets","test_01_get_tickets","","","","test_get_tickets_success[filter2-sort1-search2-pagination1-admin]","Позитивный тест: получение списка тикетов с разными комбинациями параметров"
"passed","Sun Dec 07 01:38:26 UTC 2025","Sun Dec 07 01:38:27 UTC 2025","822","tests.tickets","test_11_update_message","","","","test_update_message_validation[client-update_payload0-403]","Негативные тесты: невалидные поля при редактировании сообщения"
"passed","Sun Dec 07 00:47:05 UTC 2025","Sun Dec 07 00:47:05 UTC 2025","430","tests.admin_panel.slides","test_56_get_slides","","","","test_get_slides_unauthorized","Негативный тест: получение слайдов без авторизации."
"passed","Sun Dec 07 01:16:08 UTC 2025","Sun Dec 07 01:16:08 UTC 2025","128","tests.delivery","test_03_delete_delivery_address","","","","test_delete_delivery_address_invalid_id[abc-admin]","Негатив: удаление адреса с некорректным ID"
"skipped","Sun Dec 07 00:23:16 UTC 2025","Sun Dec 07 00:23:16 UTC 2025","0","tests.account","test_0_marathon","","","","test_get_marathon_is_purchased_negative[partner-400]","Негативный кейс — проверяет приобретал ли аккаунт марафонский набор (все поля)"
"skipped","Sun Dec 07 00:25:33 UTC 2025","Sun Dec 07 00:25:33 UTC 2025","0","tests.account","test_get_default_stock","","","","test_get_default_stock_positive[client]","Позитивные тесты на получение дефолтного склада"
"passed","Sun Dec 07 00:45:40 UTC 2025","Sun Dec 07 00:45:41 UTC 2025","547","tests.admin_panel.sliders","test_54_update_slider","","","","test_update_slider_invalid_id[-1]","Негативный тест: несуществующий или некорректный ID."
"failed","Sun Dec 07 00:28:36 UTC 2025","Sun Dec 07 00:28:36 UTC 2025","129","tests.admin_panel","test_partner_accrual_details_common","","","","test_common_accrual_details_forbidden_to_non_admin[partner]","
    Негатив: клиент/партнёр стучится в админ-ручку общей детализации → 403
    "
"passed","Sun Dec 07 00:48:26 UTC 2025","Sun Dec 07 00:48:27 UTC 2025","718","tests.admin_panel.slides","test_58_get_slides_by_id","","","","test_get_slides_invalid_id[abc]","Негативный тест: невалидный ID в path-параметре."
"passed","Sun Dec 07 01:19:12 UTC 2025","Sun Dec 07 01:19:12 UTC 2025","129","tests.delivery","test_get_emu_pickup_points","","","","test_get_emu_pickup_points_invalid_city_id_should_fail[None-admin]","Негатив: невалидные значения city_id → 400/422."
"passed","Sun Dec 07 00:27:16 UTC 2025","Sun Dec 07 00:27:16 UTC 2025","608","tests.admin_panel","test_04_generate_support_token","","","","test_admin_can_generate_support_token_with_ttl",""
"skipped","Sun Dec 07 00:30:10 UTC 2025","Sun Dec 07 00:30:10 UTC 2025","0","tests.admin_panel.categories","test_50_upload_category_images","","","","test_upload_category_images_file_too_large[4.7-fields_to_send4-204]","Негативный тест: загрузка слишком большого изображения."
"passed","Sun Dec 07 01:38:39 UTC 2025","Sun Dec 07 01:38:39 UTC 2025","128","tests.tickets","test_11_update_message","","","","test_update_nonexistent_message[partner]","Негативный тест: попытка редактирования несуществующего сообщения"
"passed","Sun Dec 07 00:49:37 UTC 2025","Sun Dec 07 00:49:38 UTC 2025","930","tests.admin_panel.slides","test_59_update_slide","","","","test_update_slide_invalid_payload[payload15-422]","Негативный тест: обновление слайда с невалидным или неполным телом запроса."
"passed","Sun Dec 07 00:45:38 UTC 2025","Sun Dec 07 00:45:39 UTC 2025","859","tests.admin_panel.sliders","test_54_update_slider","","","","test_update_slider_forbidden[partner]","Негативный тест: попытка обновления слайдера не-админом."
"passed","Sun Dec 07 00:21:43 UTC 2025","Sun Dec 07 00:21:43 UTC 2025","589","tests.PROJECT_EDUCATION.test_system","test_03_user_answers","","","","test_user_answers_invalid_payload[payload2-expected_code2]",""
"passed","Sun Dec 07 00:37:02 UTC 2025","Sun Dec 07 00:37:04 UTC 2025","1541","tests.admin_panel.products","test_01_recommended_products_sort","","","","test_sort_recommendations_empty_list","Попытка сортировки с пустым списком рекомендаций"
"skipped","Sun Dec 07 01:20:47 UTC 2025","Sun Dec 07 01:20:47 UTC 2025","137","tests.delivery","test_get_rupost_offices","","","","test_get_rupost_offices_invalid_city_id_should_fail[-1-admin]",""
"skipped","Sun Dec 07 01:20:26 UTC 2025","Sun Dec 07 01:20:26 UTC 2025","129","tests.delivery","test_get_kazpost_offices","","","","test_get_kazpost_offices_invalid_city_id_should_fail[0-admin]","Негатив: невалидные значения city_id → 400/422."
"passed","Sun Dec 07 01:09:40 UTC 2025","Sun Dec 07 01:09:40 UTC 2025","126","tests.catalog","test_product_get_by_slug","","","","test_get_product_by_slug_invalid_slug_value[%20-client]",""
"passed","Sun Dec 07 00:57:40 UTC 2025","Sun Dec 07 00:57:41 UTC 2025","460","tests.cart","test_11_cart_save_delivery_method","","","","test_save_delivery_method_success[client-GeorgianPost]","
    Позитив: сохранение способа доставки для всех значений без корзины
    "
"skipped","Sun Dec 07 01:09:50 UTC 2025","Sun Dec 07 01:09:51 UTC 2025","1210","tests.catalog","test_products_list","","","","test_get_products_list_invalid_country_id[0]","
    Негативный: некорректный country_id в query
    "
"passed","Sun Dec 07 00:50:03 UTC 2025","Sun Dec 07 00:50:04 UTC 2025","571","tests.admin_panel.slides","test_60_delete_slides","","","","test_delete_slide_invalid_id[-1]","Негативный тест: удаление несуществующего или некорректного слайда."
"passed","Sun Dec 07 00:26:30 UTC 2025","Sun Dec 07 00:26:30 UTC 2025","582","tests.admin_panel","test_01_support_create_user","","","","test_invalid_user_id_returns_client_error[-1]",""
"passed","Sun Dec 07 01:15:20 UTC 2025","Sun Dec 07 01:15:25 UTC 2025","4636","tests.delivery","test_02_get_delivery_address","","","","test_get_delivery_addresses_pagination[client]","Корректная работа пагинации"
"skipped","Sun Dec 07 00:23:16 UTC 2025","Sun Dec 07 00:23:16 UTC 2025","0","tests.account","test_0_marathon","","","","test_create_product_brand_invalid_payload[params6-400-partner]",""
"skipped","Sun Dec 07 00:56:09 UTC 2025","Sun Dec 07 00:56:09 UTC 2025","441","tests.cart","test_07_cart_update_multi","","","","test_update_cart_items_multi_invalid_payload[partner-payload0]","Негатив: невалидный payload для /cart/update_multi."
"failed","Sun Dec 07 00:28:37 UTC 2025","Sun Dec 07 00:28:37 UTC 2025","593","tests.admin_panel","test_partner_accrual_details_common","","","","test_common_accrual_details_success","
    Позитив: админ запрашивает отчёт по валидному minion_id → txt-файл
    "
"skipped","Sun Dec 07 01:29:16 UTC 2025","Sun Dec 07 01:29:16 UTC 2025","0","tests.tickets","test_01_get_tickets","","","","test_get_tickets_success[filter2-sort0-search0-pagination1-client]","Позитивный тест: получение списка тикетов с разными комбинациями параметров"
"skipped","Sun Dec 07 01:28:22 UTC 2025","Sun Dec 07 01:28:22 UTC 2025","0","tests.stock","test_create_stock","","","","test_create_stock_with_empty_string_log_if_not_200[city.id]",""
"passed","Sun Dec 07 00:22:25 UTC 2025","Sun Dec 07 00:22:25 UTC 2025","551","tests.PROJECT_FUND.initiatives","test_get_initiative_by_id","","","","test_get_initiative_by_valid_id[https://dev.ewahelps.com/api]","Позитивный тест: Получение инициативы по идентификатору"
"passed","Sun Dec 07 00:24:42 UTC 2025","Sun Dec 07 00:24:43 UTC 2025","619","tests.account","test_add_cover_url","","","","test_add_cover_full_payload[partner]",""
"passed","Sun Dec 07 01:26:41 UTC 2025","Sun Dec 07 01:26:41 UTC 2025","128","tests.register","test_03_register_client","","","","test_register_client_positive[admin-403]","Тест: позитивные тесты для регистрации клиента вручную"
"skipped","Sun Dec 07 00:23:16 UTC 2025","Sun Dec 07 00:23:16 UTC 2025","0","tests.account","test_0_marathon","","","","test_create_product_brand_invalid_payload[params3-400-client]",""
"passed","Sun Dec 07 00:31:30 UTC 2025","Sun Dec 07 00:31:30 UTC 2025","552","tests.admin_panel.categories","test_79_get_category_translation","","","","test_get_category_translation_not_found",""
"passed","Sun Dec 07 01:25:18 UTC 2025","Sun Dec 07 01:25:18 UTC 2025","545","tests.orders","test_calculate_client_changes","","","","test_calculate_client_changes_future_period_date","Негативный тест: дата в будущем → ошибка валидации."
"passed","Sun Dec 07 00:21:04 UTC 2025","Sun Dec 07 00:21:05 UTC 2025","608","tests.PROJECT_EDUCATION.test_system","test_01_start_test","","","","test_start_test_invalid_id[-1]","Негативный тест: запуск теста с невалидным ID"
"passed","Sun Dec 07 01:27:11 UTC 2025","Sun Dec 07 01:27:11 UTC 2025","133","tests.statistic","test_team_activations","","","","test_get_team_activation_statistic_positive[payload3-admin]","Позитивный тест: получение статистики по активации команды с валидным телом запроса"
"passed","Sun Dec 07 00:31:57 UTC 2025","Sun Dec 07 00:31:58 UTC 2025","1451","tests.admin_panel.categories","test_80_create_category_translation","","","","test_create_category_translation_success[mn]","Позитивный тест: создание/обновление перевода категории для разных языков."
"skipped","Sun Dec 07 01:29:16 UTC 2025","Sun Dec 07 01:29:16 UTC 2025","0","tests.tickets","test_01_get_tickets","","","","test_get_tickets_success[filter2-sort0-search2-pagination0-partner]","Позитивный тест: получение списка тикетов с разными комбинациями параметров"
"passed","Sun Dec 07 00:26:10 UTC 2025","Sun Dec 07 00:26:11 UTC 2025","890","tests.admin_panel","test_01_support_create_user","","","","test_admin_can_create_support_from_user","
    POST /admin/support-users — успешное создание саппорта из обычного пользователя
    "
"passed","Sun Dec 07 01:29:09 UTC 2025","Sun Dec 07 01:29:09 UTC 2025","379","tests.temporary","test_cleanup_products","","","","test_cleanup_test_products","
    Удаляет тестовые продукты из БД (например, с rgba_big_circle как 'rgba%'),
    включая связи: переводы, категории.
    "
"passed","Sun Dec 07 01:26:52 UTC 2025","Sun Dec 07 01:26:52 UTC 2025","137","tests.statistic","test_0_dashboard","","","","test_get_dashboard_statistic[admin]","Позитивный тест: получение статистики для дашборда ""прирост или убыль в числовом виде"
"passed","Sun Dec 07 00:39:55 UTC 2025","Sun Dec 07 00:39:55 UTC 2025","566","tests.admin_panel.products","test_43_delete_product_brand","","","","test_delete_product_brand_invalid_id[9999999]","Негативный тест: удаление несуществующего или некорректного бренда."
"passed","Sun Dec 07 01:09:32 UTC 2025","Sun Dec 07 01:09:32 UTC 2025","126","tests.catalog","test_product_get_by_slug","","","","test_get_product_by_slug_wrong_method[post-client]","
    Негативный: неверный HTTP-метод для GET /products/{slug}
    "
"passed","Sun Dec 07 00:56:36 UTC 2025","Sun Dec 07 00:56:36 UTC 2025","161","tests.cart","test_09_cart_save_region","","","","test_save_region_by_name_eaes_invalid[client]","Негатив: для ЕАЭС region_name не разрешён."
"passed","Sun Dec 07 01:36:02 UTC 2025","Sun Dec 07 01:36:03 UTC 2025","1067","tests.tickets","test_04_create_ticket","","","","test_create_ticket_success[admin-attachments2-QuestionsAboutTheRewardSystemMarketingPlan]","Позитивный тест: создание тикета с разными темами и вложениями для клиента, партнера и админа"
"passed","Sun Dec 07 00:30:00 UTC 2025","Sun Dec 07 00:30:01 UTC 2025","548","tests.admin_panel.categories","test_49_delete_category","","","","test_delete_category_invalid_id[-1]","Негативный тест: удаление несуществующей или некорректной категории."
"passed","Sun Dec 07 00:48:15 UTC 2025","Sun Dec 07 00:48:16 UTC 2025","610","tests.admin_panel.slides","test_57_create_slide","","","","test_create_slide_title_color_validation[ -400]","Валидация поля title_color при создании слайда."
"skipped","Sun Dec 07 00:25:11 UTC 2025","Sun Dec 07 00:25:11 UTC 2025","0","tests.account","test_funds_transfer_send","","","","test_send_funds_transfer_positive[admin-payload1]","Позитивные тесты на перевод/вывод средств по visibleId"
"skipped","Sun Dec 07 00:24:02 UTC 2025","Sun Dec 07 00:24:02 UTC 2025","0","tests.account","test_account_branded_wallet_get","","","","test_get_past_year_should_be_200[partner]","
    прошлый период. днные есть - 200
    "
"passed","Sun Dec 07 00:24:52 UTC 2025","Sun Dec 07 00:24:53 UTC 2025","780","tests.account","test_add_cover_url","","","","test_add_cover_unauthorized",""
"passed","Sun Dec 07 01:24:53 UTC 2025","Sun Dec 07 01:24:53 UTC 2025","423","tests.one_c","test_get_1с_stock","","","","test_get_stock_bad_request[params0]",""
"passed","Sun Dec 07 00:55:10 UTC 2025","Sun Dec 07 00:55:10 UTC 2025","136","tests.cart","test_02_get_delivery_cost","","","","test_get_delivery_cost_invalid_payload[client-payload6]","Негатив: некорректные входные данные."
"passed","Sun Dec 07 00:43:36 UTC 2025","Sun Dec 07 00:43:37 UTC 2025","852","tests.admin_panel.promo","test_77_create_promotion_item","","","","test_create_promotion_item_invalid_payload[payload0-400]",""
"passed","Sun Dec 07 00:37:33 UTC 2025","Sun Dec 07 00:37:35 UTC 2025","2063","tests.admin_panel.products","test_02_recommended_products_add","","","","test_add_recommendation_no_rights[partner]","Пользователь без прав пытается добавить рекомендации"
"passed","Sun Dec 07 00:53:55 UTC 2025","Sun Dec 07 00:53:55 UTC 2025","136","tests.cart","test_01_user_locale","","","","test_update_user_locale_valid_payload_1[partner-payload7]","
    Позитивный тест: Обновление языка/склада/локали авторизованным пользователем"
"passed","Sun Dec 07 00:56:32 UTC 2025","Sun Dec 07 00:56:33 UTC 2025","230","tests.cart","test_09_cart_save_region","","","","test_save_region_by_id_success[client]","Позитив: сохранение региона по region_id."
"passed","Sun Dec 07 00:48:48 UTC 2025","Sun Dec 07 00:48:49 UTC 2025","945","tests.admin_panel.slides","test_59_update_slide","","","","test_update_slide_forbidden[partner]","Негативный тест: попытка обновления слайда не-админом."
"skipped","Sun Dec 07 00:52:54 UTC 2025","Sun Dec 07 00:52:54 UTC 2025","0","tests.auth","test_04_refresh","","","","test_refresh_token_success[partner]","Тест успешного обновления токена через refresh-токен."
"passed","Sun Dec 07 01:13:11 UTC 2025","Sun Dec 07 01:13:13 UTC 2025","2216","tests.delivery","test_01_save_delivery_address","","","","test_save_delivery_address_positive[partner-payload4]","Позитивные тесты на сохранение адреса доставки"
"passed","Sun Dec 07 01:12:19 UTC 2025","Sun Dec 07 01:12:23 UTC 2025","4375","tests.catalog","test_update_admin_product","","","","test_update_admin_product_full_payload_2",""
"passed","Sun Dec 07 00:36:34 UTC 2025","Sun Dec 07 00:36:34 UTC 2025","542","tests.admin_panel.periods","test_get_period_by_id","","","","test_get_period_by_id__invalid_400_404[0]",""
"passed","Sun Dec 07 00:28:08 UTC 2025","Sun Dec 07 00:28:09 UTC 2025","571","tests.admin_panel","test_05_admin_support_users_token_revoke_all","","","","test_invalid_user_id_for_revoke_all_returns_client_error[None]",""
"skipped","Sun Dec 07 00:25:33 UTC 2025","Sun Dec 07 00:25:33 UTC 2025","0","tests.account","test_pass_recovery","","","","test_pass_recovery_positive[payload1]","Позитивные тесты на восстановление пароля"
"passed","Sun Dec 07 00:56:14 UTC 2025","Sun Dec 07 00:56:14 UTC 2025","415","tests.cart","test_07_cart_update_multi","","","","test_update_cart_items_multi_unauthorized","Негатив: вызов без авторизации/корзины."
"passed","Sun Dec 07 01:36:38 UTC 2025","Sun Dec 07 01:36:38 UTC 2025","129","tests.tickets","test_04_create_ticket","","","","test_create_ticket_invalid_request_type[admin-invalid_request_type-400]","Негативный тест: попытка создания тикета с неверным типом request_type"
"skipped","Sun Dec 07 01:27:41 UTC 2025","Sun Dec 07 01:27:41 UTC 2025","130","tests.statistic","test_team_go","","","","test_get_team_go_statistic_negative[payload0-client]","Негативный тест: ошибка при получении статистики по команде с невалидным телом запроса"
"passed","Sun Dec 07 01:03:40 UTC 2025","Sun Dec 07 01:03:40 UTC 2025","137","tests.cart","test_18_cart_available_countries","","","","test_cart_available_countries_success[partner]","Позитив: получение списка доступных стран."
"passed","Sun Dec 07 00:52:08 UTC 2025","Sun Dec 07 00:52:08 UTC 2025","422","tests.admin_panel.slides","test_62_slides_update_video_url","","","","test_update_video_url_unauthorized","Негативный тест: попытка обновления ссылки без авторизации"
"skipped","Sun Dec 07 01:29:16 UTC 2025","Sun Dec 07 01:29:16 UTC 2025","0","tests.tickets","test_01_get_tickets","","","","test_get_tickets_success[filter2-sort0-search0-pagination1-admin]","Позитивный тест: получение списка тикетов с разными комбинациями параметров"
"passed","Sun Dec 07 00:55:19 UTC 2025","Sun Dec 07 00:55:19 UTC 2025","129","tests.cart","test_02_get_delivery_cost","","","","test_get_delivery_cost_invalid_payload[partner-payload5]","Негатив: некорректные входные данные."
"passed","Sun Dec 07 00:38:32 UTC 2025","Sun Dec 07 00:38:32 UTC 2025","561","tests.admin_panel.products","test_40_create_product_brand","","","","test_create_product_brand_invalid_payload[payload12-expected_codes12]","Негативные кейсы: невалидные поля при создании бренда."
"skipped","Sun Dec 07 00:25:33 UTC 2025","Sun Dec 07 00:25:33 UTC 2025","0","tests.account","test_list_csv","","","","test_get_account_list_csv_positive[partner-payload0]","Позитивные тесты на выгрузку структуры партнеров в CSV"
"passed","Sun Dec 07 00:41:45 UTC 2025","Sun Dec 07 00:41:46 UTC 2025","544","tests.admin_panel.promo","test_73_get_promotion_by_id","","","","test_get_promotion_invalid_id[abc]","Негативный тест: получение акции по невалидному ID."
"passed","Sun Dec 07 00:55:03 UTC 2025","Sun Dec 07 00:55:04 UTC 2025","129","tests.cart","test_02_get_delivery_cost","","","","test_get_delivery_cost_invalid_payload[client-payload2]","Негатив: некорректные входные данные."
"passed","Sun Dec 07 00:44:11 UTC 2025","Sun Dec 07 00:44:12 UTC 2025","409","tests.admin_panel.promo","test_78_delete_promotion_item","","","","test_delete_promotion_item_unauthorized","Негативный тест: удаление элемента акции без авторизации."
"skipped","Sun Dec 07 00:25:33 UTC 2025","Sun Dec 07 00:25:33 UTC 2025","0","tests.account","test_history_admin","","","","test_get_admin_history_positive[partner-payload1]","Позитивные тесты на получение истории бонусов для админа"
"skipped","Sun Dec 07 00:25:11 UTC 2025","Sun Dec 07 00:25:11 UTC 2025","0","tests.account","test_funds_transfer_list","","","","test_get_funds_transfer_list_positive[admin-payload1]","Позитивные тесты на получение истории переводов/выводов средств"
"skipped","Sun Dec 07 01:17:27 UTC 2025","Sun Dec 07 01:17:27 UTC 2025","285","tests.delivery","test_get_cities_v2","","","","test_get_cities_v2_invalid_city_name_should_fail[123-admin]","
    Негатив: невалидные значения city_name → 400/422.
    "
"failed","Sun Dec 07 01:23:03 UTC 2025","Sun Dec 07 01:23:07 UTC 2025","4274","tests.integration","test_order_pickup_ru","","","","test_order_pickup_ru[FivePost]",""
"passed","Sun Dec 07 01:02:56 UTC 2025","Sun Dec 07 01:02:57 UTC 2025","332","tests.cart","test_14_cart_update_personal_data","","","","test_update_personal_data_success[client-payload0]","
    Позитив: обновление персональных данных
    "
"passed","Sun Dec 07 00:22:35 UTC 2025","Sun Dec 07 00:22:35 UTC 2025","399","tests.PROJECT_FUND.initiatives","test_get_initiative_by_id","","","","test_get_initiative_by_invalid_id[1.5-https://dev.ewahelps.com/api]",""
"passed","Sun Dec 07 00:40:54 UTC 2025","Sun Dec 07 00:40:57 UTC 2025","2259","tests.admin_panel.products","test_44_upload_product_brand_images","","","","test_upload_product_brand_images_various_fields[5.3-fields_to_send5-400]","Негативный тест. Загрузка слишком большого изображения."
"skipped","Sun Dec 07 01:08:34 UTC 2025","Sun Dec 07 01:08:34 UTC 2025","766","tests.catalog","test_get_items_list_all","","","","test_get_items_list_all_success[admin]","
    Позитивный тест: успешное получение списка всех атомарных товаров
    "
"passed","Sun Dec 07 01:30:05 UTC 2025","Sun Dec 07 01:30:06 UTC 2025","565","tests.tickets","test_02_get_ticket_by_id","","","","test_get_ticket_invalid_id[]","Негативный тест: передан некорректный ID."
"passed","Sun Dec 07 01:15:07 UTC 2025","Sun Dec 07 01:15:08 UTC 2025","129","tests.delivery","test_02_get_delivery_address","","","","test_get_delivery_addresses_invalid_pagination[invalid_pagination1-partner]","Негатив: некорректные параметры пагинации"
"passed","Sun Dec 07 00:40:48 UTC 2025","Sun Dec 07 00:40:53 UTC 2025","4842","tests.admin_panel.products","test_44_upload_product_brand_images","","","","test_upload_product_brand_images_various_fields[4.7-fields_to_send4-204]","Негативный тест. Загрузка слишком большого изображения."
"failed","Sun Dec 07 00:28:56 UTC 2025","Sun Dec 07 00:28:56 UTC 2025","566","tests.admin_panel","test_partner_accrual_details_main_bonus","","","","test_main_bonus_details_success","
    Позитив: детализация по главному бонусу
    "
"passed","Sun Dec 07 01:36:05 UTC 2025","Sun Dec 07 01:36:06 UTC 2025","1126","tests.tickets","test_04_create_ticket","","","","test_create_ticket_success[admin-attachments2-OtherQuestions]","Позитивный тест: создание тикета с разными темами и вложениями для клиента, партнера и админа"
"passed","Sun Dec 07 01:25:10 UTC 2025","Sun Dec 07 01:25:10 UTC 2025","558","tests.orders","test_calculate_client_changes","","","","test_calculate_client_changes_invalid_payload[payload2-expected_codes2]","Негативный тест: валидация тела запроса."
"skipped","Sun Dec 07 01:26:14 UTC 2025","Sun Dec 07 01:26:14 UTC 2025","136","tests.register","test_01_register_form","","","","test_register_form_negative[client-payload0-400]",""
"passed","Sun Dec 07 01:34:02 UTC 2025","Sun Dec 07 01:34:03 UTC 2025","1093","tests.tickets","test_04_create_ticket","","","","test_create_ticket_success[partner-attachments2-OtherQuestions]","Позитивный тест: создание тикета с разными темами и вложениями для клиента, партнера и админа"
"passed","Sun Dec 07 01:09:18 UTC 2025","Sun Dec 07 01:09:19 UTC 2025","598","tests.catalog","test_product_get_by_id","","","","test_get_product_by_id_invalid_string[%20]","
    Негативный: ID строкового типа
    "
"passed","Sun Dec 07 01:32:16 UTC 2025","Sun Dec 07 01:32:17 UTC 2025","562","tests.tickets","test_04_create_ticket","","","","test_create_ticket_success[partner-attachments0-QuestionsAboutPaymentsToIP]","Позитивный тест: создание тикета с разными темами и вложениями для клиента, партнера и админа"
"skipped","Sun Dec 07 01:27:14 UTC 2025","Sun Dec 07 01:27:14 UTC 2025","130","tests.statistic","test_team_activations","","","","test_get_team_activation_statistic_negative[payload0-partner]","Негативный тест: ошибка при получении статистики активации команды с невалидным телом запроса"
"passed","Sun Dec 07 00:21:48 UTC 2025","Sun Dec 07 00:21:48 UTC 2025","547","tests.PROJECT_EDUCATION.test_system","test_04_finish_test","","","","test_finish_test_invalid_id[0]","Негативный тест: запуск теста с невалидным ID"
"skipped","Sun Dec 07 00:36:59 UTC 2025","Sun Dec 07 00:36:59 UTC 2025","0","tests.admin_panel.products","test_01_create_product_group","","","","test_create_product_group_invalid_payload[payload0-400]",""
"passed","Sun Dec 07 01:37:58 UTC 2025","Sun Dec 07 01:37:59 UTC 2025","422","tests.tickets","test_09_get_ticket_messages","","","","test_get_ticket_messages_no_auth","Негативный тест: запрос без токена (отсутствие авторизации)"
"passed","Sun Dec 07 01:15:37 UTC 2025","Sun Dec 07 01:15:41 UTC 2025","4211","tests.delivery","test_03_delete_delivery_address","","","","test_delete_delivery_address_permissions[authorize_partner-authorize_partner-False]","Права доступа при удалении адресов"
"passed","Sun Dec 07 00:55:07 UTC 2025","Sun Dec 07 00:55:07 UTC 2025","129","tests.cart","test_02_get_delivery_cost","","","","test_get_delivery_cost_invalid_payload[client-payload4]","Негатив: некорректные входные данные."
"skipped","Sun Dec 07 01:17:37 UTC 2025","Sun Dec 07 01:17:37 UTC 2025","128","tests.delivery","test_get_cities_v2","","","","test_get_cities_v2_invalid_country_id_should_fail[-admin]","
    Негатив: невалидные значения country_id → 400/422.
    "
"skipped","Sun Dec 07 01:28:22 UTC 2025","Sun Dec 07 01:28:22 UTC 2025","0","tests.stock","test_create_stock","","","","test_create_stock_with_empty_string_log_if_not_200[city.country]",""
"passed","Sun Dec 07 01:15:17 UTC 2025","Sun Dec 07 01:15:17 UTC 2025","130","tests.delivery","test_02_get_delivery_address","","","","test_get_delivery_addresses_invalid_pagination[invalid_pagination3-partner]","Негатив: некорректные параметры пагинации"
"passed","Sun Dec 07 01:26:53 UTC 2025","Sun Dec 07 01:26:53 UTC 2025","137","tests.statistic","test_team_activations","","","","test_get_team_activation_statistic_positive[payload0-client]","Позитивный тест: получение статистики по активации команды с валидным телом запроса"
"passed","Sun Dec 07 00:30:22 UTC 2025","Sun Dec 07 00:30:23 UTC 2025","568","tests.admin_panel.categories","test_56_v2_create_category","","","","test_v2_create_category_invalid_payload[payload3-400]","Негативный тест: создание категории с невалидным телом запроса."
"passed","Sun Dec 07 00:54:15 UTC 2025","Sun Dec 07 00:54:15 UTC 2025","129","tests.cart","test_01_user_locale","","","","test_update_user_locale_invalid_payload[partner-payload4-400]","Негативный тест: обновление локали с невалидным payload."
"passed","Sun Dec 07 00:53:29 UTC 2025","Sun Dec 07 00:53:29 UTC 2025","128","tests.cart","test_01_user_locale","","","","test_update_user_locale_valid_payload_1[client-payload6]","
    Позитивный тест: Обновление языка/склада/локали авторизованным пользователем"
"skipped","Sun Dec 07 01:29:16 UTC 2025","Sun Dec 07 01:29:16 UTC 2025","0","tests.tickets","test_01_get_tickets","","","","test_get_tickets_success[filter0-sort0-search2-pagination0-partner]","Позитивный тест: получение списка тикетов с разными комбинациями параметров"
"passed","Sun Dec 07 01:11:06 UTC 2025","Sun Dec 07 01:11:09 UTC 2025","3676","tests.catalog","test_update_admin_product","","","","test_update_admin_product_invalid_payload[update_payload0-400]",""
"passed","Sun Dec 07 00:54:23 UTC 2025","Sun Dec 07 00:54:24 UTC 2025","1179","tests.cart","test_02_get_delivery_cost","","","","test_get_delivery_cost_success_full_payload[partner]","Позитив: успешное получение ТК при полном наборе параметров"
"passed","Sun Dec 07 00:25:00 UTC 2025","Sun Dec 07 00:25:01 UTC 2025","574","tests.account","test_add_cover_url","","","","test_add_cover_invalid_payload[payload4]",""
"passed","Sun Dec 07 00:55:16 UTC 2025","Sun Dec 07 00:55:16 UTC 2025","133","tests.cart","test_02_get_delivery_cost","","","","test_get_delivery_cost_invalid_payload[partner-payload3]","Негатив: некорректные входные данные."
"skipped","Sun Dec 07 00:25:33 UTC 2025","Sun Dec 07 00:25:33 UTC 2025","0","tests.account","test_pass_change","","","","test_change_password_positive[admin-payload1]","Позитивные тесты на изменение пароля"
"passed","Sun Dec 07 01:23:51 UTC 2025","Sun Dec 07 01:23:52 UTC 2025","406","tests.one_c","test_create_1c_stock","","","","test_country_id_city_id_conflict_validation","
    при конфликте address.country_id с country городa (по city_id) должен быть 400/422.
    "
"passed","Sun Dec 07 00:36:11 UTC 2025","Sun Dec 07 00:36:11 UTC 2025","128","tests.admin_panel.periods","test_get_period_by_id","","","","test_get_period_by_id__forbidden[client]",""
"passed","Sun Dec 07 00:33:29 UTC 2025","Sun Dec 07 00:33:31 UTC 2025","2181","tests.admin_panel.items","test_create_item_translation","","","","test_create_item_translation_success[kk]",""
"skipped","Sun Dec 07 00:25:33 UTC 2025","Sun Dec 07 00:25:33 UTC 2025","0","tests.account","test_history_personal_volumes_admin","","","","test_get_personal_volumes_history_admin_positive[partner-payload1]","Позитивные тесты на получение истории начисления личных объемов для админа"
"passed","Sun Dec 07 01:24:49 UTC 2025","Sun Dec 07 01:24:49 UTC 2025","398","tests.one_c","test_get_1с_stock","","","","test_get_stock_forbidden[params0]",""
"passed","Sun Dec 07 00:49:59 UTC 2025","Sun Dec 07 00:50:00 UTC 2025","871","tests.admin_panel.slides","test_60_delete_slides","","","","test_delete_slide_forbidden[client]","Негативный тест: попытка удаления слайда не-админом."
"passed","Sun Dec 07 01:36:18 UTC 2025","Sun Dec 07 01:36:20 UTC 2025","1087","tests.tickets","test_04_create_ticket","","","","test_create_ticket_success[admin-attachments2-ReceivingProductsShortage]","Позитивный тест: создание тикета с разными темами и вложениями для клиента, партнера и админа"
"skipped","Sun Dec 07 01:27:44 UTC 2025","Sun Dec 07 01:27:44 UTC 2025","128","tests.statistic","test_team_go","","","","test_get_team_go_statistic_negative[payload0-admin]","Негативный тест: ошибка при получении статистики по команде с невалидным телом запроса"
"passed","Sun Dec 07 00:26:40 UTC 2025","Sun Dec 07 00:26:40 UTC 2025","583","tests.admin_panel","test_02_support_users_list","","","","test_client_cannot_list_support_users",""
"skipped","Sun Dec 07 01:29:16 UTC 2025","Sun Dec 07 01:29:16 UTC 2025","0","tests.tickets","test_01_get_tickets","","","","test_get_tickets_success[filter0-sort0-search1-pagination1-client]","Позитивный тест: получение списка тикетов с разными комбинациями параметров"
"skipped","Sun Dec 07 00:30:10 UTC 2025","Sun Dec 07 00:30:10 UTC 2025","0","tests.admin_panel.categories","test_50_upload_category_images","","","","test_upload_category_images_invalid_format[valid.webp-image/webp-204]","Негативный тест: загрузка изображений в неверном формате (например, .txt)."
"passed","Sun Dec 07 00:50:05 UTC 2025","Sun Dec 07 00:50:06 UTC 2025","582","tests.admin_panel.slides","test_60_delete_slides","","","","test_delete_slide_invalid_id[0]","Негативный тест: удаление несуществующего или некорректного слайда."
"skipped","Sun Dec 07 00:23:16 UTC 2025","Sun Dec 07 00:23:16 UTC 2025","0","tests.account","test_0_marathon","","","","test_create_product_brand_invalid_payload[params6-400-admin]",""
"passed","Sun Dec 07 01:23:20 UTC 2025","Sun Dec 07 01:23:21 UTC 2025","1330","tests.one_c","test_create_1c_stock","","","","test_post_create_full_payload_all_fields",""
"passed","Sun Dec 07 00:45:55 UTC 2025","Sun Dec 07 00:45:56 UTC 2025","817","tests.admin_panel.sliders","test_54_update_slider","","","","test_update_slider_invalid_payload[payload3-expected_code3]","Негативный тест: обновление слайдера с невалидным или неполным телом запроса."
"passed","Sun Dec 07 00:42:25 UTC 2025","Sun Dec 07 00:42:26 UTC 2025","871","tests.admin_panel.promo","test_74_update_promotion","","","","test_update_promotion_invalid_payload[payload3-400]","Негативный тест: обновление акции с невалидным или неполным телом запроса."
"passed","Sun Dec 07 00:29:26 UTC 2025","Sun Dec 07 00:29:27 UTC 2025","860","tests.admin_panel.categories","test_45_get_categories","","","","test_get_categories_after_adding","Интеграционный тест: добавление категории и проверка её наличия в списке по ID."
"passed","Sun Dec 07 01:31:02 UTC 2025","Sun Dec 07 01:31:03 UTC 2025","1263","tests.tickets","test_04_create_ticket","","","","test_create_ticket_success[client-attachments1-QuestionsAboutProducts]","Позитивный тест: создание тикета с разными темами и вложениями для клиента, партнера и админа"
"passed","Sun Dec 07 00:23:47 UTC 2025","Sun Dec 07 00:23:47 UTC 2025","671","tests.account","test_account_branded_wallet_delete","","","","test_delete_flow_upload_then_delete_then_get_null[client]","
    Upload (текущий период, JSON base64) → DELETE → cleanup в БД
    "
"passed","Sun Dec 07 00:24:57 UTC 2025","Sun Dec 07 00:24:57 UTC 2025","550","tests.account","test_add_cover_url","","","","test_add_cover_invalid_payload[payload2]",""
"passed","Sun Dec 07 01:27:09 UTC 2025","Sun Dec 07 01:27:09 UTC 2025","140","tests.statistic","test_team_activations","","","","test_get_team_activation_statistic_positive[payload3-partner]","Позитивный тест: получение статистики по активации команды с валидным телом запроса"
"passed","Sun Dec 07 00:37:20 UTC 2025","Sun Dec 07 00:37:22 UTC 2025","1978","tests.admin_panel.products","test_02_recommended_products_add","","","","test_add_duplicate_recommendation","Повторное добавление того же рекомендованного товара"
"passed","Sun Dec 07 00:53:15 UTC 2025","Sun Dec 07 00:53:15 UTC 2025","910","tests.cart","test_01_user_locale","","","","test_update_user_locale_valid_payload_1[client-payload0]","
    Позитивный тест: Обновление языка/склада/локали авторизованным пользователем"
"passed","Sun Dec 07 00:38:27 UTC 2025","Sun Dec 07 00:38:28 UTC 2025","552","tests.admin_panel.products","test_40_create_product_brand","","","","test_create_product_brand_invalid_payload[payload9-expected_codes9]","Негативные кейсы: невалидные поля при создании бренда."
"passed","Sun Dec 07 00:22:42 UTC 2025","Sun Dec 07 00:22:43 UTC 2025","401","tests.PROJECT_FUND.initiatives","test_get_report_by_id","","","","test_get_report_by_invalid_id[0-https://dev.ewahelps.com/api]","Негативный тест: невалидный или несуществующий path-параметр"
"passed","Sun Dec 07 00:32:32 UTC 2025","Sun Dec 07 00:32:33 UTC 2025","1293","tests.admin_panel.categories","test_81_delete_category_translation","","","","test_delete_category_translation_forbidden[partner]","Негативный тест: удаление перевода не-админом запрещено."
"passed","Sun Dec 07 00:22:54 UTC 2025","Sun Dec 07 00:22:55 UTC 2025","548","tests.PROJECT_FUND.initiatives","test_get_reports","","","","test_get_reports_with_query_params[query3-https://dev.ewahelps.com/api]","Позитивный тест: получение списка отчетов с query-параметрами"
"skipped","Sun Dec 07 01:29:16 UTC 2025","Sun Dec 07 01:29:16 UTC 2025","0","tests.tickets","test_01_get_tickets","","","","test_get_tickets_success[filter1-sort1-search1-pagination0-client]","Позитивный тест: получение списка тикетов с разными комбинациями параметров"
"passed","Sun Dec 07 00:26:20 UTC 2025","Sun Dec 07 00:26:21 UTC 2025","589","tests.admin_panel","test_01_support_create_user","","","","test_client_cannot_create_support",""
"skipped","Sun Dec 07 00:25:52 UTC 2025","Sun Dec 07 00:25:52 UTC 2025","137","tests.account","test_post_downgrade_user","","","","test_downgrade_validation_errors[bad_payload4-admin]","
    Валидация: битый payload → 400/422.
    "
"passed","Sun Dec 07 00:47:18 UTC 2025","Sun Dec 07 00:47:18 UTC 2025","555","tests.admin_panel.slides","test_57_create_slide","","","","test_create_slide_invalid_payload[payload1-expected_code1]","Негативные тесты: некорректные и неполные payload'ы."
"passed","Sun Dec 07 00:31:00 UTC 2025","Sun Dec 07 00:31:01 UTC 2025","849","tests.admin_panel.categories","test_57_v2_update_category","","","","test_v2_update_category_invalid_payload[payload3-400]","Негативный тест: обновление категории с невалидным или неполным телом запроса."
"passed","Sun Dec 07 00:40:08 UTC 2025","Sun Dec 07 00:40:09 UTC 2025","1153","tests.admin_panel.products","test_44_upload_product_brand_images","","","","test_upload_only_mobile_image_should_not_fill_other_fields","Проверка: при загрузке только mobile_image другие поля не должны заполняться."
"passed","Sun Dec 07 01:19:29 UTC 2025","Sun Dec 07 01:19:29 UTC 2025","131","tests.delivery","test_get_fargo_offices","","","","test_get_fargo_offices_success[439930-client]","Позитив: успешное получение списка офисов по city_id."
"skipped","Sun Dec 07 01:26:24 UTC 2025","Sun Dec 07 01:26:24 UTC 2025","134","tests.register","test_01_register_form","","","","test_register_form_negative[admin-payload0-400]",""
"failed","Sun Dec 07 00:28:54 UTC 2025","Sun Dec 07 00:28:55 UTC 2025","128","tests.admin_panel","test_partner_accrual_details_main_bonus","","","","test_main_bonus_details_forbidden_to_non_admin[partner]","
    Негатив: клиент/партнёр стучится в /admin/partner-accrual-details/main-bonus → 403
    "
"passed","Sun Dec 07 01:22:15 UTC 2025","Sun Dec 07 01:22:21 UTC 2025","5401","tests.integration","test_bonus_transfer_round_trip","","","","test_funds_transfer_round_trip_bonus_and_gift","
    Полный цикл:
    - создаём двух партнёров через /admin/create_partner
    - каждому начисляем бонусы/гифты
    - A -> B (bonus, gift)
    - B -> A (bonus, gift)
    - проверяем историю у обоих
    - удаляем пользователей
    "
"passed","Sun Dec 07 00:47:34 UTC 2025","Sun Dec 07 00:47:34 UTC 2025","575","tests.admin_panel.slides","test_57_create_slide","","","","test_create_slide_invalid_payload[payload11-400]","Негативные тесты: некорректные и неполные payload'ы."
"passed","Sun Dec 07 00:39:52 UTC 2025","Sun Dec 07 00:39:52 UTC 2025","582","tests.admin_panel.products","test_43_delete_product_brand","","","","test_delete_product_brand_invalid_id[-1]","Негативный тест: удаление несуществующего или некорректного бренда."
"passed","Sun Dec 07 00:46:19 UTC 2025","Sun Dec 07 00:46:20 UTC 2025","813","tests.admin_panel.sliders","test_54_update_slider","","","","test_update_slider_invalid_payload[payload12-422]","Негативный тест: обновление слайдера с невалидным или неполным телом запроса."
"passed","Sun Dec 07 00:45:26 UTC 2025","Sun Dec 07 00:45:26 UTC 2025","404","tests.admin_panel.sliders","test_53_get_sliders_by_id","","","","test_get_sliders_unauthorized","Негативный тест: получение слайдера без авторизации"
"passed","Sun Dec 07 00:34:37 UTC 2025","Sun Dec 07 00:34:38 UTC 2025","562","tests.admin_panel.items","test_delete_item_translation","","","","test_delete_item_translation_invalid_id[999999999]","Негативный тест: удаление перевода с невалидным или несуществующим ID item."
"passed","Sun Dec 07 01:16:56 UTC 2025","Sun Dec 07 01:16:56 UTC 2025","136","tests.delivery","test_get_cdek_offices","","","","test_get_cdek_offices_missing_city_id_should_fail[admin]",""
"passed","Sun Dec 07 00:53:05 UTC 2025","Sun Dec 07 00:53:06 UTC 2025","485","tests.auth","test_05_logout","","","","test_logout_invalid_token","Тест разлогинивания с невалидным токеном"
"passed","Sun Dec 07 01:18:45 UTC 2025","Sun Dec 07 01:18:46 UTC 2025","138","tests.delivery","test_get_dpd_offices","","","","test_get_dpd_offices_invalid_city_id_should_fail[0-admin]",""
"skipped","Sun Dec 07 00:37:57 UTC 2025","Sun Dec 07 00:37:57 UTC 2025","0","tests.admin_panel.products","test_0_create_product","","","","test_create_product",""
"skipped","Sun Dec 07 00:56:27 UTC 2025","Sun Dec 07 00:56:28 UTC 2025","328","tests.cart","test_08_cart_delete","","","","test_delete_cart_item_invalid_payload[partner-payload0]","Негатив: невалидный payload при удалении позиции."
"passed","Sun Dec 07 01:11:13 UTC 2025","Sun Dec 07 01:11:17 UTC 2025","3631","tests.catalog","test_update_admin_product","","","","test_update_admin_product_invalid_payload[update_payload1-400]",""
"skipped","Sun Dec 07 01:20:49 UTC 2025","Sun Dec 07 01:20:50 UTC 2025","404","tests.delivery","test_get_rupost_offices","","","","test_get_rupost_offices_unauthorized",""
"passed","Sun Dec 07 01:05:09 UTC 2025","Sun Dec 07 01:05:10 UTC 2025","846","tests.catalog","test_create_admin_product","","","","test_create_product_unauthorized",""
"passed","Sun Dec 07 01:13:15 UTC 2025","Sun Dec 07 01:13:17 UTC 2025","2322","tests.delivery","test_01_save_delivery_address","","","","test_save_delivery_address_positive[partner-payload5]","Позитивные тесты на сохранение адреса доставки"
"passed","Sun Dec 07 00:23:53 UTC 2025","Sun Dec 07 00:23:54 UTC 2025","139","tests.account","test_account_branded_wallet_delete","","","","test_delete_when_nothing_uploaded_returns_404[partner]","
    Удаление при отсутствии изображения → 404
    "
"skipped","Sun Dec 07 01:36:49 UTC 2025","Sun Dec 07 01:36:49 UTC 2025","0","tests.tickets","test_04_create_ticket","","","","test_create_ticket_invalid_title[partner-None]","Негативный тест: создание тикета без заголовка"
"passed","Sun Dec 07 00:31:34 UTC 2025","Sun Dec 07 00:31:35 UTC 2025","1495","tests.admin_panel.categories","test_80_create_category_translation","","","","test_create_category_translation_success[ru]","Позитивный тест: создание/обновление перевода категории для разных языков."
"passed","Sun Dec 07 00:32:17 UTC 2025","Sun Dec 07 00:32:17 UTC 2025","579","tests.admin_panel.categories","test_80_create_category_translation","","","","test_create_category_translation_invalid_payload[payload6-422]","Негативный тест: создание перевода с невалидным payload."
"passed","Sun Dec 07 00:34:25 UTC 2025","Sun Dec 07 00:34:27 UTC 2025","2245","tests.admin_panel.items","test_delete_item_translation","","","","test_delete_item_translation_forbidden[client]","Негативный тест: удаление перевода не-админом запрещено."
"passed","Sun Dec 07 00:34:09 UTC 2025","Sun Dec 07 00:34:10 UTC 2025","556","tests.admin_panel.items","test_create_item_translation","","","","test_create_item_translation_invalid_payload[payload5-code5]","Негативный тест: создание перевода с невалидным payload."
"passed","Sun Dec 07 01:04:08 UTC 2025","Sun Dec 07 01:04:12 UTC 2025","3869","tests.cart","test_22_cart_fill_advanced_cost","","","","test_fill_advanced_cost_success[partner]","
    Позитив: расчёт предварительных доставок для непустой корзины
    с заполненным регионом/городом.
    "
"skipped","Sun Dec 07 00:25:33 UTC 2025","Sun Dec 07 00:25:33 UTC 2025","0","tests.account","test_get_default_stock","","","","test_get_default_stock_positive[partner]","Позитивные тесты на получение дефолтного склада"
"skipped","Sun Dec 07 00:53:57 UTC 2025","Sun Dec 07 00:53:57 UTC 2025","0","tests.cart","test_01_user_locale","","","","test_update_user_locale_valid_payload[payload5]","
    Позитивный тест: Обновление языка/склада/локали НЕавторизованным пользователем с указанной корзиной в cookie.
    "
"passed","Sun Dec 07 00:58:31 UTC 2025","Sun Dec 07 00:58:35 UTC 2025","3689","tests.cart","test_11_cart_save_delivery_method","","","","test_save_delivery_method_success_with_cart[partner-Boxberry]","
    Позитив: сохранение способа доставки для всех значений с корзиной
    "
"skipped","Sun Dec 07 01:03:07 UTC 2025","Sun Dec 07 01:03:07 UTC 2025","136","tests.cart","test_14_cart_update_personal_data","","","","test_update_personal_data_invalid_payload[client-payload2]","
    Негатив: отсутствующие обязательные поля или невалидные значения
    "
"passed","Sun Dec 07 00:30:29 UTC 2025","Sun Dec 07 00:30:30 UTC 2025","927","tests.admin_panel.categories","test_56_v2_create_category","","","","test_v2_create_category_slug_should_fail_if_not_unique","Негативный тест: попытка создать категорию с уже существующим slug."
"passed","Sun Dec 07 01:16:50 UTC 2025","Sun Dec 07 01:16:51 UTC 2025","812","tests.delivery","test_get_cdek_offices","","","","test_get_cdek_offices_success[521-client]",""
"skipped","Sun Dec 07 00:36:59 UTC 2025","Sun Dec 07 00:36:59 UTC 2025","0","tests.admin_panel.products","test_01_delete_product_group","","","","test_delete_product_group_invalid_id[abc]","Негативный тест: удаление несуществующей или некорректной продукт группы."
"passed","Sun Dec 07 00:50:17 UTC 2025","Sun Dec 07 00:50:18 UTC 2025","596","tests.admin_panel.slides","test_61_upload_slides_images","","","","test_upload_slide_images_invalid_id","Негативный тест: несуществующий ID слайда."
"passed","Sun Dec 07 00:50:58 UTC 2025","Sun Dec 07 00:51:01 UTC 2025","3484","tests.admin_panel.slides","test_61_upload_slides_images","","","","test_upload_slide_images_file_too_large[4.7-fields_to_send4-204]","Негативный тест: загрузка слишком большого изображения."
"skipped","Sun Dec 07 00:25:54 UTC 2025","Sun Dec 07 00:25:54 UTC 2025","0","tests.account","test_token_revoke","","","","test_revoke_token_positive[admin-payload1]","Позитивные тесты на удаление токена"
"passed","Sun Dec 07 00:32:47 UTC 2025","Sun Dec 07 00:32:48 UTC 2025","336","tests.admin_panel.items","test_create_item","","","","test_create_item_forbidden[client]","Негативный тест: создание варианта не-админом запрещено."
"passed","Sun Dec 07 01:29:45 UTC 2025","Sun Dec 07 01:29:45 UTC 2025","135","tests.tickets","test_01_get_tickets","","","","test_get_tickets_invalid_filter[invalid_filter3-400-client]","Негативный тест: передаем некорректные параметры фильтрации"
"skipped","Sun Dec 07 00:24:02 UTC 2025","Sun Dec 07 00:24:02 UTC 2025","0","tests.account","test_account_branded_wallet_get","","","","test_get_without_image_returns_null_url[partner]","
    Позитив: за произвольный (будущий) период нет изображения → image_url == null
    "
"skipped","Sun Dec 07 01:28:36 UTC 2025","Sun Dec 07 01:28:36 UTC 2025","161","tests.stock","test_get_group_orders","","","","test_get_group_orders_invalid_country_id[1.5-admin]","Проверка получения складов по невалидному country_id"
"skipped","Sun Dec 07 01:22:04 UTC 2025","Sun Dec 07 01:22:05 UTC 2025","734","tests.fund","test_get_top_donors","","","","test_get_top_donors_success[start,end-https://dev.ewahelps.com/api]",""
"passed","Sun Dec 07 01:20:51 UTC 2025","Sun Dec 07 01:20:51 UTC 2025","162","tests.delivery","test_get_self_pickup_offices","","","","test_get_self_pickup_offices_success[186343-client]","Позитив: успешное получение списка ПВЗ ЭВЫ по city_id."
"passed","Sun Dec 07 01:10:56 UTC 2025","Sun Dec 07 01:10:56 UTC 2025","607","tests.catalog","test_update_admin_product","","","","test_update_admin_product_invalid_id[0]",""
"passed","Sun Dec 07 01:19:14 UTC 2025","Sun Dec 07 01:19:14 UTC 2025","130","tests.delivery","test_get_emu_pickup_points","","","","test_get_emu_pickup_points_invalid_city_id_should_fail[bad_city_id7-admin]","Негатив: невалидные значения city_id → 400/422."
"passed","Sun Dec 07 00:53:43 UTC 2025","Sun Dec 07 00:53:49 UTC 2025","6721","tests.cart","test_01_user_locale","","","","test_update_user_locale_valid_payload_1[partner-payload4]","
    Позитивный тест: Обновление языка/склада/локали авторизованным пользователем"
"passed","Sun Dec 07 01:22:32 UTC 2025","Sun Dec 07 01:22:39 UTC 2025","7464","tests.integration","test_order_courier_ru","","","","test_order_courier_ru[DPD]",""
"skipped","Sun Dec 07 01:29:16 UTC 2025","Sun Dec 07 01:29:16 UTC 2025","0","tests.tickets","test_01_get_tickets","","","","test_get_tickets_success[filter1-sort0-search1-pagination1-partner]","Позитивный тест: получение списка тикетов с разными комбинациями параметров"
"passed","Sun Dec 07 00:38:01 UTC 2025","Sun Dec 07 00:38:01 UTC 2025","137","tests.admin_panel.products","test_39_get_product_brands","","","","test_get_product_brands_forbidden[partner]","Негативный тест: получение списка брендов не админом."
"skipped","Sun Dec 07 01:29:16 UTC 2025","Sun Dec 07 01:29:16 UTC 2025","0","tests.tickets","test_01_get_tickets","","","","test_get_tickets_success[filter0-sort0-search0-pagination0-partner]","Позитивный тест: получение списка тикетов с разными комбинациями параметров"
"passed","Sun Dec 07 00:23:04 UTC 2025","Sun Dec 07 00:23:04 UTC 2025","131","tests.account","test_0_family_agreement_get","","","","test_get_family_agreement_positive[payload0-partner]","Позитивные тесты на получение данных о семейном соглашении"
"skipped","Sun Dec 07 01:21:22 UTC 2025","Sun Dec 07 01:21:23 UTC 2025","131","tests.delivery","test_mongpost_postcodes","","","","test_mongpost_postcodes_not_found_for_unknown_city[99999999-admin]","Негативный тест: город с указанным ID не найден"
"passed","Sun Dec 07 00:21:21 UTC 2025","Sun Dec 07 00:21:22 UTC 2025","663","tests.PROJECT_EDUCATION.test_system","test_02_get_question","","","","test_get_question_invalid_id[]",""
"passed","Sun Dec 07 00:44:48 UTC 2025","Sun Dec 07 00:44:48 UTC 2025","555","tests.admin_panel.sliders","test_52_create_slider","","","","test_create_slider_invalid_payload[payload3-expected_code3]","Негативный тест: попытка создать слайдер с невалидным payload."
"passed","Sun Dec 07 01:27:52 UTC 2025","Sun Dec 07 01:27:52 UTC 2025","128","tests.statistic","test_team_registrations","","","","test_get_team_registration_statistic_positive[payload0-partner]","Позитивный тест: получение статистики по регистрации команды с валидным телом запроса"
"passed","Sun Dec 07 00:36:51 UTC 2025","Sun Dec 07 00:36:52 UTC 2025","403","tests.admin_panel.periods","test_get_period_current","","","","test_get_period_current__unauthorized",""
"skipped","Sun Dec 07 00:24:02 UTC 2025","Sun Dec 07 00:24:02 UTC 2025","0","tests.account","test_account_branded_wallet_get","","","","test_get_period_bad_types_400_or_422[period0-client]","
    Негатив: некорректные типы month/year → 400/422
    "
"passed","Sun Dec 07 00:33:18 UTC 2025","Sun Dec 07 00:33:20 UTC 2025","1780","tests.admin_panel.items","test_create_item","","","","test_create_item_unique_article","
    Проверка уникальности article: второй item с тем же article создать нельзя.
    "
"passed","Sun Dec 07 01:16:17 UTC 2025","Sun Dec 07 01:16:18 UTC 2025","810","tests.delivery","test_get_boxberry_offices","","","","test_get_boxberry_offices_success[5-partner]",""
"passed","Sun Dec 07 01:27:08 UTC 2025","Sun Dec 07 01:27:08 UTC 2025","132","tests.statistic","test_team_activations","","","","test_get_team_activation_statistic_positive[payload3-client]","Позитивный тест: получение статистики по активации команды с валидным телом запроса"
"passed","Sun Dec 07 01:11:49 UTC 2025","Sun Dec 07 01:11:53 UTC 2025","3830","tests.catalog","test_update_admin_product","","","","test_update_admin_product_invalid_payload[update_payload6-422]",""
"skipped","Sun Dec 07 01:26:28 UTC 2025","Sun Dec 07 01:26:28 UTC 2025","0","tests.register","test_02_register_partner","","","","test_register_partner_positive[partner-200]","Тест: позитивные тесты для регистрации партнера вручную"
"passed","Sun Dec 07 01:32:27 UTC 2025","Sun Dec 07 01:32:28 UTC 2025","539","tests.tickets","test_04_create_ticket","","","","test_create_ticket_success[partner-attachments0-QuestionsAboutProducts]","Позитивный тест: создание тикета с разными темами и вложениями для клиента, партнера и админа"
"skipped","Sun Dec 07 01:28:12 UTC 2025","Sun Dec 07 01:28:13 UTC 2025","131","tests.statistic","test_team_registrations","","","","test_get_team_registration_statistic_negative[payload0-admin]","Негативный тест: ошибка при получении статистики регистрации команды с невалидным телом запроса"
"skipped","Sun Dec 07 00:28:32 UTC 2025","Sun Dec 07 00:28:32 UTC 2025","0","tests.admin_panel","test_accrue_presidential_pool","","","","test_accrue_presidential_pool_forbidden[client]",""
"passed","Sun Dec 07 00:25:02 UTC 2025","Sun Dec 07 00:25:03 UTC 2025","1016","tests.account","test_delete_cover_url","","","","test_delete_cover_full_payload[client]",""
"passed","Sun Dec 07 00:23:52 UTC 2025","Sun Dec 07 00:23:52 UTC 2025","131","tests.account","test_account_branded_wallet_delete","","","","test_delete_when_nothing_uploaded_returns_404[client]","
    Удаление при отсутствии изображения → 404
    "
"passed","Sun Dec 07 00:27:00 UTC 2025","Sun Dec 07 00:27:01 UTC 2025","583","tests.admin_panel","test_03_support_delete_user","","","","test_invalid_id_returns_client_error[]","
    Кривой/отсутствующий id в path:
    ожидаем клиентскую ошибку (400/404/405), а не 5xx.
    "
"passed","Sun Dec 07 00:46:52 UTC 2025","Sun Dec 07 00:46:54 UTC 2025","1598","tests.admin_panel.slides","test_0_slides_sort","","","","test_slides_sort_invalid_payload","Негативный тест: невалидный payload."
"passed","Sun Dec 07 00:27:48 UTC 2025","Sun Dec 07 00:27:49 UTC 2025","570","tests.admin_panel","test_04_generate_support_token","","","","test_invalid_user_id_for_token_returns_client_error[-1]",""
"passed","Sun Dec 07 01:30:15 UTC 2025","Sun Dec 07 01:30:16 UTC 2025","541","tests.tickets","test_04_create_ticket","","","","test_create_ticket_success[client-attachments0-QuestionsAboutTheHousingAndCarProgram]","Позитивный тест: создание тикета с разными темами и вложениями для клиента, партнера и админа"
"passed","Sun Dec 07 00:28:16 UTC 2025","Sun Dec 07 00:28:17 UTC 2025","589","tests.admin_panel","test_05_admin_support_users_token_revoke_all","","","","test_invalid_user_id_for_revoke_all_returns_client_error[1.23]",""
"passed","Sun Dec 07 00:25:14 UTC 2025","Sun Dec 07 00:25:15 UTC 2025","126","tests.account","test_get_account_exists","","","","test_get_account_exists_positive[params1-client]","Нкгатив: невлидны id"
"skipped","Sun Dec 07 00:56:39 UTC 2025","Sun Dec 07 00:56:39 UTC 2025","129","tests.cart","test_09_cart_save_region","","","","test_save_region_invalid_payload[client-payload0]","Негатив: невалидный payload."
"passed","Sun Dec 07 01:24:12 UTC 2025","Sun Dec 07 01:24:13 UTC 2025","400","tests.one_c","test_create_1c_stock","","","","test_post_bad_request_or_unprocessable[<lambda>1]",""
"skipped","Sun Dec 07 01:22:13 UTC 2025","Sun Dec 07 01:22:13 UTC 2025","530","tests.fund","test_get_top_donors","","","","test_get_top_donors_invalid_params[invalid_param3-https://dev.ewahelps.com/api]","Негатив: неверные параметры должны дать 400 (при рабочем маршруте)."
"passed","Sun Dec 07 01:02:58 UTC 2025","Sun Dec 07 01:02:59 UTC 2025","336","tests.cart","test_14_cart_update_personal_data","","","","test_update_personal_data_success[client-payload1]","
    Позитив: обновление персональных данных
    "
"passed","Sun Dec 07 00:36:43 UTC 2025","Sun Dec 07 00:36:44 UTC 2025","549","tests.admin_panel.periods","test_get_period_by_id","","","","test_get_period_by_id__not_found_allows_400_404[9223372036854775807]",""
"passed","Sun Dec 07 00:28:24 UTC 2025","Sun Dec 07 00:28:25 UTC 2025","399","tests.admin_panel","test_accrue_auto_bonus","","","","test_accrue_auto_bonus_unauthorized",""
"passed","Sun Dec 07 00:54:01 UTC 2025","Sun Dec 07 00:54:01 UTC 2025","134","tests.cart","test_01_user_locale","","","","test_update_user_locale_invalid_payload[client-payload2-400]","Негативный тест: обновление локали с невалидным payload."
"passed","Sun Dec 07 00:21:52 UTC 2025","Sun Dec 07 00:21:53 UTC 2025","538","tests.PROJECT_EDUCATION.test_system","test_04_finish_test","","","","test_finish_test_invalid_id[1.5]","Негативный тест: запуск теста с невалидным ID"
"skipped","Sun Dec 07 01:29:16 UTC 2025","Sun Dec 07 01:29:16 UTC 2025","0","tests.tickets","test_01_get_tickets","","","","test_get_tickets_success[filter1-sort0-search1-pagination0-admin]","Позитивный тест: получение списка тикетов с разными комбинациями параметров"
"passed","Sun Dec 07 01:28:55 UTC 2025","Sun Dec 07 01:28:56 UTC 2025","573","tests.stock","test_get_stocks","","","","test_get_stocks[admin]","Запрос всех складов"
"passed","Sun Dec 07 01:23:42 UTC 2025","Sun Dec 07 01:23:43 UTC 2025","1500","tests.one_c","test_create_1c_stock","","","","test_flags_is_enabled_can_group_order_roundtrip",""
"passed","Sun Dec 07 01:34:48 UTC 2025","Sun Dec 07 01:34:49 UTC 2025","558","tests.tickets","test_04_create_ticket","","","","test_create_ticket_success[admin-attachments0-ReceivingDefectiveProducts]","Позитивный тест: создание тикета с разными темами и вложениями для клиента, партнера и админа"
"passed","Sun Dec 07 00:52:22 UTC 2025","Sun Dec 07 00:52:23 UTC 2025","404","tests.auth","test_01_check_version","","","","test_check_version[Android--400]","Тест проверяет API /check_version для разных платформ и версий."
"passed","Sun Dec 07 00:57:03 UTC 2025","Sun Dec 07 00:57:03 UTC 2025","137","tests.cart","test_10_cart_save_city","","","","test_save_city_invalid_payload[partner-payload2]","Негатив: невалидный payload."
"passed","Sun Dec 07 00:24:19 UTC 2025","Sun Dec 07 00:24:20 UTC 2025","824","tests.account","test_account_branded_wallet_upload","","","","test_upload_upsert_current_period[partner]","Позитив: повторная загрузка подряд (upsert для текущего периода) — оба запроса успешны"
"passed","Sun Dec 07 00:29:42 UTC 2025","Sun Dec 07 00:29:43 UTC 2025","607","tests.admin_panel.categories","test_47_get_categories_by_id","","","","test_get_categories_invalid_id[None]","Негативный тест: получение категории по невалидному ID."
"passed","Sun Dec 07 00:25:40 UTC 2025","Sun Dec 07 00:25:40 UTC 2025","413","tests.account","test_post_downgrade_user","","","","test_downgrade_user_changes_grade_to_client[admin]","
    Позитив: создаём наставника → активируем LO → /admin/downgrade_user → grade = GradeClient.
    "
"passed","Sun Dec 07 00:47:07 UTC 2025","Sun Dec 07 00:47:08 UTC 2025","1153","tests.admin_panel.slides","test_56_get_slides","","","","test_get_slides_after_adding","Интеграционный тест: добавление слайда и проверка его наличия в списке по ID."
"passed","Sun Dec 07 00:36:20 UTC 2025","Sun Dec 07 00:36:20 UTC 2025","566","tests.admin_panel.periods","test_get_period_by_id","","","","test_get_period_by_id__invalid_400_404[abc]",""
"passed","Sun Dec 07 00:55:05 UTC 2025","Sun Dec 07 00:55:05 UTC 2025","129","tests.cart","test_02_get_delivery_cost","","","","test_get_delivery_cost_invalid_payload[client-payload3]","Негатив: некорректные входные данные."
"passed","Sun Dec 07 00:25:30 UTC 2025","Sun Dec 07 00:25:30 UTC 2025","127","tests.account","test_get_account_exists","","","","test_get_account_exists_positive[params6-client]","Нкгатив: невлидны id"
"passed","Sun Dec 07 01:24:31 UTC 2025","Sun Dec 07 01:24:32 UTC 2025","423","tests.one_c","test_create_1c_stock","","","","test_post_bad_request_or_unprocessable[<lambda>10]",""
"passed","Sun Dec 07 00:54:07 UTC 2025","Sun Dec 07 00:54:08 UTC 2025","150","tests.cart","test_01_user_locale","","","","test_update_user_locale_invalid_payload[client-payload6-400]","Негативный тест: обновление локали с невалидным payload."
"skipped","Sun Dec 07 01:20:11 UTC 2025","Sun Dec 07 01:20:11 UTC 2025","126","tests.delivery","test_get_haypost_offices","","","","test_get_haypost_offices_missing_city_id_should_fail[admin]","Негатив: отсутствует обязательный query-параметр city_id → 400/422."
"passed","Sun Dec 07 00:33:25 UTC 2025","Sun Dec 07 00:33:27 UTC 2025","2150","tests.admin_panel.items","test_create_item_translation","","","","test_create_item_translation_success[en]",""
"passed","Sun Dec 07 01:34:06 UTC 2025","Sun Dec 07 01:34:07 UTC 2025","1109","tests.tickets","test_04_create_ticket","","","","test_create_ticket_success[partner-attachments2-ChangePersonalData]","Позитивный тест: создание тикета с разными темами и вложениями для клиента, партнера и админа"
"passed","Sun Dec 07 01:09:10 UTC 2025","Sun Dec 07 01:09:11 UTC 2025","611","tests.catalog","test_product_get_by_id","","","","test_get_product_by_id_not_found[99999999]","
    Негативный: продукт с таким ID отсутствует.
    "
"passed","Sun Dec 07 00:29:51 UTC 2025","Sun Dec 07 00:29:51 UTC 2025","980","tests.admin_panel.categories","test_49_delete_category","","","","test_delete_category_success","Позитивный тест: успешное удаление категории."
"passed","Sun Dec 07 00:43:52 UTC 2025","Sun Dec 07 00:43:53 UTC 2025","890","tests.admin_panel.promo","test_77_create_promotion_item","","","","test_create_promotion_item_invalid_payload[payload6-422]",""
"skipped","Sun Dec 07 01:28:23 UTC 2025","Sun Dec 07 01:28:23 UTC 2025","0","tests.stock","test_create_stock","","","","test_create_stock_with_empty_string_log_if_not_200[timezone.display_name]",""
"passed","Sun Dec 07 00:26:46 UTC 2025","Sun Dec 07 00:26:46 UTC 2025","546","tests.admin_panel","test_02_support_users_list","","","","test_invalid_paging_returns_400_for_admin[page=0&page_size=-10]","
    Некорректные значения page/page_size
    "
"passed","Sun Dec 07 01:03:59 UTC 2025","Sun Dec 07 01:04:00 UTC 2025","444","tests.cart","test_21_cart_shareable","","","","test_cart_shareable_unauthorized_after_logout[client]","
    Негатив: ссылка создана авторизованным пользователем, затем пользователь разлогинен
    и пытается открыть корзину по этой ссылке — запрос считается неавторизованным.
    "
"skipped","Sun Dec 07 00:25:54 UTC 2025","Sun Dec 07 00:25:54 UTC 2025","0","tests.account","test_token","","","","test_add_token_positive[admin-payload1]","Позитивные тесты на добавление токена"
"skipped","Sun Dec 07 00:25:11 UTC 2025","Sun Dec 07 00:25:11 UTC 2025","0","tests.account","test_funds_transfer_list","","","","test_get_funds_transfer_list_positive[partner-payload1]","Позитивные тесты на получение истории переводов/выводов средств"
"passed","Sun Dec 07 00:29:52 UTC 2025","Sun Dec 07 00:29:53 UTC 2025","412","tests.admin_panel.categories","test_49_delete_category","","","","test_delete_category_unauthorized","Негативный тест: попытка удаления категории без авторизации."
"passed","Sun Dec 07 01:23:32 UTC 2025","Sun Dec 07 01:23:34 UTC 2025","1286","tests.one_c","test_create_1c_stock","","","","test_post_timezone_return_id_and_consistency",""
"passed","Sun Dec 07 01:03:24 UTC 2025","Sun Dec 07 01:03:25 UTC 2025","185","tests.cart","test_16_cart_update_stock","","","","test_update_stock_success[partner]","Позитив: изменение склада."
"passed","Sun Dec 07 01:28:08 UTC 2025","Sun Dec 07 01:28:08 UTC 2025","136","tests.statistic","test_team_registrations","","","","test_get_team_registration_statistic_positive[payload3-admin]","Позитивный тест: получение статистики по регистрации команды с валидным телом запроса"
"passed","Sun Dec 07 00:57:27 UTC 2025","Sun Dec 07 00:57:27 UTC 2025","474","tests.cart","test_11_cart_save_delivery_method","","","","test_save_delivery_method_success[client-Boxberry]","
    Позитив: сохранение способа доставки для всех значений без корзины
    "
"passed","Sun Dec 07 00:27:59 UTC 2025","Sun Dec 07 00:28:00 UTC 2025","1493","tests.admin_panel","test_05_admin_support_users_token_revoke_all","","","","test_admin_can_revoke_all_support_tokens","
    POST /admin/support-users/{id}/token/revoke-all

    Проверяем по факту:
    - до revoke создаём несколько support-токенов
    - в tokens есть записи для (role=3, id=user_id)
    - после revoke-all их больше нет
    - повторный вызов тоже 204 и в tokens всё ещё 0 записей.
    "
"skipped","Sun Dec 07 01:28:22 UTC 2025","Sun Dec 07 01:28:22 UTC 2025","0","tests.stock","test_create_stock","","","","test_create_stock_with_empty_string_log_if_not_200[address.house_number]",""
"skipped","Sun Dec 07 00:28:21 UTC 2025","Sun Dec 07 00:28:21 UTC 2025","0","tests.admin_panel","test_accrue_auto_bonus","","","","test_accrue_auto_bonus_for_partner",""
"skipped","Sun Dec 07 00:24:02 UTC 2025","Sun Dec 07 00:24:02 UTC 2025","0","tests.account","test_account_branded_wallet_get","","","","test_get_invalid_period_returns_422[period0-client]","
    Негатив: невалидные month/year → 422.
    "
"passed","Sun Dec 07 00:42:03 UTC 2025","Sun Dec 07 00:42:03 UTC 2025","405","tests.admin_panel.promo","test_74_update_promotion","","","","test_update_promotion_unauthorized","Негативный тест: попытка обновления акции без авторизации."
"passed","Sun Dec 07 00:22:50 UTC 2025","Sun Dec 07 00:22:50 UTC 2025","409","tests.PROJECT_FUND.initiatives","test_get_reports","","","","test_get_reports_with_query_params[query0-https://dev.ewahelps.com/api]","Позитивный тест: получение списка отчетов с query-параметрами"
"passed","Sun Dec 07 00:21:35 UTC 2025","Sun Dec 07 00:21:36 UTC 2025","558","tests.PROJECT_EDUCATION.test_system","test_03_user_answers","","","","test_user_answers_invalid_id[1.5]","Негативный тест: запуск теста с невалидным ID"
"passed","Sun Dec 07 01:34:53 UTC 2025","Sun Dec 07 01:34:55 UTC 2025","1181","tests.tickets","test_04_create_ticket","","","","test_create_ticket_success[admin-attachments1-QuestionsAboutPaymentsToIP]","Позитивный тест: создание тикета с разными темами и вложениями для клиента, партнера и админа"
"skipped","Sun Dec 07 00:28:32 UTC 2025","Sun Dec 07 00:28:32 UTC 2025","0","tests.admin_panel","test_accrue_gold_pro_gift","","","","test_accrue_gold_pro_gift_invalid_payload[payload2-400]",""
"passed","Sun Dec 07 01:28:24 UTC 2025","Sun Dec 07 01:28:25 UTC 2025","402","tests.stock","test_delete_stock","","","","test_delete_stock_unauthorized",""
"passed","Sun Dec 07 01:24:56 UTC 2025","Sun Dec 07 01:24:56 UTC 2025","402","tests.one_c","test_get_1с_stock","","","","test_get_stock_bad_request[params2]",""
"passed","Sun Dec 07 01:25:26 UTC 2025","Sun Dec 07 01:25:30 UTC 2025","3440","tests.orders","test_create_order_by_delivery_address","","","","test_create_order_permissions[authorize_partner-authorize_partner-200]","Тест: проверка прав доступа при создании заказа по сохраненному адресу"
"passed","Sun Dec 07 00:47:57 UTC 2025","Sun Dec 07 00:47:58 UTC 2025","841","tests.admin_panel.slides","test_57_create_slide","","","","test_create_slide_title_color_validation[#12FaBc-201]","Валидация поля title_color при создании слайда."
"passed","Sun Dec 07 01:09:58 UTC 2025","Sun Dec 07 01:09:58 UTC 2025","130","tests.catalog","test_products_v2_categories","","","","test_get_products_v2_categories_success[client]","
    Позитивный: успешное получение списка категорий.
    "
"skipped","Sun Dec 07 01:25:56 UTC 2025","Sun Dec 07 01:25:56 UTC 2025","127","tests.orders","test_group_order_change_country","","","","test_change_country_invalid_data[invalid_payload1-partner]","Негативные тесты: передача некорректных данных"
"passed","Sun Dec 07 00:25:11 UTC 2025","Sun Dec 07 00:25:11 UTC 2025","128","tests.account","test_get_account_exists","","","","test_get_account_exists_positive[params0-client]","Нкгатив: невлидны id"
"passed","Sun Dec 07 00:33:03 UTC 2025","Sun Dec 07 00:33:04 UTC 2025","785","tests.admin_panel.items","test_create_item","","","","test_create_item_invalid_payload[payload4-expected_code4]","
    Негативный тест: создание варианта с невалидным телом запроса.
    Если сервер внезапно вернул успех — удаляем созданный item из БД.
    "
"passed","Sun Dec 07 01:09:59 UTC 2025","Sun Dec 07 01:10:00 UTC 2025","404","tests.catalog","test_products_v2_categories","","","","test_get_products_v2_categories_unauthorized",""
"passed","Sun Dec 07 01:24:41 UTC 2025","Sun Dec 07 01:24:42 UTC 2025","479","tests.one_c","test_create_1c_stock","","","","test_post_address_city_id_mismatch_explicit",""
"passed","Sun Dec 07 00:35:08 UTC 2025","Sun Dec 07 00:35:10 UTC 2025","2425","tests.admin_panel.items","test_update_item","","","","test_update_item_article_should_fail_if_not_unique","Негативный тест: попытка обновить article на уже существующий."
"passed","Sun Dec 07 01:34:51 UTC 2025","Sun Dec 07 01:34:51 UTC 2025","523","tests.tickets","test_04_create_ticket","","","","test_create_ticket_success[admin-attachments0-ReceivingProductsShortage]","Позитивный тест: создание тикета с разными темами и вложениями для клиента, партнера и админа"
"passed","Sun Dec 07 00:54:27 UTC 2025","Sun Dec 07 00:54:27 UTC 2025","264","tests.cart","test_02_get_delivery_cost","","","","test_get_delivery_cost_success_region_available_false[partner]","
    Позитив: успешное получение ТК, отправляя только country_id и city_name
    (Country.is_region_available = false).
    "
"passed","Sun Dec 07 01:08:10 UTC 2025","Sun Dec 07 01:08:11 UTC 2025","570","tests.catalog","test_get_admin_product_translation","","","","test_get_admin_product_translation_not_found","Запрос перевода для несуществующего product_id — 404."
"passed","Sun Dec 07 01:09:52 UTC 2025","Sun Dec 07 01:09:53 UTC 2025","1105","tests.catalog","test_products_list","","","","test_get_products_list_unauthorized",""
"skipped","Sun Dec 07 00:25:02 UTC 2025","Sun Dec 07 00:25:02 UTC 2025","0","tests.account","test_delete_avatar","","","","test_delete_avatar_positive[partner]","Позитивные тесты на удаление аватара"
"passed","Sun Dec 07 00:41:28 UTC 2025","Sun Dec 07 00:41:28 UTC 2025","559","tests.admin_panel.promo","test_72_create_promotion","","","","test_create_promotion_invalid_data[payload12-422]","Негативные тесты: невалидные данные"
"passed","Sun Dec 07 00:51:57 UTC 2025","Sun Dec 07 00:51:58 UTC 2025","136","tests.admin_panel.slides","test_62_slides_get_upload_urls","","","","test_get_upload_urls_forbidden[partner]","Негативный тест: неадмин не может получить ссылки на загрузку видео файлов."
"skipped","Sun Dec 07 01:19:46 UTC 2025","Sun Dec 07 01:19:46 UTC 2025","155","tests.delivery","test_get_five_post_offices","","","","test_get_five_post_offices_invalid_city_id_should_fail[0-admin]","Негатив: невалидные значения city_id → 400/422."
"passed","Sun Dec 07 01:28:50 UTC 2025","Sun Dec 07 01:28:50 UTC 2025","135","tests.stock","test_get_stock_by_id","","","","test_get_stock_by_nonexistent_id[admin]","Запрос склада по несуществующему ID — ожидаем 404"
"passed","Sun Dec 07 00:58:15 UTC 2025","Sun Dec 07 00:58:19 UTC 2025","4145","tests.cart","test_11_cart_save_delivery_method","","","","test_save_delivery_method_success_with_cart[partner-Cargo]","
    Позитив: сохранение способа доставки для всех значений с корзиной
    "
"passed","Sun Dec 07 00:57:17 UTC 2025","Sun Dec 07 00:57:17 UTC 2025","519","tests.cart","test_11_cart_save_delivery_method","","","","test_save_delivery_method_success[client-KgPost]","
    Позитив: сохранение способа доставки для всех значений без корзины
    "
"skipped","Sun Dec 07 00:25:33 UTC 2025","Sun Dec 07 00:25:33 UTC 2025","0","tests.account","test_get_languages","","","","test_get_languages_success[client-ios-200]","Возвращает список языков, доступных для перевода"
"passed","Sun Dec 07 01:24:57 UTC 2025","Sun Dec 07 01:24:58 UTC 2025","400","tests.one_c","test_get_1с_stock","","","","test_get_stock_bad_request[params3]",""
"skipped","Sun Dec 07 00:25:33 UTC 2025","Sun Dec 07 00:25:33 UTC 2025","0","tests.account","test_pass_change","","","","test_change_password_positive[partner-payload0]","Позитивные тесты на изменение пароля"
"skipped","Sun Dec 07 01:26:08 UTC 2025","Sun Dec 07 01:26:08 UTC 2025","0","tests.orders","test_orders_v2_pay","","","","test_orders_v2_pay_invalid_data[invalid_payload2-400]","Негативный тест: отправка некорректных данных"
"skipped","Sun Dec 07 01:20:38 UTC 2025","Sun Dec 07 01:20:39 UTC 2025","551","tests.delivery","test_get_kgpost_offices","","","","test_get_kgpost_offices_unauthorized",""
"passed","Sun Dec 07 01:03:46 UTC 2025","Sun Dec 07 01:03:46 UTC 2025","437","tests.cart","test_19_cart_empty_suggestions","","","","test_cart_empty_suggestions_unauthorized","Негатив: вызов без авторизации/корзины."
"passed","Sun Dec 07 01:13:57 UTC 2025","Sun Dec 07 01:13:58 UTC 2025","1727","tests.delivery","test_01_save_delivery_address","","","","test_save_delivery_address_negative[partner-payload1-400]","Негативные тесты на сохранение адреса доставки"
"passed","Sun Dec 07 00:50:16 UTC 2025","Sun Dec 07 00:50:16 UTC 2025","134","tests.admin_panel.slides","test_61_upload_slides_images","","","","test_upload_slide_images_forbidden[partner]","Негативный тест: неадмин не может загрузить изображения слайда."
"passed","Sun Dec 07 01:08:23 UTC 2025","Sun Dec 07 01:08:23 UTC 2025","548","tests.catalog","test_get_item_by_id","","","","test_get_item_not_found[99999999]","
    Негативный тест: товар с указанным ID не найден
    "
"passed","Sun Dec 07 00:23:35 UTC 2025","Sun Dec 07 00:23:35 UTC 2025","130","tests.account","test_0_top_partners_game_0824","","","","test_get_top_partners_game_0824_positive[admin]","Позитивные тесты на получение топ-партнеров в игре 08/24"
"passed","Sun Dec 07 00:48:50 UTC 2025","Sun Dec 07 00:48:50 UTC 2025","555","tests.admin_panel.slides","test_59_update_slide","","","","test_update_slide_invalid_id[-1]","Негативный тест: несуществующий или некорректный ID."
"skipped","Sun Dec 07 01:12:25 UTC 2025","Sun Dec 07 01:12:25 UTC 2025","0","tests.chat_support","test_01_support_chat_messages_post","","","","test_post_message_invalid_payload[payload0-client]",""
"passed","Sun Dec 07 00:27:08 UTC 2025","Sun Dec 07 00:27:09 UTC 2025","577","tests.admin_panel","test_03_support_delete_user","","","","test_not_found_returns_404","
    Корректный id, но пользователя нет — 404.
    "
"skipped","Sun Dec 07 00:30:10 UTC 2025","Sun Dec 07 00:30:10 UTC 2025","0","tests.admin_panel.categories","test_50_upload_category_images","","","","test_upload_only_single_image_field_should_not_fill_others[icon-test_png.png-image/png-icon]","Проверка: загрузка только одного из полей (icon, image, image_site) не должна заполнять другие."
"skipped","Sun Dec 07 00:36:59 UTC 2025","Sun Dec 07 00:36:59 UTC 2025","0","tests.admin_panel.products","test_01_delete_product_group","","","","test_delete_product_group_forbidden[client]","Негативный тест: попытка удаления продукт группы не-админом."
"passed","Sun Dec 07 01:32:46 UTC 2025","Sun Dec 07 01:32:47 UTC 2025","560","tests.tickets","test_04_create_ticket","","","","test_create_ticket_success[partner-attachments0-ReceivingDefectiveProducts]","Позитивный тест: создание тикета с разными темами и вложениями для клиента, партнера и админа"
"skipped","Sun Dec 07 00:25:33 UTC 2025","Sun Dec 07 00:25:33 UTC 2025","0","tests.account","test_get_languages","","","","test_get_languages_success[partner-unknown-400]","Возвращает список языков, доступных для перевода"
"passed","Sun Dec 07 01:35:31 UTC 2025","Sun Dec 07 01:35:32 UTC 2025","1206","tests.tickets","test_04_create_ticket","","","","test_create_ticket_success[admin-attachments1-ReceivingDefectiveProducts]","Позитивный тест: создание тикета с разными темами и вложениями для клиента, партнера и админа"
"passed","Sun Dec 07 00:34:41 UTC 2025","Sun Dec 07 00:34:43 UTC 2025","2207","tests.admin_panel.items","test_get_item_translation","","","","test_get_item_translation_success",""
"skipped","Sun Dec 07 01:17:23 UTC 2025","Sun Dec 07 01:17:24 UTC 2025","159","tests.delivery","test_get_cities_v2","","","","test_get_cities_v2_missing_city_name_should_fail[admin]","
    Негатив: отсутствует обязательный query-параметр city_name → 400/422.
    "
"passed","Sun Dec 07 01:39:01 UTC 2025","Sun Dec 07 01:39:02 UTC 2025","402","tests.tickets","test_12_delete_message","","","","test_delete_ticket_message_without_auth","Негативный тест: удаление сообщения без авторизации"
"passed","Sun Dec 07 00:34:08 UTC 2025","Sun Dec 07 00:34:08 UTC 2025","545","tests.admin_panel.items","test_create_item_translation","","","","test_create_item_translation_invalid_payload[payload4-code4]","Негативный тест: создание перевода с невалидным payload."
"passed","Sun Dec 07 00:26:13 UTC 2025","Sun Dec 07 00:26:15 UTC 2025","1778","tests.admin_panel","test_01_support_create_user","","","","test_admin_can_create_support_without_login_creates_support_user_with_suffix","
    Фактическое поведение бэкенда:
    - users.login для исходного пользователя (id = base_user) НЕ меняется
    - в users появляется вторая строка с login, содержащим '_support' и оригинальный login
    - в minions количество строк для этого пользователя не меняется
    "
"passed","Sun Dec 07 00:52:06 UTC 2025","Sun Dec 07 00:52:07 UTC 2025","550","tests.admin_panel.slides","test_62_slides_update_video_url","","","","test_update_video_url_invalid[]","Негативный тест: передача некорректной ссылки без предварительной загрузки"
"passed","Sun Dec 07 01:30:13 UTC 2025","Sun Dec 07 01:30:13 UTC 2025","536","tests.tickets","test_04_create_ticket","","","","test_create_ticket_success[client-attachments0-QuestionsAboutPaymentsToIP]","Позитивный тест: создание тикета с разными темами и вложениями для клиента, партнера и админа"
"skipped","Sun Dec 07 00:25:33 UTC 2025","Sun Dec 07 00:25:33 UTC 2025","0","tests.account","test_history","","","","test_get_history_positive[admin-payload1]","Позитивные тесты на получение истории аккаунта"
"skipped","Sun Dec 07 01:38:18 UTC 2025","Sun Dec 07 01:38:19 UTC 2025","1177","tests.tickets","test_10_send_message_to_ticket","","","","test_send_message_validation[message_payload0-400]","Проверка валидации входных данных при отправке сообщений"
"passed","Sun Dec 07 00:47:14 UTC 2025","Sun Dec 07 00:47:14 UTC 2025","134","tests.admin_panel.slides","test_57_create_slide","","","","test_create_slide_forbidden[partner]","Негативный тест: создание слайда не-админом запрещено."
"skipped","Sun Dec 07 01:17:28 UTC 2025","Sun Dec 07 01:17:29 UTC 2025","429","tests.delivery","test_get_cities_v2","","","","test_get_cities_v2_invalid_city_name_should_fail[1.5-admin]","
    Негатив: невалидные значения city_name → 400/422.
    "
"passed","Sun Dec 07 01:08:55 UTC 2025","Sun Dec 07 01:08:56 UTC 2025","617","tests.catalog","test_get_recommended_products","","","","test_get_recommended_products_invalid_id[]","
    Негативный тест: передан некорректный ID (тип/значение)
    "
"passed","Sun Dec 07 01:20:58 UTC 2025","Sun Dec 07 01:20:58 UTC 2025","129","tests.delivery","test_get_self_pickup_offices","","","","test_get_self_pickup_offices_invalid_city_id_should_fail[-admin]","Негатив: невалидные значения city_id → 400/422."
"passed","Sun Dec 07 01:30:07 UTC 2025","Sun Dec 07 01:30:07 UTC 2025","545","tests.tickets","test_02_get_ticket_by_id","","","","test_get_ticket_invalid_id[1.5]","Негативный тест: передан некорректный ID."
"passed","Sun Dec 07 01:18:47 UTC 2025","Sun Dec 07 01:18:47 UTC 2025","134","tests.delivery","test_get_dpd_offices","","","","test_get_dpd_offices_invalid_city_id_should_fail[1.5-admin]",""
"passed","Sun Dec 07 00:48:53 UTC 2025","Sun Dec 07 00:48:54 UTC 2025","587","tests.admin_panel.slides","test_59_update_slide","","","","test_update_slide_invalid_id[9999999]","Негативный тест: несуществующий или некорректный ID."
"skipped","Sun Dec 07 01:19:24 UTC 2025","Sun Dec 07 01:19:24 UTC 2025","143","tests.delivery","test_get_europost_offices","","","","test_get_europost_offices_invalid_city_id_should_fail[-1-admin]",""
"passed","Sun Dec 07 00:39:50 UTC 2025","Sun Dec 07 00:39:51 UTC 2025","888","tests.admin_panel.products","test_43_delete_product_brand","","","","test_delete_product_brand_forbidden[partner]","Негативный тест: попытка удаления бренда не-админом."
"passed","Sun Dec 07 01:20:53 UTC 2025","Sun Dec 07 01:20:53 UTC 2025","162","tests.delivery","test_get_self_pickup_offices","","","","test_get_self_pickup_offices_success[186343-partner]","Позитив: успешное получение списка ПВЗ ЭВЫ по city_id."
"passed","Sun Dec 07 01:37:02 UTC 2025","Sun Dec 07 01:37:02 UTC 2025","806","tests.tickets","test_06_close_ticket","","","","test_close_ticket_success[client]","Позитивный тест: закрытие тикета для клиента, партнера и админа."
"passed","Sun Dec 07 01:03:58 UTC 2025","Sun Dec 07 01:03:58 UTC 2025","128","tests.cart","test_21_cart_shareable","","","","test_cart_shareable_not_found[partner]","
    Граничный кейс: запрос по заведомо несуществующей ссылке.
    Ожидаем 4xx (обычно 404).
    "
"skipped","Sun Dec 07 01:17:32 UTC 2025","Sun Dec 07 01:17:32 UTC 2025","134","tests.delivery","test_get_cities_v2","","","","test_get_cities_v2_invalid_city_name_should_fail[None-admin]","
    Негатив: невалидные значения city_name → 400/422.
    "
"passed","Sun Dec 07 00:31:47 UTC 2025","Sun Dec 07 00:31:49 UTC 2025","1424","tests.admin_panel.categories","test_80_create_category_translation","","","","test_create_category_translation_success[uz]","Позитивный тест: создание/обновление перевода категории для разных языков."
"skipped","Sun Dec 07 00:55:43 UTC 2025","Sun Dec 07 00:55:44 UTC 2025","339","tests.cart","test_06_cart_update","","","","test_update_cart_item_invalid_payload[client-payload0]","Негатив: невалидный payload."
"passed","Sun Dec 07 01:11:02 UTC 2025","Sun Dec 07 01:11:03 UTC 2025","566","tests.catalog","test_update_admin_product","","","","test_update_admin_product_invalid_id[abc]",""
"passed","Sun Dec 07 01:24:08 UTC 2025","Sun Dec 07 01:24:08 UTC 2025","398","tests.one_c","test_create_1c_stock","","","","test_post_forbidden[True-]",""
"passed","Sun Dec 07 00:21:24 UTC 2025","Sun Dec 07 00:21:25 UTC 2025","579","tests.PROJECT_EDUCATION.test_system","test_02_get_question","","","","test_get_question_invalid_id[999999]",""
"passed","Sun Dec 07 00:51:44 UTC 2025","Sun Dec 07 00:51:45 UTC 2025","1133","tests.admin_panel.slides","test_62_slides_get_upload_urls","","","","test_get_upload_urls_success","Позитивный тест: успешное получение временных ссылок на загрузку видео файлов у слайдера типа 'video'."
"passed","Sun Dec 07 00:44:29 UTC 2025","Sun Dec 07 00:44:29 UTC 2025","134","tests.admin_panel.sliders","test_51_get_sliders","","","","test_get_sliders_forbidden[client]","Негативный тест: получение списка слайдеров не админом"
"passed","Sun Dec 07 00:29:15 UTC 2025","Sun Dec 07 00:29:15 UTC 2025","130","tests.admin_panel","test_report_accruals","","","","test_report_accruals_forbidden[partner]",""
"skipped","Sun Dec 07 00:23:16 UTC 2025","Sun Dec 07 00:23:16 UTC 2025","0","tests.account","test_0_marathon","","","","test_create_product_brand_invalid_payload[params1-400-admin]",""
"passed","Sun Dec 07 00:23:05 UTC 2025","Sun Dec 07 00:23:06 UTC 2025","141","tests.account","test_0_family_agreement_get","","","","test_get_family_agreement_positive[payload0-admin]","Позитивные тесты на получение данных о семейном соглашении"
"skipped","Sun Dec 07 01:27:45 UTC 2025","Sun Dec 07 01:27:46 UTC 2025","137","tests.statistic","test_team_go","","","","test_get_team_go_statistic_negative[payload1-client]","Негативный тест: ошибка при получении статистики по команде с невалидным телом запроса"
"skipped","Sun Dec 07 01:29:16 UTC 2025","Sun Dec 07 01:29:16 UTC 2025","0","tests.tickets","test_01_get_tickets","","","","test_get_tickets_success[filter1-sort0-search0-pagination0-admin]","Позитивный тест: получение списка тикетов с разными комбинациями параметров"
"passed","Sun Dec 07 01:35:28 UTC 2025","Sun Dec 07 01:35:29 UTC 2025","1236","tests.tickets","test_04_create_ticket","","","","test_create_ticket_success[admin-attachments1-ReceivingDefectiveProductsOrShortage]","Позитивный тест: создание тикета с разными темами и вложениями для клиента, партнера и админа"
"passed","Sun Dec 07 01:21:40 UTC 2025","Sun Dec 07 01:21:40 UTC 2025","129","tests.delivery","test_self_pickup_offices","","","","test_self_pickup_offices_invalid_params[client-params2]","
    Негатив: невалидные параметры -> 400 с телом ошибки.
    "
"passed","Sun Dec 07 01:27:22 UTC 2025","Sun Dec 07 01:27:22 UTC 2025","137","tests.statistic","test_team_go","","","","test_get_team_go_statistic_positive[payload0-client]","Позитивный тест: получение статистики по команде с валидным телом запроса"
"passed","Sun Dec 07 00:33:49 UTC 2025","Sun Dec 07 00:33:51 UTC 2025","2204","tests.admin_panel.items","test_create_item_translation","","","","test_create_item_translation_success[de]",""
"passed","Sun Dec 07 00:34:01 UTC 2025","Sun Dec 07 00:34:02 UTC 2025","626","tests.admin_panel.items","test_create_item_translation","","","","test_create_item_translation_invalid_payload[payload0-code0]","Негативный тест: создание перевода с невалидным payload."
"passed","Sun Dec 07 00:57:29 UTC 2025","Sun Dec 07 00:57:29 UTC 2025","486","tests.cart","test_11_cart_save_delivery_method","","","","test_save_delivery_method_success[client-GroupOrder]","
    Позитив: сохранение способа доставки для всех значений без корзины
    "
"skipped","Sun Dec 07 01:28:22 UTC 2025","Sun Dec 07 01:28:22 UTC 2025","0","tests.stock","test_create_stock","","","","test_create_stock_with_empty_string_log_if_not_200[city.region]",""
"passed","Sun Dec 07 01:18:36 UTC 2025","Sun Dec 07 01:18:36 UTC 2025","174","tests.delivery","test_get_dpd_offices","","","","test_get_dpd_offices_success[423-partner]",""
"passed","Sun Dec 07 00:40:28 UTC 2025","Sun Dec 07 00:40:29 UTC 2025","1106","tests.admin_panel.products","test_44_upload_product_brand_images","","","","test_upload_product_brand_images_formats[valid.webp-image/webp-204]","Проверка загрузки изображений бренда в разных форматах: негативные и позитивные кейсы."
"skipped","Sun Dec 07 01:28:22 UTC 2025","Sun Dec 07 01:28:22 UTC 2025","0","tests.stock","test_create_stock","","","","test_create_stock_with_empty_string_log_if_not_200[city.latitude]",""
"passed","Sun Dec 07 00:21:10 UTC 2025","Sun Dec 07 00:21:11 UTC 2025","553","tests.PROJECT_EDUCATION.test_system","test_01_start_test","","","","test_start_test_invalid_id[1.5]","Негативный тест: запуск теста с невалидным ID"
"passed","Sun Dec 07 01:33:49 UTC 2025","Sun Dec 07 01:33:50 UTC 2025","1098","tests.tickets","test_04_create_ticket","","","","test_create_ticket_success[partner-attachments2-QuestionsAboutProducts]","Позитивный тест: создание тикета с разными темами и вложениями для клиента, партнера и админа"
"skipped","Sun Dec 07 01:28:23 UTC 2025","Sun Dec 07 01:28:23 UTC 2025","0","tests.stock","test_create_stock","","","","test_create_stock_with_empty_string_log_if_not_200[address.metro]",""
"skipped","Sun Dec 07 00:25:54 UTC 2025","Sun Dec 07 00:25:54 UTC 2025","0","tests.account","test_token","","","","test_add_token_positive[client-payload1]","Позитивные тесты на добавление токена"
"skipped","Sun Dec 07 01:29:06 UTC 2025","Sun Dec 07 01:29:06 UTC 2025","0","tests.stock","test_update_stock","","","","test_update_stock_invalid_id[0]",""
"skipped","Sun Dec 07 01:18:32 UTC 2025","Sun Dec 07 01:18:33 UTC 2025","399","tests.delivery","test_get_delivery_regions","","","","test_get_delivery_regions_unauthorized","Негатив: запрос без авторизации."
"passed","Sun Dec 07 00:38:49 UTC 2025","Sun Dec 07 00:38:50 UTC 2025","550","tests.admin_panel.products","test_41_get_product_brand_by_id","","","","test_get_product_brand_invalid_id[0]","Негативный тест: получение бренда по невалидному ID"
"passed","Sun Dec 07 01:24:40 UTC 2025","Sun Dec 07 01:24:40 UTC 2025","422","tests.one_c","test_create_1c_stock","","","","test_post_bad_request_or_unprocessable[<lambda>14]",""
"passed","Sun Dec 07 00:43:07 UTC 2025","Sun Dec 07 00:43:08 UTC 2025","983","tests.admin_panel.promo","test_76_get_promotion_items","","","","test_get_promotion_item_success","Позитивный тест: получение элемента акции админом."
"passed","Sun Dec 07 00:43:44 UTC 2025","Sun Dec 07 00:43:45 UTC 2025","915","tests.admin_panel.promo","test_77_create_promotion_item","","","","test_create_promotion_item_invalid_payload[payload3-422]",""
"passed","Sun Dec 07 01:09:25 UTC 2025","Sun Dec 07 01:09:25 UTC 2025","412","tests.catalog","test_product_get_by_id","","","","test_get_product_by_id_unauthorized",""
"passed","Sun Dec 07 01:32:30 UTC 2025","Sun Dec 07 01:32:30 UTC 2025","623","tests.tickets","test_04_create_ticket","","","","test_create_ticket_success[partner-attachments0-QuestionsAboutTheWorkOfTheStructureAndMentors]","Позитивный тест: создание тикета с разными темами и вложениями для клиента, партнера и админа"
"passed","Sun Dec 07 00:54:29 UTC 2025","Sun Dec 07 00:54:29 UTC 2025","150","tests.cart","test_02_get_delivery_cost","","","","test_get_delivery_cost_success_partial_payload[client-payload0-400]","
    Позитив/граничные: сочетания полей региона/города
    "
"passed","Sun Dec 07 01:10:12 UTC 2025","Sun Dec 07 01:10:16 UTC 2025","4257","tests.catalog","test_update_admin_product","","","","test_update_admin_product_full_payload",""
"skipped","Sun Dec 07 00:25:33 UTC 2025","Sun Dec 07 00:25:33 UTC 2025","0","tests.account","test_history","","","","test_get_history_positive[admin-payload0]","Позитивные тесты на получение истории аккаунта"
"passed","Sun Dec 07 00:40:58 UTC 2025","Sun Dec 07 00:40:58 UTC 2025","579","tests.admin_panel.promo","test_71_get_promotions","","","","test_get_promotions_list_default","Позитивный кейс — Получение списка всех промоакций"
"passed","Sun Dec 07 00:45:04 UTC 2025","Sun Dec 07 00:45:05 UTC 2025","883","tests.admin_panel.sliders","test_52_create_slider","","","","test_create_slider_should_fail_on_duplicate","Негативный тест: дублирование уникальных полей слайдера."
"passed","Sun Dec 07 00:39:19 UTC 2025","Sun Dec 07 00:39:20 UTC 2025","822","tests.admin_panel.products","test_42_update_product_brand","","","","test_update_product_brand_invalid_payload[payload1-expected_code1]","Негативный тест: обновление бренда с невалидным или неполным телом запроса."
"skipped","Sun Dec 07 01:28:22 UTC 2025","Sun Dec 07 01:28:22 UTC 2025","0","tests.stock","test_create_stock","","","","test_create_stock_with_empty_string_log_if_not_200[self_pickup_available]",""
"passed","Sun Dec 07 00:53:22 UTC 2025","Sun Dec 07 00:53:23 UTC 2025","953","tests.cart","test_01_user_locale","","","","test_update_user_locale_valid_payload_1[client-payload3]","
    Позитивный тест: Обновление языка/склада/локали авторизованным пользователем"
"skipped","Sun Dec 07 01:29:16 UTC 2025","Sun Dec 07 01:29:16 UTC 2025","0","tests.tickets","test_01_get_tickets","","","","test_get_tickets_success[filter2-sort0-search0-pagination0-partner]","Позитивный тест: получение списка тикетов с разными комбинациями параметров"
"skipped","Sun Dec 07 00:24:02 UTC 2025","Sun Dec 07 00:24:02 UTC 2025","0","tests.account","test_account_branded_wallet_get","","","","test_get_invalid_period_returns_422[period1-partner]","
    Негатив: невалидные month/year → 422.
    "
"passed","Sun Dec 07 00:57:39 UTC 2025","Sun Dec 07 00:57:39 UTC 2025","474","tests.cart","test_11_cart_save_delivery_method","","","","test_save_delivery_method_success[client-Emu]","
    Позитив: сохранение способа доставки для всех значений без корзины
    "
"passed","Sun Dec 07 00:33:33 UTC 2025","Sun Dec 07 00:33:35 UTC 2025","2099","tests.admin_panel.items","test_create_item_translation","","","","test_create_item_translation_success[mn]",""
"passed","Sun Dec 07 01:29:05 UTC 2025","Sun Dec 07 01:29:05 UTC 2025","132","tests.stock","test_get_stocks","","","","test_get_stocks_country_id_not_found[admin]","Проверка получения складов по несуществующему country_id"
"passed","Sun Dec 07 01:10:01 UTC 2025","Sun Dec 07 01:10:02 UTC 2025","180","tests.catalog","test_recommended_products_selfpickup","","","","test_get_recommended_products_selfpickup_success[client]","
    Позитивный тест: успешное получение доп. продуктов к самовывозу
    "
"passed","Sun Dec 07 00:57:25 UTC 2025","Sun Dec 07 00:57:25 UTC 2025","459","tests.cart","test_11_cart_save_delivery_method","","","","test_save_delivery_method_success[client-DPD]","
    Позитив: сохранение способа доставки для всех значений без корзины
    "
"passed","Sun Dec 07 00:47:45 UTC 2025","Sun Dec 07 00:47:45 UTC 2025","555","tests.admin_panel.slides","test_57_create_slide","","","","test_create_slide_invalid_payload[payload18-422]","Негативные тесты: некорректные и неполные payload'ы."
"passed","Sun Dec 07 00:25:19 UTC 2025","Sun Dec 07 00:25:19 UTC 2025","127","tests.account","test_get_account_exists","","","","test_get_account_exists_positive[params2-admin]","Нкгатив: невлидны id"
"skipped","Sun Dec 07 00:23:16 UTC 2025","Sun Dec 07 00:23:16 UTC 2025","0","tests.account","test_0_marathon","","","","test_create_product_brand_invalid_payload[params0-400-admin]",""
"passed","Sun Dec 07 01:34:35 UTC 2025","Sun Dec 07 01:34:36 UTC 2025","528","tests.tickets","test_04_create_ticket","","","","test_create_ticket_success[admin-attachments0-QuestionsAboutTheMarriageContract]","Позитивный тест: создание тикета с разными темами и вложениями для клиента, партнера и админа"
"passed","Sun Dec 07 00:49:52 UTC 2025","Sun Dec 07 00:49:53 UTC 2025","887","tests.admin_panel.slides","test_59_update_slide","","","","test_update_slide_invalid_payload[payload21-422]","Негативный тест: обновление слайда с невалидным или неполным телом запроса."
"passed","Sun Dec 07 00:37:29 UTC 2025","Sun Dec 07 00:37:31 UTC 2025","2019","tests.admin_panel.products","test_02_recommended_products_add","","","","test_add_recommendation_no_rights[client]","Пользователь без прав пытается добавить рекомендации"
"passed","Sun Dec 07 00:36:32 UTC 2025","Sun Dec 07 00:36:33 UTC 2025","557","tests.admin_panel.periods","test_get_period_by_id","","","","test_get_period_by_id__invalid_400_404[-5]",""
"skipped","Sun Dec 07 00:30:10 UTC 2025","Sun Dec 07 00:30:10 UTC 2025","0","tests.admin_panel.categories","test_50_upload_category_images","","","","test_upload_category_images_invalid_format[valid.png-image/png-204]","Негативный тест: загрузка изображений в неверном формате (например, .txt)."
"passed","Sun Dec 07 00:32:41 UTC 2025","Sun Dec 07 00:32:42 UTC 2025","1397","tests.admin_panel.items","test_create_item","","","","test_create_item_success","Позитивный тест: успешное создание варианта товара (все поля)."
"passed","Sun Dec 07 01:15:06 UTC 2025","Sun Dec 07 01:15:06 UTC 2025","128","tests.delivery","test_02_get_delivery_address","","","","test_get_delivery_addresses_invalid_pagination[invalid_pagination1-client]","Негатив: некорректные параметры пагинации"
"skipped","Sun Dec 07 00:25:54 UTC 2025","Sun Dec 07 00:25:54 UTC 2025","0","tests.account","test_update","","","","test_update_account_positive[client-payload1]","Позитивные тесты на обновление данных аккаунта"
"passed","Sun Dec 07 01:05:13 UTC 2025","Sun Dec 07 01:05:13 UTC 2025","752","tests.catalog","test_create_admin_product","","","","test_create_product_invalid_payload[payload1-400]",""
"passed","Sun Dec 07 00:48:40 UTC 2025","Sun Dec 07 00:48:41 UTC 2025","604","tests.admin_panel.slides","test_59_update_slide","","","","test_update_slide_success","Позитивный тест: успешное обновление слайда (все поля)."
"passed","Sun Dec 07 00:23:18 UTC 2025","Sun Dec 07 00:23:18 UTC 2025","133","tests.account","test_0_profile","","","","test_get_profile_positive[partner]","Позитивные тесты на получение данных пользовательского аккаунта"
"skipped","Sun Dec 07 01:29:16 UTC 2025","Sun Dec 07 01:29:16 UTC 2025","0","tests.tickets","test_01_get_tickets","","","","test_get_tickets_success[filter2-sort1-search1-pagination0-client]","Позитивный тест: получение списка тикетов с разными комбинациями параметров"
"passed","Sun Dec 07 00:35:56 UTC 2025","Sun Dec 07 00:35:57 UTC 2025","1316","tests.admin_panel.items","test_update_item","","","","test_update_item_invalid_payload[payload5-422]","Негативный тест: обновление item с невалидным или неполным телом запроса."
"passed","Sun Dec 07 00:41:07 UTC 2025","Sun Dec 07 00:41:08 UTC 2025","695","tests.admin_panel.promo","test_72_create_promotion","","","","test_create_promotion_success","Позитивный тест: успешное создание акции (все поля)."
"passed","Sun Dec 07 01:12:47 UTC 2025","Sun Dec 07 01:12:49 UTC 2025","2707","tests.delivery","test_01_save_delivery_address","","","","test_save_delivery_address_positive[client-payload4]","Позитивные тесты на сохранение адреса доставки"
"passed","Sun Dec 07 01:29:16 UTC 2025","Sun Dec 07 01:29:17 UTC 2025","129","tests.tickets","test_01_get_tickets","","","","test_get_tickets_no_pagination[client]","Негативный тест: запрос без обязательного параметра pagination"
"passed","Sun Dec 07 00:47:46 UTC 2025","Sun Dec 07 00:47:47 UTC 2025","552","tests.admin_panel.slides","test_57_create_slide","","","","test_create_slide_invalid_payload[payload19-422]","Негативные тесты: некорректные и неполные payload'ы."
"skipped","Sun Dec 07 00:28:32 UTC 2025","Sun Dec 07 00:28:32 UTC 2025","0","tests.admin_panel","test_accrue_gold_pro_gift","","","","test_accrue_gold_pro_gift_invalid_payload[payload1-400]",""
"skipped","Sun Dec 07 00:25:33 UTC 2025","Sun Dec 07 00:25:33 UTC 2025","0","tests.account","test_history_personal_volumes_admin","","","","test_get_personal_volumes_history_admin_positive[admin-payload1]","Позитивные тесты на получение истории начисления личных объемов для админа"
"passed","Sun Dec 07 01:25:16 UTC 2025","Sun Dec 07 01:25:17 UTC 2025","598","tests.orders","test_calculate_client_changes","","","","test_calculate_client_changes_invalid_payload[payload6-expected_codes6]","Негативный тест: валидация тела запроса."
"passed","Sun Dec 07 00:47:30 UTC 2025","Sun Dec 07 00:47:31 UTC 2025","610","tests.admin_panel.slides","test_57_create_slide","","","","test_create_slide_invalid_payload[payload9-400]","Негативные тесты: некорректные и неполные payload'ы."
"skipped","Sun Dec 07 01:37:25 UTC 2025","Sun Dec 07 01:37:26 UTC 2025","1134","tests.tickets","test_06_close_ticket","","","","test_close_tickets_negative[partner-None-400]","Негативные тесты: закрытие с некорректными данными"
"passed","Sun Dec 07 01:31:30 UTC 2025","Sun Dec 07 01:31:31 UTC 2025","1236","tests.tickets","test_04_create_ticket","","","","test_create_ticket_success[client-attachments1-ReceivingProductsShortage]","Позитивный тест: создание тикета с разными темами и вложениями для клиента, партнера и админа"
"passed","Sun Dec 07 01:21:38 UTC 2025","Sun Dec 07 01:21:38 UTC 2025","137","tests.delivery","test_self_pickup_offices","","","","test_self_pickup_offices_invalid_params[client-params1]","
    Негатив: невалидные параметры -> 400 с телом ошибки.
    "
"passed","Sun Dec 07 00:39:10 UTC 2025","Sun Dec 07 00:39:11 UTC 2025","579","tests.admin_panel.products","test_42_update_product_brand","","","","test_update_product_brand_invalid_id[0]","Негативный тест: несуществующий или некорректный ID."
"passed","Sun Dec 07 00:57:44 UTC 2025","Sun Dec 07 00:57:48 UTC 2025","3837","tests.cart","test_11_cart_save_delivery_method","","","","test_save_delivery_method_success_with_cart[partner-Unknown]","
    Позитив: сохранение способа доставки для всех значений с корзиной
    "
"passed","Sun Dec 07 00:34:18 UTC 2025","Sun Dec 07 00:34:21 UTC 2025","2542","tests.admin_panel.items","test_delete_item_translation","","","","test_delete_item_translation_success","Позитивный тест: удаление одного из двух переводов варианта товара."
"passed","Sun Dec 07 01:09:08 UTC 2025","Sun Dec 07 01:09:09 UTC 2025","1097","tests.catalog","test_product_get_by_id","","","","test_get_product_by_id_success[admin]","
    Позитивный: успешное получение продукта по ID
    "
"passed","Sun Dec 07 00:27:40 UTC 2025","Sun Dec 07 00:27:40 UTC 2025","587","tests.admin_panel","test_04_generate_support_token","","","","test_invalid_ttl_returns_400[5270400000]",""
"passed","Sun Dec 07 01:24:21 UTC 2025","Sun Dec 07 01:24:21 UTC 2025","400","tests.one_c","test_create_1c_stock","","","","test_post_bad_request_or_unprocessable[<lambda>5]",""
"passed","Sun Dec 07 01:05:14 UTC 2025","Sun Dec 07 01:05:15 UTC 2025","758","tests.catalog","test_create_admin_product","","","","test_create_product_invalid_payload[payload2-400]",""
"passed","Sun Dec 07 00:57:35 UTC 2025","Sun Dec 07 00:57:35 UTC 2025","500","tests.cart","test_11_cart_save_delivery_method","","","","test_save_delivery_method_success[client-Haypost]","
    Позитив: сохранение способа доставки для всех значений без корзины
    "
"skipped","Sun Dec 07 01:38:06 UTC 2025","Sun Dec 07 01:38:06 UTC 2025","561","tests.tickets","test_09_get_ticket_messages","","","","test_get_ticket_messages_invalid_id_format[]","Негативный тест: запрос с некорректным ID (строка, спецсимволы, пустое значение)"
"passed","Sun Dec 07 00:43:59 UTC 2025","Sun Dec 07 00:43:59 UTC 2025","596","tests.admin_panel.promo","test_77_create_promotion_item","","","","test_create_promotion_item_invalid_ids[999999-1-404]",""
"skipped","Sun Dec 07 01:25:51 UTC 2025","Sun Dec 07 01:25:51 UTC 2025","133","tests.orders","test_group_order_change_country","","","","test_change_country_invalid_data[invalid_payload0-partner]","Негативные тесты: передача некорректных данных"
"passed","Sun Dec 07 00:46:34 UTC 2025","Sun Dec 07 00:46:34 UTC 2025","548","tests.admin_panel.sliders","test_55_delete_sliders","","","","test_delete_slider_invalid_id[9999999]","Негативный тест: удаление несуществующего или некорректного слайдера."
"passed","Sun Dec 07 01:07:44 UTC 2025","Sun Dec 07 01:07:48 UTC 2025","4188","tests.catalog","test_get_admin_product_translation","","","","test_get_admin_product_two_translations_success","Проверка получения двух переводов продукта (ru, en)."
"passed","Sun Dec 07 01:17:18 UTC 2025","Sun Dec 07 01:17:19 UTC 2025","296","tests.delivery","test_get_cities_v2","","","","test_get_cities_v2_success[params1-client]","
    Позитив: успешное получение списка городов (обязателен city_name, country_id — опционален).
    "
"passed","Sun Dec 07 00:41:22 UTC 2025","Sun Dec 07 00:41:22 UTC 2025","542","tests.admin_panel.promo","test_72_create_promotion","","","","test_create_promotion_invalid_data[payload8-400]","Негативные тесты: невалидные данные"
"passed","Sun Dec 07 01:03:02 UTC 2025","Sun Dec 07 01:03:02 UTC 2025","323","tests.cart","test_14_cart_update_personal_data","","","","test_update_personal_data_success[partner-payload1]","
    Позитив: обновление персональных данных
    "
"passed","Sun Dec 07 01:05:11 UTC 2025","Sun Dec 07 01:05:12 UTC 2025","785","tests.catalog","test_create_admin_product","","","","test_create_product_invalid_payload[payload0-400]",""
"passed","Sun Dec 07 01:27:33 UTC 2025","Sun Dec 07 01:27:33 UTC 2025","133","tests.statistic","test_team_go","","","","test_get_team_go_statistic_positive[payload2-partner]","Позитивный тест: получение статистики по команде с валидным телом запроса"
"skipped","Sun Dec 07 01:26:28 UTC 2025","Sun Dec 07 01:26:28 UTC 2025","0","tests.register","test_02_register_partner","","","","test_register_partner_positive[admin-403]","Тест: позитивные тесты для регистрации партнера вручную"
"passed","Sun Dec 07 01:37:36 UTC 2025","Sun Dec 07 01:37:38 UTC 2025","1241","tests.tickets","test_07_delete_ticket","","","","test_delete_ticket_positive","Позитивный тест: успешное удаление тикета"
"passed","Sun Dec 07 01:31:12 UTC 2025","Sun Dec 07 01:31:14 UTC 2025","1216","tests.tickets","test_04_create_ticket","","","","test_create_ticket_success[client-attachments1-QuestionsAboutTheRewardSystemMarketingPlan]","Позитивный тест: создание тикета с разными темами и вложениями для клиента, партнера и админа"
"passed","Sun Dec 07 00:50:37 UTC 2025","Sun Dec 07 00:50:38 UTC 2025","1278","tests.admin_panel.slides","test_61_upload_slides_images","","","","test_upload_slide_images_invalid_format[valid.webp-image/webp-204]","Негативный и позитивный тест: загрузка изображений в разных форматах."
"skipped","Sun Dec 07 01:18:19 UTC 2025","Sun Dec 07 01:18:19 UTC 2025","129","tests.delivery","test_get_delivery_countries","","","","test_get_delivery_countries_invalid_from[True-admin]","Негатив: невалидные значения параметра from → 400/422."
"passed","Sun Dec 07 00:32:25 UTC 2025","Sun Dec 07 00:32:26 UTC 2025","404","tests.admin_panel.categories","test_81_delete_category_translation","","","","test_delete_category_translation_unauthorized","Негативный тест: удаление перевода без авторизации."
"passed","Sun Dec 07 01:18:23 UTC 2025","Sun Dec 07 01:18:24 UTC 2025","132","tests.delivery","test_get_delivery_regions","","","","test_get_delivery_regions_success[client]","Позитив: успешное получение списка регионов."
"passed","Sun Dec 07 01:05:07 UTC 2025","Sun Dec 07 01:05:07 UTC 2025","600","tests.catalog","test_create_admin_product","","","","test_create_admin_product_forbidden_for_non_admin[partner]",""
"passed","Sun Dec 07 00:38:37 UTC 2025","Sun Dec 07 00:38:38 UTC 2025","874","tests.admin_panel.products","test_41_get_product_brand_by_id","","","","test_get_product_brand_by_id_success","Позитивный тест: успешное получение бренда по ID админом"
"passed","Sun Dec 07 01:06:49 UTC 2025","Sun Dec 07 01:06:49 UTC 2025","562","tests.catalog","test_create_admin_product_translation","","","","test_create_admin_product_translation_invalid_payload[payload1-400]","Негативные проверки на создание перевода с некорректным payload."
"passed","Sun Dec 07 00:45:00 UTC 2025","Sun Dec 07 00:45:01 UTC 2025","557","tests.admin_panel.sliders","test_52_create_slider","","","","test_create_slider_invalid_payload[payload11-422]","Негативный тест: попытка создать слайдер с невалидным payload."
"passed","Sun Dec 07 01:24:50 UTC 2025","Sun Dec 07 01:24:51 UTC 2025","424","tests.one_c","test_get_1с_stock","","","","test_get_stock_forbidden[params1]",""
"failed","Sun Dec 07 00:28:59 UTC 2025","Sun Dec 07 00:28:59 UTC 2025","593","tests.admin_panel","test_partner_accrual_details_main_bonus","","","","test_main_bonus_details_invalid_query_params[query0-expected_codes0]","
    Негатив: валидация query-параметров main-bonus
    "
"passed","Sun Dec 07 00:24:16 UTC 2025","Sun Dec 07 00:24:17 UTC 2025","811","tests.account","test_account_branded_wallet_upload","","","","test_upload_upsert_current_period[client]","Позитив: повторная загрузка подряд (upsert для текущего периода) — оба запроса успешны"
"skipped","Sun Dec 07 00:23:16 UTC 2025","Sun Dec 07 00:23:16 UTC 2025","0","tests.account","test_0_marathon","","","","test_create_product_brand_invalid_payload[params5-400-client]",""
"passed","Sun Dec 07 01:27:34 UTC 2025","Sun Dec 07 01:27:35 UTC 2025","136","tests.statistic","test_team_go","","","","test_get_team_go_statistic_positive[payload2-admin]","Позитивный тест: получение статистики по команде с валидным телом запроса"
"passed","Sun Dec 07 00:52:35 UTC 2025","Sun Dec 07 00:52:35 UTC 2025","132","tests.auth","test_02_login","","","","test_client_login[client-invalid_email@example.com-123123-401]",""
"passed","Sun Dec 07 01:36:59 UTC 2025","Sun Dec 07 01:36:59 UTC 2025","414","tests.tickets","test_04_create_ticket","","","","test_create_ticket_unauthorized","Негативный тест: попытка создания тикета без авторизации"
"passed","Sun Dec 07 01:07:13 UTC 2025","Sun Dec 07 01:07:13 UTC 2025","400","tests.catalog","test_delete_admin_product_translation","","","","test_delete_admin_product_translation_unauthorized","Удаление перевода без авторизации — должно вернуть 401."
"passed","Sun Dec 07 01:33:05 UTC 2025","Sun Dec 07 01:33:07 UTC 2025","1291","tests.tickets","test_04_create_ticket","","","","test_create_ticket_success[partner-attachments1-QuestionsAboutProducts]","Позитивный тест: создание тикета с разными темами и вложениями для клиента, партнера и админа"
"skipped","Sun Dec 07 00:25:11 UTC 2025","Sun Dec 07 00:25:11 UTC 2025","0","tests.account","test_family_agreement_update_status","","","","test_update_family_agreement_status_positive[client-payload1]","Позитивные тесты на изменение статуса семейного соглашения"
"passed","Sun Dec 07 01:07:32 UTC 2025","Sun Dec 07 01:07:32 UTC 2025","579","tests.catalog","test_delete_admin_product_translation","","","","test_delete_admin_product_translation_invalid_id[9999999]","Удаление перевода по невалидному product_id — должно вернуть 400 или 404."
"passed","Sun Dec 07 01:12:38 UTC 2025","Sun Dec 07 01:12:41 UTC 2025","2418","tests.delivery","test_01_save_delivery_address","","","","test_save_delivery_address_positive[client-payload2]","Позитивные тесты на сохранение адреса доставки"
"skipped","Sun Dec 07 01:20:24 UTC 2025","Sun Dec 07 01:20:24 UTC 2025","129","tests.delivery","test_get_kazpost_offices","","","","test_get_kazpost_offices_invalid_city_id_should_fail[-1-admin]","Негатив: невалидные значения city_id → 400/422."
"passed","Sun Dec 07 01:26:45 UTC 2025","Sun Dec 07 01:26:46 UTC 2025","584","tests.register","test_03_register_client","","","","test_register_client_negative[payload2-400]","Тест: негативные тесты для регистрации клиента вручную"
"passed","Sun Dec 07 00:53:09 UTC 2025","Sun Dec 07 00:53:10 UTC 2025","569","tests.auth","test_06_full_logout","","","","test_full_logout_success[partner]","Тест полного разлогина всех сессий клиента, партнера и админа."
"passed","Sun Dec 07 00:54:58 UTC 2025","Sun Dec 07 00:54:59 UTC 2025","1143","tests.cart","test_02_get_delivery_cost","","","","test_get_delivery_cost_success_partial_payload[partner-payload7-200]","
    Позитив/граничные: сочетания полей региона/города
    "
"passed","Sun Dec 07 00:55:24 UTC 2025","Sun Dec 07 00:55:24 UTC 2025","165","tests.cart","test_03_cart_get","","","","test_get_cart_success[client]","Позитив: получение текущей корзины."
"skipped","Sun Dec 07 01:29:06 UTC 2025","Sun Dec 07 01:29:06 UTC 2025","0","tests.stock","test_update_stock","","","","test_update_stock_invalid_id[abc]",""
"passed","Sun Dec 07 01:13:19 UTC 2025","Sun Dec 07 01:13:21 UTC 2025","2077","tests.delivery","test_01_save_delivery_address","","","","test_save_delivery_address_negative[client-payload0-400]","Негативные тесты на сохранение адреса доставки"
"passed","Sun Dec 07 00:47:16 UTC 2025","Sun Dec 07 00:47:17 UTC 2025","551","tests.admin_panel.slides","test_57_create_slide","","","","test_create_slide_invalid_payload[payload0-expected_code0]","Негативные тесты: некорректные и неполные payload'ы."
"passed","Sun Dec 07 01:26:56 UTC 2025","Sun Dec 07 01:26:57 UTC 2025","128","tests.statistic","test_team_activations","","","","test_get_team_activation_statistic_positive[payload0-admin]","Позитивный тест: получение статистики по активации команды с валидным телом запроса"
"passed","Sun Dec 07 00:44:19 UTC 2025","Sun Dec 07 00:44:20 UTC 2025","553","tests.admin_panel.promo","test_78_delete_promotion_item","","","","test_delete_promotion_item_invalid_id[abc-abc]","Негативный тест: удаление элемента акции с невалидным ID продукта."
"passed","Sun Dec 07 00:41:29 UTC 2025","Sun Dec 07 00:41:30 UTC 2025","399","tests.admin_panel.promo","test_72_create_promotion","","","","test_create_promotion_unauthorized","Негативный тест: создание акции без авторизации."
"skipped","Sun Dec 07 01:25:52 UTC 2025","Sun Dec 07 01:25:53 UTC 2025","127","tests.orders","test_group_order_change_country","","","","test_change_country_invalid_data[invalid_payload0-admin]","Негативные тесты: передача некорректных данных"
"passed","Sun Dec 07 00:44:52 UTC 2025","Sun Dec 07 00:44:53 UTC 2025","567","tests.admin_panel.sliders","test_52_create_slider","","","","test_create_slider_invalid_payload[payload6-400]","Негативный тест: попытка создать слайдер с невалидным payload."
"passed","Sun Dec 07 00:34:59 UTC 2025","Sun Dec 07 00:34:59 UTC 2025","557","tests.admin_panel.items","test_get_item_translation","","","","test_get_item_translation_invalid_id[-1]",""
"skipped","Sun Dec 07 00:25:11 UTC 2025","Sun Dec 07 00:25:11 UTC 2025","0","tests.account","test_funds_transfer_send","","","","test_send_funds_transfer_positive[client-payload1]","Позитивные тесты на перевод/вывод средств по visibleId"
"skipped","Sun Dec 07 00:25:54 UTC 2025","Sun Dec 07 00:25:54 UTC 2025","0","tests.account","test_token","","","","test_add_token_positive[admin-payload0]","Позитивные тесты на добавление токена"
"skipped","Sun Dec 07 01:28:22 UTC 2025","Sun Dec 07 01:28:22 UTC 2025","0","tests.stock","test_create_stock","","","","test_create_stock_with_empty_string_log_if_not_200[city.region_id]",""
"passed","Sun Dec 07 00:30:15 UTC 2025","Sun Dec 07 00:30:15 UTC 2025","130","tests.admin_panel.categories","test_56_v2_create_category","","","","test_v2_create_category_forbidden[partner]","Негативный тест: создание категории не-админом запрещено."
"skipped","Sun Dec 07 01:27:17 UTC 2025","Sun Dec 07 01:27:17 UTC 2025","136","tests.statistic","test_team_activations","","","","test_get_team_activation_statistic_negative[payload1-client]","Негативный тест: ошибка при получении статистики активации команды с невалидным телом запроса"
"skipped","Sun Dec 07 01:20:29 UTC 2025","Sun Dec 07 01:20:29 UTC 2025","366","tests.delivery","test_get_kgpost_offices","","","","test_get_kgpost_offices_success[208110-client]",""
"passed","Sun Dec 07 00:52:14 UTC 2025","Sun Dec 07 00:52:14 UTC 2025","403","tests.auth","test_01_check_version","","","","test_check_version[Android-0.9.0-200]","Тест проверяет API /check_version для разных платформ и версий."
"skipped","Sun Dec 07 00:25:33 UTC 2025","Sun Dec 07 00:25:33 UTC 2025","0","tests.account","test_list_csv","","","","test_get_account_list_csv_positive[admin-payload1]","Позитивные тесты на выгрузку структуры партнеров в CSV"
"passed","Sun Dec 07 00:23:59 UTC 2025","Sun Dec 07 00:24:00 UTC 2025","778","tests.account","test_account_branded_wallet_delete","","","","test_delete_twice_first_204_second_404[partner]","
    Двойное удаление: первый DELETE успешен, второй — 404
    "
"skipped","Sun Dec 07 01:05:29 UTC 2025","Sun Dec 07 01:05:29 UTC 2025","0","tests.catalog","test_create_admin_product","","","","test_create_product_duplicate_slug[ky]",""
"skipped","Sun Dec 07 00:21:02 UTC 2025","Sun Dec 07 00:21:02 UTC 2025","0","tests.PROJECT_EDUCATION.test_system","test_01_start_test","","","","test_start_test_session","Позитивный тест: успешный запуск теста"
"skipped","Sun Dec 07 01:20:27 UTC 2025","Sun Dec 07 01:20:27 UTC 2025","404","tests.delivery","test_get_kazpost_offices","","","","test_get_kazpost_offices_unauthorized","Негатив: запрос без авторизации."
"passed","Sun Dec 07 00:32:51 UTC 2025","Sun Dec 07 00:32:51 UTC 2025","603","tests.admin_panel.items","test_create_item","","","","test_create_item_unauthorized","Негативный тест: создание варианта без авторизации."
"skipped","Sun Dec 07 00:28:27 UTC 2025","Sun Dec 07 00:28:28 UTC 2025","570","tests.admin_panel","test_accrue_auto_bonus","","","","test_accrue_auto_bonus_invalid_payload[payload1-400]",""
"skipped","Sun Dec 07 01:36:51 UTC 2025","Sun Dec 07 01:36:51 UTC 2025","0","tests.tickets","test_04_create_ticket","","","","test_create_ticket_invalid_message[client-]","Негативный тест: создание тикета без сообщения"
"skipped","Sun Dec 07 01:19:38 UTC 2025","Sun Dec 07 01:19:38 UTC 2025","404","tests.delivery","test_get_fargo_offices","","","","test_get_fargo_offices_unauthorized","Негатив: запрос без авторизации."
"skipped","Sun Dec 07 00:21:15 UTC 2025","Sun Dec 07 00:21:15 UTC 2025","0","tests.PROJECT_EDUCATION.test_system","test_02_get_question","","","","test_get_question","Позитивный тест: Получение текущего вопроса для указанной сессии."
"passed","Sun Dec 07 00:40:35 UTC 2025","Sun Dec 07 00:40:37 UTC 2025","2006","tests.admin_panel.products","test_44_upload_product_brand_images","","","","test_upload_product_brand_images_various_fields[5.3-fields_to_send1-400]","Негативный тест. Загрузка слишком большого изображения."
"skipped","Sun Dec 07 01:26:05 UTC 2025","Sun Dec 07 01:26:06 UTC 2025","401","tests.orders","test_group_order_change_country","","","","test_change_country_without_auth","Негативный тест: изменение страны без авторизации"
"passed","Sun Dec 07 00:55:26 UTC 2025","Sun Dec 07 00:55:26 UTC 2025","168","tests.cart","test_03_cart_get","","","","test_get_cart_success[partner]","Позитив: получение текущей корзины."
"skipped","Sun Dec 07 01:29:16 UTC 2025","Sun Dec 07 01:29:16 UTC 2025","0","tests.tickets","test_01_get_tickets","","","","test_get_tickets_success[filter2-sort1-search1-pagination1-partner]","Позитивный тест: получение списка тикетов с разными комбинациями параметров"
"passed","Sun Dec 07 01:18:02 UTC 2025","Sun Dec 07 01:18:02 UTC 2025","137","tests.delivery","test_get_delivery_countries","","","","test_get_delivery_countries_success[available-client]","Позитив: успешное получение списка стран с разными значениями ?from=."
"passed","Sun Dec 07 00:47:54 UTC 2025","Sun Dec 07 00:47:55 UTC 2025","778","tests.admin_panel.slides","test_57_create_slide","","","","test_create_slide_title_color_validation[#ABCDEF-201]","Валидация поля title_color при создании слайда."
"passed","Sun Dec 07 01:16:13 UTC 2025","Sun Dec 07 01:16:13 UTC 2025","133","tests.delivery","test_03_delete_delivery_address","","","","test_delete_delivery_address_invalid_id[None-admin]","Негатив: удаление адреса с некорректным ID"
"skipped","Sun Dec 07 00:30:10 UTC 2025","Sun Dec 07 00:30:10 UTC 2025","0","tests.admin_panel.categories","test_50_upload_category_images","","","","test_upload_category_images_file_too_large[5.3-fields_to_send5-400]","Негативный тест: загрузка слишком большого изображения."
"passed","Sun Dec 07 01:33:59 UTC 2025","Sun Dec 07 01:34:00 UTC 2025","1117","tests.tickets","test_04_create_ticket","","","","test_create_ticket_success[partner-attachments2-QuestionsAboutTheRewardSystemMarketingPlan]","Позитивный тест: создание тикета с разными темами и вложениями для клиента, партнера и админа"
"skipped","Sun Dec 07 00:24:02 UTC 2025","Sun Dec 07 00:24:02 UTC 2025","0","tests.account","test_account_branded_wallet_get","","","","test_get_period_bad_types_400_or_422[period0-partner]","
    Негатив: некорректные типы month/year → 400/422
    "
"passed","Sun Dec 07 01:09:33 UTC 2025","Sun Dec 07 01:09:34 UTC 2025","127","tests.catalog","test_product_get_by_slug","","","","test_get_product_by_slug_wrong_method[put-client]","
    Негативный: неверный HTTP-метод для GET /products/{slug}
    "
"passed","Sun Dec 07 01:29:20 UTC 2025","Sun Dec 07 01:29:20 UTC 2025","143","tests.tickets","test_01_get_tickets","","","","test_get_tickets_invalid_pagination[invalid_pagination0-client]","Негативный тест: передаем некорректные значения в pagination"
"passed","Sun Dec 07 00:34:05 UTC 2025","Sun Dec 07 00:34:05 UTC 2025","646","tests.admin_panel.items","test_create_item_translation","","","","test_create_item_translation_invalid_payload[payload2-code2]","Негативный тест: создание перевода с невалидным payload."
"skipped","Sun Dec 07 01:29:16 UTC 2025","Sun Dec 07 01:29:16 UTC 2025","0","tests.tickets","test_01_get_tickets","","","","test_get_tickets_success[filter2-sort0-search0-pagination0-admin]","Позитивный тест: получение списка тикетов с разными комбинациями параметров"
"skipped","Sun Dec 07 01:28:23 UTC 2025","Sun Dec 07 01:28:23 UTC 2025","0","tests.stock","test_create_stock","","","","test_create_stock_with_empty_string_log_if_not_200[is_yandex_delivery]",""
"passed","Sun Dec 07 01:19:53 UTC 2025","Sun Dec 07 01:19:54 UTC 2025","458","tests.delivery","test_get_five_post_warehouses","","","","test_get_five_post_warehouses_unauthorized","Негатив: запрос без авторизации."
"passed","Sun Dec 07 00:34:11 UTC 2025","Sun Dec 07 00:34:12 UTC 2025","571","tests.admin_panel.items","test_create_item_translation","","","","test_create_item_translation_invalid_payload[payload6-code6]","Негативный тест: создание перевода с невалидным payload."
"passed","Sun Dec 07 01:28:51 UTC 2025","Sun Dec 07 01:28:52 UTC 2025","621","tests.stock","test_get_stocks","","","","test_get_stocks[client]","Запрос всех складов"
"passed","Sun Dec 07 00:39:12 UTC 2025","Sun Dec 07 00:39:13 UTC 2025","587","tests.admin_panel.products","test_42_update_product_brand","","","","test_update_product_brand_invalid_id[9999999]","Негативный тест: несуществующий или некорректный ID."
"skipped","Sun Dec 07 00:25:54 UTC 2025","Sun Dec 07 00:25:54 UTC 2025","0","tests.account","test_update","","","","test_update_account_positive[partner-payload0]","Позитивные тесты на обновление данных аккаунта"
"passed","Sun Dec 07 01:35:18 UTC 2025","Sun Dec 07 01:35:19 UTC 2025","1220","tests.tickets","test_04_create_ticket","","","","test_create_ticket_success[admin-attachments1-QuestionsAboutTheRewardSystemMarketingPlan]","Позитивный тест: создание тикета с разными темами и вложениями для клиента, партнера и админа"
"skipped","Sun Dec 07 01:29:16 UTC 2025","Sun Dec 07 01:29:16 UTC 2025","0","tests.tickets","test_01_get_tickets","","","","test_get_tickets_success[filter0-sort0-search2-pagination1-admin]","Позитивный тест: получение списка тикетов с разными комбинациями параметров"
"passed","Sun Dec 07 01:25:08 UTC 2025","Sun Dec 07 01:25:09 UTC 2025","673","tests.orders","test_calculate_client_changes","","","","test_calculate_client_changes_invalid_payload[payload1-expected_codes1]","Негативный тест: валидация тела запроса."
"skipped","Sun Dec 07 01:12:25 UTC 2025","Sun Dec 07 01:12:25 UTC 2025","0","tests.chat_support","test_03_support_chat_ticket_post","","","","test_create_ticket_success_and_chat_bot_notice[partner]","Позитивный: создаём тикет и проверяем системное сообщение"
"passed","Sun Dec 07 01:04:01 UTC 2025","Sun Dec 07 01:04:02 UTC 2025","461","tests.cart","test_21_cart_shareable","","","","test_cart_shareable_unauthorized_after_logout[partner]","
    Негатив: ссылка создана авторизованным пользователем, затем пользователь разлогинен
    и пытается открыть корзину по этой ссылке — запрос считается неавторизованным.
    "
"passed","Sun Dec 07 01:08:24 UTC 2025","Sun Dec 07 01:08:25 UTC 2025","408","tests.catalog","test_get_item_by_id","","","","test_get_item_unauthorized","
    Негативный тест: запрос без авторизации. в данном слчае 200
    "
"passed","Sun Dec 07 00:22:48 UTC 2025","Sun Dec 07 00:22:49 UTC 2025","763","tests.PROJECT_FUND.initiatives","test_get_report_by_id","","","","test_get_report_by_invalid_id[-https://dev.ewahelps.com/api]","Негативный тест: невалидный или несуществующий path-параметр"
"skipped","Sun Dec 07 01:12:25 UTC 2025","Sun Dec 07 01:12:25 UTC 2025","0","tests.chat_support","test_02_support_chat_messages_get","","","","test_get_messages_success_with_pagination[0-10-partner]","Позитивный: получение с пагинацией"
"skipped","Sun Dec 07 01:28:22 UTC 2025","Sun Dec 07 01:28:22 UTC 2025","0","tests.stock","test_create_stock","","","","test_create_stock_with_empty_string_log_if_not_200[address.name]",""
"skipped","Sun Dec 07 00:23:16 UTC 2025","Sun Dec 07 00:23:16 UTC 2025","0","tests.account","test_0_marathon","","","","test_get_marathon_is_purchased[partner-200]","Позитивный кейс — проверяет приобретал ли аккаунт марафонский набор (все поля)"
"skipped","Sun Dec 07 01:28:22 UTC 2025","Sun Dec 07 01:28:22 UTC 2025","0","tests.stock","test_create_stock","","","","test_create_stock_with_empty_string_log_if_not_200[address.city_id]",""
"passed","Sun Dec 07 01:38:50 UTC 2025","Sun Dec 07 01:38:52 UTC 2025","1364","tests.tickets","test_12_delete_message","","","","test_delete_ticket_message_admin_other_client[client]","Негативный тест: админ пытается удалить сообщение клиента/партнёра"
"skipped","Sun Dec 07 00:28:29 UTC 2025","Sun Dec 07 00:28:29 UTC 2025","573","tests.admin_panel","test_accrue_auto_bonus","","","","test_accrue_auto_bonus_invalid_payload[payload2-400]",""
"passed","Sun Dec 07 00:57:07 UTC 2025","Sun Dec 07 00:57:08 UTC 2025","403","tests.cart","test_10_cart_save_city","","","","test_save_city_unauthorized","Негатив: вызов без авторизации/корзины."
"passed","Sun Dec 07 01:12:51 UTC 2025","Sun Dec 07 01:12:53 UTC 2025","2569","tests.delivery","test_01_save_delivery_address","","","","test_save_delivery_address_positive[client-payload5]","Позитивные тесты на сохранение адреса доставки"
"passed","Sun Dec 07 00:43:14 UTC 2025","Sun Dec 07 00:43:15 UTC 2025","986","tests.admin_panel.promo","test_76_get_promotion_items","","","","test_get_promotion_item_forbidden[partner]","Негативный тест: получение элемента акции не-админом запрещено."
"passed","Sun Dec 07 00:51:54 UTC 2025","Sun Dec 07 00:51:54 UTC 2025","406","tests.admin_panel.slides","test_62_slides_get_upload_urls","","","","test_get_upload_urls_unauthorized","Негативный тест: попытка получить ссылки без авторизации."
"passed","Sun Dec 07 00:56:16 UTC 2025","Sun Dec 07 00:56:18 UTC 2025","2525","tests.cart","test_08_cart_delete","","","","test_delete_cart_item_success[client]","Позитив: удаление позиции из корзины."
"passed","Sun Dec 07 00:43:49 UTC 2025","Sun Dec 07 00:43:50 UTC 2025","857","tests.admin_panel.promo","test_77_create_promotion_item","","","","test_create_promotion_item_invalid_payload[payload5-422]",""
"passed","Sun Dec 07 00:42:13 UTC 2025","Sun Dec 07 00:42:14 UTC 2025","549","tests.admin_panel.promo","test_74_update_promotion","","","","test_update_promotion_invalid_id[9999999]","Негативный тест: несуществующий или некорректный ID."
"skipped","Sun Dec 07 01:29:13 UTC 2025","Sun Dec 07 01:29:13 UTC 2025","0","tests.temporary","test_create_structure","","","","test_create_structure[case_name0-active_count0-active_lo0-passive_count0-passive_lo0]","
    Тест создания структуры
    "
"passed","Sun Dec 07 00:29:35 UTC 2025","Sun Dec 07 00:29:36 UTC 2025","1280","tests.admin_panel.categories","test_47_get_categories_by_id","","","","test_get_categories_by_id_forbidden[partner]","Негативный тест: получение категории по ID не-админом."
"passed","Sun Dec 07 00:30:24 UTC 2025","Sun Dec 07 00:30:24 UTC 2025","604","tests.admin_panel.categories","test_56_v2_create_category","","","","test_v2_create_category_invalid_payload[payload4-422]","Негативный тест: создание категории с невалидным телом запроса."
"skipped","Sun Dec 07 01:29:00 UTC 2025","Sun Dec 07 01:29:00 UTC 2025","142","tests.stock","test_get_stocks","","","","test_get_stocks_invalid_country_id[-1-admin]","Проверка получения складов по невалидному country_id"
"skipped","Sun Dec 07 01:36:55 UTC 2025","Sun Dec 07 01:36:55 UTC 2025","0","tests.tickets","test_04_create_ticket","","","","test_create_ticket_invalid_message[partner-None]","Негативный тест: создание тикета без сообщения"
"passed","Sun Dec 07 01:35:04 UTC 2025","Sun Dec 07 01:35:05 UTC 2025","1292","tests.tickets","test_04_create_ticket","","","","test_create_ticket_success[admin-attachments1-QuestionsAboutInternationalDelivery]","Позитивный тест: создание тикета с разными темами и вложениями для клиента, партнера и админа"
"skipped","Sun Dec 07 01:29:16 UTC 2025","Sun Dec 07 01:29:16 UTC 2025","0","tests.tickets","test_01_get_tickets","","","","test_get_tickets_success[filter0-sort0-search0-pagination1-client]","Позитивный тест: получение списка тикетов с разными комбинациями параметров"
"passed","Sun Dec 07 00:52:57 UTC 2025","Sun Dec 07 00:52:58 UTC 2025","408","tests.auth","test_04_refresh","","","","test_refresh_token_without_token","Тест обновления токена без передачи refresh-токена."
"skipped","Sun Dec 07 01:28:22 UTC 2025","Sun Dec 07 01:28:22 UTC 2025","0","tests.stock","test_create_stock","","","","test_create_stock_with_empty_string_log_if_not_200[name]",""
"skipped","Sun Dec 07 01:05:29 UTC 2025","Sun Dec 07 01:05:29 UTC 2025","0","tests.catalog","test_create_admin_product","","","","test_create_product_duplicate_slug[mn]",""
"skipped","Sun Dec 07 00:25:11 UTC 2025","Sun Dec 07 00:25:11 UTC 2025","0","tests.account","test_family_agreement_create_three","","","","test_create_family_agreement_three_positive[client-payload1]","Позитивные тесты на создание семейного соглашения при аннулировании второго партнера"
"failed","Sun Dec 07 00:29:08 UTC 2025","Sun Dec 07 00:29:09 UTC 2025","635","tests.admin_panel","test_partner_accrual_details_main_bonus","","","","test_main_bonus_details_invalid_query_params[query6-expected_codes6]","
    Негатив: валидация query-параметров main-bonus
    "
"passed","Sun Dec 07 00:35:03 UTC 2025","Sun Dec 07 00:35:04 UTC 2025","621","tests.admin_panel.items","test_get_item_translation","","","","test_get_item_translation_not_found",""
"passed","Sun Dec 07 00:51:37 UTC 2025","Sun Dec 07 00:51:38 UTC 2025","1305","tests.admin_panel.slides","test_61_upload_slides_images","","","","test_upload_only_single_slide_image_field[desktop_image-test_jpg.jpg-image/jpeg-desktop_image]","Проверка: загрузка только одного изображения не должна заполнять другие поля."
"passed","Sun Dec 07 01:21:47 UTC 2025","Sun Dec 07 01:21:48 UTC 2025","129","tests.delivery","test_self_pickup_offices","","","","test_self_pickup_offices_invalid_params[partner-params3]","
    Негатив: невалидные параметры -> 400 с телом ошибки.
    "
"passed","Sun Dec 07 00:37:57 UTC 2025","Sun Dec 07 00:37:57 UTC 2025","678","tests.admin_panel.products","test_39_get_product_brands","","","","test_get_product_brands_success","Позитивный тест: успешное получение списка брендов админом."
"passed","Sun Dec 07 00:44:43 UTC 2025","Sun Dec 07 00:44:44 UTC 2025","560","tests.admin_panel.sliders","test_52_create_slider","","","","test_create_slider_invalid_payload[payload0-expected_code0]","Негативный тест: попытка создать слайдер с невалидным payload."
"passed","Sun Dec 07 01:34:29 UTC 2025","Sun Dec 07 01:34:30 UTC 2025","532","tests.tickets","test_04_create_ticket","","","","test_create_ticket_success[admin-attachments0-QuestionsAboutProducts]","Позитивный тест: создание тикета с разными темами и вложениями для клиента, партнера и админа"
"passed","Sun Dec 07 00:26:54 UTC 2025","Sun Dec 07 00:26:54 UTC 2025","554","tests.admin_panel","test_03_support_delete_user","","","","test_client_cannot_delete_support",""
"skipped","Sun Dec 07 01:38:25 UTC 2025","Sun Dec 07 01:38:25 UTC 2025","0","tests.tickets","test_11_update_message","","","","test_update_message_role_permissions[authorize_admin-200]","Проверка прав на редактирование сообщения в тикете"
"passed","Sun Dec 07 00:55:21 UTC 2025","Sun Dec 07 00:55:21 UTC 2025","129","tests.cart","test_02_get_delivery_cost","","","","test_get_delivery_cost_invalid_payload[partner-payload6]","Негатив: некорректные входные данные."
"skipped","Sun Dec 07 01:22:08 UTC 2025","Sun Dec 07 01:22:08 UTC 2025","738","tests.fund","test_get_top_donors","","","","test_get_top_donors_invalid_params[invalid_param0-https://dev.ewahelps.com/api]","Негатив: неверные параметры должны дать 400 (при рабочем маршруте)."
"passed","Sun Dec 07 00:31:23 UTC 2025","Sun Dec 07 00:31:24 UTC 2025","605","tests.admin_panel.categories","test_79_get_category_translation","","","","test_get_category_translation_invalid_id[abc]",""
"skipped","Sun Dec 07 00:24:02 UTC 2025","Sun Dec 07 00:24:02 UTC 2025","0","tests.account","test_account_branded_wallet_get","","","","test_get_period_bad_types_400_or_422[period2-partner]","
    Негатив: некорректные типы month/year → 400/422
    "
"passed","Sun Dec 07 01:00:52 UTC 2025","Sun Dec 07 01:00:57 UTC 2025","4794","tests.cart","test_12_cart_estimate_delivery","","","","test_estimate_delivery_success[client-boxberry_pickup-payload14]","
    Позитив: корзина с товаром, выбор способа доставки и расчёт стоимости для разных служб
    "
"passed","Sun Dec 07 01:29:31 UTC 2025","Sun Dec 07 01:29:31 UTC 2025","134","tests.tickets","test_01_get_tickets","","","","test_get_tickets_invalid_search[invalid_search1-400-partner]","Негативный тест: передаем некорректные параметры поиска"
"passed","Sun Dec 07 00:32:37 UTC 2025","Sun Dec 07 00:32:38 UTC 2025","573","tests.admin_panel.categories","test_81_delete_category_translation","","","","test_delete_category_translation_invalid_id[9999999]","Негативный тест: удаление перевода с невалидным ID категории."
"skipped","Sun Dec 07 01:36:58 UTC 2025","Sun Dec 07 01:36:58 UTC 2025","0","tests.tickets","test_04_create_ticket","","","","test_create_ticket_invalid_attachment[partner]","Негативный тест: попытка загрузки вложения с некорректными данными"
"passed","Sun Dec 07 00:40:16 UTC 2025","Sun Dec 07 00:40:17 UTC 2025","1012","tests.admin_panel.products","test_44_upload_product_brand_images","","","","test_upload_product_brand_images_formats[invalid.docx-application/vnd.openxmlformats-officedocument.wordprocessingml.document-400]","Проверка загрузки изображений бренда в разных форматах: негативные и позитивные кейсы."
"passed","Sun Dec 07 00:32:01 UTC 2025","Sun Dec 07 00:32:02 UTC 2025","1027","tests.admin_panel.categories","test_80_create_category_translation","","","","test_create_category_translation_forbidden[client]","Негативный тест: создание перевода не-админом запрещено."
"passed","Sun Dec 07 01:16:34 UTC 2025","Sun Dec 07 01:16:34 UTC 2025","128","tests.delivery","test_get_boxberry_offices","","","","test_get_boxberry_offices_invalid_city_id_should_fail[bad_city_id7-admin]",""
"passed","Sun Dec 07 01:06:41 UTC 2025","Sun Dec 07 01:06:45 UTC 2025","3753","tests.catalog","test_create_admin_product_translation","","","","test_create_admin_product_translation_forbidden[partner]","Проверка запрета на создание перевода продукта не-админом."
"passed","Sun Dec 07 01:16:58 UTC 2025","Sun Dec 07 01:16:58 UTC 2025","130","tests.delivery","test_get_cdek_offices","","","","test_get_cdek_offices_invalid_city_id_should_fail[-admin]",""
"passed","Sun Dec 07 00:24:28 UTC 2025","Sun Dec 07 00:24:28 UTC 2025","129","tests.account","test_account_branded_wallet_upload","","","","test_upload_invalid_base64_returns_400[client]","Негатив: невалидная base64 → 400"
"skipped","Sun Dec 07 01:37:31 UTC 2025","Sun Dec 07 01:37:32 UTC 2025","1130","tests.tickets","test_06_close_ticket","","","","test_close_tickets_negative[admin-ticket_ids1-400]","Негативные тесты: закрытие с некорректными данными"
"passed","Sun Dec 07 01:33:12 UTC 2025","Sun Dec 07 01:33:13 UTC 2025","1244","tests.tickets","test_04_create_ticket","","","","test_create_ticket_success[partner-attachments1-QuestionsAboutTheMarriageContract]","Позитивный тест: создание тикета с разными темами и вложениями для клиента, партнера и админа"
"skipped","Sun Dec 07 00:23:16 UTC 2025","Sun Dec 07 00:23:16 UTC 2025","0","tests.account","test_0_marathon","","","","test_get_marathon_is_purchased_negative[client-400]","Негативный кейс — проверяет приобретал ли аккаунт марафонский набор (все поля)"
"passed","Sun Dec 07 01:29:51 UTC 2025","Sun Dec 07 01:29:51 UTC 2025","683","tests.tickets","test_02_get_ticket_by_id","","","","test_get_ticket_success[client]","Позитивный тест: успешное получение тикета по ID для клиента, партнера и администратора."
"passed","Sun Dec 07 01:21:04 UTC 2025","Sun Dec 07 01:21:04 UTC 2025","136","tests.delivery","test_get_self_pickup_offices","","","","test_get_self_pickup_offices_invalid_city_id_should_fail[1.5-admin]","Негатив: невалидные значения city_id → 400/422."
"passed","Sun Dec 07 00:52:15 UTC 2025","Sun Dec 07 00:52:15 UTC 2025","416","tests.auth","test_01_check_version","","","","test_check_version[Ios-2.0.1-200]","Тест проверяет API /check_version для разных платформ и версий."
"passed","Sun Dec 07 00:31:25 UTC 2025","Sun Dec 07 00:31:26 UTC 2025","547","tests.admin_panel.categories","test_79_get_category_translation","","","","test_get_category_translation_invalid_id[-1]",""
"skipped","Sun Dec 07 00:36:59 UTC 2025","Sun Dec 07 00:36:59 UTC 2025","0","tests.admin_panel.products","test_01_create_product_group","","","","test_create_product_group_success_2","Позитивный тест: успешное создание продукт группы (только обязательное поле)."
"skipped","Sun Dec 07 01:28:23 UTC 2025","Sun Dec 07 01:28:23 UTC 2025","0","tests.stock","test_create_stock","","","","test_create_stock_with_empty_string_log_if_not_200[address.intercom]",""
"skipped","Sun Dec 07 00:56:24 UTC 2025","Sun Dec 07 00:56:24 UTC 2025","371","tests.cart","test_08_cart_delete","","","","test_delete_cart_item_invalid_payload[client-payload0]","Негатив: невалидный payload при удалении позиции."
"skipped","Sun Dec 07 00:56:44 UTC 2025","Sun Dec 07 00:56:44 UTC 2025","130","tests.cart","test_09_cart_save_region","","","","test_save_region_invalid_payload[partner-payload1]","Негатив: невалидный payload."
"passed","Sun Dec 07 01:24:43 UTC 2025","Sun Dec 07 01:24:43 UTC 2025","406","tests.one_c","test_create_1c_stock","","","","test_post_boxes_zero_and_large_values",""
"skipped","Sun Dec 07 01:29:16 UTC 2025","Sun Dec 07 01:29:16 UTC 2025","0","tests.tickets","test_01_get_tickets","","","","test_get_tickets_success[filter1-sort1-search0-pagination1-client]","Позитивный тест: получение списка тикетов с разными комбинациями параметров"
"passed","Sun Dec 07 00:44:51 UTC 2025","Sun Dec 07 00:44:51 UTC 2025","563","tests.admin_panel.sliders","test_52_create_slider","","","","test_create_slider_invalid_payload[payload5-400]","Негативный тест: попытка создать слайдер с невалидным payload."
"passed","Sun Dec 07 00:43:54 UTC 2025","Sun Dec 07 00:43:55 UTC 2025","586","tests.admin_panel.promo","test_77_create_promotion_item","","","","test_create_promotion_item_invalid_ids[None-None-404]",""
"passed","Sun Dec 07 00:52:32 UTC 2025","Sun Dec 07 00:52:32 UTC 2025","132","tests.auth","test_02_login","","","","test_admin_login[admin---400]",""
"passed","Sun Dec 07 00:22:36 UTC 2025","Sun Dec 07 00:22:37 UTC 2025","612","tests.PROJECT_FUND.initiatives","test_get_initiative_by_id","","","","test_get_initiative_by_invalid_id[999999-https://dev.ewahelps.com/api]",""
"failed","Sun Dec 07 00:29:00 UTC 2025","Sun Dec 07 00:29:01 UTC 2025","546","tests.admin_panel","test_partner_accrual_details_main_bonus","","","","test_main_bonus_details_invalid_query_params[query1-expected_codes1]","
    Негатив: валидация query-параметров main-bonus
    "
"passed","Sun Dec 07 00:39:24 UTC 2025","Sun Dec 07 00:39:25 UTC 2025","836","tests.admin_panel.products","test_42_update_product_brand","","","","test_update_product_brand_invalid_payload[payload3-expected_code3]","Негативный тест: обновление бренда с невалидным или неполным телом запроса."
"passed","Sun Dec 07 00:21:30 UTC 2025","Sun Dec 07 00:21:31 UTC 2025","563","tests.PROJECT_EDUCATION.test_system","test_03_user_answers","","","","test_user_answers_invalid_id[0]","Негативный тест: запуск теста с невалидным ID"
"skipped","Sun Dec 07 01:29:16 UTC 2025","Sun Dec 07 01:29:16 UTC 2025","0","tests.tickets","test_01_get_tickets","","","","test_get_tickets_success[filter0-sort1-search1-pagination0-client]","Позитивный тест: получение списка тикетов с разными комбинациями параметров"
"skipped","Sun Dec 07 00:29:17 UTC 2025","Sun Dec 07 00:29:18 UTC 2025","580","tests.admin_panel","test_report_accruals","","","","test_report_accruals_invalid_payload[payload1-400]",""
"passed","Sun Dec 07 01:00:17 UTC 2025","Sun Dec 07 01:00:21 UTC 2025","3958","tests.cart","test_12_cart_estimate_delivery","","","","test_estimate_delivery_success[client-yandex-payload8]","
    Позитив: корзина с товаром, выбор способа доставки и расчёт стоимости для разных служб
    "
"skipped","Sun Dec 07 00:53:57 UTC 2025","Sun Dec 07 00:53:57 UTC 2025","0","tests.cart","test_01_user_locale","","","","test_update_user_locale_valid_payload[payload2]","
    Позитивный тест: Обновление языка/склада/локали НЕавторизованным пользователем с указанной корзиной в cookie.
    "
"passed","Sun Dec 07 00:43:34 UTC 2025","Sun Dec 07 00:43:35 UTC 2025","419","tests.admin_panel.promo","test_77_create_promotion_item","","","","test_create_promotion_item_unauthorized","Негативный тест: создание элемента акции без авторизации."
"passed","Sun Dec 07 00:32:19 UTC 2025","Sun Dec 07 00:32:21 UTC 2025","2038","tests.admin_panel.categories","test_80_create_category_translation","","","","test_category_translation_update_duplicate_lang_code","Позитивный тест: обновление перевода при повторной отправке с тем же lang_code."
"skipped","Sun Dec 07 00:25:43 UTC 2025","Sun Dec 07 00:25:44 UTC 2025","510","tests.account","test_post_downgrade_user","","","","test_downgrade_is_idempotent[admin]","
    Идемпотентность: повторный /admin/downgrade_user остаётся в GradeClient.
    "
"passed","Sun Dec 07 01:31:05 UTC 2025","Sun Dec 07 01:31:07 UTC 2025","1219","tests.tickets","test_04_create_ticket","","","","test_create_ticket_success[client-attachments1-QuestionsAboutTheWorkOfTheStructureAndMentors]","Позитивный тест: создание тикета с разными темами и вложениями для клиента, партнера и админа"
"passed","Sun Dec 07 00:59:54 UTC 2025","Sun Dec 07 00:59:58 UTC 2025","3501","tests.cart","test_12_cart_estimate_delivery","","","","test_estimate_delivery_success[client-kgpost-payload4]","
    Позитив: корзина с товаром, выбор способа доставки и расчёт стоимости для разных служб
    "
"skipped","Sun Dec 07 00:25:54 UTC 2025","Sun Dec 07 00:25:54 UTC 2025","0","tests.account","test_token_revoke","","","","test_revoke_token_positive[partner-payload1]","Позитивные тесты на удаление токена"
"passed","Sun Dec 07 00:23:22 UTC 2025","Sun Dec 07 00:23:22 UTC 2025","136","tests.account","test_0_referral_links","","","","test_get_referral_links_positive[client-403]","Позитивные тесты на получение реферальных ссылок"
"skipped","Sun Dec 07 01:26:27 UTC 2025","Sun Dec 07 01:26:27 UTC 2025","142","tests.register","test_01_register_form","","","","test_register_form_negative[admin-payload2-400]",""
"skipped","Sun Dec 07 01:12:25 UTC 2025","Sun Dec 07 01:12:25 UTC 2025","0","tests.chat_support","test_03_support_chat_ticket_post","","","","test_ticket_ignores_bot_messages[partner]","
    Позитивный: при создании тикета ни одно бот-сообщение не должно получить ticket_id тикета.
    "
"skipped","Sun Dec 07 00:25:11 UTC 2025","Sun Dec 07 00:25:11 UTC 2025","0","tests.account","test_family_agreement_create_three","","","","test_create_family_agreement_three_positive[admin-payload1]","Позитивные тесты на создание семейного соглашения при аннулировании второго партнера"
"passed","Sun Dec 07 00:57:21 UTC 2025","Sun Dec 07 00:57:21 UTC 2025","479","tests.cart","test_11_cart_save_delivery_method","","","","test_save_delivery_method_success[client-Cargo]","
    Позитив: сохранение способа доставки для всех значений без корзины
    "
"passed","Sun Dec 07 00:56:52 UTC 2025","Sun Dec 07 00:56:52 UTC 2025","129","tests.cart","test_10_cart_save_city","","","","test_save_city_invalid_payload[client-payload0]","Негатив: невалидный payload."
"skipped","Sun Dec 07 01:03:34 UTC 2025","Sun Dec 07 01:03:34 UTC 2025","135","tests.cart","test_17_cart_update_user_country","","","","test_update_user_country_invalid_payload[client-payload0]","Негатив: невалидный payload."
"skipped","Sun Dec 07 01:29:16 UTC 2025","Sun Dec 07 01:29:16 UTC 2025","0","tests.tickets","test_01_get_tickets","","","","test_get_tickets_success[filter2-sort1-search1-pagination1-admin]","Позитивный тест: получение списка тикетов с разными комбинациями параметров"
"passed","Sun Dec 07 00:32:28 UTC 2025","Sun Dec 07 00:32:29 UTC 2025","1340","tests.admin_panel.categories","test_81_delete_category_translation","","","","test_delete_category_translation_forbidden[client]","Негативный тест: удаление перевода не-админом запрещено."
"passed","Sun Dec 07 01:36:15 UTC 2025","Sun Dec 07 01:36:16 UTC 2025","1126","tests.tickets","test_04_create_ticket","","","","test_create_ticket_success[admin-attachments2-ReceivingDefectiveProducts]","Позитивный тест: создание тикета с разными темами и вложениями для клиента, партнера и админа"
"skipped","Sun Dec 07 01:18:12 UTC 2025","Sun Dec 07 01:18:13 UTC 2025","135","tests.delivery","test_get_delivery_countries","","","","test_get_delivery_countries_invalid_from[-admin]","Негатив: невалидные значения параметра from → 400/422."
"skipped","Sun Dec 07 01:17:11 UTC 2025","Sun Dec 07 01:17:12 UTC 2025","707","tests.delivery","test_get_cdek_offices","","","","test_get_cdek_offices_unauthorized",""
"skipped","Sun Dec 07 01:12:25 UTC 2025","Sun Dec 07 01:12:25 UTC 2025","0","tests.chat_support","test_02_support_chat_messages_get","","","","test_get_messages_success_with_pagination[0-10-client]","Позитивный: получение с пагинацией"
"passed","Sun Dec 07 01:28:42 UTC 2025","Sun Dec 07 01:28:42 UTC 2025","136","tests.stock","test_get_stock_by_id","","","","test_get_stock_by_id[admin]","Запрос склада по ID"
"skipped","Sun Dec 07 00:28:32 UTC 2025","Sun Dec 07 00:28:32 UTC 2025","0","tests.admin_panel","test_accrue_gold_pro_gift","","","","test_accrue_gold_pro_gift_forbidden[client]",""
"passed","Sun Dec 07 01:05:18 UTC 2025","Sun Dec 07 01:05:19 UTC 2025","750","tests.catalog","test_create_admin_product","","","","test_create_product_invalid_payload[payload4-400]",""
"passed","Sun Dec 07 01:20:21 UTC 2025","Sun Dec 07 01:20:21 UTC 2025","136","tests.delivery","test_get_kazpost_offices","","","","test_get_kazpost_offices_success[211437-admin]","Позитив: успешное получение списка офисов Казпочты по city_id."
"passed","Sun Dec 07 01:29:26 UTC 2025","Sun Dec 07 01:29:26 UTC 2025","129","tests.tickets","test_01_get_tickets","","","","test_get_tickets_invalid_search[invalid_search0-400-client]","Негативный тест: передаем некорректные параметры поиска"
"skipped","Sun Dec 07 01:29:16 UTC 2025","Sun Dec 07 01:29:16 UTC 2025","0","tests.tickets","test_01_get_tickets","","","","test_get_tickets_success[filter0-sort0-search2-pagination1-partner]","Позитивный тест: получение списка тикетов с разными комбинациями параметров"
"passed","Sun Dec 07 00:25:05 UTC 2025","Sun Dec 07 00:25:06 UTC 2025","1068","tests.account","test_delete_cover_url","","","","test_delete_cover_full_payload[partner]",""
"passed","Sun Dec 07 00:43:19 UTC 2025","Sun Dec 07 00:43:19 UTC 2025","567","tests.admin_panel.promo","test_76_get_promotion_items","","","","test_get_promotion_item_invalid_id[0-0]","Негативный тест: получение элемента с невалидным ID."
"passed","Sun Dec 07 01:35:14 UTC 2025","Sun Dec 07 01:35:15 UTC 2025","1252","tests.tickets","test_04_create_ticket","","","","test_create_ticket_success[admin-attachments1-QuestionsAboutTheMarriageContract]","Позитивный тест: создание тикета с разными темами и вложениями для клиента, партнера и админа"
"skipped","Sun Dec 07 01:12:25 UTC 2025","Sun Dec 07 01:12:25 UTC 2025","0","tests.chat_support","test_01_support_chat_messages_post","","","","test_post_message_success[partner]",""
"skipped","Sun Dec 07 01:29:16 UTC 2025","Sun Dec 07 01:29:16 UTC 2025","0","tests.tickets","test_01_get_tickets","","","","test_get_tickets_success[filter2-sort1-search0-pagination0-admin]","Позитивный тест: получение списка тикетов с разными комбинациями параметров"
"passed","Sun Dec 07 00:22:44 UTC 2025","Sun Dec 07 00:22:44 UTC 2025","400","tests.PROJECT_FUND.initiatives","test_get_report_by_id","","","","test_get_report_by_invalid_id[1.5-https://dev.ewahelps.com/api]","Негативный тест: невалидный или несуществующий path-параметр"
"passed","Sun Dec 07 01:25:35 UTC 2025","Sun Dec 07 01:25:37 UTC 2025","2501","tests.orders","test_create_order_by_delivery_address","","","","test_create_order_permissions[authorize_partner-authorize_client-404]","Тест: проверка прав доступа при создании заказа по сохраненному адресу"
"passed","Sun Dec 07 00:55:08 UTC 2025","Sun Dec 07 00:55:08 UTC 2025","133","tests.cart","test_02_get_delivery_cost","","","","test_get_delivery_cost_invalid_payload[client-payload5]","Негатив: некорректные входные данные."
"passed","Sun Dec 07 00:54:53 UTC 2025","Sun Dec 07 00:54:53 UTC 2025","160","tests.cart","test_02_get_delivery_cost","","","","test_get_delivery_cost_success_partial_payload[partner-payload4-400]","
    Позитив/граничные: сочетания полей региона/города
    "
"passed","Sun Dec 07 01:01:47 UTC 2025","Sun Dec 07 01:01:52 UTC 2025","4886","tests.cart","test_12_cart_estimate_delivery","","","","test_estimate_delivery_success[partner-yandex-payload8]","
    Позитив: корзина с товаром, выбор способа доставки и расчёт стоимости для разных служб
    "
"passed","Sun Dec 07 01:16:41 UTC 2025","Sun Dec 07 01:16:41 UTC 2025","130","tests.delivery","test_get_cargo_offices","","","","test_get_cargo_offices_success[521-partner]",""
"passed","Sun Dec 07 01:35:38 UTC 2025","Sun Dec 07 01:35:39 UTC 2025","1122","tests.tickets","test_04_create_ticket","","","","test_create_ticket_success[admin-attachments2-QuestionsAboutPaymentsToIP]","Позитивный тест: создание тикета с разными темами и вложениями для клиента, партнера и админа"
"passed","Sun Dec 07 01:16:05 UTC 2025","Sun Dec 07 01:16:05 UTC 2025","134","tests.delivery","test_03_delete_delivery_address","","","","test_delete_delivery_address_invalid_id[abc-client]","Негатив: удаление адреса с некорректным ID"
"passed","Sun Dec 07 00:52:46 UTC 2025","Sun Dec 07 00:52:46 UTC 2025","141","tests.auth","test_03_token_auth","","","","test_auth_by_valid_token[partner]","Тест успешной авторизации по валидному токену"
"skipped","Sun Dec 07 00:28:32 UTC 2025","Sun Dec 07 00:28:32 UTC 2025","0","tests.admin_panel","test_accrue_gold_pro_gift","","","","test_accrue_gold_pro_gift_for_partner",""
"passed","Sun Dec 07 00:32:34 UTC 2025","Sun Dec 07 00:32:35 UTC 2025","552","tests.admin_panel.categories","test_81_delete_category_translation","","","","test_delete_category_translation_invalid_id[-1]","Негативный тест: удаление перевода с невалидным ID категории."
"skipped","Sun Dec 07 00:24:02 UTC 2025","Sun Dec 07 00:24:02 UTC 2025","0","tests.account","test_account_branded_wallet_get","","","","test_get_past_year_should_be_404[client]","
    прошлый период. днных нет - 404
    "
"passed","Sun Dec 07 01:16:21 UTC 2025","Sun Dec 07 01:16:22 UTC 2025","133","tests.delivery","test_get_boxberry_offices","","","","test_get_boxberry_offices_missing_city_id_should_fail[admin]",""
"passed","Sun Dec 07 00:44:40 UTC 2025","Sun Dec 07 00:44:41 UTC 2025","129","tests.admin_panel.sliders","test_52_create_slider","","","","test_create_slider_forbidden[partner]","Негативный тест: создание слайдера не-админом запрещено."
"skipped","Sun Dec 07 00:25:50 UTC 2025","Sun Dec 07 00:25:50 UTC 2025","137","tests.account","test_post_downgrade_user","","","","test_downgrade_validation_errors[bad_payload3-admin]","
    Валидация: битый payload → 400/422.
    "
"skipped","Sun Dec 07 00:25:11 UTC 2025","Sun Dec 07 00:25:11 UTC 2025","0","tests.account","test_funds_transfer_send","","","","test_send_funds_transfer_positive[admin-payload0]","Позитивные тесты на перевод/вывод средств по visibleId"
"passed","Sun Dec 07 00:45:42 UTC 2025","Sun Dec 07 00:45:42 UTC 2025","579","tests.admin_panel.sliders","test_54_update_slider","","","","test_update_slider_invalid_id[0]","Негативный тест: несуществующий или некорректный ID."
"passed","Sun Dec 07 00:55:54 UTC 2025","Sun Dec 07 00:55:54 UTC 2025","404","tests.cart","test_06_cart_update","","","","test_update_cart_item_unauthorized","Негатив: изменение корзины без авторизации/корзины."
"passed","Sun Dec 07 00:43:56 UTC 2025","Sun Dec 07 00:43:56 UTC 2025","562","tests.admin_panel.promo","test_77_create_promotion_item","","","","test_create_promotion_item_invalid_ids[1-None-404]",""
"passed","Sun Dec 07 00:41:17 UTC 2025","Sun Dec 07 00:41:17 UTC 2025","575","tests.admin_panel.promo","test_72_create_promotion","","","","test_create_promotion_invalid_data[payload5-400]","Негативные тесты: невалидные данные"
"passed","Sun Dec 07 01:22:22 UTC 2025","Sun Dec 07 01:22:30 UTC 2025","7335","tests.integration","test_order_courier_ru","","","","test_order_courier_ru[CDEK]",""
"passed","Sun Dec 07 00:43:02 UTC 2025","Sun Dec 07 00:43:03 UTC 2025","602","tests.admin_panel.promo","test_75_delete_promotion_by_id","","","","test_delete_promotion_invalid_id[0]","Негативный тест: удаление несуществующей или некорректной акции."
"passed","Sun Dec 07 00:27:24 UTC 2025","Sun Dec 07 00:27:24 UTC 2025","559","tests.admin_panel","test_04_generate_support_token","","","","test_partner_cannot_generate_support_token",""
"passed","Sun Dec 07 00:54:56 UTC 2025","Sun Dec 07 00:54:56 UTC 2025","157","tests.cart","test_02_get_delivery_cost","","","","test_get_delivery_cost_success_partial_payload[partner-payload6-400]","
    Позитив/граничные: сочетания полей региона/города
    "
"passed","Sun Dec 07 00:40:06 UTC 2025","Sun Dec 07 00:40:06 UTC 2025","555","tests.admin_panel.products","test_44_upload_product_brand_images","","","","test_upload_product_brand_images_invalid_id","Негативный тест: несуществующий ID бренда."
"skipped","Sun Dec 07 00:22:57 UTC 2025","Sun Dec 07 00:22:58 UTC 2025","406","tests.PROJECT_FUND.initiatives","test_get_reports","","","","test_get_reports_invalid_query_params[query1-https://dev.ewahelps.com/api]","Негативный тест: запрос с некорректными query-параметрами"
"passed","Sun Dec 07 01:34:19 UTC 2025","Sun Dec 07 01:34:19 UTC 2025","525","tests.tickets","test_04_create_ticket","","","","test_create_ticket_success[admin-attachments0-QuestionsAboutPaymentsToIP]","Позитивный тест: создание тикета с разными темами и вложениями для клиента, партнера и админа"
"passed","Sun Dec 07 00:57:01 UTC 2025","Sun Dec 07 00:57:01 UTC 2025","129","tests.cart","test_10_cart_save_city","","","","test_save_city_invalid_payload[partner-payload1]","Негатив: невалидный payload."
"skipped","Sun Dec 07 01:29:16 UTC 2025","Sun Dec 07 01:29:16 UTC 2025","0","tests.tickets","test_01_get_tickets","","","","test_get_tickets_success[filter0-sort0-search0-pagination1-partner]","Позитивный тест: получение списка тикетов с разными комбинациями параметров"
"passed","Sun Dec 07 00:23:10 UTC 2025","Sun Dec 07 00:23:10 UTC 2025","130","tests.account","test_0_funds_transfer_withdrawal_info","","","","test_get_withdrawal_info_positive[admin-403]","Позитивные тесты на получение информации о выводе средств"
"passed","Sun Dec 07 01:21:54 UTC 2025","Sun Dec 07 01:21:54 UTC 2025","137","tests.delivery","test_self_pickup_offices","","","","test_self_pickup_offices_invalid_params[admin-params3]","
    Негатив: невалидные параметры -> 400 с телом ошибки.
    "
"passed","Sun Dec 07 01:08:14 UTC 2025","Sun Dec 07 01:08:14 UTC 2025","137","tests.catalog","test_get_currencies","","","","test_get_currencies_success[client]","
    Позитивный тест: успешное получение списка валют
    "
"passed","Sun Dec 07 00:48:32 UTC 2025","Sun Dec 07 00:48:33 UTC 2025","581","tests.admin_panel.slides","test_58_get_slides_by_id","","","","test_get_slides_invalid_id[]","Негативный тест: невалидный ID в path-параметре."
"passed","Sun Dec 07 01:09:17 UTC 2025","Sun Dec 07 01:09:17 UTC 2025","562","tests.catalog","test_product_get_by_id","","","","test_get_product_by_id_invalid_string[ ]","
    Негативный: ID строкового типа
    "
"skipped","Sun Dec 07 00:36:59 UTC 2025","Sun Dec 07 00:36:59 UTC 2025","0","tests.admin_panel.products","test_01_delete_product_group","","","","test_delete_product_group_invalid_id[-1]","Негативный тест: удаление несуществующей или некорректной продукт группы."
"passed","Sun Dec 07 00:54:14 UTC 2025","Sun Dec 07 00:54:14 UTC 2025","130","tests.cart","test_01_user_locale","","","","test_update_user_locale_invalid_payload[partner-payload3-400]","Негативный тест: обновление локали с невалидным payload."
"passed","Sun Dec 07 00:41:25 UTC 2025","Sun Dec 07 00:41:25 UTC 2025","573","tests.admin_panel.promo","test_72_create_promotion","","","","test_create_promotion_invalid_data[payload10-422]","Негативные тесты: невалидные данные"
"passed","Sun Dec 07 00:37:06 UTC 2025","Sun Dec 07 00:37:08 UTC 2025","2170","tests.admin_panel.products","test_01_recommended_products_sort","","","","test_sort_recommendations_no_rights[client]","Пользователь без прав пытается отсортировать рекомендации"
"passed","Sun Dec 07 01:30:55 UTC 2025","Sun Dec 07 01:30:57 UTC 2025","1210","tests.tickets","test_04_create_ticket","","","","test_create_ticket_success[client-attachments1-QuestionsAboutOrders]","Позитивный тест: создание тикета с разными темами и вложениями для клиента, партнера и админа"
"skipped","Sun Dec 07 01:12:25 UTC 2025","Sun Dec 07 01:12:25 UTC 2025","0","tests.chat_support","test_02_support_chat_messages_get","","","","test_get_messages_success_with_pagination[1-1-partner]","Позитивный: получение с пагинацией"
"passed","Sun Dec 07 01:18:38 UTC 2025","Sun Dec 07 01:18:38 UTC 2025","172","tests.delivery","test_get_dpd_offices","","","","test_get_dpd_offices_success[423-admin]",""
"skipped","Sun Dec 07 00:24:02 UTC 2025","Sun Dec 07 00:24:02 UTC 2025","0","tests.account","test_account_branded_wallet_get","","","","test_get_branded_wallet_unauthorized","
    Негатив: без авторизации → 401
    "
"skipped","Sun Dec 07 01:20:48 UTC 2025","Sun Dec 07 01:20:48 UTC 2025","131","tests.delivery","test_get_rupost_offices","","","","test_get_rupost_offices_invalid_city_id_should_fail[0-admin]",""
"passed","Sun Dec 07 00:39:21 UTC 2025","Sun Dec 07 00:39:22 UTC 2025","877","tests.admin_panel.products","test_42_update_product_brand","","","","test_update_product_brand_invalid_payload[payload2-expected_code2]","Негативный тест: обновление бренда с невалидным или неполным телом запроса."
"passed","Sun Dec 07 01:16:29 UTC 2025","Sun Dec 07 01:16:29 UTC 2025","134","tests.delivery","test_get_boxberry_offices","","","","test_get_boxberry_offices_invalid_city_id_should_fail[1.5-admin]",""
"passed","Sun Dec 07 00:29:40 UTC 2025","Sun Dec 07 00:29:41 UTC 2025","550","tests.admin_panel.categories","test_47_get_categories_by_id","","","","test_get_categories_invalid_id[0]","Негативный тест: получение категории по невалидному ID."
"passed","Sun Dec 07 01:18:25 UTC 2025","Sun Dec 07 01:18:25 UTC 2025","127","tests.delivery","test_get_delivery_regions","","","","test_get_delivery_regions_success[partner]","Позитив: успешное получение списка регионов."
"passed","Sun Dec 07 00:50:40 UTC 2025","Sun Dec 07 00:50:43 UTC 2025","3279","tests.admin_panel.slides","test_61_upload_slides_images","","","","test_upload_slide_images_file_too_large[4.7-fields_to_send0-204]","Негативный тест: загрузка слишком большого изображения."
"passed","Sun Dec 07 00:52:09 UTC 2025","Sun Dec 07 00:52:10 UTC 2025","130","tests.admin_panel.slides","test_62_slides_update_video_url","","","","test_update_video_url_forbidden[client]","Негативный тест: не-админ не может обновить ссылку на мастер-файл"
"skipped","Sun Dec 07 00:25:11 UTC 2025","Sun Dec 07 00:25:11 UTC 2025","0","tests.account","test_funds_transfer_list","","","","test_get_funds_transfer_list_positive[admin-payload0]","Позитивные тесты на получение истории переводов/выводов средств"
"failed","Sun Dec 07 01:24:59 UTC 2025","Sun Dec 07 01:24:59 UTC 2025","431","tests.one_c","test_get_1с_stock","","","","test_get_stock_bad_request[params4]",""
"passed","Sun Dec 07 00:55:55 UTC 2025","Sun Dec 07 00:55:58 UTC 2025","2216","tests.cart","test_07_cart_update_multi","","","","test_update_cart_items_multi_success[client]","Позитив: массовое изменение позиций /cart/update_multi."
"passed","Sun Dec 07 01:09:23 UTC 2025","Sun Dec 07 01:09:24 UTC 2025","126","tests.catalog","test_product_get_by_id","","","","test_get_product_by_id_missing_id[client]","
    Негативный: пропуск path-параметра (GET /products).
    "
"passed","Sun Dec 07 01:27:38 UTC 2025","Sun Dec 07 01:27:38 UTC 2025","138","tests.statistic","test_team_go","","","","test_get_team_go_statistic_positive[payload3-partner]","Позитивный тест: получение статистики по команде с валидным телом запроса"
"passed","Sun Dec 07 01:12:34 UTC 2025","Sun Dec 07 01:12:37 UTC 2025","2597","tests.delivery","test_01_save_delivery_address","","","","test_save_delivery_address_positive[client-payload1]","Позитивные тесты на сохранение адреса доставки"
"passed","Sun Dec 07 00:35:16 UTC 2025","Sun Dec 07 00:35:17 UTC 2025","1535","tests.admin_panel.items","test_update_item","","","","test_update_item_forbidden[client]","Негативный тест: попытка обновления item не-админом."
"skipped","Sun Dec 07 01:36:46 UTC 2025","Sun Dec 07 01:36:46 UTC 2025","0","tests.tickets","test_04_create_ticket","","","","test_create_ticket_invalid_title[client-None]","Негативный тест: создание тикета без заголовка"
"passed","Sun Dec 07 00:40:14 UTC 2025","Sun Dec 07 00:40:15 UTC 2025","1015","tests.admin_panel.products","test_44_upload_product_brand_images","","","","test_upload_product_brand_images_formats[invalid.pdf-application/pdf-400]","Проверка загрузки изображений бренда в разных форматах: негативные и позитивные кейсы."
"passed","Sun Dec 07 01:06:34 UTC 2025","Sun Dec 07 01:06:38 UTC 2025","3712","tests.catalog","test_create_admin_product_translation","","","","test_create_admin_product_translation_forbidden[client]","Проверка запрета на создание перевода продукта не-админом."
"skipped","Sun Dec 07 00:28:32 UTC 2025","Sun Dec 07 00:28:32 UTC 2025","0","tests.admin_panel","test_accrue_presidential_pool","","","","test_accrue_presidential_pool_invalid_payload[payload4-400]",""
"passed","Sun Dec 07 00:54:06 UTC 2025","Sun Dec 07 00:54:06 UTC 2025","146","tests.cart","test_01_user_locale","","","","test_update_user_locale_invalid_payload[client-payload5-400]","Негативный тест: обновление локали с невалидным payload."
"skipped","Sun Dec 07 00:23:16 UTC 2025","Sun Dec 07 00:23:16 UTC 2025","0","tests.account","test_0_marathon","","","","test_create_product_brand_invalid_payload[params3-400-admin]",""
"passed","Sun Dec 07 00:20:34 UTC 2025","Sun Dec 07 00:21:01 UTC 2025","27739","tests.PROJECT_EDUCATION.test_system","test_00_full_integration","","","","test_full_flow_test_system",""
"skipped","Sun Dec 07 01:05:29 UTC 2025","Sun Dec 07 01:05:29 UTC 2025","0","tests.catalog","test_create_admin_product","","","","test_create_product_duplicate_slug[kk]",""
"passed","Sun Dec 07 00:27:44 UTC 2025","Sun Dec 07 00:27:44 UTC 2025","565","tests.admin_panel","test_04_generate_support_token","","","","test_invalid_user_id_for_token_returns_client_error[]",""
"skipped","Sun Dec 07 00:30:10 UTC 2025","Sun Dec 07 00:30:10 UTC 2025","0","tests.admin_panel.categories","test_50_upload_category_images","","","","test_upload_category_images_invalid_format[invalid.docx-application/vnd.openxmlformats-officedocument.wordprocessingml.document-400]","Негативный тест: загрузка изображений в неверном формате (например, .txt)."
"skipped","Sun Dec 07 00:25:11 UTC 2025","Sun Dec 07 00:25:11 UTC 2025","0","tests.account","test_funds_transfer_send","","","","test_send_funds_transfer_positive[client-payload0]","Позитивные тесты на перевод/вывод средств по visibleId"
"skipped","Sun Dec 07 01:12:25 UTC 2025","Sun Dec 07 01:12:25 UTC 2025","0","tests.chat_support","test_02_support_chat_messages_get","","","","test_get_messages_invalid_pagination[page_size=-1-client]","Негативный: невалидные параметры пагинации"
"skipped","Sun Dec 07 00:28:26 UTC 2025","Sun Dec 07 00:28:26 UTC 2025","571","tests.admin_panel","test_accrue_auto_bonus","","","","test_accrue_auto_bonus_invalid_payload[payload0-400]",""
"passed","Sun Dec 07 00:57:23 UTC 2025","Sun Dec 07 00:57:23 UTC 2025","500","tests.cart","test_11_cart_save_delivery_method","","","","test_save_delivery_method_success[client-RuPost]","
    Позитив: сохранение способа доставки для всех значений без корзины
    "
"passed","Sun Dec 07 01:19:03 UTC 2025","Sun Dec 07 01:19:03 UTC 2025","129","tests.delivery","test_get_emu_pickup_points","","","","test_get_emu_pickup_points_invalid_city_id_should_fail[-admin]","Негатив: невалидные значения city_id → 400/422."
"skipped","Sun Dec 07 01:22:11 UTC 2025","Sun Dec 07 01:22:12 UTC 2025","666","tests.fund","test_get_top_donors","","","","test_get_top_donors_invalid_params[invalid_param2-https://dev.ewahelps.com/api]","Негатив: неверные параметры должны дать 400 (при рабочем маршруте)."
"passed","Sun Dec 07 01:20:20 UTC 2025","Sun Dec 07 01:20:20 UTC 2025","130","tests.delivery","test_get_kazpost_offices","","","","test_get_kazpost_offices_success[211437-partner]","Позитив: успешное получение списка офисов Казпочты по city_id."
"skipped","Sun Dec 07 01:20:14 UTC 2025","Sun Dec 07 01:20:14 UTC 2025","139","tests.delivery","test_get_haypost_offices","","","","test_get_haypost_offices_invalid_city_id_should_fail[0-admin]","Негатив: невалидные значения city_id → 400/422."
"passed","Sun Dec 07 01:30:26 UTC 2025","Sun Dec 07 01:30:27 UTC 2025","592","tests.tickets","test_04_create_ticket","","","","test_create_ticket_success[client-attachments0-QuestionsAboutTheWorkOfTheStructureAndMentors]","Позитивный тест: создание тикета с разными темами и вложениями для клиента, партнера и админа"
"skipped","Sun Dec 07 01:29:16 UTC 2025","Sun Dec 07 01:29:16 UTC 2025","0","tests.tickets","test_01_get_tickets","","","","test_get_tickets_success[filter1-sort0-search2-pagination1-client]","Позитивный тест: получение списка тикетов с разными комбинациями параметров"
"passed","Sun Dec 07 01:23:35 UTC 2025","Sun Dec 07 01:23:37 UTC 2025","1182","tests.one_c","test_create_1c_stock","","","","test_post_is_storage_false_pickup_point",""
"passed","Sun Dec 07 00:23:17 UTC 2025","Sun Dec 07 00:23:17 UTC 2025","133","tests.account","test_0_profile","","","","test_get_profile_positive[client]","Позитивные тесты на получение данных пользовательского аккаунта"
"passed","Sun Dec 07 00:47:59 UTC 2025","Sun Dec 07 00:48:00 UTC 2025","583","tests.admin_panel.slides","test_57_create_slide","","","","test_create_slide_title_color_validation[#FFFFF-400]","Валидация поля title_color при создании слайда."
"passed","Sun Dec 07 01:31:57 UTC 2025","Sun Dec 07 01:31:58 UTC 2025","1100","tests.tickets","test_04_create_ticket","","","","test_create_ticket_success[client-attachments2-QuestionsAboutTheRewardSystemMarketingPlan]","Позитивный тест: создание тикета с разными темами и вложениями для клиента, партнера и админа"
"skipped","Sun Dec 07 00:25:33 UTC 2025","Sun Dec 07 00:25:33 UTC 2025","0","tests.account","test_history_admin","","","","test_get_admin_history_positive[client-payload1]","Позитивные тесты на получение истории бонусов для админа"
"passed","Sun Dec 07 00:46:55 UTC 2025","Sun Dec 07 00:46:56 UTC 2025","403","tests.admin_panel.slides","test_0_slides_sort","","","","test_slides_sort_unauthorized","Негативный тест: без авторизации."
"passed","Sun Dec 07 01:28:37 UTC 2025","Sun Dec 07 01:28:37 UTC 2025","136","tests.stock","test_get_group_orders","","","","test_get_group_orders_country_id_not_found[admin]","Проверка получения складов по несуществующему country_id"
"passed","Sun Dec 07 01:23:17 UTC 2025","Sun Dec 07 01:23:18 UTC 2025","1204","tests.one_c","test_create_1c_stock","","","","test_post_create_minimal_required_fields",""
"passed","Sun Dec 07 01:10:19 UTC 2025","Sun Dec 07 01:10:23 UTC 2025","3964","tests.catalog","test_update_admin_product","","","","test_update_admin_product_type_not_allowed",""
"passed","Sun Dec 07 00:31:50 UTC 2025","Sun Dec 07 00:31:52 UTC 2025","1448","tests.admin_panel.categories","test_80_create_category_translation","","","","test_create_category_translation_success[ky]","Позитивный тест: создание/обновление перевода категории для разных языков."
"skipped","Sun Dec 07 00:25:33 UTC 2025","Sun Dec 07 00:25:33 UTC 2025","0","tests.account","test_pass_change","","","","test_change_password_positive[admin-payload0]","Позитивные тесты на изменение пароля"
"skipped","Sun Dec 07 01:09:02 UTC 2025","Sun Dec 07 01:09:02 UTC 2025","408","tests.catalog","test_get_recommended_products","","","","test_get_recommended_products_unauthorized","
    Негативный тест: запрос без авторизации
    "
"skipped","Sun Dec 07 00:25:33 UTC 2025","Sun Dec 07 00:25:33 UTC 2025","0","tests.account","test_get_languages","","","","test_get_languages_success[partner--400]","Возвращает список языков, доступных для перевода"
"passed","Sun Dec 07 01:02:55 UTC 2025","Sun Dec 07 01:02:55 UTC 2025","403","tests.cart","test_12_cart_estimate_delivery","","","","test_estimate_delivery_unauthorized","Негатив: вызов без авторизации/корзины"
"skipped","Sun Dec 07 01:09:48 UTC 2025","Sun Dec 07 01:09:49 UTC 2025","1198","tests.catalog","test_products_list","","","","test_get_products_list_invalid_country_id[-1]","
    Негативный: некорректный country_id в query
    "
"skipped","Sun Dec 07 00:52:55 UTC 2025","Sun Dec 07 00:52:55 UTC 2025","0","tests.auth","test_04_refresh","","","","test_refresh_token_success[admin]","Тест успешного обновления токена через refresh-токен."
"passed","Sun Dec 07 01:28:01 UTC 2025","Sun Dec 07 01:28:01 UTC 2025","142","tests.statistic","test_team_registrations","","","","test_get_team_registration_statistic_positive[payload2-partner]","Позитивный тест: получение статистики по регистрации команды с валидным телом запроса"
"passed","Sun Dec 07 01:27:00 UTC 2025","Sun Dec 07 01:27:00 UTC 2025","129","tests.statistic","test_team_activations","","","","test_get_team_activation_statistic_positive[payload1-partner]","Позитивный тест: получение статистики по активации команды с валидным телом запроса"
"passed","Sun Dec 07 01:21:15 UTC 2025","Sun Dec 07 01:21:15 UTC 2025","131","tests.delivery","test_mongpost_postcodes","","","","test_get_mongpost_postcodes_success[partner]","Позитивный тест: успешное получение списка почтовых индексов монгольской почты"
"passed","Sun Dec 07 01:21:18 UTC 2025","Sun Dec 07 01:21:18 UTC 2025","136","tests.delivery","test_mongpost_postcodes","","","","test_mongpost_postcodes_missing_city_id_should_fail[admin]","Негатив: отсутствует обязательный query-параметр city_id → 400/422."
"passed","Sun Dec 07 01:19:43 UTC 2025","Sun Dec 07 01:19:43 UTC 2025","129","tests.delivery","test_get_five_post_offices","","","","test_get_five_post_offices_missing_city_id_should_fail[admin]","Негатив: отсутствует обязательный query-параметр city_id → 400/422."
"skipped","Sun Dec 07 01:29:16 UTC 2025","Sun Dec 07 01:29:16 UTC 2025","0","tests.tickets","test_01_get_tickets","","","","test_get_tickets_success[filter1-sort0-search0-pagination0-partner]","Позитивный тест: получение списка тикетов с разными комбинациями параметров"
"passed","Sun Dec 07 00:46:16 UTC 2025","Sun Dec 07 00:46:17 UTC 2025","857","tests.admin_panel.sliders","test_54_update_slider","","","","test_update_slider_invalid_payload[payload11-422]","Негативный тест: обновление слайдера с невалидным или неполным телом запроса."
"passed","Sun Dec 07 00:44:54 UTC 2025","Sun Dec 07 00:44:55 UTC 2025","574","tests.admin_panel.sliders","test_52_create_slider","","","","test_create_slider_invalid_payload[payload7-422]","Негативный тест: попытка создать слайдер с невалидным payload."
"failed","Sun Dec 07 00:28:41 UTC 2025","Sun Dec 07 00:28:42 UTC 2025","575","tests.admin_panel","test_partner_accrual_details_common","","","","test_common_accrual_details_invalid_payload[payload1-expected_codes1]","
    Негатив: валидация тела запроса общей детализации.
    "
"passed","Sun Dec 07 01:33:26 UTC 2025","Sun Dec 07 01:33:27 UTC 2025","1235","tests.tickets","test_04_create_ticket","","","","test_create_ticket_success[partner-attachments1-ReceivingDefectiveProductsOrShortage]","Позитивный тест: создание тикета с разными темами и вложениями для клиента, партнера и админа"
"skipped","Sun Dec 07 01:28:23 UTC 2025","Sun Dec 07 01:28:23 UTC 2025","0","tests.stock","test_create_stock","","","","test_create_stock_with_empty_string_log_if_not_200[address.address_full]",""
"skipped","Sun Dec 07 01:26:16 UTC 2025","Sun Dec 07 01:26:16 UTC 2025","134","tests.register","test_01_register_form","","","","test_register_form_negative[client-payload1-400]",""
"failed","Sun Dec 07 00:28:49 UTC 2025","Sun Dec 07 00:28:50 UTC 2025","553","tests.admin_panel","test_partner_accrual_details_common","","","","test_common_accrual_details_invalid_payload[payload6-expected_codes6]","
    Негатив: валидация тела запроса общей детализации.
    "
"skipped","Sun Dec 07 01:29:16 UTC 2025","Sun Dec 07 01:29:16 UTC 2025","0","tests.tickets","test_01_get_tickets","","","","test_get_tickets_success[filter0-sort0-search1-pagination0-client]","Позитивный тест: получение списка тикетов с разными комбинациями параметров"
"passed","Sun Dec 07 00:45:21 UTC 2025","Sun Dec 07 00:45:21 UTC 2025","573","tests.admin_panel.sliders","test_53_get_sliders_by_id","","","","test_get_sliders_invalid_id[]","Негативный тест: получение слайдера по невалидному ID"
"passed","Sun Dec 07 00:49:39 UTC 2025","Sun Dec 07 00:49:40 UTC 2025","885","tests.admin_panel.slides","test_59_update_slide","","","","test_update_slide_invalid_payload[payload16-422]","Негативный тест: обновление слайда с невалидным или неполным телом запроса."
"skipped","Sun Dec 07 01:12:25 UTC 2025","Sun Dec 07 01:12:25 UTC 2025","0","tests.chat_support","test_02_support_chat_messages_get","","","","test_get_messages_unauthorized","Негативный: без авторизации"
"skipped","Sun Dec 07 01:03:36 UTC 2025","Sun Dec 07 01:03:36 UTC 2025","131","tests.cart","test_17_cart_update_user_country","","","","test_update_user_country_invalid_payload[partner-payload0]","Негатив: невалидный payload."
"passed","Sun Dec 07 00:42:05 UTC 2025","Sun Dec 07 00:42:06 UTC 2025","898","tests.admin_panel.promo","test_74_update_promotion","","","","test_update_promotion_forbidden[client]","Негативный тест: попытка обновления акции не-админом."
"passed","Sun Dec 07 01:25:01 UTC 2025","Sun Dec 07 01:25:01 UTC 2025","129","tests.orders","test_calculate_client_changes","","","","test_calculate_client_changes_forbidden_to_other_minion[client]","Негативный тест: клиент пытается запросить чужого minion_id → 403."
"passed","Sun Dec 07 01:36:40 UTC 2025","Sun Dec 07 01:36:41 UTC 2025","556","tests.tickets","test_04_create_ticket","","","","test_create_ticket_invalid_request_type[admin--200]","Негативный тест: попытка создания тикета с неверным типом request_type"
"skipped","Sun Dec 07 01:26:17 UTC 2025","Sun Dec 07 01:26:18 UTC 2025","143","tests.register","test_01_register_form","","","","test_register_form_negative[client-payload2-400]",""
"passed","Sun Dec 07 00:56:58 UTC 2025","Sun Dec 07 00:56:58 UTC 2025","136","tests.cart","test_10_cart_save_city","","","","test_save_city_invalid_payload[client-payload4]","Негатив: невалидный payload."
"passed","Sun Dec 07 01:11:35 UTC 2025","Sun Dec 07 01:11:38 UTC 2025","3806","tests.catalog","test_update_admin_product","","","","test_update_admin_product_invalid_payload[update_payload4-400]",""
"passed","Sun Dec 07 00:44:24 UTC 2025","Sun Dec 07 00:44:25 UTC 2025","575","tests.admin_panel.promo","test_78_delete_promotion_item","","","","test_delete_promotion_item_invalid_id[1.5-1.5]","Негативный тест: удаление элемента акции с невалидным ID продукта."
"passed","Sun Dec 07 01:13:26 UTC 2025","Sun Dec 07 01:13:27 UTC 2025","1871","tests.delivery","test_01_save_delivery_address","","","","test_save_delivery_address_negative[client-payload2-400]","Негативные тесты на сохранение адреса доставки"
"passed","Sun Dec 07 01:19:18 UTC 2025","Sun Dec 07 01:19:18 UTC 2025","131","tests.delivery","test_get_europost_offices","","","","test_get_europost_offices_success[1573-client]",""
"passed","Sun Dec 07 00:24:25 UTC 2025","Sun Dec 07 00:24:25 UTC 2025","129","tests.account","test_account_branded_wallet_upload","","","","test_upload_empty_string_returns_400[client]","Негатив: пустая строка → 400"
"skipped","Sun Dec 07 01:29:16 UTC 2025","Sun Dec 07 01:29:16 UTC 2025","0","tests.tickets","test_01_get_tickets","","","","test_get_tickets_success[filter0-sort1-search2-pagination0-admin]","Позитивный тест: получение списка тикетов с разными комбинациями параметров"
"passed","Sun Dec 07 00:27:53 UTC 2025","Sun Dec 07 00:27:55 UTC 2025","2233","tests.admin_panel","test_04_generate_support_token","","","","test_support_can_auth_with_old_and_new_tokens","
    - генерим support-токен №1
    - генерим support-токен №2
    - в tokens стало на 2 записи больше для (role=3, id=user_id)
    - оба токена проходят /auth/by_token.
    "
"skipped","Sun Dec 07 01:29:16 UTC 2025","Sun Dec 07 01:29:16 UTC 2025","0","tests.tickets","test_01_get_tickets","","","","test_get_tickets_success[filter1-sort0-search2-pagination0-client]","Позитивный тест: получение списка тикетов с разными комбинациями параметров"
"passed","Sun Dec 07 01:14:14 UTC 2025","Sun Dec 07 01:14:15 UTC 2025","1702","tests.delivery","test_01_save_delivery_address","","","","test_save_delivery_address_negative[partner-payload6-400]","Негативные тесты на сохранение адреса доставки"
"skipped","Sun Dec 07 01:29:16 UTC 2025","Sun Dec 07 01:29:16 UTC 2025","0","tests.tickets","test_01_get_tickets","","","","test_get_tickets_success[filter1-sort0-search0-pagination1-client]","Позитивный тест: получение списка тикетов с разными комбинациями параметров"
"skipped","Sun Dec 07 00:36:59 UTC 2025","Sun Dec 07 00:36:59 UTC 2025","0","tests.admin_panel.products","test_01_create_product_group","","","","test_create_product_group_invalid_payload[payload1-400]",""
"passed","Sun Dec 07 00:38:10 UTC 2025","Sun Dec 07 00:38:10 UTC 2025","129","tests.admin_panel.products","test_40_create_product_brand","","","","test_create_product_brand_forbidden[partner]","Негативный тест: создание бренда не-админом запрещено."
"passed","Sun Dec 07 01:08:18 UTC 2025","Sun Dec 07 01:08:18 UTC 2025","407","tests.catalog","test_get_currencies","","","","test_get_currencies_unauthorized","запрос без авторизации. 200"
"skipped","Sun Dec 07 01:20:04 UTC 2025","Sun Dec 07 01:20:05 UTC 2025","405","tests.delivery","test_get_georgian_post_pickup_points","","","","test_get_georgian_post_pickup_points_unauthorized","Негатив: запрос без авторизации."
"skipped","Sun Dec 07 01:29:16 UTC 2025","Sun Dec 07 01:29:16 UTC 2025","0","tests.tickets","test_01_get_tickets","","","","test_get_tickets_success[filter1-sort1-search0-pagination1-admin]","Позитивный тест: получение списка тикетов с разными комбинациями параметров"
"skipped","Sun Dec 07 00:24:02 UTC 2025","Sun Dec 07 00:24:02 UTC 2025","0","tests.account","test_account_branded_wallet_get","","","","test_get_future_month_same_year_should_be_400[client]","
    В будущем период - 400
    "
"skipped","Sun Dec 07 01:38:25 UTC 2025","Sun Dec 07 01:38:25 UTC 2025","0","tests.tickets","test_11_update_message","","","","test_update_message_role_permissions[authorize_client-200]","Проверка прав на редактирование сообщения в тикете"
"passed","Sun Dec 07 01:26:49 UTC 2025","Sun Dec 07 01:26:49 UTC 2025","138","tests.statistic","test_0_dashboard","","","","test_get_dashboard_statistic[client]","Позитивный тест: получение статистики для дашборда ""прирост или убыль в числовом виде"
"passed","Sun Dec 07 01:29:53 UTC 2025","Sun Dec 07 01:29:54 UTC 2025","718","tests.tickets","test_02_get_ticket_by_id","","","","test_get_ticket_success[partner]","Позитивный тест: успешное получение тикета по ID для клиента, партнера и администратора."
"passed","Sun Dec 07 00:42:20 UTC 2025","Sun Dec 07 00:42:21 UTC 2025","833","tests.admin_panel.promo","test_74_update_promotion","","","","test_update_promotion_invalid_payload[payload1-400]","Негативный тест: обновление акции с невалидным или неполным телом запроса."
"passed","Sun Dec 07 00:51:16 UTC 2025","Sun Dec 07 00:51:24 UTC 2025","8273","tests.admin_panel.slides","test_61_upload_slides_images","","","","test_upload_slide_images_file_too_large[4.7-fields_to_send8-204]","Негативный тест: загрузка слишком большого изображения."
"passed","Sun Dec 07 00:46:45 UTC 2025","Sun Dec 07 00:46:46 UTC 2025","604","tests.admin_panel.slides","test_0_slides_sort","","","","test_slides_sort_invalid_id[None]","Негативный тест: невалидный path parameter."
"skipped","Sun Dec 07 01:12:25 UTC 2025","Sun Dec 07 01:12:25 UTC 2025","0","tests.chat_support","test_03_support_chat_ticket_post","","","","test_ticket_attaches_last_three_user_messages_only[client]","
    Позитивный: из 5 пользовательских сообщений в тикет должны попасть РОВНО 3 самые свежие (по id),
    а более старые остаться с ticket_id = NULL. Бот-ответы при этом вообще не должны учитываться
    "
"passed","Sun Dec 07 01:18:08 UTC 2025","Sun Dec 07 01:18:08 UTC 2025","130","tests.delivery","test_get_delivery_countries","","","","test_get_delivery_countries_success[all-client]","Позитив: успешное получение списка стран с разными значениями ?from=."
"passed","Sun Dec 07 00:30:13 UTC 2025","Sun Dec 07 00:30:13 UTC 2025","130","tests.admin_panel.categories","test_56_v2_create_category","","","","test_v2_create_category_forbidden[client]","Негативный тест: создание категории не-админом запрещено."
"skipped","Sun Dec 07 00:25:54 UTC 2025","Sun Dec 07 00:25:54 UTC 2025","0","tests.account","test_token","","","","test_add_token_positive[partner-payload1]","Позитивные тесты на добавление токена"
"skipped","Sun Dec 07 00:24:02 UTC 2025","Sun Dec 07 00:24:02 UTC 2025","0","tests.account","test_account_branded_wallet_get","","","","test_get_without_image_returns_null_url[client]","
    Позитив: за произвольный (будущий) период нет изображения → image_url == null
    "
"skipped","Sun Dec 07 01:12:25 UTC 2025","Sun Dec 07 01:12:25 UTC 2025","0","tests.chat_support","test_01_support_chat_messages_post","","","","test_tickets_list_invalid_pagination_payload[bad_payload1-partner]",""
"passed","Sun Dec 07 01:02:34 UTC 2025","Sun Dec 07 01:02:38 UTC 2025","4051","tests.cart","test_12_cart_estimate_delivery","","","","test_estimate_delivery_negative[partner-cdek-payload0]","
    негатив 400 ки
    "
"passed","Sun Dec 07 00:47:32 UTC 2025","Sun Dec 07 00:47:33 UTC 2025","637","tests.admin_panel.slides","test_57_create_slide","","","","test_create_slide_invalid_payload[payload10-422]","Негативные тесты: некорректные и неполные payload'ы."
"skipped","Sun Dec 07 01:20:13 UTC 2025","Sun Dec 07 01:20:13 UTC 2025","126","tests.delivery","test_get_haypost_offices","","","","test_get_haypost_offices_invalid_city_id_should_fail[-1-admin]","Негатив: невалидные значения city_id → 400/422."
"passed","Sun Dec 07 00:26:28 UTC 2025","Sun Dec 07 00:26:29 UTC 2025","567","tests.admin_panel","test_01_support_create_user","","","","test_invalid_user_id_returns_client_error[1.23]",""
"skipped","Sun Dec 07 00:23:16 UTC 2025","Sun Dec 07 00:23:16 UTC 2025","0","tests.account","test_0_marathon","","","","test_create_product_brand_invalid_payload[params4-400-admin]",""
"skipped","Sun Dec 07 01:29:16 UTC 2025","Sun Dec 07 01:29:16 UTC 2025","0","tests.tickets","test_01_get_tickets","","","","test_get_tickets_success[filter2-sort0-search0-pagination1-partner]","Позитивный тест: получение списка тикетов с разными комбинациями параметров"
"passed","Sun Dec 07 01:01:37 UTC 2025","Sun Dec 07 01:01:40 UTC 2025","3613","tests.cart","test_12_cart_estimate_delivery","","","","test_estimate_delivery_success[partner-haypost-payload6]","
    Позитив: корзина с товаром, выбор способа доставки и расчёт стоимости для разных служб
    "
"passed","Sun Dec 07 01:08:30 UTC 2025","Sun Dec 07 01:08:30 UTC 2025","507","tests.catalog","test_get_items_list","","","","test_get_items_list_success[admin]","
    Позитивный тест: успешное получение списка атомарных товаров
    "
"skipped","Sun Dec 07 00:25:11 UTC 2025","Sun Dec 07 00:25:11 UTC 2025","0","tests.account","test_family_agreement_update_status","","","","test_update_family_agreement_status_positive[admin-payload1]","Позитивные тесты на изменение статуса семейного соглашения"
"skipped","Sun Dec 07 01:29:16 UTC 2025","Sun Dec 07 01:29:16 UTC 2025","0","tests.tickets","test_01_get_tickets","","","","test_get_tickets_success[filter2-sort1-search1-pagination0-partner]","Позитивный тест: получение списка тикетов с разными комбинациями параметров"
"passed","Sun Dec 07 00:41:58 UTC 2025","Sun Dec 07 00:41:59 UTC 2025","846","tests.admin_panel.promo","test_74_update_promotion","","","","test_update_promotion_success","Позитивный тест: успешное обновление акции (все поля)."
"passed","Sun Dec 07 00:22:01 UTC 2025","Sun Dec 07 00:22:02 UTC 2025","584","tests.PROJECT_EDUCATION.test_system","test_05_get_info","","","","test_get_info_invalid_id[0]",""
"passed","Sun Dec 07 00:48:31 UTC 2025","Sun Dec 07 00:48:31 UTC 2025","550","tests.admin_panel.slides","test_58_get_slides_by_id","","","","test_get_slides_invalid_id[None]","Негативный тест: невалидный ID в path-параметре."
"passed","Sun Dec 07 01:21:01 UTC 2025","Sun Dec 07 01:21:01 UTC 2025","129","tests.delivery","test_get_self_pickup_offices","","","","test_get_self_pickup_offices_invalid_city_id_should_fail[-1-admin]","Негатив: невалидные значения city_id → 400/422."
"passed","Sun Dec 07 00:45:45 UTC 2025","Sun Dec 07 00:45:45 UTC 2025","548","tests.admin_panel.sliders","test_54_update_slider","","","","test_update_slider_invalid_id[abc]","Негативный тест: несуществующий или некорректный ID."
"passed","Sun Dec 07 00:49:10 UTC 2025","Sun Dec 07 00:49:11 UTC 2025","916","tests.admin_panel.slides","test_59_update_slide","","","","test_update_slide_invalid_payload[payload5-expected_code5]","Негативный тест: обновление слайда с невалидным или неполным телом запроса."
"passed","Sun Dec 07 01:01:31 UTC 2025","Sun Dec 07 01:01:35 UTC 2025","4488","tests.cart","test_12_cart_estimate_delivery","","","","test_estimate_delivery_success[partner-haypost-payload5]","
    Позитив: корзина с товаром, выбор способа доставки и расчёт стоимости для разных служб
    "
"passed","Sun Dec 07 01:26:43 UTC 2025","Sun Dec 07 01:26:44 UTC 2025","593","tests.register","test_03_register_client","","","","test_register_client_negative[payload1-400]","Тест: негативные тесты для регистрации клиента вручную"
"passed","Sun Dec 07 00:42:33 UTC 2025","Sun Dec 07 00:42:34 UTC 2025","1256","tests.admin_panel.promo","test_74_update_promotion","","","","test_update_promotion_invalid_payload[payload6-400]","Негативный тест: обновление акции с невалидным или неполным телом запроса."
"passed","Sun Dec 07 00:25:07 UTC 2025","Sun Dec 07 00:25:08 UTC 2025","1020","tests.account","test_delete_cover_url","","","","test_delete_cover_full_payload[admin]",""
"passed","Sun Dec 07 01:24:14 UTC 2025","Sun Dec 07 01:24:15 UTC 2025","422","tests.one_c","test_create_1c_stock","","","","test_post_bad_request_or_unprocessable[<lambda>2]",""
"passed","Sun Dec 07 01:24:25 UTC 2025","Sun Dec 07 01:24:26 UTC 2025","399","tests.one_c","test_create_1c_stock","","","","test_post_bad_request_or_unprocessable[<lambda>7]",""
"passed","Sun Dec 07 00:21:29 UTC 2025","Sun Dec 07 00:21:29 UTC 2025","588","tests.PROJECT_EDUCATION.test_system","test_03_user_answers","","","","test_user_answers_invalid_id[-1]","Негативный тест: запуск теста с невалидным ID"
"passed","Sun Dec 07 00:27:03 UTC 2025","Sun Dec 07 00:27:04 UTC 2025","617","tests.admin_panel","test_03_support_delete_user","","","","test_invalid_id_returns_client_error[0]","
    Кривой/отсутствующий id в path:
    ожидаем клиентскую ошибку (400/404/405), а не 5xx.
    "
"passed","Sun Dec 07 00:29:47 UTC 2025","Sun Dec 07 00:29:47 UTC 2025","551","tests.admin_panel.categories","test_47_get_categories_by_id","","","","test_get_category_not_found","Негативный тест: категория не найдена (несуществующий ID)."
"passed","Sun Dec 07 00:26:33 UTC 2025","Sun Dec 07 00:26:33 UTC 2025","575","tests.admin_panel","test_01_support_create_user","","","","test_invalid_user_id_returns_client_error[None]",""
"failed","Sun Dec 07 00:28:40 UTC 2025","Sun Dec 07 00:28:40 UTC 2025","545","tests.admin_panel","test_partner_accrual_details_common","","","","test_common_accrual_details_invalid_payload[payload0-expected_codes0]","
    Негатив: валидация тела запроса общей детализации.
    "
"passed","Sun Dec 07 00:29:21 UTC 2025","Sun Dec 07 00:29:21 UTC 2025","129","tests.admin_panel.categories","test_45_get_categories","","","","test_get_categories_forbidden[client]","Негативный тест: получение списка категорий не админом."
"skipped","Sun Dec 07 01:12:25 UTC 2025","Sun Dec 07 01:12:25 UTC 2025","0","tests.chat_support","test_01_support_chat_messages_post","","","","test_tickets_list_invalid_pagination_payload[bad_payload3-client]",""
"skipped","Sun Dec 07 01:28:23 UTC 2025","Sun Dec 07 01:28:23 UTC 2025","0","tests.stock","test_create_stock","","","","test_create_stock_with_empty_string_log_if_not_200[user_has_access]",""
"passed","Sun Dec 07 00:29:37 UTC 2025","Sun Dec 07 00:29:38 UTC 2025","550","tests.admin_panel.categories","test_47_get_categories_by_id","","","","test_get_categories_invalid_id[abc]","Негативный тест: получение категории по невалидному ID."
"passed","Sun Dec 07 00:56:20 UTC 2025","Sun Dec 07 00:56:22 UTC 2025","2662","tests.cart","test_08_cart_delete","","","","test_delete_cart_item_success[partner]","Позитив: удаление позиции из корзины."
"passed","Sun Dec 07 00:50:08 UTC 2025","Sun Dec 07 00:50:09 UTC 2025","573","tests.admin_panel.slides","test_60_delete_slides","","","","test_delete_slide_invalid_id[abc]","Негативный тест: удаление несуществующего или некорректного слайда."
"passed","Sun Dec 07 01:05:25 UTC 2025","Sun Dec 07 01:05:26 UTC 2025","747","tests.catalog","test_create_admin_product","","","","test_create_product_invalid_payload[payload8-422]",""
"passed","Sun Dec 07 00:21:09 UTC 2025","Sun Dec 07 00:21:09 UTC 2025","676","tests.PROJECT_EDUCATION.test_system","test_01_start_test","","","","test_start_test_invalid_id[]","Негативный тест: запуск теста с невалидным ID"
"passed","Sun Dec 07 00:37:59 UTC 2025","Sun Dec 07 00:37:59 UTC 2025","136","tests.admin_panel.products","test_39_get_product_brands","","","","test_get_product_brands_forbidden[client]","Негативный тест: получение списка брендов не админом."
"passed","Sun Dec 07 01:16:11 UTC 2025","Sun Dec 07 01:16:11 UTC 2025","130","tests.delivery","test_03_delete_delivery_address","","","","test_delete_delivery_address_invalid_id[None-partner]","Негатив: удаление адреса с некорректным ID"
"passed","Sun Dec 07 00:50:23 UTC 2025","Sun Dec 07 00:50:24 UTC 2025","1043","tests.admin_panel.slides","test_61_upload_slides_images","","","","test_upload_slide_images_invalid_format[invalid.pdf-application/pdf-400]","Негативный и позитивный тест: загрузка изображений в разных форматах."
"skipped","Sun Dec 07 00:23:16 UTC 2025","Sun Dec 07 00:23:16 UTC 2025","0","tests.account","test_0_marathon","","","","test_get_marathon_is_purchased[client-200]","Позитивный кейс — проверяет приобретал ли аккаунт марафонский набор (все поля)"
"skipped","Sun Dec 07 00:28:32 UTC 2025","Sun Dec 07 00:28:32 UTC 2025","0","tests.admin_panel","test_accrue_gold_pro_gift","","","","test_accrue_gold_pro_gift_invalid_payload[payload3-400]",""
"passed","Sun Dec 07 01:01:14 UTC 2025","Sun Dec 07 01:01:18 UTC 2025","3967","tests.cart","test_12_cart_estimate_delivery","","","","test_estimate_delivery_success[partner-fargo-payload2]","
    Позитив: корзина с товаром, выбор способа доставки и расчёт стоимости для разных служб
    "
"passed","Sun Dec 07 01:15:03 UTC 2025","Sun Dec 07 01:15:03 UTC 2025","134","tests.delivery","test_02_get_delivery_address","","","","test_get_delivery_addresses_invalid_pagination[invalid_pagination0-partner]","Негатив: некорректные параметры пагинации"
"passed","Sun Dec 07 00:38:51 UTC 2025","Sun Dec 07 00:38:51 UTC 2025","558","tests.admin_panel.products","test_41_get_product_brand_by_id","","","","test_get_product_brand_invalid_id[None]","Негативный тест: получение бренда по невалидному ID"
"skipped","Sun Dec 07 01:12:25 UTC 2025","Sun Dec 07 01:12:25 UTC 2025","0","tests.chat_support","test_02_support_chat_messages_get","","","","test_get_messages_success_no_pagination[client]","Позитивный: успешное получение сообщений без пагинации"
"skipped","Sun Dec 07 00:25:33 UTC 2025","Sun Dec 07 00:25:33 UTC 2025","0","tests.account","test_history_group_volumes_admin","","","","test_get_group_volumes_history_admin_positive[partner-payload0]","Позитивные тесты на получение истории начисления групповых объемов для админа"
"passed","Sun Dec 07 01:33:56 UTC 2025","Sun Dec 07 01:33:57 UTC 2025","1114","tests.tickets","test_04_create_ticket","","","","test_create_ticket_success[partner-attachments2-QuestionsAboutTheMarriageContract]","Позитивный тест: создание тикета с разными темами и вложениями для клиента, партнера и админа"
"skipped","Sun Dec 07 00:53:57 UTC 2025","Sun Dec 07 00:53:57 UTC 2025","0","tests.cart","test_01_user_locale","","","","test_update_user_locale_valid_payload[payload0]","
    Позитивный тест: Обновление языка/склада/локали НЕавторизованным пользователем с указанной корзиной в cookie.
    "
"skipped","Sun Dec 07 01:12:25 UTC 2025","Sun Dec 07 01:12:25 UTC 2025","0","tests.chat_support","test_01_support_chat_messages_post","","","","test_default_updated_sort_when_no_sort_given[partner]","
    Нет sort в теле — должен применяться дефолт updated_at DESC.
    "
"skipped","Sun Dec 07 00:25:45 UTC 2025","Sun Dec 07 00:25:45 UTC 2025","129","tests.account","test_post_downgrade_user","","","","test_downgrade_validation_errors[bad_payload0-admin]","
    Валидация: битый payload → 400/422.
    "
"passed","Sun Dec 07 01:28:03 UTC 2025","Sun Dec 07 01:28:03 UTC 2025","134","tests.statistic","test_team_registrations","","","","test_get_team_registration_statistic_positive[payload2-admin]","Позитивный тест: получение статистики по регистрации команды с валидным телом запроса"
"passed","Sun Dec 07 01:18:34 UTC 2025","Sun Dec 07 01:18:34 UTC 2025","191","tests.delivery","test_get_dpd_offices","","","","test_get_dpd_offices_success[423-client]",""
"passed","Sun Dec 07 00:53:32 UTC 2025","Sun Dec 07 00:53:32 UTC 2025","129","tests.cart","test_01_user_locale","","","","test_update_user_locale_valid_payload_1[client-payload8]","
    Позитивный тест: Обновление языка/склада/локали авторизованным пользователем"
"skipped","Sun Dec 07 00:25:33 UTC 2025","Sun Dec 07 00:25:33 UTC 2025","0","tests.account","test_get_languages","","","","test_get_languages_unauthorized","Негативный тест: получение списка языков без авторизации."
"passed","Sun Dec 07 00:35:48 UTC 2025","Sun Dec 07 00:35:50 UTC 2025","1333","tests.admin_panel.items","test_update_item","","","","test_update_item_invalid_payload[payload3-400]","Негативный тест: обновление item с невалидным или неполным телом запроса."
"skipped","Sun Dec 07 01:16:37 UTC 2025","Sun Dec 07 01:16:38 UTC 2025","1087","tests.delivery","test_get_boxberry_offices","","","","test_get_boxberry_offices_unauthorized",""
"passed","Sun Dec 07 00:34:03 UTC 2025","Sun Dec 07 00:34:04 UTC 2025","557","tests.admin_panel.items","test_create_item_translation","","","","test_create_item_translation_invalid_payload[payload1-code1]","Негативный тест: создание перевода с невалидным payload."
"passed","Sun Dec 07 00:23:33 UTC 2025","Sun Dec 07 00:23:33 UTC 2025","130","tests.account","test_0_top_partners_game_0824","","","","test_get_top_partners_game_0824_positive[partner]","Позитивные тесты на получение топ-партнеров в игре 08/24"
"passed","Sun Dec 07 00:23:31 UTC 2025","Sun Dec 07 00:23:32 UTC 2025","141","tests.account","test_0_top_partners_game_0824","","","","test_get_top_partners_game_0824_positive[client]","Позитивные тесты на получение топ-партнеров в игре 08/24"
"passed","Sun Dec 07 00:36:45 UTC 2025","Sun Dec 07 00:36:45 UTC 2025","554","tests.admin_panel.periods","test_get_period_by_id","","","","test_get_period_by_id__not_found_allows_400_404[1000000000000000000]",""
"passed","Sun Dec 07 01:19:34 UTC 2025","Sun Dec 07 01:19:34 UTC 2025","143","tests.delivery","test_get_fargo_offices","","","","test_get_fargo_offices_missing_city_id_should_fail[admin]","Негатив: отсутствует обязательный query-параметр city_id → 400/422."
"passed","Sun Dec 07 01:30:37 UTC 2025","Sun Dec 07 01:30:38 UTC 2025","521","tests.tickets","test_04_create_ticket","","","","test_create_ticket_success[client-attachments0-ChangePersonalData]","Позитивный тест: создание тикета с разными темами и вложениями для клиента, партнера и админа"
"passed","Sun Dec 07 00:36:23 UTC 2025","Sun Dec 07 00:36:23 UTC 2025","573","tests.admin_panel.periods","test_get_period_by_id","","","","test_get_period_by_id__invalid_400_404[1 2]",""
"passed","Sun Dec 07 01:17:54 UTC 2025","Sun Dec 07 01:17:54 UTC 2025","129","tests.delivery","test_get_delivery_countries","","","","test_get_delivery_countries_success[None-partner]","Позитив: успешное получение списка стран с разными значениями ?from=."
"passed","Sun Dec 07 00:45:53 UTC 2025","Sun Dec 07 00:45:53 UTC 2025","862","tests.admin_panel.sliders","test_54_update_slider","","","","test_update_slider_invalid_payload[payload2-expected_code2]","Негативный тест: обновление слайдера с невалидным или неполным телом запроса."
"skipped","Sun Dec 07 01:29:16 UTC 2025","Sun Dec 07 01:29:16 UTC 2025","0","tests.tickets","test_01_get_tickets","","","","test_get_tickets_success[filter1-sort1-search2-pagination1-partner]","Позитивный тест: получение списка тикетов с разными комбинациями параметров"
"passed","Sun Dec 07 00:41:43 UTC 2025","Sun Dec 07 00:41:44 UTC 2025","856","tests.admin_panel.promo","test_73_get_promotion_by_id","","","","test_get_promotion_by_id_forbidden[partner]","Негативный тест: получение акции по ID не админом."
"skipped","Sun Dec 07 00:23:16 UTC 2025","Sun Dec 07 00:23:16 UTC 2025","0","tests.account","test_0_marathon","","","","test_create_product_brand_invalid_payload[params1-400-partner]",""
"failed","Sun Dec 07 00:29:05 UTC 2025","Sun Dec 07 00:29:05 UTC 2025","572","tests.admin_panel","test_partner_accrual_details_main_bonus","","","","test_main_bonus_details_invalid_query_params[query4-expected_codes4]","
    Негатив: валидация query-параметров main-bonus
    "
"passed","Sun Dec 07 00:36:55 UTC 2025","Sun Dec 07 00:36:55 UTC 2025","136","tests.admin_panel.periods","test_get_periods","","","","test_get_periods__forbidden[client]",""
"passed","Sun Dec 07 00:43:24 UTC 2025","Sun Dec 07 00:43:24 UTC 2025","404","tests.admin_panel.promo","test_76_get_promotion_items","","","","test_get_promotion_item_unauthorized","Негативный тест: без авторизации."
"passed","Sun Dec 07 01:25:40 UTC 2025","Sun Dec 07 01:25:41 UTC 2025","128","tests.orders","test_create_order_by_delivery_address","","","","test_create_order_invalid_data[invalid_payload0-partner]","Негативные тесты: создание заказа с некорректными данными"
"passed","Sun Dec 07 00:52:29 UTC 2025","Sun Dec 07 00:52:29 UTC 2025","138","tests.auth","test_02_login","","","","test_admin_login[admin-Admin--401]",""
"skipped","Sun Dec 07 01:29:16 UTC 2025","Sun Dec 07 01:29:16 UTC 2025","0","tests.tickets","test_01_get_tickets","","","","test_get_tickets_success[filter2-sort1-search2-pagination1-client]","Позитивный тест: получение списка тикетов с разными комбинациями параметров"
"skipped","Sun Dec 07 01:25:59 UTC 2025","Sun Dec 07 01:25:59 UTC 2025","133","tests.orders","test_group_order_change_country","","","","test_change_country_invalid_data[invalid_payload2-client]","Негативные тесты: передача некорректных данных"
"passed","Sun Dec 07 01:35:49 UTC 2025","Sun Dec 07 01:35:50 UTC 2025","1108","tests.tickets","test_04_create_ticket","","","","test_create_ticket_success[admin-attachments2-QuestionsAboutInternationalDelivery]","Позитивный тест: создание тикета с разными темами и вложениями для клиента, партнера и админа"
"passed","Sun Dec 07 01:03:51 UTC 2025","Sun Dec 07 01:03:51 UTC 2025","432","tests.cart","test_20_cart_share","","","","test_cart_share_unauthorized","Негатив: вызов без авторизации/корзины."
"passed","Sun Dec 07 01:20:34 UTC 2025","Sun Dec 07 01:20:34 UTC 2025","127","tests.delivery","test_get_kgpost_offices","","","","test_get_kgpost_offices_missing_city_id_should_fail[admin]",""
"passed","Sun Dec 07 01:08:31 UTC 2025","Sun Dec 07 01:08:32 UTC 2025","821","tests.catalog","test_get_items_list","","","","test_get_items_list_unauthorized",""
"passed","Sun Dec 07 01:26:55 UTC 2025","Sun Dec 07 01:26:55 UTC 2025","130","tests.statistic","test_team_activations","","","","test_get_team_activation_statistic_positive[payload0-partner]","Позитивный тест: получение статистики по активации команды с валидным телом запроса"
"passed","Sun Dec 07 00:24:27 UTC 2025","Sun Dec 07 00:24:27 UTC 2025","129","tests.account","test_account_branded_wallet_upload","","","","test_upload_empty_string_returns_400[partner]","Негатив: пустая строка → 400"
"passed","Sun Dec 07 00:59:09 UTC 2025","Sun Dec 07 00:59:12 UTC 2025","3793","tests.cart","test_11_cart_save_delivery_method","","","","test_save_delivery_method_success_with_cart[partner-GeorgianPost]","
    Позитив: сохранение способа доставки для всех значений с корзиной
    "
"passed","Sun Dec 07 01:30:48 UTC 2025","Sun Dec 07 01:30:49 UTC 2025","1223","tests.tickets","test_04_create_ticket","","","","test_create_ticket_success[client-attachments1-QuestionsAboutPaymentsToIP]","Позитивный тест: создание тикета с разными темами и вложениями для клиента, партнера и админа"
"passed","Sun Dec 07 00:47:00 UTC 2025","Sun Dec 07 00:47:00 UTC 2025","807","tests.admin_panel.slides","test_56_get_slides","","","","test_get_slides_success","Позитивный тест: успешное получение списка слайдов админом"
"passed","Sun Dec 07 01:30:32 UTC 2025","Sun Dec 07 01:30:32 UTC 2025","554","tests.tickets","test_04_create_ticket","","","","test_create_ticket_success[client-attachments0-QuestionsAboutTheRewardSystemMarketingPlan]","Позитивный тест: создание тикета с разными темами и вложениями для клиента, партнера и админа"
"passed","Sun Dec 07 01:33:46 UTC 2025","Sun Dec 07 01:33:47 UTC 2025","1112","tests.tickets","test_04_create_ticket","","","","test_create_ticket_success[partner-attachments2-QuestionsAboutInternationalDelivery]","Позитивный тест: создание тикета с разными темами и вложениями для клиента, партнера и админа"
"passed","Sun Dec 07 00:31:31 UTC 2025","Sun Dec 07 00:31:32 UTC 2025","408","tests.admin_panel.categories","test_79_get_category_translation","","","","test_get_category_translation_unauthorized",""
"passed","Sun Dec 07 01:23:56 UTC 2025","Sun Dec 07 01:23:58 UTC 2025","1404","tests.one_c","test_create_1c_stock","","","","test_name_not_overwritten_by_city",""
"passed","Sun Dec 07 00:36:31 UTC 2025","Sun Dec 07 00:36:31 UTC 2025","579","tests.admin_panel.periods","test_get_period_by_id","","","","test_get_period_by_id__invalid_400_404[-1]",""
"passed","Sun Dec 07 01:29:39 UTC 2025","Sun Dec 07 01:29:39 UTC 2025","134","tests.tickets","test_01_get_tickets","","","","test_get_tickets_invalid_filter[invalid_filter1-400-client]","Негативный тест: передаем некорректные параметры фильтрации"
"passed","Sun Dec 07 01:18:27 UTC 2025","Sun Dec 07 01:18:27 UTC 2025","127","tests.delivery","test_get_delivery_regions","","","","test_get_delivery_regions_success[admin]","Позитив: успешное получение списка регионов."
"passed","Sun Dec 07 01:21:24 UTC 2025","Sun Dec 07 01:21:24 UTC 2025","404","tests.delivery","test_mongpost_postcodes","","","","test_mongpost_postcodes_unauthorized","Негативный тест: запрос без авторизации."
"passed","Sun Dec 07 00:47:24 UTC 2025","Sun Dec 07 00:47:25 UTC 2025","624","tests.admin_panel.slides","test_57_create_slide","","","","test_create_slide_invalid_payload[payload5-expected_code5]","Негативные тесты: некорректные и неполные payload'ы."
"passed","Sun Dec 07 00:44:00 UTC 2025","Sun Dec 07 00:44:01 UTC 2025","600","tests.admin_panel.promo","test_77_create_promotion_item","","","","test_create_promotion_item_invalid_ids[1-999999-404]",""
"passed","Sun Dec 07 00:27:47 UTC 2025","Sun Dec 07 00:27:47 UTC 2025","624","tests.admin_panel","test_04_generate_support_token","","","","test_invalid_user_id_for_token_returns_client_error[0]",""
"passed","Sun Dec 07 00:41:48 UTC 2025","Sun Dec 07 00:41:49 UTC 2025","576","tests.admin_panel.promo","test_73_get_promotion_by_id","","","","test_get_promotion_invalid_id[0]","Негативный тест: получение акции по невалидному ID."
"skipped","Sun Dec 07 00:53:57 UTC 2025","Sun Dec 07 00:53:57 UTC 2025","0","tests.cart","test_01_user_locale","","","","test_update_user_locale_valid_payload[payload4]","
    Позитивный тест: Обновление языка/склада/локали НЕавторизованным пользователем с указанной корзиной в cookie.
    "
"passed","Sun Dec 07 00:48:42 UTC 2025","Sun Dec 07 00:48:42 UTC 2025","405","tests.admin_panel.slides","test_59_update_slide","","","","test_update_slide_unauthorized","Негативный тест: попытка обновления слайда без авторизации."
"passed","Sun Dec 07 00:42:38 UTC 2025","Sun Dec 07 00:42:39 UTC 2025","858","tests.admin_panel.promo","test_74_update_promotion","","","","test_update_promotion_invalid_payload[payload8-400]","Негативный тест: обновление акции с невалидным или неполным телом запроса."
"passed","Sun Dec 07 00:42:17 UTC 2025","Sun Dec 07 00:42:18 UTC 2025","814","tests.admin_panel.promo","test_74_update_promotion","","","","test_update_promotion_invalid_payload[payload0-400]","Негативный тест: обновление акции с невалидным или неполным телом запроса."
"passed","Sun Dec 07 01:30:00 UTC 2025","Sun Dec 07 01:30:01 UTC 2025","581","tests.tickets","test_02_get_ticket_by_id","","","","test_get_ticket_invalid_id[-1]","Негативный тест: передан некорректный ID."
"passed","Sun Dec 07 01:36:22 UTC 2025","Sun Dec 07 01:36:22 UTC 2025","127","tests.tickets","test_04_create_ticket","","","","test_create_ticket_invalid_request_type[client-invalid_request_type-400]","Негативный тест: попытка создания тикета с неверным типом request_type"
"passed","Sun Dec 07 00:32:55 UTC 2025","Sun Dec 07 00:32:56 UTC 2025","777","tests.admin_panel.items","test_create_item","","","","test_create_item_invalid_payload[payload1-expected_code1]","
    Негативный тест: создание варианта с невалидным телом запроса.
    Если сервер внезапно вернул успех — удаляем созданный item из БД.
    "
"passed","Sun Dec 07 00:51:52 UTC 2025","Sun Dec 07 00:51:53 UTC 2025","1119","tests.admin_panel.slides","test_62_slides_get_upload_urls","","","","test_get_upload_urls_invalid_files[data1-400]","Негативный тест: пустой список файлов, отсутствие 'filenames' в теле запроса."
"skipped","Sun Dec 07 01:29:06 UTC 2025","Sun Dec 07 01:29:06 UTC 2025","0","tests.stock","test_update_stock","","","","test_update_stock_success",""
"passed","Sun Dec 07 01:00:39 UTC 2025","Sun Dec 07 01:00:44 UTC 2025","5022","tests.cart","test_12_cart_estimate_delivery","","","","test_estimate_delivery_success[client-dpd_pickup-payload12]","
    Позитив: корзина с товаром, выбор способа доставки и расчёт стоимости для разных служб
    "
"passed","Sun Dec 07 00:38:16 UTC 2025","Sun Dec 07 00:38:17 UTC 2025","555","tests.admin_panel.products","test_40_create_product_brand","","","","test_create_product_brand_invalid_payload[payload2-expected_codes2]","Негативные кейсы: невалидные поля при создании бренда."
"passed","Sun Dec 07 00:37:38 UTC 2025","Sun Dec 07 00:37:41 UTC 2025","2206","tests.admin_panel.products","test_03_recommended_products_delete","","","","test_remove_recommendation_success","Успешное удаление рекомендованного товара."
"skipped","Sun Dec 07 00:25:33 UTC 2025","Sun Dec 07 00:25:33 UTC 2025","0","tests.account","test_list_csv","","","","test_get_account_list_csv_positive[partner-payload1]","Позитивные тесты на выгрузку структуры партнеров в CSV"
"skipped","Sun Dec 07 00:29:16 UTC 2025","Sun Dec 07 00:29:16 UTC 2025","543","tests.admin_panel","test_report_accruals","","","","test_report_accruals_invalid_payload[payload0-400]",""
"passed","Sun Dec 07 00:58:36 UTC 2025","Sun Dec 07 00:58:40 UTC 2025","3885","tests.cart","test_11_cart_save_delivery_method","","","","test_save_delivery_method_success_with_cart[partner-GroupOrder]","
    Позитив: сохранение способа доставки для всех значений с корзиной
    "
"passed","Sun Dec 07 01:13:53 UTC 2025","Sun Dec 07 01:13:55 UTC 2025","1869","tests.delivery","test_01_save_delivery_address","","","","test_save_delivery_address_negative[partner-payload0-400]","Негативные тесты на сохранение адреса доставки"
"skipped","Sun Dec 07 01:03:20 UTC 2025","Sun Dec 07 01:03:20 UTC 2025","129","tests.cart","test_15_cart_update_country","","","","test_update_country_invalid_payload[partner-payload0]","Негатив: невалидный payload."
"skipped","Sun Dec 07 01:20:02 UTC 2025","Sun Dec 07 01:20:02 UTC 2025","144","tests.delivery","test_get_georgian_post_pickup_points","","","","test_get_georgian_post_pickup_points_invalid_city_id_should_fail[-1-admin]","Негатив: невалидные значения city_id → 400/422."
"passed","Sun Dec 07 01:25:14 UTC 2025","Sun Dec 07 01:25:15 UTC 2025","605","tests.orders","test_calculate_client_changes","","","","test_calculate_client_changes_invalid_payload[payload5-expected_codes5]","Негативный тест: валидация тела запроса."
"passed","Sun Dec 07 01:07:23 UTC 2025","Sun Dec 07 01:07:27 UTC 2025","3869","tests.catalog","test_delete_admin_product_translation","","","","test_delete_admin_product_translation_forbidden[partner]","Удаление перевода не-админом — должно вернуть 403."
"passed","Sun Dec 07 01:16:19 UTC 2025","Sun Dec 07 01:16:20 UTC 2025","806","tests.delivery","test_get_boxberry_offices","","","","test_get_boxberry_offices_success[5-admin]",""
"passed","Sun Dec 07 01:18:39 UTC 2025","Sun Dec 07 01:18:39 UTC 2025","133","tests.delivery","test_get_dpd_offices","","","","test_get_dpd_offices_missing_city_id_should_fail[admin]",""
"passed","Sun Dec 07 00:44:02 UTC 2025","Sun Dec 07 00:44:02 UTC 2025","584","tests.admin_panel.promo","test_77_create_promotion_item","","","","test_create_promotion_item_invalid_ids[abc-1-404]",""
"passed","Sun Dec 07 01:38:54 UTC 2025","Sun Dec 07 01:38:55 UTC 2025","1418","tests.tickets","test_12_delete_message","","","","test_delete_ticket_message_admin_other_client[partner]","Негативный тест: админ пытается удалить сообщение клиента/партнёра"
"passed","Sun Dec 07 01:03:32 UTC 2025","Sun Dec 07 01:03:33 UTC 2025","204","tests.cart","test_17_cart_update_user_country","","","","test_update_user_country_success[partner]","Позитив: изменение страны пользователя в заказе."
"passed","Sun Dec 07 00:44:22 UTC 2025","Sun Dec 07 00:44:23 UTC 2025","550","tests.admin_panel.promo","test_78_delete_promotion_item","","","","test_delete_promotion_item_invalid_id[0-0]","Негативный тест: удаление элемента акции с невалидным ID продукта."
"passed","Sun Dec 07 01:30:21 UTC 2025","Sun Dec 07 01:30:21 UTC 2025","522","tests.tickets","test_04_create_ticket","","","","test_create_ticket_success[client-attachments0-QuestionsAboutInternationalDelivery]","Позитивный тест: создание тикета с разными темами и вложениями для клиента, партнера и админа"
"skipped","Sun Dec 07 01:28:23 UTC 2025","Sun Dec 07 01:28:23 UTC 2025","0","tests.stock","test_create_stock","","","","test_create_stock_with_empty_string_log_if_not_200[timezone.offset_min]",""
"skipped","Sun Dec 07 01:29:16 UTC 2025","Sun Dec 07 01:29:16 UTC 2025","0","tests.tickets","test_01_get_tickets","","","","test_get_tickets_success[filter1-sort0-search2-pagination1-partner]","Позитивный тест: получение списка тикетов с разными комбинациями параметров"
"passed","Sun Dec 07 00:57:19 UTC 2025","Sun Dec 07 00:57:19 UTC 2025","462","tests.cart","test_11_cart_save_delivery_method","","","","test_save_delivery_method_success[client-Europost]","
    Позитив: сохранение способа доставки для всех значений без корзины
    "
"passed","Sun Dec 07 01:35:56 UTC 2025","Sun Dec 07 01:35:57 UTC 2025","1121","tests.tickets","test_04_create_ticket","","","","test_create_ticket_success[admin-attachments2-QuestionsAboutTheWorkOfTheStructureAndMentors]","Позитивный тест: создание тикета с разными темами и вложениями для клиента, партнера и админа"
"skipped","Sun Dec 07 00:22:10 UTC 2025","Sun Dec 07 00:22:10 UTC 2025","0","tests.PROJECT_EDUCATION.test_system","test_06_get_result","","","","test_get_result","Позитивный тест: Получение информации о сессии, включая список вопросов с ответами."
"passed","Sun Dec 07 01:03:21 UTC 2025","Sun Dec 07 01:03:21 UTC 2025","422","tests.cart","test_15_cart_update_country","","","","test_update_country_unauthorized","Негатив: вызов без авторизации/корзины."
"passed","Sun Dec 07 00:29:39 UTC 2025","Sun Dec 07 00:29:39 UTC 2025","549","tests.admin_panel.categories","test_47_get_categories_by_id","","","","test_get_categories_invalid_id[-1]","Негативный тест: получение категории по невалидному ID."
"passed","Sun Dec 07 00:57:31 UTC 2025","Sun Dec 07 00:57:31 UTC 2025","551","tests.cart","test_11_cart_save_delivery_method","","","","test_save_delivery_method_success[client-FakeDelivery]","
    Позитив: сохранение способа доставки для всех значений без корзины
    "
"passed","Sun Dec 07 01:07:59 UTC 2025","Sun Dec 07 01:08:03 UTC 2025","4017","tests.catalog","test_get_admin_product_translation","","","","test_get_admin_product_translation_forbidden[partner]","Запрет получения переводов для клиента/партнёра."
"passed","Sun Dec 07 01:08:39 UTC 2025","Sun Dec 07 01:08:39 UTC 2025","421","tests.catalog","test_get_items_list_all","","","","test_get_items_list_all_unauthorized",""
"passed","Sun Dec 07 01:28:28 UTC 2025","Sun Dec 07 01:28:28 UTC 2025","165","tests.stock","test_get_group_orders","","","","test_get_group_orders[partner]","Запрос всех складов для групповых заказов"
"skipped","Sun Dec 07 00:30:10 UTC 2025","Sun Dec 07 00:30:10 UTC 2025","0","tests.admin_panel.categories","test_50_upload_category_images","","","","test_upload_category_images_invalid_format[invalid.exe-application/octet-stream-400]","Негативный тест: загрузка изображений в неверном формате (например, .txt)."
"passed","Sun Dec 07 01:31:09 UTC 2025","Sun Dec 07 01:31:10 UTC 2025","1234","tests.tickets","test_04_create_ticket","","","","test_create_ticket_success[client-attachments1-QuestionsAboutTheMarriageContract]","Позитивный тест: создание тикета с разными темами и вложениями для клиента, партнера и админа"
"passed","Sun Dec 07 00:22:09 UTC 2025","Sun Dec 07 00:22:09 UTC 2025","268","tests.PROJECT_EDUCATION.test_system","test_05_get_info","","","","test_get_info_unauthorized","Негативный тест: запуск теста без авторизации"
"passed","Sun Dec 07 00:38:25 UTC 2025","Sun Dec 07 00:38:26 UTC 2025","542","tests.admin_panel.products","test_40_create_product_brand","","","","test_create_product_brand_invalid_payload[payload8-expected_codes8]","Негативные кейсы: невалидные поля при создании бренда."
"skipped","Sun Dec 07 01:29:16 UTC 2025","Sun Dec 07 01:29:16 UTC 2025","0","tests.tickets","test_01_get_tickets","","","","test_get_tickets_success[filter1-sort0-search1-pagination1-admin]","Позитивный тест: получение списка тикетов с разными комбинациями параметров"
"passed","Sun Dec 07 01:29:56 UTC 2025","Sun Dec 07 01:29:58 UTC 2025","1573","tests.tickets","test_02_get_ticket_by_id","","","","test_get_ticket_success[admin]","Позитивный тест: успешное получение тикета по ID для клиента, партнера и администратора."
"skipped","Sun Dec 07 01:28:18 UTC 2025","Sun Dec 07 01:28:18 UTC 2025","0","tests.stock","test_create_stock","","","","test_create_stock_success",""
"passed","Sun Dec 07 01:17:06 UTC 2025","Sun Dec 07 01:17:06 UTC 2025","129","tests.delivery","test_get_cdek_offices","","","","test_get_cdek_offices_invalid_city_id_should_fail[True-admin]",""
"skipped","Sun Dec 07 01:29:16 UTC 2025","Sun Dec 07 01:29:16 UTC 2025","0","tests.tickets","test_01_get_tickets","","","","test_get_tickets_success[filter0-sort1-search0-pagination0-admin]","Позитивный тест: получение списка тикетов с разными комбинациями параметров"
"passed","Sun Dec 07 00:40:39 UTC 2025","Sun Dec 07 00:40:42 UTC 2025","3202","tests.admin_panel.products","test_44_upload_product_brand_images","","","","test_upload_product_brand_images_various_fields[4.7-fields_to_send2-204]","Негативный тест. Загрузка слишком большого изображения."
"skipped","Sun Dec 07 01:12:25 UTC 2025","Sun Dec 07 01:12:25 UTC 2025","0","tests.chat_support","test_03_support_chat_ticket_post","","","","test_create_ticket_no_available_messages_400[partner]","Негативный: без новых сообщений"
"passed","Sun Dec 07 01:20:54 UTC 2025","Sun Dec 07 01:20:55 UTC 2025","167","tests.delivery","test_get_self_pickup_offices","","","","test_get_self_pickup_offices_success[186343-admin]","Позитив: успешное получение списка ПВЗ ЭВЫ по city_id."
"passed","Sun Dec 07 00:37:53 UTC 2025","Sun Dec 07 00:37:54 UTC 2025","1763","tests.admin_panel.products","test_03_recommended_products_delete","","","","test_remove_recommendation_db_no_rights[partner]","Пользователь без прав пытается удалить рекомендации."
"passed","Sun Dec 07 00:54:42 UTC 2025","Sun Dec 07 00:54:43 UTC 2025","1120","tests.cart","test_02_get_delivery_cost","","","","test_get_delivery_cost_success_partial_payload[client-payload7-200]","
    Позитив/граничные: сочетания полей региона/города
    "
"passed","Sun Dec 07 01:18:59 UTC 2025","Sun Dec 07 01:19:00 UTC 2025","129","tests.delivery","test_get_emu_pickup_points","","","","test_get_emu_pickup_points_success[143796-admin]","Позитив: успешное получение списка ПВЗ EMU по city_id."
"passed","Sun Dec 07 01:17:22 UTC 2025","Sun Dec 07 01:17:22 UTC 2025","128","tests.delivery","test_get_cities_v2","","","","test_get_cities_v2_success[params1-admin]","
    Позитив: успешное получение списка городов (обязателен city_name, country_id — опционален).
    "
"passed","Sun Dec 07 00:38:14 UTC 2025","Sun Dec 07 00:38:15 UTC 2025","588","tests.admin_panel.products","test_40_create_product_brand","","","","test_create_product_brand_invalid_payload[payload1-expected_codes1]","Негативные кейсы: невалидные поля при создании бренда."
"passed","Sun Dec 07 01:09:05 UTC 2025","Sun Dec 07 01:09:05 UTC 2025","127","tests.catalog","test_get_recommended_products","","","","test_get_recommended_products_wrong_method[put-admin]","
    Негативный тест: отправка неверного HTTP-метода на ручку GET
    "
"passed","Sun Dec 07 01:28:26 UTC 2025","Sun Dec 07 01:28:26 UTC 2025","157","tests.stock","test_get_group_orders","","","","test_get_group_orders[client]","Запрос всех складов для групповых заказов"
"passed","Sun Dec 07 01:08:05 UTC 2025","Sun Dec 07 01:08:06 UTC 2025","550","tests.catalog","test_get_admin_product_translation","","","","test_get_admin_product_translation_invalid_id[-1]","Проверка получения перевода по невалидному product_id."
"passed","Sun Dec 07 00:36:35 UTC 2025","Sun Dec 07 00:36:36 UTC 2025","619","tests.admin_panel.periods","test_get_period_by_id","","","","test_get_period_by_id__invalid_400_404[None]",""
"passed","Sun Dec 07 00:21:34 UTC 2025","Sun Dec 07 00:21:34 UTC 2025","719","tests.PROJECT_EDUCATION.test_system","test_03_user_answers","","","","test_user_answers_invalid_id[]","Негативный тест: запуск теста с невалидным ID"
"passed","Sun Dec 07 01:08:26 UTC 2025","Sun Dec 07 01:08:27 UTC 2025","379","tests.catalog","test_get_items_list","","","","test_get_items_list_success[client]","
    Позитивный тест: успешное получение списка атомарных товаров
    "
"passed","Sun Dec 07 01:07:29 UTC 2025","Sun Dec 07 01:07:29 UTC 2025","578","tests.catalog","test_delete_admin_product_translation","","","","test_delete_admin_product_translation_invalid_id[-1]","Удаление перевода по невалидному product_id — должно вернуть 400 или 404."
"failed","Sun Dec 07 00:59:19 UTC 2025","Sun Dec 07 00:59:23 UTC 2025","3973","tests.cart","test_11_cart_save_delivery_method","","","","test_save_delivery_method_success_with_cart[partner-FivePost]","
    Позитив: сохранение способа доставки для всех значений с корзиной
    "
"passed","Sun Dec 07 00:25:22 UTC 2025","Sun Dec 07 00:25:22 UTC 2025","127","tests.account","test_get_account_exists","","","","test_get_account_exists_positive[params3-admin]","Нкгатив: невлидны id"
"passed","Sun Dec 07 01:27:23 UTC 2025","Sun Dec 07 01:27:23 UTC 2025","129","tests.statistic","test_team_go","","","","test_get_team_go_statistic_positive[payload0-partner]","Позитивный тест: получение статистики по команде с валидным телом запроса"
"skipped","Sun Dec 07 01:21:59 UTC 2025","Sun Dec 07 01:22:00 UTC 2025","677","tests.fund","test_get_top_donors","","","","test_get_top_donors_success[all-https://dev.ewahelps.com/api]",""
"passed","Sun Dec 07 01:18:42 UTC 2025","Sun Dec 07 01:18:42 UTC 2025","129","tests.delivery","test_get_dpd_offices","","","","test_get_dpd_offices_invalid_city_id_should_fail[abc-admin]",""
"skipped","Sun Dec 07 01:29:16 UTC 2025","Sun Dec 07 01:29:16 UTC 2025","0","tests.tickets","test_01_get_tickets","","","","test_get_tickets_success[filter1-sort1-search2-pagination0-admin]","Позитивный тест: получение списка тикетов с разными комбинациями параметров"
"passed","Sun Dec 07 01:08:57 UTC 2025","Sun Dec 07 01:08:58 UTC 2025","548","tests.catalog","test_get_recommended_products","","","","test_get_recommended_products_invalid_id[None]","
    Негативный тест: передан некорректный ID (тип/значение)
    "
"passed","Sun Dec 07 00:52:18 UTC 2025","Sun Dec 07 00:52:18 UTC 2025","434","tests.auth","test_01_check_version","","","","test_check_version[Frontend-3.0.0-200]","Тест проверяет API /check_version для разных платформ и версий."
"passed","Sun Dec 07 00:25:33 UTC 2025","Sun Dec 07 00:25:34 UTC 2025","140","tests.account","test_post_bonus_tokens","","","","test_get_bonus_tokens_positive[client]","Позитивные тесты на получение списка токенов"
"skipped","Sun Dec 07 01:17:35 UTC 2025","Sun Dec 07 01:17:35 UTC 2025","132","tests.delivery","test_get_cities_v2","","","","test_get_cities_v2_invalid_city_name_should_fail[bad_city_name6-admin]","
    Негатив: невалидные значения city_name → 400/422.
    "
"passed","Sun Dec 07 00:29:11 UTC 2025","Sun Dec 07 00:29:12 UTC 2025","406","tests.admin_panel","test_report_accruals","","","","test_report_accruals_unauthorized",""
"passed","Sun Dec 07 00:45:50 UTC 2025","Sun Dec 07 00:45:51 UTC 2025","907","tests.admin_panel.sliders","test_54_update_slider","","","","test_update_slider_invalid_payload[payload1-expected_code1]","Негативный тест: обновление слайдера с невалидным или неполным телом запроса."
"passed","Sun Dec 07 00:21:40 UTC 2025","Sun Dec 07 00:21:40 UTC 2025","543","tests.PROJECT_EDUCATION.test_system","test_03_user_answers","","","","test_user_answers_invalid_payload[payload0-expected_code0]",""
"passed","Sun Dec 07 00:36:21 UTC 2025","Sun Dec 07 00:36:22 UTC 2025","546","tests.admin_panel.periods","test_get_period_by_id","","","","test_get_period_by_id__invalid_400_404[1,2]",""
"passed","Sun Dec 07 01:18:44 UTC 2025","Sun Dec 07 01:18:44 UTC 2025","130","tests.delivery","test_get_dpd_offices","","","","test_get_dpd_offices_invalid_city_id_should_fail[-1-admin]",""
"passed","Sun Dec 07 00:59:26 UTC 2025","Sun Dec 07 00:59:26 UTC 2025","171","tests.cart","test_11_cart_save_delivery_method","","","","test_save_delivery_method_without_cart[partner-FivePost]","
    нужна обязательно корзина
    "
"passed","Sun Dec 07 01:22:47 UTC 2025","Sun Dec 07 01:22:54 UTC 2025","6742","tests.integration","test_order_pickup_ru","","","","test_order_pickup_ru[CDEK]",""
"passed","Sun Dec 07 01:09:37 UTC 2025","Sun Dec 07 01:09:37 UTC 2025","127","tests.catalog","test_product_get_by_slug","","","","test_get_product_by_slug_missing_slug[client]","
    Негативный: slug вообще не передаём (/product без /{slug})
    "
"passed","Sun Dec 07 00:30:27 UTC 2025","Sun Dec 07 00:30:27 UTC 2025","556","tests.admin_panel.categories","test_56_v2_create_category","","","","test_v2_create_category_invalid_payload[payload6-422]","Негативный тест: создание категории с невалидным телом запроса."
"passed","Sun Dec 07 00:25:37 UTC 2025","Sun Dec 07 00:25:37 UTC 2025","131","tests.account","test_post_bonus_tokens","","","","test_get_bonus_tokens_positive[admin]","Позитивные тесты на получение списка токенов"
"skipped","Sun Dec 07 01:27:47 UTC 2025","Sun Dec 07 01:27:47 UTC 2025","130","tests.statistic","test_team_go","","","","test_get_team_go_statistic_negative[payload1-partner]","Негативный тест: ошибка при получении статистики по команде с невалидным телом запроса"
"passed","Sun Dec 07 01:28:47 UTC 2025","Sun Dec 07 01:28:47 UTC 2025","130","tests.stock","test_get_stock_by_id","","","","test_get_stock_by_invalid_id[0-admin]","Невалидные значения ID склада"
"skipped","Sun Dec 07 00:25:47 UTC 2025","Sun Dec 07 00:25:47 UTC 2025","138","tests.account","test_post_downgrade_user","","","","test_downgrade_validation_errors[bad_payload1-admin]","
    Валидация: битый payload → 400/422.
    "
"passed","Sun Dec 07 00:21:54 UTC 2025","Sun Dec 07 00:21:54 UTC 2025","544","tests.PROJECT_EDUCATION.test_system","test_04_finish_test","","","","test_finish_test_invalid_id[999999]","Негативный тест: запуск теста с невалидным ID"
"passed","Sun Dec 07 00:52:27 UTC 2025","Sun Dec 07 00:52:27 UTC 2025","131","tests.auth","test_02_login","","","","test_admin_login[admin-Admin-wrong_password-401]",""
"skipped","Sun Dec 07 01:12:25 UTC 2025","Sun Dec 07 01:12:25 UTC 2025","0","tests.chat_support","test_02_support_chat_messages_get","","","","test_get_messages_invalid_pagination[page=-1-partner]","Негативный: невалидные параметры пагинации"
"passed","Sun Dec 07 01:17:20 UTC 2025","Sun Dec 07 01:17:20 UTC 2025","134","tests.delivery","test_get_cities_v2","","","","test_get_cities_v2_success[params1-partner]","
    Позитив: успешное получение списка городов (обязателен city_name, country_id — опционален).
    "
"passed","Sun Dec 07 01:09:15 UTC 2025","Sun Dec 07 01:09:16 UTC 2025","569","tests.catalog","test_product_get_by_id","","","","test_get_product_by_id_invalid_string[]","
    Негативный: ID строкового типа
    "
"passed","Sun Dec 07 01:12:59 UTC 2025","Sun Dec 07 01:13:02 UTC 2025","2529","tests.delivery","test_01_save_delivery_address","","","","test_save_delivery_address_positive[partner-payload1]","Позитивные тесты на сохранение адреса доставки"
"passed","Sun Dec 07 00:24:23 UTC 2025","Sun Dec 07 00:24:23 UTC 2025","129","tests.account","test_account_branded_wallet_upload","","","","test_upload_missing_image_field_returns_400_or_422[partner]","Негатив: отсутствует поле 'image' → 400/422"
"passed","Sun Dec 07 00:44:39 UTC 2025","Sun Dec 07 00:44:39 UTC 2025","136","tests.admin_panel.sliders","test_52_create_slider","","","","test_create_slider_forbidden[client]","Негативный тест: создание слайдера не-админом запрещено."
"passed","Sun Dec 07 01:32:13 UTC 2025","Sun Dec 07 01:32:14 UTC 2025","1124","tests.tickets","test_04_create_ticket","","","","test_create_ticket_success[client-attachments2-ReceivingProductsShortage]","Позитивный тест: создание тикета с разными темами и вложениями для клиента, партнера и админа"
"passed","Sun Dec 07 00:28:12 UTC 2025","Sun Dec 07 00:28:12 UTC 2025","570","tests.admin_panel","test_05_admin_support_users_token_revoke_all","","","","test_invalid_user_id_for_revoke_all_returns_client_error[abc]",""
"passed","Sun Dec 07 00:39:14 UTC 2025","Sun Dec 07 00:39:14 UTC 2025","553","tests.admin_panel.products","test_42_update_product_brand","","","","test_update_product_brand_invalid_id[abc]","Негативный тест: несуществующий или некорректный ID."
"skipped","Sun Dec 07 00:30:10 UTC 2025","Sun Dec 07 00:30:10 UTC 2025","0","tests.admin_panel.categories","test_50_upload_category_images","","","","test_upload_category_images_file_too_large[5.3-fields_to_send7-400]","Негативный тест: загрузка слишком большого изображения."
"failed","Sun Dec 07 01:01:53 UTC 2025","Sun Dec 07 01:01:57 UTC 2025","3738","tests.cart","test_12_cart_estimate_delivery","","","","test_estimate_delivery_success[partner-yandex-payload9]","
    Позитив: корзина с товаром, выбор способа доставки и расчёт стоимости для разных служб
    "
"passed","Sun Dec 07 01:22:55 UTC 2025","Sun Dec 07 01:23:02 UTC 2025","7014","tests.integration","test_order_pickup_ru","","","","test_order_pickup_ru[YandexPVZ]",""
"skipped","Sun Dec 07 01:18:22 UTC 2025","Sun Dec 07 01:18:22 UTC 2025","419","tests.delivery","test_get_delivery_countries","","","","test_get_delivery_countries_unauthorized","Негатив: запрос без авторизации."
"skipped","Sun Dec 07 01:29:16 UTC 2025","Sun Dec 07 01:29:16 UTC 2025","0","tests.tickets","test_01_get_tickets","","","","test_get_tickets_success[filter1-sort0-search1-pagination0-client]","Позитивный тест: получение списка тикетов с разными комбинациями параметров"
"skipped","Sun Dec 07 00:24:02 UTC 2025","Sun Dec 07 00:24:02 UTC 2025","0","tests.account","test_account_branded_wallet_get","","","","test_get_period_bad_types_400_or_422[period1-client]","
    Негатив: некорректные типы month/year → 400/422
    "
"passed","Sun Dec 07 00:27:02 UTC 2025","Sun Dec 07 00:27:02 UTC 2025","566","tests.admin_panel","test_03_support_delete_user","","","","test_invalid_id_returns_client_error[abc]","
    Кривой/отсутствующий id в path:
    ожидаем клиентскую ошибку (400/404/405), а не 5xx.
    "
"passed","Sun Dec 07 00:39:16 UTC 2025","Sun Dec 07 00:39:17 UTC 2025","889","tests.admin_panel.products","test_42_update_product_brand","","","","test_update_product_brand_invalid_payload[payload0-expected_code0]","Негативный тест: обновление бренда с невалидным или неполным телом запроса."
"passed","Sun Dec 07 01:21:41 UTC 2025","Sun Dec 07 01:21:41 UTC 2025","128","tests.delivery","test_self_pickup_offices","","","","test_self_pickup_offices_invalid_params[client-params3]","
    Негатив: невалидные параметры -> 400 с телом ошибки.
    "
"passed","Sun Dec 07 01:29:21 UTC 2025","Sun Dec 07 01:29:21 UTC 2025","128","tests.tickets","test_01_get_tickets","","","","test_get_tickets_invalid_pagination[invalid_pagination0-partner]","Негативный тест: передаем некорректные значения в pagination"
"skipped","Sun Dec 07 01:28:17 UTC 2025","Sun Dec 07 01:28:17 UTC 2025","141","tests.statistic","test_team_registrations","","","","test_get_team_registration_statistic_negative[payload1-admin]","Негативный тест: ошибка при получении статистики регистрации команды с невалидным телом запроса"
"skipped","Sun Dec 07 00:55:50 UTC 2025","Sun Dec 07 00:55:51 UTC 2025","339","tests.cart","test_06_cart_update","","","","test_update_cart_item_invalid_payload[partner-payload1]","Негатив: невалидный payload."
"skipped","Sun Dec 07 01:21:19 UTC 2025","Sun Dec 07 01:21:19 UTC 2025","138","tests.delivery","test_mongpost_postcodes","","","","test_mongpost_postcodes_invalid_city_id[-1-admin]","Негативный тест: невалидные значения city_id → 400/422"
"passed","Sun Dec 07 00:26:49 UTC 2025","Sun Dec 07 00:26:50 UTC 2025","956","tests.admin_panel","test_03_support_delete_user","","","","test_admin_can_delete_support_by_user_id_soft_delete","
    DELETE /admin/support-users/{id}
    "
"passed","Sun Dec 07 01:24:10 UTC 2025","Sun Dec 07 01:24:11 UTC 2025","404","tests.one_c","test_create_1c_stock","","","","test_post_bad_request_or_unprocessable[<lambda>0]",""
"passed","Sun Dec 07 00:42:27 UTC 2025","Sun Dec 07 00:42:28 UTC 2025","864","tests.admin_panel.promo","test_74_update_promotion","","","","test_update_promotion_invalid_payload[payload4-400]","Негативный тест: обновление акции с невалидным или неполным телом запроса."
"passed","Sun Dec 07 00:54:20 UTC 2025","Sun Dec 07 00:54:21 UTC 2025","1155","tests.cart","test_02_get_delivery_cost","","","","test_get_delivery_cost_success_full_payload[client]","Позитив: успешное получение ТК при полном наборе параметров"
"passed","Sun Dec 07 01:25:31 UTC 2025","Sun Dec 07 01:25:34 UTC 2025","3154","tests.orders","test_create_order_by_delivery_address","","","","test_create_order_permissions[authorize_client-authorize_partner-404]","Тест: проверка прав доступа при создании заказа по сохраненному адресу"
"skipped","Sun Dec 07 00:25:33 UTC 2025","Sun Dec 07 00:25:33 UTC 2025","0","tests.account","test_history_personal_volumes_admin","","","","test_get_personal_volumes_history_admin_positive[client-payload1]","Позитивные тесты на получение истории начисления личных объемов для админа"
"passed","Sun Dec 07 00:51:07 UTC 2025","Sun Dec 07 00:51:10 UTC 2025","3660","tests.admin_panel.slides","test_61_upload_slides_images","","","","test_upload_slide_images_file_too_large[4.7-fields_to_send6-204]","Негативный тест: загрузка слишком большого изображения."
"skipped","Sun Dec 07 01:12:25 UTC 2025","Sun Dec 07 01:12:25 UTC 2025","0","tests.chat_support","test_01_support_chat_messages_post","","","","test_default_updated_sort_when_no_sort_given[client]","
    Нет sort в теле — должен применяться дефолт updated_at DESC.
    "
"passed","Sun Dec 07 00:42:49 UTC 2025","Sun Dec 07 00:42:49 UTC 2025","850","tests.admin_panel.promo","test_74_update_promotion","","","","test_update_promotion_invalid_payload[payload12-422]","Негативный тест: обновление акции с невалидным или неполным телом запроса."
"passed","Sun Dec 07 01:16:23 UTC 2025","Sun Dec 07 01:16:23 UTC 2025","136","tests.delivery","test_get_boxberry_offices","","","","test_get_boxberry_offices_invalid_city_id_should_fail[-admin]",""
"skipped","Sun Dec 07 01:28:23 UTC 2025","Sun Dec 07 01:28:23 UTC 2025","0","tests.stock","test_create_stock","","","","test_create_stock_with_empty_string_log_if_not_200[address.comment]",""
"skipped","Sun Dec 07 00:25:02 UTC 2025","Sun Dec 07 00:25:02 UTC 2025","0","tests.account","test_delete","","","","test_delete_account_positive[admin]","Позитивные тесты на удаление аккаунта"
"passed","Sun Dec 07 00:23:12 UTC 2025","Sun Dec 07 00:23:12 UTC 2025","158","tests.account","test_0_grades_rating","","","","test_get_grades_rating_positive[client]","Позитивные тесты на получение рейтинга квалификаций"
"failed","Sun Dec 07 00:29:06 UTC 2025","Sun Dec 07 00:29:07 UTC 2025","548","tests.admin_panel","test_partner_accrual_details_main_bonus","","","","test_main_bonus_details_invalid_query_params[query5-expected_codes5]","
    Негатив: валидация query-параметров main-bonus
    "
"passed","Sun Dec 07 00:50:20 UTC 2025","Sun Dec 07 00:50:21 UTC 2025","1094","tests.admin_panel.slides","test_61_upload_slides_images","","","","test_upload_slide_images_invalid_format[invalid.txt-text/plain-400]","Негативный и позитивный тест: загрузка изображений в разных форматах."
"passed","Sun Dec 07 01:14:00 UTC 2025","Sun Dec 07 01:14:02 UTC 2025","2047","tests.delivery","test_01_save_delivery_address","","","","test_save_delivery_address_negative[partner-payload2-400]","Негативные тесты на сохранение адреса доставки"
"skipped","Sun Dec 07 00:25:02 UTC 2025","Sun Dec 07 00:25:02 UTC 2025","0","tests.account","test_delete","","","","test_delete_account_positive[client]","Позитивные тесты на удаление аккаунта"
"passed","Sun Dec 07 00:47:02 UTC 2025","Sun Dec 07 00:47:02 UTC 2025","130","tests.admin_panel.slides","test_56_get_slides","","","","test_get_slides_forbidden[client]","Негативный тест: получение списка слайдов не админом."
"skipped","Sun Dec 07 00:36:59 UTC 2025","Sun Dec 07 00:36:59 UTC 2025","0","tests.admin_panel.products","test_01_create_product_group","","","","test_create_duplicate_product_group_should_fail","Негативный тест: попытка создать идентичные продукт группы"
"skipped","Sun Dec 07 01:12:25 UTC 2025","Sun Dec 07 01:12:25 UTC 2025","0","tests.chat_support","test_01_support_chat_messages_post","","","","test_post_message_invalid_payload[payload0-partner]",""
"passed","Sun Dec 07 01:08:28 UTC 2025","Sun Dec 07 01:08:28 UTC 2025","377","tests.catalog","test_get_items_list","","","","test_get_items_list_success[partner]","
    Позитивный тест: успешное получение списка атомарных товаров
    "
"skipped","Sun Dec 07 01:05:29 UTC 2025","Sun Dec 07 01:05:29 UTC 2025","0","tests.catalog","test_create_admin_product","","","","test_create_product_duplicate_slug[en]",""
"passed","Sun Dec 07 00:31:02 UTC 2025","Sun Dec 07 00:31:03 UTC 2025","1066","tests.admin_panel.categories","test_57_v2_update_category","","","","test_v2_update_category_invalid_payload[payload4-422]","Негативный тест: обновление категории с невалидным или неполным телом запроса."
"skipped","Sun Dec 07 00:24:02 UTC 2025","Sun Dec 07 00:24:02 UTC 2025","0","tests.account","test_account_branded_wallet_get","","","","test_get_period_bad_types_400_or_422[period2-client]","
    Негатив: некорректные типы month/year → 400/422
    "
"passed","Sun Dec 07 01:36:35 UTC 2025","Sun Dec 07 01:36:36 UTC 2025","547","tests.tickets","test_04_create_ticket","","","","test_create_ticket_invalid_request_type[partner-None-200]","Негативный тест: попытка создания тикета с неверным типом request_type"
"passed","Sun Dec 07 00:24:58 UTC 2025","Sun Dec 07 00:24:59 UTC 2025","975","tests.account","test_add_cover_url","","","","test_add_cover_invalid_payload[payload3]",""
"skipped","Sun Dec 07 00:53:57 UTC 2025","Sun Dec 07 00:53:57 UTC 2025","0","tests.cart","test_01_user_locale","","","","test_update_user_locale_valid_payload[payload7]","
    Позитивный тест: Обновление языка/склада/локали НЕавторизованным пользователем с указанной корзиной в cookie.
    "
"passed","Sun Dec 07 00:48:06 UTC 2025","Sun Dec 07 00:48:07 UTC 2025","568","tests.admin_panel.slides","test_57_create_slide","","","","test_create_slide_title_color_validation[#GGGGGG-400]","Валидация поля title_color при создании слайда."
"passed","Sun Dec 07 00:48:28 UTC 2025","Sun Dec 07 00:48:28 UTC 2025","582","tests.admin_panel.slides","test_58_get_slides_by_id","","","","test_get_slides_invalid_id[-1]","Негативный тест: невалидный ID в path-параметре."
"passed","Sun Dec 07 01:31:40 UTC 2025","Sun Dec 07 01:31:41 UTC 2025","1103","tests.tickets","test_04_create_ticket","","","","test_create_ticket_success[client-attachments2-QuestionsAboutOrders]","Позитивный тест: создание тикета с разными темами и вложениями для клиента, партнера и админа"
"passed","Sun Dec 07 01:34:15 UTC 2025","Sun Dec 07 01:34:16 UTC 2025","1125","tests.tickets","test_04_create_ticket","","","","test_create_ticket_success[partner-attachments2-ReceivingProductsShortage]","Позитивный тест: создание тикета с разными темами и вложениями для клиента, партнера и админа"
"passed","Sun Dec 07 00:23:41 UTC 2025","Sun Dec 07 00:23:41 UTC 2025","133","tests.account","test_0_users_by_lo_rating","","","","test_get_users_by_lo_rating_positive[client]","Позитивные тесты на получение рейтинга продавцов по личному объему"
"skipped","Sun Dec 07 00:25:11 UTC 2025","Sun Dec 07 00:25:11 UTC 2025","0","tests.account","test_family_agreement_create_one","","","","test_create_family_agreement_one_positive[partner-payload0]","Позитивные тесты на создание семейного соглашения при отсутствующем втором партнере"
"passed","Sun Dec 07 00:27:28 UTC 2025","Sun Dec 07 00:27:28 UTC 2025","543","tests.admin_panel","test_04_generate_support_token","","","","test_invalid_ttl_returns_400[abc]",""
"passed","Sun Dec 07 00:47:49 UTC 2025","Sun Dec 07 00:47:50 UTC 2025","583","tests.admin_panel.slides","test_57_create_slide","","","","test_create_slide_invalid_payload[payload21-422]","Негативные тесты: некорректные и неполные payload'ы."
"skipped","Sun Dec 07 01:26:08 UTC 2025","Sun Dec 07 01:26:08 UTC 2025","0","tests.orders","test_orders_v2_pay","","","","test_orders_v2_pay_invalid_data[invalid_payload4-500]","Негативный тест: отправка некорректных данных"
"passed","Sun Dec 07 00:52:40 UTC 2025","Sun Dec 07 00:52:40 UTC 2025","156","tests.auth","test_02_login","","","","test_partner_login[partner-2877-123123-200]",""
"skipped","Sun Dec 07 00:36:59 UTC 2025","Sun Dec 07 00:36:59 UTC 2025","0","tests.admin_panel.products","test_01_delete_product_group","","","","test_delete_product_group_invalid_id[0]","Негативный тест: удаление несуществующей или некорректной продукт группы."
"passed","Sun Dec 07 01:33:09 UTC 2025","Sun Dec 07 01:33:10 UTC 2025","1209","tests.tickets","test_04_create_ticket","","","","test_create_ticket_success[partner-attachments1-QuestionsAboutTheWorkOfTheStructureAndMentors]","Позитивный тест: создание тикета с разными темами и вложениями для клиента, партнера и админа"
"passed","Sun Dec 07 01:27:31 UTC 2025","Sun Dec 07 01:27:31 UTC 2025","140","tests.statistic","test_team_go","","","","test_get_team_go_statistic_positive[payload2-client]","Позитивный тест: получение статистики по команде с валидным телом запроса"
"skipped","Sun Dec 07 01:12:25 UTC 2025","Sun Dec 07 01:12:25 UTC 2025","0","tests.chat_support","test_01_support_chat_messages_post","","","","test_tickets_list_invalid_pagination_payload[bad_payload0-partner]",""
"passed","Sun Dec 07 00:30:35 UTC 2025","Sun Dec 07 00:30:36 UTC 2025","1148","tests.admin_panel.categories","test_57_v2_update_category","","","","test_v2_update_category_slug_should_fail_if_not_unique","Негативный тест: попытка обновить slug категории на уже существующий."
"passed","Sun Dec 07 00:34:57 UTC 2025","Sun Dec 07 00:34:58 UTC 2025","547","tests.admin_panel.items","test_get_item_translation","","","","test_get_item_translation_invalid_id[abc]",""
"passed","Sun Dec 07 00:35:30 UTC 2025","Sun Dec 07 00:35:31 UTC 2025","549","tests.admin_panel.items","test_update_item","","","","test_update_item_invalid_id[9999999]","Негативный тест: несуществующий или некорректный ID."
"skipped","Sun Dec 07 01:29:16 UTC 2025","Sun Dec 07 01:29:16 UTC 2025","0","tests.tickets","test_01_get_tickets","","","","test_get_tickets_success[filter2-sort1-search2-pagination0-admin]","Позитивный тест: получение списка тикетов с разными комбинациями параметров"
"passed","Sun Dec 07 00:56:47 UTC 2025","Sun Dec 07 00:56:48 UTC 2025","1616","tests.cart","test_10_cart_save_city","","","","test_save_city_by_id_success[client]","Позитив: сохранение города по city_id."
"skipped","Sun Dec 07 00:29:10 UTC 2025","Sun Dec 07 00:29:10 UTC 2025","579","tests.admin_panel","test_report_accruals","","","","test_report_accruals_full_payload",""
"skipped","Sun Dec 07 01:28:23 UTC 2025","Sun Dec 07 01:28:23 UTC 2025","0","tests.stock","test_create_stock","","","","test_create_stock_with_empty_string_log_if_not_200[address.email]",""
"passed","Sun Dec 07 00:31:40 UTC 2025","Sun Dec 07 00:31:42 UTC 2025","1433","tests.admin_panel.categories","test_80_create_category_translation","","","","test_create_category_translation_success[de]","Позитивный тест: создание/обновление перевода категории для разных языков."
"passed","Sun Dec 07 00:36:46 UTC 2025","Sun Dec 07 00:36:47 UTC 2025","580","tests.admin_panel.periods","test_get_period_current","","","","test_get_period_current__200_or_404",""
"skipped","Sun Dec 07 01:26:28 UTC 2025","Sun Dec 07 01:26:28 UTC 2025","0","tests.register","test_02_register_partner","","","","test_register_partner_positive[client-403]","Тест: позитивные тесты для регистрации партнера вручную"
"skipped","Sun Dec 07 01:38:21 UTC 2025","Sun Dec 07 01:38:23 UTC 2025","1133","tests.tickets","test_10_send_message_to_ticket","","","","test_send_message_validation[message_payload1-400]","Проверка валидации входных данных при отправке сообщений"
"skipped","Sun Dec 07 01:12:25 UTC 2025","Sun Dec 07 01:12:25 UTC 2025","0","tests.chat_support","test_02_support_chat_messages_get","","","","test_get_messages_success_with_pagination[1-1-client]","Позитивный: получение с пагинацией"
"skipped","Sun Dec 07 01:28:23 UTC 2025","Sun Dec 07 01:28:23 UTC 2025","0","tests.stock","test_create_stock","","","","test_create_stock_with_empty_string_log_if_not_200[address.longitude]",""
"passed","Sun Dec 07 01:29:47 UTC 2025","Sun Dec 07 01:29:47 UTC 2025","133","tests.tickets","test_01_get_tickets","","","","test_get_tickets_invalid_filter[invalid_filter3-400-partner]","Негативный тест: передаем некорректные параметры фильтрации"
"skipped","Sun Dec 07 01:03:41 UTC 2025","Sun Dec 07 01:03:42 UTC 2025","444","tests.cart","test_18_cart_available_countries","","","","test_cart_available_countries_unauthorized","Негатив: вызов без авторизации/корзины."
"skipped","Sun Dec 07 00:21:27 UTC 2025","Sun Dec 07 00:21:27 UTC 2025","0","tests.PROJECT_EDUCATION.test_system","test_03_user_answers","","","","test_user_answers","Принятие ответов к вопросу от пользователя"
"passed","Sun Dec 07 00:35:13 UTC 2025","Sun Dec 07 00:35:13 UTC 2025","398","tests.admin_panel.items","test_update_item","","","","test_update_item_unauthorized","Негативный тест: попытка обновления item без авторизации."
"passed","Sun Dec 07 00:47:22 UTC 2025","Sun Dec 07 00:47:23 UTC 2025","584","tests.admin_panel.slides","test_57_create_slide","","","","test_create_slide_invalid_payload[payload4-expected_code4]","Негативные тесты: некорректные и неполные payload'ы."
"skipped","Sun Dec 07 01:18:31 UTC 2025","Sun Dec 07 01:18:31 UTC 2025","129","tests.delivery","test_get_delivery_regions","","","","test_get_delivery_regions_invalid_params[invalid_params1-admin]","Негатив: невалидные значения query-параметров → 400/422."
"passed","Sun Dec 07 00:24:44 UTC 2025","Sun Dec 07 00:24:45 UTC 2025","589","tests.account","test_add_cover_url","","","","test_add_cover_full_payload[admin]",""
"passed","Sun Dec 07 00:41:35 UTC 2025","Sun Dec 07 00:41:36 UTC 2025","881","tests.admin_panel.promo","test_72_create_promotion","","","","test_create_duplicate_promotion_should_fail","Негативный тест: попытка создать акцию с тем же уникальным полем name."
"skipped","Sun Dec 07 01:17:38 UTC 2025","Sun Dec 07 01:17:39 UTC 2025","295","tests.delivery","test_get_cities_v2","","","","test_get_cities_v2_invalid_country_id_should_fail[abc-admin]","
    Негатив: невалидные значения country_id → 400/422.
    "
"skipped","Sun Dec 07 01:28:22 UTC 2025","Sun Dec 07 01:28:22 UTC 2025","0","tests.stock","test_create_stock","","","","test_create_stock_with_empty_string_log_if_not_200[city.name]",""
"passed","Sun Dec 07 01:10:27 UTC 2025","Sun Dec 07 01:10:32 UTC 2025","4862","tests.catalog","test_update_admin_product","","","","test_update_admin_product_duplicate_slug",""
"skipped","Sun Dec 07 01:16:48 UTC 2025","Sun Dec 07 01:16:49 UTC 2025","419","tests.delivery","test_get_cargo_offices","","","","test_get_cargo_offices_unauthorized",""
"skipped","Sun Dec 07 01:28:23 UTC 2025","Sun Dec 07 01:28:23 UTC 2025","0","tests.stock","test_create_stock","","","","test_create_stock_with_empty_string_log_if_not_200[delivery_restrictions.stock_id]",""
"skipped","Sun Dec 07 00:25:48 UTC 2025","Sun Dec 07 00:25:49 UTC 2025","130","tests.account","test_post_downgrade_user","","","","test_downgrade_validation_errors[bad_payload2-admin]","
    Валидация: битый payload → 400/422.
    "
"passed","Sun Dec 07 00:27:36 UTC 2025","Sun Dec 07 00:27:36 UTC 2025","563","tests.admin_panel","test_04_generate_support_token","","","","test_invalid_ttl_returns_400[0]",""
"passed","Sun Dec 07 01:28:00 UTC 2025","Sun Dec 07 01:28:00 UTC 2025","134","tests.statistic","test_team_registrations","","","","test_get_team_registration_statistic_positive[payload2-client]","Позитивный тест: получение статистики по регистрации команды с валидным телом запроса"
"skipped","Sun Dec 07 01:29:16 UTC 2025","Sun Dec 07 01:29:16 UTC 2025","0","tests.tickets","test_01_get_tickets","","","","test_get_tickets_success[filter1-sort1-search1-pagination1-client]","Позитивный тест: получение списка тикетов с разными комбинациями параметров"
"passed","Sun Dec 07 00:43:20 UTC 2025","Sun Dec 07 00:43:21 UTC 2025","584","tests.admin_panel.promo","test_76_get_promotion_items","","","","test_get_promotion_item_invalid_id[1.5-1.5]","Негативный тест: получение элемента с невалидным ID."
"passed","Sun Dec 07 00:50:28 UTC 2025","Sun Dec 07 00:50:29 UTC 2025","1050","tests.admin_panel.slides","test_61_upload_slides_images","","","","test_upload_slide_images_invalid_format[invalid.exe-application/octet-stream-400]","Негативный и позитивный тест: загрузка изображений в разных форматах."
"passed","Sun Dec 07 00:38:07 UTC 2025","Sun Dec 07 00:38:07 UTC 2025","738","tests.admin_panel.products","test_40_create_product_brand","","","","test_create_product_brand_success","Позитивный тест: успешное создание бренда (все поля)."
"skipped","Sun Dec 07 00:25:33 UTC 2025","Sun Dec 07 00:25:33 UTC 2025","0","tests.account","test_history_group_volumes_admin","","","","test_get_group_volumes_history_admin_positive[client-payload1]","Позитивные тесты на получение истории начисления групповых объемов для админа"
"passed","Sun Dec 07 01:13:22 UTC 2025","Sun Dec 07 01:13:24 UTC 2025","1963","tests.delivery","test_01_save_delivery_address","","","","test_save_delivery_address_negative[client-payload1-400]","Негативные тесты на сохранение адреса доставки"
"passed","Sun Dec 07 00:59:49 UTC 2025","Sun Dec 07 00:59:53 UTC 2025","3907","tests.cart","test_12_cart_estimate_delivery","","","","test_estimate_delivery_success[client-kgpost-payload3]","
    Позитив: корзина с товаром, выбор способа доставки и расчёт стоимости для разных служб
    "
"passed","Sun Dec 07 00:39:47 UTC 2025","Sun Dec 07 00:39:47 UTC 2025","856","tests.admin_panel.products","test_43_delete_product_brand","","","","test_delete_product_brand_forbidden[client]","Негативный тест: попытка удаления бренда не-админом."
"passed","Sun Dec 07 01:22:40 UTC 2025","Sun Dec 07 01:22:46 UTC 2025","5750","tests.integration","test_order_international","","","","test_order_international","
    Полный цикл:
      логин -> каталог -> корзина (update + update_multi: qty=2) -> адрес/доставка
      -> оплата TestPay -> check_payment.
    "
"skipped","Sun Dec 07 01:03:12 UTC 2025","Sun Dec 07 01:03:12 UTC 2025","129","tests.cart","test_14_cart_update_personal_data","","","","test_update_personal_data_invalid_payload[partner-payload2]","
    Негатив: отсутствующие обязательные поля или невалидные значения
    "
"skipped","Sun Dec 07 01:29:16 UTC 2025","Sun Dec 07 01:29:16 UTC 2025","0","tests.tickets","test_01_get_tickets","","","","test_get_tickets_success[filter0-sort1-search0-pagination0-client]","Позитивный тест: получение списка тикетов с разными комбинациями параметров"
"passed","Sun Dec 07 01:37:55 UTC 2025","Sun Dec 07 01:37:56 UTC 2025","873","tests.tickets","test_09_get_ticket_messages","","","","test_get_ticket_messages_positive[admin]","Позитивный тест: успешное получение списка сообщений тикета"
"passed","Sun Dec 07 00:58:53 UTC 2025","Sun Dec 07 00:58:57 UTC 2025","3678","tests.cart","test_11_cart_save_delivery_method","","","","test_save_delivery_method_success_with_cart[partner-Haypost]","
    Позитив: сохранение способа доставки для всех значений с корзиной
    "
"passed","Sun Dec 07 00:45:02 UTC 2025","Sun Dec 07 00:45:02 UTC 2025","547","tests.admin_panel.sliders","test_52_create_slider","","","","test_create_slider_invalid_payload[payload12-422]","Негативный тест: попытка создать слайдер с невалидным payload."
"passed","Sun Dec 07 00:47:10 UTC 2025","Sun Dec 07 00:47:11 UTC 2025","756","tests.admin_panel.slides","test_57_create_slide","","","","test_create_slide_success","Позитивный тест: успешное создание слайда (все поля)."
"skipped","Sun Dec 07 01:12:25 UTC 2025","Sun Dec 07 01:12:25 UTC 2025","0","tests.chat_support","test_02_support_chat_messages_get","","","","test_get_messages_success_no_pagination[partner]","Позитивный: успешное получение сообщений без пагинации"
"skipped","Sun Dec 07 01:29:16 UTC 2025","Sun Dec 07 01:29:16 UTC 2025","0","tests.tickets","test_01_get_tickets","","","","test_get_tickets_success[filter1-sort0-search2-pagination0-admin]","Позитивный тест: получение списка тикетов с разными комбинациями параметров"
"passed","Sun Dec 07 01:14:33 UTC 2025","Sun Dec 07 01:14:37 UTC 2025","4711","tests.delivery","test_01_save_delivery_address","","","","test_create_two_addresses_with_different_delivery[partner]","Создание двух адресов с одинаковыми данными, кроме street в delivery"
"passed","Sun Dec 07 00:21:20 UTC 2025","Sun Dec 07 00:21:20 UTC 2025","547","tests.PROJECT_EDUCATION.test_system","test_02_get_question","","","","test_get_question_invalid_id[None]",""
"passed","Sun Dec 07 01:38:24 UTC 2025","Sun Dec 07 01:38:24 UTC 2025","427","tests.tickets","test_10_send_message_to_ticket","","","","test_send_message_unauthorized","Проверка отправки сообщений без авторизации"
"passed","Sun Dec 07 01:16:14 UTC 2025","Sun Dec 07 01:16:15 UTC 2025","918","tests.delivery","test_get_boxberry_offices","","","","test_get_boxberry_offices_success[5-client]",""
"skipped","Sun Dec 07 00:30:10 UTC 2025","Sun Dec 07 00:30:10 UTC 2025","0","tests.admin_panel.categories","test_50_upload_category_images","","","","test_upload_category_images_invalid_format[valid.jpg-image/jpeg-204]","Негативный тест: загрузка изображений в неверном формате (например, .txt)."
"skipped","Sun Dec 07 00:23:16 UTC 2025","Sun Dec 07 00:23:16 UTC 2025","0","tests.account","test_0_marathon","","","","test_create_product_brand_invalid_payload[params5-400-admin]",""
"skipped","Sun Dec 07 01:26:08 UTC 2025","Sun Dec 07 01:26:08 UTC 2025","0","tests.orders","test_orders_v2_pay","","","","test_orders_v2_pay_invalid_data[invalid_payload1-400]","Негативный тест: отправка некорректных данных"
"passed","Sun Dec 07 01:00:45 UTC 2025","Sun Dec 07 01:00:50 UTC 2025","4998","tests.cart","test_12_cart_estimate_delivery","","","","test_estimate_delivery_success[client-dpd_courier-payload13]","
    Позитив: корзина с товаром, выбор способа доставки и расчёт стоимости для разных служб
    "
"skipped","Sun Dec 07 01:37:22 UTC 2025","Sun Dec 07 01:37:23 UTC 2025","1132","tests.tickets","test_06_close_ticket","","","","test_close_tickets_negative[partner-ticket_ids1-400]","Негативные тесты: закрытие с некорректными данными"
"skipped","Sun Dec 07 01:28:58 UTC 2025","Sun Dec 07 01:28:58 UTC 2025","602","tests.stock","test_get_stocks","","","","test_get_stocks_invalid_country_id[abc-admin]","Проверка получения складов по невалидному country_id"
"skipped","Sun Dec 07 01:28:23 UTC 2025","Sun Dec 07 01:28:23 UTC 2025","0","tests.stock","test_create_stock","","","","test_create_stock_with_empty_string_log_if_not_200[address.latitude]",""
"skipped","Sun Dec 07 01:29:16 UTC 2025","Sun Dec 07 01:29:16 UTC 2025","0","tests.tickets","test_01_get_tickets","","","","test_get_tickets_success[filter2-sort0-search2-pagination0-client]","Позитивный тест: получение списка тикетов с разными комбинациями параметров"
"passed","Sun Dec 07 01:25:02 UTC 2025","Sun Dec 07 01:25:02 UTC 2025","129","tests.orders","test_calculate_client_changes","","","","test_calculate_client_changes_forbidden_to_other_minion[partner]","Негативный тест: клиент пытается запросить чужого minion_id → 403."
"passed","Sun Dec 07 01:30:43 UTC 2025","Sun Dec 07 01:30:44 UTC 2025","556","tests.tickets","test_04_create_ticket","","","","test_create_ticket_success[client-attachments0-ReceivingDefectiveProducts]","Позитивный тест: создание тикета с разными темами и вложениями для клиента, партнера и админа"
"passed","Sun Dec 07 01:27:30 UTC 2025","Sun Dec 07 01:27:30 UTC 2025","141","tests.statistic","test_team_go","","","","test_get_team_go_statistic_positive[payload1-admin]","Позитивный тест: получение статистики по команде с валидным телом запроса"
"passed","Sun Dec 07 01:23:59 UTC 2025","Sun Dec 07 01:24:01 UTC 2025","1354","tests.one_c","test_create_1c_stock","","","","test_full_address_autobuild_compact_without_parentheses",""
"passed","Sun Dec 07 01:14:39 UTC 2025","Sun Dec 07 01:14:42 UTC 2025","2694","tests.delivery","test_01_save_delivery_address","","","","test_create_two_identical_addresses[client]","Невозможность создать два полностью одинаковых адреса"
"passed","Sun Dec 07 01:12:12 UTC 2025","Sun Dec 07 01:12:15 UTC 2025","3622","tests.catalog","test_update_admin_product","","","","test_update_admin_product_invalid_payload[update_payload9-422]",""
"skipped","Sun Dec 07 01:12:25 UTC 2025","Sun Dec 07 01:12:25 UTC 2025","0","tests.chat_support","test_02_support_chat_messages_get","","","","test_get_messages_invalid_pagination[page_size=0-client]","Негативный: невалидные параметры пагинации"
"passed","Sun Dec 07 00:57:50 UTC 2025","Sun Dec 07 00:57:53 UTC 2025","3626","tests.cart","test_11_cart_save_delivery_method","","","","test_save_delivery_method_success_with_cart[partner-Cdek]","
    Позитив: сохранение способа доставки для всех значений с корзиной
    "
"passed","Sun Dec 07 00:37:49 UTC 2025","Sun Dec 07 00:37:51 UTC 2025","1769","tests.admin_panel.products","test_03_recommended_products_delete","","","","test_remove_recommendation_db_no_rights[client]","Пользователь без прав пытается удалить рекомендации."
"passed","Sun Dec 07 00:39:01 UTC 2025","Sun Dec 07 00:39:02 UTC 2025","426","tests.admin_panel.products","test_42_update_product_brand","","","","test_update_product_brand_unauthorized","Негативный тест: попытка обновления бренда без авторизации."
"passed","Sun Dec 07 00:37:10 UTC 2025","Sun Dec 07 00:37:13 UTC 2025","2340","tests.admin_panel.products","test_01_recommended_products_sort","","","","test_sort_recommendations_no_rights[partner]","Пользователь без прав пытается отсортировать рекомендации"
"skipped","Sun Dec 07 00:23:16 UTC 2025","Sun Dec 07 00:23:16 UTC 2025","0","tests.account","test_0_marathon","","","","test_create_product_brand_invalid_payload[params2-400-admin]",""
"passed","Sun Dec 07 01:20:00 UTC 2025","Sun Dec 07 01:20:00 UTC 2025","134","tests.delivery","test_get_georgian_post_pickup_points","","","","test_get_georgian_post_pickup_points_missing_city_id_should_fail[admin]","Негатив: отсутствует обязательный query-параметр city_id → 400/422."
"passed","Sun Dec 07 00:36:56 UTC 2025","Sun Dec 07 00:36:56 UTC 2025","128","tests.admin_panel.periods","test_get_periods","","","","test_get_periods__forbidden[partner]",""
"passed","Sun Dec 07 00:36:03 UTC 2025","Sun Dec 07 00:36:03 UTC 2025","548","tests.admin_panel.periods","test_get_approved_marketing_periods","","","","test_get_approved_marketing_periods__200_or_404_or_500",""
"passed","Sun Dec 07 01:33:39 UTC 2025","Sun Dec 07 01:33:40 UTC 2025","1114","tests.tickets","test_04_create_ticket","","","","test_create_ticket_success[partner-attachments2-QuestionsAboutTheHousingAndCarProgram]","Позитивный тест: создание тикета с разными темами и вложениями для клиента, партнера и админа"
"passed","Sun Dec 07 00:38:54 UTC 2025","Sun Dec 07 00:38:54 UTC 2025","572","tests.admin_panel.products","test_41_get_product_brand_by_id","","","","test_get_product_brand_invalid_id[1.5]","Негативный тест: получение бренда по невалидному ID"
"passed","Sun Dec 07 00:31:28 UTC 2025","Sun Dec 07 00:31:29 UTC 2025","567","tests.admin_panel.categories","test_79_get_category_translation","","","","test_get_category_translation_invalid_id[1.5]",""
"passed","Sun Dec 07 01:03:17 UTC 2025","Sun Dec 07 01:03:17 UTC 2025","197","tests.cart","test_15_cart_update_country","","","","test_update_country_success[partner]","Позитив: изменение страны доставки."
"passed","Sun Dec 07 01:16:39 UTC 2025","Sun Dec 07 01:16:39 UTC 2025","137","tests.delivery","test_get_cargo_offices","","","","test_get_cargo_offices_success[521-client]",""
"passed","Sun Dec 07 01:16:54 UTC 2025","Sun Dec 07 01:16:55 UTC 2025","419","tests.delivery","test_get_cdek_offices","","","","test_get_cdek_offices_success[521-admin]",""
"skipped","Sun Dec 07 00:55:32 UTC 2025","Sun Dec 07 00:55:32 UTC 2025","457","tests.cart","test_04_cart_full_data","","","","test_get_cart_full_data_unauthorized","Негатив: запрос без авторизации/корзины."
"passed","Sun Dec 07 00:48:45 UTC 2025","Sun Dec 07 00:48:46 UTC 2025","949","tests.admin_panel.slides","test_59_update_slide","","","","test_update_slide_forbidden[client]","Негативный тест: попытка обновления слайда не-админом."
"skipped","Sun Dec 07 00:24:02 UTC 2025","Sun Dec 07 00:24:02 UTC 2025","0","tests.account","test_account_branded_wallet_get","","","","test_get_period_zero_returns_400[client]","
    Негатив: период по нулям → 400.
    "
"passed","Sun Dec 07 00:45:47 UTC 2025","Sun Dec 07 00:45:48 UTC 2025","844","tests.admin_panel.sliders","test_54_update_slider","","","","test_update_slider_invalid_payload[payload0-expected_code0]","Негативный тест: обновление слайдера с невалидным или неполным телом запроса."
"passed","Sun Dec 07 00:43:32 UTC 2025","Sun Dec 07 00:43:33 UTC 2025","881","tests.admin_panel.promo","test_77_create_promotion_item","","","","test_create_promotion_item_forbidden[partner]","Негативный тест: создание элемента акции не-админом запрещено."
"skipped","Sun Dec 07 00:25:33 UTC 2025","Sun Dec 07 00:25:33 UTC 2025","0","tests.account","test_history_personal_volumes","","","","test_get_personal_volumes_history_positive[admin-payload1]","Позитивные тесты на получение истории начисления личных объемов"
"skipped","Sun Dec 07 01:21:21 UTC 2025","Sun Dec 07 01:21:21 UTC 2025","131","tests.delivery","test_mongpost_postcodes","","","","test_mongpost_postcodes_invalid_city_id[0-admin]","Негативный тест: невалидные значения city_id → 400/422"
"passed","Sun Dec 07 01:37:05 UTC 2025","Sun Dec 07 01:37:06 UTC 2025","833","tests.tickets","test_06_close_ticket","","","","test_close_ticket_success[partner]","Позитивный тест: закрытие тикета для клиента, партнера и админа."
"passed","Sun Dec 07 00:53:07 UTC 2025","Sun Dec 07 00:53:08 UTC 2025","616","tests.auth","test_06_full_logout","","","","test_full_logout_success[client]","Тест полного разлогина всех сессий клиента, партнера и админа."
"passed","Sun Dec 07 00:55:29 UTC 2025","Sun Dec 07 00:55:29 UTC 2025","280","tests.cart","test_04_cart_full_data","","","","test_get_cart_full_data_success[client]","Позитив: получение корзины с products."
"passed","Sun Dec 07 01:26:31 UTC 2025","Sun Dec 07 01:26:31 UTC 2025","556","tests.register","test_02_register_partner","","","","test_register_partner_negative[payload1-400]","Тест: негативные тесты для регистрации партнера вручную"
"passed","Sun Dec 07 00:22:04 UTC 2025","Sun Dec 07 00:22:05 UTC 2025","549","tests.PROJECT_EDUCATION.test_system","test_05_get_info","","","","test_get_info_invalid_id[]",""
"skipped","Sun Dec 07 01:17:42 UTC 2025","Sun Dec 07 01:17:42 UTC 2025","309","tests.delivery","test_get_cities_v2","","","","test_get_cities_v2_invalid_country_id_should_fail[0-admin]","
    Негатив: невалидные значения country_id → 400/422.
    "
"skipped","Sun Dec 07 00:55:49 UTC 2025","Sun Dec 07 00:55:49 UTC 2025","343","tests.cart","test_06_cart_update","","","","test_update_cart_item_invalid_payload[partner-payload0]","Негатив: невалидный payload."
"passed","Sun Dec 07 00:43:39 UTC 2025","Sun Dec 07 00:43:40 UTC 2025","865","tests.admin_panel.promo","test_77_create_promotion_item","","","","test_create_promotion_item_invalid_payload[payload1-400]",""
"passed","Sun Dec 07 01:21:35 UTC 2025","Sun Dec 07 01:21:35 UTC 2025","168","tests.delivery","test_self_pickup_offices","","","","test_self_pickup_offices_unknown_city_returns_empty_list[admin]","
    Позитив/краевой случай: неизвестный city_id -> 200 и пустой список.
    "
"passed","Sun Dec 07 01:08:45 UTC 2025","Sun Dec 07 01:08:46 UTC 2025","634","tests.catalog","test_get_recommended_products","","","","test_get_recommended_products_success[admin]","
    Позитивный тест: успешное получение рекомендованных продуктов по id товара
    "
"passed","Sun Dec 07 01:15:18 UTC 2025","Sun Dec 07 01:15:19 UTC 2025","134","tests.delivery","test_02_get_delivery_address","","","","test_get_delivery_addresses_invalid_pagination[invalid_pagination3-admin]","Негатив: некорректные параметры пагинации"
"passed","Sun Dec 07 00:51:59 UTC 2025","Sun Dec 07 00:52:01 UTC 2025","1229","tests.admin_panel.slides","test_62_slides_update_video_url","","","","test_update_video_url_success","Позитивный тест: успешное обновление ссылки на видео мастер-файл"
"passed","Sun Dec 07 00:54:37 UTC 2025","Sun Dec 07 00:54:37 UTC 2025","161","tests.cart","test_02_get_delivery_cost","","","","test_get_delivery_cost_success_partial_payload[client-payload4-400]","
    Позитив/граничные: сочетания полей региона/города
    "
"skipped","Sun Dec 07 01:17:25 UTC 2025","Sun Dec 07 01:17:25 UTC 2025","186","tests.delivery","test_get_cities_v2","","","","test_get_cities_v2_invalid_city_name_should_fail[-admin]","
    Негатив: невалидные значения city_name → 400/422.
    "
"skipped","Sun Dec 07 01:19:27 UTC 2025","Sun Dec 07 01:19:28 UTC 2025","411","tests.delivery","test_get_europost_offices","","","","test_get_europost_offices_unauthorized",""
"passed","Sun Dec 07 00:47:38 UTC 2025","Sun Dec 07 00:47:39 UTC 2025","601","tests.admin_panel.slides","test_57_create_slide","","","","test_create_slide_invalid_payload[payload14-expected_code14]","Негативные тесты: некорректные и неполные payload'ы."
"passed","Sun Dec 07 01:06:46 UTC 2025","Sun Dec 07 01:06:46 UTC 2025","404","tests.catalog","test_create_admin_product_translation","","","","test_create_admin_product_translation_unauthorized","Проверка запрета для неавторизованного пользователя."
"passed","Sun Dec 07 00:41:00 UTC 2025","Sun Dec 07 00:41:00 UTC 2025","136","tests.admin_panel.promo","test_71_get_promotions","","","","test_get_promotions_list_forbidden[client]","Негативный тест: получение списка акций не админом."
"passed","Sun Dec 07 01:18:50 UTC 2025","Sun Dec 07 01:18:50 UTC 2025","129","tests.delivery","test_get_dpd_offices","","","","test_get_dpd_offices_invalid_city_id_should_fail[None-admin]",""
"skipped","Sun Dec 07 01:36:48 UTC 2025","Sun Dec 07 01:36:48 UTC 2025","0","tests.tickets","test_04_create_ticket","","","","test_create_ticket_invalid_title[partner-]","Негативный тест: создание тикета без заголовка"
"skipped","Sun Dec 07 00:24:02 UTC 2025","Sun Dec 07 00:24:02 UTC 2025","0","tests.account","test_account_branded_wallet_get","","","","test_get_past_year_should_be_200[client]","
    прошлый период. днные есть - 200
    "
"passed","Sun Dec 07 00:27:42 UTC 2025","Sun Dec 07 00:27:43 UTC 2025","611","tests.admin_panel","test_04_generate_support_token","","","","test_invalid_user_id_for_token_returns_client_error[None]",""
"passed","Sun Dec 07 00:48:34 UTC 2025","Sun Dec 07 00:48:35 UTC 2025","643","tests.admin_panel.slides","test_58_get_slides_by_id","","","","test_get_slides_invalid_id[1.5]","Негативный тест: невалидный ID в path-параметре."
"passed","Sun Dec 07 00:51:47 UTC 2025","Sun Dec 07 00:51:47 UTC 2025","849","tests.admin_panel.slides","test_62_slides_get_upload_urls","","","","test_get_upload_urls_slider_not_video","Негативный тест: получение временных ссылок у слайда с типом 'image' вместо 'video'."
"passed","Sun Dec 07 01:33:43 UTC 2025","Sun Dec 07 01:33:44 UTC 2025","1117","tests.tickets","test_04_create_ticket","","","","test_create_ticket_success[partner-attachments2-QuestionsAboutOrders]","Позитивный тест: создание тикета с разными темами и вложениями для клиента, партнера и админа"
"skipped","Sun Dec 07 01:29:16 UTC 2025","Sun Dec 07 01:29:16 UTC 2025","0","tests.tickets","test_01_get_tickets","","","","test_get_tickets_success[filter2-sort0-search1-pagination0-client]","Позитивный тест: получение списка тикетов с разными комбинациями параметров"
"skipped","Sun Dec 07 00:56:07 UTC 2025","Sun Dec 07 00:56:07 UTC 2025","378","tests.cart","test_07_cart_update_multi","","","","test_update_cart_items_multi_invalid_payload[client-payload2]","Негатив: невалидный payload для /cart/update_multi."
"skipped","Sun Dec 07 00:23:16 UTC 2025","Sun Dec 07 00:23:16 UTC 2025","0","tests.account","test_0_marathon","","","","test_create_product_brand_invalid_payload[params5-400-partner]",""
"passed","Sun Dec 07 01:03:50 UTC 2025","Sun Dec 07 01:03:50 UTC 2025","153","tests.cart","test_20_cart_share","","","","test_cart_share_success[partner]","Позитив: успешное создание ссылки на корзину."
"passed","Sun Dec 07 01:19:23 UTC 2025","Sun Dec 07 01:19:23 UTC 2025","128","tests.delivery","test_get_europost_offices","","","","test_get_europost_offices_missing_city_id_should_fail[admin]",""
"passed","Sun Dec 07 00:49:29 UTC 2025","Sun Dec 07 00:49:30 UTC 2025","949","tests.admin_panel.slides","test_59_update_slide","","","","test_update_slide_invalid_payload[payload12-400]","Негативный тест: обновление слайда с невалидным или неполным телом запроса."
"skipped","Sun Dec 07 01:39:03 UTC 2025","Sun Dec 07 01:39:05 UTC 2025","1453","tests.tickets","test_12_delete_message","","","","test_delete_ticket_message_after_closure","Негативный тест: попытка удалить сообщение после закрытия тикета"
"passed","Sun Dec 07 00:21:32 UTC 2025","Sun Dec 07 00:21:33 UTC 2025","559","tests.PROJECT_EDUCATION.test_system","test_03_user_answers","","","","test_user_answers_invalid_id[None]","Негативный тест: запуск теста с невалидным ID"
"passed","Sun Dec 07 00:51:12 UTC 2025","Sun Dec 07 00:51:14 UTC 2025","2066","tests.admin_panel.slides","test_61_upload_slides_images","","","","test_upload_slide_images_file_too_large[5.3-fields_to_send7-400]","Негативный тест: загрузка слишком большого изображения."
"passed","Sun Dec 07 01:04:15 UTC 2025","Sun Dec 07 01:04:20 UTC 2025","4712","tests.cart","test_22_cart_fill_advanced_cost","","","","test_fill_advanced_cost_without_city_returns_400[client]","
    Негатив: в корзине есть товар, но не задан город — бэк даёт 400 (City is empty).
    "
"passed","Sun Dec 07 00:52:11 UTC 2025","Sun Dec 07 00:52:11 UTC 2025","128","tests.admin_panel.slides","test_62_slides_update_video_url","","","","test_update_video_url_forbidden[partner]","Негативный тест: не-админ не может обновить ссылку на мастер-файл"
"passed","Sun Dec 07 01:21:25 UTC 2025","Sun Dec 07 01:21:26 UTC 2025","158","tests.delivery","test_self_pickup_offices","","","","test_self_pickup_offices_success_basic[client]","
    Позитив: успешное получение списка офисов по city_id.
    Допускается пустой список (если в городе нет офисов).
    "
"passed","Sun Dec 07 00:23:09 UTC 2025","Sun Dec 07 00:23:09 UTC 2025","134","tests.account","test_0_funds_transfer_withdrawal_info","","","","test_get_withdrawal_info_positive[partner-200]","Позитивные тесты на получение информации о выводе средств"
"skipped","Sun Dec 07 01:38:01 UTC 2025","Sun Dec 07 01:38:02 UTC 2025","585","tests.tickets","test_09_get_ticket_messages","","","","test_get_ticket_messages_invalid_id_format[-1]","Негативный тест: запрос с некорректным ID (строка, спецсимволы, пустое значение)"
"passed","Sun Dec 07 00:52:25 UTC 2025","Sun Dec 07 00:52:26 UTC 2025","142","tests.auth","test_02_login","","","","test_admin_login[admin-Admin-1c1c1c1c-200]",""
"passed","Sun Dec 07 01:05:16 UTC 2025","Sun Dec 07 01:05:17 UTC 2025","789","tests.catalog","test_create_admin_product","","","","test_create_product_invalid_payload[payload3-400]",""
"skipped","Sun Dec 07 00:56:25 UTC 2025","Sun Dec 07 00:56:26 UTC 2025","410","tests.cart","test_08_cart_delete","","","","test_delete_cart_item_invalid_payload[client-payload1]","Негатив: невалидный payload при удалении позиции."
"skipped","Sun Dec 07 00:23:00 UTC 2025","Sun Dec 07 00:23:01 UTC 2025","410","tests.PROJECT_FUND.initiatives","test_get_reports","","","","test_get_reports_invalid_query_params[query3-https://dev.ewahelps.com/api]","Негативный тест: запрос с некорректными query-параметрами"
"passed","Sun Dec 07 00:45:18 UTC 2025","Sun Dec 07 00:45:18 UTC 2025","550","tests.admin_panel.sliders","test_53_get_sliders_by_id","","","","test_get_sliders_invalid_id[0]","Негативный тест: получение слайдера по невалидному ID"
"skipped","Sun Dec 07 01:05:29 UTC 2025","Sun Dec 07 01:05:29 UTC 2025","0","tests.catalog","test_create_admin_product","","","","test_create_product_duplicate_slug[uz]",""
"passed","Sun Dec 07 01:15:09 UTC 2025","Sun Dec 07 01:15:09 UTC 2025","129","tests.delivery","test_02_get_delivery_address","","","","test_get_delivery_addresses_invalid_pagination[invalid_pagination1-admin]","Негатив: некорректные параметры пагинации"
"passed","Sun Dec 07 01:09:07 UTC 2025","Sun Dec 07 01:09:07 UTC 2025","127","tests.catalog","test_get_recommended_products","","","","test_get_recommended_products_wrong_method[delete-admin]","
    Негативный тест: отправка неверного HTTP-метода на ручку GET
    "
"passed","Sun Dec 07 00:39:09 UTC 2025","Sun Dec 07 00:39:09 UTC 2025","571","tests.admin_panel.products","test_42_update_product_brand","","","","test_update_product_brand_invalid_id[-1]","Негативный тест: несуществующий или некорректный ID."
"passed","Sun Dec 07 00:31:27 UTC 2025","Sun Dec 07 00:31:27 UTC 2025","576","tests.admin_panel.categories","test_79_get_category_translation","","","","test_get_category_translation_invalid_id[0]",""
"passed","Sun Dec 07 01:05:45 UTC 2025","Sun Dec 07 01:05:49 UTC 2025","4085","tests.catalog","test_create_admin_product_translation","","","","test_create_admin_product_translation_success[de]","Создание и обновление перевода продукта на разных языках."
"passed","Sun Dec 07 00:52:44 UTC 2025","Sun Dec 07 00:52:45 UTC 2025","148","tests.auth","test_03_token_auth","","","","test_auth_by_valid_token[client]","Тест успешной авторизации по валидному токену"
"passed","Sun Dec 07 01:30:02 UTC 2025","Sun Dec 07 01:30:03 UTC 2025","625","tests.tickets","test_02_get_ticket_by_id","","","","test_get_ticket_invalid_id[0]","Негативный тест: передан некорректный ID."
"passed","Sun Dec 07 01:25:44 UTC 2025","Sun Dec 07 01:25:44 UTC 2025","137","tests.orders","test_create_order_by_delivery_address","","","","test_create_order_invalid_data[invalid_payload1-client]","Негативные тесты: создание заказа с некорректными данными"
"passed","Sun Dec 07 00:29:32 UTC 2025","Sun Dec 07 00:29:33 UTC 2025","1323","tests.admin_panel.categories","test_47_get_categories_by_id","","","","test_get_categories_by_id_forbidden[client]","Негативный тест: получение категории по ID не-админом."
"skipped","Sun Dec 07 00:56:42 UTC 2025","Sun Dec 07 00:56:42 UTC 2025","129","tests.cart","test_09_cart_save_region","","","","test_save_region_invalid_payload[partner-payload0]","Негатив: невалидный payload."
"passed","Sun Dec 07 00:49:56 UTC 2025","Sun Dec 07 00:49:56 UTC 2025","485","tests.admin_panel.slides","test_60_delete_slides","","","","test_delete_slide_unauthorized","Негативный тест: попытка удаления слайда без авторизации."
"passed","Sun Dec 07 00:41:26 UTC 2025","Sun Dec 07 00:41:27 UTC 2025","548","tests.admin_panel.promo","test_72_create_promotion","","","","test_create_promotion_invalid_data[payload11-422]","Негативные тесты: невалидные данные"
"passed","Sun Dec 07 00:30:52 UTC 2025","Sun Dec 07 00:30:53 UTC 2025","871","tests.admin_panel.categories","test_57_v2_update_category","","","","test_v2_update_category_invalid_payload[payload0-expected_code0]","Негативный тест: обновление категории с невалидным или неполным телом запроса."
"skipped","Sun Dec 07 00:25:54 UTC 2025","Sun Dec 07 00:25:54 UTC 2025","0","tests.account","test_update","","","","test_update_account_positive[admin-payload0]","Позитивные тесты на обновление данных аккаунта"
"passed","Sun Dec 07 00:52:30 UTC 2025","Sun Dec 07 00:52:30 UTC 2025","129","tests.auth","test_02_login","","","","test_admin_login[admin--123123-400]",""
"passed","Sun Dec 07 01:28:48 UTC 2025","Sun Dec 07 01:28:48 UTC 2025","128","tests.stock","test_get_stock_by_id","","","","test_get_stock_by_invalid_id[1.5-admin]","Невалидные значения ID склада"
"passed","Sun Dec 07 00:23:20 UTC 2025","Sun Dec 07 00:23:20 UTC 2025","131","tests.account","test_0_profile","","","","test_get_profile_positive[admin]","Позитивные тесты на получение данных пользовательского аккаунта"
"skipped","Sun Dec 07 00:24:02 UTC 2025","Sun Dec 07 00:24:02 UTC 2025","0","tests.account","test_account_branded_wallet_get","","","","test_get_missing_params_returns_200[partner]","
    Негатив: отсутствуют month/year → 200(берем теуще)
    "
"skipped","Sun Dec 07 01:29:16 UTC 2025","Sun Dec 07 01:29:16 UTC 2025","0","tests.tickets","test_01_get_tickets","","","","test_get_tickets_success[filter1-sort1-search0-pagination0-client]","Позитивный тест: получение списка тикетов с разными комбинациями параметров"
"passed","Sun Dec 07 01:02:29 UTC 2025","Sun Dec 07 01:02:32 UTC 2025","3781","tests.cart","test_12_cart_estimate_delivery","","","","test_estimate_delivery_success[partner-five_post_pickup-payload15]","
    Позитив: корзина с товаром, выбор способа доставки и расчёт стоимости для разных служб
    "
"skipped","Sun Dec 07 01:28:22 UTC 2025","Sun Dec 07 01:28:22 UTC 2025","0","tests.stock","test_create_stock","","","","test_create_stock_with_empty_string_log_if_not_200[address.building]",""
"passed","Sun Dec 07 00:45:31 UTC 2025","Sun Dec 07 00:45:32 UTC 2025","1146","tests.admin_panel.sliders","test_54_update_slider","","","","test_update_slider_unique_name_should_fail_if_not_unique","Негативный тест: попытка обновить unique_name слайдера на уже существующий."
"skipped","Sun Dec 07 00:25:33 UTC 2025","Sun Dec 07 00:25:33 UTC 2025","0","tests.account","test_history_personal_volumes","","","","test_get_personal_volumes_history_positive[partner-payload0]","Позитивные тесты на получение истории начисления личных объемов"
"skipped","Sun Dec 07 00:25:41 UTC 2025","Sun Dec 07 00:25:42 UTC 2025","548","tests.account","test_post_downgrade_user","","","","test_downgrade_user_changes_grade_to_client_negative[admin]","
    Негатив: пытаемся понизить активного партнёра → 400 (ожидаем после фикса).
    "
"passed","Sun Dec 07 00:21:16 UTC 2025","Sun Dec 07 00:21:17 UTC 2025","630","tests.PROJECT_EDUCATION.test_system","test_02_get_question","","","","test_get_question_invalid_id[-1]",""
"skipped","Sun Dec 07 01:12:25 UTC 2025","Sun Dec 07 01:12:25 UTC 2025","0","tests.chat_support","test_03_support_chat_ticket_post","","","","test_ticket_ignores_bot_messages[client]","
    Позитивный: при создании тикета ни одно бот-сообщение не должно получить ticket_id тикета.
    "
"skipped","Sun Dec 07 01:25:49 UTC 2025","Sun Dec 07 01:25:49 UTC 2025","127","tests.orders","test_group_order_change_country","","","","test_change_country_invalid_data[invalid_payload0-client]","Негативные тесты: передача некорректных данных"
"skipped","Sun Dec 07 01:03:10 UTC 2025","Sun Dec 07 01:03:10 UTC 2025","129","tests.cart","test_14_cart_update_personal_data","","","","test_update_personal_data_invalid_payload[partner-payload1]","
    Негатив: отсутствующие обязательные поля или невалидные значения
    "
"passed","Sun Dec 07 00:53:38 UTC 2025","Sun Dec 07 00:53:39 UTC 2025","868","tests.cart","test_01_user_locale","","","","test_update_user_locale_valid_payload_1[partner-payload2]","
    Позитивный тест: Обновление языка/склада/локали авторизованным пользователем"
"passed","Sun Dec 07 01:16:25 UTC 2025","Sun Dec 07 01:16:25 UTC 2025","128","tests.delivery","test_get_boxberry_offices","","","","test_get_boxberry_offices_invalid_city_id_should_fail[abc-admin]",""
"passed","Sun Dec 07 01:11:20 UTC 2025","Sun Dec 07 01:11:24 UTC 2025","3809","tests.catalog","test_update_admin_product","","","","test_update_admin_product_invalid_payload[update_payload2-400]",""
"skipped","Sun Dec 07 01:12:25 UTC 2025","Sun Dec 07 01:12:25 UTC 2025","0","tests.chat_support","test_02_support_chat_messages_get","","","","test_get_messages_invalid_pagination[page_size=abc-client]","Негативный: невалидные параметры пагинации"
"skipped","Sun Dec 07 00:25:33 UTC 2025","Sun Dec 07 00:25:33 UTC 2025","0","tests.account","test_history_admin","","","","test_get_admin_history_positive[admin-payload0]","Позитивные тесты на получение истории бонусов для админа"
"passed","Sun Dec 07 00:49:02 UTC 2025","Sun Dec 07 00:49:03 UTC 2025","917","tests.admin_panel.slides","test_59_update_slide","","","","test_update_slide_invalid_payload[payload2-expected_code2]","Негативный тест: обновление слайда с невалидным или неполным телом запроса."
"skipped","Sun Dec 07 00:55:47 UTC 2025","Sun Dec 07 00:55:47 UTC 2025","367","tests.cart","test_06_cart_update","","","","test_update_cart_item_invalid_payload[client-payload2]","Негатив: невалидный payload."
"skipped","Sun Dec 07 01:22:06 UTC 2025","Sun Dec 07 01:22:07 UTC 2025","558","tests.fund","test_get_top_donors","","","","test_get_top_donors_success[page,size-https://dev.ewahelps.com/api]",""
"passed","Sun Dec 07 00:30:49 UTC 2025","Sun Dec 07 00:30:50 UTC 2025","618","tests.admin_panel.categories","test_57_v2_update_category","","","","test_v2_update_category_invalid_id[abc]","Негативный тест: несуществующий или некорректный ID."
"passed","Sun Dec 07 00:54:12 UTC 2025","Sun Dec 07 00:54:12 UTC 2025","129","tests.cart","test_01_user_locale","","","","test_update_user_locale_invalid_payload[partner-payload2-400]","Негативный тест: обновление локали с невалидным payload."
"passed","Sun Dec 07 00:57:42 UTC 2025","Sun Dec 07 00:57:43 UTC 2025","538","tests.cart","test_11_cart_save_delivery_method","","","","test_save_delivery_method_success[client-MongPost]","
    Позитив: сохранение способа доставки для всех значений без корзины
    "
"passed","Sun Dec 07 00:38:12 UTC 2025","Sun Dec 07 00:38:12 UTC 2025","401","tests.admin_panel.products","test_40_create_product_brand","","","","test_create_product_brand_unauthorized","Негативный тест: создание бренда без авторизации."
"passed","Sun Dec 07 01:09:44 UTC 2025","Sun Dec 07 01:09:44 UTC 2025","817","tests.catalog","test_products_list","","","","test_get_products_list_with_country_id[1-client]","
    Позитивный: список товаров с фильтром по country_id
    "
"passed","Sun Dec 07 00:44:06 UTC 2025","Sun Dec 07 00:44:07 UTC 2025","1434","tests.admin_panel.promo","test_77_create_promotion_item","","","","test_update_promotion_item_success","Позитивный тест: успешное обновление элемента акции"
"passed","Sun Dec 07 00:30:25 UTC 2025","Sun Dec 07 00:30:26 UTC 2025","555","tests.admin_panel.categories","test_56_v2_create_category","","","","test_v2_create_category_invalid_payload[payload5-422]","Негативный тест: создание категории с невалидным телом запроса."
